[2026-05-18T06:00:09.758+0000] {processor.py:186} INFO - Started process (PID=6812) to work on /home/noelsdavid/airflow_venv/lib/python3.12/site-packages/airflow/example_dags/plugins/workday.py
[2026-05-18T06:00:09.759+0000] {processor.py:914} INFO - Processing file /home/noelsdavid/airflow_venv/lib/python3.12/site-packages/airflow/example_dags/plugins/workday.py for tasks to queue
[2026-05-18T06:00:09.762+0000] {logging_mixin.py:190} INFO - [2026-05-18T06:00:09.761+0000] {dagbag.py:588} INFO - Filling up the DagBag from /home/noelsdavid/airflow_venv/lib/python3.12/site-packages/airflow/example_dags/plugins/workday.py
[2026-05-18T06:00:09.766+0000] {logging_mixin.py:190} INFO - [2026-05-18T06:00:09.766+0000] {workday.py:41} WARNING - Could not import pandas. Holidays will not be considered.
[2026-05-18T06:00:09.767+0000] {processor.py:927} WARNING - No viable dags retrieved from /home/noelsdavid/airflow_venv/lib/python3.12/site-packages/airflow/example_dags/plugins/workday.py
[2026-05-18T06:00:09.783+0000] {processor.py:208} INFO - Processing /home/noelsdavid/airflow_venv/lib/python3.12/site-packages/airflow/example_dags/plugins/workday.py took 0.033 seconds
[2026-05-18T06:01:20.984+0000] {processor.py:186} INFO - Started process (PID=6951) to work on /home/noelsdavid/airflow_venv/lib/python3.12/site-packages/airflow/example_dags/plugins/workday.py
[2026-05-18T06:01:20.987+0000] {processor.py:914} INFO - Processing file /home/noelsdavid/airflow_venv/lib/python3.12/site-packages/airflow/example_dags/plugins/workday.py for tasks to queue
[2026-05-18T06:01:20.990+0000] {logging_mixin.py:190} INFO - [2026-05-18T06:01:20.989+0000] {dagbag.py:588} INFO - Filling up the DagBag from /home/noelsdavid/airflow_venv/lib/python3.12/site-packages/airflow/example_dags/plugins/workday.py
[2026-05-18T06:01:20.994+0000] {logging_mixin.py:190} INFO - [2026-05-18T06:01:20.993+0000] {workday.py:41} WARNING - Could not import pandas. Holidays will not be considered.
[2026-05-18T06:01:20.994+0000] {processor.py:927} WARNING - No viable dags retrieved from /home/noelsdavid/airflow_venv/lib/python3.12/site-packages/airflow/example_dags/plugins/workday.py
[2026-05-18T06:01:21.009+0000] {processor.py:208} INFO - Processing /home/noelsdavid/airflow_venv/lib/python3.12/site-packages/airflow/example_dags/plugins/workday.py took 0.032 seconds
[2026-05-18T06:01:56.863+0000] {processor.py:186} INFO - Started process (PID=6986) to work on /home/noelsdavid/airflow_venv/lib/python3.12/site-packages/airflow/example_dags/plugins/workday.py
[2026-05-18T06:01:56.865+0000] {processor.py:914} INFO - Processing file /home/noelsdavid/airflow_venv/lib/python3.12/site-packages/airflow/example_dags/plugins/workday.py for tasks to queue
[2026-05-18T06:01:56.868+0000] {logging_mixin.py:190} INFO - [2026-05-18T06:01:56.867+0000] {dagbag.py:588} INFO - Filling up the DagBag from /home/noelsdavid/airflow_venv/lib/python3.12/site-packages/airflow/example_dags/plugins/workday.py
[2026-05-18T06:01:56.872+0000] {logging_mixin.py:190} INFO - [2026-05-18T06:01:56.872+0000] {workday.py:41} WARNING - Could not import pandas. Holidays will not be considered.
[2026-05-18T06:01:56.872+0000] {processor.py:927} WARNING - No viable dags retrieved from /home/noelsdavid/airflow_venv/lib/python3.12/site-packages/airflow/example_dags/plugins/workday.py
[2026-05-18T06:01:56.886+0000] {processor.py:208} INFO - Processing /home/noelsdavid/airflow_venv/lib/python3.12/site-packages/airflow/example_dags/plugins/workday.py took 0.030 seconds
[2026-05-18T06:02:55.633+0000] {processor.py:186} INFO - Started process (PID=7045) to work on /home/noelsdavid/airflow_venv/lib/python3.12/site-packages/airflow/example_dags/plugins/workday.py
[2026-05-18T06:02:55.635+0000] {processor.py:914} INFO - Processing file /home/noelsdavid/airflow_venv/lib/python3.12/site-packages/airflow/example_dags/plugins/workday.py for tasks to queue
[2026-05-18T06:02:55.638+0000] {logging_mixin.py:190} INFO - [2026-05-18T06:02:55.638+0000] {dagbag.py:588} INFO - Filling up the DagBag from /home/noelsdavid/airflow_venv/lib/python3.12/site-packages/airflow/example_dags/plugins/workday.py
[2026-05-18T06:02:55.642+0000] {logging_mixin.py:190} INFO - [2026-05-18T06:02:55.642+0000] {workday.py:41} WARNING - Could not import pandas. Holidays will not be considered.
[2026-05-18T06:02:55.642+0000] {processor.py:927} WARNING - No viable dags retrieved from /home/noelsdavid/airflow_venv/lib/python3.12/site-packages/airflow/example_dags/plugins/workday.py
[2026-05-18T06:02:55.656+0000] {processor.py:208} INFO - Processing /home/noelsdavid/airflow_venv/lib/python3.12/site-packages/airflow/example_dags/plugins/workday.py took 0.031 seconds
[2026-05-18T06:03:56.732+0000] {processor.py:186} INFO - Started process (PID=7105) to work on /home/noelsdavid/airflow_venv/lib/python3.12/site-packages/airflow/example_dags/plugins/workday.py
[2026-05-18T06:03:56.734+0000] {processor.py:914} INFO - Processing file /home/noelsdavid/airflow_venv/lib/python3.12/site-packages/airflow/example_dags/plugins/workday.py for tasks to queue
[2026-05-18T06:03:56.738+0000] {logging_mixin.py:190} INFO - [2026-05-18T06:03:56.737+0000] {dagbag.py:588} INFO - Filling up the DagBag from /home/noelsdavid/airflow_venv/lib/python3.12/site-packages/airflow/example_dags/plugins/workday.py
[2026-05-18T06:03:56.742+0000] {logging_mixin.py:190} INFO - [2026-05-18T06:03:56.742+0000] {workday.py:41} WARNING - Could not import pandas. Holidays will not be considered.
[2026-05-18T06:03:56.742+0000] {processor.py:927} WARNING - No viable dags retrieved from /home/noelsdavid/airflow_venv/lib/python3.12/site-packages/airflow/example_dags/plugins/workday.py
[2026-05-18T06:03:56.758+0000] {processor.py:208} INFO - Processing /home/noelsdavid/airflow_venv/lib/python3.12/site-packages/airflow/example_dags/plugins/workday.py took 0.034 seconds
[2026-05-18T06:04:57.390+0000] {processor.py:186} INFO - Started process (PID=7165) to work on /home/noelsdavid/airflow_venv/lib/python3.12/site-packages/airflow/example_dags/plugins/workday.py
[2026-05-18T06:04:57.392+0000] {processor.py:914} INFO - Processing file /home/noelsdavid/airflow_venv/lib/python3.12/site-packages/airflow/example_dags/plugins/workday.py for tasks to queue
[2026-05-18T06:04:57.395+0000] {logging_mixin.py:190} INFO - [2026-05-18T06:04:57.395+0000] {dagbag.py:588} INFO - Filling up the DagBag from /home/noelsdavid/airflow_venv/lib/python3.12/site-packages/airflow/example_dags/plugins/workday.py
[2026-05-18T06:04:57.400+0000] {logging_mixin.py:190} INFO - [2026-05-18T06:04:57.399+0000] {workday.py:41} WARNING - Could not import pandas. Holidays will not be considered.
[2026-05-18T06:04:57.400+0000] {processor.py:927} WARNING - No viable dags retrieved from /home/noelsdavid/airflow_venv/lib/python3.12/site-packages/airflow/example_dags/plugins/workday.py
[2026-05-18T06:04:57.416+0000] {processor.py:208} INFO - Processing /home/noelsdavid/airflow_venv/lib/python3.12/site-packages/airflow/example_dags/plugins/workday.py took 0.033 seconds
[2026-05-18T06:05:32.794+0000] {processor.py:186} INFO - Started process (PID=7221) to work on /home/noelsdavid/airflow_venv/lib/python3.12/site-packages/airflow/example_dags/plugins/workday.py
[2026-05-18T06:05:32.796+0000] {processor.py:914} INFO - Processing file /home/noelsdavid/airflow_venv/lib/python3.12/site-packages/airflow/example_dags/plugins/workday.py for tasks to queue
[2026-05-18T06:05:32.800+0000] {logging_mixin.py:190} INFO - [2026-05-18T06:05:32.799+0000] {dagbag.py:588} INFO - Filling up the DagBag from /home/noelsdavid/airflow_venv/lib/python3.12/site-packages/airflow/example_dags/plugins/workday.py
[2026-05-18T06:05:32.803+0000] {logging_mixin.py:190} INFO - [2026-05-18T06:05:32.803+0000] {workday.py:41} WARNING - Could not import pandas. Holidays will not be considered.
[2026-05-18T06:05:32.804+0000] {processor.py:927} WARNING - No viable dags retrieved from /home/noelsdavid/airflow_venv/lib/python3.12/site-packages/airflow/example_dags/plugins/workday.py
[2026-05-18T06:05:32.820+0000] {processor.py:208} INFO - Processing /home/noelsdavid/airflow_venv/lib/python3.12/site-packages/airflow/example_dags/plugins/workday.py took 0.034 seconds
[2026-05-18T06:06:09.956+0000] {processor.py:186} INFO - Started process (PID=7256) to work on /home/noelsdavid/airflow_venv/lib/python3.12/site-packages/airflow/example_dags/plugins/workday.py
[2026-05-18T06:06:09.958+0000] {processor.py:914} INFO - Processing file /home/noelsdavid/airflow_venv/lib/python3.12/site-packages/airflow/example_dags/plugins/workday.py for tasks to queue
[2026-05-18T06:06:09.961+0000] {logging_mixin.py:190} INFO - [2026-05-18T06:06:09.961+0000] {dagbag.py:588} INFO - Filling up the DagBag from /home/noelsdavid/airflow_venv/lib/python3.12/site-packages/airflow/example_dags/plugins/workday.py
[2026-05-18T06:06:09.965+0000] {logging_mixin.py:190} INFO - [2026-05-18T06:06:09.965+0000] {workday.py:41} WARNING - Could not import pandas. Holidays will not be considered.
[2026-05-18T06:06:09.966+0000] {processor.py:927} WARNING - No viable dags retrieved from /home/noelsdavid/airflow_venv/lib/python3.12/site-packages/airflow/example_dags/plugins/workday.py
[2026-05-18T06:06:09.983+0000] {processor.py:208} INFO - Processing /home/noelsdavid/airflow_venv/lib/python3.12/site-packages/airflow/example_dags/plugins/workday.py took 0.036 seconds
[2026-05-18T06:06:41.308+0000] {processor.py:186} INFO - Started process (PID=7287) to work on /home/noelsdavid/airflow_venv/lib/python3.12/site-packages/airflow/example_dags/plugins/workday.py
[2026-05-18T06:06:41.311+0000] {processor.py:914} INFO - Processing file /home/noelsdavid/airflow_venv/lib/python3.12/site-packages/airflow/example_dags/plugins/workday.py for tasks to queue
[2026-05-18T06:06:41.314+0000] {logging_mixin.py:190} INFO - [2026-05-18T06:06:41.313+0000] {dagbag.py:588} INFO - Filling up the DagBag from /home/noelsdavid/airflow_venv/lib/python3.12/site-packages/airflow/example_dags/plugins/workday.py
[2026-05-18T06:06:41.318+0000] {logging_mixin.py:190} INFO - [2026-05-18T06:06:41.318+0000] {workday.py:41} WARNING - Could not import pandas. Holidays will not be considered.
[2026-05-18T06:06:41.319+0000] {processor.py:927} WARNING - No viable dags retrieved from /home/noelsdavid/airflow_venv/lib/python3.12/site-packages/airflow/example_dags/plugins/workday.py
[2026-05-18T06:06:41.335+0000] {processor.py:208} INFO - Processing /home/noelsdavid/airflow_venv/lib/python3.12/site-packages/airflow/example_dags/plugins/workday.py took 0.034 seconds
[2026-05-18T06:07:37.446+0000] {processor.py:186} INFO - Started process (PID=7345) to work on /home/noelsdavid/airflow_venv/lib/python3.12/site-packages/airflow/example_dags/plugins/workday.py
[2026-05-18T06:07:37.457+0000] {processor.py:914} INFO - Processing file /home/noelsdavid/airflow_venv/lib/python3.12/site-packages/airflow/example_dags/plugins/workday.py for tasks to queue
[2026-05-18T06:07:37.461+0000] {logging_mixin.py:190} INFO - [2026-05-18T06:07:37.460+0000] {dagbag.py:588} INFO - Filling up the DagBag from /home/noelsdavid/airflow_venv/lib/python3.12/site-packages/airflow/example_dags/plugins/workday.py
[2026-05-18T06:07:37.465+0000] {logging_mixin.py:190} INFO - [2026-05-18T06:07:37.465+0000] {workday.py:41} WARNING - Could not import pandas. Holidays will not be considered.
[2026-05-18T06:07:37.466+0000] {processor.py:927} WARNING - No viable dags retrieved from /home/noelsdavid/airflow_venv/lib/python3.12/site-packages/airflow/example_dags/plugins/workday.py
[2026-05-18T06:07:37.482+0000] {processor.py:208} INFO - Processing /home/noelsdavid/airflow_venv/lib/python3.12/site-packages/airflow/example_dags/plugins/workday.py took 0.044 seconds
[2026-05-18T06:08:41.337+0000] {processor.py:186} INFO - Started process (PID=7402) to work on /home/noelsdavid/airflow_venv/lib/python3.12/site-packages/airflow/example_dags/plugins/workday.py
[2026-05-18T06:08:41.348+0000] {processor.py:914} INFO - Processing file /home/noelsdavid/airflow_venv/lib/python3.12/site-packages/airflow/example_dags/plugins/workday.py for tasks to queue
[2026-05-18T06:08:41.352+0000] {logging_mixin.py:190} INFO - [2026-05-18T06:08:41.351+0000] {dagbag.py:588} INFO - Filling up the DagBag from /home/noelsdavid/airflow_venv/lib/python3.12/site-packages/airflow/example_dags/plugins/workday.py
[2026-05-18T06:08:41.356+0000] {logging_mixin.py:190} INFO - [2026-05-18T06:08:41.355+0000] {workday.py:41} WARNING - Could not import pandas. Holidays will not be considered.
[2026-05-18T06:08:41.356+0000] {processor.py:927} WARNING - No viable dags retrieved from /home/noelsdavid/airflow_venv/lib/python3.12/site-packages/airflow/example_dags/plugins/workday.py
[2026-05-18T06:08:41.372+0000] {processor.py:208} INFO - Processing /home/noelsdavid/airflow_venv/lib/python3.12/site-packages/airflow/example_dags/plugins/workday.py took 0.043 seconds
[2026-05-18T06:09:13.062+0000] {processor.py:186} INFO - Started process (PID=7435) to work on /home/noelsdavid/airflow_venv/lib/python3.12/site-packages/airflow/example_dags/plugins/workday.py
[2026-05-18T06:09:13.063+0000] {processor.py:914} INFO - Processing file /home/noelsdavid/airflow_venv/lib/python3.12/site-packages/airflow/example_dags/plugins/workday.py for tasks to queue
[2026-05-18T06:09:13.066+0000] {logging_mixin.py:190} INFO - [2026-05-18T06:09:13.066+0000] {dagbag.py:588} INFO - Filling up the DagBag from /home/noelsdavid/airflow_venv/lib/python3.12/site-packages/airflow/example_dags/plugins/workday.py
[2026-05-18T06:09:13.070+0000] {logging_mixin.py:190} INFO - [2026-05-18T06:09:13.070+0000] {workday.py:41} WARNING - Could not import pandas. Holidays will not be considered.
[2026-05-18T06:09:13.071+0000] {processor.py:927} WARNING - No viable dags retrieved from /home/noelsdavid/airflow_venv/lib/python3.12/site-packages/airflow/example_dags/plugins/workday.py
[2026-05-18T06:09:13.087+0000] {processor.py:208} INFO - Processing /home/noelsdavid/airflow_venv/lib/python3.12/site-packages/airflow/example_dags/plugins/workday.py took 0.033 seconds
[2026-05-18T06:09:44.204+0000] {processor.py:186} INFO - Started process (PID=7464) to work on /home/noelsdavid/airflow_venv/lib/python3.12/site-packages/airflow/example_dags/plugins/workday.py
[2026-05-18T06:09:44.206+0000] {processor.py:914} INFO - Processing file /home/noelsdavid/airflow_venv/lib/python3.12/site-packages/airflow/example_dags/plugins/workday.py for tasks to queue
[2026-05-18T06:09:44.210+0000] {logging_mixin.py:190} INFO - [2026-05-18T06:09:44.209+0000] {dagbag.py:588} INFO - Filling up the DagBag from /home/noelsdavid/airflow_venv/lib/python3.12/site-packages/airflow/example_dags/plugins/workday.py
[2026-05-18T06:09:44.214+0000] {logging_mixin.py:190} INFO - [2026-05-18T06:09:44.214+0000] {workday.py:41} WARNING - Could not import pandas. Holidays will not be considered.
[2026-05-18T06:09:44.215+0000] {processor.py:927} WARNING - No viable dags retrieved from /home/noelsdavid/airflow_venv/lib/python3.12/site-packages/airflow/example_dags/plugins/workday.py
[2026-05-18T06:09:44.230+0000] {processor.py:208} INFO - Processing /home/noelsdavid/airflow_venv/lib/python3.12/site-packages/airflow/example_dags/plugins/workday.py took 0.034 seconds
[2026-05-18T06:10:15.726+0000] {processor.py:186} INFO - Started process (PID=7520) to work on /home/noelsdavid/airflow_venv/lib/python3.12/site-packages/airflow/example_dags/plugins/workday.py
[2026-05-18T06:10:15.727+0000] {processor.py:914} INFO - Processing file /home/noelsdavid/airflow_venv/lib/python3.12/site-packages/airflow/example_dags/plugins/workday.py for tasks to queue
[2026-05-18T06:10:15.730+0000] {logging_mixin.py:190} INFO - [2026-05-18T06:10:15.730+0000] {dagbag.py:588} INFO - Filling up the DagBag from /home/noelsdavid/airflow_venv/lib/python3.12/site-packages/airflow/example_dags/plugins/workday.py
[2026-05-18T06:10:15.735+0000] {logging_mixin.py:190} INFO - [2026-05-18T06:10:15.734+0000] {workday.py:41} WARNING - Could not import pandas. Holidays will not be considered.
[2026-05-18T06:10:15.735+0000] {processor.py:927} WARNING - No viable dags retrieved from /home/noelsdavid/airflow_venv/lib/python3.12/site-packages/airflow/example_dags/plugins/workday.py
[2026-05-18T06:10:15.751+0000] {processor.py:208} INFO - Processing /home/noelsdavid/airflow_venv/lib/python3.12/site-packages/airflow/example_dags/plugins/workday.py took 0.033 seconds
[2026-05-18T06:11:15.540+0000] {processor.py:186} INFO - Started process (PID=7577) to work on /home/noelsdavid/airflow_venv/lib/python3.12/site-packages/airflow/example_dags/plugins/workday.py
[2026-05-18T06:11:15.543+0000] {processor.py:914} INFO - Processing file /home/noelsdavid/airflow_venv/lib/python3.12/site-packages/airflow/example_dags/plugins/workday.py for tasks to queue
[2026-05-18T06:11:15.546+0000] {logging_mixin.py:190} INFO - [2026-05-18T06:11:15.545+0000] {dagbag.py:588} INFO - Filling up the DagBag from /home/noelsdavid/airflow_venv/lib/python3.12/site-packages/airflow/example_dags/plugins/workday.py
[2026-05-18T06:11:15.550+0000] {logging_mixin.py:190} INFO - [2026-05-18T06:11:15.550+0000] {workday.py:41} WARNING - Could not import pandas. Holidays will not be considered.
[2026-05-18T06:11:15.550+0000] {processor.py:927} WARNING - No viable dags retrieved from /home/noelsdavid/airflow_venv/lib/python3.12/site-packages/airflow/example_dags/plugins/workday.py
[2026-05-18T06:11:15.566+0000] {processor.py:208} INFO - Processing /home/noelsdavid/airflow_venv/lib/python3.12/site-packages/airflow/example_dags/plugins/workday.py took 0.034 seconds
[2026-05-18T06:12:14.527+0000] {processor.py:186} INFO - Started process (PID=7636) to work on /home/noelsdavid/airflow_venv/lib/python3.12/site-packages/airflow/example_dags/plugins/workday.py
[2026-05-18T06:12:14.530+0000] {processor.py:914} INFO - Processing file /home/noelsdavid/airflow_venv/lib/python3.12/site-packages/airflow/example_dags/plugins/workday.py for tasks to queue
[2026-05-18T06:12:14.533+0000] {logging_mixin.py:190} INFO - [2026-05-18T06:12:14.532+0000] {dagbag.py:588} INFO - Filling up the DagBag from /home/noelsdavid/airflow_venv/lib/python3.12/site-packages/airflow/example_dags/plugins/workday.py
[2026-05-18T06:12:14.537+0000] {logging_mixin.py:190} INFO - [2026-05-18T06:12:14.537+0000] {workday.py:41} WARNING - Could not import pandas. Holidays will not be considered.
[2026-05-18T06:12:14.538+0000] {processor.py:927} WARNING - No viable dags retrieved from /home/noelsdavid/airflow_venv/lib/python3.12/site-packages/airflow/example_dags/plugins/workday.py
[2026-05-18T06:12:14.554+0000] {processor.py:208} INFO - Processing /home/noelsdavid/airflow_venv/lib/python3.12/site-packages/airflow/example_dags/plugins/workday.py took 0.035 seconds
[2026-05-18T06:13:13.160+0000] {processor.py:186} INFO - Started process (PID=7694) to work on /home/noelsdavid/airflow_venv/lib/python3.12/site-packages/airflow/example_dags/plugins/workday.py
[2026-05-18T06:13:13.178+0000] {processor.py:914} INFO - Processing file /home/noelsdavid/airflow_venv/lib/python3.12/site-packages/airflow/example_dags/plugins/workday.py for tasks to queue
[2026-05-18T06:13:13.182+0000] {logging_mixin.py:190} INFO - [2026-05-18T06:13:13.181+0000] {dagbag.py:588} INFO - Filling up the DagBag from /home/noelsdavid/airflow_venv/lib/python3.12/site-packages/airflow/example_dags/plugins/workday.py
[2026-05-18T06:13:13.186+0000] {logging_mixin.py:190} INFO - [2026-05-18T06:13:13.186+0000] {workday.py:41} WARNING - Could not import pandas. Holidays will not be considered.
[2026-05-18T06:13:13.187+0000] {processor.py:927} WARNING - No viable dags retrieved from /home/noelsdavid/airflow_venv/lib/python3.12/site-packages/airflow/example_dags/plugins/workday.py
[2026-05-18T06:13:13.203+0000] {processor.py:208} INFO - Processing /home/noelsdavid/airflow_venv/lib/python3.12/site-packages/airflow/example_dags/plugins/workday.py took 0.051 seconds
[2026-05-18T06:13:46.438+0000] {processor.py:186} INFO - Started process (PID=7724) to work on /home/noelsdavid/airflow_venv/lib/python3.12/site-packages/airflow/example_dags/plugins/workday.py
[2026-05-18T06:13:46.455+0000] {processor.py:914} INFO - Processing file /home/noelsdavid/airflow_venv/lib/python3.12/site-packages/airflow/example_dags/plugins/workday.py for tasks to queue
[2026-05-18T06:13:46.459+0000] {logging_mixin.py:190} INFO - [2026-05-18T06:13:46.458+0000] {dagbag.py:588} INFO - Filling up the DagBag from /home/noelsdavid/airflow_venv/lib/python3.12/site-packages/airflow/example_dags/plugins/workday.py
[2026-05-18T06:13:46.464+0000] {logging_mixin.py:190} INFO - [2026-05-18T06:13:46.464+0000] {workday.py:41} WARNING - Could not import pandas. Holidays will not be considered.
[2026-05-18T06:13:46.465+0000] {processor.py:927} WARNING - No viable dags retrieved from /home/noelsdavid/airflow_venv/lib/python3.12/site-packages/airflow/example_dags/plugins/workday.py
[2026-05-18T06:13:46.482+0000] {processor.py:208} INFO - Processing /home/noelsdavid/airflow_venv/lib/python3.12/site-packages/airflow/example_dags/plugins/workday.py took 0.052 seconds
[2026-05-18T06:14:46.358+0000] {processor.py:186} INFO - Started process (PID=7783) to work on /home/noelsdavid/airflow_venv/lib/python3.12/site-packages/airflow/example_dags/plugins/workday.py
[2026-05-18T06:14:46.374+0000] {processor.py:914} INFO - Processing file /home/noelsdavid/airflow_venv/lib/python3.12/site-packages/airflow/example_dags/plugins/workday.py for tasks to queue
[2026-05-18T06:14:46.378+0000] {logging_mixin.py:190} INFO - [2026-05-18T06:14:46.378+0000] {dagbag.py:588} INFO - Filling up the DagBag from /home/noelsdavid/airflow_venv/lib/python3.12/site-packages/airflow/example_dags/plugins/workday.py
[2026-05-18T06:14:46.382+0000] {logging_mixin.py:190} INFO - [2026-05-18T06:14:46.382+0000] {workday.py:41} WARNING - Could not import pandas. Holidays will not be considered.
[2026-05-18T06:14:46.383+0000] {processor.py:927} WARNING - No viable dags retrieved from /home/noelsdavid/airflow_venv/lib/python3.12/site-packages/airflow/example_dags/plugins/workday.py
[2026-05-18T06:14:46.399+0000] {processor.py:208} INFO - Processing /home/noelsdavid/airflow_venv/lib/python3.12/site-packages/airflow/example_dags/plugins/workday.py took 0.048 seconds
[2026-05-18T06:15:17.845+0000] {processor.py:186} INFO - Started process (PID=7843) to work on /home/noelsdavid/airflow_venv/lib/python3.12/site-packages/airflow/example_dags/plugins/workday.py
[2026-05-18T06:15:17.846+0000] {processor.py:914} INFO - Processing file /home/noelsdavid/airflow_venv/lib/python3.12/site-packages/airflow/example_dags/plugins/workday.py for tasks to queue
[2026-05-18T06:15:17.849+0000] {logging_mixin.py:190} INFO - [2026-05-18T06:15:17.849+0000] {dagbag.py:588} INFO - Filling up the DagBag from /home/noelsdavid/airflow_venv/lib/python3.12/site-packages/airflow/example_dags/plugins/workday.py
[2026-05-18T06:15:17.854+0000] {logging_mixin.py:190} INFO - [2026-05-18T06:15:17.853+0000] {workday.py:41} WARNING - Could not import pandas. Holidays will not be considered.
[2026-05-18T06:15:17.854+0000] {processor.py:927} WARNING - No viable dags retrieved from /home/noelsdavid/airflow_venv/lib/python3.12/site-packages/airflow/example_dags/plugins/workday.py
[2026-05-18T06:15:17.871+0000] {processor.py:208} INFO - Processing /home/noelsdavid/airflow_venv/lib/python3.12/site-packages/airflow/example_dags/plugins/workday.py took 0.035 seconds
[2026-05-18T06:15:50.626+0000] {processor.py:186} INFO - Started process (PID=7996) to work on /home/noelsdavid/airflow_venv/lib/python3.12/site-packages/airflow/example_dags/plugins/workday.py
[2026-05-18T06:15:50.629+0000] {processor.py:914} INFO - Processing file /home/noelsdavid/airflow_venv/lib/python3.12/site-packages/airflow/example_dags/plugins/workday.py for tasks to queue
[2026-05-18T06:15:50.633+0000] {logging_mixin.py:190} INFO - [2026-05-18T06:15:50.632+0000] {dagbag.py:588} INFO - Filling up the DagBag from /home/noelsdavid/airflow_venv/lib/python3.12/site-packages/airflow/example_dags/plugins/workday.py
[2026-05-18T06:15:50.638+0000] {logging_mixin.py:190} INFO - [2026-05-18T06:15:50.638+0000] {workday.py:41} WARNING - Could not import pandas. Holidays will not be considered.
[2026-05-18T06:15:50.639+0000] {processor.py:927} WARNING - No viable dags retrieved from /home/noelsdavid/airflow_venv/lib/python3.12/site-packages/airflow/example_dags/plugins/workday.py
[2026-05-18T06:15:50.656+0000] {processor.py:208} INFO - Processing /home/noelsdavid/airflow_venv/lib/python3.12/site-packages/airflow/example_dags/plugins/workday.py took 0.038 seconds
[2026-05-18T06:16:22.774+0000] {processor.py:186} INFO - Started process (PID=8042) to work on /home/noelsdavid/airflow_venv/lib/python3.12/site-packages/airflow/example_dags/plugins/workday.py
[2026-05-18T06:16:22.775+0000] {processor.py:914} INFO - Processing file /home/noelsdavid/airflow_venv/lib/python3.12/site-packages/airflow/example_dags/plugins/workday.py for tasks to queue
[2026-05-18T06:16:22.778+0000] {logging_mixin.py:190} INFO - [2026-05-18T06:16:22.778+0000] {dagbag.py:588} INFO - Filling up the DagBag from /home/noelsdavid/airflow_venv/lib/python3.12/site-packages/airflow/example_dags/plugins/workday.py
[2026-05-18T06:16:22.782+0000] {logging_mixin.py:190} INFO - [2026-05-18T06:16:22.782+0000] {workday.py:41} WARNING - Could not import pandas. Holidays will not be considered.
[2026-05-18T06:16:22.783+0000] {processor.py:927} WARNING - No viable dags retrieved from /home/noelsdavid/airflow_venv/lib/python3.12/site-packages/airflow/example_dags/plugins/workday.py
[2026-05-18T06:16:22.799+0000] {processor.py:208} INFO - Processing /home/noelsdavid/airflow_venv/lib/python3.12/site-packages/airflow/example_dags/plugins/workday.py took 0.033 seconds
[2026-05-18T06:17:25.362+0000] {processor.py:186} INFO - Started process (PID=8286) to work on /home/noelsdavid/airflow_venv/lib/python3.12/site-packages/airflow/example_dags/plugins/workday.py
[2026-05-18T06:17:25.377+0000] {processor.py:914} INFO - Processing file /home/noelsdavid/airflow_venv/lib/python3.12/site-packages/airflow/example_dags/plugins/workday.py for tasks to queue
[2026-05-18T06:17:25.381+0000] {logging_mixin.py:190} INFO - [2026-05-18T06:17:25.380+0000] {dagbag.py:588} INFO - Filling up the DagBag from /home/noelsdavid/airflow_venv/lib/python3.12/site-packages/airflow/example_dags/plugins/workday.py
[2026-05-18T06:17:25.385+0000] {logging_mixin.py:190} INFO - [2026-05-18T06:17:25.385+0000] {workday.py:41} WARNING - Could not import pandas. Holidays will not be considered.
[2026-05-18T06:17:25.386+0000] {processor.py:927} WARNING - No viable dags retrieved from /home/noelsdavid/airflow_venv/lib/python3.12/site-packages/airflow/example_dags/plugins/workday.py
[2026-05-18T06:17:25.401+0000] {processor.py:208} INFO - Processing /home/noelsdavid/airflow_venv/lib/python3.12/site-packages/airflow/example_dags/plugins/workday.py took 0.048 seconds
[2026-05-18T06:17:57.003+0000] {processor.py:186} INFO - Started process (PID=8385) to work on /home/noelsdavid/airflow_venv/lib/python3.12/site-packages/airflow/example_dags/plugins/workday.py
[2026-05-18T06:17:57.004+0000] {processor.py:914} INFO - Processing file /home/noelsdavid/airflow_venv/lib/python3.12/site-packages/airflow/example_dags/plugins/workday.py for tasks to queue
[2026-05-18T06:17:57.008+0000] {logging_mixin.py:190} INFO - [2026-05-18T06:17:57.007+0000] {dagbag.py:588} INFO - Filling up the DagBag from /home/noelsdavid/airflow_venv/lib/python3.12/site-packages/airflow/example_dags/plugins/workday.py
[2026-05-18T06:17:57.012+0000] {logging_mixin.py:190} INFO - [2026-05-18T06:17:57.012+0000] {workday.py:41} WARNING - Could not import pandas. Holidays will not be considered.
[2026-05-18T06:17:57.013+0000] {processor.py:927} WARNING - No viable dags retrieved from /home/noelsdavid/airflow_venv/lib/python3.12/site-packages/airflow/example_dags/plugins/workday.py
[2026-05-18T06:17:57.027+0000] {processor.py:208} INFO - Processing /home/noelsdavid/airflow_venv/lib/python3.12/site-packages/airflow/example_dags/plugins/workday.py took 0.033 seconds
[2026-05-18T06:18:55.281+0000] {processor.py:186} INFO - Started process (PID=8498) to work on /home/noelsdavid/airflow_venv/lib/python3.12/site-packages/airflow/example_dags/plugins/workday.py
[2026-05-18T06:18:55.294+0000] {processor.py:914} INFO - Processing file /home/noelsdavid/airflow_venv/lib/python3.12/site-packages/airflow/example_dags/plugins/workday.py for tasks to queue
[2026-05-18T06:18:55.297+0000] {logging_mixin.py:190} INFO - [2026-05-18T06:18:55.296+0000] {dagbag.py:588} INFO - Filling up the DagBag from /home/noelsdavid/airflow_venv/lib/python3.12/site-packages/airflow/example_dags/plugins/workday.py
[2026-05-18T06:18:55.301+0000] {logging_mixin.py:190} INFO - [2026-05-18T06:18:55.301+0000] {workday.py:41} WARNING - Could not import pandas. Holidays will not be considered.
[2026-05-18T06:18:55.302+0000] {processor.py:927} WARNING - No viable dags retrieved from /home/noelsdavid/airflow_venv/lib/python3.12/site-packages/airflow/example_dags/plugins/workday.py
[2026-05-18T06:18:55.317+0000] {processor.py:208} INFO - Processing /home/noelsdavid/airflow_venv/lib/python3.12/site-packages/airflow/example_dags/plugins/workday.py took 0.044 seconds
[2026-05-18T06:19:55.922+0000] {processor.py:186} INFO - Started process (PID=8557) to work on /home/noelsdavid/airflow_venv/lib/python3.12/site-packages/airflow/example_dags/plugins/workday.py
[2026-05-18T06:19:55.924+0000] {processor.py:914} INFO - Processing file /home/noelsdavid/airflow_venv/lib/python3.12/site-packages/airflow/example_dags/plugins/workday.py for tasks to queue
[2026-05-18T06:19:55.927+0000] {logging_mixin.py:190} INFO - [2026-05-18T06:19:55.927+0000] {dagbag.py:588} INFO - Filling up the DagBag from /home/noelsdavid/airflow_venv/lib/python3.12/site-packages/airflow/example_dags/plugins/workday.py
[2026-05-18T06:19:55.931+0000] {logging_mixin.py:190} INFO - [2026-05-18T06:19:55.931+0000] {workday.py:41} WARNING - Could not import pandas. Holidays will not be considered.
[2026-05-18T06:19:55.932+0000] {processor.py:927} WARNING - No viable dags retrieved from /home/noelsdavid/airflow_venv/lib/python3.12/site-packages/airflow/example_dags/plugins/workday.py
[2026-05-18T06:19:55.946+0000] {processor.py:208} INFO - Processing /home/noelsdavid/airflow_venv/lib/python3.12/site-packages/airflow/example_dags/plugins/workday.py took 0.032 seconds
[2026-05-18T06:20:28.733+0000] {processor.py:186} INFO - Started process (PID=8615) to work on /home/noelsdavid/airflow_venv/lib/python3.12/site-packages/airflow/example_dags/plugins/workday.py
[2026-05-18T06:20:28.734+0000] {processor.py:914} INFO - Processing file /home/noelsdavid/airflow_venv/lib/python3.12/site-packages/airflow/example_dags/plugins/workday.py for tasks to queue
[2026-05-18T06:20:28.735+0000] {logging_mixin.py:190} INFO - [2026-05-18T06:20:28.735+0000] {dagbag.py:588} INFO - Filling up the DagBag from /home/noelsdavid/airflow_venv/lib/python3.12/site-packages/airflow/example_dags/plugins/workday.py
[2026-05-18T06:20:28.740+0000] {logging_mixin.py:190} INFO - [2026-05-18T06:20:28.739+0000] {workday.py:41} WARNING - Could not import pandas. Holidays will not be considered.
[2026-05-18T06:20:28.740+0000] {processor.py:927} WARNING - No viable dags retrieved from /home/noelsdavid/airflow_venv/lib/python3.12/site-packages/airflow/example_dags/plugins/workday.py
[2026-05-18T06:20:28.755+0000] {processor.py:208} INFO - Processing /home/noelsdavid/airflow_venv/lib/python3.12/site-packages/airflow/example_dags/plugins/workday.py took 0.030 seconds
[2026-05-18T06:21:31.064+0000] {processor.py:186} INFO - Started process (PID=8676) to work on /home/noelsdavid/airflow_venv/lib/python3.12/site-packages/airflow/example_dags/plugins/workday.py
[2026-05-18T06:21:31.066+0000] {processor.py:914} INFO - Processing file /home/noelsdavid/airflow_venv/lib/python3.12/site-packages/airflow/example_dags/plugins/workday.py for tasks to queue
[2026-05-18T06:21:31.068+0000] {logging_mixin.py:190} INFO - [2026-05-18T06:21:31.068+0000] {dagbag.py:588} INFO - Filling up the DagBag from /home/noelsdavid/airflow_venv/lib/python3.12/site-packages/airflow/example_dags/plugins/workday.py
[2026-05-18T06:21:31.072+0000] {logging_mixin.py:190} INFO - [2026-05-18T06:21:31.072+0000] {workday.py:41} WARNING - Could not import pandas. Holidays will not be considered.
[2026-05-18T06:21:31.073+0000] {processor.py:927} WARNING - No viable dags retrieved from /home/noelsdavid/airflow_venv/lib/python3.12/site-packages/airflow/example_dags/plugins/workday.py
[2026-05-18T06:21:31.088+0000] {processor.py:208} INFO - Processing /home/noelsdavid/airflow_venv/lib/python3.12/site-packages/airflow/example_dags/plugins/workday.py took 0.032 seconds
[2026-05-18T06:22:03.972+0000] {processor.py:186} INFO - Started process (PID=8708) to work on /home/noelsdavid/airflow_venv/lib/python3.12/site-packages/airflow/example_dags/plugins/workday.py
[2026-05-18T06:22:03.973+0000] {processor.py:914} INFO - Processing file /home/noelsdavid/airflow_venv/lib/python3.12/site-packages/airflow/example_dags/plugins/workday.py for tasks to queue
[2026-05-18T06:22:03.974+0000] {logging_mixin.py:190} INFO - [2026-05-18T06:22:03.974+0000] {dagbag.py:588} INFO - Filling up the DagBag from /home/noelsdavid/airflow_venv/lib/python3.12/site-packages/airflow/example_dags/plugins/workday.py
[2026-05-18T06:22:03.978+0000] {logging_mixin.py:190} INFO - [2026-05-18T06:22:03.978+0000] {workday.py:41} WARNING - Could not import pandas. Holidays will not be considered.
[2026-05-18T06:22:03.979+0000] {processor.py:927} WARNING - No viable dags retrieved from /home/noelsdavid/airflow_venv/lib/python3.12/site-packages/airflow/example_dags/plugins/workday.py
[2026-05-18T06:22:03.994+0000] {processor.py:208} INFO - Processing /home/noelsdavid/airflow_venv/lib/python3.12/site-packages/airflow/example_dags/plugins/workday.py took 0.030 seconds
[2026-05-18T06:22:37.237+0000] {processor.py:186} INFO - Started process (PID=8740) to work on /home/noelsdavid/airflow_venv/lib/python3.12/site-packages/airflow/example_dags/plugins/workday.py
[2026-05-18T06:22:37.295+0000] {processor.py:914} INFO - Processing file /home/noelsdavid/airflow_venv/lib/python3.12/site-packages/airflow/example_dags/plugins/workday.py for tasks to queue
[2026-05-18T06:22:37.297+0000] {logging_mixin.py:190} INFO - [2026-05-18T06:22:37.296+0000] {dagbag.py:588} INFO - Filling up the DagBag from /home/noelsdavid/airflow_venv/lib/python3.12/site-packages/airflow/example_dags/plugins/workday.py
[2026-05-18T06:22:37.301+0000] {logging_mixin.py:190} INFO - [2026-05-18T06:22:37.301+0000] {workday.py:41} WARNING - Could not import pandas. Holidays will not be considered.
[2026-05-18T06:22:37.302+0000] {processor.py:927} WARNING - No viable dags retrieved from /home/noelsdavid/airflow_venv/lib/python3.12/site-packages/airflow/example_dags/plugins/workday.py
[2026-05-18T06:22:37.316+0000] {processor.py:208} INFO - Processing /home/noelsdavid/airflow_venv/lib/python3.12/site-packages/airflow/example_dags/plugins/workday.py took 0.087 seconds
[2026-05-18T06:23:39.241+0000] {processor.py:186} INFO - Started process (PID=8801) to work on /home/noelsdavid/airflow_venv/lib/python3.12/site-packages/airflow/example_dags/plugins/workday.py
[2026-05-18T06:23:39.245+0000] {processor.py:914} INFO - Processing file /home/noelsdavid/airflow_venv/lib/python3.12/site-packages/airflow/example_dags/plugins/workday.py for tasks to queue
[2026-05-18T06:23:39.248+0000] {logging_mixin.py:190} INFO - [2026-05-18T06:23:39.247+0000] {dagbag.py:588} INFO - Filling up the DagBag from /home/noelsdavid/airflow_venv/lib/python3.12/site-packages/airflow/example_dags/plugins/workday.py
[2026-05-18T06:23:39.252+0000] {logging_mixin.py:190} INFO - [2026-05-18T06:23:39.252+0000] {workday.py:41} WARNING - Could not import pandas. Holidays will not be considered.
[2026-05-18T06:23:39.253+0000] {processor.py:927} WARNING - No viable dags retrieved from /home/noelsdavid/airflow_venv/lib/python3.12/site-packages/airflow/example_dags/plugins/workday.py
[2026-05-18T06:23:39.275+0000] {processor.py:208} INFO - Processing /home/noelsdavid/airflow_venv/lib/python3.12/site-packages/airflow/example_dags/plugins/workday.py took 0.045 seconds
[2026-05-18T06:24:11.993+0000] {processor.py:186} INFO - Started process (PID=8831) to work on /home/noelsdavid/airflow_venv/lib/python3.12/site-packages/airflow/example_dags/plugins/workday.py
[2026-05-18T06:24:11.994+0000] {processor.py:914} INFO - Processing file /home/noelsdavid/airflow_venv/lib/python3.12/site-packages/airflow/example_dags/plugins/workday.py for tasks to queue
[2026-05-18T06:24:11.995+0000] {logging_mixin.py:190} INFO - [2026-05-18T06:24:11.995+0000] {dagbag.py:588} INFO - Filling up the DagBag from /home/noelsdavid/airflow_venv/lib/python3.12/site-packages/airflow/example_dags/plugins/workday.py
[2026-05-18T06:24:11.999+0000] {logging_mixin.py:190} INFO - [2026-05-18T06:24:11.999+0000] {workday.py:41} WARNING - Could not import pandas. Holidays will not be considered.
[2026-05-18T06:24:12.000+0000] {processor.py:927} WARNING - No viable dags retrieved from /home/noelsdavid/airflow_venv/lib/python3.12/site-packages/airflow/example_dags/plugins/workday.py
[2026-05-18T06:24:12.015+0000] {processor.py:208} INFO - Processing /home/noelsdavid/airflow_venv/lib/python3.12/site-packages/airflow/example_dags/plugins/workday.py took 0.030 seconds
[2026-05-18T06:24:45.241+0000] {processor.py:186} INFO - Started process (PID=8864) to work on /home/noelsdavid/airflow_venv/lib/python3.12/site-packages/airflow/example_dags/plugins/workday.py
[2026-05-18T06:24:45.244+0000] {processor.py:914} INFO - Processing file /home/noelsdavid/airflow_venv/lib/python3.12/site-packages/airflow/example_dags/plugins/workday.py for tasks to queue
[2026-05-18T06:24:45.246+0000] {logging_mixin.py:190} INFO - [2026-05-18T06:24:45.245+0000] {dagbag.py:588} INFO - Filling up the DagBag from /home/noelsdavid/airflow_venv/lib/python3.12/site-packages/airflow/example_dags/plugins/workday.py
[2026-05-18T06:24:45.250+0000] {logging_mixin.py:190} INFO - [2026-05-18T06:24:45.250+0000] {workday.py:41} WARNING - Could not import pandas. Holidays will not be considered.
[2026-05-18T06:24:45.251+0000] {processor.py:927} WARNING - No viable dags retrieved from /home/noelsdavid/airflow_venv/lib/python3.12/site-packages/airflow/example_dags/plugins/workday.py
[2026-05-18T06:24:45.265+0000] {processor.py:208} INFO - Processing /home/noelsdavid/airflow_venv/lib/python3.12/site-packages/airflow/example_dags/plugins/workday.py took 0.032 seconds
[2026-05-18T06:25:17.972+0000] {processor.py:186} INFO - Started process (PID=8919) to work on /home/noelsdavid/airflow_venv/lib/python3.12/site-packages/airflow/example_dags/plugins/workday.py
[2026-05-18T06:25:17.975+0000] {processor.py:914} INFO - Processing file /home/noelsdavid/airflow_venv/lib/python3.12/site-packages/airflow/example_dags/plugins/workday.py for tasks to queue
[2026-05-18T06:25:17.977+0000] {logging_mixin.py:190} INFO - [2026-05-18T06:25:17.976+0000] {dagbag.py:588} INFO - Filling up the DagBag from /home/noelsdavid/airflow_venv/lib/python3.12/site-packages/airflow/example_dags/plugins/workday.py
[2026-05-18T06:25:17.981+0000] {logging_mixin.py:190} INFO - [2026-05-18T06:25:17.981+0000] {workday.py:41} WARNING - Could not import pandas. Holidays will not be considered.
[2026-05-18T06:25:17.981+0000] {processor.py:927} WARNING - No viable dags retrieved from /home/noelsdavid/airflow_venv/lib/python3.12/site-packages/airflow/example_dags/plugins/workday.py
[2026-05-18T06:25:17.996+0000] {processor.py:208} INFO - Processing /home/noelsdavid/airflow_venv/lib/python3.12/site-packages/airflow/example_dags/plugins/workday.py took 0.032 seconds
[2026-05-18T06:25:51.476+0000] {processor.py:186} INFO - Started process (PID=8949) to work on /home/noelsdavid/airflow_venv/lib/python3.12/site-packages/airflow/example_dags/plugins/workday.py
[2026-05-18T06:25:51.499+0000] {processor.py:914} INFO - Processing file /home/noelsdavid/airflow_venv/lib/python3.12/site-packages/airflow/example_dags/plugins/workday.py for tasks to queue
[2026-05-18T06:25:51.502+0000] {logging_mixin.py:190} INFO - [2026-05-18T06:25:51.501+0000] {dagbag.py:588} INFO - Filling up the DagBag from /home/noelsdavid/airflow_venv/lib/python3.12/site-packages/airflow/example_dags/plugins/workday.py
[2026-05-18T06:25:51.506+0000] {logging_mixin.py:190} INFO - [2026-05-18T06:25:51.506+0000] {workday.py:41} WARNING - Could not import pandas. Holidays will not be considered.
[2026-05-18T06:25:51.507+0000] {processor.py:927} WARNING - No viable dags retrieved from /home/noelsdavid/airflow_venv/lib/python3.12/site-packages/airflow/example_dags/plugins/workday.py
[2026-05-18T06:25:51.523+0000] {processor.py:208} INFO - Processing /home/noelsdavid/airflow_venv/lib/python3.12/site-packages/airflow/example_dags/plugins/workday.py took 0.056 seconds
[2026-05-18T06:26:22.359+0000] {processor.py:186} INFO - Started process (PID=9036) to work on /home/noelsdavid/airflow_venv/lib/python3.12/site-packages/airflow/example_dags/plugins/workday.py
[2026-05-18T06:26:22.367+0000] {processor.py:914} INFO - Processing file /home/noelsdavid/airflow_venv/lib/python3.12/site-packages/airflow/example_dags/plugins/workday.py for tasks to queue
[2026-05-18T06:26:22.369+0000] {logging_mixin.py:190} INFO - [2026-05-18T06:26:22.368+0000] {dagbag.py:588} INFO - Filling up the DagBag from /home/noelsdavid/airflow_venv/lib/python3.12/site-packages/airflow/example_dags/plugins/workday.py
[2026-05-18T06:26:22.374+0000] {logging_mixin.py:190} INFO - [2026-05-18T06:26:22.373+0000] {workday.py:41} WARNING - Could not import pandas. Holidays will not be considered.
[2026-05-18T06:26:22.374+0000] {processor.py:927} WARNING - No viable dags retrieved from /home/noelsdavid/airflow_venv/lib/python3.12/site-packages/airflow/example_dags/plugins/workday.py
[2026-05-18T06:26:22.388+0000] {processor.py:208} INFO - Processing /home/noelsdavid/airflow_venv/lib/python3.12/site-packages/airflow/example_dags/plugins/workday.py took 0.038 seconds
[2026-05-18T06:26:54.161+0000] {processor.py:186} INFO - Started process (PID=9146) to work on /home/noelsdavid/airflow_venv/lib/python3.12/site-packages/airflow/example_dags/plugins/workday.py
[2026-05-18T06:26:54.163+0000] {processor.py:914} INFO - Processing file /home/noelsdavid/airflow_venv/lib/python3.12/site-packages/airflow/example_dags/plugins/workday.py for tasks to queue
[2026-05-18T06:26:54.165+0000] {logging_mixin.py:190} INFO - [2026-05-18T06:26:54.164+0000] {dagbag.py:588} INFO - Filling up the DagBag from /home/noelsdavid/airflow_venv/lib/python3.12/site-packages/airflow/example_dags/plugins/workday.py
[2026-05-18T06:26:54.169+0000] {logging_mixin.py:190} INFO - [2026-05-18T06:26:54.169+0000] {workday.py:41} WARNING - Could not import pandas. Holidays will not be considered.
[2026-05-18T06:26:54.170+0000] {processor.py:927} WARNING - No viable dags retrieved from /home/noelsdavid/airflow_venv/lib/python3.12/site-packages/airflow/example_dags/plugins/workday.py
[2026-05-18T06:26:54.186+0000] {processor.py:208} INFO - Processing /home/noelsdavid/airflow_venv/lib/python3.12/site-packages/airflow/example_dags/plugins/workday.py took 0.033 seconds
[2026-05-18T06:27:41.054+0000] {processor.py:186} INFO - Started process (PID=9565) to work on /home/noelsdavid/airflow_venv/lib/python3.12/site-packages/airflow/example_dags/plugins/workday.py
[2026-05-18T06:27:41.056+0000] {processor.py:914} INFO - Processing file /home/noelsdavid/airflow_venv/lib/python3.12/site-packages/airflow/example_dags/plugins/workday.py for tasks to queue
[2026-05-18T06:27:41.058+0000] {logging_mixin.py:190} INFO - [2026-05-18T06:27:41.057+0000] {dagbag.py:588} INFO - Filling up the DagBag from /home/noelsdavid/airflow_venv/lib/python3.12/site-packages/airflow/example_dags/plugins/workday.py
[2026-05-18T06:27:41.062+0000] {logging_mixin.py:190} INFO - [2026-05-18T06:27:41.062+0000] {workday.py:41} WARNING - Could not import pandas. Holidays will not be considered.
[2026-05-18T06:27:41.062+0000] {processor.py:927} WARNING - No viable dags retrieved from /home/noelsdavid/airflow_venv/lib/python3.12/site-packages/airflow/example_dags/plugins/workday.py
[2026-05-18T06:27:41.077+0000] {processor.py:208} INFO - Processing /home/noelsdavid/airflow_venv/lib/python3.12/site-packages/airflow/example_dags/plugins/workday.py took 0.031 seconds
[2026-05-18T06:28:22.368+0000] {processor.py:186} INFO - Started process (PID=9713) to work on /home/noelsdavid/airflow_venv/lib/python3.12/site-packages/airflow/example_dags/plugins/workday.py
[2026-05-18T06:28:22.371+0000] {processor.py:914} INFO - Processing file /home/noelsdavid/airflow_venv/lib/python3.12/site-packages/airflow/example_dags/plugins/workday.py for tasks to queue
[2026-05-18T06:28:22.373+0000] {logging_mixin.py:190} INFO - [2026-05-18T06:28:22.372+0000] {dagbag.py:588} INFO - Filling up the DagBag from /home/noelsdavid/airflow_venv/lib/python3.12/site-packages/airflow/example_dags/plugins/workday.py
[2026-05-18T06:28:22.377+0000] {logging_mixin.py:190} INFO - [2026-05-18T06:28:22.377+0000] {workday.py:41} WARNING - Could not import pandas. Holidays will not be considered.
[2026-05-18T06:28:22.377+0000] {processor.py:927} WARNING - No viable dags retrieved from /home/noelsdavid/airflow_venv/lib/python3.12/site-packages/airflow/example_dags/plugins/workday.py
[2026-05-18T06:28:22.392+0000] {processor.py:208} INFO - Processing /home/noelsdavid/airflow_venv/lib/python3.12/site-packages/airflow/example_dags/plugins/workday.py took 0.032 seconds
[2026-05-18T06:28:54.995+0000] {processor.py:186} INFO - Started process (PID=9744) to work on /home/noelsdavid/airflow_venv/lib/python3.12/site-packages/airflow/example_dags/plugins/workday.py
[2026-05-18T06:28:54.997+0000] {processor.py:914} INFO - Processing file /home/noelsdavid/airflow_venv/lib/python3.12/site-packages/airflow/example_dags/plugins/workday.py for tasks to queue
[2026-05-18T06:28:54.999+0000] {logging_mixin.py:190} INFO - [2026-05-18T06:28:54.998+0000] {dagbag.py:588} INFO - Filling up the DagBag from /home/noelsdavid/airflow_venv/lib/python3.12/site-packages/airflow/example_dags/plugins/workday.py
[2026-05-18T06:28:55.005+0000] {logging_mixin.py:190} INFO - [2026-05-18T06:28:55.005+0000] {workday.py:41} WARNING - Could not import pandas. Holidays will not be considered.
[2026-05-18T06:28:55.006+0000] {processor.py:927} WARNING - No viable dags retrieved from /home/noelsdavid/airflow_venv/lib/python3.12/site-packages/airflow/example_dags/plugins/workday.py
[2026-05-18T06:28:55.029+0000] {processor.py:208} INFO - Processing /home/noelsdavid/airflow_venv/lib/python3.12/site-packages/airflow/example_dags/plugins/workday.py took 0.042 seconds
[2026-05-18T06:29:29.749+0000] {processor.py:186} INFO - Started process (PID=9776) to work on /home/noelsdavid/airflow_venv/lib/python3.12/site-packages/airflow/example_dags/plugins/workday.py
[2026-05-18T06:29:29.759+0000] {processor.py:914} INFO - Processing file /home/noelsdavid/airflow_venv/lib/python3.12/site-packages/airflow/example_dags/plugins/workday.py for tasks to queue
[2026-05-18T06:29:29.760+0000] {logging_mixin.py:190} INFO - [2026-05-18T06:29:29.760+0000] {dagbag.py:588} INFO - Filling up the DagBag from /home/noelsdavid/airflow_venv/lib/python3.12/site-packages/airflow/example_dags/plugins/workday.py
[2026-05-18T06:29:29.765+0000] {logging_mixin.py:190} INFO - [2026-05-18T06:29:29.764+0000] {workday.py:41} WARNING - Could not import pandas. Holidays will not be considered.
[2026-05-18T06:29:29.765+0000] {processor.py:927} WARNING - No viable dags retrieved from /home/noelsdavid/airflow_venv/lib/python3.12/site-packages/airflow/example_dags/plugins/workday.py
[2026-05-18T06:29:29.780+0000] {processor.py:208} INFO - Processing /home/noelsdavid/airflow_venv/lib/python3.12/site-packages/airflow/example_dags/plugins/workday.py took 0.038 seconds
[2026-05-18T06:30:04.666+0000] {processor.py:186} INFO - Started process (PID=9810) to work on /home/noelsdavid/airflow_venv/lib/python3.12/site-packages/airflow/example_dags/plugins/workday.py
[2026-05-18T06:30:04.669+0000] {processor.py:914} INFO - Processing file /home/noelsdavid/airflow_venv/lib/python3.12/site-packages/airflow/example_dags/plugins/workday.py for tasks to queue
[2026-05-18T06:30:04.672+0000] {logging_mixin.py:190} INFO - [2026-05-18T06:30:04.671+0000] {dagbag.py:588} INFO - Filling up the DagBag from /home/noelsdavid/airflow_venv/lib/python3.12/site-packages/airflow/example_dags/plugins/workday.py
[2026-05-18T06:30:04.676+0000] {logging_mixin.py:190} INFO - [2026-05-18T06:30:04.676+0000] {workday.py:41} WARNING - Could not import pandas. Holidays will not be considered.
[2026-05-18T06:30:04.677+0000] {processor.py:927} WARNING - No viable dags retrieved from /home/noelsdavid/airflow_venv/lib/python3.12/site-packages/airflow/example_dags/plugins/workday.py
[2026-05-18T06:30:04.692+0000] {processor.py:208} INFO - Processing /home/noelsdavid/airflow_venv/lib/python3.12/site-packages/airflow/example_dags/plugins/workday.py took 0.035 seconds
[2026-05-18T06:30:37.007+0000] {processor.py:186} INFO - Started process (PID=9865) to work on /home/noelsdavid/airflow_venv/lib/python3.12/site-packages/airflow/example_dags/plugins/workday.py
[2026-05-18T06:30:37.008+0000] {processor.py:914} INFO - Processing file /home/noelsdavid/airflow_venv/lib/python3.12/site-packages/airflow/example_dags/plugins/workday.py for tasks to queue
[2026-05-18T06:30:37.010+0000] {logging_mixin.py:190} INFO - [2026-05-18T06:30:37.010+0000] {dagbag.py:588} INFO - Filling up the DagBag from /home/noelsdavid/airflow_venv/lib/python3.12/site-packages/airflow/example_dags/plugins/workday.py
[2026-05-18T06:30:37.015+0000] {logging_mixin.py:190} INFO - [2026-05-18T06:30:37.014+0000] {workday.py:41} WARNING - Could not import pandas. Holidays will not be considered.
[2026-05-18T06:30:37.015+0000] {processor.py:927} WARNING - No viable dags retrieved from /home/noelsdavid/airflow_venv/lib/python3.12/site-packages/airflow/example_dags/plugins/workday.py
[2026-05-18T06:30:37.030+0000] {processor.py:208} INFO - Processing /home/noelsdavid/airflow_venv/lib/python3.12/site-packages/airflow/example_dags/plugins/workday.py took 0.031 seconds
[2026-05-18T06:31:09.689+0000] {processor.py:186} INFO - Started process (PID=9895) to work on /home/noelsdavid/airflow_venv/lib/python3.12/site-packages/airflow/example_dags/plugins/workday.py
[2026-05-18T06:31:09.691+0000] {processor.py:914} INFO - Processing file /home/noelsdavid/airflow_venv/lib/python3.12/site-packages/airflow/example_dags/plugins/workday.py for tasks to queue
[2026-05-18T06:31:09.693+0000] {logging_mixin.py:190} INFO - [2026-05-18T06:31:09.693+0000] {dagbag.py:588} INFO - Filling up the DagBag from /home/noelsdavid/airflow_venv/lib/python3.12/site-packages/airflow/example_dags/plugins/workday.py
[2026-05-18T06:31:09.698+0000] {logging_mixin.py:190} INFO - [2026-05-18T06:31:09.697+0000] {workday.py:41} WARNING - Could not import pandas. Holidays will not be considered.
[2026-05-18T06:31:09.698+0000] {processor.py:927} WARNING - No viable dags retrieved from /home/noelsdavid/airflow_venv/lib/python3.12/site-packages/airflow/example_dags/plugins/workday.py
[2026-05-18T06:31:09.713+0000] {processor.py:208} INFO - Processing /home/noelsdavid/airflow_venv/lib/python3.12/site-packages/airflow/example_dags/plugins/workday.py took 0.032 seconds
[2026-05-18T06:31:42.158+0000] {processor.py:186} INFO - Started process (PID=9928) to work on /home/noelsdavid/airflow_venv/lib/python3.12/site-packages/airflow/example_dags/plugins/workday.py
[2026-05-18T06:31:42.159+0000] {processor.py:914} INFO - Processing file /home/noelsdavid/airflow_venv/lib/python3.12/site-packages/airflow/example_dags/plugins/workday.py for tasks to queue
[2026-05-18T06:31:42.160+0000] {logging_mixin.py:190} INFO - [2026-05-18T06:31:42.160+0000] {dagbag.py:588} INFO - Filling up the DagBag from /home/noelsdavid/airflow_venv/lib/python3.12/site-packages/airflow/example_dags/plugins/workday.py
[2026-05-18T06:31:42.164+0000] {logging_mixin.py:190} INFO - [2026-05-18T06:31:42.164+0000] {workday.py:41} WARNING - Could not import pandas. Holidays will not be considered.
[2026-05-18T06:31:42.165+0000] {processor.py:927} WARNING - No viable dags retrieved from /home/noelsdavid/airflow_venv/lib/python3.12/site-packages/airflow/example_dags/plugins/workday.py
[2026-05-18T06:31:42.180+0000] {processor.py:208} INFO - Processing /home/noelsdavid/airflow_venv/lib/python3.12/site-packages/airflow/example_dags/plugins/workday.py took 0.030 seconds
[2026-05-18T06:32:41.310+0000] {processor.py:186} INFO - Started process (PID=9988) to work on /home/noelsdavid/airflow_venv/lib/python3.12/site-packages/airflow/example_dags/plugins/workday.py
[2026-05-18T06:32:41.323+0000] {processor.py:914} INFO - Processing file /home/noelsdavid/airflow_venv/lib/python3.12/site-packages/airflow/example_dags/plugins/workday.py for tasks to queue
[2026-05-18T06:32:41.325+0000] {logging_mixin.py:190} INFO - [2026-05-18T06:32:41.324+0000] {dagbag.py:588} INFO - Filling up the DagBag from /home/noelsdavid/airflow_venv/lib/python3.12/site-packages/airflow/example_dags/plugins/workday.py
[2026-05-18T06:32:41.329+0000] {logging_mixin.py:190} INFO - [2026-05-18T06:32:41.329+0000] {workday.py:41} WARNING - Could not import pandas. Holidays will not be considered.
[2026-05-18T06:32:41.329+0000] {processor.py:927} WARNING - No viable dags retrieved from /home/noelsdavid/airflow_venv/lib/python3.12/site-packages/airflow/example_dags/plugins/workday.py
[2026-05-18T06:32:41.344+0000] {processor.py:208} INFO - Processing /home/noelsdavid/airflow_venv/lib/python3.12/site-packages/airflow/example_dags/plugins/workday.py took 0.041 seconds
[2026-05-18T06:33:44.836+0000] {processor.py:186} INFO - Started process (PID=10055) to work on /home/noelsdavid/airflow_venv/lib/python3.12/site-packages/airflow/example_dags/plugins/workday.py
[2026-05-18T06:33:44.857+0000] {processor.py:914} INFO - Processing file /home/noelsdavid/airflow_venv/lib/python3.12/site-packages/airflow/example_dags/plugins/workday.py for tasks to queue
[2026-05-18T06:33:44.859+0000] {logging_mixin.py:190} INFO - [2026-05-18T06:33:44.858+0000] {dagbag.py:588} INFO - Filling up the DagBag from /home/noelsdavid/airflow_venv/lib/python3.12/site-packages/airflow/example_dags/plugins/workday.py
[2026-05-18T06:33:44.863+0000] {logging_mixin.py:190} INFO - [2026-05-18T06:33:44.863+0000] {workday.py:41} WARNING - Could not import pandas. Holidays will not be considered.
[2026-05-18T06:33:44.864+0000] {processor.py:927} WARNING - No viable dags retrieved from /home/noelsdavid/airflow_venv/lib/python3.12/site-packages/airflow/example_dags/plugins/workday.py
[2026-05-18T06:33:44.879+0000] {processor.py:208} INFO - Processing /home/noelsdavid/airflow_venv/lib/python3.12/site-packages/airflow/example_dags/plugins/workday.py took 0.051 seconds
[2026-05-18T06:34:18.430+0000] {processor.py:186} INFO - Started process (PID=10152) to work on /home/noelsdavid/airflow_venv/lib/python3.12/site-packages/airflow/example_dags/plugins/workday.py
[2026-05-18T06:34:18.433+0000] {processor.py:914} INFO - Processing file /home/noelsdavid/airflow_venv/lib/python3.12/site-packages/airflow/example_dags/plugins/workday.py for tasks to queue
[2026-05-18T06:34:18.435+0000] {logging_mixin.py:190} INFO - [2026-05-18T06:34:18.434+0000] {dagbag.py:588} INFO - Filling up the DagBag from /home/noelsdavid/airflow_venv/lib/python3.12/site-packages/airflow/example_dags/plugins/workday.py
[2026-05-18T06:34:18.439+0000] {logging_mixin.py:190} INFO - [2026-05-18T06:34:18.439+0000] {workday.py:41} WARNING - Could not import pandas. Holidays will not be considered.
[2026-05-18T06:34:18.440+0000] {processor.py:927} WARNING - No viable dags retrieved from /home/noelsdavid/airflow_venv/lib/python3.12/site-packages/airflow/example_dags/plugins/workday.py
[2026-05-18T06:34:18.458+0000] {processor.py:208} INFO - Processing /home/noelsdavid/airflow_venv/lib/python3.12/site-packages/airflow/example_dags/plugins/workday.py took 0.036 seconds
[2026-05-18T06:34:50.536+0000] {processor.py:186} INFO - Started process (PID=10245) to work on /home/noelsdavid/airflow_venv/lib/python3.12/site-packages/airflow/example_dags/plugins/workday.py
[2026-05-18T06:34:50.538+0000] {processor.py:914} INFO - Processing file /home/noelsdavid/airflow_venv/lib/python3.12/site-packages/airflow/example_dags/plugins/workday.py for tasks to queue
[2026-05-18T06:34:50.539+0000] {logging_mixin.py:190} INFO - [2026-05-18T06:34:50.539+0000] {dagbag.py:588} INFO - Filling up the DagBag from /home/noelsdavid/airflow_venv/lib/python3.12/site-packages/airflow/example_dags/plugins/workday.py
[2026-05-18T06:34:50.544+0000] {logging_mixin.py:190} INFO - [2026-05-18T06:34:50.544+0000] {workday.py:41} WARNING - Could not import pandas. Holidays will not be considered.
[2026-05-18T06:34:50.545+0000] {processor.py:927} WARNING - No viable dags retrieved from /home/noelsdavid/airflow_venv/lib/python3.12/site-packages/airflow/example_dags/plugins/workday.py
[2026-05-18T06:34:50.560+0000] {processor.py:208} INFO - Processing /home/noelsdavid/airflow_venv/lib/python3.12/site-packages/airflow/example_dags/plugins/workday.py took 0.031 seconds
[2026-05-18T06:35:22.948+0000] {processor.py:186} INFO - Started process (PID=10359) to work on /home/noelsdavid/airflow_venv/lib/python3.12/site-packages/airflow/example_dags/plugins/workday.py
[2026-05-18T06:35:22.964+0000] {processor.py:914} INFO - Processing file /home/noelsdavid/airflow_venv/lib/python3.12/site-packages/airflow/example_dags/plugins/workday.py for tasks to queue
[2026-05-18T06:35:22.966+0000] {logging_mixin.py:190} INFO - [2026-05-18T06:35:22.965+0000] {dagbag.py:588} INFO - Filling up the DagBag from /home/noelsdavid/airflow_venv/lib/python3.12/site-packages/airflow/example_dags/plugins/workday.py
[2026-05-18T06:35:22.970+0000] {logging_mixin.py:190} INFO - [2026-05-18T06:35:22.970+0000] {workday.py:41} WARNING - Could not import pandas. Holidays will not be considered.
[2026-05-18T06:35:22.971+0000] {processor.py:927} WARNING - No viable dags retrieved from /home/noelsdavid/airflow_venv/lib/python3.12/site-packages/airflow/example_dags/plugins/workday.py
[2026-05-18T06:35:22.985+0000] {processor.py:208} INFO - Processing /home/noelsdavid/airflow_venv/lib/python3.12/site-packages/airflow/example_dags/plugins/workday.py took 0.045 seconds
[2026-05-18T06:35:56.032+0000] {processor.py:186} INFO - Started process (PID=10425) to work on /home/noelsdavid/airflow_venv/lib/python3.12/site-packages/airflow/example_dags/plugins/workday.py
[2026-05-18T06:35:56.038+0000] {processor.py:914} INFO - Processing file /home/noelsdavid/airflow_venv/lib/python3.12/site-packages/airflow/example_dags/plugins/workday.py for tasks to queue
[2026-05-18T06:35:56.040+0000] {logging_mixin.py:190} INFO - [2026-05-18T06:35:56.039+0000] {dagbag.py:588} INFO - Filling up the DagBag from /home/noelsdavid/airflow_venv/lib/python3.12/site-packages/airflow/example_dags/plugins/workday.py
[2026-05-18T06:35:56.044+0000] {logging_mixin.py:190} INFO - [2026-05-18T06:35:56.044+0000] {workday.py:41} WARNING - Could not import pandas. Holidays will not be considered.
[2026-05-18T06:35:56.045+0000] {processor.py:927} WARNING - No viable dags retrieved from /home/noelsdavid/airflow_venv/lib/python3.12/site-packages/airflow/example_dags/plugins/workday.py
[2026-05-18T06:35:56.060+0000] {processor.py:208} INFO - Processing /home/noelsdavid/airflow_venv/lib/python3.12/site-packages/airflow/example_dags/plugins/workday.py took 0.037 seconds
[2026-05-18T06:36:57.273+0000] {processor.py:186} INFO - Started process (PID=10673) to work on /home/noelsdavid/airflow_venv/lib/python3.12/site-packages/airflow/example_dags/plugins/workday.py
[2026-05-18T06:36:57.300+0000] {processor.py:914} INFO - Processing file /home/noelsdavid/airflow_venv/lib/python3.12/site-packages/airflow/example_dags/plugins/workday.py for tasks to queue
[2026-05-18T06:36:57.302+0000] {logging_mixin.py:190} INFO - [2026-05-18T06:36:57.302+0000] {dagbag.py:588} INFO - Filling up the DagBag from /home/noelsdavid/airflow_venv/lib/python3.12/site-packages/airflow/example_dags/plugins/workday.py
[2026-05-18T06:36:57.306+0000] {logging_mixin.py:190} INFO - [2026-05-18T06:36:57.306+0000] {workday.py:41} WARNING - Could not import pandas. Holidays will not be considered.
[2026-05-18T06:36:57.307+0000] {processor.py:927} WARNING - No viable dags retrieved from /home/noelsdavid/airflow_venv/lib/python3.12/site-packages/airflow/example_dags/plugins/workday.py
[2026-05-18T06:36:57.322+0000] {processor.py:208} INFO - Processing /home/noelsdavid/airflow_venv/lib/python3.12/site-packages/airflow/example_dags/plugins/workday.py took 0.056 seconds
[2026-05-18T06:37:29.248+0000] {processor.py:186} INFO - Started process (PID=10869) to work on /home/noelsdavid/airflow_venv/lib/python3.12/site-packages/airflow/example_dags/plugins/workday.py
[2026-05-18T06:37:29.251+0000] {processor.py:914} INFO - Processing file /home/noelsdavid/airflow_venv/lib/python3.12/site-packages/airflow/example_dags/plugins/workday.py for tasks to queue
[2026-05-18T06:37:29.253+0000] {logging_mixin.py:190} INFO - [2026-05-18T06:37:29.252+0000] {dagbag.py:588} INFO - Filling up the DagBag from /home/noelsdavid/airflow_venv/lib/python3.12/site-packages/airflow/example_dags/plugins/workday.py
[2026-05-18T06:37:29.257+0000] {logging_mixin.py:190} INFO - [2026-05-18T06:37:29.256+0000] {workday.py:41} WARNING - Could not import pandas. Holidays will not be considered.
[2026-05-18T06:37:29.257+0000] {processor.py:927} WARNING - No viable dags retrieved from /home/noelsdavid/airflow_venv/lib/python3.12/site-packages/airflow/example_dags/plugins/workday.py
[2026-05-18T06:37:29.272+0000] {processor.py:208} INFO - Processing /home/noelsdavid/airflow_venv/lib/python3.12/site-packages/airflow/example_dags/plugins/workday.py took 0.031 seconds
[2026-05-18T06:38:03.469+0000] {processor.py:186} INFO - Started process (PID=10957) to work on /home/noelsdavid/airflow_venv/lib/python3.12/site-packages/airflow/example_dags/plugins/workday.py
[2026-05-18T06:38:03.471+0000] {processor.py:914} INFO - Processing file /home/noelsdavid/airflow_venv/lib/python3.12/site-packages/airflow/example_dags/plugins/workday.py for tasks to queue
[2026-05-18T06:38:03.473+0000] {logging_mixin.py:190} INFO - [2026-05-18T06:38:03.473+0000] {dagbag.py:588} INFO - Filling up the DagBag from /home/noelsdavid/airflow_venv/lib/python3.12/site-packages/airflow/example_dags/plugins/workday.py
[2026-05-18T06:38:03.478+0000] {logging_mixin.py:190} INFO - [2026-05-18T06:38:03.477+0000] {workday.py:41} WARNING - Could not import pandas. Holidays will not be considered.
[2026-05-18T06:38:03.478+0000] {processor.py:927} WARNING - No viable dags retrieved from /home/noelsdavid/airflow_venv/lib/python3.12/site-packages/airflow/example_dags/plugins/workday.py
[2026-05-18T06:38:03.495+0000] {processor.py:208} INFO - Processing /home/noelsdavid/airflow_venv/lib/python3.12/site-packages/airflow/example_dags/plugins/workday.py took 0.035 seconds
[2026-05-18T06:38:35.987+0000] {processor.py:186} INFO - Started process (PID=11070) to work on /home/noelsdavid/airflow_venv/lib/python3.12/site-packages/airflow/example_dags/plugins/workday.py
[2026-05-18T06:38:35.990+0000] {processor.py:914} INFO - Processing file /home/noelsdavid/airflow_venv/lib/python3.12/site-packages/airflow/example_dags/plugins/workday.py for tasks to queue
[2026-05-18T06:38:35.992+0000] {logging_mixin.py:190} INFO - [2026-05-18T06:38:35.991+0000] {dagbag.py:588} INFO - Filling up the DagBag from /home/noelsdavid/airflow_venv/lib/python3.12/site-packages/airflow/example_dags/plugins/workday.py
[2026-05-18T06:38:35.996+0000] {logging_mixin.py:190} INFO - [2026-05-18T06:38:35.996+0000] {workday.py:41} WARNING - Could not import pandas. Holidays will not be considered.
[2026-05-18T06:38:35.997+0000] {processor.py:927} WARNING - No viable dags retrieved from /home/noelsdavid/airflow_venv/lib/python3.12/site-packages/airflow/example_dags/plugins/workday.py
[2026-05-18T06:38:36.013+0000] {processor.py:208} INFO - Processing /home/noelsdavid/airflow_venv/lib/python3.12/site-packages/airflow/example_dags/plugins/workday.py took 0.033 seconds
[2026-05-18T06:39:40.285+0000] {processor.py:186} INFO - Started process (PID=11295) to work on /home/noelsdavid/airflow_venv/lib/python3.12/site-packages/airflow/example_dags/plugins/workday.py
[2026-05-18T06:39:40.306+0000] {processor.py:914} INFO - Processing file /home/noelsdavid/airflow_venv/lib/python3.12/site-packages/airflow/example_dags/plugins/workday.py for tasks to queue
[2026-05-18T06:39:40.308+0000] {logging_mixin.py:190} INFO - [2026-05-18T06:39:40.307+0000] {dagbag.py:588} INFO - Filling up the DagBag from /home/noelsdavid/airflow_venv/lib/python3.12/site-packages/airflow/example_dags/plugins/workday.py
[2026-05-18T06:39:40.313+0000] {logging_mixin.py:190} INFO - [2026-05-18T06:39:40.312+0000] {workday.py:41} WARNING - Could not import pandas. Holidays will not be considered.
[2026-05-18T06:39:40.313+0000] {processor.py:927} WARNING - No viable dags retrieved from /home/noelsdavid/airflow_venv/lib/python3.12/site-packages/airflow/example_dags/plugins/workday.py
[2026-05-18T06:39:40.329+0000] {processor.py:208} INFO - Processing /home/noelsdavid/airflow_venv/lib/python3.12/site-packages/airflow/example_dags/plugins/workday.py took 0.052 seconds
[2026-05-18T06:40:13.795+0000] {processor.py:186} INFO - Started process (PID=11497) to work on /home/noelsdavid/airflow_venv/lib/python3.12/site-packages/airflow/example_dags/plugins/workday.py
[2026-05-18T06:40:13.799+0000] {processor.py:914} INFO - Processing file /home/noelsdavid/airflow_venv/lib/python3.12/site-packages/airflow/example_dags/plugins/workday.py for tasks to queue
[2026-05-18T06:40:13.801+0000] {logging_mixin.py:190} INFO - [2026-05-18T06:40:13.800+0000] {dagbag.py:588} INFO - Filling up the DagBag from /home/noelsdavid/airflow_venv/lib/python3.12/site-packages/airflow/example_dags/plugins/workday.py
[2026-05-18T06:40:13.806+0000] {logging_mixin.py:190} INFO - [2026-05-18T06:40:13.806+0000] {workday.py:41} WARNING - Could not import pandas. Holidays will not be considered.
[2026-05-18T06:40:13.807+0000] {processor.py:927} WARNING - No viable dags retrieved from /home/noelsdavid/airflow_venv/lib/python3.12/site-packages/airflow/example_dags/plugins/workday.py
[2026-05-18T06:40:13.824+0000] {processor.py:208} INFO - Processing /home/noelsdavid/airflow_venv/lib/python3.12/site-packages/airflow/example_dags/plugins/workday.py took 0.037 seconds
[2026-05-18T06:40:51.381+0000] {processor.py:186} INFO - Started process (PID=11607) to work on /home/noelsdavid/airflow_venv/lib/python3.12/site-packages/airflow/example_dags/plugins/workday.py
[2026-05-18T06:40:51.389+0000] {processor.py:914} INFO - Processing file /home/noelsdavid/airflow_venv/lib/python3.12/site-packages/airflow/example_dags/plugins/workday.py for tasks to queue
[2026-05-18T06:40:51.392+0000] {logging_mixin.py:190} INFO - [2026-05-18T06:40:51.391+0000] {dagbag.py:588} INFO - Filling up the DagBag from /home/noelsdavid/airflow_venv/lib/python3.12/site-packages/airflow/example_dags/plugins/workday.py
[2026-05-18T06:40:51.404+0000] {logging_mixin.py:190} INFO - [2026-05-18T06:40:51.404+0000] {workday.py:41} WARNING - Could not import pandas. Holidays will not be considered.
[2026-05-18T06:40:51.405+0000] {processor.py:927} WARNING - No viable dags retrieved from /home/noelsdavid/airflow_venv/lib/python3.12/site-packages/airflow/example_dags/plugins/workday.py
[2026-05-18T06:40:51.433+0000] {processor.py:208} INFO - Processing /home/noelsdavid/airflow_venv/lib/python3.12/site-packages/airflow/example_dags/plugins/workday.py took 0.060 seconds
[2026-05-18T06:41:27.946+0000] {processor.py:186} INFO - Started process (PID=12139) to work on /home/noelsdavid/airflow_venv/lib/python3.12/site-packages/airflow/example_dags/plugins/workday.py
[2026-05-18T06:41:27.948+0000] {processor.py:914} INFO - Processing file /home/noelsdavid/airflow_venv/lib/python3.12/site-packages/airflow/example_dags/plugins/workday.py for tasks to queue
[2026-05-18T06:41:27.951+0000] {logging_mixin.py:190} INFO - [2026-05-18T06:41:27.950+0000] {dagbag.py:588} INFO - Filling up the DagBag from /home/noelsdavid/airflow_venv/lib/python3.12/site-packages/airflow/example_dags/plugins/workday.py
[2026-05-18T06:41:27.955+0000] {logging_mixin.py:190} INFO - [2026-05-18T06:41:27.955+0000] {workday.py:41} WARNING - Could not import pandas. Holidays will not be considered.
[2026-05-18T06:41:27.956+0000] {processor.py:927} WARNING - No viable dags retrieved from /home/noelsdavid/airflow_venv/lib/python3.12/site-packages/airflow/example_dags/plugins/workday.py
[2026-05-18T06:41:27.973+0000] {processor.py:208} INFO - Processing /home/noelsdavid/airflow_venv/lib/python3.12/site-packages/airflow/example_dags/plugins/workday.py took 0.036 seconds
[2026-05-18T06:42:03.910+0000] {processor.py:186} INFO - Started process (PID=12302) to work on /home/noelsdavid/airflow_venv/lib/python3.12/site-packages/airflow/example_dags/plugins/workday.py
[2026-05-18T06:42:03.913+0000] {processor.py:914} INFO - Processing file /home/noelsdavid/airflow_venv/lib/python3.12/site-packages/airflow/example_dags/plugins/workday.py for tasks to queue
[2026-05-18T06:42:03.915+0000] {logging_mixin.py:190} INFO - [2026-05-18T06:42:03.915+0000] {dagbag.py:588} INFO - Filling up the DagBag from /home/noelsdavid/airflow_venv/lib/python3.12/site-packages/airflow/example_dags/plugins/workday.py
[2026-05-18T06:42:03.920+0000] {logging_mixin.py:190} INFO - [2026-05-18T06:42:03.920+0000] {workday.py:41} WARNING - Could not import pandas. Holidays will not be considered.
[2026-05-18T06:42:03.921+0000] {processor.py:927} WARNING - No viable dags retrieved from /home/noelsdavid/airflow_venv/lib/python3.12/site-packages/airflow/example_dags/plugins/workday.py
[2026-05-18T06:42:03.938+0000] {processor.py:208} INFO - Processing /home/noelsdavid/airflow_venv/lib/python3.12/site-packages/airflow/example_dags/plugins/workday.py took 0.036 seconds
[2026-05-18T06:42:41.435+0000] {processor.py:186} INFO - Started process (PID=12532) to work on /home/noelsdavid/airflow_venv/lib/python3.12/site-packages/airflow/example_dags/plugins/workday.py
[2026-05-18T06:42:41.437+0000] {processor.py:914} INFO - Processing file /home/noelsdavid/airflow_venv/lib/python3.12/site-packages/airflow/example_dags/plugins/workday.py for tasks to queue
[2026-05-18T06:42:41.439+0000] {logging_mixin.py:190} INFO - [2026-05-18T06:42:41.439+0000] {dagbag.py:588} INFO - Filling up the DagBag from /home/noelsdavid/airflow_venv/lib/python3.12/site-packages/airflow/example_dags/plugins/workday.py
[2026-05-18T06:42:42.076+0000] {processor.py:927} WARNING - No viable dags retrieved from /home/noelsdavid/airflow_venv/lib/python3.12/site-packages/airflow/example_dags/plugins/workday.py
[2026-05-18T06:42:42.086+0000] {processor.py:208} INFO - Processing /home/noelsdavid/airflow_venv/lib/python3.12/site-packages/airflow/example_dags/plugins/workday.py took 0.662 seconds
[2026-05-18T06:43:16.788+0000] {processor.py:186} INFO - Started process (PID=12688) to work on /home/noelsdavid/airflow_venv/lib/python3.12/site-packages/airflow/example_dags/plugins/workday.py
[2026-05-18T06:43:16.791+0000] {processor.py:914} INFO - Processing file /home/noelsdavid/airflow_venv/lib/python3.12/site-packages/airflow/example_dags/plugins/workday.py for tasks to queue
[2026-05-18T06:43:16.794+0000] {logging_mixin.py:190} INFO - [2026-05-18T06:43:16.793+0000] {dagbag.py:588} INFO - Filling up the DagBag from /home/noelsdavid/airflow_venv/lib/python3.12/site-packages/airflow/example_dags/plugins/workday.py
[2026-05-18T06:43:17.424+0000] {processor.py:927} WARNING - No viable dags retrieved from /home/noelsdavid/airflow_venv/lib/python3.12/site-packages/airflow/example_dags/plugins/workday.py
[2026-05-18T06:43:17.434+0000] {processor.py:208} INFO - Processing /home/noelsdavid/airflow_venv/lib/python3.12/site-packages/airflow/example_dags/plugins/workday.py took 0.656 seconds
[2026-05-18T06:44:13.172+0000] {processor.py:186} INFO - Started process (PID=13025) to work on /home/noelsdavid/airflow_venv/lib/python3.12/site-packages/airflow/example_dags/plugins/workday.py
[2026-05-18T06:44:13.174+0000] {processor.py:914} INFO - Processing file /home/noelsdavid/airflow_venv/lib/python3.12/site-packages/airflow/example_dags/plugins/workday.py for tasks to queue
[2026-05-18T06:44:13.176+0000] {logging_mixin.py:190} INFO - [2026-05-18T06:44:13.176+0000] {dagbag.py:588} INFO - Filling up the DagBag from /home/noelsdavid/airflow_venv/lib/python3.12/site-packages/airflow/example_dags/plugins/workday.py
[2026-05-18T06:44:13.774+0000] {processor.py:927} WARNING - No viable dags retrieved from /home/noelsdavid/airflow_venv/lib/python3.12/site-packages/airflow/example_dags/plugins/workday.py
[2026-05-18T06:44:13.783+0000] {processor.py:208} INFO - Processing /home/noelsdavid/airflow_venv/lib/python3.12/site-packages/airflow/example_dags/plugins/workday.py took 0.621 seconds
[2026-05-18T06:44:55.101+0000] {processor.py:186} INFO - Started process (PID=13071) to work on /home/noelsdavid/airflow_venv/lib/python3.12/site-packages/airflow/example_dags/plugins/workday.py
[2026-05-18T06:44:55.103+0000] {processor.py:914} INFO - Processing file /home/noelsdavid/airflow_venv/lib/python3.12/site-packages/airflow/example_dags/plugins/workday.py for tasks to queue
[2026-05-18T06:44:55.105+0000] {logging_mixin.py:190} INFO - [2026-05-18T06:44:55.105+0000] {dagbag.py:588} INFO - Filling up the DagBag from /home/noelsdavid/airflow_venv/lib/python3.12/site-packages/airflow/example_dags/plugins/workday.py
[2026-05-18T06:44:55.686+0000] {processor.py:927} WARNING - No viable dags retrieved from /home/noelsdavid/airflow_venv/lib/python3.12/site-packages/airflow/example_dags/plugins/workday.py
[2026-05-18T06:44:55.695+0000] {processor.py:208} INFO - Processing /home/noelsdavid/airflow_venv/lib/python3.12/site-packages/airflow/example_dags/plugins/workday.py took 0.604 seconds
[2026-05-18T06:45:31.129+0000] {processor.py:186} INFO - Started process (PID=13133) to work on /home/noelsdavid/airflow_venv/lib/python3.12/site-packages/airflow/example_dags/plugins/workday.py
[2026-05-18T06:45:31.132+0000] {processor.py:914} INFO - Processing file /home/noelsdavid/airflow_venv/lib/python3.12/site-packages/airflow/example_dags/plugins/workday.py for tasks to queue
[2026-05-18T06:45:31.134+0000] {logging_mixin.py:190} INFO - [2026-05-18T06:45:31.133+0000] {dagbag.py:588} INFO - Filling up the DagBag from /home/noelsdavid/airflow_venv/lib/python3.12/site-packages/airflow/example_dags/plugins/workday.py
[2026-05-18T06:45:31.757+0000] {processor.py:927} WARNING - No viable dags retrieved from /home/noelsdavid/airflow_venv/lib/python3.12/site-packages/airflow/example_dags/plugins/workday.py
[2026-05-18T06:45:31.769+0000] {processor.py:208} INFO - Processing /home/noelsdavid/airflow_venv/lib/python3.12/site-packages/airflow/example_dags/plugins/workday.py took 0.648 seconds
[2026-05-18T06:46:07.524+0000] {processor.py:186} INFO - Started process (PID=13173) to work on /home/noelsdavid/airflow_venv/lib/python3.12/site-packages/airflow/example_dags/plugins/workday.py
[2026-05-18T06:46:07.528+0000] {processor.py:914} INFO - Processing file /home/noelsdavid/airflow_venv/lib/python3.12/site-packages/airflow/example_dags/plugins/workday.py for tasks to queue
[2026-05-18T06:46:07.530+0000] {logging_mixin.py:190} INFO - [2026-05-18T06:46:07.529+0000] {dagbag.py:588} INFO - Filling up the DagBag from /home/noelsdavid/airflow_venv/lib/python3.12/site-packages/airflow/example_dags/plugins/workday.py
[2026-05-18T06:46:08.112+0000] {processor.py:927} WARNING - No viable dags retrieved from /home/noelsdavid/airflow_venv/lib/python3.12/site-packages/airflow/example_dags/plugins/workday.py
[2026-05-18T06:46:08.123+0000] {processor.py:208} INFO - Processing /home/noelsdavid/airflow_venv/lib/python3.12/site-packages/airflow/example_dags/plugins/workday.py took 0.610 seconds
[2026-05-18T06:46:42.648+0000] {processor.py:186} INFO - Started process (PID=13211) to work on /home/noelsdavid/airflow_venv/lib/python3.12/site-packages/airflow/example_dags/plugins/workday.py
[2026-05-18T06:46:42.651+0000] {processor.py:914} INFO - Processing file /home/noelsdavid/airflow_venv/lib/python3.12/site-packages/airflow/example_dags/plugins/workday.py for tasks to queue
[2026-05-18T06:46:42.653+0000] {logging_mixin.py:190} INFO - [2026-05-18T06:46:42.652+0000] {dagbag.py:588} INFO - Filling up the DagBag from /home/noelsdavid/airflow_venv/lib/python3.12/site-packages/airflow/example_dags/plugins/workday.py
[2026-05-18T06:46:43.226+0000] {processor.py:927} WARNING - No viable dags retrieved from /home/noelsdavid/airflow_venv/lib/python3.12/site-packages/airflow/example_dags/plugins/workday.py
[2026-05-18T06:46:43.235+0000] {processor.py:208} INFO - Processing /home/noelsdavid/airflow_venv/lib/python3.12/site-packages/airflow/example_dags/plugins/workday.py took 0.599 seconds
[2026-05-18T06:47:15.657+0000] {processor.py:186} INFO - Started process (PID=13250) to work on /home/noelsdavid/airflow_venv/lib/python3.12/site-packages/airflow/example_dags/plugins/workday.py
[2026-05-18T06:47:15.660+0000] {processor.py:914} INFO - Processing file /home/noelsdavid/airflow_venv/lib/python3.12/site-packages/airflow/example_dags/plugins/workday.py for tasks to queue
[2026-05-18T06:47:15.662+0000] {logging_mixin.py:190} INFO - [2026-05-18T06:47:15.661+0000] {dagbag.py:588} INFO - Filling up the DagBag from /home/noelsdavid/airflow_venv/lib/python3.12/site-packages/airflow/example_dags/plugins/workday.py
[2026-05-18T06:47:16.237+0000] {processor.py:927} WARNING - No viable dags retrieved from /home/noelsdavid/airflow_venv/lib/python3.12/site-packages/airflow/example_dags/plugins/workday.py
[2026-05-18T06:47:16.248+0000] {processor.py:208} INFO - Processing /home/noelsdavid/airflow_venv/lib/python3.12/site-packages/airflow/example_dags/plugins/workday.py took 0.600 seconds
[2026-05-18T06:48:21.072+0000] {processor.py:186} INFO - Started process (PID=13322) to work on /home/noelsdavid/airflow_venv/lib/python3.12/site-packages/airflow/example_dags/plugins/workday.py
[2026-05-18T06:48:21.101+0000] {processor.py:914} INFO - Processing file /home/noelsdavid/airflow_venv/lib/python3.12/site-packages/airflow/example_dags/plugins/workday.py for tasks to queue
[2026-05-18T06:48:21.103+0000] {logging_mixin.py:190} INFO - [2026-05-18T06:48:21.103+0000] {dagbag.py:588} INFO - Filling up the DagBag from /home/noelsdavid/airflow_venv/lib/python3.12/site-packages/airflow/example_dags/plugins/workday.py
[2026-05-18T06:48:21.679+0000] {processor.py:927} WARNING - No viable dags retrieved from /home/noelsdavid/airflow_venv/lib/python3.12/site-packages/airflow/example_dags/plugins/workday.py
[2026-05-18T06:48:21.696+0000] {processor.py:208} INFO - Processing /home/noelsdavid/airflow_venv/lib/python3.12/site-packages/airflow/example_dags/plugins/workday.py took 0.633 seconds
[2026-05-18T06:48:53.759+0000] {processor.py:186} INFO - Started process (PID=13359) to work on /home/noelsdavid/airflow_venv/lib/python3.12/site-packages/airflow/example_dags/plugins/workday.py
[2026-05-18T06:48:53.761+0000] {processor.py:914} INFO - Processing file /home/noelsdavid/airflow_venv/lib/python3.12/site-packages/airflow/example_dags/plugins/workday.py for tasks to queue
[2026-05-18T06:48:53.763+0000] {logging_mixin.py:190} INFO - [2026-05-18T06:48:53.763+0000] {dagbag.py:588} INFO - Filling up the DagBag from /home/noelsdavid/airflow_venv/lib/python3.12/site-packages/airflow/example_dags/plugins/workday.py
[2026-05-18T06:48:54.344+0000] {processor.py:927} WARNING - No viable dags retrieved from /home/noelsdavid/airflow_venv/lib/python3.12/site-packages/airflow/example_dags/plugins/workday.py
[2026-05-18T06:48:54.355+0000] {processor.py:208} INFO - Processing /home/noelsdavid/airflow_venv/lib/python3.12/site-packages/airflow/example_dags/plugins/workday.py took 0.605 seconds
[2026-05-18T06:49:59.639+0000] {processor.py:186} INFO - Started process (PID=13458) to work on /home/noelsdavid/airflow_venv/lib/python3.12/site-packages/airflow/example_dags/plugins/workday.py
[2026-05-18T06:49:59.641+0000] {processor.py:914} INFO - Processing file /home/noelsdavid/airflow_venv/lib/python3.12/site-packages/airflow/example_dags/plugins/workday.py for tasks to queue
[2026-05-18T06:49:59.643+0000] {logging_mixin.py:190} INFO - [2026-05-18T06:49:59.643+0000] {dagbag.py:588} INFO - Filling up the DagBag from /home/noelsdavid/airflow_venv/lib/python3.12/site-packages/airflow/example_dags/plugins/workday.py
[2026-05-18T06:50:00.200+0000] {processor.py:927} WARNING - No viable dags retrieved from /home/noelsdavid/airflow_venv/lib/python3.12/site-packages/airflow/example_dags/plugins/workday.py
[2026-05-18T06:50:00.211+0000] {processor.py:208} INFO - Processing /home/noelsdavid/airflow_venv/lib/python3.12/site-packages/airflow/example_dags/plugins/workday.py took 0.581 seconds
[2026-05-18T06:50:33.684+0000] {processor.py:186} INFO - Started process (PID=13969) to work on /home/noelsdavid/airflow_venv/lib/python3.12/site-packages/airflow/example_dags/plugins/workday.py
[2026-05-18T06:50:33.685+0000] {processor.py:914} INFO - Processing file /home/noelsdavid/airflow_venv/lib/python3.12/site-packages/airflow/example_dags/plugins/workday.py for tasks to queue
[2026-05-18T06:50:33.687+0000] {logging_mixin.py:190} INFO - [2026-05-18T06:50:33.686+0000] {dagbag.py:588} INFO - Filling up the DagBag from /home/noelsdavid/airflow_venv/lib/python3.12/site-packages/airflow/example_dags/plugins/workday.py
[2026-05-18T06:50:34.238+0000] {processor.py:927} WARNING - No viable dags retrieved from /home/noelsdavid/airflow_venv/lib/python3.12/site-packages/airflow/example_dags/plugins/workday.py
[2026-05-18T06:50:34.248+0000] {processor.py:208} INFO - Processing /home/noelsdavid/airflow_venv/lib/python3.12/site-packages/airflow/example_dags/plugins/workday.py took 0.573 seconds
[2026-05-18T06:51:09.300+0000] {processor.py:186} INFO - Started process (PID=14116) to work on /home/noelsdavid/airflow_venv/lib/python3.12/site-packages/airflow/example_dags/plugins/workday.py
[2026-05-18T06:51:09.303+0000] {processor.py:914} INFO - Processing file /home/noelsdavid/airflow_venv/lib/python3.12/site-packages/airflow/example_dags/plugins/workday.py for tasks to queue
[2026-05-18T06:51:09.305+0000] {logging_mixin.py:190} INFO - [2026-05-18T06:51:09.304+0000] {dagbag.py:588} INFO - Filling up the DagBag from /home/noelsdavid/airflow_venv/lib/python3.12/site-packages/airflow/example_dags/plugins/workday.py
[2026-05-18T06:51:09.858+0000] {processor.py:927} WARNING - No viable dags retrieved from /home/noelsdavid/airflow_venv/lib/python3.12/site-packages/airflow/example_dags/plugins/workday.py
[2026-05-18T06:51:09.870+0000] {processor.py:208} INFO - Processing /home/noelsdavid/airflow_venv/lib/python3.12/site-packages/airflow/example_dags/plugins/workday.py took 0.579 seconds
[2026-05-18T06:51:47.172+0000] {processor.py:186} INFO - Started process (PID=14295) to work on /home/noelsdavid/airflow_venv/lib/python3.12/site-packages/airflow/example_dags/plugins/workday.py
[2026-05-18T06:51:47.175+0000] {processor.py:914} INFO - Processing file /home/noelsdavid/airflow_venv/lib/python3.12/site-packages/airflow/example_dags/plugins/workday.py for tasks to queue
[2026-05-18T06:51:47.177+0000] {logging_mixin.py:190} INFO - [2026-05-18T06:51:47.177+0000] {dagbag.py:588} INFO - Filling up the DagBag from /home/noelsdavid/airflow_venv/lib/python3.12/site-packages/airflow/example_dags/plugins/workday.py
[2026-05-18T06:51:47.821+0000] {processor.py:927} WARNING - No viable dags retrieved from /home/noelsdavid/airflow_venv/lib/python3.12/site-packages/airflow/example_dags/plugins/workday.py
[2026-05-18T06:51:47.832+0000] {processor.py:208} INFO - Processing /home/noelsdavid/airflow_venv/lib/python3.12/site-packages/airflow/example_dags/plugins/workday.py took 0.670 seconds
[2026-05-18T06:52:21.841+0000] {processor.py:186} INFO - Started process (PID=14402) to work on /home/noelsdavid/airflow_venv/lib/python3.12/site-packages/airflow/example_dags/plugins/workday.py
[2026-05-18T06:52:21.844+0000] {processor.py:914} INFO - Processing file /home/noelsdavid/airflow_venv/lib/python3.12/site-packages/airflow/example_dags/plugins/workday.py for tasks to queue
[2026-05-18T06:52:21.846+0000] {logging_mixin.py:190} INFO - [2026-05-18T06:52:21.846+0000] {dagbag.py:588} INFO - Filling up the DagBag from /home/noelsdavid/airflow_venv/lib/python3.12/site-packages/airflow/example_dags/plugins/workday.py
[2026-05-18T06:52:22.409+0000] {processor.py:927} WARNING - No viable dags retrieved from /home/noelsdavid/airflow_venv/lib/python3.12/site-packages/airflow/example_dags/plugins/workday.py
[2026-05-18T06:52:22.420+0000] {processor.py:208} INFO - Processing /home/noelsdavid/airflow_venv/lib/python3.12/site-packages/airflow/example_dags/plugins/workday.py took 0.588 seconds
[2026-05-18T06:52:56.130+0000] {processor.py:186} INFO - Started process (PID=14558) to work on /home/noelsdavid/airflow_venv/lib/python3.12/site-packages/airflow/example_dags/plugins/workday.py
[2026-05-18T06:52:56.133+0000] {processor.py:914} INFO - Processing file /home/noelsdavid/airflow_venv/lib/python3.12/site-packages/airflow/example_dags/plugins/workday.py for tasks to queue
[2026-05-18T06:52:56.135+0000] {logging_mixin.py:190} INFO - [2026-05-18T06:52:56.135+0000] {dagbag.py:588} INFO - Filling up the DagBag from /home/noelsdavid/airflow_venv/lib/python3.12/site-packages/airflow/example_dags/plugins/workday.py
[2026-05-18T06:52:56.718+0000] {processor.py:927} WARNING - No viable dags retrieved from /home/noelsdavid/airflow_venv/lib/python3.12/site-packages/airflow/example_dags/plugins/workday.py
[2026-05-18T06:52:56.728+0000] {processor.py:208} INFO - Processing /home/noelsdavid/airflow_venv/lib/python3.12/site-packages/airflow/example_dags/plugins/workday.py took 0.609 seconds
[2026-05-18T06:53:32.423+0000] {processor.py:186} INFO - Started process (PID=14717) to work on /home/noelsdavid/airflow_venv/lib/python3.12/site-packages/airflow/example_dags/plugins/workday.py
[2026-05-18T06:53:32.425+0000] {processor.py:914} INFO - Processing file /home/noelsdavid/airflow_venv/lib/python3.12/site-packages/airflow/example_dags/plugins/workday.py for tasks to queue
[2026-05-18T06:53:32.427+0000] {logging_mixin.py:190} INFO - [2026-05-18T06:53:32.426+0000] {dagbag.py:588} INFO - Filling up the DagBag from /home/noelsdavid/airflow_venv/lib/python3.12/site-packages/airflow/example_dags/plugins/workday.py
[2026-05-18T06:53:32.989+0000] {processor.py:927} WARNING - No viable dags retrieved from /home/noelsdavid/airflow_venv/lib/python3.12/site-packages/airflow/example_dags/plugins/workday.py
[2026-05-18T06:53:32.998+0000] {processor.py:208} INFO - Processing /home/noelsdavid/airflow_venv/lib/python3.12/site-packages/airflow/example_dags/plugins/workday.py took 0.585 seconds
[2026-05-18T06:54:10.373+0000] {processor.py:186} INFO - Started process (PID=14911) to work on /home/noelsdavid/airflow_venv/lib/python3.12/site-packages/airflow/example_dags/plugins/workday.py
[2026-05-18T06:54:10.375+0000] {processor.py:914} INFO - Processing file /home/noelsdavid/airflow_venv/lib/python3.12/site-packages/airflow/example_dags/plugins/workday.py for tasks to queue
[2026-05-18T06:54:10.377+0000] {logging_mixin.py:190} INFO - [2026-05-18T06:54:10.376+0000] {dagbag.py:588} INFO - Filling up the DagBag from /home/noelsdavid/airflow_venv/lib/python3.12/site-packages/airflow/example_dags/plugins/workday.py
[2026-05-18T06:54:10.962+0000] {processor.py:927} WARNING - No viable dags retrieved from /home/noelsdavid/airflow_venv/lib/python3.12/site-packages/airflow/example_dags/plugins/workday.py
[2026-05-18T06:54:10.975+0000] {processor.py:208} INFO - Processing /home/noelsdavid/airflow_venv/lib/python3.12/site-packages/airflow/example_dags/plugins/workday.py took 0.611 seconds
[2026-05-18T06:54:45.201+0000] {processor.py:186} INFO - Started process (PID=15006) to work on /home/noelsdavid/airflow_venv/lib/python3.12/site-packages/airflow/example_dags/plugins/workday.py
[2026-05-18T06:54:45.204+0000] {processor.py:914} INFO - Processing file /home/noelsdavid/airflow_venv/lib/python3.12/site-packages/airflow/example_dags/plugins/workday.py for tasks to queue
[2026-05-18T06:54:45.206+0000] {logging_mixin.py:190} INFO - [2026-05-18T06:54:45.205+0000] {dagbag.py:588} INFO - Filling up the DagBag from /home/noelsdavid/airflow_venv/lib/python3.12/site-packages/airflow/example_dags/plugins/workday.py
[2026-05-18T06:54:45.768+0000] {processor.py:927} WARNING - No viable dags retrieved from /home/noelsdavid/airflow_venv/lib/python3.12/site-packages/airflow/example_dags/plugins/workday.py
[2026-05-18T06:54:45.778+0000] {processor.py:208} INFO - Processing /home/noelsdavid/airflow_venv/lib/python3.12/site-packages/airflow/example_dags/plugins/workday.py took 0.587 seconds
[2026-05-18T06:55:22.322+0000] {processor.py:186} INFO - Started process (PID=15079) to work on /home/noelsdavid/airflow_venv/lib/python3.12/site-packages/airflow/example_dags/plugins/workday.py
[2026-05-18T06:55:22.325+0000] {processor.py:914} INFO - Processing file /home/noelsdavid/airflow_venv/lib/python3.12/site-packages/airflow/example_dags/plugins/workday.py for tasks to queue
[2026-05-18T06:55:22.328+0000] {logging_mixin.py:190} INFO - [2026-05-18T06:55:22.327+0000] {dagbag.py:588} INFO - Filling up the DagBag from /home/noelsdavid/airflow_venv/lib/python3.12/site-packages/airflow/example_dags/plugins/workday.py
[2026-05-18T06:55:23.029+0000] {processor.py:927} WARNING - No viable dags retrieved from /home/noelsdavid/airflow_venv/lib/python3.12/site-packages/airflow/example_dags/plugins/workday.py
[2026-05-18T06:55:23.042+0000] {processor.py:208} INFO - Processing /home/noelsdavid/airflow_venv/lib/python3.12/site-packages/airflow/example_dags/plugins/workday.py took 0.732 seconds
[2026-05-18T06:56:02.530+0000] {processor.py:186} INFO - Started process (PID=15302) to work on /home/noelsdavid/airflow_venv/lib/python3.12/site-packages/airflow/example_dags/plugins/workday.py
[2026-05-18T06:56:02.533+0000] {processor.py:914} INFO - Processing file /home/noelsdavid/airflow_venv/lib/python3.12/site-packages/airflow/example_dags/plugins/workday.py for tasks to queue
[2026-05-18T06:56:02.535+0000] {logging_mixin.py:190} INFO - [2026-05-18T06:56:02.534+0000] {dagbag.py:588} INFO - Filling up the DagBag from /home/noelsdavid/airflow_venv/lib/python3.12/site-packages/airflow/example_dags/plugins/workday.py
[2026-05-18T06:56:03.582+0000] {processor.py:927} WARNING - No viable dags retrieved from /home/noelsdavid/airflow_venv/lib/python3.12/site-packages/airflow/example_dags/plugins/workday.py
[2026-05-18T06:56:03.604+0000] {processor.py:208} INFO - Processing /home/noelsdavid/airflow_venv/lib/python3.12/site-packages/airflow/example_dags/plugins/workday.py took 1.086 seconds
[2026-05-18T06:56:41.033+0000] {processor.py:186} INFO - Started process (PID=15415) to work on /home/noelsdavid/airflow_venv/lib/python3.12/site-packages/airflow/example_dags/plugins/workday.py
[2026-05-18T06:56:41.036+0000] {processor.py:914} INFO - Processing file /home/noelsdavid/airflow_venv/lib/python3.12/site-packages/airflow/example_dags/plugins/workday.py for tasks to queue
[2026-05-18T06:56:41.038+0000] {logging_mixin.py:190} INFO - [2026-05-18T06:56:41.037+0000] {dagbag.py:588} INFO - Filling up the DagBag from /home/noelsdavid/airflow_venv/lib/python3.12/site-packages/airflow/example_dags/plugins/workday.py
[2026-05-18T06:56:41.846+0000] {processor.py:927} WARNING - No viable dags retrieved from /home/noelsdavid/airflow_venv/lib/python3.12/site-packages/airflow/example_dags/plugins/workday.py
[2026-05-18T06:56:41.855+0000] {processor.py:208} INFO - Processing /home/noelsdavid/airflow_venv/lib/python3.12/site-packages/airflow/example_dags/plugins/workday.py took 0.833 seconds
[2026-05-18T06:57:19.159+0000] {processor.py:186} INFO - Started process (PID=15452) to work on /home/noelsdavid/airflow_venv/lib/python3.12/site-packages/airflow/example_dags/plugins/workday.py
[2026-05-18T06:57:19.162+0000] {processor.py:914} INFO - Processing file /home/noelsdavid/airflow_venv/lib/python3.12/site-packages/airflow/example_dags/plugins/workday.py for tasks to queue
[2026-05-18T06:57:19.164+0000] {logging_mixin.py:190} INFO - [2026-05-18T06:57:19.163+0000] {dagbag.py:588} INFO - Filling up the DagBag from /home/noelsdavid/airflow_venv/lib/python3.12/site-packages/airflow/example_dags/plugins/workday.py
[2026-05-18T06:57:19.788+0000] {processor.py:927} WARNING - No viable dags retrieved from /home/noelsdavid/airflow_venv/lib/python3.12/site-packages/airflow/example_dags/plugins/workday.py
[2026-05-18T06:57:19.805+0000] {processor.py:208} INFO - Processing /home/noelsdavid/airflow_venv/lib/python3.12/site-packages/airflow/example_dags/plugins/workday.py took 0.658 seconds
[2026-05-18T06:57:58.817+0000] {processor.py:186} INFO - Started process (PID=15603) to work on /home/noelsdavid/airflow_venv/lib/python3.12/site-packages/airflow/example_dags/plugins/workday.py
[2026-05-18T06:57:58.819+0000] {processor.py:914} INFO - Processing file /home/noelsdavid/airflow_venv/lib/python3.12/site-packages/airflow/example_dags/plugins/workday.py for tasks to queue
[2026-05-18T06:57:58.821+0000] {logging_mixin.py:190} INFO - [2026-05-18T06:57:58.820+0000] {dagbag.py:588} INFO - Filling up the DagBag from /home/noelsdavid/airflow_venv/lib/python3.12/site-packages/airflow/example_dags/plugins/workday.py
[2026-05-18T06:57:59.435+0000] {processor.py:927} WARNING - No viable dags retrieved from /home/noelsdavid/airflow_venv/lib/python3.12/site-packages/airflow/example_dags/plugins/workday.py
[2026-05-18T06:57:59.445+0000] {processor.py:208} INFO - Processing /home/noelsdavid/airflow_venv/lib/python3.12/site-packages/airflow/example_dags/plugins/workday.py took 0.638 seconds
[2026-05-18T06:58:35.384+0000] {processor.py:186} INFO - Started process (PID=15779) to work on /home/noelsdavid/airflow_venv/lib/python3.12/site-packages/airflow/example_dags/plugins/workday.py
[2026-05-18T06:58:35.386+0000] {processor.py:914} INFO - Processing file /home/noelsdavid/airflow_venv/lib/python3.12/site-packages/airflow/example_dags/plugins/workday.py for tasks to queue
[2026-05-18T06:58:35.388+0000] {logging_mixin.py:190} INFO - [2026-05-18T06:58:35.388+0000] {dagbag.py:588} INFO - Filling up the DagBag from /home/noelsdavid/airflow_venv/lib/python3.12/site-packages/airflow/example_dags/plugins/workday.py
[2026-05-18T06:58:36.111+0000] {processor.py:927} WARNING - No viable dags retrieved from /home/noelsdavid/airflow_venv/lib/python3.12/site-packages/airflow/example_dags/plugins/workday.py
[2026-05-18T06:58:36.127+0000] {processor.py:208} INFO - Processing /home/noelsdavid/airflow_venv/lib/python3.12/site-packages/airflow/example_dags/plugins/workday.py took 0.752 seconds
[2026-05-18T06:59:12.329+0000] {processor.py:186} INFO - Started process (PID=15833) to work on /home/noelsdavid/airflow_venv/lib/python3.12/site-packages/airflow/example_dags/plugins/workday.py
[2026-05-18T06:59:12.332+0000] {processor.py:914} INFO - Processing file /home/noelsdavid/airflow_venv/lib/python3.12/site-packages/airflow/example_dags/plugins/workday.py for tasks to queue
[2026-05-18T06:59:12.335+0000] {logging_mixin.py:190} INFO - [2026-05-18T06:59:12.335+0000] {dagbag.py:588} INFO - Filling up the DagBag from /home/noelsdavid/airflow_venv/lib/python3.12/site-packages/airflow/example_dags/plugins/workday.py
[2026-05-18T06:59:13.215+0000] {processor.py:927} WARNING - No viable dags retrieved from /home/noelsdavid/airflow_venv/lib/python3.12/site-packages/airflow/example_dags/plugins/workday.py
[2026-05-18T06:59:13.233+0000] {processor.py:208} INFO - Processing /home/noelsdavid/airflow_venv/lib/python3.12/site-packages/airflow/example_dags/plugins/workday.py took 0.915 seconds
[2026-05-18T06:59:52.529+0000] {processor.py:186} INFO - Started process (PID=15882) to work on /home/noelsdavid/airflow_venv/lib/python3.12/site-packages/airflow/example_dags/plugins/workday.py
[2026-05-18T06:59:52.532+0000] {processor.py:914} INFO - Processing file /home/noelsdavid/airflow_venv/lib/python3.12/site-packages/airflow/example_dags/plugins/workday.py for tasks to queue
[2026-05-18T06:59:52.534+0000] {logging_mixin.py:190} INFO - [2026-05-18T06:59:52.534+0000] {dagbag.py:588} INFO - Filling up the DagBag from /home/noelsdavid/airflow_venv/lib/python3.12/site-packages/airflow/example_dags/plugins/workday.py
[2026-05-18T06:59:53.464+0000] {processor.py:927} WARNING - No viable dags retrieved from /home/noelsdavid/airflow_venv/lib/python3.12/site-packages/airflow/example_dags/plugins/workday.py
[2026-05-18T06:59:53.477+0000] {processor.py:208} INFO - Processing /home/noelsdavid/airflow_venv/lib/python3.12/site-packages/airflow/example_dags/plugins/workday.py took 0.958 seconds
[2026-05-18T07:00:33.244+0000] {processor.py:186} INFO - Started process (PID=16192) to work on /home/noelsdavid/airflow_venv/lib/python3.12/site-packages/airflow/example_dags/plugins/workday.py
[2026-05-18T07:00:33.247+0000] {processor.py:914} INFO - Processing file /home/noelsdavid/airflow_venv/lib/python3.12/site-packages/airflow/example_dags/plugins/workday.py for tasks to queue
[2026-05-18T07:00:33.250+0000] {logging_mixin.py:190} INFO - [2026-05-18T07:00:33.249+0000] {dagbag.py:588} INFO - Filling up the DagBag from /home/noelsdavid/airflow_venv/lib/python3.12/site-packages/airflow/example_dags/plugins/workday.py
[2026-05-18T07:00:33.858+0000] {processor.py:927} WARNING - No viable dags retrieved from /home/noelsdavid/airflow_venv/lib/python3.12/site-packages/airflow/example_dags/plugins/workday.py
[2026-05-18T07:00:33.870+0000] {processor.py:208} INFO - Processing /home/noelsdavid/airflow_venv/lib/python3.12/site-packages/airflow/example_dags/plugins/workday.py took 0.635 seconds
[2026-05-18T07:01:12.989+0000] {processor.py:186} INFO - Started process (PID=16395) to work on /home/noelsdavid/airflow_venv/lib/python3.12/site-packages/airflow/example_dags/plugins/workday.py
[2026-05-18T07:01:12.991+0000] {processor.py:914} INFO - Processing file /home/noelsdavid/airflow_venv/lib/python3.12/site-packages/airflow/example_dags/plugins/workday.py for tasks to queue
[2026-05-18T07:01:12.993+0000] {logging_mixin.py:190} INFO - [2026-05-18T07:01:12.992+0000] {dagbag.py:588} INFO - Filling up the DagBag from /home/noelsdavid/airflow_venv/lib/python3.12/site-packages/airflow/example_dags/plugins/workday.py
[2026-05-18T07:01:13.559+0000] {processor.py:927} WARNING - No viable dags retrieved from /home/noelsdavid/airflow_venv/lib/python3.12/site-packages/airflow/example_dags/plugins/workday.py
[2026-05-18T07:01:13.568+0000] {processor.py:208} INFO - Processing /home/noelsdavid/airflow_venv/lib/python3.12/site-packages/airflow/example_dags/plugins/workday.py took 0.589 seconds
[2026-05-18T07:01:50.026+0000] {processor.py:186} INFO - Started process (PID=16436) to work on /home/noelsdavid/airflow_venv/lib/python3.12/site-packages/airflow/example_dags/plugins/workday.py
[2026-05-18T07:01:50.029+0000] {processor.py:914} INFO - Processing file /home/noelsdavid/airflow_venv/lib/python3.12/site-packages/airflow/example_dags/plugins/workday.py for tasks to queue
[2026-05-18T07:01:50.031+0000] {logging_mixin.py:190} INFO - [2026-05-18T07:01:50.030+0000] {dagbag.py:588} INFO - Filling up the DagBag from /home/noelsdavid/airflow_venv/lib/python3.12/site-packages/airflow/example_dags/plugins/workday.py
[2026-05-18T07:01:50.663+0000] {processor.py:927} WARNING - No viable dags retrieved from /home/noelsdavid/airflow_venv/lib/python3.12/site-packages/airflow/example_dags/plugins/workday.py
[2026-05-18T07:01:50.674+0000] {processor.py:208} INFO - Processing /home/noelsdavid/airflow_venv/lib/python3.12/site-packages/airflow/example_dags/plugins/workday.py took 0.658 seconds
[2026-05-18T07:02:26.264+0000] {processor.py:186} INFO - Started process (PID=16474) to work on /home/noelsdavid/airflow_venv/lib/python3.12/site-packages/airflow/example_dags/plugins/workday.py
[2026-05-18T07:02:26.266+0000] {processor.py:914} INFO - Processing file /home/noelsdavid/airflow_venv/lib/python3.12/site-packages/airflow/example_dags/plugins/workday.py for tasks to queue
[2026-05-18T07:02:26.269+0000] {logging_mixin.py:190} INFO - [2026-05-18T07:02:26.268+0000] {dagbag.py:588} INFO - Filling up the DagBag from /home/noelsdavid/airflow_venv/lib/python3.12/site-packages/airflow/example_dags/plugins/workday.py
[2026-05-18T07:02:26.859+0000] {processor.py:927} WARNING - No viable dags retrieved from /home/noelsdavid/airflow_venv/lib/python3.12/site-packages/airflow/example_dags/plugins/workday.py
[2026-05-18T07:02:26.868+0000] {processor.py:208} INFO - Processing /home/noelsdavid/airflow_venv/lib/python3.12/site-packages/airflow/example_dags/plugins/workday.py took 0.615 seconds
[2026-05-18T07:03:02.352+0000] {processor.py:186} INFO - Started process (PID=16514) to work on /home/noelsdavid/airflow_venv/lib/python3.12/site-packages/airflow/example_dags/plugins/workday.py
[2026-05-18T07:03:02.355+0000] {processor.py:914} INFO - Processing file /home/noelsdavid/airflow_venv/lib/python3.12/site-packages/airflow/example_dags/plugins/workday.py for tasks to queue
[2026-05-18T07:03:02.358+0000] {logging_mixin.py:190} INFO - [2026-05-18T07:03:02.357+0000] {dagbag.py:588} INFO - Filling up the DagBag from /home/noelsdavid/airflow_venv/lib/python3.12/site-packages/airflow/example_dags/plugins/workday.py
[2026-05-18T07:03:02.947+0000] {processor.py:927} WARNING - No viable dags retrieved from /home/noelsdavid/airflow_venv/lib/python3.12/site-packages/airflow/example_dags/plugins/workday.py
[2026-05-18T07:03:02.957+0000] {processor.py:208} INFO - Processing /home/noelsdavid/airflow_venv/lib/python3.12/site-packages/airflow/example_dags/plugins/workday.py took 0.615 seconds
[2026-05-18T07:03:38.286+0000] {processor.py:186} INFO - Started process (PID=16552) to work on /home/noelsdavid/airflow_venv/lib/python3.12/site-packages/airflow/example_dags/plugins/workday.py
[2026-05-18T07:03:38.289+0000] {processor.py:914} INFO - Processing file /home/noelsdavid/airflow_venv/lib/python3.12/site-packages/airflow/example_dags/plugins/workday.py for tasks to queue
[2026-05-18T07:03:38.291+0000] {logging_mixin.py:190} INFO - [2026-05-18T07:03:38.290+0000] {dagbag.py:588} INFO - Filling up the DagBag from /home/noelsdavid/airflow_venv/lib/python3.12/site-packages/airflow/example_dags/plugins/workday.py
[2026-05-18T07:03:38.912+0000] {processor.py:927} WARNING - No viable dags retrieved from /home/noelsdavid/airflow_venv/lib/python3.12/site-packages/airflow/example_dags/plugins/workday.py
[2026-05-18T07:03:38.922+0000] {processor.py:208} INFO - Processing /home/noelsdavid/airflow_venv/lib/python3.12/site-packages/airflow/example_dags/plugins/workday.py took 0.649 seconds
[2026-05-18T07:04:12.394+0000] {processor.py:186} INFO - Started process (PID=16592) to work on /home/noelsdavid/airflow_venv/lib/python3.12/site-packages/airflow/example_dags/plugins/workday.py
[2026-05-18T07:04:12.396+0000] {processor.py:914} INFO - Processing file /home/noelsdavid/airflow_venv/lib/python3.12/site-packages/airflow/example_dags/plugins/workday.py for tasks to queue
[2026-05-18T07:04:12.399+0000] {logging_mixin.py:190} INFO - [2026-05-18T07:04:12.398+0000] {dagbag.py:588} INFO - Filling up the DagBag from /home/noelsdavid/airflow_venv/lib/python3.12/site-packages/airflow/example_dags/plugins/workday.py
[2026-05-18T07:04:12.995+0000] {processor.py:927} WARNING - No viable dags retrieved from /home/noelsdavid/airflow_venv/lib/python3.12/site-packages/airflow/example_dags/plugins/workday.py
[2026-05-18T07:04:13.008+0000] {processor.py:208} INFO - Processing /home/noelsdavid/airflow_venv/lib/python3.12/site-packages/airflow/example_dags/plugins/workday.py took 0.624 seconds
[2026-05-18T07:04:46.606+0000] {processor.py:186} INFO - Started process (PID=16629) to work on /home/noelsdavid/airflow_venv/lib/python3.12/site-packages/airflow/example_dags/plugins/workday.py
[2026-05-18T07:04:46.633+0000] {processor.py:914} INFO - Processing file /home/noelsdavid/airflow_venv/lib/python3.12/site-packages/airflow/example_dags/plugins/workday.py for tasks to queue
[2026-05-18T07:04:46.635+0000] {logging_mixin.py:190} INFO - [2026-05-18T07:04:46.635+0000] {dagbag.py:588} INFO - Filling up the DagBag from /home/noelsdavid/airflow_venv/lib/python3.12/site-packages/airflow/example_dags/plugins/workday.py
[2026-05-18T07:04:47.212+0000] {processor.py:927} WARNING - No viable dags retrieved from /home/noelsdavid/airflow_venv/lib/python3.12/site-packages/airflow/example_dags/plugins/workday.py
[2026-05-18T07:04:47.221+0000] {processor.py:208} INFO - Processing /home/noelsdavid/airflow_venv/lib/python3.12/site-packages/airflow/example_dags/plugins/workday.py took 0.627 seconds
[2026-05-18T07:05:22.517+0000] {processor.py:186} INFO - Started process (PID=16693) to work on /home/noelsdavid/airflow_venv/lib/python3.12/site-packages/airflow/example_dags/plugins/workday.py
[2026-05-18T07:05:22.520+0000] {processor.py:914} INFO - Processing file /home/noelsdavid/airflow_venv/lib/python3.12/site-packages/airflow/example_dags/plugins/workday.py for tasks to queue
[2026-05-18T07:05:22.523+0000] {logging_mixin.py:190} INFO - [2026-05-18T07:05:22.522+0000] {dagbag.py:588} INFO - Filling up the DagBag from /home/noelsdavid/airflow_venv/lib/python3.12/site-packages/airflow/example_dags/plugins/workday.py
[2026-05-18T07:05:23.105+0000] {processor.py:927} WARNING - No viable dags retrieved from /home/noelsdavid/airflow_venv/lib/python3.12/site-packages/airflow/example_dags/plugins/workday.py
[2026-05-18T07:05:23.115+0000] {processor.py:208} INFO - Processing /home/noelsdavid/airflow_venv/lib/python3.12/site-packages/airflow/example_dags/plugins/workday.py took 0.607 seconds
[2026-05-18T07:06:00.260+0000] {processor.py:186} INFO - Started process (PID=16732) to work on /home/noelsdavid/airflow_venv/lib/python3.12/site-packages/airflow/example_dags/plugins/workday.py
[2026-05-18T07:06:00.263+0000] {processor.py:914} INFO - Processing file /home/noelsdavid/airflow_venv/lib/python3.12/site-packages/airflow/example_dags/plugins/workday.py for tasks to queue
[2026-05-18T07:06:00.265+0000] {logging_mixin.py:190} INFO - [2026-05-18T07:06:00.264+0000] {dagbag.py:588} INFO - Filling up the DagBag from /home/noelsdavid/airflow_venv/lib/python3.12/site-packages/airflow/example_dags/plugins/workday.py
[2026-05-18T07:06:00.849+0000] {processor.py:927} WARNING - No viable dags retrieved from /home/noelsdavid/airflow_venv/lib/python3.12/site-packages/airflow/example_dags/plugins/workday.py
[2026-05-18T07:06:00.860+0000] {processor.py:208} INFO - Processing /home/noelsdavid/airflow_venv/lib/python3.12/site-packages/airflow/example_dags/plugins/workday.py took 0.609 seconds
[2026-05-18T07:06:41.860+0000] {processor.py:186} INFO - Started process (PID=16774) to work on /home/noelsdavid/airflow_venv/lib/python3.12/site-packages/airflow/example_dags/plugins/workday.py
[2026-05-18T07:06:41.863+0000] {processor.py:914} INFO - Processing file /home/noelsdavid/airflow_venv/lib/python3.12/site-packages/airflow/example_dags/plugins/workday.py for tasks to queue
[2026-05-18T07:06:41.865+0000] {logging_mixin.py:190} INFO - [2026-05-18T07:06:41.864+0000] {dagbag.py:588} INFO - Filling up the DagBag from /home/noelsdavid/airflow_venv/lib/python3.12/site-packages/airflow/example_dags/plugins/workday.py
[2026-05-18T07:06:42.497+0000] {processor.py:927} WARNING - No viable dags retrieved from /home/noelsdavid/airflow_venv/lib/python3.12/site-packages/airflow/example_dags/plugins/workday.py
[2026-05-18T07:06:42.514+0000] {processor.py:208} INFO - Processing /home/noelsdavid/airflow_venv/lib/python3.12/site-packages/airflow/example_dags/plugins/workday.py took 0.663 seconds
[2026-05-18T07:07:19.912+0000] {processor.py:186} INFO - Started process (PID=16813) to work on /home/noelsdavid/airflow_venv/lib/python3.12/site-packages/airflow/example_dags/plugins/workday.py
[2026-05-18T07:07:19.915+0000] {processor.py:914} INFO - Processing file /home/noelsdavid/airflow_venv/lib/python3.12/site-packages/airflow/example_dags/plugins/workday.py for tasks to queue
[2026-05-18T07:07:19.917+0000] {logging_mixin.py:190} INFO - [2026-05-18T07:07:19.916+0000] {dagbag.py:588} INFO - Filling up the DagBag from /home/noelsdavid/airflow_venv/lib/python3.12/site-packages/airflow/example_dags/plugins/workday.py
[2026-05-18T07:07:20.518+0000] {processor.py:927} WARNING - No viable dags retrieved from /home/noelsdavid/airflow_venv/lib/python3.12/site-packages/airflow/example_dags/plugins/workday.py
[2026-05-18T07:07:20.534+0000] {processor.py:208} INFO - Processing /home/noelsdavid/airflow_venv/lib/python3.12/site-packages/airflow/example_dags/plugins/workday.py took 0.631 seconds
[2026-05-18T07:07:59.817+0000] {processor.py:186} INFO - Started process (PID=16854) to work on /home/noelsdavid/airflow_venv/lib/python3.12/site-packages/airflow/example_dags/plugins/workday.py
[2026-05-18T07:07:59.819+0000] {processor.py:914} INFO - Processing file /home/noelsdavid/airflow_venv/lib/python3.12/site-packages/airflow/example_dags/plugins/workday.py for tasks to queue
[2026-05-18T07:07:59.821+0000] {logging_mixin.py:190} INFO - [2026-05-18T07:07:59.820+0000] {dagbag.py:588} INFO - Filling up the DagBag from /home/noelsdavid/airflow_venv/lib/python3.12/site-packages/airflow/example_dags/plugins/workday.py
[2026-05-18T07:08:00.436+0000] {processor.py:927} WARNING - No viable dags retrieved from /home/noelsdavid/airflow_venv/lib/python3.12/site-packages/airflow/example_dags/plugins/workday.py
[2026-05-18T07:08:00.455+0000] {processor.py:208} INFO - Processing /home/noelsdavid/airflow_venv/lib/python3.12/site-packages/airflow/example_dags/plugins/workday.py took 0.647 seconds
[2026-05-18T07:08:39.346+0000] {processor.py:186} INFO - Started process (PID=16895) to work on /home/noelsdavid/airflow_venv/lib/python3.12/site-packages/airflow/example_dags/plugins/workday.py
[2026-05-18T07:08:39.348+0000] {processor.py:914} INFO - Processing file /home/noelsdavid/airflow_venv/lib/python3.12/site-packages/airflow/example_dags/plugins/workday.py for tasks to queue
[2026-05-18T07:08:39.350+0000] {logging_mixin.py:190} INFO - [2026-05-18T07:08:39.350+0000] {dagbag.py:588} INFO - Filling up the DagBag from /home/noelsdavid/airflow_venv/lib/python3.12/site-packages/airflow/example_dags/plugins/workday.py
[2026-05-18T07:08:40.011+0000] {processor.py:927} WARNING - No viable dags retrieved from /home/noelsdavid/airflow_venv/lib/python3.12/site-packages/airflow/example_dags/plugins/workday.py
[2026-05-18T07:08:40.030+0000] {processor.py:208} INFO - Processing /home/noelsdavid/airflow_venv/lib/python3.12/site-packages/airflow/example_dags/plugins/workday.py took 0.695 seconds
[2026-05-18T07:09:21.380+0000] {processor.py:186} INFO - Started process (PID=16936) to work on /home/noelsdavid/airflow_venv/lib/python3.12/site-packages/airflow/example_dags/plugins/workday.py
[2026-05-18T07:09:21.383+0000] {processor.py:914} INFO - Processing file /home/noelsdavid/airflow_venv/lib/python3.12/site-packages/airflow/example_dags/plugins/workday.py for tasks to queue
[2026-05-18T07:09:21.385+0000] {logging_mixin.py:190} INFO - [2026-05-18T07:09:21.384+0000] {dagbag.py:588} INFO - Filling up the DagBag from /home/noelsdavid/airflow_venv/lib/python3.12/site-packages/airflow/example_dags/plugins/workday.py
[2026-05-18T07:09:21.868+0000] {processor.py:927} WARNING - No viable dags retrieved from /home/noelsdavid/airflow_venv/lib/python3.12/site-packages/airflow/example_dags/plugins/workday.py
[2026-05-18T07:09:21.882+0000] {processor.py:208} INFO - Processing /home/noelsdavid/airflow_venv/lib/python3.12/site-packages/airflow/example_dags/plugins/workday.py took 0.512 seconds
[2026-05-18T07:10:03.398+0000] {processor.py:186} INFO - Started process (PID=16978) to work on /home/noelsdavid/airflow_venv/lib/python3.12/site-packages/airflow/example_dags/plugins/workday.py
[2026-05-18T07:10:03.402+0000] {processor.py:914} INFO - Processing file /home/noelsdavid/airflow_venv/lib/python3.12/site-packages/airflow/example_dags/plugins/workday.py for tasks to queue
[2026-05-18T07:10:03.405+0000] {logging_mixin.py:190} INFO - [2026-05-18T07:10:03.404+0000] {dagbag.py:588} INFO - Filling up the DagBag from /home/noelsdavid/airflow_venv/lib/python3.12/site-packages/airflow/example_dags/plugins/workday.py
[2026-05-18T07:10:04.034+0000] {processor.py:927} WARNING - No viable dags retrieved from /home/noelsdavid/airflow_venv/lib/python3.12/site-packages/airflow/example_dags/plugins/workday.py
[2026-05-18T07:10:04.062+0000] {processor.py:208} INFO - Processing /home/noelsdavid/airflow_venv/lib/python3.12/site-packages/airflow/example_dags/plugins/workday.py took 0.683 seconds
[2026-05-18T07:10:42.628+0000] {processor.py:186} INFO - Started process (PID=17046) to work on /home/noelsdavid/airflow_venv/lib/python3.12/site-packages/airflow/example_dags/plugins/workday.py
[2026-05-18T07:10:42.631+0000] {processor.py:914} INFO - Processing file /home/noelsdavid/airflow_venv/lib/python3.12/site-packages/airflow/example_dags/plugins/workday.py for tasks to queue
[2026-05-18T07:10:42.633+0000] {logging_mixin.py:190} INFO - [2026-05-18T07:10:42.633+0000] {dagbag.py:588} INFO - Filling up the DagBag from /home/noelsdavid/airflow_venv/lib/python3.12/site-packages/airflow/example_dags/plugins/workday.py
[2026-05-18T07:10:43.046+0000] {processor.py:927} WARNING - No viable dags retrieved from /home/noelsdavid/airflow_venv/lib/python3.12/site-packages/airflow/example_dags/plugins/workday.py
[2026-05-18T07:10:43.060+0000] {processor.py:208} INFO - Processing /home/noelsdavid/airflow_venv/lib/python3.12/site-packages/airflow/example_dags/plugins/workday.py took 0.441 seconds
[2026-05-18T07:11:19.385+0000] {processor.py:186} INFO - Started process (PID=17085) to work on /home/noelsdavid/airflow_venv/lib/python3.12/site-packages/airflow/example_dags/plugins/workday.py
[2026-05-18T07:11:19.388+0000] {processor.py:914} INFO - Processing file /home/noelsdavid/airflow_venv/lib/python3.12/site-packages/airflow/example_dags/plugins/workday.py for tasks to queue
[2026-05-18T07:11:19.390+0000] {logging_mixin.py:190} INFO - [2026-05-18T07:11:19.389+0000] {dagbag.py:588} INFO - Filling up the DagBag from /home/noelsdavid/airflow_venv/lib/python3.12/site-packages/airflow/example_dags/plugins/workday.py
[2026-05-18T07:11:19.810+0000] {processor.py:927} WARNING - No viable dags retrieved from /home/noelsdavid/airflow_venv/lib/python3.12/site-packages/airflow/example_dags/plugins/workday.py
[2026-05-18T07:11:19.825+0000] {processor.py:208} INFO - Processing /home/noelsdavid/airflow_venv/lib/python3.12/site-packages/airflow/example_dags/plugins/workday.py took 0.449 seconds
[2026-05-18T07:11:55.852+0000] {processor.py:186} INFO - Started process (PID=17125) to work on /home/noelsdavid/airflow_venv/lib/python3.12/site-packages/airflow/example_dags/plugins/workday.py
[2026-05-18T07:11:55.854+0000] {processor.py:914} INFO - Processing file /home/noelsdavid/airflow_venv/lib/python3.12/site-packages/airflow/example_dags/plugins/workday.py for tasks to queue
[2026-05-18T07:11:55.856+0000] {logging_mixin.py:190} INFO - [2026-05-18T07:11:55.855+0000] {dagbag.py:588} INFO - Filling up the DagBag from /home/noelsdavid/airflow_venv/lib/python3.12/site-packages/airflow/example_dags/plugins/workday.py
[2026-05-18T07:11:56.267+0000] {processor.py:927} WARNING - No viable dags retrieved from /home/noelsdavid/airflow_venv/lib/python3.12/site-packages/airflow/example_dags/plugins/workday.py
[2026-05-18T07:11:56.282+0000] {processor.py:208} INFO - Processing /home/noelsdavid/airflow_venv/lib/python3.12/site-packages/airflow/example_dags/plugins/workday.py took 0.440 seconds
[2026-05-18T07:12:32.417+0000] {processor.py:186} INFO - Started process (PID=17164) to work on /home/noelsdavid/airflow_venv/lib/python3.12/site-packages/airflow/example_dags/plugins/workday.py
[2026-05-18T07:12:32.419+0000] {processor.py:914} INFO - Processing file /home/noelsdavid/airflow_venv/lib/python3.12/site-packages/airflow/example_dags/plugins/workday.py for tasks to queue
[2026-05-18T07:12:32.422+0000] {logging_mixin.py:190} INFO - [2026-05-18T07:12:32.421+0000] {dagbag.py:588} INFO - Filling up the DagBag from /home/noelsdavid/airflow_venv/lib/python3.12/site-packages/airflow/example_dags/plugins/workday.py
[2026-05-18T07:12:32.838+0000] {processor.py:927} WARNING - No viable dags retrieved from /home/noelsdavid/airflow_venv/lib/python3.12/site-packages/airflow/example_dags/plugins/workday.py
[2026-05-18T07:12:32.853+0000] {processor.py:208} INFO - Processing /home/noelsdavid/airflow_venv/lib/python3.12/site-packages/airflow/example_dags/plugins/workday.py took 0.447 seconds
[2026-05-18T07:13:10.622+0000] {processor.py:186} INFO - Started process (PID=17204) to work on /home/noelsdavid/airflow_venv/lib/python3.12/site-packages/airflow/example_dags/plugins/workday.py
[2026-05-18T07:13:10.625+0000] {processor.py:914} INFO - Processing file /home/noelsdavid/airflow_venv/lib/python3.12/site-packages/airflow/example_dags/plugins/workday.py for tasks to queue
[2026-05-18T07:13:10.627+0000] {logging_mixin.py:190} INFO - [2026-05-18T07:13:10.626+0000] {dagbag.py:588} INFO - Filling up the DagBag from /home/noelsdavid/airflow_venv/lib/python3.12/site-packages/airflow/example_dags/plugins/workday.py
[2026-05-18T07:13:11.031+0000] {processor.py:927} WARNING - No viable dags retrieved from /home/noelsdavid/airflow_venv/lib/python3.12/site-packages/airflow/example_dags/plugins/workday.py
[2026-05-18T07:13:11.045+0000] {processor.py:208} INFO - Processing /home/noelsdavid/airflow_venv/lib/python3.12/site-packages/airflow/example_dags/plugins/workday.py took 0.433 seconds
[2026-05-18T07:13:48.956+0000] {processor.py:186} INFO - Started process (PID=17245) to work on /home/noelsdavid/airflow_venv/lib/python3.12/site-packages/airflow/example_dags/plugins/workday.py
[2026-05-18T07:13:48.959+0000] {processor.py:914} INFO - Processing file /home/noelsdavid/airflow_venv/lib/python3.12/site-packages/airflow/example_dags/plugins/workday.py for tasks to queue
[2026-05-18T07:13:48.961+0000] {logging_mixin.py:190} INFO - [2026-05-18T07:13:48.961+0000] {dagbag.py:588} INFO - Filling up the DagBag from /home/noelsdavid/airflow_venv/lib/python3.12/site-packages/airflow/example_dags/plugins/workday.py
[2026-05-18T07:13:49.384+0000] {processor.py:927} WARNING - No viable dags retrieved from /home/noelsdavid/airflow_venv/lib/python3.12/site-packages/airflow/example_dags/plugins/workday.py
[2026-05-18T07:13:49.400+0000] {processor.py:208} INFO - Processing /home/noelsdavid/airflow_venv/lib/python3.12/site-packages/airflow/example_dags/plugins/workday.py took 0.454 seconds
[2026-05-18T07:14:23.776+0000] {processor.py:186} INFO - Started process (PID=17284) to work on /home/noelsdavid/airflow_venv/lib/python3.12/site-packages/airflow/example_dags/plugins/workday.py
[2026-05-18T07:14:23.779+0000] {processor.py:914} INFO - Processing file /home/noelsdavid/airflow_venv/lib/python3.12/site-packages/airflow/example_dags/plugins/workday.py for tasks to queue
[2026-05-18T07:14:23.781+0000] {logging_mixin.py:190} INFO - [2026-05-18T07:14:23.780+0000] {dagbag.py:588} INFO - Filling up the DagBag from /home/noelsdavid/airflow_venv/lib/python3.12/site-packages/airflow/example_dags/plugins/workday.py
[2026-05-18T07:14:24.200+0000] {processor.py:927} WARNING - No viable dags retrieved from /home/noelsdavid/airflow_venv/lib/python3.12/site-packages/airflow/example_dags/plugins/workday.py
[2026-05-18T07:14:24.215+0000] {processor.py:208} INFO - Processing /home/noelsdavid/airflow_venv/lib/python3.12/site-packages/airflow/example_dags/plugins/workday.py took 0.448 seconds
[2026-05-18T07:14:59.130+0000] {processor.py:186} INFO - Started process (PID=17322) to work on /home/noelsdavid/airflow_venv/lib/python3.12/site-packages/airflow/example_dags/plugins/workday.py
[2026-05-18T07:14:59.132+0000] {processor.py:914} INFO - Processing file /home/noelsdavid/airflow_venv/lib/python3.12/site-packages/airflow/example_dags/plugins/workday.py for tasks to queue
[2026-05-18T07:14:59.135+0000] {logging_mixin.py:190} INFO - [2026-05-18T07:14:59.134+0000] {dagbag.py:588} INFO - Filling up the DagBag from /home/noelsdavid/airflow_venv/lib/python3.12/site-packages/airflow/example_dags/plugins/workday.py
[2026-05-18T07:14:59.586+0000] {processor.py:927} WARNING - No viable dags retrieved from /home/noelsdavid/airflow_venv/lib/python3.12/site-packages/airflow/example_dags/plugins/workday.py
[2026-05-18T07:14:59.602+0000] {processor.py:208} INFO - Processing /home/noelsdavid/airflow_venv/lib/python3.12/site-packages/airflow/example_dags/plugins/workday.py took 0.483 seconds
[2026-05-18T07:15:35.229+0000] {processor.py:186} INFO - Started process (PID=17386) to work on /home/noelsdavid/airflow_venv/lib/python3.12/site-packages/airflow/example_dags/plugins/workday.py
[2026-05-18T07:15:35.232+0000] {processor.py:914} INFO - Processing file /home/noelsdavid/airflow_venv/lib/python3.12/site-packages/airflow/example_dags/plugins/workday.py for tasks to queue
[2026-05-18T07:15:35.234+0000] {logging_mixin.py:190} INFO - [2026-05-18T07:15:35.234+0000] {dagbag.py:588} INFO - Filling up the DagBag from /home/noelsdavid/airflow_venv/lib/python3.12/site-packages/airflow/example_dags/plugins/workday.py
[2026-05-18T07:15:35.656+0000] {processor.py:927} WARNING - No viable dags retrieved from /home/noelsdavid/airflow_venv/lib/python3.12/site-packages/airflow/example_dags/plugins/workday.py
[2026-05-18T07:15:35.671+0000] {processor.py:208} INFO - Processing /home/noelsdavid/airflow_venv/lib/python3.12/site-packages/airflow/example_dags/plugins/workday.py took 0.451 seconds
[2026-05-18T07:16:13.398+0000] {processor.py:186} INFO - Started process (PID=17424) to work on /home/noelsdavid/airflow_venv/lib/python3.12/site-packages/airflow/example_dags/plugins/workday.py
[2026-05-18T07:16:13.401+0000] {processor.py:914} INFO - Processing file /home/noelsdavid/airflow_venv/lib/python3.12/site-packages/airflow/example_dags/plugins/workday.py for tasks to queue
[2026-05-18T07:16:13.403+0000] {logging_mixin.py:190} INFO - [2026-05-18T07:16:13.402+0000] {dagbag.py:588} INFO - Filling up the DagBag from /home/noelsdavid/airflow_venv/lib/python3.12/site-packages/airflow/example_dags/plugins/workday.py
[2026-05-18T07:16:13.851+0000] {processor.py:927} WARNING - No viable dags retrieved from /home/noelsdavid/airflow_venv/lib/python3.12/site-packages/airflow/example_dags/plugins/workday.py
[2026-05-18T07:16:13.867+0000] {processor.py:208} INFO - Processing /home/noelsdavid/airflow_venv/lib/python3.12/site-packages/airflow/example_dags/plugins/workday.py took 0.480 seconds
[2026-05-18T07:16:54.204+0000] {processor.py:186} INFO - Started process (PID=17466) to work on /home/noelsdavid/airflow_venv/lib/python3.12/site-packages/airflow/example_dags/plugins/workday.py
[2026-05-18T07:16:54.206+0000] {processor.py:914} INFO - Processing file /home/noelsdavid/airflow_venv/lib/python3.12/site-packages/airflow/example_dags/plugins/workday.py for tasks to queue
[2026-05-18T07:16:54.209+0000] {logging_mixin.py:190} INFO - [2026-05-18T07:16:54.208+0000] {dagbag.py:588} INFO - Filling up the DagBag from /home/noelsdavid/airflow_venv/lib/python3.12/site-packages/airflow/example_dags/plugins/workday.py
[2026-05-18T07:16:54.646+0000] {processor.py:927} WARNING - No viable dags retrieved from /home/noelsdavid/airflow_venv/lib/python3.12/site-packages/airflow/example_dags/plugins/workday.py
[2026-05-18T07:16:54.661+0000] {processor.py:208} INFO - Processing /home/noelsdavid/airflow_venv/lib/python3.12/site-packages/airflow/example_dags/plugins/workday.py took 0.467 seconds
[2026-05-18T07:17:33.516+0000] {processor.py:186} INFO - Started process (PID=17508) to work on /home/noelsdavid/airflow_venv/lib/python3.12/site-packages/airflow/example_dags/plugins/workday.py
[2026-05-18T07:17:33.519+0000] {processor.py:914} INFO - Processing file /home/noelsdavid/airflow_venv/lib/python3.12/site-packages/airflow/example_dags/plugins/workday.py for tasks to queue
[2026-05-18T07:17:33.521+0000] {logging_mixin.py:190} INFO - [2026-05-18T07:17:33.520+0000] {dagbag.py:588} INFO - Filling up the DagBag from /home/noelsdavid/airflow_venv/lib/python3.12/site-packages/airflow/example_dags/plugins/workday.py
[2026-05-18T07:17:33.950+0000] {processor.py:927} WARNING - No viable dags retrieved from /home/noelsdavid/airflow_venv/lib/python3.12/site-packages/airflow/example_dags/plugins/workday.py
[2026-05-18T07:17:33.966+0000] {processor.py:208} INFO - Processing /home/noelsdavid/airflow_venv/lib/python3.12/site-packages/airflow/example_dags/plugins/workday.py took 0.459 seconds
[2026-05-18T07:18:08.848+0000] {processor.py:186} INFO - Started process (PID=17548) to work on /home/noelsdavid/airflow_venv/lib/python3.12/site-packages/airflow/example_dags/plugins/workday.py
[2026-05-18T07:18:08.851+0000] {processor.py:914} INFO - Processing file /home/noelsdavid/airflow_venv/lib/python3.12/site-packages/airflow/example_dags/plugins/workday.py for tasks to queue
[2026-05-18T07:18:08.853+0000] {logging_mixin.py:190} INFO - [2026-05-18T07:18:08.852+0000] {dagbag.py:588} INFO - Filling up the DagBag from /home/noelsdavid/airflow_venv/lib/python3.12/site-packages/airflow/example_dags/plugins/workday.py
[2026-05-18T07:18:09.266+0000] {processor.py:927} WARNING - No viable dags retrieved from /home/noelsdavid/airflow_venv/lib/python3.12/site-packages/airflow/example_dags/plugins/workday.py
[2026-05-18T07:18:09.280+0000] {processor.py:208} INFO - Processing /home/noelsdavid/airflow_venv/lib/python3.12/site-packages/airflow/example_dags/plugins/workday.py took 0.441 seconds
[2026-05-18T07:18:41.704+0000] {processor.py:186} INFO - Started process (PID=17586) to work on /home/noelsdavid/airflow_venv/lib/python3.12/site-packages/airflow/example_dags/plugins/workday.py
[2026-05-18T07:18:41.723+0000] {processor.py:914} INFO - Processing file /home/noelsdavid/airflow_venv/lib/python3.12/site-packages/airflow/example_dags/plugins/workday.py for tasks to queue
[2026-05-18T07:18:41.726+0000] {logging_mixin.py:190} INFO - [2026-05-18T07:18:41.725+0000] {dagbag.py:588} INFO - Filling up the DagBag from /home/noelsdavid/airflow_venv/lib/python3.12/site-packages/airflow/example_dags/plugins/workday.py
[2026-05-18T07:18:42.156+0000] {processor.py:927} WARNING - No viable dags retrieved from /home/noelsdavid/airflow_venv/lib/python3.12/site-packages/airflow/example_dags/plugins/workday.py
[2026-05-18T07:18:42.172+0000] {processor.py:208} INFO - Processing /home/noelsdavid/airflow_venv/lib/python3.12/site-packages/airflow/example_dags/plugins/workday.py took 0.483 seconds
[2026-05-18T07:19:15.988+0000] {processor.py:186} INFO - Started process (PID=17624) to work on /home/noelsdavid/airflow_venv/lib/python3.12/site-packages/airflow/example_dags/plugins/workday.py
[2026-05-18T07:19:15.990+0000] {processor.py:914} INFO - Processing file /home/noelsdavid/airflow_venv/lib/python3.12/site-packages/airflow/example_dags/plugins/workday.py for tasks to queue
[2026-05-18T07:19:15.992+0000] {logging_mixin.py:190} INFO - [2026-05-18T07:19:15.992+0000] {dagbag.py:588} INFO - Filling up the DagBag from /home/noelsdavid/airflow_venv/lib/python3.12/site-packages/airflow/example_dags/plugins/workday.py
[2026-05-18T07:19:16.410+0000] {processor.py:927} WARNING - No viable dags retrieved from /home/noelsdavid/airflow_venv/lib/python3.12/site-packages/airflow/example_dags/plugins/workday.py
[2026-05-18T07:19:16.425+0000] {processor.py:208} INFO - Processing /home/noelsdavid/airflow_venv/lib/python3.12/site-packages/airflow/example_dags/plugins/workday.py took 0.447 seconds
[2026-05-18T07:19:50.811+0000] {processor.py:186} INFO - Started process (PID=17662) to work on /home/noelsdavid/airflow_venv/lib/python3.12/site-packages/airflow/example_dags/plugins/workday.py
[2026-05-18T07:19:50.813+0000] {processor.py:914} INFO - Processing file /home/noelsdavid/airflow_venv/lib/python3.12/site-packages/airflow/example_dags/plugins/workday.py for tasks to queue
[2026-05-18T07:19:50.816+0000] {logging_mixin.py:190} INFO - [2026-05-18T07:19:50.816+0000] {dagbag.py:588} INFO - Filling up the DagBag from /home/noelsdavid/airflow_venv/lib/python3.12/site-packages/airflow/example_dags/plugins/workday.py
[2026-05-18T07:19:51.248+0000] {processor.py:927} WARNING - No viable dags retrieved from /home/noelsdavid/airflow_venv/lib/python3.12/site-packages/airflow/example_dags/plugins/workday.py
[2026-05-18T07:19:51.265+0000] {processor.py:208} INFO - Processing /home/noelsdavid/airflow_venv/lib/python3.12/site-packages/airflow/example_dags/plugins/workday.py took 0.465 seconds
[2026-05-18T07:20:27.148+0000] {processor.py:186} INFO - Started process (PID=17724) to work on /home/noelsdavid/airflow_venv/lib/python3.12/site-packages/airflow/example_dags/plugins/workday.py
[2026-05-18T07:20:27.151+0000] {processor.py:914} INFO - Processing file /home/noelsdavid/airflow_venv/lib/python3.12/site-packages/airflow/example_dags/plugins/workday.py for tasks to queue
[2026-05-18T07:20:27.154+0000] {logging_mixin.py:190} INFO - [2026-05-18T07:20:27.153+0000] {dagbag.py:588} INFO - Filling up the DagBag from /home/noelsdavid/airflow_venv/lib/python3.12/site-packages/airflow/example_dags/plugins/workday.py
[2026-05-18T07:20:27.612+0000] {processor.py:927} WARNING - No viable dags retrieved from /home/noelsdavid/airflow_venv/lib/python3.12/site-packages/airflow/example_dags/plugins/workday.py
[2026-05-18T07:20:27.628+0000] {processor.py:208} INFO - Processing /home/noelsdavid/airflow_venv/lib/python3.12/site-packages/airflow/example_dags/plugins/workday.py took 0.490 seconds
[2026-05-18T07:21:03.235+0000] {processor.py:186} INFO - Started process (PID=17764) to work on /home/noelsdavid/airflow_venv/lib/python3.12/site-packages/airflow/example_dags/plugins/workday.py
[2026-05-18T07:21:03.238+0000] {processor.py:914} INFO - Processing file /home/noelsdavid/airflow_venv/lib/python3.12/site-packages/airflow/example_dags/plugins/workday.py for tasks to queue
[2026-05-18T07:21:03.240+0000] {logging_mixin.py:190} INFO - [2026-05-18T07:21:03.239+0000] {dagbag.py:588} INFO - Filling up the DagBag from /home/noelsdavid/airflow_venv/lib/python3.12/site-packages/airflow/example_dags/plugins/workday.py
[2026-05-18T07:21:03.661+0000] {processor.py:927} WARNING - No viable dags retrieved from /home/noelsdavid/airflow_venv/lib/python3.12/site-packages/airflow/example_dags/plugins/workday.py
[2026-05-18T07:21:03.676+0000] {processor.py:208} INFO - Processing /home/noelsdavid/airflow_venv/lib/python3.12/site-packages/airflow/example_dags/plugins/workday.py took 0.450 seconds
[2026-05-18T07:21:39.507+0000] {processor.py:186} INFO - Started process (PID=17807) to work on /home/noelsdavid/airflow_venv/lib/python3.12/site-packages/airflow/example_dags/plugins/workday.py
[2026-05-18T07:21:39.509+0000] {processor.py:914} INFO - Processing file /home/noelsdavid/airflow_venv/lib/python3.12/site-packages/airflow/example_dags/plugins/workday.py for tasks to queue
[2026-05-18T07:21:39.512+0000] {logging_mixin.py:190} INFO - [2026-05-18T07:21:39.511+0000] {dagbag.py:588} INFO - Filling up the DagBag from /home/noelsdavid/airflow_venv/lib/python3.12/site-packages/airflow/example_dags/plugins/workday.py
[2026-05-18T07:21:39.922+0000] {processor.py:927} WARNING - No viable dags retrieved from /home/noelsdavid/airflow_venv/lib/python3.12/site-packages/airflow/example_dags/plugins/workday.py
[2026-05-18T07:21:39.937+0000] {processor.py:208} INFO - Processing /home/noelsdavid/airflow_venv/lib/python3.12/site-packages/airflow/example_dags/plugins/workday.py took 0.439 seconds
[2026-05-18T07:22:14.603+0000] {processor.py:186} INFO - Started process (PID=17846) to work on /home/noelsdavid/airflow_venv/lib/python3.12/site-packages/airflow/example_dags/plugins/workday.py
[2026-05-18T07:22:14.605+0000] {processor.py:914} INFO - Processing file /home/noelsdavid/airflow_venv/lib/python3.12/site-packages/airflow/example_dags/plugins/workday.py for tasks to queue
[2026-05-18T07:22:14.607+0000] {logging_mixin.py:190} INFO - [2026-05-18T07:22:14.606+0000] {dagbag.py:588} INFO - Filling up the DagBag from /home/noelsdavid/airflow_venv/lib/python3.12/site-packages/airflow/example_dags/plugins/workday.py
[2026-05-18T07:22:15.021+0000] {processor.py:927} WARNING - No viable dags retrieved from /home/noelsdavid/airflow_venv/lib/python3.12/site-packages/airflow/example_dags/plugins/workday.py
[2026-05-18T07:22:15.035+0000] {processor.py:208} INFO - Processing /home/noelsdavid/airflow_venv/lib/python3.12/site-packages/airflow/example_dags/plugins/workday.py took 0.442 seconds
[2026-05-18T07:22:52.304+0000] {processor.py:186} INFO - Started process (PID=17885) to work on /home/noelsdavid/airflow_venv/lib/python3.12/site-packages/airflow/example_dags/plugins/workday.py
[2026-05-18T07:22:52.308+0000] {processor.py:914} INFO - Processing file /home/noelsdavid/airflow_venv/lib/python3.12/site-packages/airflow/example_dags/plugins/workday.py for tasks to queue
[2026-05-18T07:22:52.311+0000] {logging_mixin.py:190} INFO - [2026-05-18T07:22:52.310+0000] {dagbag.py:588} INFO - Filling up the DagBag from /home/noelsdavid/airflow_venv/lib/python3.12/site-packages/airflow/example_dags/plugins/workday.py
[2026-05-18T07:22:52.778+0000] {processor.py:927} WARNING - No viable dags retrieved from /home/noelsdavid/airflow_venv/lib/python3.12/site-packages/airflow/example_dags/plugins/workday.py
[2026-05-18T07:22:52.793+0000] {processor.py:208} INFO - Processing /home/noelsdavid/airflow_venv/lib/python3.12/site-packages/airflow/example_dags/plugins/workday.py took 0.499 seconds
[2026-05-18T07:23:28.323+0000] {processor.py:186} INFO - Started process (PID=17926) to work on /home/noelsdavid/airflow_venv/lib/python3.12/site-packages/airflow/example_dags/plugins/workday.py
[2026-05-18T07:23:28.326+0000] {processor.py:914} INFO - Processing file /home/noelsdavid/airflow_venv/lib/python3.12/site-packages/airflow/example_dags/plugins/workday.py for tasks to queue
[2026-05-18T07:23:28.328+0000] {logging_mixin.py:190} INFO - [2026-05-18T07:23:28.327+0000] {dagbag.py:588} INFO - Filling up the DagBag from /home/noelsdavid/airflow_venv/lib/python3.12/site-packages/airflow/example_dags/plugins/workday.py
[2026-05-18T07:23:28.738+0000] {processor.py:927} WARNING - No viable dags retrieved from /home/noelsdavid/airflow_venv/lib/python3.12/site-packages/airflow/example_dags/plugins/workday.py
[2026-05-18T07:23:28.754+0000] {processor.py:208} INFO - Processing /home/noelsdavid/airflow_venv/lib/python3.12/site-packages/airflow/example_dags/plugins/workday.py took 0.440 seconds
[2026-05-18T07:24:05.485+0000] {processor.py:186} INFO - Started process (PID=17964) to work on /home/noelsdavid/airflow_venv/lib/python3.12/site-packages/airflow/example_dags/plugins/workday.py
[2026-05-18T07:24:05.487+0000] {processor.py:914} INFO - Processing file /home/noelsdavid/airflow_venv/lib/python3.12/site-packages/airflow/example_dags/plugins/workday.py for tasks to queue
[2026-05-18T07:24:05.489+0000] {logging_mixin.py:190} INFO - [2026-05-18T07:24:05.489+0000] {dagbag.py:588} INFO - Filling up the DagBag from /home/noelsdavid/airflow_venv/lib/python3.12/site-packages/airflow/example_dags/plugins/workday.py
[2026-05-18T07:24:05.939+0000] {processor.py:927} WARNING - No viable dags retrieved from /home/noelsdavid/airflow_venv/lib/python3.12/site-packages/airflow/example_dags/plugins/workday.py
[2026-05-18T07:24:05.955+0000] {processor.py:208} INFO - Processing /home/noelsdavid/airflow_venv/lib/python3.12/site-packages/airflow/example_dags/plugins/workday.py took 0.479 seconds
[2026-05-18T07:24:43.679+0000] {processor.py:186} INFO - Started process (PID=18006) to work on /home/noelsdavid/airflow_venv/lib/python3.12/site-packages/airflow/example_dags/plugins/workday.py
[2026-05-18T07:24:43.683+0000] {processor.py:914} INFO - Processing file /home/noelsdavid/airflow_venv/lib/python3.12/site-packages/airflow/example_dags/plugins/workday.py for tasks to queue
[2026-05-18T07:24:43.687+0000] {logging_mixin.py:190} INFO - [2026-05-18T07:24:43.685+0000] {dagbag.py:588} INFO - Filling up the DagBag from /home/noelsdavid/airflow_venv/lib/python3.12/site-packages/airflow/example_dags/plugins/workday.py
[2026-05-18T07:24:44.121+0000] {processor.py:927} WARNING - No viable dags retrieved from /home/noelsdavid/airflow_venv/lib/python3.12/site-packages/airflow/example_dags/plugins/workday.py
[2026-05-18T07:24:44.138+0000] {processor.py:208} INFO - Processing /home/noelsdavid/airflow_venv/lib/python3.12/site-packages/airflow/example_dags/plugins/workday.py took 0.468 seconds
[2026-05-18T07:25:18.767+0000] {processor.py:186} INFO - Started process (PID=18068) to work on /home/noelsdavid/airflow_venv/lib/python3.12/site-packages/airflow/example_dags/plugins/workday.py
[2026-05-18T07:25:18.770+0000] {processor.py:914} INFO - Processing file /home/noelsdavid/airflow_venv/lib/python3.12/site-packages/airflow/example_dags/plugins/workday.py for tasks to queue
[2026-05-18T07:25:18.772+0000] {logging_mixin.py:190} INFO - [2026-05-18T07:25:18.772+0000] {dagbag.py:588} INFO - Filling up the DagBag from /home/noelsdavid/airflow_venv/lib/python3.12/site-packages/airflow/example_dags/plugins/workday.py
[2026-05-18T07:25:19.191+0000] {processor.py:927} WARNING - No viable dags retrieved from /home/noelsdavid/airflow_venv/lib/python3.12/site-packages/airflow/example_dags/plugins/workday.py
[2026-05-18T07:25:19.206+0000] {processor.py:208} INFO - Processing /home/noelsdavid/airflow_venv/lib/python3.12/site-packages/airflow/example_dags/plugins/workday.py took 0.449 seconds
[2026-05-18T07:26:23.744+0000] {processor.py:186} INFO - Started process (PID=18140) to work on /home/noelsdavid/airflow_venv/lib/python3.12/site-packages/airflow/example_dags/plugins/workday.py
[2026-05-18T07:26:23.747+0000] {processor.py:914} INFO - Processing file /home/noelsdavid/airflow_venv/lib/python3.12/site-packages/airflow/example_dags/plugins/workday.py for tasks to queue
[2026-05-18T07:26:23.749+0000] {logging_mixin.py:190} INFO - [2026-05-18T07:26:23.748+0000] {dagbag.py:588} INFO - Filling up the DagBag from /home/noelsdavid/airflow_venv/lib/python3.12/site-packages/airflow/example_dags/plugins/workday.py
[2026-05-18T07:26:24.166+0000] {processor.py:927} WARNING - No viable dags retrieved from /home/noelsdavid/airflow_venv/lib/python3.12/site-packages/airflow/example_dags/plugins/workday.py
[2026-05-18T07:26:24.180+0000] {processor.py:208} INFO - Processing /home/noelsdavid/airflow_venv/lib/python3.12/site-packages/airflow/example_dags/plugins/workday.py took 0.446 seconds
[2026-05-18T07:26:58.411+0000] {processor.py:186} INFO - Started process (PID=18178) to work on /home/noelsdavid/airflow_venv/lib/python3.12/site-packages/airflow/example_dags/plugins/workday.py
[2026-05-18T07:26:58.414+0000] {processor.py:914} INFO - Processing file /home/noelsdavid/airflow_venv/lib/python3.12/site-packages/airflow/example_dags/plugins/workday.py for tasks to queue
[2026-05-18T07:26:58.416+0000] {logging_mixin.py:190} INFO - [2026-05-18T07:26:58.415+0000] {dagbag.py:588} INFO - Filling up the DagBag from /home/noelsdavid/airflow_venv/lib/python3.12/site-packages/airflow/example_dags/plugins/workday.py
[2026-05-18T07:26:58.910+0000] {processor.py:927} WARNING - No viable dags retrieved from /home/noelsdavid/airflow_venv/lib/python3.12/site-packages/airflow/example_dags/plugins/workday.py
[2026-05-18T07:26:58.925+0000] {processor.py:208} INFO - Processing /home/noelsdavid/airflow_venv/lib/python3.12/site-packages/airflow/example_dags/plugins/workday.py took 0.525 seconds
[2026-05-18T07:27:34.857+0000] {processor.py:186} INFO - Started process (PID=18217) to work on /home/noelsdavid/airflow_venv/lib/python3.12/site-packages/airflow/example_dags/plugins/workday.py
[2026-05-18T07:27:34.860+0000] {processor.py:914} INFO - Processing file /home/noelsdavid/airflow_venv/lib/python3.12/site-packages/airflow/example_dags/plugins/workday.py for tasks to queue
[2026-05-18T07:27:34.862+0000] {logging_mixin.py:190} INFO - [2026-05-18T07:27:34.861+0000] {dagbag.py:588} INFO - Filling up the DagBag from /home/noelsdavid/airflow_venv/lib/python3.12/site-packages/airflow/example_dags/plugins/workday.py
[2026-05-18T07:27:35.466+0000] {processor.py:927} WARNING - No viable dags retrieved from /home/noelsdavid/airflow_venv/lib/python3.12/site-packages/airflow/example_dags/plugins/workday.py
[2026-05-18T07:27:35.477+0000] {processor.py:208} INFO - Processing /home/noelsdavid/airflow_venv/lib/python3.12/site-packages/airflow/example_dags/plugins/workday.py took 0.629 seconds
[2026-05-18T07:28:10.112+0000] {processor.py:186} INFO - Started process (PID=18256) to work on /home/noelsdavid/airflow_venv/lib/python3.12/site-packages/airflow/example_dags/plugins/workday.py
[2026-05-18T07:28:10.115+0000] {processor.py:914} INFO - Processing file /home/noelsdavid/airflow_venv/lib/python3.12/site-packages/airflow/example_dags/plugins/workday.py for tasks to queue
[2026-05-18T07:28:10.117+0000] {logging_mixin.py:190} INFO - [2026-05-18T07:28:10.116+0000] {dagbag.py:588} INFO - Filling up the DagBag from /home/noelsdavid/airflow_venv/lib/python3.12/site-packages/airflow/example_dags/plugins/workday.py
[2026-05-18T07:28:10.529+0000] {processor.py:927} WARNING - No viable dags retrieved from /home/noelsdavid/airflow_venv/lib/python3.12/site-packages/airflow/example_dags/plugins/workday.py
[2026-05-18T07:28:10.544+0000] {processor.py:208} INFO - Processing /home/noelsdavid/airflow_venv/lib/python3.12/site-packages/airflow/example_dags/plugins/workday.py took 0.441 seconds
[2026-05-18T07:28:45.253+0000] {processor.py:186} INFO - Started process (PID=18295) to work on /home/noelsdavid/airflow_venv/lib/python3.12/site-packages/airflow/example_dags/plugins/workday.py
[2026-05-18T07:28:45.255+0000] {processor.py:914} INFO - Processing file /home/noelsdavid/airflow_venv/lib/python3.12/site-packages/airflow/example_dags/plugins/workday.py for tasks to queue
[2026-05-18T07:28:45.257+0000] {logging_mixin.py:190} INFO - [2026-05-18T07:28:45.256+0000] {dagbag.py:588} INFO - Filling up the DagBag from /home/noelsdavid/airflow_venv/lib/python3.12/site-packages/airflow/example_dags/plugins/workday.py
[2026-05-18T07:28:45.895+0000] {processor.py:927} WARNING - No viable dags retrieved from /home/noelsdavid/airflow_venv/lib/python3.12/site-packages/airflow/example_dags/plugins/workday.py
[2026-05-18T07:28:45.914+0000] {processor.py:208} INFO - Processing /home/noelsdavid/airflow_venv/lib/python3.12/site-packages/airflow/example_dags/plugins/workday.py took 0.672 seconds
[2026-05-18T07:29:23.015+0000] {processor.py:186} INFO - Started process (PID=18333) to work on /home/noelsdavid/airflow_venv/lib/python3.12/site-packages/airflow/example_dags/plugins/workday.py
[2026-05-18T07:29:23.019+0000] {processor.py:914} INFO - Processing file /home/noelsdavid/airflow_venv/lib/python3.12/site-packages/airflow/example_dags/plugins/workday.py for tasks to queue
[2026-05-18T07:29:23.021+0000] {logging_mixin.py:190} INFO - [2026-05-18T07:29:23.020+0000] {dagbag.py:588} INFO - Filling up the DagBag from /home/noelsdavid/airflow_venv/lib/python3.12/site-packages/airflow/example_dags/plugins/workday.py
[2026-05-18T07:29:23.636+0000] {processor.py:927} WARNING - No viable dags retrieved from /home/noelsdavid/airflow_venv/lib/python3.12/site-packages/airflow/example_dags/plugins/workday.py
[2026-05-18T07:29:23.654+0000] {processor.py:208} INFO - Processing /home/noelsdavid/airflow_venv/lib/python3.12/site-packages/airflow/example_dags/plugins/workday.py took 0.648 seconds
[2026-05-18T07:29:57.811+0000] {processor.py:186} INFO - Started process (PID=18374) to work on /home/noelsdavid/airflow_venv/lib/python3.12/site-packages/airflow/example_dags/plugins/workday.py
[2026-05-18T07:29:57.814+0000] {processor.py:914} INFO - Processing file /home/noelsdavid/airflow_venv/lib/python3.12/site-packages/airflow/example_dags/plugins/workday.py for tasks to queue
[2026-05-18T07:29:57.816+0000] {logging_mixin.py:190} INFO - [2026-05-18T07:29:57.815+0000] {dagbag.py:588} INFO - Filling up the DagBag from /home/noelsdavid/airflow_venv/lib/python3.12/site-packages/airflow/example_dags/plugins/workday.py
[2026-05-18T07:29:58.509+0000] {processor.py:927} WARNING - No viable dags retrieved from /home/noelsdavid/airflow_venv/lib/python3.12/site-packages/airflow/example_dags/plugins/workday.py
[2026-05-18T07:29:58.522+0000] {processor.py:208} INFO - Processing /home/noelsdavid/airflow_venv/lib/python3.12/site-packages/airflow/example_dags/plugins/workday.py took 0.721 seconds
[2026-05-18T07:30:32.462+0000] {processor.py:186} INFO - Started process (PID=18443) to work on /home/noelsdavid/airflow_venv/lib/python3.12/site-packages/airflow/example_dags/plugins/workday.py
[2026-05-18T07:30:32.464+0000] {processor.py:914} INFO - Processing file /home/noelsdavid/airflow_venv/lib/python3.12/site-packages/airflow/example_dags/plugins/workday.py for tasks to queue
[2026-05-18T07:30:32.467+0000] {logging_mixin.py:190} INFO - [2026-05-18T07:30:32.467+0000] {dagbag.py:588} INFO - Filling up the DagBag from /home/noelsdavid/airflow_venv/lib/python3.12/site-packages/airflow/example_dags/plugins/workday.py
[2026-05-18T07:30:33.078+0000] {processor.py:927} WARNING - No viable dags retrieved from /home/noelsdavid/airflow_venv/lib/python3.12/site-packages/airflow/example_dags/plugins/workday.py
[2026-05-18T07:30:33.090+0000] {processor.py:208} INFO - Processing /home/noelsdavid/airflow_venv/lib/python3.12/site-packages/airflow/example_dags/plugins/workday.py took 0.640 seconds
[2026-05-18T07:31:07.583+0000] {processor.py:186} INFO - Started process (PID=18483) to work on /home/noelsdavid/airflow_venv/lib/python3.12/site-packages/airflow/example_dags/plugins/workday.py
[2026-05-18T07:31:07.585+0000] {processor.py:914} INFO - Processing file /home/noelsdavid/airflow_venv/lib/python3.12/site-packages/airflow/example_dags/plugins/workday.py for tasks to queue
[2026-05-18T07:31:07.587+0000] {logging_mixin.py:190} INFO - [2026-05-18T07:31:07.587+0000] {dagbag.py:588} INFO - Filling up the DagBag from /home/noelsdavid/airflow_venv/lib/python3.12/site-packages/airflow/example_dags/plugins/workday.py
[2026-05-18T07:31:08.176+0000] {processor.py:927} WARNING - No viable dags retrieved from /home/noelsdavid/airflow_venv/lib/python3.12/site-packages/airflow/example_dags/plugins/workday.py
[2026-05-18T07:31:08.186+0000] {processor.py:208} INFO - Processing /home/noelsdavid/airflow_venv/lib/python3.12/site-packages/airflow/example_dags/plugins/workday.py took 0.613 seconds
[2026-05-18T07:31:43.858+0000] {processor.py:186} INFO - Started process (PID=18521) to work on /home/noelsdavid/airflow_venv/lib/python3.12/site-packages/airflow/example_dags/plugins/workday.py
[2026-05-18T07:31:43.861+0000] {processor.py:914} INFO - Processing file /home/noelsdavid/airflow_venv/lib/python3.12/site-packages/airflow/example_dags/plugins/workday.py for tasks to queue
[2026-05-18T07:31:43.863+0000] {logging_mixin.py:190} INFO - [2026-05-18T07:31:43.862+0000] {dagbag.py:588} INFO - Filling up the DagBag from /home/noelsdavid/airflow_venv/lib/python3.12/site-packages/airflow/example_dags/plugins/workday.py
[2026-05-18T07:31:44.460+0000] {processor.py:927} WARNING - No viable dags retrieved from /home/noelsdavid/airflow_venv/lib/python3.12/site-packages/airflow/example_dags/plugins/workday.py
[2026-05-18T07:31:44.471+0000] {processor.py:208} INFO - Processing /home/noelsdavid/airflow_venv/lib/python3.12/site-packages/airflow/example_dags/plugins/workday.py took 0.622 seconds
[2026-05-18T07:32:18.627+0000] {processor.py:186} INFO - Started process (PID=18561) to work on /home/noelsdavid/airflow_venv/lib/python3.12/site-packages/airflow/example_dags/plugins/workday.py
[2026-05-18T07:32:18.629+0000] {processor.py:914} INFO - Processing file /home/noelsdavid/airflow_venv/lib/python3.12/site-packages/airflow/example_dags/plugins/workday.py for tasks to queue
[2026-05-18T07:32:18.631+0000] {logging_mixin.py:190} INFO - [2026-05-18T07:32:18.631+0000] {dagbag.py:588} INFO - Filling up the DagBag from /home/noelsdavid/airflow_venv/lib/python3.12/site-packages/airflow/example_dags/plugins/workday.py
[2026-05-18T07:32:19.211+0000] {processor.py:927} WARNING - No viable dags retrieved from /home/noelsdavid/airflow_venv/lib/python3.12/site-packages/airflow/example_dags/plugins/workday.py
[2026-05-18T07:32:19.221+0000] {processor.py:208} INFO - Processing /home/noelsdavid/airflow_venv/lib/python3.12/site-packages/airflow/example_dags/plugins/workday.py took 0.604 seconds
[2026-05-18T07:32:54.626+0000] {processor.py:186} INFO - Started process (PID=18599) to work on /home/noelsdavid/airflow_venv/lib/python3.12/site-packages/airflow/example_dags/plugins/workday.py
[2026-05-18T07:32:54.628+0000] {processor.py:914} INFO - Processing file /home/noelsdavid/airflow_venv/lib/python3.12/site-packages/airflow/example_dags/plugins/workday.py for tasks to queue
[2026-05-18T07:32:54.630+0000] {logging_mixin.py:190} INFO - [2026-05-18T07:32:54.630+0000] {dagbag.py:588} INFO - Filling up the DagBag from /home/noelsdavid/airflow_venv/lib/python3.12/site-packages/airflow/example_dags/plugins/workday.py
[2026-05-18T07:32:55.219+0000] {processor.py:927} WARNING - No viable dags retrieved from /home/noelsdavid/airflow_venv/lib/python3.12/site-packages/airflow/example_dags/plugins/workday.py
[2026-05-18T07:32:55.230+0000] {processor.py:208} INFO - Processing /home/noelsdavid/airflow_venv/lib/python3.12/site-packages/airflow/example_dags/plugins/workday.py took 0.614 seconds
[2026-05-18T07:33:28.019+0000] {processor.py:186} INFO - Started process (PID=18638) to work on /home/noelsdavid/airflow_venv/lib/python3.12/site-packages/airflow/example_dags/plugins/workday.py
[2026-05-18T07:33:28.022+0000] {processor.py:914} INFO - Processing file /home/noelsdavid/airflow_venv/lib/python3.12/site-packages/airflow/example_dags/plugins/workday.py for tasks to queue
[2026-05-18T07:33:28.024+0000] {logging_mixin.py:190} INFO - [2026-05-18T07:33:28.023+0000] {dagbag.py:588} INFO - Filling up the DagBag from /home/noelsdavid/airflow_venv/lib/python3.12/site-packages/airflow/example_dags/plugins/workday.py
[2026-05-18T07:33:28.602+0000] {processor.py:927} WARNING - No viable dags retrieved from /home/noelsdavid/airflow_venv/lib/python3.12/site-packages/airflow/example_dags/plugins/workday.py
[2026-05-18T07:33:28.611+0000] {processor.py:208} INFO - Processing /home/noelsdavid/airflow_venv/lib/python3.12/site-packages/airflow/example_dags/plugins/workday.py took 0.602 seconds
[2026-05-18T07:34:01.918+0000] {processor.py:186} INFO - Started process (PID=18675) to work on /home/noelsdavid/airflow_venv/lib/python3.12/site-packages/airflow/example_dags/plugins/workday.py
[2026-05-18T07:34:01.920+0000] {processor.py:914} INFO - Processing file /home/noelsdavid/airflow_venv/lib/python3.12/site-packages/airflow/example_dags/plugins/workday.py for tasks to queue
[2026-05-18T07:34:01.922+0000] {logging_mixin.py:190} INFO - [2026-05-18T07:34:01.922+0000] {dagbag.py:588} INFO - Filling up the DagBag from /home/noelsdavid/airflow_venv/lib/python3.12/site-packages/airflow/example_dags/plugins/workday.py
[2026-05-18T07:34:02.536+0000] {processor.py:927} WARNING - No viable dags retrieved from /home/noelsdavid/airflow_venv/lib/python3.12/site-packages/airflow/example_dags/plugins/workday.py
[2026-05-18T07:34:02.554+0000] {processor.py:208} INFO - Processing /home/noelsdavid/airflow_venv/lib/python3.12/site-packages/airflow/example_dags/plugins/workday.py took 0.647 seconds
[2026-05-18T07:34:37.545+0000] {processor.py:186} INFO - Started process (PID=18712) to work on /home/noelsdavid/airflow_venv/lib/python3.12/site-packages/airflow/example_dags/plugins/workday.py
[2026-05-18T07:34:37.548+0000] {processor.py:914} INFO - Processing file /home/noelsdavid/airflow_venv/lib/python3.12/site-packages/airflow/example_dags/plugins/workday.py for tasks to queue
[2026-05-18T07:34:37.550+0000] {logging_mixin.py:190} INFO - [2026-05-18T07:34:37.549+0000] {dagbag.py:588} INFO - Filling up the DagBag from /home/noelsdavid/airflow_venv/lib/python3.12/site-packages/airflow/example_dags/plugins/workday.py
[2026-05-18T07:34:38.167+0000] {processor.py:927} WARNING - No viable dags retrieved from /home/noelsdavid/airflow_venv/lib/python3.12/site-packages/airflow/example_dags/plugins/workday.py
[2026-05-18T07:34:38.187+0000] {processor.py:208} INFO - Processing /home/noelsdavid/airflow_venv/lib/python3.12/site-packages/airflow/example_dags/plugins/workday.py took 0.652 seconds
[2026-05-18T07:35:15.742+0000] {processor.py:186} INFO - Started process (PID=18763) to work on /home/noelsdavid/airflow_venv/lib/python3.12/site-packages/airflow/example_dags/plugins/workday.py
[2026-05-18T07:35:15.744+0000] {processor.py:914} INFO - Processing file /home/noelsdavid/airflow_venv/lib/python3.12/site-packages/airflow/example_dags/plugins/workday.py for tasks to queue
[2026-05-18T07:35:15.746+0000] {logging_mixin.py:190} INFO - [2026-05-18T07:35:15.746+0000] {dagbag.py:588} INFO - Filling up the DagBag from /home/noelsdavid/airflow_venv/lib/python3.12/site-packages/airflow/example_dags/plugins/workday.py
[2026-05-18T07:35:16.366+0000] {processor.py:927} WARNING - No viable dags retrieved from /home/noelsdavid/airflow_venv/lib/python3.12/site-packages/airflow/example_dags/plugins/workday.py
[2026-05-18T07:35:16.377+0000] {processor.py:208} INFO - Processing /home/noelsdavid/airflow_venv/lib/python3.12/site-packages/airflow/example_dags/plugins/workday.py took 0.646 seconds
[2026-05-18T07:35:51.899+0000] {processor.py:186} INFO - Started process (PID=18815) to work on /home/noelsdavid/airflow_venv/lib/python3.12/site-packages/airflow/example_dags/plugins/workday.py
[2026-05-18T07:35:51.901+0000] {processor.py:914} INFO - Processing file /home/noelsdavid/airflow_venv/lib/python3.12/site-packages/airflow/example_dags/plugins/workday.py for tasks to queue
[2026-05-18T07:35:51.903+0000] {logging_mixin.py:190} INFO - [2026-05-18T07:35:51.903+0000] {dagbag.py:588} INFO - Filling up the DagBag from /home/noelsdavid/airflow_venv/lib/python3.12/site-packages/airflow/example_dags/plugins/workday.py
[2026-05-18T07:35:52.500+0000] {processor.py:927} WARNING - No viable dags retrieved from /home/noelsdavid/airflow_venv/lib/python3.12/site-packages/airflow/example_dags/plugins/workday.py
[2026-05-18T07:35:52.510+0000] {processor.py:208} INFO - Processing /home/noelsdavid/airflow_venv/lib/python3.12/site-packages/airflow/example_dags/plugins/workday.py took 0.621 seconds
[2026-05-18T07:36:25.332+0000] {processor.py:186} INFO - Started process (PID=18854) to work on /home/noelsdavid/airflow_venv/lib/python3.12/site-packages/airflow/example_dags/plugins/workday.py
[2026-05-18T07:36:25.335+0000] {processor.py:914} INFO - Processing file /home/noelsdavid/airflow_venv/lib/python3.12/site-packages/airflow/example_dags/plugins/workday.py for tasks to queue
[2026-05-18T07:36:25.337+0000] {logging_mixin.py:190} INFO - [2026-05-18T07:36:25.337+0000] {dagbag.py:588} INFO - Filling up the DagBag from /home/noelsdavid/airflow_venv/lib/python3.12/site-packages/airflow/example_dags/plugins/workday.py
[2026-05-18T07:36:25.943+0000] {processor.py:927} WARNING - No viable dags retrieved from /home/noelsdavid/airflow_venv/lib/python3.12/site-packages/airflow/example_dags/plugins/workday.py
[2026-05-18T07:36:25.953+0000] {processor.py:208} INFO - Processing /home/noelsdavid/airflow_venv/lib/python3.12/site-packages/airflow/example_dags/plugins/workday.py took 0.631 seconds
[2026-05-18T07:37:00.672+0000] {processor.py:186} INFO - Started process (PID=18891) to work on /home/noelsdavid/airflow_venv/lib/python3.12/site-packages/airflow/example_dags/plugins/workday.py
[2026-05-18T07:37:00.674+0000] {processor.py:914} INFO - Processing file /home/noelsdavid/airflow_venv/lib/python3.12/site-packages/airflow/example_dags/plugins/workday.py for tasks to queue
[2026-05-18T07:37:00.676+0000] {logging_mixin.py:190} INFO - [2026-05-18T07:37:00.676+0000] {dagbag.py:588} INFO - Filling up the DagBag from /home/noelsdavid/airflow_venv/lib/python3.12/site-packages/airflow/example_dags/plugins/workday.py
[2026-05-18T07:37:01.296+0000] {processor.py:927} WARNING - No viable dags retrieved from /home/noelsdavid/airflow_venv/lib/python3.12/site-packages/airflow/example_dags/plugins/workday.py
[2026-05-18T07:37:01.306+0000] {processor.py:208} INFO - Processing /home/noelsdavid/airflow_venv/lib/python3.12/site-packages/airflow/example_dags/plugins/workday.py took 0.644 seconds
[2026-05-18T07:37:36.448+0000] {processor.py:186} INFO - Started process (PID=18931) to work on /home/noelsdavid/airflow_venv/lib/python3.12/site-packages/airflow/example_dags/plugins/workday.py
[2026-05-18T07:37:36.450+0000] {processor.py:914} INFO - Processing file /home/noelsdavid/airflow_venv/lib/python3.12/site-packages/airflow/example_dags/plugins/workday.py for tasks to queue
[2026-05-18T07:37:36.453+0000] {logging_mixin.py:190} INFO - [2026-05-18T07:37:36.452+0000] {dagbag.py:588} INFO - Filling up the DagBag from /home/noelsdavid/airflow_venv/lib/python3.12/site-packages/airflow/example_dags/plugins/workday.py
[2026-05-18T07:37:37.059+0000] {processor.py:927} WARNING - No viable dags retrieved from /home/noelsdavid/airflow_venv/lib/python3.12/site-packages/airflow/example_dags/plugins/workday.py
[2026-05-18T07:37:37.070+0000] {processor.py:208} INFO - Processing /home/noelsdavid/airflow_venv/lib/python3.12/site-packages/airflow/example_dags/plugins/workday.py took 0.632 seconds
[2026-05-18T07:38:12.535+0000] {processor.py:186} INFO - Started process (PID=18969) to work on /home/noelsdavid/airflow_venv/lib/python3.12/site-packages/airflow/example_dags/plugins/workday.py
[2026-05-18T07:38:12.538+0000] {processor.py:914} INFO - Processing file /home/noelsdavid/airflow_venv/lib/python3.12/site-packages/airflow/example_dags/plugins/workday.py for tasks to queue
[2026-05-18T07:38:12.540+0000] {logging_mixin.py:190} INFO - [2026-05-18T07:38:12.539+0000] {dagbag.py:588} INFO - Filling up the DagBag from /home/noelsdavid/airflow_venv/lib/python3.12/site-packages/airflow/example_dags/plugins/workday.py
[2026-05-18T07:38:13.129+0000] {processor.py:927} WARNING - No viable dags retrieved from /home/noelsdavid/airflow_venv/lib/python3.12/site-packages/airflow/example_dags/plugins/workday.py
[2026-05-18T07:38:13.139+0000] {processor.py:208} INFO - Processing /home/noelsdavid/airflow_venv/lib/python3.12/site-packages/airflow/example_dags/plugins/workday.py took 0.614 seconds
[2026-05-18T07:38:45.931+0000] {processor.py:186} INFO - Started process (PID=19009) to work on /home/noelsdavid/airflow_venv/lib/python3.12/site-packages/airflow/example_dags/plugins/workday.py
[2026-05-18T07:38:45.934+0000] {processor.py:914} INFO - Processing file /home/noelsdavid/airflow_venv/lib/python3.12/site-packages/airflow/example_dags/plugins/workday.py for tasks to queue
[2026-05-18T07:38:45.936+0000] {logging_mixin.py:190} INFO - [2026-05-18T07:38:45.935+0000] {dagbag.py:588} INFO - Filling up the DagBag from /home/noelsdavid/airflow_venv/lib/python3.12/site-packages/airflow/example_dags/plugins/workday.py
[2026-05-18T07:38:46.535+0000] {processor.py:927} WARNING - No viable dags retrieved from /home/noelsdavid/airflow_venv/lib/python3.12/site-packages/airflow/example_dags/plugins/workday.py
[2026-05-18T07:38:46.544+0000] {processor.py:208} INFO - Processing /home/noelsdavid/airflow_venv/lib/python3.12/site-packages/airflow/example_dags/plugins/workday.py took 0.623 seconds
[2026-05-18T07:39:20.740+0000] {processor.py:186} INFO - Started process (PID=19046) to work on /home/noelsdavid/airflow_venv/lib/python3.12/site-packages/airflow/example_dags/plugins/workday.py
[2026-05-18T07:39:20.743+0000] {processor.py:914} INFO - Processing file /home/noelsdavid/airflow_venv/lib/python3.12/site-packages/airflow/example_dags/plugins/workday.py for tasks to queue
[2026-05-18T07:39:20.745+0000] {logging_mixin.py:190} INFO - [2026-05-18T07:39:20.744+0000] {dagbag.py:588} INFO - Filling up the DagBag from /home/noelsdavid/airflow_venv/lib/python3.12/site-packages/airflow/example_dags/plugins/workday.py
[2026-05-18T07:39:21.343+0000] {processor.py:927} WARNING - No viable dags retrieved from /home/noelsdavid/airflow_venv/lib/python3.12/site-packages/airflow/example_dags/plugins/workday.py
[2026-05-18T07:39:21.353+0000] {processor.py:208} INFO - Processing /home/noelsdavid/airflow_venv/lib/python3.12/site-packages/airflow/example_dags/plugins/workday.py took 0.622 seconds
[2026-05-18T07:39:57.104+0000] {processor.py:186} INFO - Started process (PID=19086) to work on /home/noelsdavid/airflow_venv/lib/python3.12/site-packages/airflow/example_dags/plugins/workday.py
[2026-05-18T07:39:57.107+0000] {processor.py:914} INFO - Processing file /home/noelsdavid/airflow_venv/lib/python3.12/site-packages/airflow/example_dags/plugins/workday.py for tasks to queue
[2026-05-18T07:39:57.109+0000] {logging_mixin.py:190} INFO - [2026-05-18T07:39:57.108+0000] {dagbag.py:588} INFO - Filling up the DagBag from /home/noelsdavid/airflow_venv/lib/python3.12/site-packages/airflow/example_dags/plugins/workday.py
[2026-05-18T07:39:57.735+0000] {processor.py:927} WARNING - No viable dags retrieved from /home/noelsdavid/airflow_venv/lib/python3.12/site-packages/airflow/example_dags/plugins/workday.py
[2026-05-18T07:39:57.744+0000] {processor.py:208} INFO - Processing /home/noelsdavid/airflow_venv/lib/python3.12/site-packages/airflow/example_dags/plugins/workday.py took 0.650 seconds
                                                                                                                                                                                                                                                                                                                                                                                                                                                                                                                                                                                                                                                                                                                                                                                                                                                                                                                                                                                                                                          