[2026-05-18T06:00:08.568+0000] {processor.py:186} INFO - Started process (PID=6806) to work on /home/noelsdavid/airflow_venv/lib/python3.12/site-packages/airflow/example_dags/subdags/subdag.py
[2026-05-18T06:00:08.569+0000] {processor.py:914} INFO - Processing file /home/noelsdavid/airflow_venv/lib/python3.12/site-packages/airflow/example_dags/subdags/subdag.py for tasks to queue
[2026-05-18T06:00:08.572+0000] {logging_mixin.py:190} INFO - [2026-05-18T06:00:08.571+0000] {dagbag.py:588} INFO - Filling up the DagBag from /home/noelsdavid/airflow_venv/lib/python3.12/site-packages/airflow/example_dags/subdags/subdag.py
[2026-05-18T06:00:08.575+0000] {processor.py:927} WARNING - No viable dags retrieved from /home/noelsdavid/airflow_venv/lib/python3.12/site-packages/airflow/example_dags/subdags/subdag.py
[2026-05-18T06:00:08.593+0000] {processor.py:208} INFO - Processing /home/noelsdavid/airflow_venv/lib/python3.12/site-packages/airflow/example_dags/subdags/subdag.py took 0.034 seconds
[2026-05-18T06:01:19.841+0000] {processor.py:186} INFO - Started process (PID=6950) to work on /home/noelsdavid/airflow_venv/lib/python3.12/site-packages/airflow/example_dags/subdags/subdag.py
[2026-05-18T06:01:19.871+0000] {processor.py:914} INFO - Processing file /home/noelsdavid/airflow_venv/lib/python3.12/site-packages/airflow/example_dags/subdags/subdag.py for tasks to queue
[2026-05-18T06:01:19.875+0000] {logging_mixin.py:190} INFO - [2026-05-18T06:01:19.874+0000] {dagbag.py:588} INFO - Filling up the DagBag from /home/noelsdavid/airflow_venv/lib/python3.12/site-packages/airflow/example_dags/subdags/subdag.py
[2026-05-18T06:01:19.878+0000] {processor.py:927} WARNING - No viable dags retrieved from /home/noelsdavid/airflow_venv/lib/python3.12/site-packages/airflow/example_dags/subdags/subdag.py
[2026-05-18T06:01:19.892+0000] {processor.py:208} INFO - Processing /home/noelsdavid/airflow_venv/lib/python3.12/site-packages/airflow/example_dags/subdags/subdag.py took 0.059 seconds
[2026-05-18T06:01:55.717+0000] {processor.py:186} INFO - Started process (PID=6985) to work on /home/noelsdavid/airflow_venv/lib/python3.12/site-packages/airflow/example_dags/subdags/subdag.py
[2026-05-18T06:01:55.720+0000] {processor.py:914} INFO - Processing file /home/noelsdavid/airflow_venv/lib/python3.12/site-packages/airflow/example_dags/subdags/subdag.py for tasks to queue
[2026-05-18T06:01:55.722+0000] {logging_mixin.py:190} INFO - [2026-05-18T06:01:55.722+0000] {dagbag.py:588} INFO - Filling up the DagBag from /home/noelsdavid/airflow_venv/lib/python3.12/site-packages/airflow/example_dags/subdags/subdag.py
[2026-05-18T06:01:55.726+0000] {processor.py:927} WARNING - No viable dags retrieved from /home/noelsdavid/airflow_venv/lib/python3.12/site-packages/airflow/example_dags/subdags/subdag.py
[2026-05-18T06:01:55.740+0000] {processor.py:208} INFO - Processing /home/noelsdavid/airflow_venv/lib/python3.12/site-packages/airflow/example_dags/subdags/subdag.py took 0.030 seconds
[2026-05-18T06:02:26.091+0000] {processor.py:186} INFO - Started process (PID=7016) to work on /home/noelsdavid/airflow_venv/lib/python3.12/site-packages/airflow/example_dags/subdags/subdag.py
[2026-05-18T06:02:26.092+0000] {processor.py:914} INFO - Processing file /home/noelsdavid/airflow_venv/lib/python3.12/site-packages/airflow/example_dags/subdags/subdag.py for tasks to queue
[2026-05-18T06:02:26.094+0000] {logging_mixin.py:190} INFO - [2026-05-18T06:02:26.094+0000] {dagbag.py:588} INFO - Filling up the DagBag from /home/noelsdavid/airflow_venv/lib/python3.12/site-packages/airflow/example_dags/subdags/subdag.py
[2026-05-18T06:02:26.098+0000] {processor.py:927} WARNING - No viable dags retrieved from /home/noelsdavid/airflow_venv/lib/python3.12/site-packages/airflow/example_dags/subdags/subdag.py
[2026-05-18T06:02:26.113+0000] {processor.py:208} INFO - Processing /home/noelsdavid/airflow_venv/lib/python3.12/site-packages/airflow/example_dags/subdags/subdag.py took 0.032 seconds
[2026-05-18T06:03:25.018+0000] {processor.py:186} INFO - Started process (PID=7073) to work on /home/noelsdavid/airflow_venv/lib/python3.12/site-packages/airflow/example_dags/subdags/subdag.py
[2026-05-18T06:03:25.043+0000] {processor.py:914} INFO - Processing file /home/noelsdavid/airflow_venv/lib/python3.12/site-packages/airflow/example_dags/subdags/subdag.py for tasks to queue
[2026-05-18T06:03:25.046+0000] {logging_mixin.py:190} INFO - [2026-05-18T06:03:25.046+0000] {dagbag.py:588} INFO - Filling up the DagBag from /home/noelsdavid/airflow_venv/lib/python3.12/site-packages/airflow/example_dags/subdags/subdag.py
[2026-05-18T06:03:25.049+0000] {processor.py:927} WARNING - No viable dags retrieved from /home/noelsdavid/airflow_venv/lib/python3.12/site-packages/airflow/example_dags/subdags/subdag.py
[2026-05-18T06:03:25.064+0000] {processor.py:208} INFO - Processing /home/noelsdavid/airflow_venv/lib/python3.12/site-packages/airflow/example_dags/subdags/subdag.py took 0.052 seconds
[2026-05-18T06:03:55.584+0000] {processor.py:186} INFO - Started process (PID=7104) to work on /home/noelsdavid/airflow_venv/lib/python3.12/site-packages/airflow/example_dags/subdags/subdag.py
[2026-05-18T06:03:55.586+0000] {processor.py:914} INFO - Processing file /home/noelsdavid/airflow_venv/lib/python3.12/site-packages/airflow/example_dags/subdags/subdag.py for tasks to queue
[2026-05-18T06:03:55.589+0000] {logging_mixin.py:190} INFO - [2026-05-18T06:03:55.589+0000] {dagbag.py:588} INFO - Filling up the DagBag from /home/noelsdavid/airflow_venv/lib/python3.12/site-packages/airflow/example_dags/subdags/subdag.py
[2026-05-18T06:03:55.593+0000] {processor.py:927} WARNING - No viable dags retrieved from /home/noelsdavid/airflow_venv/lib/python3.12/site-packages/airflow/example_dags/subdags/subdag.py
[2026-05-18T06:03:55.608+0000] {processor.py:208} INFO - Processing /home/noelsdavid/airflow_venv/lib/python3.12/site-packages/airflow/example_dags/subdags/subdag.py took 0.032 seconds
[2026-05-18T06:04:26.008+0000] {processor.py:186} INFO - Started process (PID=7133) to work on /home/noelsdavid/airflow_venv/lib/python3.12/site-packages/airflow/example_dags/subdags/subdag.py
[2026-05-18T06:04:26.009+0000] {processor.py:914} INFO - Processing file /home/noelsdavid/airflow_venv/lib/python3.12/site-packages/airflow/example_dags/subdags/subdag.py for tasks to queue
[2026-05-18T06:04:26.011+0000] {logging_mixin.py:190} INFO - [2026-05-18T06:04:26.011+0000] {dagbag.py:588} INFO - Filling up the DagBag from /home/noelsdavid/airflow_venv/lib/python3.12/site-packages/airflow/example_dags/subdags/subdag.py
[2026-05-18T06:04:26.016+0000] {processor.py:927} WARNING - No viable dags retrieved from /home/noelsdavid/airflow_venv/lib/python3.12/site-packages/airflow/example_dags/subdags/subdag.py
[2026-05-18T06:04:26.032+0000] {processor.py:208} INFO - Processing /home/noelsdavid/airflow_venv/lib/python3.12/site-packages/airflow/example_dags/subdags/subdag.py took 0.032 seconds
[2026-05-18T06:04:56.550+0000] {processor.py:186} INFO - Started process (PID=7164) to work on /home/noelsdavid/airflow_venv/lib/python3.12/site-packages/airflow/example_dags/subdags/subdag.py
[2026-05-18T06:04:56.553+0000] {processor.py:914} INFO - Processing file /home/noelsdavid/airflow_venv/lib/python3.12/site-packages/airflow/example_dags/subdags/subdag.py for tasks to queue
[2026-05-18T06:04:56.557+0000] {logging_mixin.py:190} INFO - [2026-05-18T06:04:56.556+0000] {dagbag.py:588} INFO - Filling up the DagBag from /home/noelsdavid/airflow_venv/lib/python3.12/site-packages/airflow/example_dags/subdags/subdag.py
[2026-05-18T06:04:56.560+0000] {processor.py:927} WARNING - No viable dags retrieved from /home/noelsdavid/airflow_venv/lib/python3.12/site-packages/airflow/example_dags/subdags/subdag.py
[2026-05-18T06:04:56.576+0000] {processor.py:208} INFO - Processing /home/noelsdavid/airflow_venv/lib/python3.12/site-packages/airflow/example_dags/subdags/subdag.py took 0.033 seconds
[2026-05-18T06:05:31.639+0000] {processor.py:186} INFO - Started process (PID=7220) to work on /home/noelsdavid/airflow_venv/lib/python3.12/site-packages/airflow/example_dags/subdags/subdag.py
[2026-05-18T06:05:31.650+0000] {processor.py:914} INFO - Processing file /home/noelsdavid/airflow_venv/lib/python3.12/site-packages/airflow/example_dags/subdags/subdag.py for tasks to queue
[2026-05-18T06:05:31.655+0000] {logging_mixin.py:190} INFO - [2026-05-18T06:05:31.654+0000] {dagbag.py:588} INFO - Filling up the DagBag from /home/noelsdavid/airflow_venv/lib/python3.12/site-packages/airflow/example_dags/subdags/subdag.py
[2026-05-18T06:05:31.660+0000] {processor.py:927} WARNING - No viable dags retrieved from /home/noelsdavid/airflow_venv/lib/python3.12/site-packages/airflow/example_dags/subdags/subdag.py
[2026-05-18T06:05:31.683+0000] {processor.py:208} INFO - Processing /home/noelsdavid/airflow_venv/lib/python3.12/site-packages/airflow/example_dags/subdags/subdag.py took 0.052 seconds
[2026-05-18T06:06:08.800+0000] {processor.py:186} INFO - Started process (PID=7253) to work on /home/noelsdavid/airflow_venv/lib/python3.12/site-packages/airflow/example_dags/subdags/subdag.py
[2026-05-18T06:06:08.803+0000] {processor.py:914} INFO - Processing file /home/noelsdavid/airflow_venv/lib/python3.12/site-packages/airflow/example_dags/subdags/subdag.py for tasks to queue
[2026-05-18T06:06:08.806+0000] {logging_mixin.py:190} INFO - [2026-05-18T06:06:08.806+0000] {dagbag.py:588} INFO - Filling up the DagBag from /home/noelsdavid/airflow_venv/lib/python3.12/site-packages/airflow/example_dags/subdags/subdag.py
[2026-05-18T06:06:08.810+0000] {processor.py:927} WARNING - No viable dags retrieved from /home/noelsdavid/airflow_venv/lib/python3.12/site-packages/airflow/example_dags/subdags/subdag.py
[2026-05-18T06:06:08.826+0000] {processor.py:208} INFO - Processing /home/noelsdavid/airflow_venv/lib/python3.12/site-packages/airflow/example_dags/subdags/subdag.py took 0.034 seconds
[2026-05-18T06:06:40.163+0000] {processor.py:186} INFO - Started process (PID=7286) to work on /home/noelsdavid/airflow_venv/lib/python3.12/site-packages/airflow/example_dags/subdags/subdag.py
[2026-05-18T06:06:40.164+0000] {processor.py:914} INFO - Processing file /home/noelsdavid/airflow_venv/lib/python3.12/site-packages/airflow/example_dags/subdags/subdag.py for tasks to queue
[2026-05-18T06:06:40.167+0000] {logging_mixin.py:190} INFO - [2026-05-18T06:06:40.166+0000] {dagbag.py:588} INFO - Filling up the DagBag from /home/noelsdavid/airflow_venv/lib/python3.12/site-packages/airflow/example_dags/subdags/subdag.py
[2026-05-18T06:06:40.171+0000] {processor.py:927} WARNING - No viable dags retrieved from /home/noelsdavid/airflow_venv/lib/python3.12/site-packages/airflow/example_dags/subdags/subdag.py
[2026-05-18T06:06:40.187+0000] {processor.py:208} INFO - Processing /home/noelsdavid/airflow_venv/lib/python3.12/site-packages/airflow/example_dags/subdags/subdag.py took 0.032 seconds
[2026-05-18T06:07:36.300+0000] {processor.py:186} INFO - Started process (PID=7344) to work on /home/noelsdavid/airflow_venv/lib/python3.12/site-packages/airflow/example_dags/subdags/subdag.py
[2026-05-18T06:07:36.311+0000] {processor.py:914} INFO - Processing file /home/noelsdavid/airflow_venv/lib/python3.12/site-packages/airflow/example_dags/subdags/subdag.py for tasks to queue
[2026-05-18T06:07:36.315+0000] {logging_mixin.py:190} INFO - [2026-05-18T06:07:36.314+0000] {dagbag.py:588} INFO - Filling up the DagBag from /home/noelsdavid/airflow_venv/lib/python3.12/site-packages/airflow/example_dags/subdags/subdag.py
[2026-05-18T06:07:36.318+0000] {processor.py:927} WARNING - No viable dags retrieved from /home/noelsdavid/airflow_venv/lib/python3.12/site-packages/airflow/example_dags/subdags/subdag.py
[2026-05-18T06:07:36.334+0000] {processor.py:208} INFO - Processing /home/noelsdavid/airflow_venv/lib/python3.12/site-packages/airflow/example_dags/subdags/subdag.py took 0.043 seconds
[2026-05-18T06:08:40.191+0000] {processor.py:186} INFO - Started process (PID=7401) to work on /home/noelsdavid/airflow_venv/lib/python3.12/site-packages/airflow/example_dags/subdags/subdag.py
[2026-05-18T06:08:40.193+0000] {processor.py:914} INFO - Processing file /home/noelsdavid/airflow_venv/lib/python3.12/site-packages/airflow/example_dags/subdags/subdag.py for tasks to queue
[2026-05-18T06:08:40.197+0000] {logging_mixin.py:190} INFO - [2026-05-18T06:08:40.196+0000] {dagbag.py:588} INFO - Filling up the DagBag from /home/noelsdavid/airflow_venv/lib/python3.12/site-packages/airflow/example_dags/subdags/subdag.py
[2026-05-18T06:08:40.201+0000] {processor.py:927} WARNING - No viable dags retrieved from /home/noelsdavid/airflow_venv/lib/python3.12/site-packages/airflow/example_dags/subdags/subdag.py
[2026-05-18T06:08:40.218+0000] {processor.py:208} INFO - Processing /home/noelsdavid/airflow_venv/lib/python3.12/site-packages/airflow/example_dags/subdags/subdag.py took 0.036 seconds
[2026-05-18T06:09:11.907+0000] {processor.py:186} INFO - Started process (PID=7434) to work on /home/noelsdavid/airflow_venv/lib/python3.12/site-packages/airflow/example_dags/subdags/subdag.py
[2026-05-18T06:09:11.909+0000] {processor.py:914} INFO - Processing file /home/noelsdavid/airflow_venv/lib/python3.12/site-packages/airflow/example_dags/subdags/subdag.py for tasks to queue
[2026-05-18T06:09:11.912+0000] {logging_mixin.py:190} INFO - [2026-05-18T06:09:11.911+0000] {dagbag.py:588} INFO - Filling up the DagBag from /home/noelsdavid/airflow_venv/lib/python3.12/site-packages/airflow/example_dags/subdags/subdag.py
[2026-05-18T06:09:11.916+0000] {processor.py:927} WARNING - No viable dags retrieved from /home/noelsdavid/airflow_venv/lib/python3.12/site-packages/airflow/example_dags/subdags/subdag.py
[2026-05-18T06:09:11.932+0000] {processor.py:208} INFO - Processing /home/noelsdavid/airflow_venv/lib/python3.12/site-packages/airflow/example_dags/subdags/subdag.py took 0.033 seconds
[2026-05-18T06:09:43.655+0000] {processor.py:186} INFO - Started process (PID=7463) to work on /home/noelsdavid/airflow_venv/lib/python3.12/site-packages/airflow/example_dags/subdags/subdag.py
[2026-05-18T06:09:43.657+0000] {processor.py:914} INFO - Processing file /home/noelsdavid/airflow_venv/lib/python3.12/site-packages/airflow/example_dags/subdags/subdag.py for tasks to queue
[2026-05-18T06:09:43.660+0000] {logging_mixin.py:190} INFO - [2026-05-18T06:09:43.660+0000] {dagbag.py:588} INFO - Filling up the DagBag from /home/noelsdavid/airflow_venv/lib/python3.12/site-packages/airflow/example_dags/subdags/subdag.py
[2026-05-18T06:09:43.664+0000] {processor.py:927} WARNING - No viable dags retrieved from /home/noelsdavid/airflow_venv/lib/python3.12/site-packages/airflow/example_dags/subdags/subdag.py
[2026-05-18T06:09:43.679+0000] {processor.py:208} INFO - Processing /home/noelsdavid/airflow_venv/lib/python3.12/site-packages/airflow/example_dags/subdags/subdag.py took 0.032 seconds
[2026-05-18T06:10:15.385+0000] {processor.py:186} INFO - Started process (PID=7519) to work on /home/noelsdavid/airflow_venv/lib/python3.12/site-packages/airflow/example_dags/subdags/subdag.py
[2026-05-18T06:10:15.386+0000] {processor.py:914} INFO - Processing file /home/noelsdavid/airflow_venv/lib/python3.12/site-packages/airflow/example_dags/subdags/subdag.py for tasks to queue
[2026-05-18T06:10:15.389+0000] {logging_mixin.py:190} INFO - [2026-05-18T06:10:15.389+0000] {dagbag.py:588} INFO - Filling up the DagBag from /home/noelsdavid/airflow_venv/lib/python3.12/site-packages/airflow/example_dags/subdags/subdag.py
[2026-05-18T06:10:15.393+0000] {processor.py:927} WARNING - No viable dags retrieved from /home/noelsdavid/airflow_venv/lib/python3.12/site-packages/airflow/example_dags/subdags/subdag.py
[2026-05-18T06:10:15.410+0000] {processor.py:208} INFO - Processing /home/noelsdavid/airflow_venv/lib/python3.12/site-packages/airflow/example_dags/subdags/subdag.py took 0.034 seconds
[2026-05-18T06:11:14.390+0000] {processor.py:186} INFO - Started process (PID=7576) to work on /home/noelsdavid/airflow_venv/lib/python3.12/site-packages/airflow/example_dags/subdags/subdag.py
[2026-05-18T06:11:14.393+0000] {processor.py:914} INFO - Processing file /home/noelsdavid/airflow_venv/lib/python3.12/site-packages/airflow/example_dags/subdags/subdag.py for tasks to queue
[2026-05-18T06:11:14.396+0000] {logging_mixin.py:190} INFO - [2026-05-18T06:11:14.395+0000] {dagbag.py:588} INFO - Filling up the DagBag from /home/noelsdavid/airflow_venv/lib/python3.12/site-packages/airflow/example_dags/subdags/subdag.py
[2026-05-18T06:11:14.399+0000] {processor.py:927} WARNING - No viable dags retrieved from /home/noelsdavid/airflow_venv/lib/python3.12/site-packages/airflow/example_dags/subdags/subdag.py
[2026-05-18T06:11:14.415+0000] {processor.py:208} INFO - Processing /home/noelsdavid/airflow_venv/lib/python3.12/site-packages/airflow/example_dags/subdags/subdag.py took 0.032 seconds
[2026-05-18T06:11:44.607+0000] {processor.py:186} INFO - Started process (PID=7607) to work on /home/noelsdavid/airflow_venv/lib/python3.12/site-packages/airflow/example_dags/subdags/subdag.py
[2026-05-18T06:11:44.608+0000] {processor.py:914} INFO - Processing file /home/noelsdavid/airflow_venv/lib/python3.12/site-packages/airflow/example_dags/subdags/subdag.py for tasks to queue
[2026-05-18T06:11:44.611+0000] {logging_mixin.py:190} INFO - [2026-05-18T06:11:44.611+0000] {dagbag.py:588} INFO - Filling up the DagBag from /home/noelsdavid/airflow_venv/lib/python3.12/site-packages/airflow/example_dags/subdags/subdag.py
[2026-05-18T06:11:44.615+0000] {processor.py:927} WARNING - No viable dags retrieved from /home/noelsdavid/airflow_venv/lib/python3.12/site-packages/airflow/example_dags/subdags/subdag.py
[2026-05-18T06:11:44.631+0000] {processor.py:208} INFO - Processing /home/noelsdavid/airflow_venv/lib/python3.12/site-packages/airflow/example_dags/subdags/subdag.py took 0.032 seconds
[2026-05-18T06:12:42.045+0000] {processor.py:186} INFO - Started process (PID=7663) to work on /home/noelsdavid/airflow_venv/lib/python3.12/site-packages/airflow/example_dags/subdags/subdag.py
[2026-05-18T06:12:42.069+0000] {processor.py:914} INFO - Processing file /home/noelsdavid/airflow_venv/lib/python3.12/site-packages/airflow/example_dags/subdags/subdag.py for tasks to queue
[2026-05-18T06:12:42.072+0000] {logging_mixin.py:190} INFO - [2026-05-18T06:12:42.072+0000] {dagbag.py:588} INFO - Filling up the DagBag from /home/noelsdavid/airflow_venv/lib/python3.12/site-packages/airflow/example_dags/subdags/subdag.py
[2026-05-18T06:12:42.076+0000] {processor.py:927} WARNING - No viable dags retrieved from /home/noelsdavid/airflow_venv/lib/python3.12/site-packages/airflow/example_dags/subdags/subdag.py
[2026-05-18T06:12:42.092+0000] {processor.py:208} INFO - Processing /home/noelsdavid/airflow_venv/lib/python3.12/site-packages/airflow/example_dags/subdags/subdag.py took 0.056 seconds
[2026-05-18T06:13:12.283+0000] {processor.py:186} INFO - Started process (PID=7693) to work on /home/noelsdavid/airflow_venv/lib/python3.12/site-packages/airflow/example_dags/subdags/subdag.py
[2026-05-18T06:13:12.284+0000] {processor.py:914} INFO - Processing file /home/noelsdavid/airflow_venv/lib/python3.12/site-packages/airflow/example_dags/subdags/subdag.py for tasks to queue
[2026-05-18T06:13:12.287+0000] {logging_mixin.py:190} INFO - [2026-05-18T06:13:12.287+0000] {dagbag.py:588} INFO - Filling up the DagBag from /home/noelsdavid/airflow_venv/lib/python3.12/site-packages/airflow/example_dags/subdags/subdag.py
[2026-05-18T06:13:12.291+0000] {processor.py:927} WARNING - No viable dags retrieved from /home/noelsdavid/airflow_venv/lib/python3.12/site-packages/airflow/example_dags/subdags/subdag.py
[2026-05-18T06:13:12.307+0000] {processor.py:208} INFO - Processing /home/noelsdavid/airflow_venv/lib/python3.12/site-packages/airflow/example_dags/subdags/subdag.py took 0.033 seconds
[2026-05-18T06:13:45.290+0000] {processor.py:186} INFO - Started process (PID=7723) to work on /home/noelsdavid/airflow_venv/lib/python3.12/site-packages/airflow/example_dags/subdags/subdag.py
[2026-05-18T06:13:45.292+0000] {processor.py:914} INFO - Processing file /home/noelsdavid/airflow_venv/lib/python3.12/site-packages/airflow/example_dags/subdags/subdag.py for tasks to queue
[2026-05-18T06:13:45.296+0000] {logging_mixin.py:190} INFO - [2026-05-18T06:13:45.295+0000] {dagbag.py:588} INFO - Filling up the DagBag from /home/noelsdavid/airflow_venv/lib/python3.12/site-packages/airflow/example_dags/subdags/subdag.py
[2026-05-18T06:13:45.299+0000] {processor.py:927} WARNING - No viable dags retrieved from /home/noelsdavid/airflow_venv/lib/python3.12/site-packages/airflow/example_dags/subdags/subdag.py
[2026-05-18T06:13:45.315+0000] {processor.py:208} INFO - Processing /home/noelsdavid/airflow_venv/lib/python3.12/site-packages/airflow/example_dags/subdags/subdag.py took 0.033 seconds
[2026-05-18T06:14:16.409+0000] {processor.py:186} INFO - Started process (PID=7755) to work on /home/noelsdavid/airflow_venv/lib/python3.12/site-packages/airflow/example_dags/subdags/subdag.py
[2026-05-18T06:14:16.424+0000] {processor.py:914} INFO - Processing file /home/noelsdavid/airflow_venv/lib/python3.12/site-packages/airflow/example_dags/subdags/subdag.py for tasks to queue
[2026-05-18T06:14:16.427+0000] {logging_mixin.py:190} INFO - [2026-05-18T06:14:16.426+0000] {dagbag.py:588} INFO - Filling up the DagBag from /home/noelsdavid/airflow_venv/lib/python3.12/site-packages/airflow/example_dags/subdags/subdag.py
[2026-05-18T06:14:16.430+0000] {processor.py:927} WARNING - No viable dags retrieved from /home/noelsdavid/airflow_venv/lib/python3.12/site-packages/airflow/example_dags/subdags/subdag.py
[2026-05-18T06:14:16.446+0000] {processor.py:208} INFO - Processing /home/noelsdavid/airflow_venv/lib/python3.12/site-packages/airflow/example_dags/subdags/subdag.py took 0.047 seconds
[2026-05-18T06:15:17.488+0000] {processor.py:186} INFO - Started process (PID=7842) to work on /home/noelsdavid/airflow_venv/lib/python3.12/site-packages/airflow/example_dags/subdags/subdag.py
[2026-05-18T06:15:17.491+0000] {processor.py:914} INFO - Processing file /home/noelsdavid/airflow_venv/lib/python3.12/site-packages/airflow/example_dags/subdags/subdag.py for tasks to queue
[2026-05-18T06:15:17.494+0000] {logging_mixin.py:190} INFO - [2026-05-18T06:15:17.494+0000] {dagbag.py:588} INFO - Filling up the DagBag from /home/noelsdavid/airflow_venv/lib/python3.12/site-packages/airflow/example_dags/subdags/subdag.py
[2026-05-18T06:15:17.498+0000] {processor.py:927} WARNING - No viable dags retrieved from /home/noelsdavid/airflow_venv/lib/python3.12/site-packages/airflow/example_dags/subdags/subdag.py
[2026-05-18T06:15:17.514+0000] {processor.py:208} INFO - Processing /home/noelsdavid/airflow_venv/lib/python3.12/site-packages/airflow/example_dags/subdags/subdag.py took 0.034 seconds
[2026-05-18T06:15:49.465+0000] {processor.py:186} INFO - Started process (PID=7983) to work on /home/noelsdavid/airflow_venv/lib/python3.12/site-packages/airflow/example_dags/subdags/subdag.py
[2026-05-18T06:15:49.466+0000] {processor.py:914} INFO - Processing file /home/noelsdavid/airflow_venv/lib/python3.12/site-packages/airflow/example_dags/subdags/subdag.py for tasks to queue
[2026-05-18T06:15:49.470+0000] {logging_mixin.py:190} INFO - [2026-05-18T06:15:49.469+0000] {dagbag.py:588} INFO - Filling up the DagBag from /home/noelsdavid/airflow_venv/lib/python3.12/site-packages/airflow/example_dags/subdags/subdag.py
[2026-05-18T06:15:49.473+0000] {processor.py:927} WARNING - No viable dags retrieved from /home/noelsdavid/airflow_venv/lib/python3.12/site-packages/airflow/example_dags/subdags/subdag.py
[2026-05-18T06:15:49.491+0000] {processor.py:208} INFO - Processing /home/noelsdavid/airflow_venv/lib/python3.12/site-packages/airflow/example_dags/subdags/subdag.py took 0.035 seconds
[2026-05-18T06:16:21.613+0000] {processor.py:186} INFO - Started process (PID=8041) to work on /home/noelsdavid/airflow_venv/lib/python3.12/site-packages/airflow/example_dags/subdags/subdag.py
[2026-05-18T06:16:21.615+0000] {processor.py:914} INFO - Processing file /home/noelsdavid/airflow_venv/lib/python3.12/site-packages/airflow/example_dags/subdags/subdag.py for tasks to queue
[2026-05-18T06:16:21.619+0000] {logging_mixin.py:190} INFO - [2026-05-18T06:16:21.619+0000] {dagbag.py:588} INFO - Filling up the DagBag from /home/noelsdavid/airflow_venv/lib/python3.12/site-packages/airflow/example_dags/subdags/subdag.py
[2026-05-18T06:16:21.623+0000] {processor.py:927} WARNING - No viable dags retrieved from /home/noelsdavid/airflow_venv/lib/python3.12/site-packages/airflow/example_dags/subdags/subdag.py
[2026-05-18T06:16:21.639+0000] {processor.py:208} INFO - Processing /home/noelsdavid/airflow_venv/lib/python3.12/site-packages/airflow/example_dags/subdags/subdag.py took 0.035 seconds
[2026-05-18T06:16:52.875+0000] {processor.py:186} INFO - Started process (PID=8146) to work on /home/noelsdavid/airflow_venv/lib/python3.12/site-packages/airflow/example_dags/subdags/subdag.py
[2026-05-18T06:16:52.876+0000] {processor.py:914} INFO - Processing file /home/noelsdavid/airflow_venv/lib/python3.12/site-packages/airflow/example_dags/subdags/subdag.py for tasks to queue
[2026-05-18T06:16:52.879+0000] {logging_mixin.py:190} INFO - [2026-05-18T06:16:52.879+0000] {dagbag.py:588} INFO - Filling up the DagBag from /home/noelsdavid/airflow_venv/lib/python3.12/site-packages/airflow/example_dags/subdags/subdag.py
[2026-05-18T06:16:52.883+0000] {processor.py:927} WARNING - No viable dags retrieved from /home/noelsdavid/airflow_venv/lib/python3.12/site-packages/airflow/example_dags/subdags/subdag.py
[2026-05-18T06:16:52.899+0000] {processor.py:208} INFO - Processing /home/noelsdavid/airflow_venv/lib/python3.12/site-packages/airflow/example_dags/subdags/subdag.py took 0.032 seconds
[2026-05-18T06:17:24.212+0000] {processor.py:186} INFO - Started process (PID=8273) to work on /home/noelsdavid/airflow_venv/lib/python3.12/site-packages/airflow/example_dags/subdags/subdag.py
[2026-05-18T06:17:24.214+0000] {processor.py:914} INFO - Processing file /home/noelsdavid/airflow_venv/lib/python3.12/site-packages/airflow/example_dags/subdags/subdag.py for tasks to queue
[2026-05-18T06:17:24.218+0000] {logging_mixin.py:190} INFO - [2026-05-18T06:17:24.217+0000] {dagbag.py:588} INFO - Filling up the DagBag from /home/noelsdavid/airflow_venv/lib/python3.12/site-packages/airflow/example_dags/subdags/subdag.py
[2026-05-18T06:17:24.221+0000] {processor.py:927} WARNING - No viable dags retrieved from /home/noelsdavid/airflow_venv/lib/python3.12/site-packages/airflow/example_dags/subdags/subdag.py
[2026-05-18T06:17:24.236+0000] {processor.py:208} INFO - Processing /home/noelsdavid/airflow_venv/lib/python3.12/site-packages/airflow/example_dags/subdags/subdag.py took 0.032 seconds
[2026-05-18T06:17:55.857+0000] {processor.py:186} INFO - Started process (PID=8384) to work on /home/noelsdavid/airflow_venv/lib/python3.12/site-packages/airflow/example_dags/subdags/subdag.py
[2026-05-18T06:17:55.860+0000] {processor.py:914} INFO - Processing file /home/noelsdavid/airflow_venv/lib/python3.12/site-packages/airflow/example_dags/subdags/subdag.py for tasks to queue
[2026-05-18T06:17:55.863+0000] {logging_mixin.py:190} INFO - [2026-05-18T06:17:55.862+0000] {dagbag.py:588} INFO - Filling up the DagBag from /home/noelsdavid/airflow_venv/lib/python3.12/site-packages/airflow/example_dags/subdags/subdag.py
[2026-05-18T06:17:55.866+0000] {processor.py:927} WARNING - No viable dags retrieved from /home/noelsdavid/airflow_venv/lib/python3.12/site-packages/airflow/example_dags/subdags/subdag.py
[2026-05-18T06:17:55.881+0000] {processor.py:208} INFO - Processing /home/noelsdavid/airflow_venv/lib/python3.12/site-packages/airflow/example_dags/subdags/subdag.py took 0.032 seconds
[2026-05-18T06:18:54.854+0000] {processor.py:186} INFO - Started process (PID=8497) to work on /home/noelsdavid/airflow_venv/lib/python3.12/site-packages/airflow/example_dags/subdags/subdag.py
[2026-05-18T06:18:54.856+0000] {processor.py:914} INFO - Processing file /home/noelsdavid/airflow_venv/lib/python3.12/site-packages/airflow/example_dags/subdags/subdag.py for tasks to queue
[2026-05-18T06:18:54.860+0000] {logging_mixin.py:190} INFO - [2026-05-18T06:18:54.859+0000] {dagbag.py:588} INFO - Filling up the DagBag from /home/noelsdavid/airflow_venv/lib/python3.12/site-packages/airflow/example_dags/subdags/subdag.py
[2026-05-18T06:18:54.863+0000] {processor.py:927} WARNING - No viable dags retrieved from /home/noelsdavid/airflow_venv/lib/python3.12/site-packages/airflow/example_dags/subdags/subdag.py
[2026-05-18T06:18:54.879+0000] {processor.py:208} INFO - Processing /home/noelsdavid/airflow_venv/lib/python3.12/site-packages/airflow/example_dags/subdags/subdag.py took 0.033 seconds
[2026-05-18T06:19:55.120+0000] {processor.py:186} INFO - Started process (PID=8556) to work on /home/noelsdavid/airflow_venv/lib/python3.12/site-packages/airflow/example_dags/subdags/subdag.py
[2026-05-18T06:19:55.123+0000] {processor.py:914} INFO - Processing file /home/noelsdavid/airflow_venv/lib/python3.12/site-packages/airflow/example_dags/subdags/subdag.py for tasks to queue
[2026-05-18T06:19:55.126+0000] {logging_mixin.py:190} INFO - [2026-05-18T06:19:55.126+0000] {dagbag.py:588} INFO - Filling up the DagBag from /home/noelsdavid/airflow_venv/lib/python3.12/site-packages/airflow/example_dags/subdags/subdag.py
[2026-05-18T06:19:55.130+0000] {processor.py:927} WARNING - No viable dags retrieved from /home/noelsdavid/airflow_venv/lib/python3.12/site-packages/airflow/example_dags/subdags/subdag.py
[2026-05-18T06:19:55.148+0000] {processor.py:208} INFO - Processing /home/noelsdavid/airflow_venv/lib/python3.12/site-packages/airflow/example_dags/subdags/subdag.py took 0.035 seconds
[2026-05-18T06:20:27.585+0000] {processor.py:186} INFO - Started process (PID=8614) to work on /home/noelsdavid/airflow_venv/lib/python3.12/site-packages/airflow/example_dags/subdags/subdag.py
[2026-05-18T06:20:27.586+0000] {processor.py:914} INFO - Processing file /home/noelsdavid/airflow_venv/lib/python3.12/site-packages/airflow/example_dags/subdags/subdag.py for tasks to queue
[2026-05-18T06:20:27.588+0000] {logging_mixin.py:190} INFO - [2026-05-18T06:20:27.587+0000] {dagbag.py:588} INFO - Filling up the DagBag from /home/noelsdavid/airflow_venv/lib/python3.12/site-packages/airflow/example_dags/subdags/subdag.py
[2026-05-18T06:20:27.591+0000] {processor.py:927} WARNING - No viable dags retrieved from /home/noelsdavid/airflow_venv/lib/python3.12/site-packages/airflow/example_dags/subdags/subdag.py
[2026-05-18T06:20:27.607+0000] {processor.py:208} INFO - Processing /home/noelsdavid/airflow_venv/lib/python3.12/site-packages/airflow/example_dags/subdags/subdag.py took 0.030 seconds
[2026-05-18T06:20:57.999+0000] {processor.py:186} INFO - Started process (PID=8645) to work on /home/noelsdavid/airflow_venv/lib/python3.12/site-packages/airflow/example_dags/subdags/subdag.py
[2026-05-18T06:20:58.002+0000] {processor.py:914} INFO - Processing file /home/noelsdavid/airflow_venv/lib/python3.12/site-packages/airflow/example_dags/subdags/subdag.py for tasks to queue
[2026-05-18T06:20:58.004+0000] {logging_mixin.py:190} INFO - [2026-05-18T06:20:58.003+0000] {dagbag.py:588} INFO - Filling up the DagBag from /home/noelsdavid/airflow_venv/lib/python3.12/site-packages/airflow/example_dags/subdags/subdag.py
[2026-05-18T06:20:58.007+0000] {processor.py:927} WARNING - No viable dags retrieved from /home/noelsdavid/airflow_venv/lib/python3.12/site-packages/airflow/example_dags/subdags/subdag.py
[2026-05-18T06:20:58.022+0000] {processor.py:208} INFO - Processing /home/noelsdavid/airflow_venv/lib/python3.12/site-packages/airflow/example_dags/subdags/subdag.py took 0.031 seconds
[2026-05-18T06:21:29.918+0000] {processor.py:186} INFO - Started process (PID=8675) to work on /home/noelsdavid/airflow_venv/lib/python3.12/site-packages/airflow/example_dags/subdags/subdag.py
[2026-05-18T06:21:29.919+0000] {processor.py:914} INFO - Processing file /home/noelsdavid/airflow_venv/lib/python3.12/site-packages/airflow/example_dags/subdags/subdag.py for tasks to queue
[2026-05-18T06:21:29.921+0000] {logging_mixin.py:190} INFO - [2026-05-18T06:21:29.920+0000] {dagbag.py:588} INFO - Filling up the DagBag from /home/noelsdavid/airflow_venv/lib/python3.12/site-packages/airflow/example_dags/subdags/subdag.py
[2026-05-18T06:21:29.924+0000] {processor.py:927} WARNING - No viable dags retrieved from /home/noelsdavid/airflow_venv/lib/python3.12/site-packages/airflow/example_dags/subdags/subdag.py
[2026-05-18T06:21:29.939+0000] {processor.py:208} INFO - Processing /home/noelsdavid/airflow_venv/lib/python3.12/site-packages/airflow/example_dags/subdags/subdag.py took 0.029 seconds
[2026-05-18T06:22:03.711+0000] {processor.py:186} INFO - Started process (PID=8707) to work on /home/noelsdavid/airflow_venv/lib/python3.12/site-packages/airflow/example_dags/subdags/subdag.py
[2026-05-18T06:22:03.714+0000] {processor.py:914} INFO - Processing file /home/noelsdavid/airflow_venv/lib/python3.12/site-packages/airflow/example_dags/subdags/subdag.py for tasks to queue
[2026-05-18T06:22:03.716+0000] {logging_mixin.py:190} INFO - [2026-05-18T06:22:03.716+0000] {dagbag.py:588} INFO - Filling up the DagBag from /home/noelsdavid/airflow_venv/lib/python3.12/site-packages/airflow/example_dags/subdags/subdag.py
[2026-05-18T06:22:03.720+0000] {processor.py:927} WARNING - No viable dags retrieved from /home/noelsdavid/airflow_venv/lib/python3.12/site-packages/airflow/example_dags/subdags/subdag.py
[2026-05-18T06:22:03.735+0000] {processor.py:208} INFO - Processing /home/noelsdavid/airflow_venv/lib/python3.12/site-packages/airflow/example_dags/subdags/subdag.py took 0.032 seconds
[2026-05-18T06:22:36.091+0000] {processor.py:186} INFO - Started process (PID=8739) to work on /home/noelsdavid/airflow_venv/lib/python3.12/site-packages/airflow/example_dags/subdags/subdag.py
[2026-05-18T06:22:36.092+0000] {processor.py:914} INFO - Processing file /home/noelsdavid/airflow_venv/lib/python3.12/site-packages/airflow/example_dags/subdags/subdag.py for tasks to queue
[2026-05-18T06:22:36.094+0000] {logging_mixin.py:190} INFO - [2026-05-18T06:22:36.093+0000] {dagbag.py:588} INFO - Filling up the DagBag from /home/noelsdavid/airflow_venv/lib/python3.12/site-packages/airflow/example_dags/subdags/subdag.py
[2026-05-18T06:22:36.097+0000] {processor.py:927} WARNING - No viable dags retrieved from /home/noelsdavid/airflow_venv/lib/python3.12/site-packages/airflow/example_dags/subdags/subdag.py
[2026-05-18T06:22:36.111+0000] {processor.py:208} INFO - Processing /home/noelsdavid/airflow_venv/lib/python3.12/site-packages/airflow/example_dags/subdags/subdag.py took 0.028 seconds
[2026-05-18T06:23:06.215+0000] {processor.py:186} INFO - Started process (PID=8768) to work on /home/noelsdavid/airflow_venv/lib/python3.12/site-packages/airflow/example_dags/subdags/subdag.py
[2026-05-18T06:23:06.217+0000] {processor.py:914} INFO - Processing file /home/noelsdavid/airflow_venv/lib/python3.12/site-packages/airflow/example_dags/subdags/subdag.py for tasks to queue
[2026-05-18T06:23:06.219+0000] {logging_mixin.py:190} INFO - [2026-05-18T06:23:06.218+0000] {dagbag.py:588} INFO - Filling up the DagBag from /home/noelsdavid/airflow_venv/lib/python3.12/site-packages/airflow/example_dags/subdags/subdag.py
[2026-05-18T06:23:06.222+0000] {processor.py:927} WARNING - No viable dags retrieved from /home/noelsdavid/airflow_venv/lib/python3.12/site-packages/airflow/example_dags/subdags/subdag.py
[2026-05-18T06:23:06.237+0000] {processor.py:208} INFO - Processing /home/noelsdavid/airflow_venv/lib/python3.12/site-packages/airflow/example_dags/subdags/subdag.py took 0.031 seconds
[2026-05-18T06:23:38.356+0000] {processor.py:186} INFO - Started process (PID=8800) to work on /home/noelsdavid/airflow_venv/lib/python3.12/site-packages/airflow/example_dags/subdags/subdag.py
[2026-05-18T06:23:38.360+0000] {processor.py:914} INFO - Processing file /home/noelsdavid/airflow_venv/lib/python3.12/site-packages/airflow/example_dags/subdags/subdag.py for tasks to queue
[2026-05-18T06:23:38.362+0000] {logging_mixin.py:190} INFO - [2026-05-18T06:23:38.361+0000] {dagbag.py:588} INFO - Filling up the DagBag from /home/noelsdavid/airflow_venv/lib/python3.12/site-packages/airflow/example_dags/subdags/subdag.py
[2026-05-18T06:23:38.366+0000] {processor.py:927} WARNING - No viable dags retrieved from /home/noelsdavid/airflow_venv/lib/python3.12/site-packages/airflow/example_dags/subdags/subdag.py
[2026-05-18T06:23:38.387+0000] {processor.py:208} INFO - Processing /home/noelsdavid/airflow_venv/lib/python3.12/site-packages/airflow/example_dags/subdags/subdag.py took 0.040 seconds
[2026-05-18T06:24:10.842+0000] {processor.py:186} INFO - Started process (PID=8830) to work on /home/noelsdavid/airflow_venv/lib/python3.12/site-packages/airflow/example_dags/subdags/subdag.py
[2026-05-18T06:24:10.845+0000] {processor.py:914} INFO - Processing file /home/noelsdavid/airflow_venv/lib/python3.12/site-packages/airflow/example_dags/subdags/subdag.py for tasks to queue
[2026-05-18T06:24:10.847+0000] {logging_mixin.py:190} INFO - [2026-05-18T06:24:10.846+0000] {dagbag.py:588} INFO - Filling up the DagBag from /home/noelsdavid/airflow_venv/lib/python3.12/site-packages/airflow/example_dags/subdags/subdag.py
[2026-05-18T06:24:10.850+0000] {processor.py:927} WARNING - No viable dags retrieved from /home/noelsdavid/airflow_venv/lib/python3.12/site-packages/airflow/example_dags/subdags/subdag.py
[2026-05-18T06:24:10.866+0000] {processor.py:208} INFO - Processing /home/noelsdavid/airflow_venv/lib/python3.12/site-packages/airflow/example_dags/subdags/subdag.py took 0.031 seconds
[2026-05-18T06:24:44.443+0000] {processor.py:186} INFO - Started process (PID=8863) to work on /home/noelsdavid/airflow_venv/lib/python3.12/site-packages/airflow/example_dags/subdags/subdag.py
[2026-05-18T06:24:44.444+0000] {processor.py:914} INFO - Processing file /home/noelsdavid/airflow_venv/lib/python3.12/site-packages/airflow/example_dags/subdags/subdag.py for tasks to queue
[2026-05-18T06:24:44.446+0000] {logging_mixin.py:190} INFO - [2026-05-18T06:24:44.445+0000] {dagbag.py:588} INFO - Filling up the DagBag from /home/noelsdavid/airflow_venv/lib/python3.12/site-packages/airflow/example_dags/subdags/subdag.py
[2026-05-18T06:24:44.449+0000] {processor.py:927} WARNING - No viable dags retrieved from /home/noelsdavid/airflow_venv/lib/python3.12/site-packages/airflow/example_dags/subdags/subdag.py
[2026-05-18T06:24:44.465+0000] {processor.py:208} INFO - Processing /home/noelsdavid/airflow_venv/lib/python3.12/site-packages/airflow/example_dags/subdags/subdag.py took 0.030 seconds
[2026-05-18T06:25:16.825+0000] {processor.py:186} INFO - Started process (PID=8918) to work on /home/noelsdavid/airflow_venv/lib/python3.12/site-packages/airflow/example_dags/subdags/subdag.py
[2026-05-18T06:25:16.828+0000] {processor.py:914} INFO - Processing file /home/noelsdavid/airflow_venv/lib/python3.12/site-packages/airflow/example_dags/subdags/subdag.py for tasks to queue
[2026-05-18T06:25:16.830+0000] {logging_mixin.py:190} INFO - [2026-05-18T06:25:16.829+0000] {dagbag.py:588} INFO - Filling up the DagBag from /home/noelsdavid/airflow_venv/lib/python3.12/site-packages/airflow/example_dags/subdags/subdag.py
[2026-05-18T06:25:16.833+0000] {processor.py:927} WARNING - No viable dags retrieved from /home/noelsdavid/airflow_venv/lib/python3.12/site-packages/airflow/example_dags/subdags/subdag.py
[2026-05-18T06:25:16.847+0000] {processor.py:208} INFO - Processing /home/noelsdavid/airflow_venv/lib/python3.12/site-packages/airflow/example_dags/subdags/subdag.py took 0.030 seconds
[2026-05-18T06:25:50.318+0000] {processor.py:186} INFO - Started process (PID=8948) to work on /home/noelsdavid/airflow_venv/lib/python3.12/site-packages/airflow/example_dags/subdags/subdag.py
[2026-05-18T06:25:50.319+0000] {processor.py:914} INFO - Processing file /home/noelsdavid/airflow_venv/lib/python3.12/site-packages/airflow/example_dags/subdags/subdag.py for tasks to queue
[2026-05-18T06:25:50.321+0000] {logging_mixin.py:190} INFO - [2026-05-18T06:25:50.321+0000] {dagbag.py:588} INFO - Filling up the DagBag from /home/noelsdavid/airflow_venv/lib/python3.12/site-packages/airflow/example_dags/subdags/subdag.py
[2026-05-18T06:25:50.327+0000] {processor.py:927} WARNING - No viable dags retrieved from /home/noelsdavid/airflow_venv/lib/python3.12/site-packages/airflow/example_dags/subdags/subdag.py
[2026-05-18T06:25:50.355+0000] {processor.py:208} INFO - Processing /home/noelsdavid/airflow_venv/lib/python3.12/site-packages/airflow/example_dags/subdags/subdag.py took 0.046 seconds
[2026-05-18T06:26:21.708+0000] {processor.py:186} INFO - Started process (PID=9035) to work on /home/noelsdavid/airflow_venv/lib/python3.12/site-packages/airflow/example_dags/subdags/subdag.py
[2026-05-18T06:26:21.711+0000] {processor.py:914} INFO - Processing file /home/noelsdavid/airflow_venv/lib/python3.12/site-packages/airflow/example_dags/subdags/subdag.py for tasks to queue
[2026-05-18T06:26:21.713+0000] {logging_mixin.py:190} INFO - [2026-05-18T06:26:21.712+0000] {dagbag.py:588} INFO - Filling up the DagBag from /home/noelsdavid/airflow_venv/lib/python3.12/site-packages/airflow/example_dags/subdags/subdag.py
[2026-05-18T06:26:21.718+0000] {processor.py:927} WARNING - No viable dags retrieved from /home/noelsdavid/airflow_venv/lib/python3.12/site-packages/airflow/example_dags/subdags/subdag.py
[2026-05-18T06:26:21.740+0000] {processor.py:208} INFO - Processing /home/noelsdavid/airflow_venv/lib/python3.12/site-packages/airflow/example_dags/subdags/subdag.py took 0.045 seconds
[2026-05-18T06:26:53.013+0000] {processor.py:186} INFO - Started process (PID=9145) to work on /home/noelsdavid/airflow_venv/lib/python3.12/site-packages/airflow/example_dags/subdags/subdag.py
[2026-05-18T06:26:53.028+0000] {processor.py:914} INFO - Processing file /home/noelsdavid/airflow_venv/lib/python3.12/site-packages/airflow/example_dags/subdags/subdag.py for tasks to queue
[2026-05-18T06:26:53.030+0000] {logging_mixin.py:190} INFO - [2026-05-18T06:26:53.030+0000] {dagbag.py:588} INFO - Filling up the DagBag from /home/noelsdavid/airflow_venv/lib/python3.12/site-packages/airflow/example_dags/subdags/subdag.py
[2026-05-18T06:26:53.034+0000] {processor.py:927} WARNING - No viable dags retrieved from /home/noelsdavid/airflow_venv/lib/python3.12/site-packages/airflow/example_dags/subdags/subdag.py
[2026-05-18T06:26:53.050+0000] {processor.py:208} INFO - Processing /home/noelsdavid/airflow_venv/lib/python3.12/site-packages/airflow/example_dags/subdags/subdag.py took 0.046 seconds
[2026-05-18T06:27:40.795+0000] {processor.py:186} INFO - Started process (PID=9564) to work on /home/noelsdavid/airflow_venv/lib/python3.12/site-packages/airflow/example_dags/subdags/subdag.py
[2026-05-18T06:27:40.797+0000] {processor.py:914} INFO - Processing file /home/noelsdavid/airflow_venv/lib/python3.12/site-packages/airflow/example_dags/subdags/subdag.py for tasks to queue
[2026-05-18T06:27:40.799+0000] {logging_mixin.py:190} INFO - [2026-05-18T06:27:40.799+0000] {dagbag.py:588} INFO - Filling up the DagBag from /home/noelsdavid/airflow_venv/lib/python3.12/site-packages/airflow/example_dags/subdags/subdag.py
[2026-05-18T06:27:40.803+0000] {processor.py:927} WARNING - No viable dags retrieved from /home/noelsdavid/airflow_venv/lib/python3.12/site-packages/airflow/example_dags/subdags/subdag.py
[2026-05-18T06:27:40.819+0000] {processor.py:208} INFO - Processing /home/noelsdavid/airflow_venv/lib/python3.12/site-packages/airflow/example_dags/subdags/subdag.py took 0.032 seconds
[2026-05-18T06:28:21.221+0000] {processor.py:186} INFO - Started process (PID=9712) to work on /home/noelsdavid/airflow_venv/lib/python3.12/site-packages/airflow/example_dags/subdags/subdag.py
[2026-05-18T06:28:21.224+0000] {processor.py:914} INFO - Processing file /home/noelsdavid/airflow_venv/lib/python3.12/site-packages/airflow/example_dags/subdags/subdag.py for tasks to queue
[2026-05-18T06:28:21.226+0000] {logging_mixin.py:190} INFO - [2026-05-18T06:28:21.225+0000] {dagbag.py:588} INFO - Filling up the DagBag from /home/noelsdavid/airflow_venv/lib/python3.12/site-packages/airflow/example_dags/subdags/subdag.py
[2026-05-18T06:28:21.230+0000] {processor.py:927} WARNING - No viable dags retrieved from /home/noelsdavid/airflow_venv/lib/python3.12/site-packages/airflow/example_dags/subdags/subdag.py
[2026-05-18T06:28:21.246+0000] {processor.py:208} INFO - Processing /home/noelsdavid/airflow_venv/lib/python3.12/site-packages/airflow/example_dags/subdags/subdag.py took 0.033 seconds
[2026-05-18T06:28:53.830+0000] {processor.py:186} INFO - Started process (PID=9743) to work on /home/noelsdavid/airflow_venv/lib/python3.12/site-packages/airflow/example_dags/subdags/subdag.py
[2026-05-18T06:28:53.833+0000] {processor.py:914} INFO - Processing file /home/noelsdavid/airflow_venv/lib/python3.12/site-packages/airflow/example_dags/subdags/subdag.py for tasks to queue
[2026-05-18T06:28:53.835+0000] {logging_mixin.py:190} INFO - [2026-05-18T06:28:53.834+0000] {dagbag.py:588} INFO - Filling up the DagBag from /home/noelsdavid/airflow_venv/lib/python3.12/site-packages/airflow/example_dags/subdags/subdag.py
[2026-05-18T06:28:53.838+0000] {processor.py:927} WARNING - No viable dags retrieved from /home/noelsdavid/airflow_venv/lib/python3.12/site-packages/airflow/example_dags/subdags/subdag.py
[2026-05-18T06:28:53.854+0000] {processor.py:208} INFO - Processing /home/noelsdavid/airflow_venv/lib/python3.12/site-packages/airflow/example_dags/subdags/subdag.py took 0.032 seconds
[2026-05-18T06:29:29.498+0000] {processor.py:186} INFO - Started process (PID=9775) to work on /home/noelsdavid/airflow_venv/lib/python3.12/site-packages/airflow/example_dags/subdags/subdag.py
[2026-05-18T06:29:29.501+0000] {processor.py:914} INFO - Processing file /home/noelsdavid/airflow_venv/lib/python3.12/site-packages/airflow/example_dags/subdags/subdag.py for tasks to queue
[2026-05-18T06:29:29.503+0000] {logging_mixin.py:190} INFO - [2026-05-18T06:29:29.502+0000] {dagbag.py:588} INFO - Filling up the DagBag from /home/noelsdavid/airflow_venv/lib/python3.12/site-packages/airflow/example_dags/subdags/subdag.py
[2026-05-18T06:29:29.506+0000] {processor.py:927} WARNING - No viable dags retrieved from /home/noelsdavid/airflow_venv/lib/python3.12/site-packages/airflow/example_dags/subdags/subdag.py
[2026-05-18T06:29:29.521+0000] {processor.py:208} INFO - Processing /home/noelsdavid/airflow_venv/lib/python3.12/site-packages/airflow/example_dags/subdags/subdag.py took 0.031 seconds
[2026-05-18T06:30:03.516+0000] {processor.py:186} INFO - Started process (PID=9809) to work on /home/noelsdavid/airflow_venv/lib/python3.12/site-packages/airflow/example_dags/subdags/subdag.py
[2026-05-18T06:30:03.519+0000] {processor.py:914} INFO - Processing file /home/noelsdavid/airflow_venv/lib/python3.12/site-packages/airflow/example_dags/subdags/subdag.py for tasks to queue
[2026-05-18T06:30:03.521+0000] {logging_mixin.py:190} INFO - [2026-05-18T06:30:03.521+0000] {dagbag.py:588} INFO - Filling up the DagBag from /home/noelsdavid/airflow_venv/lib/python3.12/site-packages/airflow/example_dags/subdags/subdag.py
[2026-05-18T06:30:03.525+0000] {processor.py:927} WARNING - No viable dags retrieved from /home/noelsdavid/airflow_venv/lib/python3.12/site-packages/airflow/example_dags/subdags/subdag.py
[2026-05-18T06:30:03.541+0000] {processor.py:208} INFO - Processing /home/noelsdavid/airflow_venv/lib/python3.12/site-packages/airflow/example_dags/subdags/subdag.py took 0.033 seconds
[2026-05-18T06:30:35.930+0000] {processor.py:186} INFO - Started process (PID=9864) to work on /home/noelsdavid/airflow_venv/lib/python3.12/site-packages/airflow/example_dags/subdags/subdag.py
[2026-05-18T06:30:35.931+0000] {processor.py:914} INFO - Processing file /home/noelsdavid/airflow_venv/lib/python3.12/site-packages/airflow/example_dags/subdags/subdag.py for tasks to queue
[2026-05-18T06:30:35.933+0000] {logging_mixin.py:190} INFO - [2026-05-18T06:30:35.933+0000] {dagbag.py:588} INFO - Filling up the DagBag from /home/noelsdavid/airflow_venv/lib/python3.12/site-packages/airflow/example_dags/subdags/subdag.py
[2026-05-18T06:30:35.936+0000] {processor.py:927} WARNING - No viable dags retrieved from /home/noelsdavid/airflow_venv/lib/python3.12/site-packages/airflow/example_dags/subdags/subdag.py
[2026-05-18T06:30:35.951+0000] {processor.py:208} INFO - Processing /home/noelsdavid/airflow_venv/lib/python3.12/site-packages/airflow/example_dags/subdags/subdag.py took 0.029 seconds
[2026-05-18T06:31:08.524+0000] {processor.py:186} INFO - Started process (PID=9894) to work on /home/noelsdavid/airflow_venv/lib/python3.12/site-packages/airflow/example_dags/subdags/subdag.py
[2026-05-18T06:31:08.526+0000] {processor.py:914} INFO - Processing file /home/noelsdavid/airflow_venv/lib/python3.12/site-packages/airflow/example_dags/subdags/subdag.py for tasks to queue
[2026-05-18T06:31:08.528+0000] {logging_mixin.py:190} INFO - [2026-05-18T06:31:08.527+0000] {dagbag.py:588} INFO - Filling up the DagBag from /home/noelsdavid/airflow_venv/lib/python3.12/site-packages/airflow/example_dags/subdags/subdag.py
[2026-05-18T06:31:08.531+0000] {processor.py:927} WARNING - No viable dags retrieved from /home/noelsdavid/airflow_venv/lib/python3.12/site-packages/airflow/example_dags/subdags/subdag.py
[2026-05-18T06:31:08.546+0000] {processor.py:208} INFO - Processing /home/noelsdavid/airflow_venv/lib/python3.12/site-packages/airflow/example_dags/subdags/subdag.py took 0.030 seconds
[2026-05-18T06:31:41.009+0000] {processor.py:186} INFO - Started process (PID=9927) to work on /home/noelsdavid/airflow_venv/lib/python3.12/site-packages/airflow/example_dags/subdags/subdag.py
[2026-05-18T06:31:41.010+0000] {processor.py:914} INFO - Processing file /home/noelsdavid/airflow_venv/lib/python3.12/site-packages/airflow/example_dags/subdags/subdag.py for tasks to queue
[2026-05-18T06:31:41.012+0000] {logging_mixin.py:190} INFO - [2026-05-18T06:31:41.012+0000] {dagbag.py:588} INFO - Filling up the DagBag from /home/noelsdavid/airflow_venv/lib/python3.12/site-packages/airflow/example_dags/subdags/subdag.py
[2026-05-18T06:31:41.015+0000] {processor.py:927} WARNING - No viable dags retrieved from /home/noelsdavid/airflow_venv/lib/python3.12/site-packages/airflow/example_dags/subdags/subdag.py
[2026-05-18T06:31:41.031+0000] {processor.py:208} INFO - Processing /home/noelsdavid/airflow_venv/lib/python3.12/site-packages/airflow/example_dags/subdags/subdag.py took 0.029 seconds
[2026-05-18T06:32:11.752+0000] {processor.py:186} INFO - Started process (PID=9957) to work on /home/noelsdavid/airflow_venv/lib/python3.12/site-packages/airflow/example_dags/subdags/subdag.py
[2026-05-18T06:32:11.788+0000] {processor.py:914} INFO - Processing file /home/noelsdavid/airflow_venv/lib/python3.12/site-packages/airflow/example_dags/subdags/subdag.py for tasks to queue
[2026-05-18T06:32:11.790+0000] {logging_mixin.py:190} INFO - [2026-05-18T06:32:11.790+0000] {dagbag.py:588} INFO - Filling up the DagBag from /home/noelsdavid/airflow_venv/lib/python3.12/site-packages/airflow/example_dags/subdags/subdag.py
[2026-05-18T06:32:11.794+0000] {processor.py:927} WARNING - No viable dags retrieved from /home/noelsdavid/airflow_venv/lib/python3.12/site-packages/airflow/example_dags/subdags/subdag.py
[2026-05-18T06:32:11.807+0000] {processor.py:208} INFO - Processing /home/noelsdavid/airflow_venv/lib/python3.12/site-packages/airflow/example_dags/subdags/subdag.py took 0.066 seconds
[2026-05-18T06:33:10.464+0000] {processor.py:186} INFO - Started process (PID=10016) to work on /home/noelsdavid/airflow_venv/lib/python3.12/site-packages/airflow/example_dags/subdags/subdag.py
[2026-05-18T06:33:10.466+0000] {processor.py:914} INFO - Processing file /home/noelsdavid/airflow_venv/lib/python3.12/site-packages/airflow/example_dags/subdags/subdag.py for tasks to queue
[2026-05-18T06:33:10.468+0000] {logging_mixin.py:190} INFO - [2026-05-18T06:33:10.467+0000] {dagbag.py:588} INFO - Filling up the DagBag from /home/noelsdavid/airflow_venv/lib/python3.12/site-packages/airflow/example_dags/subdags/subdag.py
[2026-05-18T06:33:10.471+0000] {processor.py:927} WARNING - No viable dags retrieved from /home/noelsdavid/airflow_venv/lib/python3.12/site-packages/airflow/example_dags/subdags/subdag.py
[2026-05-18T06:33:10.486+0000] {processor.py:208} INFO - Processing /home/noelsdavid/airflow_venv/lib/python3.12/site-packages/airflow/example_dags/subdags/subdag.py took 0.030 seconds
[2026-05-18T06:33:43.685+0000] {processor.py:186} INFO - Started process (PID=10054) to work on /home/noelsdavid/airflow_venv/lib/python3.12/site-packages/airflow/example_dags/subdags/subdag.py
[2026-05-18T06:33:43.687+0000] {processor.py:914} INFO - Processing file /home/noelsdavid/airflow_venv/lib/python3.12/site-packages/airflow/example_dags/subdags/subdag.py for tasks to queue
[2026-05-18T06:33:43.689+0000] {logging_mixin.py:190} INFO - [2026-05-18T06:33:43.688+0000] {dagbag.py:588} INFO - Filling up the DagBag from /home/noelsdavid/airflow_venv/lib/python3.12/site-packages/airflow/example_dags/subdags/subdag.py
[2026-05-18T06:33:43.692+0000] {processor.py:927} WARNING - No viable dags retrieved from /home/noelsdavid/airflow_venv/lib/python3.12/site-packages/airflow/example_dags/subdags/subdag.py
[2026-05-18T06:33:43.709+0000] {processor.py:208} INFO - Processing /home/noelsdavid/airflow_venv/lib/python3.12/site-packages/airflow/example_dags/subdags/subdag.py took 0.032 seconds
[2026-05-18T06:34:17.274+0000] {processor.py:186} INFO - Started process (PID=10151) to work on /home/noelsdavid/airflow_venv/lib/python3.12/site-packages/airflow/example_dags/subdags/subdag.py
[2026-05-18T06:34:17.277+0000] {processor.py:914} INFO - Processing file /home/noelsdavid/airflow_venv/lib/python3.12/site-packages/airflow/example_dags/subdags/subdag.py for tasks to queue
[2026-05-18T06:34:17.279+0000] {logging_mixin.py:190} INFO - [2026-05-18T06:34:17.278+0000] {dagbag.py:588} INFO - Filling up the DagBag from /home/noelsdavid/airflow_venv/lib/python3.12/site-packages/airflow/example_dags/subdags/subdag.py
[2026-05-18T06:34:17.282+0000] {processor.py:927} WARNING - No viable dags retrieved from /home/noelsdavid/airflow_venv/lib/python3.12/site-packages/airflow/example_dags/subdags/subdag.py
[2026-05-18T06:34:17.297+0000] {processor.py:208} INFO - Processing /home/noelsdavid/airflow_venv/lib/python3.12/site-packages/airflow/example_dags/subdags/subdag.py took 0.031 seconds
[2026-05-18T06:34:49.387+0000] {processor.py:186} INFO - Started process (PID=10244) to work on /home/noelsdavid/airflow_venv/lib/python3.12/site-packages/airflow/example_dags/subdags/subdag.py
[2026-05-18T06:34:49.389+0000] {processor.py:914} INFO - Processing file /home/noelsdavid/airflow_venv/lib/python3.12/site-packages/airflow/example_dags/subdags/subdag.py for tasks to queue
[2026-05-18T06:34:49.392+0000] {logging_mixin.py:190} INFO - [2026-05-18T06:34:49.391+0000] {dagbag.py:588} INFO - Filling up the DagBag from /home/noelsdavid/airflow_venv/lib/python3.12/site-packages/airflow/example_dags/subdags/subdag.py
[2026-05-18T06:34:49.396+0000] {processor.py:927} WARNING - No viable dags retrieved from /home/noelsdavid/airflow_venv/lib/python3.12/site-packages/airflow/example_dags/subdags/subdag.py
[2026-05-18T06:34:49.411+0000] {processor.py:208} INFO - Processing /home/noelsdavid/airflow_venv/lib/python3.12/site-packages/airflow/example_dags/subdags/subdag.py took 0.033 seconds
[2026-05-18T06:35:21.800+0000] {processor.py:186} INFO - Started process (PID=10358) to work on /home/noelsdavid/airflow_venv/lib/python3.12/site-packages/airflow/example_dags/subdags/subdag.py
[2026-05-18T06:35:21.802+0000] {processor.py:914} INFO - Processing file /home/noelsdavid/airflow_venv/lib/python3.12/site-packages/airflow/example_dags/subdags/subdag.py for tasks to queue
[2026-05-18T06:35:21.803+0000] {logging_mixin.py:190} INFO - [2026-05-18T06:35:21.803+0000] {dagbag.py:588} INFO - Filling up the DagBag from /home/noelsdavid/airflow_venv/lib/python3.12/site-packages/airflow/example_dags/subdags/subdag.py
[2026-05-18T06:35:21.807+0000] {processor.py:927} WARNING - No viable dags retrieved from /home/noelsdavid/airflow_venv/lib/python3.12/site-packages/airflow/example_dags/subdags/subdag.py
[2026-05-18T06:35:21.822+0000] {processor.py:208} INFO - Processing /home/noelsdavid/airflow_venv/lib/python3.12/site-packages/airflow/example_dags/subdags/subdag.py took 0.029 seconds
[2026-05-18T06:35:55.670+0000] {processor.py:186} INFO - Started process (PID=10424) to work on /home/noelsdavid/airflow_venv/lib/python3.12/site-packages/airflow/example_dags/subdags/subdag.py
[2026-05-18T06:35:55.672+0000] {processor.py:914} INFO - Processing file /home/noelsdavid/airflow_venv/lib/python3.12/site-packages/airflow/example_dags/subdags/subdag.py for tasks to queue
[2026-05-18T06:35:55.674+0000] {logging_mixin.py:190} INFO - [2026-05-18T06:35:55.673+0000] {dagbag.py:588} INFO - Filling up the DagBag from /home/noelsdavid/airflow_venv/lib/python3.12/site-packages/airflow/example_dags/subdags/subdag.py
[2026-05-18T06:35:55.677+0000] {processor.py:927} WARNING - No viable dags retrieved from /home/noelsdavid/airflow_venv/lib/python3.12/site-packages/airflow/example_dags/subdags/subdag.py
[2026-05-18T06:35:55.692+0000] {processor.py:208} INFO - Processing /home/noelsdavid/airflow_venv/lib/python3.12/site-packages/airflow/example_dags/subdags/subdag.py took 0.031 seconds
[2026-05-18T06:36:26.793+0000] {processor.py:186} INFO - Started process (PID=10520) to work on /home/noelsdavid/airflow_venv/lib/python3.12/site-packages/airflow/example_dags/subdags/subdag.py
[2026-05-18T06:36:26.794+0000] {processor.py:914} INFO - Processing file /home/noelsdavid/airflow_venv/lib/python3.12/site-packages/airflow/example_dags/subdags/subdag.py for tasks to queue
[2026-05-18T06:36:26.796+0000] {logging_mixin.py:190} INFO - [2026-05-18T06:36:26.795+0000] {dagbag.py:588} INFO - Filling up the DagBag from /home/noelsdavid/airflow_venv/lib/python3.12/site-packages/airflow/example_dags/subdags/subdag.py
[2026-05-18T06:36:26.799+0000] {processor.py:927} WARNING - No viable dags retrieved from /home/noelsdavid/airflow_venv/lib/python3.12/site-packages/airflow/example_dags/subdags/subdag.py
[2026-05-18T06:36:26.815+0000] {processor.py:208} INFO - Processing /home/noelsdavid/airflow_venv/lib/python3.12/site-packages/airflow/example_dags/subdags/subdag.py took 0.030 seconds
[2026-05-18T06:37:28.095+0000] {processor.py:186} INFO - Started process (PID=10853) to work on /home/noelsdavid/airflow_venv/lib/python3.12/site-packages/airflow/example_dags/subdags/subdag.py
[2026-05-18T06:37:28.117+0000] {processor.py:914} INFO - Processing file /home/noelsdavid/airflow_venv/lib/python3.12/site-packages/airflow/example_dags/subdags/subdag.py for tasks to queue
[2026-05-18T06:37:28.119+0000] {logging_mixin.py:190} INFO - [2026-05-18T06:37:28.118+0000] {dagbag.py:588} INFO - Filling up the DagBag from /home/noelsdavid/airflow_venv/lib/python3.12/site-packages/airflow/example_dags/subdags/subdag.py
[2026-05-18T06:37:28.122+0000] {processor.py:927} WARNING - No viable dags retrieved from /home/noelsdavid/airflow_venv/lib/python3.12/site-packages/airflow/example_dags/subdags/subdag.py
[2026-05-18T06:37:28.137+0000] {processor.py:208} INFO - Processing /home/noelsdavid/airflow_venv/lib/python3.12/site-packages/airflow/example_dags/subdags/subdag.py took 0.049 seconds
[2026-05-18T06:38:02.319+0000] {processor.py:186} INFO - Started process (PID=10956) to work on /home/noelsdavid/airflow_venv/lib/python3.12/site-packages/airflow/example_dags/subdags/subdag.py
[2026-05-18T06:38:02.322+0000] {processor.py:914} INFO - Processing file /home/noelsdavid/airflow_venv/lib/python3.12/site-packages/airflow/example_dags/subdags/subdag.py for tasks to queue
[2026-05-18T06:38:02.324+0000] {logging_mixin.py:190} INFO - [2026-05-18T06:38:02.323+0000] {dagbag.py:588} INFO - Filling up the DagBag from /home/noelsdavid/airflow_venv/lib/python3.12/site-packages/airflow/example_dags/subdags/subdag.py
[2026-05-18T06:38:02.327+0000] {processor.py:927} WARNING - No viable dags retrieved from /home/noelsdavid/airflow_venv/lib/python3.12/site-packages/airflow/example_dags/subdags/subdag.py
[2026-05-18T06:38:02.342+0000] {processor.py:208} INFO - Processing /home/noelsdavid/airflow_venv/lib/python3.12/site-packages/airflow/example_dags/subdags/subdag.py took 0.031 seconds
[2026-05-18T06:38:34.842+0000] {processor.py:186} INFO - Started process (PID=11069) to work on /home/noelsdavid/airflow_venv/lib/python3.12/site-packages/airflow/example_dags/subdags/subdag.py
[2026-05-18T06:38:34.845+0000] {processor.py:914} INFO - Processing file /home/noelsdavid/airflow_venv/lib/python3.12/site-packages/airflow/example_dags/subdags/subdag.py for tasks to queue
[2026-05-18T06:38:34.847+0000] {logging_mixin.py:190} INFO - [2026-05-18T06:38:34.847+0000] {dagbag.py:588} INFO - Filling up the DagBag from /home/noelsdavid/airflow_venv/lib/python3.12/site-packages/airflow/example_dags/subdags/subdag.py
[2026-05-18T06:38:34.851+0000] {processor.py:927} WARNING - No viable dags retrieved from /home/noelsdavid/airflow_venv/lib/python3.12/site-packages/airflow/example_dags/subdags/subdag.py
[2026-05-18T06:38:34.866+0000] {processor.py:208} INFO - Processing /home/noelsdavid/airflow_venv/lib/python3.12/site-packages/airflow/example_dags/subdags/subdag.py took 0.032 seconds
[2026-05-18T06:39:06.299+0000] {processor.py:186} INFO - Started process (PID=11234) to work on /home/noelsdavid/airflow_venv/lib/python3.12/site-packages/airflow/example_dags/subdags/subdag.py
[2026-05-18T06:39:06.302+0000] {processor.py:914} INFO - Processing file /home/noelsdavid/airflow_venv/lib/python3.12/site-packages/airflow/example_dags/subdags/subdag.py for tasks to queue
[2026-05-18T06:39:06.304+0000] {logging_mixin.py:190} INFO - [2026-05-18T06:39:06.303+0000] {dagbag.py:588} INFO - Filling up the DagBag from /home/noelsdavid/airflow_venv/lib/python3.12/site-packages/airflow/example_dags/subdags/subdag.py
[2026-05-18T06:39:06.307+0000] {processor.py:927} WARNING - No viable dags retrieved from /home/noelsdavid/airflow_venv/lib/python3.12/site-packages/airflow/example_dags/subdags/subdag.py
[2026-05-18T06:39:06.323+0000] {processor.py:208} INFO - Processing /home/noelsdavid/airflow_venv/lib/python3.12/site-packages/airflow/example_dags/subdags/subdag.py took 0.032 seconds
[2026-05-18T06:39:39.138+0000] {processor.py:186} INFO - Started process (PID=11294) to work on /home/noelsdavid/airflow_venv/lib/python3.12/site-packages/airflow/example_dags/subdags/subdag.py
[2026-05-18T06:39:39.140+0000] {processor.py:914} INFO - Processing file /home/noelsdavid/airflow_venv/lib/python3.12/site-packages/airflow/example_dags/subdags/subdag.py for tasks to queue
[2026-05-18T06:39:39.142+0000] {logging_mixin.py:190} INFO - [2026-05-18T06:39:39.141+0000] {dagbag.py:588} INFO - Filling up the DagBag from /home/noelsdavid/airflow_venv/lib/python3.12/site-packages/airflow/example_dags/subdags/subdag.py
[2026-05-18T06:39:39.145+0000] {processor.py:927} WARNING - No viable dags retrieved from /home/noelsdavid/airflow_venv/lib/python3.12/site-packages/airflow/example_dags/subdags/subdag.py
[2026-05-18T06:39:39.160+0000] {processor.py:208} INFO - Processing /home/noelsdavid/airflow_venv/lib/python3.12/site-packages/airflow/example_dags/subdags/subdag.py took 0.031 seconds
[2026-05-18T06:40:12.642+0000] {processor.py:186} INFO - Started process (PID=11484) to work on /home/noelsdavid/airflow_venv/lib/python3.12/site-packages/airflow/example_dags/subdags/subdag.py
[2026-05-18T06:40:12.645+0000] {processor.py:914} INFO - Processing file /home/noelsdavid/airflow_venv/lib/python3.12/site-packages/airflow/example_dags/subdags/subdag.py for tasks to queue
[2026-05-18T06:40:12.647+0000] {logging_mixin.py:190} INFO - [2026-05-18T06:40:12.646+0000] {dagbag.py:588} INFO - Filling up the DagBag from /home/noelsdavid/airflow_venv/lib/python3.12/site-packages/airflow/example_dags/subdags/subdag.py
[2026-05-18T06:40:12.650+0000] {processor.py:927} WARNING - No viable dags retrieved from /home/noelsdavid/airflow_venv/lib/python3.12/site-packages/airflow/example_dags/subdags/subdag.py
[2026-05-18T06:40:12.666+0000] {processor.py:208} INFO - Processing /home/noelsdavid/airflow_venv/lib/python3.12/site-packages/airflow/example_dags/subdags/subdag.py took 0.032 seconds
[2026-05-18T06:40:50.217+0000] {processor.py:186} INFO - Started process (PID=11606) to work on /home/noelsdavid/airflow_venv/lib/python3.12/site-packages/airflow/example_dags/subdags/subdag.py
[2026-05-18T06:40:50.223+0000] {processor.py:914} INFO - Processing file /home/noelsdavid/airflow_venv/lib/python3.12/site-packages/airflow/example_dags/subdags/subdag.py for tasks to queue
[2026-05-18T06:40:50.225+0000] {logging_mixin.py:190} INFO - [2026-05-18T06:40:50.224+0000] {dagbag.py:588} INFO - Filling up the DagBag from /home/noelsdavid/airflow_venv/lib/python3.12/site-packages/airflow/example_dags/subdags/subdag.py
[2026-05-18T06:40:50.234+0000] {processor.py:927} WARNING - No viable dags retrieved from /home/noelsdavid/airflow_venv/lib/python3.12/site-packages/airflow/example_dags/subdags/subdag.py
[2026-05-18T06:40:50.263+0000] {processor.py:208} INFO - Processing /home/noelsdavid/airflow_venv/lib/python3.12/site-packages/airflow/example_dags/subdags/subdag.py took 0.055 seconds
[2026-05-18T06:41:26.792+0000] {processor.py:186} INFO - Started process (PID=12136) to work on /home/noelsdavid/airflow_venv/lib/python3.12/site-packages/airflow/example_dags/subdags/subdag.py
[2026-05-18T06:41:26.795+0000] {processor.py:914} INFO - Processing file /home/noelsdavid/airflow_venv/lib/python3.12/site-packages/airflow/example_dags/subdags/subdag.py for tasks to queue
[2026-05-18T06:41:26.797+0000] {logging_mixin.py:190} INFO - [2026-05-18T06:41:26.797+0000] {dagbag.py:588} INFO - Filling up the DagBag from /home/noelsdavid/airflow_venv/lib/python3.12/site-packages/airflow/example_dags/subdags/subdag.py
[2026-05-18T06:41:26.801+0000] {processor.py:927} WARNING - No viable dags retrieved from /home/noelsdavid/airflow_venv/lib/python3.12/site-packages/airflow/example_dags/subdags/subdag.py
[2026-05-18T06:41:26.819+0000] {processor.py:208} INFO - Processing /home/noelsdavid/airflow_venv/lib/python3.12/site-packages/airflow/example_dags/subdags/subdag.py took 0.036 seconds
[2026-05-18T06:42:02.759+0000] {processor.py:186} INFO - Started process (PID=12295) to work on /home/noelsdavid/airflow_venv/lib/python3.12/site-packages/airflow/example_dags/subdags/subdag.py
[2026-05-18T06:42:02.763+0000] {processor.py:914} INFO - Processing file /home/noelsdavid/airflow_venv/lib/python3.12/site-packages/airflow/example_dags/subdags/subdag.py for tasks to queue
[2026-05-18T06:42:02.765+0000] {logging_mixin.py:190} INFO - [2026-05-18T06:42:02.765+0000] {dagbag.py:588} INFO - Filling up the DagBag from /home/noelsdavid/airflow_venv/lib/python3.12/site-packages/airflow/example_dags/subdags/subdag.py
[2026-05-18T06:42:02.769+0000] {processor.py:927} WARNING - No viable dags retrieved from /home/noelsdavid/airflow_venv/lib/python3.12/site-packages/airflow/example_dags/subdags/subdag.py
[2026-05-18T06:42:02.785+0000] {processor.py:208} INFO - Processing /home/noelsdavid/airflow_venv/lib/python3.12/site-packages/airflow/example_dags/subdags/subdag.py took 0.036 seconds
[2026-05-18T06:42:40.288+0000] {processor.py:186} INFO - Started process (PID=12516) to work on /home/noelsdavid/airflow_venv/lib/python3.12/site-packages/airflow/example_dags/subdags/subdag.py
[2026-05-18T06:42:40.290+0000] {processor.py:914} INFO - Processing file /home/noelsdavid/airflow_venv/lib/python3.12/site-packages/airflow/example_dags/subdags/subdag.py for tasks to queue
[2026-05-18T06:42:40.293+0000] {logging_mixin.py:190} INFO - [2026-05-18T06:42:40.293+0000] {dagbag.py:588} INFO - Filling up the DagBag from /home/noelsdavid/airflow_venv/lib/python3.12/site-packages/airflow/example_dags/subdags/subdag.py
[2026-05-18T06:42:40.297+0000] {processor.py:927} WARNING - No viable dags retrieved from /home/noelsdavid/airflow_venv/lib/python3.12/site-packages/airflow/example_dags/subdags/subdag.py
[2026-05-18T06:42:40.313+0000] {processor.py:208} INFO - Processing /home/noelsdavid/airflow_venv/lib/python3.12/site-packages/airflow/example_dags/subdags/subdag.py took 0.036 seconds
[2026-05-18T06:43:15.640+0000] {processor.py:186} INFO - Started process (PID=12687) to work on /home/noelsdavid/airflow_venv/lib/python3.12/site-packages/airflow/example_dags/subdags/subdag.py
[2026-05-18T06:43:15.647+0000] {processor.py:914} INFO - Processing file /home/noelsdavid/airflow_venv/lib/python3.12/site-packages/airflow/example_dags/subdags/subdag.py for tasks to queue
[2026-05-18T06:43:15.650+0000] {logging_mixin.py:190} INFO - [2026-05-18T06:43:15.650+0000] {dagbag.py:588} INFO - Filling up the DagBag from /home/noelsdavid/airflow_venv/lib/python3.12/site-packages/airflow/example_dags/subdags/subdag.py
[2026-05-18T06:43:15.655+0000] {processor.py:927} WARNING - No viable dags retrieved from /home/noelsdavid/airflow_venv/lib/python3.12/site-packages/airflow/example_dags/subdags/subdag.py
[2026-05-18T06:43:15.701+0000] {processor.py:208} INFO - Processing /home/noelsdavid/airflow_venv/lib/python3.12/site-packages/airflow/example_dags/subdags/subdag.py took 0.074 seconds
[2026-05-18T06:44:12.301+0000] {processor.py:186} INFO - Started process (PID=13024) to work on /home/noelsdavid/airflow_venv/lib/python3.12/site-packages/airflow/example_dags/subdags/subdag.py
[2026-05-18T06:44:12.304+0000] {processor.py:914} INFO - Processing file /home/noelsdavid/airflow_venv/lib/python3.12/site-packages/airflow/example_dags/subdags/subdag.py for tasks to queue
[2026-05-18T06:44:12.308+0000] {logging_mixin.py:190} INFO - [2026-05-18T06:44:12.307+0000] {dagbag.py:588} INFO - Filling up the DagBag from /home/noelsdavid/airflow_venv/lib/python3.12/site-packages/airflow/example_dags/subdags/subdag.py
[2026-05-18T06:44:12.312+0000] {processor.py:927} WARNING - No viable dags retrieved from /home/noelsdavid/airflow_venv/lib/python3.12/site-packages/airflow/example_dags/subdags/subdag.py
[2026-05-18T06:44:12.329+0000] {processor.py:208} INFO - Processing /home/noelsdavid/airflow_venv/lib/python3.12/site-packages/airflow/example_dags/subdags/subdag.py took 0.041 seconds
[2026-05-18T06:44:53.933+0000] {processor.py:186} INFO - Started process (PID=13070) to work on /home/noelsdavid/airflow_venv/lib/python3.12/site-packages/airflow/example_dags/subdags/subdag.py
[2026-05-18T06:44:53.935+0000] {processor.py:914} INFO - Processing file /home/noelsdavid/airflow_venv/lib/python3.12/site-packages/airflow/example_dags/subdags/subdag.py for tasks to queue
[2026-05-18T06:44:53.938+0000] {logging_mixin.py:190} INFO - [2026-05-18T06:44:53.937+0000] {dagbag.py:588} INFO - Filling up the DagBag from /home/noelsdavid/airflow_venv/lib/python3.12/site-packages/airflow/example_dags/subdags/subdag.py
[2026-05-18T06:44:53.941+0000] {processor.py:927} WARNING - No viable dags retrieved from /home/noelsdavid/airflow_venv/lib/python3.12/site-packages/airflow/example_dags/subdags/subdag.py
[2026-05-18T06:44:53.956+0000] {processor.py:208} INFO - Processing /home/noelsdavid/airflow_venv/lib/python3.12/site-packages/airflow/example_dags/subdags/subdag.py took 0.033 seconds
[2026-05-18T06:45:29.965+0000] {processor.py:186} INFO - Started process (PID=13132) to work on /home/noelsdavid/airflow_venv/lib/python3.12/site-packages/airflow/example_dags/subdags/subdag.py
[2026-05-18T06:45:29.968+0000] {processor.py:914} INFO - Processing file /home/noelsdavid/airflow_venv/lib/python3.12/site-packages/airflow/example_dags/subdags/subdag.py for tasks to queue
[2026-05-18T06:45:29.971+0000] {logging_mixin.py:190} INFO - [2026-05-18T06:45:29.970+0000] {dagbag.py:588} INFO - Filling up the DagBag from /home/noelsdavid/airflow_venv/lib/python3.12/site-packages/airflow/example_dags/subdags/subdag.py
[2026-05-18T06:45:29.974+0000] {processor.py:927} WARNING - No viable dags retrieved from /home/noelsdavid/airflow_venv/lib/python3.12/site-packages/airflow/example_dags/subdags/subdag.py
[2026-05-18T06:45:29.991+0000] {processor.py:208} INFO - Processing /home/noelsdavid/airflow_venv/lib/python3.12/site-packages/airflow/example_dags/subdags/subdag.py took 0.036 seconds
[2026-05-18T06:46:06.352+0000] {processor.py:186} INFO - Started process (PID=13172) to work on /home/noelsdavid/airflow_venv/lib/python3.12/site-packages/airflow/example_dags/subdags/subdag.py
[2026-05-18T06:46:06.355+0000] {processor.py:914} INFO - Processing file /home/noelsdavid/airflow_venv/lib/python3.12/site-packages/airflow/example_dags/subdags/subdag.py for tasks to queue
[2026-05-18T06:46:06.359+0000] {logging_mixin.py:190} INFO - [2026-05-18T06:46:06.358+0000] {dagbag.py:588} INFO - Filling up the DagBag from /home/noelsdavid/airflow_venv/lib/python3.12/site-packages/airflow/example_dags/subdags/subdag.py
[2026-05-18T06:46:06.362+0000] {processor.py:927} WARNING - No viable dags retrieved from /home/noelsdavid/airflow_venv/lib/python3.12/site-packages/airflow/example_dags/subdags/subdag.py
[2026-05-18T06:46:06.382+0000] {processor.py:208} INFO - Processing /home/noelsdavid/airflow_venv/lib/python3.12/site-packages/airflow/example_dags/subdags/subdag.py took 0.041 seconds
[2026-05-18T06:46:41.497+0000] {processor.py:186} INFO - Started process (PID=13210) to work on /home/noelsdavid/airflow_venv/lib/python3.12/site-packages/airflow/example_dags/subdags/subdag.py
[2026-05-18T06:46:41.499+0000] {processor.py:914} INFO - Processing file /home/noelsdavid/airflow_venv/lib/python3.12/site-packages/airflow/example_dags/subdags/subdag.py for tasks to queue
[2026-05-18T06:46:41.502+0000] {logging_mixin.py:190} INFO - [2026-05-18T06:46:41.502+0000] {dagbag.py:588} INFO - Filling up the DagBag from /home/noelsdavid/airflow_venv/lib/python3.12/site-packages/airflow/example_dags/subdags/subdag.py
[2026-05-18T06:46:41.506+0000] {processor.py:927} WARNING - No viable dags retrieved from /home/noelsdavid/airflow_venv/lib/python3.12/site-packages/airflow/example_dags/subdags/subdag.py
[2026-05-18T06:46:41.521+0000] {processor.py:208} INFO - Processing /home/noelsdavid/airflow_venv/lib/python3.12/site-packages/airflow/example_dags/subdags/subdag.py took 0.034 seconds
[2026-05-18T06:47:14.493+0000] {processor.py:186} INFO - Started process (PID=13249) to work on /home/noelsdavid/airflow_venv/lib/python3.12/site-packages/airflow/example_dags/subdags/subdag.py
[2026-05-18T06:47:14.496+0000] {processor.py:914} INFO - Processing file /home/noelsdavid/airflow_venv/lib/python3.12/site-packages/airflow/example_dags/subdags/subdag.py for tasks to queue
[2026-05-18T06:47:14.500+0000] {logging_mixin.py:190} INFO - [2026-05-18T06:47:14.499+0000] {dagbag.py:588} INFO - Filling up the DagBag from /home/noelsdavid/airflow_venv/lib/python3.12/site-packages/airflow/example_dags/subdags/subdag.py
[2026-05-18T06:47:14.503+0000] {processor.py:927} WARNING - No viable dags retrieved from /home/noelsdavid/airflow_venv/lib/python3.12/site-packages/airflow/example_dags/subdags/subdag.py
[2026-05-18T06:47:14.519+0000] {processor.py:208} INFO - Processing /home/noelsdavid/airflow_venv/lib/python3.12/site-packages/airflow/example_dags/subdags/subdag.py took 0.035 seconds
[2026-05-18T06:47:47.738+0000] {processor.py:186} INFO - Started process (PID=13286) to work on /home/noelsdavid/airflow_venv/lib/python3.12/site-packages/airflow/example_dags/subdags/subdag.py
[2026-05-18T06:47:47.741+0000] {processor.py:914} INFO - Processing file /home/noelsdavid/airflow_venv/lib/python3.12/site-packages/airflow/example_dags/subdags/subdag.py for tasks to queue
[2026-05-18T06:47:47.744+0000] {logging_mixin.py:190} INFO - [2026-05-18T06:47:47.744+0000] {dagbag.py:588} INFO - Filling up the DagBag from /home/noelsdavid/airflow_venv/lib/python3.12/site-packages/airflow/example_dags/subdags/subdag.py
[2026-05-18T06:47:47.747+0000] {processor.py:927} WARNING - No viable dags retrieved from /home/noelsdavid/airflow_venv/lib/python3.12/site-packages/airflow/example_dags/subdags/subdag.py
[2026-05-18T06:47:47.764+0000] {processor.py:208} INFO - Processing /home/noelsdavid/airflow_venv/lib/python3.12/site-packages/airflow/example_dags/subdags/subdag.py took 0.035 seconds
[2026-05-18T06:48:19.918+0000] {processor.py:186} INFO - Started process (PID=13321) to work on /home/noelsdavid/airflow_venv/lib/python3.12/site-packages/airflow/example_dags/subdags/subdag.py
[2026-05-18T06:48:19.920+0000] {processor.py:914} INFO - Processing file /home/noelsdavid/airflow_venv/lib/python3.12/site-packages/airflow/example_dags/subdags/subdag.py for tasks to queue
[2026-05-18T06:48:19.922+0000] {logging_mixin.py:190} INFO - [2026-05-18T06:48:19.921+0000] {dagbag.py:588} INFO - Filling up the DagBag from /home/noelsdavid/airflow_venv/lib/python3.12/site-packages/airflow/example_dags/subdags/subdag.py
[2026-05-18T06:48:19.925+0000] {processor.py:927} WARNING - No viable dags retrieved from /home/noelsdavid/airflow_venv/lib/python3.12/site-packages/airflow/example_dags/subdags/subdag.py
[2026-05-18T06:48:19.939+0000] {processor.py:208} INFO - Processing /home/noelsdavid/airflow_venv/lib/python3.12/site-packages/airflow/example_dags/subdags/subdag.py took 0.030 seconds
[2026-05-18T06:48:53.179+0000] {processor.py:186} INFO - Started process (PID=13358) to work on /home/noelsdavid/airflow_venv/lib/python3.12/site-packages/airflow/example_dags/subdags/subdag.py
[2026-05-18T06:48:53.182+0000] {processor.py:914} INFO - Processing file /home/noelsdavid/airflow_venv/lib/python3.12/site-packages/airflow/example_dags/subdags/subdag.py for tasks to queue
[2026-05-18T06:48:53.186+0000] {logging_mixin.py:190} INFO - [2026-05-18T06:48:53.185+0000] {dagbag.py:588} INFO - Filling up the DagBag from /home/noelsdavid/airflow_venv/lib/python3.12/site-packages/airflow/example_dags/subdags/subdag.py
[2026-05-18T06:48:53.189+0000] {processor.py:927} WARNING - No viable dags retrieved from /home/noelsdavid/airflow_venv/lib/python3.12/site-packages/airflow/example_dags/subdags/subdag.py
[2026-05-18T06:48:53.205+0000] {processor.py:208} INFO - Processing /home/noelsdavid/airflow_venv/lib/python3.12/site-packages/airflow/example_dags/subdags/subdag.py took 0.036 seconds
[2026-05-18T06:49:25.340+0000] {processor.py:186} INFO - Started process (PID=13395) to work on /home/noelsdavid/airflow_venv/lib/python3.12/site-packages/airflow/example_dags/subdags/subdag.py
[2026-05-18T06:49:25.341+0000] {processor.py:914} INFO - Processing file /home/noelsdavid/airflow_venv/lib/python3.12/site-packages/airflow/example_dags/subdags/subdag.py for tasks to queue
[2026-05-18T06:49:25.344+0000] {logging_mixin.py:190} INFO - [2026-05-18T06:49:25.343+0000] {dagbag.py:588} INFO - Filling up the DagBag from /home/noelsdavid/airflow_venv/lib/python3.12/site-packages/airflow/example_dags/subdags/subdag.py
[2026-05-18T06:49:25.348+0000] {processor.py:927} WARNING - No viable dags retrieved from /home/noelsdavid/airflow_venv/lib/python3.12/site-packages/airflow/example_dags/subdags/subdag.py
[2026-05-18T06:49:25.363+0000] {processor.py:208} INFO - Processing /home/noelsdavid/airflow_venv/lib/python3.12/site-packages/airflow/example_dags/subdags/subdag.py took 0.032 seconds
[2026-05-18T06:49:58.490+0000] {processor.py:186} INFO - Started process (PID=13457) to work on /home/noelsdavid/airflow_venv/lib/python3.12/site-packages/airflow/example_dags/subdags/subdag.py
[2026-05-18T06:49:58.500+0000] {processor.py:914} INFO - Processing file /home/noelsdavid/airflow_venv/lib/python3.12/site-packages/airflow/example_dags/subdags/subdag.py for tasks to queue
[2026-05-18T06:49:58.504+0000] {logging_mixin.py:190} INFO - [2026-05-18T06:49:58.503+0000] {dagbag.py:588} INFO - Filling up the DagBag from /home/noelsdavid/airflow_venv/lib/python3.12/site-packages/airflow/example_dags/subdags/subdag.py
[2026-05-18T06:49:58.507+0000] {processor.py:927} WARNING - No viable dags retrieved from /home/noelsdavid/airflow_venv/lib/python3.12/site-packages/airflow/example_dags/subdags/subdag.py
[2026-05-18T06:49:58.523+0000] {processor.py:208} INFO - Processing /home/noelsdavid/airflow_venv/lib/python3.12/site-packages/airflow/example_dags/subdags/subdag.py took 0.043 seconds
[2026-05-18T06:50:33.242+0000] {processor.py:186} INFO - Started process (PID=13968) to work on /home/noelsdavid/airflow_venv/lib/python3.12/site-packages/airflow/example_dags/subdags/subdag.py
[2026-05-18T06:50:33.244+0000] {processor.py:914} INFO - Processing file /home/noelsdavid/airflow_venv/lib/python3.12/site-packages/airflow/example_dags/subdags/subdag.py for tasks to queue
[2026-05-18T06:50:33.248+0000] {logging_mixin.py:190} INFO - [2026-05-18T06:50:33.247+0000] {dagbag.py:588} INFO - Filling up the DagBag from /home/noelsdavid/airflow_venv/lib/python3.12/site-packages/airflow/example_dags/subdags/subdag.py
[2026-05-18T06:50:33.252+0000] {processor.py:927} WARNING - No viable dags retrieved from /home/noelsdavid/airflow_venv/lib/python3.12/site-packages/airflow/example_dags/subdags/subdag.py
[2026-05-18T06:50:33.269+0000] {processor.py:208} INFO - Processing /home/noelsdavid/airflow_venv/lib/python3.12/site-packages/airflow/example_dags/subdags/subdag.py took 0.037 seconds
[2026-05-18T06:51:08.153+0000] {processor.py:186} INFO - Started process (PID=14115) to work on /home/noelsdavid/airflow_venv/lib/python3.12/site-packages/airflow/example_dags/subdags/subdag.py
[2026-05-18T06:51:08.155+0000] {processor.py:914} INFO - Processing file /home/noelsdavid/airflow_venv/lib/python3.12/site-packages/airflow/example_dags/subdags/subdag.py for tasks to queue
[2026-05-18T06:51:08.158+0000] {logging_mixin.py:190} INFO - [2026-05-18T06:51:08.158+0000] {dagbag.py:588} INFO - Filling up the DagBag from /home/noelsdavid/airflow_venv/lib/python3.12/site-packages/airflow/example_dags/subdags/subdag.py
[2026-05-18T06:51:08.162+0000] {processor.py:927} WARNING - No viable dags retrieved from /home/noelsdavid/airflow_venv/lib/python3.12/site-packages/airflow/example_dags/subdags/subdag.py
[2026-05-18T06:51:08.176+0000] {processor.py:208} INFO - Processing /home/noelsdavid/airflow_venv/lib/python3.12/site-packages/airflow/example_dags/subdags/subdag.py took 0.032 seconds
[2026-05-18T06:51:46.179+0000] {processor.py:186} INFO - Started process (PID=14288) to work on /home/noelsdavid/airflow_venv/lib/python3.12/site-packages/airflow/example_dags/subdags/subdag.py
[2026-05-18T06:51:46.182+0000] {processor.py:914} INFO - Processing file /home/noelsdavid/airflow_venv/lib/python3.12/site-packages/airflow/example_dags/subdags/subdag.py for tasks to queue
[2026-05-18T06:51:46.185+0000] {logging_mixin.py:190} INFO - [2026-05-18T06:51:46.184+0000] {dagbag.py:588} INFO - Filling up the DagBag from /home/noelsdavid/airflow_venv/lib/python3.12/site-packages/airflow/example_dags/subdags/subdag.py
[2026-05-18T06:51:46.188+0000] {processor.py:927} WARNING - No viable dags retrieved from /home/noelsdavid/airflow_venv/lib/python3.12/site-packages/airflow/example_dags/subdags/subdag.py
[2026-05-18T06:51:46.204+0000] {processor.py:208} INFO - Processing /home/noelsdavid/airflow_venv/lib/python3.12/site-packages/airflow/example_dags/subdags/subdag.py took 0.034 seconds
[2026-05-18T06:52:20.685+0000] {processor.py:186} INFO - Started process (PID=14401) to work on /home/noelsdavid/airflow_venv/lib/python3.12/site-packages/airflow/example_dags/subdags/subdag.py
[2026-05-18T06:52:20.688+0000] {processor.py:914} INFO - Processing file /home/noelsdavid/airflow_venv/lib/python3.12/site-packages/airflow/example_dags/subdags/subdag.py for tasks to queue
[2026-05-18T06:52:20.690+0000] {logging_mixin.py:190} INFO - [2026-05-18T06:52:20.690+0000] {dagbag.py:588} INFO - Filling up the DagBag from /home/noelsdavid/airflow_venv/lib/python3.12/site-packages/airflow/example_dags/subdags/subdag.py
[2026-05-18T06:52:20.694+0000] {processor.py:927} WARNING - No viable dags retrieved from /home/noelsdavid/airflow_venv/lib/python3.12/site-packages/airflow/example_dags/subdags/subdag.py
[2026-05-18T06:52:20.710+0000] {processor.py:208} INFO - Processing /home/noelsdavid/airflow_venv/lib/python3.12/site-packages/airflow/example_dags/subdags/subdag.py took 0.034 seconds
[2026-05-18T06:52:55.126+0000] {processor.py:186} INFO - Started process (PID=14557) to work on /home/noelsdavid/airflow_venv/lib/python3.12/site-packages/airflow/example_dags/subdags/subdag.py
[2026-05-18T06:52:55.128+0000] {processor.py:914} INFO - Processing file /home/noelsdavid/airflow_venv/lib/python3.12/site-packages/airflow/example_dags/subdags/subdag.py for tasks to queue
[2026-05-18T06:52:55.130+0000] {logging_mixin.py:190} INFO - [2026-05-18T06:52:55.130+0000] {dagbag.py:588} INFO - Filling up the DagBag from /home/noelsdavid/airflow_venv/lib/python3.12/site-packages/airflow/example_dags/subdags/subdag.py
[2026-05-18T06:52:55.133+0000] {processor.py:927} WARNING - No viable dags retrieved from /home/noelsdavid/airflow_venv/lib/python3.12/site-packages/airflow/example_dags/subdags/subdag.py
[2026-05-18T06:52:55.148+0000] {processor.py:208} INFO - Processing /home/noelsdavid/airflow_venv/lib/python3.12/site-packages/airflow/example_dags/subdags/subdag.py took 0.032 seconds
[2026-05-18T06:53:31.267+0000] {processor.py:186} INFO - Started process (PID=14711) to work on /home/noelsdavid/airflow_venv/lib/python3.12/site-packages/airflow/example_dags/subdags/subdag.py
[2026-05-18T06:53:31.287+0000] {processor.py:914} INFO - Processing file /home/noelsdavid/airflow_venv/lib/python3.12/site-packages/airflow/example_dags/subdags/subdag.py for tasks to queue
[2026-05-18T06:53:31.290+0000] {logging_mixin.py:190} INFO - [2026-05-18T06:53:31.289+0000] {dagbag.py:588} INFO - Filling up the DagBag from /home/noelsdavid/airflow_venv/lib/python3.12/site-packages/airflow/example_dags/subdags/subdag.py
[2026-05-18T06:53:31.293+0000] {processor.py:927} WARNING - No viable dags retrieved from /home/noelsdavid/airflow_venv/lib/python3.12/site-packages/airflow/example_dags/subdags/subdag.py
[2026-05-18T06:53:31.308+0000] {processor.py:208} INFO - Processing /home/noelsdavid/airflow_venv/lib/python3.12/site-packages/airflow/example_dags/subdags/subdag.py took 0.050 seconds
[2026-05-18T06:54:09.207+0000] {processor.py:186} INFO - Started process (PID=14907) to work on /home/noelsdavid/airflow_venv/lib/python3.12/site-packages/airflow/example_dags/subdags/subdag.py
[2026-05-18T06:54:09.210+0000] {processor.py:914} INFO - Processing file /home/noelsdavid/airflow_venv/lib/python3.12/site-packages/airflow/example_dags/subdags/subdag.py for tasks to queue
[2026-05-18T06:54:09.213+0000] {logging_mixin.py:190} INFO - [2026-05-18T06:54:09.212+0000] {dagbag.py:588} INFO - Filling up the DagBag from /home/noelsdavid/airflow_venv/lib/python3.12/site-packages/airflow/example_dags/subdags/subdag.py
[2026-05-18T06:54:09.216+0000] {processor.py:927} WARNING - No viable dags retrieved from /home/noelsdavid/airflow_venv/lib/python3.12/site-packages/airflow/example_dags/subdags/subdag.py
[2026-05-18T06:54:09.232+0000] {processor.py:208} INFO - Processing /home/noelsdavid/airflow_venv/lib/python3.12/site-packages/airflow/example_dags/subdags/subdag.py took 0.035 seconds
[2026-05-18T06:54:44.823+0000] {processor.py:186} INFO - Started process (PID=15004) to work on /home/noelsdavid/airflow_venv/lib/python3.12/site-packages/airflow/example_dags/subdags/subdag.py
[2026-05-18T06:54:44.825+0000] {processor.py:914} INFO - Processing file /home/noelsdavid/airflow_venv/lib/python3.12/site-packages/airflow/example_dags/subdags/subdag.py for tasks to queue
[2026-05-18T06:54:44.828+0000] {logging_mixin.py:190} INFO - [2026-05-18T06:54:44.827+0000] {dagbag.py:588} INFO - Filling up the DagBag from /home/noelsdavid/airflow_venv/lib/python3.12/site-packages/airflow/example_dags/subdags/subdag.py
[2026-05-18T06:54:44.831+0000] {processor.py:927} WARNING - No viable dags retrieved from /home/noelsdavid/airflow_venv/lib/python3.12/site-packages/airflow/example_dags/subdags/subdag.py
[2026-05-18T06:54:44.847+0000] {processor.py:208} INFO - Processing /home/noelsdavid/airflow_venv/lib/python3.12/site-packages/airflow/example_dags/subdags/subdag.py took 0.033 seconds
[2026-05-18T06:55:21.147+0000] {processor.py:186} INFO - Started process (PID=15078) to work on /home/noelsdavid/airflow_venv/lib/python3.12/site-packages/airflow/example_dags/subdags/subdag.py
[2026-05-18T06:55:21.149+0000] {processor.py:914} INFO - Processing file /home/noelsdavid/airflow_venv/lib/python3.12/site-packages/airflow/example_dags/subdags/subdag.py for tasks to queue
[2026-05-18T06:55:21.152+0000] {logging_mixin.py:190} INFO - [2026-05-18T06:55:21.151+0000] {dagbag.py:588} INFO - Filling up the DagBag from /home/noelsdavid/airflow_venv/lib/python3.12/site-packages/airflow/example_dags/subdags/subdag.py
[2026-05-18T06:55:21.156+0000] {processor.py:927} WARNING - No viable dags retrieved from /home/noelsdavid/airflow_venv/lib/python3.12/site-packages/airflow/example_dags/subdags/subdag.py
[2026-05-18T06:55:21.170+0000] {processor.py:208} INFO - Processing /home/noelsdavid/airflow_venv/lib/python3.12/site-packages/airflow/example_dags/subdags/subdag.py took 0.033 seconds
[2026-05-18T06:56:01.381+0000] {processor.py:186} INFO - Started process (PID=15300) to work on /home/noelsdavid/airflow_venv/lib/python3.12/site-packages/airflow/example_dags/subdags/subdag.py
[2026-05-18T06:56:01.386+0000] {processor.py:914} INFO - Processing file /home/noelsdavid/airflow_venv/lib/python3.12/site-packages/airflow/example_dags/subdags/subdag.py for tasks to queue
[2026-05-18T06:56:01.391+0000] {logging_mixin.py:190} INFO - [2026-05-18T06:56:01.390+0000] {dagbag.py:588} INFO - Filling up the DagBag from /home/noelsdavid/airflow_venv/lib/python3.12/site-packages/airflow/example_dags/subdags/subdag.py
[2026-05-18T06:56:01.400+0000] {processor.py:927} WARNING - No viable dags retrieved from /home/noelsdavid/airflow_venv/lib/python3.12/site-packages/airflow/example_dags/subdags/subdag.py
[2026-05-18T06:56:01.432+0000] {processor.py:208} INFO - Processing /home/noelsdavid/airflow_venv/lib/python3.12/site-packages/airflow/example_dags/subdags/subdag.py took 0.074 seconds
[2026-05-18T06:56:39.881+0000] {processor.py:186} INFO - Started process (PID=15414) to work on /home/noelsdavid/airflow_venv/lib/python3.12/site-packages/airflow/example_dags/subdags/subdag.py
[2026-05-18T06:56:39.884+0000] {processor.py:914} INFO - Processing file /home/noelsdavid/airflow_venv/lib/python3.12/site-packages/airflow/example_dags/subdags/subdag.py for tasks to queue
[2026-05-18T06:56:39.888+0000] {logging_mixin.py:190} INFO - [2026-05-18T06:56:39.887+0000] {dagbag.py:588} INFO - Filling up the DagBag from /home/noelsdavid/airflow_venv/lib/python3.12/site-packages/airflow/example_dags/subdags/subdag.py
[2026-05-18T06:56:39.893+0000] {processor.py:927} WARNING - No viable dags retrieved from /home/noelsdavid/airflow_venv/lib/python3.12/site-packages/airflow/example_dags/subdags/subdag.py
[2026-05-18T06:56:39.915+0000] {processor.py:208} INFO - Processing /home/noelsdavid/airflow_venv/lib/python3.12/site-packages/airflow/example_dags/subdags/subdag.py took 0.047 seconds
[2026-05-18T06:57:17.978+0000] {processor.py:186} INFO - Started process (PID=15451) to work on /home/noelsdavid/airflow_venv/lib/python3.12/site-packages/airflow/example_dags/subdags/subdag.py
[2026-05-18T06:57:17.981+0000] {processor.py:914} INFO - Processing file /home/noelsdavid/airflow_venv/lib/python3.12/site-packages/airflow/example_dags/subdags/subdag.py for tasks to queue
[2026-05-18T06:57:17.984+0000] {logging_mixin.py:190} INFO - [2026-05-18T06:57:17.983+0000] {dagbag.py:588} INFO - Filling up the DagBag from /home/noelsdavid/airflow_venv/lib/python3.12/site-packages/airflow/example_dags/subdags/subdag.py
[2026-05-18T06:57:17.987+0000] {processor.py:927} WARNING - No viable dags retrieved from /home/noelsdavid/airflow_venv/lib/python3.12/site-packages/airflow/example_dags/subdags/subdag.py
[2026-05-18T06:57:18.004+0000] {processor.py:208} INFO - Processing /home/noelsdavid/airflow_venv/lib/python3.12/site-packages/airflow/example_dags/subdags/subdag.py took 0.036 seconds
[2026-05-18T06:57:57.667+0000] {processor.py:186} INFO - Started process (PID=15591) to work on /home/noelsdavid/airflow_venv/lib/python3.12/site-packages/airflow/example_dags/subdags/subdag.py
[2026-05-18T06:57:57.670+0000] {processor.py:914} INFO - Processing file /home/noelsdavid/airflow_venv/lib/python3.12/site-packages/airflow/example_dags/subdags/subdag.py for tasks to queue
[2026-05-18T06:57:57.673+0000] {logging_mixin.py:190} INFO - [2026-05-18T06:57:57.672+0000] {dagbag.py:588} INFO - Filling up the DagBag from /home/noelsdavid/airflow_venv/lib/python3.12/site-packages/airflow/example_dags/subdags/subdag.py
[2026-05-18T06:57:57.677+0000] {processor.py:927} WARNING - No viable dags retrieved from /home/noelsdavid/airflow_venv/lib/python3.12/site-packages/airflow/example_dags/subdags/subdag.py
[2026-05-18T06:57:57.693+0000] {processor.py:208} INFO - Processing /home/noelsdavid/airflow_venv/lib/python3.12/site-packages/airflow/example_dags/subdags/subdag.py took 0.037 seconds
[2026-05-18T06:58:34.231+0000] {processor.py:186} INFO - Started process (PID=15777) to work on /home/noelsdavid/airflow_venv/lib/python3.12/site-packages/airflow/example_dags/subdags/subdag.py
[2026-05-18T06:58:34.235+0000] {processor.py:914} INFO - Processing file /home/noelsdavid/airflow_venv/lib/python3.12/site-packages/airflow/example_dags/subdags/subdag.py for tasks to queue
[2026-05-18T06:58:34.241+0000] {logging_mixin.py:190} INFO - [2026-05-18T06:58:34.240+0000] {dagbag.py:588} INFO - Filling up the DagBag from /home/noelsdavid/airflow_venv/lib/python3.12/site-packages/airflow/example_dags/subdags/subdag.py
[2026-05-18T06:58:34.249+0000] {processor.py:927} WARNING - No viable dags retrieved from /home/noelsdavid/airflow_venv/lib/python3.12/site-packages/airflow/example_dags/subdags/subdag.py
[2026-05-18T06:58:34.274+0000] {processor.py:208} INFO - Processing /home/noelsdavid/airflow_venv/lib/python3.12/site-packages/airflow/example_dags/subdags/subdag.py took 0.056 seconds
[2026-05-18T06:59:11.250+0000] {processor.py:186} INFO - Started process (PID=15832) to work on /home/noelsdavid/airflow_venv/lib/python3.12/site-packages/airflow/example_dags/subdags/subdag.py
[2026-05-18T06:59:11.252+0000] {processor.py:914} INFO - Processing file /home/noelsdavid/airflow_venv/lib/python3.12/site-packages/airflow/example_dags/subdags/subdag.py for tasks to queue
[2026-05-18T06:59:11.255+0000] {logging_mixin.py:190} INFO - [2026-05-18T06:59:11.254+0000] {dagbag.py:588} INFO - Filling up the DagBag from /home/noelsdavid/airflow_venv/lib/python3.12/site-packages/airflow/example_dags/subdags/subdag.py
[2026-05-18T06:59:11.258+0000] {processor.py:927} WARNING - No viable dags retrieved from /home/noelsdavid/airflow_venv/lib/python3.12/site-packages/airflow/example_dags/subdags/subdag.py
[2026-05-18T06:59:11.274+0000] {processor.py:208} INFO - Processing /home/noelsdavid/airflow_venv/lib/python3.12/site-packages/airflow/example_dags/subdags/subdag.py took 0.037 seconds
[2026-05-18T06:59:51.549+0000] {processor.py:186} INFO - Started process (PID=15881) to work on /home/noelsdavid/airflow_venv/lib/python3.12/site-packages/airflow/example_dags/subdags/subdag.py
[2026-05-18T06:59:51.567+0000] {processor.py:914} INFO - Processing file /home/noelsdavid/airflow_venv/lib/python3.12/site-packages/airflow/example_dags/subdags/subdag.py for tasks to queue
[2026-05-18T06:59:51.569+0000] {logging_mixin.py:190} INFO - [2026-05-18T06:59:51.569+0000] {dagbag.py:588} INFO - Filling up the DagBag from /home/noelsdavid/airflow_venv/lib/python3.12/site-packages/airflow/example_dags/subdags/subdag.py
[2026-05-18T06:59:51.573+0000] {processor.py:927} WARNING - No viable dags retrieved from /home/noelsdavid/airflow_venv/lib/python3.12/site-packages/airflow/example_dags/subdags/subdag.py
[2026-05-18T06:59:51.588+0000] {processor.py:208} INFO - Processing /home/noelsdavid/airflow_venv/lib/python3.12/site-packages/airflow/example_dags/subdags/subdag.py took 0.052 seconds
[2026-05-18T07:00:32.077+0000] {processor.py:186} INFO - Started process (PID=16191) to work on /home/noelsdavid/airflow_venv/lib/python3.12/site-packages/airflow/example_dags/subdags/subdag.py
[2026-05-18T07:00:32.106+0000] {processor.py:914} INFO - Processing file /home/noelsdavid/airflow_venv/lib/python3.12/site-packages/airflow/example_dags/subdags/subdag.py for tasks to queue
[2026-05-18T07:00:32.109+0000] {logging_mixin.py:190} INFO - [2026-05-18T07:00:32.108+0000] {dagbag.py:588} INFO - Filling up the DagBag from /home/noelsdavid/airflow_venv/lib/python3.12/site-packages/airflow/example_dags/subdags/subdag.py
[2026-05-18T07:00:32.112+0000] {processor.py:927} WARNING - No viable dags retrieved from /home/noelsdavid/airflow_venv/lib/python3.12/site-packages/airflow/example_dags/subdags/subdag.py
[2026-05-18T07:00:32.127+0000] {processor.py:208} INFO - Processing /home/noelsdavid/airflow_venv/lib/python3.12/site-packages/airflow/example_dags/subdags/subdag.py took 0.060 seconds
[2026-05-18T07:01:11.839+0000] {processor.py:186} INFO - Started process (PID=16394) to work on /home/noelsdavid/airflow_venv/lib/python3.12/site-packages/airflow/example_dags/subdags/subdag.py
[2026-05-18T07:01:11.842+0000] {processor.py:914} INFO - Processing file /home/noelsdavid/airflow_venv/lib/python3.12/site-packages/airflow/example_dags/subdags/subdag.py for tasks to queue
[2026-05-18T07:01:11.845+0000] {logging_mixin.py:190} INFO - [2026-05-18T07:01:11.845+0000] {dagbag.py:588} INFO - Filling up the DagBag from /home/noelsdavid/airflow_venv/lib/python3.12/site-packages/airflow/example_dags/subdags/subdag.py
[2026-05-18T07:01:11.849+0000] {processor.py:927} WARNING - No viable dags retrieved from /home/noelsdavid/airflow_venv/lib/python3.12/site-packages/airflow/example_dags/subdags/subdag.py
[2026-05-18T07:01:11.863+0000] {processor.py:208} INFO - Processing /home/noelsdavid/airflow_venv/lib/python3.12/site-packages/airflow/example_dags/subdags/subdag.py took 0.034 seconds
[2026-05-18T07:01:49.032+0000] {processor.py:186} INFO - Started process (PID=16435) to work on /home/noelsdavid/airflow_venv/lib/python3.12/site-packages/airflow/example_dags/subdags/subdag.py
[2026-05-18T07:01:49.035+0000] {processor.py:914} INFO - Processing file /home/noelsdavid/airflow_venv/lib/python3.12/site-packages/airflow/example_dags/subdags/subdag.py for tasks to queue
[2026-05-18T07:01:49.038+0000] {logging_mixin.py:190} INFO - [2026-05-18T07:01:49.037+0000] {dagbag.py:588} INFO - Filling up the DagBag from /home/noelsdavid/airflow_venv/lib/python3.12/site-packages/airflow/example_dags/subdags/subdag.py
[2026-05-18T07:01:49.041+0000] {processor.py:927} WARNING - No viable dags retrieved from /home/noelsdavid/airflow_venv/lib/python3.12/site-packages/airflow/example_dags/subdags/subdag.py
[2026-05-18T07:01:49.057+0000] {processor.py:208} INFO - Processing /home/noelsdavid/airflow_venv/lib/python3.12/site-packages/airflow/example_dags/subdags/subdag.py took 0.034 seconds
[2026-05-18T07:02:25.115+0000] {processor.py:186} INFO - Started process (PID=16473) to work on /home/noelsdavid/airflow_venv/lib/python3.12/site-packages/airflow/example_dags/subdags/subdag.py
[2026-05-18T07:02:25.122+0000] {processor.py:914} INFO - Processing file /home/noelsdavid/airflow_venv/lib/python3.12/site-packages/airflow/example_dags/subdags/subdag.py for tasks to queue
[2026-05-18T07:02:25.125+0000] {logging_mixin.py:190} INFO - [2026-05-18T07:02:25.125+0000] {dagbag.py:588} INFO - Filling up the DagBag from /home/noelsdavid/airflow_venv/lib/python3.12/site-packages/airflow/example_dags/subdags/subdag.py
[2026-05-18T07:02:25.129+0000] {processor.py:927} WARNING - No viable dags retrieved from /home/noelsdavid/airflow_venv/lib/python3.12/site-packages/airflow/example_dags/subdags/subdag.py
[2026-05-18T07:02:25.144+0000] {processor.py:208} INFO - Processing /home/noelsdavid/airflow_venv/lib/python3.12/site-packages/airflow/example_dags/subdags/subdag.py took 0.040 seconds
[2026-05-18T07:03:01.204+0000] {processor.py:186} INFO - Started process (PID=16513) to work on /home/noelsdavid/airflow_venv/lib/python3.12/site-packages/airflow/example_dags/subdags/subdag.py
[2026-05-18T07:03:01.207+0000] {processor.py:914} INFO - Processing file /home/noelsdavid/airflow_venv/lib/python3.12/site-packages/airflow/example_dags/subdags/subdag.py for tasks to queue
[2026-05-18T07:03:01.210+0000] {logging_mixin.py:190} INFO - [2026-05-18T07:03:01.209+0000] {dagbag.py:588} INFO - Filling up the DagBag from /home/noelsdavid/airflow_venv/lib/python3.12/site-packages/airflow/example_dags/subdags/subdag.py
[2026-05-18T07:03:01.213+0000] {processor.py:927} WARNING - No viable dags retrieved from /home/noelsdavid/airflow_venv/lib/python3.12/site-packages/airflow/example_dags/subdags/subdag.py
[2026-05-18T07:03:01.228+0000] {processor.py:208} INFO - Processing /home/noelsdavid/airflow_venv/lib/python3.12/site-packages/airflow/example_dags/subdags/subdag.py took 0.033 seconds
[2026-05-18T07:03:37.133+0000] {processor.py:186} INFO - Started process (PID=16551) to work on /home/noelsdavid/airflow_venv/lib/python3.12/site-packages/airflow/example_dags/subdags/subdag.py
[2026-05-18T07:03:37.136+0000] {processor.py:914} INFO - Processing file /home/noelsdavid/airflow_venv/lib/python3.12/site-packages/airflow/example_dags/subdags/subdag.py for tasks to queue
[2026-05-18T07:03:37.140+0000] {logging_mixin.py:190} INFO - [2026-05-18T07:03:37.139+0000] {dagbag.py:588} INFO - Filling up the DagBag from /home/noelsdavid/airflow_venv/lib/python3.12/site-packages/airflow/example_dags/subdags/subdag.py
[2026-05-18T07:03:37.143+0000] {processor.py:927} WARNING - No viable dags retrieved from /home/noelsdavid/airflow_venv/lib/python3.12/site-packages/airflow/example_dags/subdags/subdag.py
[2026-05-18T07:03:37.161+0000] {processor.py:208} INFO - Processing /home/noelsdavid/airflow_venv/lib/python3.12/site-packages/airflow/example_dags/subdags/subdag.py took 0.037 seconds
[2026-05-18T07:04:11.230+0000] {processor.py:186} INFO - Started process (PID=16591) to work on /home/noelsdavid/airflow_venv/lib/python3.12/site-packages/airflow/example_dags/subdags/subdag.py
[2026-05-18T07:04:11.232+0000] {processor.py:914} INFO - Processing file /home/noelsdavid/airflow_venv/lib/python3.12/site-packages/airflow/example_dags/subdags/subdag.py for tasks to queue
[2026-05-18T07:04:11.235+0000] {logging_mixin.py:190} INFO - [2026-05-18T07:04:11.234+0000] {dagbag.py:588} INFO - Filling up the DagBag from /home/noelsdavid/airflow_venv/lib/python3.12/site-packages/airflow/example_dags/subdags/subdag.py
[2026-05-18T07:04:11.238+0000] {processor.py:927} WARNING - No viable dags retrieved from /home/noelsdavid/airflow_venv/lib/python3.12/site-packages/airflow/example_dags/subdags/subdag.py
[2026-05-18T07:04:11.255+0000] {processor.py:208} INFO - Processing /home/noelsdavid/airflow_venv/lib/python3.12/site-packages/airflow/example_dags/subdags/subdag.py took 0.034 seconds
[2026-05-18T07:04:45.457+0000] {processor.py:186} INFO - Started process (PID=16628) to work on /home/noelsdavid/airflow_venv/lib/python3.12/site-packages/airflow/example_dags/subdags/subdag.py
[2026-05-18T07:04:45.460+0000] {processor.py:914} INFO - Processing file /home/noelsdavid/airflow_venv/lib/python3.12/site-packages/airflow/example_dags/subdags/subdag.py for tasks to queue
[2026-05-18T07:04:45.463+0000] {logging_mixin.py:190} INFO - [2026-05-18T07:04:45.462+0000] {dagbag.py:588} INFO - Filling up the DagBag from /home/noelsdavid/airflow_venv/lib/python3.12/site-packages/airflow/example_dags/subdags/subdag.py
[2026-05-18T07:04:45.466+0000] {processor.py:927} WARNING - No viable dags retrieved from /home/noelsdavid/airflow_venv/lib/python3.12/site-packages/airflow/example_dags/subdags/subdag.py
[2026-05-18T07:04:45.482+0000] {processor.py:208} INFO - Processing /home/noelsdavid/airflow_venv/lib/python3.12/site-packages/airflow/example_dags/subdags/subdag.py took 0.035 seconds
[2026-05-18T07:05:21.372+0000] {processor.py:186} INFO - Started process (PID=16692) to work on /home/noelsdavid/airflow_venv/lib/python3.12/site-packages/airflow/example_dags/subdags/subdag.py
[2026-05-18T07:05:21.374+0000] {processor.py:914} INFO - Processing file /home/noelsdavid/airflow_venv/lib/python3.12/site-packages/airflow/example_dags/subdags/subdag.py for tasks to queue
[2026-05-18T07:05:21.377+0000] {logging_mixin.py:190} INFO - [2026-05-18T07:05:21.376+0000] {dagbag.py:588} INFO - Filling up the DagBag from /home/noelsdavid/airflow_venv/lib/python3.12/site-packages/airflow/example_dags/subdags/subdag.py
[2026-05-18T07:05:21.381+0000] {processor.py:927} WARNING - No viable dags retrieved from /home/noelsdavid/airflow_venv/lib/python3.12/site-packages/airflow/example_dags/subdags/subdag.py
[2026-05-18T07:05:21.397+0000] {processor.py:208} INFO - Processing /home/noelsdavid/airflow_venv/lib/python3.12/site-packages/airflow/example_dags/subdags/subdag.py took 0.035 seconds
[2026-05-18T07:05:59.238+0000] {processor.py:186} INFO - Started process (PID=16731) to work on /home/noelsdavid/airflow_venv/lib/python3.12/site-packages/airflow/example_dags/subdags/subdag.py
[2026-05-18T07:05:59.240+0000] {processor.py:914} INFO - Processing file /home/noelsdavid/airflow_venv/lib/python3.12/site-packages/airflow/example_dags/subdags/subdag.py for tasks to queue
[2026-05-18T07:05:59.243+0000] {logging_mixin.py:190} INFO - [2026-05-18T07:05:59.242+0000] {dagbag.py:588} INFO - Filling up the DagBag from /home/noelsdavid/airflow_venv/lib/python3.12/site-packages/airflow/example_dags/subdags/subdag.py
[2026-05-18T07:05:59.246+0000] {processor.py:927} WARNING - No viable dags retrieved from /home/noelsdavid/airflow_venv/lib/python3.12/site-packages/airflow/example_dags/subdags/subdag.py
[2026-05-18T07:05:59.263+0000] {processor.py:208} INFO - Processing /home/noelsdavid/airflow_venv/lib/python3.12/site-packages/airflow/example_dags/subdags/subdag.py took 0.035 seconds
[2026-05-18T07:06:40.710+0000] {processor.py:186} INFO - Started process (PID=16773) to work on /home/noelsdavid/airflow_venv/lib/python3.12/site-packages/airflow/example_dags/subdags/subdag.py
[2026-05-18T07:06:40.734+0000] {processor.py:914} INFO - Processing file /home/noelsdavid/airflow_venv/lib/python3.12/site-packages/airflow/example_dags/subdags/subdag.py for tasks to queue
[2026-05-18T07:06:40.737+0000] {logging_mixin.py:190} INFO - [2026-05-18T07:06:40.737+0000] {dagbag.py:588} INFO - Filling up the DagBag from /home/noelsdavid/airflow_venv/lib/python3.12/site-packages/airflow/example_dags/subdags/subdag.py
[2026-05-18T07:06:40.741+0000] {processor.py:927} WARNING - No viable dags retrieved from /home/noelsdavid/airflow_venv/lib/python3.12/site-packages/airflow/example_dags/subdags/subdag.py
[2026-05-18T07:06:40.757+0000] {processor.py:208} INFO - Processing /home/noelsdavid/airflow_venv/lib/python3.12/site-packages/airflow/example_dags/subdags/subdag.py took 0.058 seconds
[2026-05-18T07:07:18.764+0000] {processor.py:186} INFO - Started process (PID=16812) to work on /home/noelsdavid/airflow_venv/lib/python3.12/site-packages/airflow/example_dags/subdags/subdag.py
[2026-05-18T07:07:18.767+0000] {processor.py:914} INFO - Processing file /home/noelsdavid/airflow_venv/lib/python3.12/site-packages/airflow/example_dags/subdags/subdag.py for tasks to queue
[2026-05-18T07:07:18.771+0000] {logging_mixin.py:190} INFO - [2026-05-18T07:07:18.770+0000] {dagbag.py:588} INFO - Filling up the DagBag from /home/noelsdavid/airflow_venv/lib/python3.12/site-packages/airflow/example_dags/subdags/subdag.py
[2026-05-18T07:07:18.774+0000] {processor.py:927} WARNING - No viable dags retrieved from /home/noelsdavid/airflow_venv/lib/python3.12/site-packages/airflow/example_dags/subdags/subdag.py
[2026-05-18T07:07:18.791+0000] {processor.py:208} INFO - Processing /home/noelsdavid/airflow_venv/lib/python3.12/site-packages/airflow/example_dags/subdags/subdag.py took 0.037 seconds
[2026-05-18T07:07:58.652+0000] {processor.py:186} INFO - Started process (PID=16853) to work on /home/noelsdavid/airflow_venv/lib/python3.12/site-packages/airflow/example_dags/subdags/subdag.py
[2026-05-18T07:07:58.655+0000] {processor.py:914} INFO - Processing file /home/noelsdavid/airflow_venv/lib/python3.12/site-packages/airflow/example_dags/subdags/subdag.py for tasks to queue
[2026-05-18T07:07:58.657+0000] {logging_mixin.py:190} INFO - [2026-05-18T07:07:58.657+0000] {dagbag.py:588} INFO - Filling up the DagBag from /home/noelsdavid/airflow_venv/lib/python3.12/site-packages/airflow/example_dags/subdags/subdag.py
[2026-05-18T07:07:58.661+0000] {processor.py:927} WARNING - No viable dags retrieved from /home/noelsdavid/airflow_venv/lib/python3.12/site-packages/airflow/example_dags/subdags/subdag.py
[2026-05-18T07:07:58.678+0000] {processor.py:208} INFO - Processing /home/noelsdavid/airflow_venv/lib/python3.12/site-packages/airflow/example_dags/subdags/subdag.py took 0.036 seconds
[2026-05-18T07:08:38.194+0000] {processor.py:186} INFO - Started process (PID=16894) to work on /home/noelsdavid/airflow_venv/lib/python3.12/site-packages/airflow/example_dags/subdags/subdag.py
[2026-05-18T07:08:38.197+0000] {processor.py:914} INFO - Processing file /home/noelsdavid/airflow_venv/lib/python3.12/site-packages/airflow/example_dags/subdags/subdag.py for tasks to queue
[2026-05-18T07:08:38.200+0000] {logging_mixin.py:190} INFO - [2026-05-18T07:08:38.199+0000] {dagbag.py:588} INFO - Filling up the DagBag from /home/noelsdavid/airflow_venv/lib/python3.12/site-packages/airflow/example_dags/subdags/subdag.py
[2026-05-18T07:08:38.203+0000] {processor.py:927} WARNING - No viable dags retrieved from /home/noelsdavid/airflow_venv/lib/python3.12/site-packages/airflow/example_dags/subdags/subdag.py
[2026-05-18T07:08:38.219+0000] {processor.py:208} INFO - Processing /home/noelsdavid/airflow_venv/lib/python3.12/site-packages/airflow/example_dags/subdags/subdag.py took 0.034 seconds
[2026-05-18T07:09:19.890+0000] {processor.py:186} INFO - Started process (PID=16935) to work on /home/noelsdavid/airflow_venv/lib/python3.12/site-packages/airflow/example_dags/subdags/subdag.py
[2026-05-18T07:09:19.892+0000] {processor.py:914} INFO - Processing file /home/noelsdavid/airflow_venv/lib/python3.12/site-packages/airflow/example_dags/subdags/subdag.py for tasks to queue
[2026-05-18T07:09:20.071+0000] {logging_mixin.py:190} INFO - [2026-05-18T07:09:20.070+0000] {dagbag.py:588} INFO - Filling up the DagBag from /home/noelsdavid/airflow_venv/lib/python3.12/site-packages/airflow/example_dags/subdags/subdag.py
[2026-05-18T07:09:20.073+0000] {processor.py:927} WARNING - No viable dags retrieved from /home/noelsdavid/airflow_venv/lib/python3.12/site-packages/airflow/example_dags/subdags/subdag.py
[2026-05-18T07:09:20.085+0000] {processor.py:208} INFO - Processing /home/noelsdavid/airflow_venv/lib/python3.12/site-packages/airflow/example_dags/subdags/subdag.py took 0.204 seconds
[2026-05-18T07:10:02.403+0000] {processor.py:186} INFO - Started process (PID=16977) to work on /home/noelsdavid/airflow_venv/lib/python3.12/site-packages/airflow/example_dags/subdags/subdag.py
[2026-05-18T07:10:02.407+0000] {processor.py:914} INFO - Processing file /home/noelsdavid/airflow_venv/lib/python3.12/site-packages/airflow/example_dags/subdags/subdag.py for tasks to queue
[2026-05-18T07:10:02.411+0000] {logging_mixin.py:190} INFO - [2026-05-18T07:10:02.409+0000] {dagbag.py:588} INFO - Filling up the DagBag from /home/noelsdavid/airflow_venv/lib/python3.12/site-packages/airflow/example_dags/subdags/subdag.py
[2026-05-18T07:10:02.418+0000] {processor.py:927} WARNING - No viable dags retrieved from /home/noelsdavid/airflow_venv/lib/python3.12/site-packages/airflow/example_dags/subdags/subdag.py
[2026-05-18T07:10:02.443+0000] {processor.py:208} INFO - Processing /home/noelsdavid/airflow_venv/lib/python3.12/site-packages/airflow/example_dags/subdags/subdag.py took 0.055 seconds
[2026-05-18T07:10:41.480+0000] {processor.py:186} INFO - Started process (PID=17045) to work on /home/noelsdavid/airflow_venv/lib/python3.12/site-packages/airflow/example_dags/subdags/subdag.py
[2026-05-18T07:10:41.483+0000] {processor.py:914} INFO - Processing file /home/noelsdavid/airflow_venv/lib/python3.12/site-packages/airflow/example_dags/subdags/subdag.py for tasks to queue
[2026-05-18T07:10:41.486+0000] {logging_mixin.py:190} INFO - [2026-05-18T07:10:41.485+0000] {dagbag.py:588} INFO - Filling up the DagBag from /home/noelsdavid/airflow_venv/lib/python3.12/site-packages/airflow/example_dags/subdags/subdag.py
[2026-05-18T07:10:41.490+0000] {processor.py:927} WARNING - No viable dags retrieved from /home/noelsdavid/airflow_venv/lib/python3.12/site-packages/airflow/example_dags/subdags/subdag.py
[2026-05-18T07:10:41.508+0000] {processor.py:208} INFO - Processing /home/noelsdavid/airflow_venv/lib/python3.12/site-packages/airflow/example_dags/subdags/subdag.py took 0.037 seconds
[2026-05-18T07:11:18.237+0000] {processor.py:186} INFO - Started process (PID=17084) to work on /home/noelsdavid/airflow_venv/lib/python3.12/site-packages/airflow/example_dags/subdags/subdag.py
[2026-05-18T07:11:18.239+0000] {processor.py:914} INFO - Processing file /home/noelsdavid/airflow_venv/lib/python3.12/site-packages/airflow/example_dags/subdags/subdag.py for tasks to queue
[2026-05-18T07:11:18.242+0000] {logging_mixin.py:190} INFO - [2026-05-18T07:11:18.242+0000] {dagbag.py:588} INFO - Filling up the DagBag from /home/noelsdavid/airflow_venv/lib/python3.12/site-packages/airflow/example_dags/subdags/subdag.py
[2026-05-18T07:11:18.246+0000] {processor.py:927} WARNING - No viable dags retrieved from /home/noelsdavid/airflow_venv/lib/python3.12/site-packages/airflow/example_dags/subdags/subdag.py
[2026-05-18T07:11:18.262+0000] {processor.py:208} INFO - Processing /home/noelsdavid/airflow_venv/lib/python3.12/site-packages/airflow/example_dags/subdags/subdag.py took 0.035 seconds
[2026-05-18T07:11:54.706+0000] {processor.py:186} INFO - Started process (PID=17124) to work on /home/noelsdavid/airflow_venv/lib/python3.12/site-packages/airflow/example_dags/subdags/subdag.py
[2026-05-18T07:11:54.708+0000] {processor.py:914} INFO - Processing file /home/noelsdavid/airflow_venv/lib/python3.12/site-packages/airflow/example_dags/subdags/subdag.py for tasks to queue
[2026-05-18T07:11:54.711+0000] {logging_mixin.py:190} INFO - [2026-05-18T07:11:54.711+0000] {dagbag.py:588} INFO - Filling up the DagBag from /home/noelsdavid/airflow_venv/lib/python3.12/site-packages/airflow/example_dags/subdags/subdag.py
[2026-05-18T07:11:54.715+0000] {processor.py:927} WARNING - No viable dags retrieved from /home/noelsdavid/airflow_venv/lib/python3.12/site-packages/airflow/example_dags/subdags/subdag.py
[2026-05-18T07:11:54.730+0000] {processor.py:208} INFO - Processing /home/noelsdavid/airflow_venv/lib/python3.12/site-packages/airflow/example_dags/subdags/subdag.py took 0.033 seconds
[2026-05-18T07:12:31.267+0000] {processor.py:186} INFO - Started process (PID=17163) to work on /home/noelsdavid/airflow_venv/lib/python3.12/site-packages/airflow/example_dags/subdags/subdag.py
[2026-05-18T07:12:31.270+0000] {processor.py:914} INFO - Processing file /home/noelsdavid/airflow_venv/lib/python3.12/site-packages/airflow/example_dags/subdags/subdag.py for tasks to queue
[2026-05-18T07:12:31.272+0000] {logging_mixin.py:190} INFO - [2026-05-18T07:12:31.272+0000] {dagbag.py:588} INFO - Filling up the DagBag from /home/noelsdavid/airflow_venv/lib/python3.12/site-packages/airflow/example_dags/subdags/subdag.py
[2026-05-18T07:12:31.276+0000] {processor.py:927} WARNING - No viable dags retrieved from /home/noelsdavid/airflow_venv/lib/python3.12/site-packages/airflow/example_dags/subdags/subdag.py
[2026-05-18T07:12:31.291+0000] {processor.py:208} INFO - Processing /home/noelsdavid/airflow_venv/lib/python3.12/site-packages/airflow/example_dags/subdags/subdag.py took 0.033 seconds
[2026-05-18T07:13:09.468+0000] {processor.py:186} INFO - Started process (PID=17203) to work on /home/noelsdavid/airflow_venv/lib/python3.12/site-packages/airflow/example_dags/subdags/subdag.py
[2026-05-18T07:13:09.471+0000] {processor.py:914} INFO - Processing file /home/noelsdavid/airflow_venv/lib/python3.12/site-packages/airflow/example_dags/subdags/subdag.py for tasks to queue
[2026-05-18T07:13:09.474+0000] {logging_mixin.py:190} INFO - [2026-05-18T07:13:09.473+0000] {dagbag.py:588} INFO - Filling up the DagBag from /home/noelsdavid/airflow_venv/lib/python3.12/site-packages/airflow/example_dags/subdags/subdag.py
[2026-05-18T07:13:09.477+0000] {processor.py:927} WARNING - No viable dags retrieved from /home/noelsdavid/airflow_venv/lib/python3.12/site-packages/airflow/example_dags/subdags/subdag.py
[2026-05-18T07:13:09.493+0000] {processor.py:208} INFO - Processing /home/noelsdavid/airflow_venv/lib/python3.12/site-packages/airflow/example_dags/subdags/subdag.py took 0.036 seconds
[2026-05-18T07:13:47.792+0000] {processor.py:186} INFO - Started process (PID=17244) to work on /home/noelsdavid/airflow_venv/lib/python3.12/site-packages/airflow/example_dags/subdags/subdag.py
[2026-05-18T07:13:47.796+0000] {processor.py:914} INFO - Processing file /home/noelsdavid/airflow_venv/lib/python3.12/site-packages/airflow/example_dags/subdags/subdag.py for tasks to queue
[2026-05-18T07:13:47.799+0000] {logging_mixin.py:190} INFO - [2026-05-18T07:13:47.799+0000] {dagbag.py:588} INFO - Filling up the DagBag from /home/noelsdavid/airflow_venv/lib/python3.12/site-packages/airflow/example_dags/subdags/subdag.py
[2026-05-18T07:13:47.803+0000] {processor.py:927} WARNING - No viable dags retrieved from /home/noelsdavid/airflow_venv/lib/python3.12/site-packages/airflow/example_dags/subdags/subdag.py
[2026-05-18T07:13:47.818+0000] {processor.py:208} INFO - Processing /home/noelsdavid/airflow_venv/lib/python3.12/site-packages/airflow/example_dags/subdags/subdag.py took 0.035 seconds
[2026-05-18T07:14:22.629+0000] {processor.py:186} INFO - Started process (PID=17283) to work on /home/noelsdavid/airflow_venv/lib/python3.12/site-packages/airflow/example_dags/subdags/subdag.py
[2026-05-18T07:14:22.631+0000] {processor.py:914} INFO - Processing file /home/noelsdavid/airflow_venv/lib/python3.12/site-packages/airflow/example_dags/subdags/subdag.py for tasks to queue
[2026-05-18T07:14:22.634+0000] {logging_mixin.py:190} INFO - [2026-05-18T07:14:22.633+0000] {dagbag.py:588} INFO - Filling up the DagBag from /home/noelsdavid/airflow_venv/lib/python3.12/site-packages/airflow/example_dags/subdags/subdag.py
[2026-05-18T07:14:22.638+0000] {processor.py:927} WARNING - No viable dags retrieved from /home/noelsdavid/airflow_venv/lib/python3.12/site-packages/airflow/example_dags/subdags/subdag.py
[2026-05-18T07:14:22.653+0000] {processor.py:208} INFO - Processing /home/noelsdavid/airflow_venv/lib/python3.12/site-packages/airflow/example_dags/subdags/subdag.py took 0.034 seconds
[2026-05-18T07:14:57.974+0000] {processor.py:186} INFO - Started process (PID=17321) to work on /home/noelsdavid/airflow_venv/lib/python3.12/site-packages/airflow/example_dags/subdags/subdag.py
[2026-05-18T07:14:57.977+0000] {processor.py:914} INFO - Processing file /home/noelsdavid/airflow_venv/lib/python3.12/site-packages/airflow/example_dags/subdags/subdag.py for tasks to queue
[2026-05-18T07:14:57.980+0000] {logging_mixin.py:190} INFO - [2026-05-18T07:14:57.979+0000] {dagbag.py:588} INFO - Filling up the DagBag from /home/noelsdavid/airflow_venv/lib/python3.12/site-packages/airflow/example_dags/subdags/subdag.py
[2026-05-18T07:14:57.983+0000] {processor.py:927} WARNING - No viable dags retrieved from /home/noelsdavid/airflow_venv/lib/python3.12/site-packages/airflow/example_dags/subdags/subdag.py
[2026-05-18T07:14:58.000+0000] {processor.py:208} INFO - Processing /home/noelsdavid/airflow_venv/lib/python3.12/site-packages/airflow/example_dags/subdags/subdag.py took 0.036 seconds
[2026-05-18T07:15:34.081+0000] {processor.py:186} INFO - Started process (PID=17385) to work on /home/noelsdavid/airflow_venv/lib/python3.12/site-packages/airflow/example_dags/subdags/subdag.py
[2026-05-18T07:15:34.084+0000] {processor.py:914} INFO - Processing file /home/noelsdavid/airflow_venv/lib/python3.12/site-packages/airflow/example_dags/subdags/subdag.py for tasks to queue
[2026-05-18T07:15:34.087+0000] {logging_mixin.py:190} INFO - [2026-05-18T07:15:34.086+0000] {dagbag.py:588} INFO - Filling up the DagBag from /home/noelsdavid/airflow_venv/lib/python3.12/site-packages/airflow/example_dags/subdags/subdag.py
[2026-05-18T07:15:34.090+0000] {processor.py:927} WARNING - No viable dags retrieved from /home/noelsdavid/airflow_venv/lib/python3.12/site-packages/airflow/example_dags/subdags/subdag.py
[2026-05-18T07:15:34.107+0000] {processor.py:208} INFO - Processing /home/noelsdavid/airflow_venv/lib/python3.12/site-packages/airflow/example_dags/subdags/subdag.py took 0.035 seconds
[2026-05-18T07:16:12.284+0000] {processor.py:186} INFO - Started process (PID=17423) to work on /home/noelsdavid/airflow_venv/lib/python3.12/site-packages/airflow/example_dags/subdags/subdag.py
[2026-05-18T07:16:12.287+0000] {processor.py:914} INFO - Processing file /home/noelsdavid/airflow_venv/lib/python3.12/site-packages/airflow/example_dags/subdags/subdag.py for tasks to queue
[2026-05-18T07:16:12.290+0000] {logging_mixin.py:190} INFO - [2026-05-18T07:16:12.289+0000] {dagbag.py:588} INFO - Filling up the DagBag from /home/noelsdavid/airflow_venv/lib/python3.12/site-packages/airflow/example_dags/subdags/subdag.py
[2026-05-18T07:16:12.293+0000] {processor.py:927} WARNING - No viable dags retrieved from /home/noelsdavid/airflow_venv/lib/python3.12/site-packages/airflow/example_dags/subdags/subdag.py
[2026-05-18T07:16:12.309+0000] {processor.py:208} INFO - Processing /home/noelsdavid/airflow_venv/lib/python3.12/site-packages/airflow/example_dags/subdags/subdag.py took 0.034 seconds
[2026-05-18T07:16:53.036+0000] {processor.py:186} INFO - Started process (PID=17465) to work on /home/noelsdavid/airflow_venv/lib/python3.12/site-packages/airflow/example_dags/subdags/subdag.py
[2026-05-18T07:16:53.058+0000] {processor.py:914} INFO - Processing file /home/noelsdavid/airflow_venv/lib/python3.12/site-packages/airflow/example_dags/subdags/subdag.py for tasks to queue
[2026-05-18T07:16:53.062+0000] {logging_mixin.py:190} INFO - [2026-05-18T07:16:53.061+0000] {dagbag.py:588} INFO - Filling up the DagBag from /home/noelsdavid/airflow_venv/lib/python3.12/site-packages/airflow/example_dags/subdags/subdag.py
[2026-05-18T07:16:53.065+0000] {processor.py:927} WARNING - No viable dags retrieved from /home/noelsdavid/airflow_venv/lib/python3.12/site-packages/airflow/example_dags/subdags/subdag.py
[2026-05-18T07:16:53.081+0000] {processor.py:208} INFO - Processing /home/noelsdavid/airflow_venv/lib/python3.12/site-packages/airflow/example_dags/subdags/subdag.py took 0.055 seconds
[2026-05-18T07:17:32.366+0000] {processor.py:186} INFO - Started process (PID=17507) to work on /home/noelsdavid/airflow_venv/lib/python3.12/site-packages/airflow/example_dags/subdags/subdag.py
[2026-05-18T07:17:32.369+0000] {processor.py:914} INFO - Processing file /home/noelsdavid/airflow_venv/lib/python3.12/site-packages/airflow/example_dags/subdags/subdag.py for tasks to queue
[2026-05-18T07:17:32.372+0000] {logging_mixin.py:190} INFO - [2026-05-18T07:17:32.372+0000] {dagbag.py:588} INFO - Filling up the DagBag from /home/noelsdavid/airflow_venv/lib/python3.12/site-packages/airflow/example_dags/subdags/subdag.py
[2026-05-18T07:17:32.376+0000] {processor.py:927} WARNING - No viable dags retrieved from /home/noelsdavid/airflow_venv/lib/python3.12/site-packages/airflow/example_dags/subdags/subdag.py
[2026-05-18T07:17:32.393+0000] {processor.py:208} INFO - Processing /home/noelsdavid/airflow_venv/lib/python3.12/site-packages/airflow/example_dags/subdags/subdag.py took 0.037 seconds
[2026-05-18T07:18:07.699+0000] {processor.py:186} INFO - Started process (PID=17547) to work on /home/noelsdavid/airflow_venv/lib/python3.12/site-packages/airflow/example_dags/subdags/subdag.py
[2026-05-18T07:18:07.702+0000] {processor.py:914} INFO - Processing file /home/noelsdavid/airflow_venv/lib/python3.12/site-packages/airflow/example_dags/subdags/subdag.py for tasks to queue
[2026-05-18T07:18:07.704+0000] {logging_mixin.py:190} INFO - [2026-05-18T07:18:07.704+0000] {dagbag.py:588} INFO - Filling up the DagBag from /home/noelsdavid/airflow_venv/lib/python3.12/site-packages/airflow/example_dags/subdags/subdag.py
[2026-05-18T07:18:07.708+0000] {processor.py:927} WARNING - No viable dags retrieved from /home/noelsdavid/airflow_venv/lib/python3.12/site-packages/airflow/example_dags/subdags/subdag.py
[2026-05-18T07:18:07.724+0000] {processor.py:208} INFO - Processing /home/noelsdavid/airflow_venv/lib/python3.12/site-packages/airflow/example_dags/subdags/subdag.py took 0.033 seconds
[2026-05-18T07:18:41.367+0000] {processor.py:186} INFO - Started process (PID=17585) to work on /home/noelsdavid/airflow_venv/lib/python3.12/site-packages/airflow/example_dags/subdags/subdag.py
[2026-05-18T07:18:41.368+0000] {processor.py:914} INFO - Processing file /home/noelsdavid/airflow_venv/lib/python3.12/site-packages/airflow/example_dags/subdags/subdag.py for tasks to queue
[2026-05-18T07:18:41.371+0000] {logging_mixin.py:190} INFO - [2026-05-18T07:18:41.370+0000] {dagbag.py:588} INFO - Filling up the DagBag from /home/noelsdavid/airflow_venv/lib/python3.12/site-packages/airflow/example_dags/subdags/subdag.py
[2026-05-18T07:18:41.374+0000] {processor.py:927} WARNING - No viable dags retrieved from /home/noelsdavid/airflow_venv/lib/python3.12/site-packages/airflow/example_dags/subdags/subdag.py
[2026-05-18T07:18:41.390+0000] {processor.py:208} INFO - Processing /home/noelsdavid/airflow_venv/lib/python3.12/site-packages/airflow/example_dags/subdags/subdag.py took 0.033 seconds
[2026-05-18T07:19:14.840+0000] {processor.py:186} INFO - Started process (PID=17623) to work on /home/noelsdavid/airflow_venv/lib/python3.12/site-packages/airflow/example_dags/subdags/subdag.py
[2026-05-18T07:19:14.857+0000] {processor.py:914} INFO - Processing file /home/noelsdavid/airflow_venv/lib/python3.12/site-packages/airflow/example_dags/subdags/subdag.py for tasks to queue
[2026-05-18T07:19:14.859+0000] {logging_mixin.py:190} INFO - [2026-05-18T07:19:14.859+0000] {dagbag.py:588} INFO - Filling up the DagBag from /home/noelsdavid/airflow_venv/lib/python3.12/site-packages/airflow/example_dags/subdags/subdag.py
[2026-05-18T07:19:14.863+0000] {processor.py:927} WARNING - No viable dags retrieved from /home/noelsdavid/airflow_venv/lib/python3.12/site-packages/airflow/example_dags/subdags/subdag.py
[2026-05-18T07:19:14.878+0000] {processor.py:208} INFO - Processing /home/noelsdavid/airflow_venv/lib/python3.12/site-packages/airflow/example_dags/subdags/subdag.py took 0.048 seconds
[2026-05-18T07:19:49.646+0000] {processor.py:186} INFO - Started process (PID=17661) to work on /home/noelsdavid/airflow_venv/lib/python3.12/site-packages/airflow/example_dags/subdags/subdag.py
[2026-05-18T07:19:49.648+0000] {processor.py:914} INFO - Processing file /home/noelsdavid/airflow_venv/lib/python3.12/site-packages/airflow/example_dags/subdags/subdag.py for tasks to queue
[2026-05-18T07:19:49.651+0000] {logging_mixin.py:190} INFO - [2026-05-18T07:19:49.650+0000] {dagbag.py:588} INFO - Filling up the DagBag from /home/noelsdavid/airflow_venv/lib/python3.12/site-packages/airflow/example_dags/subdags/subdag.py
[2026-05-18T07:19:49.654+0000] {processor.py:927} WARNING - No viable dags retrieved from /home/noelsdavid/airflow_venv/lib/python3.12/site-packages/airflow/example_dags/subdags/subdag.py
[2026-05-18T07:19:49.670+0000] {processor.py:208} INFO - Processing /home/noelsdavid/airflow_venv/lib/python3.12/site-packages/airflow/example_dags/subdags/subdag.py took 0.033 seconds
[2026-05-18T07:20:26.075+0000] {processor.py:186} INFO - Started process (PID=17723) to work on /home/noelsdavid/airflow_venv/lib/python3.12/site-packages/airflow/example_dags/subdags/subdag.py
[2026-05-18T07:20:26.077+0000] {processor.py:914} INFO - Processing file /home/noelsdavid/airflow_venv/lib/python3.12/site-packages/airflow/example_dags/subdags/subdag.py for tasks to queue
[2026-05-18T07:20:26.081+0000] {logging_mixin.py:190} INFO - [2026-05-18T07:20:26.079+0000] {dagbag.py:588} INFO - Filling up the DagBag from /home/noelsdavid/airflow_venv/lib/python3.12/site-packages/airflow/example_dags/subdags/subdag.py
[2026-05-18T07:20:26.084+0000] {processor.py:927} WARNING - No viable dags retrieved from /home/noelsdavid/airflow_venv/lib/python3.12/site-packages/airflow/example_dags/subdags/subdag.py
[2026-05-18T07:20:26.106+0000] {processor.py:208} INFO - Processing /home/noelsdavid/airflow_venv/lib/python3.12/site-packages/airflow/example_dags/subdags/subdag.py took 0.043 seconds
[2026-05-18T07:21:02.046+0000] {processor.py:186} INFO - Started process (PID=17763) to work on /home/noelsdavid/airflow_venv/lib/python3.12/site-packages/airflow/example_dags/subdags/subdag.py
[2026-05-18T07:21:02.055+0000] {processor.py:914} INFO - Processing file /home/noelsdavid/airflow_venv/lib/python3.12/site-packages/airflow/example_dags/subdags/subdag.py for tasks to queue
[2026-05-18T07:21:02.059+0000] {logging_mixin.py:190} INFO - [2026-05-18T07:21:02.058+0000] {dagbag.py:588} INFO - Filling up the DagBag from /home/noelsdavid/airflow_venv/lib/python3.12/site-packages/airflow/example_dags/subdags/subdag.py
[2026-05-18T07:21:02.065+0000] {processor.py:927} WARNING - No viable dags retrieved from /home/noelsdavid/airflow_venv/lib/python3.12/site-packages/airflow/example_dags/subdags/subdag.py
[2026-05-18T07:21:02.105+0000] {processor.py:208} INFO - Processing /home/noelsdavid/airflow_venv/lib/python3.12/site-packages/airflow/example_dags/subdags/subdag.py took 0.076 seconds
[2026-05-18T07:21:38.346+0000] {processor.py:186} INFO - Started process (PID=17806) to work on /home/noelsdavid/airflow_venv/lib/python3.12/site-packages/airflow/example_dags/subdags/subdag.py
[2026-05-18T07:21:38.349+0000] {processor.py:914} INFO - Processing file /home/noelsdavid/airflow_venv/lib/python3.12/site-packages/airflow/example_dags/subdags/subdag.py for tasks to queue
[2026-05-18T07:21:38.351+0000] {logging_mixin.py:190} INFO - [2026-05-18T07:21:38.351+0000] {dagbag.py:588} INFO - Filling up the DagBag from /home/noelsdavid/airflow_venv/lib/python3.12/site-packages/airflow/example_dags/subdags/subdag.py
[2026-05-18T07:21:38.355+0000] {processor.py:927} WARNING - No viable dags retrieved from /home/noelsdavid/airflow_venv/lib/python3.12/site-packages/airflow/example_dags/subdags/subdag.py
[2026-05-18T07:21:38.370+0000] {processor.py:208} INFO - Processing /home/noelsdavid/airflow_venv/lib/python3.12/site-packages/airflow/example_dags/subdags/subdag.py took 0.034 seconds
[2026-05-18T07:22:13.504+0000] {processor.py:186} INFO - Started process (PID=17845) to work on /home/noelsdavid/airflow_venv/lib/python3.12/site-packages/airflow/example_dags/subdags/subdag.py
[2026-05-18T07:22:13.507+0000] {processor.py:914} INFO - Processing file /home/noelsdavid/airflow_venv/lib/python3.12/site-packages/airflow/example_dags/subdags/subdag.py for tasks to queue
[2026-05-18T07:22:13.511+0000] {logging_mixin.py:190} INFO - [2026-05-18T07:22:13.510+0000] {dagbag.py:588} INFO - Filling up the DagBag from /home/noelsdavid/airflow_venv/lib/python3.12/site-packages/airflow/example_dags/subdags/subdag.py
[2026-05-18T07:22:13.516+0000] {processor.py:927} WARNING - No viable dags retrieved from /home/noelsdavid/airflow_venv/lib/python3.12/site-packages/airflow/example_dags/subdags/subdag.py
[2026-05-18T07:22:13.536+0000] {processor.py:208} INFO - Processing /home/noelsdavid/airflow_venv/lib/python3.12/site-packages/airflow/example_dags/subdags/subdag.py took 0.043 seconds
[2026-05-18T07:22:51.134+0000] {processor.py:186} INFO - Started process (PID=17884) to work on /home/noelsdavid/airflow_venv/lib/python3.12/site-packages/airflow/example_dags/subdags/subdag.py
[2026-05-18T07:22:51.136+0000] {processor.py:914} INFO - Processing file /home/noelsdavid/airflow_venv/lib/python3.12/site-packages/airflow/example_dags/subdags/subdag.py for tasks to queue
[2026-05-18T07:22:51.139+0000] {logging_mixin.py:190} INFO - [2026-05-18T07:22:51.138+0000] {dagbag.py:588} INFO - Filling up the DagBag from /home/noelsdavid/airflow_venv/lib/python3.12/site-packages/airflow/example_dags/subdags/subdag.py
[2026-05-18T07:22:51.144+0000] {processor.py:927} WARNING - No viable dags retrieved from /home/noelsdavid/airflow_venv/lib/python3.12/site-packages/airflow/example_dags/subdags/subdag.py
[2026-05-18T07:22:51.163+0000] {processor.py:208} INFO - Processing /home/noelsdavid/airflow_venv/lib/python3.12/site-packages/airflow/example_dags/subdags/subdag.py took 0.041 seconds
[2026-05-18T07:23:27.521+0000] {processor.py:186} INFO - Started process (PID=17925) to work on /home/noelsdavid/airflow_venv/lib/python3.12/site-packages/airflow/example_dags/subdags/subdag.py
[2026-05-18T07:23:27.523+0000] {processor.py:914} INFO - Processing file /home/noelsdavid/airflow_venv/lib/python3.12/site-packages/airflow/example_dags/subdags/subdag.py for tasks to queue
[2026-05-18T07:23:27.526+0000] {logging_mixin.py:190} INFO - [2026-05-18T07:23:27.525+0000] {dagbag.py:588} INFO - Filling up the DagBag from /home/noelsdavid/airflow_venv/lib/python3.12/site-packages/airflow/example_dags/subdags/subdag.py
[2026-05-18T07:23:27.530+0000] {processor.py:927} WARNING - No viable dags retrieved from /home/noelsdavid/airflow_venv/lib/python3.12/site-packages/airflow/example_dags/subdags/subdag.py
[2026-05-18T07:23:27.545+0000] {processor.py:208} INFO - Processing /home/noelsdavid/airflow_venv/lib/python3.12/site-packages/airflow/example_dags/subdags/subdag.py took 0.033 seconds
[2026-05-18T07:24:04.331+0000] {processor.py:186} INFO - Started process (PID=17963) to work on /home/noelsdavid/airflow_venv/lib/python3.12/site-packages/airflow/example_dags/subdags/subdag.py
[2026-05-18T07:24:04.334+0000] {processor.py:914} INFO - Processing file /home/noelsdavid/airflow_venv/lib/python3.12/site-packages/airflow/example_dags/subdags/subdag.py for tasks to queue
[2026-05-18T07:24:04.338+0000] {logging_mixin.py:190} INFO - [2026-05-18T07:24:04.337+0000] {dagbag.py:588} INFO - Filling up the DagBag from /home/noelsdavid/airflow_venv/lib/python3.12/site-packages/airflow/example_dags/subdags/subdag.py
[2026-05-18T07:24:04.341+0000] {processor.py:927} WARNING - No viable dags retrieved from /home/noelsdavid/airflow_venv/lib/python3.12/site-packages/airflow/example_dags/subdags/subdag.py
[2026-05-18T07:24:04.358+0000] {processor.py:208} INFO - Processing /home/noelsdavid/airflow_venv/lib/python3.12/site-packages/airflow/example_dags/subdags/subdag.py took 0.036 seconds
[2026-05-18T07:24:42.531+0000] {processor.py:186} INFO - Started process (PID=18005) to work on /home/noelsdavid/airflow_venv/lib/python3.12/site-packages/airflow/example_dags/subdags/subdag.py
[2026-05-18T07:24:42.533+0000] {processor.py:914} INFO - Processing file /home/noelsdavid/airflow_venv/lib/python3.12/site-packages/airflow/example_dags/subdags/subdag.py for tasks to queue
[2026-05-18T07:24:42.536+0000] {logging_mixin.py:190} INFO - [2026-05-18T07:24:42.536+0000] {dagbag.py:588} INFO - Filling up the DagBag from /home/noelsdavid/airflow_venv/lib/python3.12/site-packages/airflow/example_dags/subdags/subdag.py
[2026-05-18T07:24:42.540+0000] {processor.py:927} WARNING - No viable dags retrieved from /home/noelsdavid/airflow_venv/lib/python3.12/site-packages/airflow/example_dags/subdags/subdag.py
[2026-05-18T07:24:42.556+0000] {processor.py:208} INFO - Processing /home/noelsdavid/airflow_venv/lib/python3.12/site-packages/airflow/example_dags/subdags/subdag.py took 0.035 seconds
[2026-05-18T07:25:17.616+0000] {processor.py:186} INFO - Started process (PID=18067) to work on /home/noelsdavid/airflow_venv/lib/python3.12/site-packages/airflow/example_dags/subdags/subdag.py
[2026-05-18T07:25:17.618+0000] {processor.py:914} INFO - Processing file /home/noelsdavid/airflow_venv/lib/python3.12/site-packages/airflow/example_dags/subdags/subdag.py for tasks to queue
[2026-05-18T07:25:17.621+0000] {logging_mixin.py:190} INFO - [2026-05-18T07:25:17.621+0000] {dagbag.py:588} INFO - Filling up the DagBag from /home/noelsdavid/airflow_venv/lib/python3.12/site-packages/airflow/example_dags/subdags/subdag.py
[2026-05-18T07:25:17.626+0000] {processor.py:927} WARNING - No viable dags retrieved from /home/noelsdavid/airflow_venv/lib/python3.12/site-packages/airflow/example_dags/subdags/subdag.py
[2026-05-18T07:25:17.643+0000] {processor.py:208} INFO - Processing /home/noelsdavid/airflow_venv/lib/python3.12/site-packages/airflow/example_dags/subdags/subdag.py took 0.036 seconds
[2026-05-18T07:25:50.331+0000] {processor.py:186} INFO - Started process (PID=18107) to work on /home/noelsdavid/airflow_venv/lib/python3.12/site-packages/airflow/example_dags/subdags/subdag.py
[2026-05-18T07:25:50.332+0000] {processor.py:914} INFO - Processing file /home/noelsdavid/airflow_venv/lib/python3.12/site-packages/airflow/example_dags/subdags/subdag.py for tasks to queue
[2026-05-18T07:25:50.335+0000] {logging_mixin.py:190} INFO - [2026-05-18T07:25:50.334+0000] {dagbag.py:588} INFO - Filling up the DagBag from /home/noelsdavid/airflow_venv/lib/python3.12/site-packages/airflow/example_dags/subdags/subdag.py
[2026-05-18T07:25:50.339+0000] {processor.py:927} WARNING - No viable dags retrieved from /home/noelsdavid/airflow_venv/lib/python3.12/site-packages/airflow/example_dags/subdags/subdag.py
[2026-05-18T07:25:50.356+0000] {processor.py:208} INFO - Processing /home/noelsdavid/airflow_venv/lib/python3.12/site-packages/airflow/example_dags/subdags/subdag.py took 0.035 seconds
[2026-05-18T07:26:22.596+0000] {processor.py:186} INFO - Started process (PID=18139) to work on /home/noelsdavid/airflow_venv/lib/python3.12/site-packages/airflow/example_dags/subdags/subdag.py
[2026-05-18T07:26:22.605+0000] {processor.py:914} INFO - Processing file /home/noelsdavid/airflow_venv/lib/python3.12/site-packages/airflow/example_dags/subdags/subdag.py for tasks to queue
[2026-05-18T07:26:22.607+0000] {logging_mixin.py:190} INFO - [2026-05-18T07:26:22.607+0000] {dagbag.py:588} INFO - Filling up the DagBag from /home/noelsdavid/airflow_venv/lib/python3.12/site-packages/airflow/example_dags/subdags/subdag.py
[2026-05-18T07:26:22.611+0000] {processor.py:927} WARNING - No viable dags retrieved from /home/noelsdavid/airflow_venv/lib/python3.12/site-packages/airflow/example_dags/subdags/subdag.py
[2026-05-18T07:26:22.626+0000] {processor.py:208} INFO - Processing /home/noelsdavid/airflow_venv/lib/python3.12/site-packages/airflow/example_dags/subdags/subdag.py took 0.040 seconds
[2026-05-18T07:26:57.257+0000] {processor.py:186} INFO - Started process (PID=18177) to work on /home/noelsdavid/airflow_venv/lib/python3.12/site-packages/airflow/example_dags/subdags/subdag.py
[2026-05-18T07:26:57.259+0000] {processor.py:914} INFO - Processing file /home/noelsdavid/airflow_venv/lib/python3.12/site-packages/airflow/example_dags/subdags/subdag.py for tasks to queue
[2026-05-18T07:26:57.262+0000] {logging_mixin.py:190} INFO - [2026-05-18T07:26:57.261+0000] {dagbag.py:588} INFO - Filling up the DagBag from /home/noelsdavid/airflow_venv/lib/python3.12/site-packages/airflow/example_dags/subdags/subdag.py
[2026-05-18T07:26:57.266+0000] {processor.py:927} WARNING - No viable dags retrieved from /home/noelsdavid/airflow_venv/lib/python3.12/site-packages/airflow/example_dags/subdags/subdag.py
[2026-05-18T07:26:57.282+0000] {processor.py:208} INFO - Processing /home/noelsdavid/airflow_venv/lib/python3.12/site-packages/airflow/example_dags/subdags/subdag.py took 0.035 seconds
[2026-05-18T07:27:33.712+0000] {processor.py:186} INFO - Started process (PID=18216) to work on /home/noelsdavid/airflow_venv/lib/python3.12/site-packages/airflow/example_dags/subdags/subdag.py
[2026-05-18T07:27:33.714+0000] {processor.py:914} INFO - Processing file /home/noelsdavid/airflow_venv/lib/python3.12/site-packages/airflow/example_dags/subdags/subdag.py for tasks to queue
[2026-05-18T07:27:33.717+0000] {logging_mixin.py:190} INFO - [2026-05-18T07:27:33.716+0000] {dagbag.py:588} INFO - Filling up the DagBag from /home/noelsdavid/airflow_venv/lib/python3.12/site-packages/airflow/example_dags/subdags/subdag.py
[2026-05-18T07:27:33.720+0000] {processor.py:927} WARNING - No viable dags retrieved from /home/noelsdavid/airflow_venv/lib/python3.12/site-packages/airflow/example_dags/subdags/subdag.py
[2026-05-18T07:27:33.736+0000] {processor.py:208} INFO - Processing /home/noelsdavid/airflow_venv/lib/python3.12/site-packages/airflow/example_dags/subdags/subdag.py took 0.035 seconds
[2026-05-18T07:28:08.944+0000] {processor.py:186} INFO - Started process (PID=18255) to work on /home/noelsdavid/airflow_venv/lib/python3.12/site-packages/airflow/example_dags/subdags/subdag.py
[2026-05-18T07:28:08.946+0000] {processor.py:914} INFO - Processing file /home/noelsdavid/airflow_venv/lib/python3.12/site-packages/airflow/example_dags/subdags/subdag.py for tasks to queue
[2026-05-18T07:28:08.950+0000] {logging_mixin.py:190} INFO - [2026-05-18T07:28:08.949+0000] {dagbag.py:588} INFO - Filling up the DagBag from /home/noelsdavid/airflow_venv/lib/python3.12/site-packages/airflow/example_dags/subdags/subdag.py
[2026-05-18T07:28:08.953+0000] {processor.py:927} WARNING - No viable dags retrieved from /home/noelsdavid/airflow_venv/lib/python3.12/site-packages/airflow/example_dags/subdags/subdag.py
[2026-05-18T07:28:08.969+0000] {processor.py:208} INFO - Processing /home/noelsdavid/airflow_venv/lib/python3.12/site-packages/airflow/example_dags/subdags/subdag.py took 0.035 seconds
[2026-05-18T07:28:44.104+0000] {processor.py:186} INFO - Started process (PID=18294) to work on /home/noelsdavid/airflow_venv/lib/python3.12/site-packages/airflow/example_dags/subdags/subdag.py
[2026-05-18T07:28:44.107+0000] {processor.py:914} INFO - Processing file /home/noelsdavid/airflow_venv/lib/python3.12/site-packages/airflow/example_dags/subdags/subdag.py for tasks to queue
[2026-05-18T07:28:44.109+0000] {logging_mixin.py:190} INFO - [2026-05-18T07:28:44.109+0000] {dagbag.py:588} INFO - Filling up the DagBag from /home/noelsdavid/airflow_venv/lib/python3.12/site-packages/airflow/example_dags/subdags/subdag.py
[2026-05-18T07:28:44.113+0000] {processor.py:927} WARNING - No viable dags retrieved from /home/noelsdavid/airflow_venv/lib/python3.12/site-packages/airflow/example_dags/subdags/subdag.py
[2026-05-18T07:28:44.128+0000] {processor.py:208} INFO - Processing /home/noelsdavid/airflow_venv/lib/python3.12/site-packages/airflow/example_dags/subdags/subdag.py took 0.033 seconds
[2026-05-18T07:29:21.847+0000] {processor.py:186} INFO - Started process (PID=18332) to work on /home/noelsdavid/airflow_venv/lib/python3.12/site-packages/airflow/example_dags/subdags/subdag.py
[2026-05-18T07:29:21.849+0000] {processor.py:914} INFO - Processing file /home/noelsdavid/airflow_venv/lib/python3.12/site-packages/airflow/example_dags/subdags/subdag.py for tasks to queue
[2026-05-18T07:29:21.852+0000] {logging_mixin.py:190} INFO - [2026-05-18T07:29:21.852+0000] {dagbag.py:588} INFO - Filling up the DagBag from /home/noelsdavid/airflow_venv/lib/python3.12/site-packages/airflow/example_dags/subdags/subdag.py
[2026-05-18T07:29:21.856+0000] {processor.py:927} WARNING - No viable dags retrieved from /home/noelsdavid/airflow_venv/lib/python3.12/site-packages/airflow/example_dags/subdags/subdag.py
[2026-05-18T07:29:21.872+0000] {processor.py:208} INFO - Processing /home/noelsdavid/airflow_venv/lib/python3.12/site-packages/airflow/example_dags/subdags/subdag.py took 0.035 seconds
[2026-05-18T07:29:56.661+0000] {processor.py:186} INFO - Started process (PID=18373) to work on /home/noelsdavid/airflow_venv/lib/python3.12/site-packages/airflow/example_dags/subdags/subdag.py
[2026-05-18T07:29:56.664+0000] {processor.py:914} INFO - Processing file /home/noelsdavid/airflow_venv/lib/python3.12/site-packages/airflow/example_dags/subdags/subdag.py for tasks to queue
[2026-05-18T07:29:56.667+0000] {logging_mixin.py:190} INFO - [2026-05-18T07:29:56.666+0000] {dagbag.py:588} INFO - Filling up the DagBag from /home/noelsdavid/airflow_venv/lib/python3.12/site-packages/airflow/example_dags/subdags/subdag.py
[2026-05-18T07:29:56.671+0000] {processor.py:927} WARNING - No viable dags retrieved from /home/noelsdavid/airflow_venv/lib/python3.12/site-packages/airflow/example_dags/subdags/subdag.py
[2026-05-18T07:29:56.686+0000] {processor.py:208} INFO - Processing /home/noelsdavid/airflow_venv/lib/python3.12/site-packages/airflow/example_dags/subdags/subdag.py took 0.035 seconds
[2026-05-18T07:30:31.310+0000] {processor.py:186} INFO - Started process (PID=18442) to work on /home/noelsdavid/airflow_venv/lib/python3.12/site-packages/airflow/example_dags/subdags/subdag.py
[2026-05-18T07:30:31.312+0000] {processor.py:914} INFO - Processing file /home/noelsdavid/airflow_venv/lib/python3.12/site-packages/airflow/example_dags/subdags/subdag.py for tasks to queue
[2026-05-18T07:30:31.315+0000] {logging_mixin.py:190} INFO - [2026-05-18T07:30:31.314+0000] {dagbag.py:588} INFO - Filling up the DagBag from /home/noelsdavid/airflow_venv/lib/python3.12/site-packages/airflow/example_dags/subdags/subdag.py
[2026-05-18T07:30:31.318+0000] {processor.py:927} WARNING - No viable dags retrieved from /home/noelsdavid/airflow_venv/lib/python3.12/site-packages/airflow/example_dags/subdags/subdag.py
[2026-05-18T07:30:31.336+0000] {processor.py:208} INFO - Processing /home/noelsdavid/airflow_venv/lib/python3.12/site-packages/airflow/example_dags/subdags/subdag.py took 0.036 seconds
[2026-05-18T07:31:06.416+0000] {processor.py:186} INFO - Started process (PID=18482) to work on /home/noelsdavid/airflow_venv/lib/python3.12/site-packages/airflow/example_dags/subdags/subdag.py
[2026-05-18T07:31:06.418+0000] {processor.py:914} INFO - Processing file /home/noelsdavid/airflow_venv/lib/python3.12/site-packages/airflow/example_dags/subdags/subdag.py for tasks to queue
[2026-05-18T07:31:06.421+0000] {logging_mixin.py:190} INFO - [2026-05-18T07:31:06.421+0000] {dagbag.py:588} INFO - Filling up the DagBag from /home/noelsdavid/airflow_venv/lib/python3.12/site-packages/airflow/example_dags/subdags/subdag.py
[2026-05-18T07:31:06.425+0000] {processor.py:927} WARNING - No viable dags retrieved from /home/noelsdavid/airflow_venv/lib/python3.12/site-packages/airflow/example_dags/subdags/subdag.py
[2026-05-18T07:31:06.441+0000] {processor.py:208} INFO - Processing /home/noelsdavid/airflow_venv/lib/python3.12/site-packages/airflow/example_dags/subdags/subdag.py took 0.035 seconds
[2026-05-18T07:31:42.696+0000] {processor.py:186} INFO - Started process (PID=18520) to work on /home/noelsdavid/airflow_venv/lib/python3.12/site-packages/airflow/example_dags/subdags/subdag.py
[2026-05-18T07:31:42.698+0000] {processor.py:914} INFO - Processing file /home/noelsdavid/airflow_venv/lib/python3.12/site-packages/airflow/example_dags/subdags/subdag.py for tasks to queue
[2026-05-18T07:31:42.701+0000] {logging_mixin.py:190} INFO - [2026-05-18T07:31:42.700+0000] {dagbag.py:588} INFO - Filling up the DagBag from /home/noelsdavid/airflow_venv/lib/python3.12/site-packages/airflow/example_dags/subdags/subdag.py
[2026-05-18T07:31:42.704+0000] {processor.py:927} WARNING - No viable dags retrieved from /home/noelsdavid/airflow_venv/lib/python3.12/site-packages/airflow/example_dags/subdags/subdag.py
[2026-05-18T07:31:42.720+0000] {processor.py:208} INFO - Processing /home/noelsdavid/airflow_venv/lib/python3.12/site-packages/airflow/example_dags/subdags/subdag.py took 0.033 seconds
[2026-05-18T07:32:18.196+0000] {processor.py:186} INFO - Started process (PID=18560) to work on /home/noelsdavid/airflow_venv/lib/python3.12/site-packages/airflow/example_dags/subdags/subdag.py
[2026-05-18T07:32:18.199+0000] {processor.py:914} INFO - Processing file /home/noelsdavid/airflow_venv/lib/python3.12/site-packages/airflow/example_dags/subdags/subdag.py for tasks to queue
[2026-05-18T07:32:18.202+0000] {logging_mixin.py:190} INFO - [2026-05-18T07:32:18.201+0000] {dagbag.py:588} INFO - Filling up the DagBag from /home/noelsdavid/airflow_venv/lib/python3.12/site-packages/airflow/example_dags/subdags/subdag.py
[2026-05-18T07:32:18.205+0000] {processor.py:927} WARNING - No viable dags retrieved from /home/noelsdavid/airflow_venv/lib/python3.12/site-packages/airflow/example_dags/subdags/subdag.py
[2026-05-18T07:32:18.221+0000] {processor.py:208} INFO - Processing /home/noelsdavid/airflow_venv/lib/python3.12/site-packages/airflow/example_dags/subdags/subdag.py took 0.034 seconds
[2026-05-18T07:32:53.476+0000] {processor.py:186} INFO - Started process (PID=18598) to work on /home/noelsdavid/airflow_venv/lib/python3.12/site-packages/airflow/example_dags/subdags/subdag.py
[2026-05-18T07:32:53.478+0000] {processor.py:914} INFO - Processing file /home/noelsdavid/airflow_venv/lib/python3.12/site-packages/airflow/example_dags/subdags/subdag.py for tasks to queue
[2026-05-18T07:32:53.482+0000] {logging_mixin.py:190} INFO - [2026-05-18T07:32:53.481+0000] {dagbag.py:588} INFO - Filling up the DagBag from /home/noelsdavid/airflow_venv/lib/python3.12/site-packages/airflow/example_dags/subdags/subdag.py
[2026-05-18T07:32:53.486+0000] {processor.py:927} WARNING - No viable dags retrieved from /home/noelsdavid/airflow_venv/lib/python3.12/site-packages/airflow/example_dags/subdags/subdag.py
[2026-05-18T07:32:53.504+0000] {processor.py:208} INFO - Processing /home/noelsdavid/airflow_venv/lib/python3.12/site-packages/airflow/example_dags/subdags/subdag.py took 0.038 seconds
[2026-05-18T07:33:26.855+0000] {processor.py:186} INFO - Started process (PID=18637) to work on /home/noelsdavid/airflow_venv/lib/python3.12/site-packages/airflow/example_dags/subdags/subdag.py
[2026-05-18T07:33:26.857+0000] {processor.py:914} INFO - Processing file /home/noelsdavid/airflow_venv/lib/python3.12/site-packages/airflow/example_dags/subdags/subdag.py for tasks to queue
[2026-05-18T07:33:26.859+0000] {logging_mixin.py:190} INFO - [2026-05-18T07:33:26.859+0000] {dagbag.py:588} INFO - Filling up the DagBag from /home/noelsdavid/airflow_venv/lib/python3.12/site-packages/airflow/example_dags/subdags/subdag.py
[2026-05-18T07:33:26.863+0000] {processor.py:927} WARNING - No viable dags retrieved from /home/noelsdavid/airflow_venv/lib/python3.12/site-packages/airflow/example_dags/subdags/subdag.py
[2026-05-18T07:33:26.878+0000] {processor.py:208} INFO - Processing /home/noelsdavid/airflow_venv/lib/python3.12/site-packages/airflow/example_dags/subdags/subdag.py took 0.032 seconds
[2026-05-18T07:34:00.768+0000] {processor.py:186} INFO - Started process (PID=18674) to work on /home/noelsdavid/airflow_venv/lib/python3.12/site-packages/airflow/example_dags/subdags/subdag.py
[2026-05-18T07:34:00.782+0000] {processor.py:914} INFO - Processing file /home/noelsdavid/airflow_venv/lib/python3.12/site-packages/airflow/example_dags/subdags/subdag.py for tasks to queue
[2026-05-18T07:34:00.785+0000] {logging_mixin.py:190} INFO - [2026-05-18T07:34:00.785+0000] {dagbag.py:588} INFO - Filling up the DagBag from /home/noelsdavid/airflow_venv/lib/python3.12/site-packages/airflow/example_dags/subdags/subdag.py
[2026-05-18T07:34:00.789+0000] {processor.py:927} WARNING - No viable dags retrieved from /home/noelsdavid/airflow_venv/lib/python3.12/site-packages/airflow/example_dags/subdags/subdag.py
[2026-05-18T07:34:00.804+0000] {processor.py:208} INFO - Processing /home/noelsdavid/airflow_venv/lib/python3.12/site-packages/airflow/example_dags/subdags/subdag.py took 0.045 seconds
[2026-05-18T07:34:36.397+0000] {processor.py:186} INFO - Started process (PID=18711) to work on /home/noelsdavid/airflow_venv/lib/python3.12/site-packages/airflow/example_dags/subdags/subdag.py
[2026-05-18T07:34:36.405+0000] {processor.py:914} INFO - Processing file /home/noelsdavid/airflow_venv/lib/python3.12/site-packages/airflow/example_dags/subdags/subdag.py for tasks to queue
[2026-05-18T07:34:36.408+0000] {logging_mixin.py:190} INFO - [2026-05-18T07:34:36.407+0000] {dagbag.py:588} INFO - Filling up the DagBag from /home/noelsdavid/airflow_venv/lib/python3.12/site-packages/airflow/example_dags/subdags/subdag.py
[2026-05-18T07:34:36.411+0000] {processor.py:927} WARNING - No viable dags retrieved from /home/noelsdavid/airflow_venv/lib/python3.12/site-packages/airflow/example_dags/subdags/subdag.py
[2026-05-18T07:34:36.427+0000] {processor.py:208} INFO - Processing /home/noelsdavid/airflow_venv/lib/python3.12/site-packages/airflow/example_dags/subdags/subdag.py took 0.040 seconds
[2026-05-18T07:35:14.883+0000] {processor.py:186} INFO - Started process (PID=18754) to work on /home/noelsdavid/airflow_venv/lib/python3.12/site-packages/airflow/example_dags/subdags/subdag.py
[2026-05-18T07:35:14.885+0000] {processor.py:914} INFO - Processing file /home/noelsdavid/airflow_venv/lib/python3.12/site-packages/airflow/example_dags/subdags/subdag.py for tasks to queue
[2026-05-18T07:35:14.888+0000] {logging_mixin.py:190} INFO - [2026-05-18T07:35:14.887+0000] {dagbag.py:588} INFO - Filling up the DagBag from /home/noelsdavid/airflow_venv/lib/python3.12/site-packages/airflow/example_dags/subdags/subdag.py
[2026-05-18T07:35:14.891+0000] {processor.py:927} WARNING - No viable dags retrieved from /home/noelsdavid/airflow_venv/lib/python3.12/site-packages/airflow/example_dags/subdags/subdag.py
[2026-05-18T07:35:14.908+0000] {processor.py:208} INFO - Processing /home/noelsdavid/airflow_venv/lib/python3.12/site-packages/airflow/example_dags/subdags/subdag.py took 0.037 seconds
[2026-05-18T07:35:50.750+0000] {processor.py:186} INFO - Started process (PID=18814) to work on /home/noelsdavid/airflow_venv/lib/python3.12/site-packages/airflow/example_dags/subdags/subdag.py
[2026-05-18T07:35:50.752+0000] {processor.py:914} INFO - Processing file /home/noelsdavid/airflow_venv/lib/python3.12/site-packages/airflow/example_dags/subdags/subdag.py for tasks to queue
[2026-05-18T07:35:50.755+0000] {logging_mixin.py:190} INFO - [2026-05-18T07:35:50.755+0000] {dagbag.py:588} INFO - Filling up the DagBag from /home/noelsdavid/airflow_venv/lib/python3.12/site-packages/airflow/example_dags/subdags/subdag.py
[2026-05-18T07:35:50.759+0000] {processor.py:927} WARNING - No viable dags retrieved from /home/noelsdavid/airflow_venv/lib/python3.12/site-packages/airflow/example_dags/subdags/subdag.py
[2026-05-18T07:35:50.774+0000] {processor.py:208} INFO - Processing /home/noelsdavid/airflow_venv/lib/python3.12/site-packages/airflow/example_dags/subdags/subdag.py took 0.035 seconds
[2026-05-18T07:36:24.168+0000] {processor.py:186} INFO - Started process (PID=18853) to work on /home/noelsdavid/airflow_venv/lib/python3.12/site-packages/airflow/example_dags/subdags/subdag.py
[2026-05-18T07:36:24.171+0000] {processor.py:914} INFO - Processing file /home/noelsdavid/airflow_venv/lib/python3.12/site-packages/airflow/example_dags/subdags/subdag.py for tasks to queue
[2026-05-18T07:36:24.174+0000] {logging_mixin.py:190} INFO - [2026-05-18T07:36:24.173+0000] {dagbag.py:588} INFO - Filling up the DagBag from /home/noelsdavid/airflow_venv/lib/python3.12/site-packages/airflow/example_dags/subdags/subdag.py
[2026-05-18T07:36:24.177+0000] {processor.py:927} WARNING - No viable dags retrieved from /home/noelsdavid/airflow_venv/lib/python3.12/site-packages/airflow/example_dags/subdags/subdag.py
[2026-05-18T07:36:24.192+0000] {processor.py:208} INFO - Processing /home/noelsdavid/airflow_venv/lib/python3.12/site-packages/airflow/example_dags/subdags/subdag.py took 0.033 seconds
[2026-05-18T07:36:59.669+0000] {processor.py:186} INFO - Started process (PID=18890) to work on /home/noelsdavid/airflow_venv/lib/python3.12/site-packages/airflow/example_dags/subdags/subdag.py
[2026-05-18T07:36:59.672+0000] {processor.py:914} INFO - Processing file /home/noelsdavid/airflow_venv/lib/python3.12/site-packages/airflow/example_dags/subdags/subdag.py for tasks to queue
[2026-05-18T07:36:59.675+0000] {logging_mixin.py:190} INFO - [2026-05-18T07:36:59.674+0000] {dagbag.py:588} INFO - Filling up the DagBag from /home/noelsdavid/airflow_venv/lib/python3.12/site-packages/airflow/example_dags/subdags/subdag.py
[2026-05-18T07:36:59.678+0000] {processor.py:927} WARNING - No viable dags retrieved from /home/noelsdavid/airflow_venv/lib/python3.12/site-packages/airflow/example_dags/subdags/subdag.py
[2026-05-18T07:36:59.694+0000] {processor.py:208} INFO - Processing /home/noelsdavid/airflow_venv/lib/python3.12/site-packages/airflow/example_dags/subdags/subdag.py took 0.034 seconds
[2026-05-18T07:37:35.300+0000] {processor.py:186} INFO - Started process (PID=18930) to work on /home/noelsdavid/airflow_venv/lib/python3.12/site-packages/airflow/example_dags/subdags/subdag.py
[2026-05-18T07:37:35.302+0000] {processor.py:914} INFO - Processing file /home/noelsdavid/airflow_venv/lib/python3.12/site-packages/airflow/example_dags/subdags/subdag.py for tasks to queue
[2026-05-18T07:37:35.305+0000] {logging_mixin.py:190} INFO - [2026-05-18T07:37:35.304+0000] {dagbag.py:588} INFO - Filling up the DagBag from /home/noelsdavid/airflow_venv/lib/python3.12/site-packages/airflow/example_dags/subdags/subdag.py
[2026-05-18T07:37:35.309+0000] {processor.py:927} WARNING - No viable dags retrieved from /home/noelsdavid/airflow_venv/lib/python3.12/site-packages/airflow/example_dags/subdags/subdag.py
[2026-05-18T07:37:35.326+0000] {processor.py:208} INFO - Processing /home/noelsdavid/airflow_venv/lib/python3.12/site-packages/airflow/example_dags/subdags/subdag.py took 0.036 seconds
[2026-05-18T07:38:11.388+0000] {processor.py:186} INFO - Started process (PID=18968) to work on /home/noelsdavid/airflow_venv/lib/python3.12/site-packages/airflow/example_dags/subdags/subdag.py
[2026-05-18T07:38:11.391+0000] {processor.py:914} INFO - Processing file /home/noelsdavid/airflow_venv/lib/python3.12/site-packages/airflow/example_dags/subdags/subdag.py for tasks to queue
[2026-05-18T07:38:11.394+0000] {logging_mixin.py:190} INFO - [2026-05-18T07:38:11.393+0000] {dagbag.py:588} INFO - Filling up the DagBag from /home/noelsdavid/airflow_venv/lib/python3.12/site-packages/airflow/example_dags/subdags/subdag.py
[2026-05-18T07:38:11.397+0000] {processor.py:927} WARNING - No viable dags retrieved from /home/noelsdavid/airflow_venv/lib/python3.12/site-packages/airflow/example_dags/subdags/subdag.py
[2026-05-18T07:38:11.413+0000] {processor.py:208} INFO - Processing /home/noelsdavid/airflow_venv/lib/python3.12/site-packages/airflow/example_dags/subdags/subdag.py took 0.035 seconds
[2026-05-18T07:38:44.765+0000] {processor.py:186} INFO - Started process (PID=19008) to work on /home/noelsdavid/airflow_venv/lib/python3.12/site-packages/airflow/example_dags/subdags/subdag.py
[2026-05-18T07:38:44.766+0000] {processor.py:914} INFO - Processing file /home/noelsdavid/airflow_venv/lib/python3.12/site-packages/airflow/example_dags/subdags/subdag.py for tasks to queue
[2026-05-18T07:38:44.769+0000] {logging_mixin.py:190} INFO - [2026-05-18T07:38:44.768+0000] {dagbag.py:588} INFO - Filling up the DagBag from /home/noelsdavid/airflow_venv/lib/python3.12/site-packages/airflow/example_dags/subdags/subdag.py
[2026-05-18T07:38:44.772+0000] {processor.py:927} WARNING - No viable dags retrieved from /home/noelsdavid/airflow_venv/lib/python3.12/site-packages/airflow/example_dags/subdags/subdag.py
[2026-05-18T07:38:44.788+0000] {processor.py:208} INFO - Processing /home/noelsdavid/airflow_venv/lib/python3.12/site-packages/airflow/example_dags/subdags/subdag.py took 0.033 seconds
[2026-05-18T07:39:20.154+0000] {processor.py:186} INFO - Started process (PID=19045) to work on /home/noelsdavid/airflow_venv/lib/python3.12/site-packages/airflow/example_dags/subdags/subdag.py
[2026-05-18T07:39:20.165+0000] {processor.py:914} INFO - Processing file /home/noelsdavid/airflow_venv/lib/python3.12/site-packages/airflow/example_dags/subdags/subdag.py for tasks to queue
[2026-05-18T07:39:20.168+0000] {logging_mixin.py:190} INFO - [2026-05-18T07:39:20.167+0000] {dagbag.py:588} INFO - Filling up the DagBag from /home/noelsdavid/airflow_venv/lib/python3.12/site-packages/airflow/example_dags/subdags/subdag.py
[2026-05-18T07:39:20.171+0000] {processor.py:927} WARNING - No viable dags retrieved from /home/noelsdavid/airflow_venv/lib/python3.12/site-packages/airflow/example_dags/subdags/subdag.py
[2026-05-18T07:39:20.187+0000] {processor.py:208} INFO - Processing /home/noelsdavid/airflow_venv/lib/python3.12/site-packages/airflow/example_dags/subdags/subdag.py took 0.042 seconds
[2026-05-18T07:39:55.955+0000] {processor.py:186} INFO - Started process (PID=19085) to work on /home/noelsdavid/airflow_venv/lib/python3.12/site-packages/airflow/example_dags/subdags/subdag.py
[2026-05-18T07:39:55.958+0000] {processor.py:914} INFO - Processing file /home/noelsdavid/airflow_venv/lib/python3.12/site-packages/airflow/example_dags/subdags/subdag.py for tasks to queue
[2026-05-18T07:39:55.961+0000] {logging_mixin.py:190} INFO - [2026-05-18T07:39:55.960+0000] {dagbag.py:588} INFO - Filling up the DagBag from /home/noelsdavid/airflow_venv/lib/python3.12/site-packages/airflow/example_dags/subdags/subdag.py
[2026-05-18T07:39:55.964+0000] {processor.py:927} WARNING - No viable dags retrieved from /home/noelsdavid/airflow_venv/lib/python3.12/site-packages/airflow/example_dags/subdags/subdag.py
[2026-05-18T07:39:55.980+0000] {processor.py:208} INFO - Processing /home/noelsdavid/airflow_venv/lib/python3.12/site-packages/airflow/example_dags/subdags/subdag.py took 0.035 seconds
                                                                                                                                                                                                                                                                                                                                                                                                                                                                                                                                                                                                                                                                                                                                                                                                                                                                                                                                                                                                                                     