[2026-05-18T06:00:52.763+0000] {processor.py:186} INFO - Started process (PID=6928) to work on /home/noelsdavid/airflow_venv/lib/python3.12/site-packages/airflow/example_dags/example_dynamic_task_mapping_with_no_taskflow_operators.py
[2026-05-18T06:00:52.764+0000] {processor.py:914} INFO - Processing file /home/noelsdavid/airflow_venv/lib/python3.12/site-packages/airflow/example_dags/example_dynamic_task_mapping_with_no_taskflow_operators.py for tasks to queue
[2026-05-18T06:00:52.766+0000] {logging_mixin.py:190} INFO - [2026-05-18T06:00:52.766+0000] {dagbag.py:588} INFO - Filling up the DagBag from /home/noelsdavid/airflow_venv/lib/python3.12/site-packages/airflow/example_dags/example_dynamic_task_mapping_with_no_taskflow_operators.py
[2026-05-18T06:00:52.778+0000] {processor.py:925} INFO - DAG(s) 'example_dynamic_task_mapping_with_no_taskflow_operators' retrieved from /home/noelsdavid/airflow_venv/lib/python3.12/site-packages/airflow/example_dags/example_dynamic_task_mapping_with_no_taskflow_operators.py
[2026-05-18T06:00:52.908+0000] {logging_mixin.py:190} INFO - [2026-05-18T06:00:52.907+0000] {override.py:1911} INFO - Created Permission View: can edit on DAG:example_dynamic_task_mapping_with_no_taskflow_operators
[2026-05-18T06:00:52.925+0000] {logging_mixin.py:190} INFO - [2026-05-18T06:00:52.925+0000] {override.py:1911} INFO - Created Permission View: can delete on DAG:example_dynamic_task_mapping_with_no_taskflow_operators
[2026-05-18T06:00:52.939+0000] {logging_mixin.py:190} INFO - [2026-05-18T06:00:52.938+0000] {override.py:1911} INFO - Created Permission View: can read on DAG:example_dynamic_task_mapping_with_no_taskflow_operators
[2026-05-18T06:00:52.962+0000] {logging_mixin.py:190} INFO - [2026-05-18T06:00:52.962+0000] {override.py:1911} INFO - Created Permission View: can delete on DAG Run:example_dynamic_task_mapping_with_no_taskflow_operators
[2026-05-18T06:00:52.976+0000] {logging_mixin.py:190} INFO - [2026-05-18T06:00:52.976+0000] {override.py:1911} INFO - Created Permission View: menu access on DAG Run:example_dynamic_task_mapping_with_no_taskflow_operators
[2026-05-18T06:00:52.990+0000] {logging_mixin.py:190} INFO - [2026-05-18T06:00:52.990+0000] {override.py:1911} INFO - Created Permission View: can create on DAG Run:example_dynamic_task_mapping_with_no_taskflow_operators
[2026-05-18T06:00:53.005+0000] {logging_mixin.py:190} INFO - [2026-05-18T06:00:53.004+0000] {override.py:1911} INFO - Created Permission View: can read on DAG Run:example_dynamic_task_mapping_with_no_taskflow_operators
[2026-05-18T06:00:53.005+0000] {logging_mixin.py:190} INFO - [2026-05-18T06:00:53.005+0000] {dag.py:3239} INFO - Sync 1 DAGs
[2026-05-18T06:00:53.018+0000] {logging_mixin.py:190} INFO - [2026-05-18T06:00:53.018+0000] {dag.py:3262} INFO - Creating ORM DAG for example_dynamic_task_mapping_with_no_taskflow_operators
[2026-05-18T06:00:53.019+0000] {logging_mixin.py:190} INFO - [2026-05-18T06:00:53.019+0000] {dag.py:4180} INFO - Setting next_dagrun for example_dynamic_task_mapping_with_no_taskflow_operators to None, run_after=None
[2026-05-18T06:00:53.045+0000] {processor.py:208} INFO - Processing /home/noelsdavid/airflow_venv/lib/python3.12/site-packages/airflow/example_dags/example_dynamic_task_mapping_with_no_taskflow_operators.py took 0.290 seconds
[2026-05-18T06:02:05.393+0000] {processor.py:186} INFO - Started process (PID=6994) to work on /home/noelsdavid/airflow_venv/lib/python3.12/site-packages/airflow/example_dags/example_dynamic_task_mapping_with_no_taskflow_operators.py
[2026-05-18T06:02:05.395+0000] {processor.py:914} INFO - Processing file /home/noelsdavid/airflow_venv/lib/python3.12/site-packages/airflow/example_dags/example_dynamic_task_mapping_with_no_taskflow_operators.py for tasks to queue
[2026-05-18T06:02:05.398+0000] {logging_mixin.py:190} INFO - [2026-05-18T06:02:05.398+0000] {dagbag.py:588} INFO - Filling up the DagBag from /home/noelsdavid/airflow_venv/lib/python3.12/site-packages/airflow/example_dags/example_dynamic_task_mapping_with_no_taskflow_operators.py
[2026-05-18T06:02:05.410+0000] {processor.py:925} INFO - DAG(s) 'example_dynamic_task_mapping_with_no_taskflow_operators' retrieved from /home/noelsdavid/airflow_venv/lib/python3.12/site-packages/airflow/example_dags/example_dynamic_task_mapping_with_no_taskflow_operators.py
[2026-05-18T06:02:05.430+0000] {logging_mixin.py:190} INFO - [2026-05-18T06:02:05.429+0000] {dag.py:3239} INFO - Sync 1 DAGs
[2026-05-18T06:02:05.445+0000] {logging_mixin.py:190} INFO - [2026-05-18T06:02:05.445+0000] {dag.py:4180} INFO - Setting next_dagrun for example_dynamic_task_mapping_with_no_taskflow_operators to None, run_after=None
[2026-05-18T06:02:05.475+0000] {processor.py:208} INFO - Processing /home/noelsdavid/airflow_venv/lib/python3.12/site-packages/airflow/example_dags/example_dynamic_task_mapping_with_no_taskflow_operators.py took 0.089 seconds
[2026-05-18T06:03:04.081+0000] {processor.py:186} INFO - Started process (PID=7053) to work on /home/noelsdavid/airflow_venv/lib/python3.12/site-packages/airflow/example_dags/example_dynamic_task_mapping_with_no_taskflow_operators.py
[2026-05-18T06:03:04.084+0000] {processor.py:914} INFO - Processing file /home/noelsdavid/airflow_venv/lib/python3.12/site-packages/airflow/example_dags/example_dynamic_task_mapping_with_no_taskflow_operators.py for tasks to queue
[2026-05-18T06:03:04.087+0000] {logging_mixin.py:190} INFO - [2026-05-18T06:03:04.086+0000] {dagbag.py:588} INFO - Filling up the DagBag from /home/noelsdavid/airflow_venv/lib/python3.12/site-packages/airflow/example_dags/example_dynamic_task_mapping_with_no_taskflow_operators.py
[2026-05-18T06:03:04.098+0000] {processor.py:925} INFO - DAG(s) 'example_dynamic_task_mapping_with_no_taskflow_operators' retrieved from /home/noelsdavid/airflow_venv/lib/python3.12/site-packages/airflow/example_dags/example_dynamic_task_mapping_with_no_taskflow_operators.py
[2026-05-18T06:03:04.118+0000] {logging_mixin.py:190} INFO - [2026-05-18T06:03:04.117+0000] {dag.py:3239} INFO - Sync 1 DAGs
[2026-05-18T06:03:04.134+0000] {logging_mixin.py:190} INFO - [2026-05-18T06:03:04.133+0000] {dag.py:4180} INFO - Setting next_dagrun for example_dynamic_task_mapping_with_no_taskflow_operators to None, run_after=None
[2026-05-18T06:03:04.162+0000] {processor.py:208} INFO - Processing /home/noelsdavid/airflow_venv/lib/python3.12/site-packages/airflow/example_dags/example_dynamic_task_mapping_with_no_taskflow_operators.py took 0.089 seconds
[2026-05-18T06:04:05.245+0000] {processor.py:186} INFO - Started process (PID=7113) to work on /home/noelsdavid/airflow_venv/lib/python3.12/site-packages/airflow/example_dags/example_dynamic_task_mapping_with_no_taskflow_operators.py
[2026-05-18T06:04:05.247+0000] {processor.py:914} INFO - Processing file /home/noelsdavid/airflow_venv/lib/python3.12/site-packages/airflow/example_dags/example_dynamic_task_mapping_with_no_taskflow_operators.py for tasks to queue
[2026-05-18T06:04:05.250+0000] {logging_mixin.py:190} INFO - [2026-05-18T06:04:05.249+0000] {dagbag.py:588} INFO - Filling up the DagBag from /home/noelsdavid/airflow_venv/lib/python3.12/site-packages/airflow/example_dags/example_dynamic_task_mapping_with_no_taskflow_operators.py
[2026-05-18T06:04:05.262+0000] {processor.py:925} INFO - DAG(s) 'example_dynamic_task_mapping_with_no_taskflow_operators' retrieved from /home/noelsdavid/airflow_venv/lib/python3.12/site-packages/airflow/example_dags/example_dynamic_task_mapping_with_no_taskflow_operators.py
[2026-05-18T06:04:05.284+0000] {logging_mixin.py:190} INFO - [2026-05-18T06:04:05.284+0000] {dag.py:3239} INFO - Sync 1 DAGs
[2026-05-18T06:04:05.300+0000] {logging_mixin.py:190} INFO - [2026-05-18T06:04:05.300+0000] {dag.py:4180} INFO - Setting next_dagrun for example_dynamic_task_mapping_with_no_taskflow_operators to None, run_after=None
[2026-05-18T06:04:05.331+0000] {processor.py:208} INFO - Processing /home/noelsdavid/airflow_venv/lib/python3.12/site-packages/airflow/example_dags/example_dynamic_task_mapping_with_no_taskflow_operators.py took 0.094 seconds
[2026-05-18T06:05:07.756+0000] {processor.py:186} INFO - Started process (PID=7174) to work on /home/noelsdavid/airflow_venv/lib/python3.12/site-packages/airflow/example_dags/example_dynamic_task_mapping_with_no_taskflow_operators.py
[2026-05-18T06:05:07.759+0000] {processor.py:914} INFO - Processing file /home/noelsdavid/airflow_venv/lib/python3.12/site-packages/airflow/example_dags/example_dynamic_task_mapping_with_no_taskflow_operators.py for tasks to queue
[2026-05-18T06:05:07.764+0000] {logging_mixin.py:190} INFO - [2026-05-18T06:05:07.763+0000] {dagbag.py:588} INFO - Filling up the DagBag from /home/noelsdavid/airflow_venv/lib/python3.12/site-packages/airflow/example_dags/example_dynamic_task_mapping_with_no_taskflow_operators.py
[2026-05-18T06:05:07.776+0000] {processor.py:925} INFO - DAG(s) 'example_dynamic_task_mapping_with_no_taskflow_operators' retrieved from /home/noelsdavid/airflow_venv/lib/python3.12/site-packages/airflow/example_dags/example_dynamic_task_mapping_with_no_taskflow_operators.py
[2026-05-18T06:05:07.797+0000] {logging_mixin.py:190} INFO - [2026-05-18T06:05:07.797+0000] {dag.py:3239} INFO - Sync 1 DAGs
[2026-05-18T06:05:07.813+0000] {logging_mixin.py:190} INFO - [2026-05-18T06:05:07.812+0000] {dag.py:4180} INFO - Setting next_dagrun for example_dynamic_task_mapping_with_no_taskflow_operators to None, run_after=None
[2026-05-18T06:05:07.844+0000] {processor.py:208} INFO - Processing /home/noelsdavid/airflow_venv/lib/python3.12/site-packages/airflow/example_dags/example_dynamic_task_mapping_with_no_taskflow_operators.py took 0.096 seconds
[2026-05-18T06:06:19.641+0000] {processor.py:186} INFO - Started process (PID=7266) to work on /home/noelsdavid/airflow_venv/lib/python3.12/site-packages/airflow/example_dags/example_dynamic_task_mapping_with_no_taskflow_operators.py
[2026-05-18T06:06:19.643+0000] {processor.py:914} INFO - Processing file /home/noelsdavid/airflow_venv/lib/python3.12/site-packages/airflow/example_dags/example_dynamic_task_mapping_with_no_taskflow_operators.py for tasks to queue
[2026-05-18T06:06:19.647+0000] {logging_mixin.py:190} INFO - [2026-05-18T06:06:19.646+0000] {dagbag.py:588} INFO - Filling up the DagBag from /home/noelsdavid/airflow_venv/lib/python3.12/site-packages/airflow/example_dags/example_dynamic_task_mapping_with_no_taskflow_operators.py
[2026-05-18T06:06:19.659+0000] {processor.py:925} INFO - DAG(s) 'example_dynamic_task_mapping_with_no_taskflow_operators' retrieved from /home/noelsdavid/airflow_venv/lib/python3.12/site-packages/airflow/example_dags/example_dynamic_task_mapping_with_no_taskflow_operators.py
[2026-05-18T06:06:19.681+0000] {logging_mixin.py:190} INFO - [2026-05-18T06:06:19.681+0000] {dag.py:3239} INFO - Sync 1 DAGs
[2026-05-18T06:06:19.702+0000] {logging_mixin.py:190} INFO - [2026-05-18T06:06:19.702+0000] {dag.py:4180} INFO - Setting next_dagrun for example_dynamic_task_mapping_with_no_taskflow_operators to None, run_after=None
[2026-05-18T06:06:19.738+0000] {processor.py:208} INFO - Processing /home/noelsdavid/airflow_venv/lib/python3.12/site-packages/airflow/example_dags/example_dynamic_task_mapping_with_no_taskflow_operators.py took 0.105 seconds
[2026-05-18T06:07:16.361+0000] {processor.py:186} INFO - Started process (PID=7323) to work on /home/noelsdavid/airflow_venv/lib/python3.12/site-packages/airflow/example_dags/example_dynamic_task_mapping_with_no_taskflow_operators.py
[2026-05-18T06:07:16.364+0000] {processor.py:914} INFO - Processing file /home/noelsdavid/airflow_venv/lib/python3.12/site-packages/airflow/example_dags/example_dynamic_task_mapping_with_no_taskflow_operators.py for tasks to queue
[2026-05-18T06:07:16.367+0000] {logging_mixin.py:190} INFO - [2026-05-18T06:07:16.366+0000] {dagbag.py:588} INFO - Filling up the DagBag from /home/noelsdavid/airflow_venv/lib/python3.12/site-packages/airflow/example_dags/example_dynamic_task_mapping_with_no_taskflow_operators.py
[2026-05-18T06:07:16.380+0000] {processor.py:925} INFO - DAG(s) 'example_dynamic_task_mapping_with_no_taskflow_operators' retrieved from /home/noelsdavid/airflow_venv/lib/python3.12/site-packages/airflow/example_dags/example_dynamic_task_mapping_with_no_taskflow_operators.py
[2026-05-18T06:07:16.403+0000] {logging_mixin.py:190} INFO - [2026-05-18T06:07:16.403+0000] {dag.py:3239} INFO - Sync 1 DAGs
[2026-05-18T06:07:16.421+0000] {logging_mixin.py:190} INFO - [2026-05-18T06:07:16.420+0000] {dag.py:4180} INFO - Setting next_dagrun for example_dynamic_task_mapping_with_no_taskflow_operators to None, run_after=None
[2026-05-18T06:07:16.452+0000] {processor.py:208} INFO - Processing /home/noelsdavid/airflow_venv/lib/python3.12/site-packages/airflow/example_dags/example_dynamic_task_mapping_with_no_taskflow_operators.py took 0.099 seconds
[2026-05-18T06:08:18.515+0000] {processor.py:186} INFO - Started process (PID=7382) to work on /home/noelsdavid/airflow_venv/lib/python3.12/site-packages/airflow/example_dags/example_dynamic_task_mapping_with_no_taskflow_operators.py
[2026-05-18T06:08:18.518+0000] {processor.py:914} INFO - Processing file /home/noelsdavid/airflow_venv/lib/python3.12/site-packages/airflow/example_dags/example_dynamic_task_mapping_with_no_taskflow_operators.py for tasks to queue
[2026-05-18T06:08:18.521+0000] {logging_mixin.py:190} INFO - [2026-05-18T06:08:18.521+0000] {dagbag.py:588} INFO - Filling up the DagBag from /home/noelsdavid/airflow_venv/lib/python3.12/site-packages/airflow/example_dags/example_dynamic_task_mapping_with_no_taskflow_operators.py
[2026-05-18T06:08:18.535+0000] {processor.py:925} INFO - DAG(s) 'example_dynamic_task_mapping_with_no_taskflow_operators' retrieved from /home/noelsdavid/airflow_venv/lib/python3.12/site-packages/airflow/example_dags/example_dynamic_task_mapping_with_no_taskflow_operators.py
[2026-05-18T06:08:18.562+0000] {logging_mixin.py:190} INFO - [2026-05-18T06:08:18.561+0000] {dag.py:3239} INFO - Sync 1 DAGs
[2026-05-18T06:08:18.583+0000] {logging_mixin.py:190} INFO - [2026-05-18T06:08:18.583+0000] {dag.py:4180} INFO - Setting next_dagrun for example_dynamic_task_mapping_with_no_taskflow_operators to None, run_after=None
[2026-05-18T06:08:18.620+0000] {processor.py:208} INFO - Processing /home/noelsdavid/airflow_venv/lib/python3.12/site-packages/airflow/example_dags/example_dynamic_task_mapping_with_no_taskflow_operators.py took 0.114 seconds
[2026-05-18T06:09:23.161+0000] {processor.py:186} INFO - Started process (PID=7444) to work on /home/noelsdavid/airflow_venv/lib/python3.12/site-packages/airflow/example_dags/example_dynamic_task_mapping_with_no_taskflow_operators.py
[2026-05-18T06:09:23.186+0000] {processor.py:914} INFO - Processing file /home/noelsdavid/airflow_venv/lib/python3.12/site-packages/airflow/example_dags/example_dynamic_task_mapping_with_no_taskflow_operators.py for tasks to queue
[2026-05-18T06:09:23.189+0000] {logging_mixin.py:190} INFO - [2026-05-18T06:09:23.189+0000] {dagbag.py:588} INFO - Filling up the DagBag from /home/noelsdavid/airflow_venv/lib/python3.12/site-packages/airflow/example_dags/example_dynamic_task_mapping_with_no_taskflow_operators.py
[2026-05-18T06:09:23.202+0000] {processor.py:925} INFO - DAG(s) 'example_dynamic_task_mapping_with_no_taskflow_operators' retrieved from /home/noelsdavid/airflow_venv/lib/python3.12/site-packages/airflow/example_dags/example_dynamic_task_mapping_with_no_taskflow_operators.py
[2026-05-18T06:09:23.223+0000] {logging_mixin.py:190} INFO - [2026-05-18T06:09:23.223+0000] {dag.py:3239} INFO - Sync 1 DAGs
[2026-05-18T06:09:23.240+0000] {logging_mixin.py:190} INFO - [2026-05-18T06:09:23.239+0000] {dag.py:4180} INFO - Setting next_dagrun for example_dynamic_task_mapping_with_no_taskflow_operators to None, run_after=None
[2026-05-18T06:09:23.269+0000] {processor.py:208} INFO - Processing /home/noelsdavid/airflow_venv/lib/python3.12/site-packages/airflow/example_dags/example_dynamic_task_mapping_with_no_taskflow_operators.py took 0.115 seconds
[2026-05-18T06:10:25.630+0000] {processor.py:186} INFO - Started process (PID=7529) to work on /home/noelsdavid/airflow_venv/lib/python3.12/site-packages/airflow/example_dags/example_dynamic_task_mapping_with_no_taskflow_operators.py
[2026-05-18T06:10:25.632+0000] {processor.py:914} INFO - Processing file /home/noelsdavid/airflow_venv/lib/python3.12/site-packages/airflow/example_dags/example_dynamic_task_mapping_with_no_taskflow_operators.py for tasks to queue
[2026-05-18T06:10:25.636+0000] {logging_mixin.py:190} INFO - [2026-05-18T06:10:25.635+0000] {dagbag.py:588} INFO - Filling up the DagBag from /home/noelsdavid/airflow_venv/lib/python3.12/site-packages/airflow/example_dags/example_dynamic_task_mapping_with_no_taskflow_operators.py
[2026-05-18T06:10:25.648+0000] {processor.py:925} INFO - DAG(s) 'example_dynamic_task_mapping_with_no_taskflow_operators' retrieved from /home/noelsdavid/airflow_venv/lib/python3.12/site-packages/airflow/example_dags/example_dynamic_task_mapping_with_no_taskflow_operators.py
[2026-05-18T06:10:25.669+0000] {logging_mixin.py:190} INFO - [2026-05-18T06:10:25.669+0000] {dag.py:3239} INFO - Sync 1 DAGs
[2026-05-18T06:10:25.686+0000] {logging_mixin.py:190} INFO - [2026-05-18T06:10:25.686+0000] {dag.py:4180} INFO - Setting next_dagrun for example_dynamic_task_mapping_with_no_taskflow_operators to None, run_after=None
[2026-05-18T06:10:25.717+0000] {processor.py:208} INFO - Processing /home/noelsdavid/airflow_venv/lib/python3.12/site-packages/airflow/example_dags/example_dynamic_task_mapping_with_no_taskflow_operators.py took 0.095 seconds
[2026-05-18T06:11:24.539+0000] {processor.py:186} INFO - Started process (PID=7588) to work on /home/noelsdavid/airflow_venv/lib/python3.12/site-packages/airflow/example_dags/example_dynamic_task_mapping_with_no_taskflow_operators.py
[2026-05-18T06:11:24.542+0000] {processor.py:914} INFO - Processing file /home/noelsdavid/airflow_venv/lib/python3.12/site-packages/airflow/example_dags/example_dynamic_task_mapping_with_no_taskflow_operators.py for tasks to queue
[2026-05-18T06:11:24.545+0000] {logging_mixin.py:190} INFO - [2026-05-18T06:11:24.544+0000] {dagbag.py:588} INFO - Filling up the DagBag from /home/noelsdavid/airflow_venv/lib/python3.12/site-packages/airflow/example_dags/example_dynamic_task_mapping_with_no_taskflow_operators.py
[2026-05-18T06:11:24.557+0000] {processor.py:925} INFO - DAG(s) 'example_dynamic_task_mapping_with_no_taskflow_operators' retrieved from /home/noelsdavid/airflow_venv/lib/python3.12/site-packages/airflow/example_dags/example_dynamic_task_mapping_with_no_taskflow_operators.py
[2026-05-18T06:11:24.579+0000] {logging_mixin.py:190} INFO - [2026-05-18T06:11:24.578+0000] {dag.py:3239} INFO - Sync 1 DAGs
[2026-05-18T06:11:24.596+0000] {logging_mixin.py:190} INFO - [2026-05-18T06:11:24.596+0000] {dag.py:4180} INFO - Setting next_dagrun for example_dynamic_task_mapping_with_no_taskflow_operators to None, run_after=None
[2026-05-18T06:11:24.626+0000] {processor.py:208} INFO - Processing /home/noelsdavid/airflow_venv/lib/python3.12/site-packages/airflow/example_dags/example_dynamic_task_mapping_with_no_taskflow_operators.py took 0.095 seconds
[2026-05-18T06:12:23.589+0000] {processor.py:186} INFO - Started process (PID=7645) to work on /home/noelsdavid/airflow_venv/lib/python3.12/site-packages/airflow/example_dags/example_dynamic_task_mapping_with_no_taskflow_operators.py
[2026-05-18T06:12:23.591+0000] {processor.py:914} INFO - Processing file /home/noelsdavid/airflow_venv/lib/python3.12/site-packages/airflow/example_dags/example_dynamic_task_mapping_with_no_taskflow_operators.py for tasks to queue
[2026-05-18T06:12:23.594+0000] {logging_mixin.py:190} INFO - [2026-05-18T06:12:23.594+0000] {dagbag.py:588} INFO - Filling up the DagBag from /home/noelsdavid/airflow_venv/lib/python3.12/site-packages/airflow/example_dags/example_dynamic_task_mapping_with_no_taskflow_operators.py
[2026-05-18T06:12:23.607+0000] {processor.py:925} INFO - DAG(s) 'example_dynamic_task_mapping_with_no_taskflow_operators' retrieved from /home/noelsdavid/airflow_venv/lib/python3.12/site-packages/airflow/example_dags/example_dynamic_task_mapping_with_no_taskflow_operators.py
[2026-05-18T06:12:23.629+0000] {logging_mixin.py:190} INFO - [2026-05-18T06:12:23.628+0000] {dag.py:3239} INFO - Sync 1 DAGs
[2026-05-18T06:12:23.645+0000] {logging_mixin.py:190} INFO - [2026-05-18T06:12:23.644+0000] {dag.py:4180} INFO - Setting next_dagrun for example_dynamic_task_mapping_with_no_taskflow_operators to None, run_after=None
[2026-05-18T06:12:23.675+0000] {processor.py:208} INFO - Processing /home/noelsdavid/airflow_venv/lib/python3.12/site-packages/airflow/example_dags/example_dynamic_task_mapping_with_no_taskflow_operators.py took 0.094 seconds
[2026-05-18T06:13:23.580+0000] {processor.py:186} INFO - Started process (PID=7704) to work on /home/noelsdavid/airflow_venv/lib/python3.12/site-packages/airflow/example_dags/example_dynamic_task_mapping_with_no_taskflow_operators.py
[2026-05-18T06:13:23.583+0000] {processor.py:914} INFO - Processing file /home/noelsdavid/airflow_venv/lib/python3.12/site-packages/airflow/example_dags/example_dynamic_task_mapping_with_no_taskflow_operators.py for tasks to queue
[2026-05-18T06:13:23.586+0000] {logging_mixin.py:190} INFO - [2026-05-18T06:13:23.586+0000] {dagbag.py:588} INFO - Filling up the DagBag from /home/noelsdavid/airflow_venv/lib/python3.12/site-packages/airflow/example_dags/example_dynamic_task_mapping_with_no_taskflow_operators.py
[2026-05-18T06:13:23.598+0000] {processor.py:925} INFO - DAG(s) 'example_dynamic_task_mapping_with_no_taskflow_operators' retrieved from /home/noelsdavid/airflow_venv/lib/python3.12/site-packages/airflow/example_dags/example_dynamic_task_mapping_with_no_taskflow_operators.py
[2026-05-18T06:13:23.619+0000] {logging_mixin.py:190} INFO - [2026-05-18T06:13:23.619+0000] {dag.py:3239} INFO - Sync 1 DAGs
[2026-05-18T06:13:23.637+0000] {logging_mixin.py:190} INFO - [2026-05-18T06:13:23.636+0000] {dag.py:4180} INFO - Setting next_dagrun for example_dynamic_task_mapping_with_no_taskflow_operators to None, run_after=None
[2026-05-18T06:13:23.668+0000] {processor.py:208} INFO - Processing /home/noelsdavid/airflow_venv/lib/python3.12/site-packages/airflow/example_dags/example_dynamic_task_mapping_with_no_taskflow_operators.py took 0.096 seconds
[2026-05-18T06:14:25.668+0000] {processor.py:186} INFO - Started process (PID=7764) to work on /home/noelsdavid/airflow_venv/lib/python3.12/site-packages/airflow/example_dags/example_dynamic_task_mapping_with_no_taskflow_operators.py
[2026-05-18T06:14:25.670+0000] {processor.py:914} INFO - Processing file /home/noelsdavid/airflow_venv/lib/python3.12/site-packages/airflow/example_dags/example_dynamic_task_mapping_with_no_taskflow_operators.py for tasks to queue
[2026-05-18T06:14:25.673+0000] {logging_mixin.py:190} INFO - [2026-05-18T06:14:25.673+0000] {dagbag.py:588} INFO - Filling up the DagBag from /home/noelsdavid/airflow_venv/lib/python3.12/site-packages/airflow/example_dags/example_dynamic_task_mapping_with_no_taskflow_operators.py
[2026-05-18T06:14:25.685+0000] {processor.py:925} INFO - DAG(s) 'example_dynamic_task_mapping_with_no_taskflow_operators' retrieved from /home/noelsdavid/airflow_venv/lib/python3.12/site-packages/airflow/example_dags/example_dynamic_task_mapping_with_no_taskflow_operators.py
[2026-05-18T06:14:25.706+0000] {logging_mixin.py:190} INFO - [2026-05-18T06:14:25.705+0000] {dag.py:3239} INFO - Sync 1 DAGs
[2026-05-18T06:14:25.722+0000] {logging_mixin.py:190} INFO - [2026-05-18T06:14:25.722+0000] {dag.py:4180} INFO - Setting next_dagrun for example_dynamic_task_mapping_with_no_taskflow_operators to None, run_after=None
[2026-05-18T06:14:25.752+0000] {processor.py:208} INFO - Processing /home/noelsdavid/airflow_venv/lib/python3.12/site-packages/airflow/example_dags/example_dynamic_task_mapping_with_no_taskflow_operators.py took 0.093 seconds
[2026-05-18T06:15:28.267+0000] {processor.py:186} INFO - Started process (PID=7856) to work on /home/noelsdavid/airflow_venv/lib/python3.12/site-packages/airflow/example_dags/example_dynamic_task_mapping_with_no_taskflow_operators.py
[2026-05-18T06:15:28.269+0000] {processor.py:914} INFO - Processing file /home/noelsdavid/airflow_venv/lib/python3.12/site-packages/airflow/example_dags/example_dynamic_task_mapping_with_no_taskflow_operators.py for tasks to queue
[2026-05-18T06:15:28.273+0000] {logging_mixin.py:190} INFO - [2026-05-18T06:15:28.273+0000] {dagbag.py:588} INFO - Filling up the DagBag from /home/noelsdavid/airflow_venv/lib/python3.12/site-packages/airflow/example_dags/example_dynamic_task_mapping_with_no_taskflow_operators.py
[2026-05-18T06:15:28.286+0000] {processor.py:925} INFO - DAG(s) 'example_dynamic_task_mapping_with_no_taskflow_operators' retrieved from /home/noelsdavid/airflow_venv/lib/python3.12/site-packages/airflow/example_dags/example_dynamic_task_mapping_with_no_taskflow_operators.py
[2026-05-18T06:15:28.309+0000] {logging_mixin.py:190} INFO - [2026-05-18T06:15:28.308+0000] {dag.py:3239} INFO - Sync 1 DAGs
[2026-05-18T06:15:28.325+0000] {logging_mixin.py:190} INFO - [2026-05-18T06:15:28.325+0000] {dag.py:4180} INFO - Setting next_dagrun for example_dynamic_task_mapping_with_no_taskflow_operators to None, run_after=None
[2026-05-18T06:15:28.357+0000] {processor.py:208} INFO - Processing /home/noelsdavid/airflow_venv/lib/python3.12/site-packages/airflow/example_dags/example_dynamic_task_mapping_with_no_taskflow_operators.py took 0.097 seconds
[2026-05-18T06:16:32.079+0000] {processor.py:186} INFO - Started process (PID=8051) to work on /home/noelsdavid/airflow_venv/lib/python3.12/site-packages/airflow/example_dags/example_dynamic_task_mapping_with_no_taskflow_operators.py
[2026-05-18T06:16:32.081+0000] {processor.py:914} INFO - Processing file /home/noelsdavid/airflow_venv/lib/python3.12/site-packages/airflow/example_dags/example_dynamic_task_mapping_with_no_taskflow_operators.py for tasks to queue
[2026-05-18T06:16:32.084+0000] {logging_mixin.py:190} INFO - [2026-05-18T06:16:32.084+0000] {dagbag.py:588} INFO - Filling up the DagBag from /home/noelsdavid/airflow_venv/lib/python3.12/site-packages/airflow/example_dags/example_dynamic_task_mapping_with_no_taskflow_operators.py
[2026-05-18T06:16:32.096+0000] {processor.py:925} INFO - DAG(s) 'example_dynamic_task_mapping_with_no_taskflow_operators' retrieved from /home/noelsdavid/airflow_venv/lib/python3.12/site-packages/airflow/example_dags/example_dynamic_task_mapping_with_no_taskflow_operators.py
[2026-05-18T06:16:32.118+0000] {logging_mixin.py:190} INFO - [2026-05-18T06:16:32.118+0000] {dag.py:3239} INFO - Sync 1 DAGs
[2026-05-18T06:16:32.135+0000] {logging_mixin.py:190} INFO - [2026-05-18T06:16:32.135+0000] {dag.py:4180} INFO - Setting next_dagrun for example_dynamic_task_mapping_with_no_taskflow_operators to None, run_after=None
[2026-05-18T06:16:32.164+0000] {processor.py:208} INFO - Processing /home/noelsdavid/airflow_venv/lib/python3.12/site-packages/airflow/example_dags/example_dynamic_task_mapping_with_no_taskflow_operators.py took 0.093 seconds
[2026-05-18T06:17:35.881+0000] {processor.py:186} INFO - Started process (PID=8350) to work on /home/noelsdavid/airflow_venv/lib/python3.12/site-packages/airflow/example_dags/example_dynamic_task_mapping_with_no_taskflow_operators.py
[2026-05-18T06:17:35.883+0000] {processor.py:914} INFO - Processing file /home/noelsdavid/airflow_venv/lib/python3.12/site-packages/airflow/example_dags/example_dynamic_task_mapping_with_no_taskflow_operators.py for tasks to queue
[2026-05-18T06:17:35.887+0000] {logging_mixin.py:190} INFO - [2026-05-18T06:17:35.886+0000] {dagbag.py:588} INFO - Filling up the DagBag from /home/noelsdavid/airflow_venv/lib/python3.12/site-packages/airflow/example_dags/example_dynamic_task_mapping_with_no_taskflow_operators.py
[2026-05-18T06:17:35.900+0000] {processor.py:925} INFO - DAG(s) 'example_dynamic_task_mapping_with_no_taskflow_operators' retrieved from /home/noelsdavid/airflow_venv/lib/python3.12/site-packages/airflow/example_dags/example_dynamic_task_mapping_with_no_taskflow_operators.py
[2026-05-18T06:17:35.920+0000] {logging_mixin.py:190} INFO - [2026-05-18T06:17:35.920+0000] {dag.py:3239} INFO - Sync 1 DAGs
[2026-05-18T06:17:35.936+0000] {logging_mixin.py:190} INFO - [2026-05-18T06:17:35.936+0000] {dag.py:4180} INFO - Setting next_dagrun for example_dynamic_task_mapping_with_no_taskflow_operators to None, run_after=None
[2026-05-18T06:17:35.965+0000] {processor.py:208} INFO - Processing /home/noelsdavid/airflow_venv/lib/python3.12/site-packages/airflow/example_dags/example_dynamic_task_mapping_with_no_taskflow_operators.py took 0.092 seconds
[2026-05-18T06:18:34.252+0000] {processor.py:186} INFO - Started process (PID=8478) to work on /home/noelsdavid/airflow_venv/lib/python3.12/site-packages/airflow/example_dags/example_dynamic_task_mapping_with_no_taskflow_operators.py
[2026-05-18T06:18:34.254+0000] {processor.py:914} INFO - Processing file /home/noelsdavid/airflow_venv/lib/python3.12/site-packages/airflow/example_dags/example_dynamic_task_mapping_with_no_taskflow_operators.py for tasks to queue
[2026-05-18T06:18:34.257+0000] {logging_mixin.py:190} INFO - [2026-05-18T06:18:34.257+0000] {dagbag.py:588} INFO - Filling up the DagBag from /home/noelsdavid/airflow_venv/lib/python3.12/site-packages/airflow/example_dags/example_dynamic_task_mapping_with_no_taskflow_operators.py
[2026-05-18T06:18:34.271+0000] {processor.py:925} INFO - DAG(s) 'example_dynamic_task_mapping_with_no_taskflow_operators' retrieved from /home/noelsdavid/airflow_venv/lib/python3.12/site-packages/airflow/example_dags/example_dynamic_task_mapping_with_no_taskflow_operators.py
[2026-05-18T06:18:34.293+0000] {logging_mixin.py:190} INFO - [2026-05-18T06:18:34.292+0000] {dag.py:3239} INFO - Sync 1 DAGs
[2026-05-18T06:18:34.310+0000] {logging_mixin.py:190} INFO - [2026-05-18T06:18:34.310+0000] {dag.py:4180} INFO - Setting next_dagrun for example_dynamic_task_mapping_with_no_taskflow_operators to None, run_after=None
[2026-05-18T06:18:34.340+0000] {processor.py:208} INFO - Processing /home/noelsdavid/airflow_venv/lib/python3.12/site-packages/airflow/example_dags/example_dynamic_task_mapping_with_no_taskflow_operators.py took 0.097 seconds
[2026-05-18T06:19:34.274+0000] {processor.py:186} INFO - Started process (PID=8537) to work on /home/noelsdavid/airflow_venv/lib/python3.12/site-packages/airflow/example_dags/example_dynamic_task_mapping_with_no_taskflow_operators.py
[2026-05-18T06:19:34.276+0000] {processor.py:914} INFO - Processing file /home/noelsdavid/airflow_venv/lib/python3.12/site-packages/airflow/example_dags/example_dynamic_task_mapping_with_no_taskflow_operators.py for tasks to queue
[2026-05-18T06:19:34.279+0000] {logging_mixin.py:190} INFO - [2026-05-18T06:19:34.278+0000] {dagbag.py:588} INFO - Filling up the DagBag from /home/noelsdavid/airflow_venv/lib/python3.12/site-packages/airflow/example_dags/example_dynamic_task_mapping_with_no_taskflow_operators.py
[2026-05-18T06:19:34.291+0000] {processor.py:925} INFO - DAG(s) 'example_dynamic_task_mapping_with_no_taskflow_operators' retrieved from /home/noelsdavid/airflow_venv/lib/python3.12/site-packages/airflow/example_dags/example_dynamic_task_mapping_with_no_taskflow_operators.py
[2026-05-18T06:19:34.314+0000] {logging_mixin.py:190} INFO - [2026-05-18T06:19:34.314+0000] {dag.py:3239} INFO - Sync 1 DAGs
[2026-05-18T06:19:34.331+0000] {logging_mixin.py:190} INFO - [2026-05-18T06:19:34.331+0000] {dag.py:4180} INFO - Setting next_dagrun for example_dynamic_task_mapping_with_no_taskflow_operators to None, run_after=None
[2026-05-18T06:19:34.364+0000] {processor.py:208} INFO - Processing /home/noelsdavid/airflow_venv/lib/python3.12/site-packages/airflow/example_dags/example_dynamic_task_mapping_with_no_taskflow_operators.py took 0.099 seconds
[2026-05-18T06:20:38.279+0000] {processor.py:186} INFO - Started process (PID=8626) to work on /home/noelsdavid/airflow_venv/lib/python3.12/site-packages/airflow/example_dags/example_dynamic_task_mapping_with_no_taskflow_operators.py
[2026-05-18T06:20:38.303+0000] {processor.py:914} INFO - Processing file /home/noelsdavid/airflow_venv/lib/python3.12/site-packages/airflow/example_dags/example_dynamic_task_mapping_with_no_taskflow_operators.py for tasks to queue
[2026-05-18T06:20:38.305+0000] {logging_mixin.py:190} INFO - [2026-05-18T06:20:38.304+0000] {dagbag.py:588} INFO - Filling up the DagBag from /home/noelsdavid/airflow_venv/lib/python3.12/site-packages/airflow/example_dags/example_dynamic_task_mapping_with_no_taskflow_operators.py
[2026-05-18T06:20:38.317+0000] {processor.py:925} INFO - DAG(s) 'example_dynamic_task_mapping_with_no_taskflow_operators' retrieved from /home/noelsdavid/airflow_venv/lib/python3.12/site-packages/airflow/example_dags/example_dynamic_task_mapping_with_no_taskflow_operators.py
[2026-05-18T06:20:38.338+0000] {logging_mixin.py:190} INFO - [2026-05-18T06:20:38.337+0000] {dag.py:3239} INFO - Sync 1 DAGs
[2026-05-18T06:20:38.355+0000] {logging_mixin.py:190} INFO - [2026-05-18T06:20:38.355+0000] {dag.py:4180} INFO - Setting next_dagrun for example_dynamic_task_mapping_with_no_taskflow_operators to None, run_after=None
[2026-05-18T06:20:38.385+0000] {processor.py:208} INFO - Processing /home/noelsdavid/airflow_venv/lib/python3.12/site-packages/airflow/example_dags/example_dynamic_task_mapping_with_no_taskflow_operators.py took 0.114 seconds
[2026-05-18T06:21:41.595+0000] {processor.py:186} INFO - Started process (PID=8686) to work on /home/noelsdavid/airflow_venv/lib/python3.12/site-packages/airflow/example_dags/example_dynamic_task_mapping_with_no_taskflow_operators.py
[2026-05-18T06:21:41.597+0000] {processor.py:914} INFO - Processing file /home/noelsdavid/airflow_venv/lib/python3.12/site-packages/airflow/example_dags/example_dynamic_task_mapping_with_no_taskflow_operators.py for tasks to queue
[2026-05-18T06:21:41.599+0000] {logging_mixin.py:190} INFO - [2026-05-18T06:21:41.599+0000] {dagbag.py:588} INFO - Filling up the DagBag from /home/noelsdavid/airflow_venv/lib/python3.12/site-packages/airflow/example_dags/example_dynamic_task_mapping_with_no_taskflow_operators.py
[2026-05-18T06:21:41.612+0000] {processor.py:925} INFO - DAG(s) 'example_dynamic_task_mapping_with_no_taskflow_operators' retrieved from /home/noelsdavid/airflow_venv/lib/python3.12/site-packages/airflow/example_dags/example_dynamic_task_mapping_with_no_taskflow_operators.py
[2026-05-18T06:21:41.633+0000] {logging_mixin.py:190} INFO - [2026-05-18T06:21:41.633+0000] {dag.py:3239} INFO - Sync 1 DAGs
[2026-05-18T06:21:41.667+0000] {logging_mixin.py:190} INFO - [2026-05-18T06:21:41.666+0000] {dag.py:4180} INFO - Setting next_dagrun for example_dynamic_task_mapping_with_no_taskflow_operators to None, run_after=None
[2026-05-18T06:21:41.715+0000] {processor.py:208} INFO - Processing /home/noelsdavid/airflow_venv/lib/python3.12/site-packages/airflow/example_dags/example_dynamic_task_mapping_with_no_taskflow_operators.py took 0.128 seconds
[2026-05-18T06:22:46.522+0000] {processor.py:186} INFO - Started process (PID=8749) to work on /home/noelsdavid/airflow_venv/lib/python3.12/site-packages/airflow/example_dags/example_dynamic_task_mapping_with_no_taskflow_operators.py
[2026-05-18T06:22:46.543+0000] {processor.py:914} INFO - Processing file /home/noelsdavid/airflow_venv/lib/python3.12/site-packages/airflow/example_dags/example_dynamic_task_mapping_with_no_taskflow_operators.py for tasks to queue
[2026-05-18T06:22:46.545+0000] {logging_mixin.py:190} INFO - [2026-05-18T06:22:46.544+0000] {dagbag.py:588} INFO - Filling up the DagBag from /home/noelsdavid/airflow_venv/lib/python3.12/site-packages/airflow/example_dags/example_dynamic_task_mapping_with_no_taskflow_operators.py
[2026-05-18T06:22:46.557+0000] {processor.py:925} INFO - DAG(s) 'example_dynamic_task_mapping_with_no_taskflow_operators' retrieved from /home/noelsdavid/airflow_venv/lib/python3.12/site-packages/airflow/example_dags/example_dynamic_task_mapping_with_no_taskflow_operators.py
[2026-05-18T06:22:46.578+0000] {logging_mixin.py:190} INFO - [2026-05-18T06:22:46.578+0000] {dag.py:3239} INFO - Sync 1 DAGs
[2026-05-18T06:22:46.596+0000] {logging_mixin.py:190} INFO - [2026-05-18T06:22:46.596+0000] {dag.py:4180} INFO - Setting next_dagrun for example_dynamic_task_mapping_with_no_taskflow_operators to None, run_after=None
[2026-05-18T06:22:46.626+0000] {processor.py:208} INFO - Processing /home/noelsdavid/airflow_venv/lib/python3.12/site-packages/airflow/example_dags/example_dynamic_task_mapping_with_no_taskflow_operators.py took 0.112 seconds
[2026-05-18T06:23:49.404+0000] {processor.py:186} INFO - Started process (PID=8811) to work on /home/noelsdavid/airflow_venv/lib/python3.12/site-packages/airflow/example_dags/example_dynamic_task_mapping_with_no_taskflow_operators.py
[2026-05-18T06:23:49.407+0000] {processor.py:914} INFO - Processing file /home/noelsdavid/airflow_venv/lib/python3.12/site-packages/airflow/example_dags/example_dynamic_task_mapping_with_no_taskflow_operators.py for tasks to queue
[2026-05-18T06:23:49.409+0000] {logging_mixin.py:190} INFO - [2026-05-18T06:23:49.408+0000] {dagbag.py:588} INFO - Filling up the DagBag from /home/noelsdavid/airflow_venv/lib/python3.12/site-packages/airflow/example_dags/example_dynamic_task_mapping_with_no_taskflow_operators.py
[2026-05-18T06:23:49.423+0000] {processor.py:925} INFO - DAG(s) 'example_dynamic_task_mapping_with_no_taskflow_operators' retrieved from /home/noelsdavid/airflow_venv/lib/python3.12/site-packages/airflow/example_dags/example_dynamic_task_mapping_with_no_taskflow_operators.py
[2026-05-18T06:23:49.447+0000] {logging_mixin.py:190} INFO - [2026-05-18T06:23:49.447+0000] {dag.py:3239} INFO - Sync 1 DAGs
[2026-05-18T06:23:49.470+0000] {logging_mixin.py:190} INFO - [2026-05-18T06:23:49.469+0000] {dag.py:4180} INFO - Setting next_dagrun for example_dynamic_task_mapping_with_no_taskflow_operators to None, run_after=None
[2026-05-18T06:23:49.508+0000] {processor.py:208} INFO - Processing /home/noelsdavid/airflow_venv/lib/python3.12/site-packages/airflow/example_dags/example_dynamic_task_mapping_with_no_taskflow_operators.py took 0.112 seconds
[2026-05-18T06:24:57.393+0000] {processor.py:186} INFO - Started process (PID=8875) to work on /home/noelsdavid/airflow_venv/lib/python3.12/site-packages/airflow/example_dags/example_dynamic_task_mapping_with_no_taskflow_operators.py
[2026-05-18T06:24:57.417+0000] {processor.py:914} INFO - Processing file /home/noelsdavid/airflow_venv/lib/python3.12/site-packages/airflow/example_dags/example_dynamic_task_mapping_with_no_taskflow_operators.py for tasks to queue
[2026-05-18T06:24:57.419+0000] {logging_mixin.py:190} INFO - [2026-05-18T06:24:57.419+0000] {dagbag.py:588} INFO - Filling up the DagBag from /home/noelsdavid/airflow_venv/lib/python3.12/site-packages/airflow/example_dags/example_dynamic_task_mapping_with_no_taskflow_operators.py
[2026-05-18T06:24:57.433+0000] {processor.py:925} INFO - DAG(s) 'example_dynamic_task_mapping_with_no_taskflow_operators' retrieved from /home/noelsdavid/airflow_venv/lib/python3.12/site-packages/airflow/example_dags/example_dynamic_task_mapping_with_no_taskflow_operators.py
[2026-05-18T06:24:57.455+0000] {logging_mixin.py:190} INFO - [2026-05-18T06:24:57.454+0000] {dag.py:3239} INFO - Sync 1 DAGs
[2026-05-18T06:24:57.472+0000] {logging_mixin.py:190} INFO - [2026-05-18T06:24:57.471+0000] {dag.py:4180} INFO - Setting next_dagrun for example_dynamic_task_mapping_with_no_taskflow_operators to None, run_after=None
[2026-05-18T06:24:57.503+0000] {processor.py:208} INFO - Processing /home/noelsdavid/airflow_venv/lib/python3.12/site-packages/airflow/example_dags/example_dynamic_task_mapping_with_no_taskflow_operators.py took 0.121 seconds
[2026-05-18T06:26:01.860+0000] {processor.py:186} INFO - Started process (PID=8962) to work on /home/noelsdavid/airflow_venv/lib/python3.12/site-packages/airflow/example_dags/example_dynamic_task_mapping_with_no_taskflow_operators.py
[2026-05-18T06:26:01.863+0000] {processor.py:914} INFO - Processing file /home/noelsdavid/airflow_venv/lib/python3.12/site-packages/airflow/example_dags/example_dynamic_task_mapping_with_no_taskflow_operators.py for tasks to queue
[2026-05-18T06:26:01.865+0000] {logging_mixin.py:190} INFO - [2026-05-18T06:26:01.864+0000] {dagbag.py:588} INFO - Filling up the DagBag from /home/noelsdavid/airflow_venv/lib/python3.12/site-packages/airflow/example_dags/example_dynamic_task_mapping_with_no_taskflow_operators.py
[2026-05-18T06:26:01.878+0000] {processor.py:925} INFO - DAG(s) 'example_dynamic_task_mapping_with_no_taskflow_operators' retrieved from /home/noelsdavid/airflow_venv/lib/python3.12/site-packages/airflow/example_dags/example_dynamic_task_mapping_with_no_taskflow_operators.py
[2026-05-18T06:26:01.900+0000] {logging_mixin.py:190} INFO - [2026-05-18T06:26:01.900+0000] {dag.py:3239} INFO - Sync 1 DAGs
[2026-05-18T06:26:01.923+0000] {logging_mixin.py:190} INFO - [2026-05-18T06:26:01.923+0000] {dag.py:4180} INFO - Setting next_dagrun for example_dynamic_task_mapping_with_no_taskflow_operators to None, run_after=None
[2026-05-18T06:26:01.968+0000] {processor.py:208} INFO - Processing /home/noelsdavid/airflow_venv/lib/python3.12/site-packages/airflow/example_dags/example_dynamic_task_mapping_with_no_taskflow_operators.py took 0.117 seconds
[2026-05-18T06:27:08.765+0000] {processor.py:186} INFO - Started process (PID=9267) to work on /home/noelsdavid/airflow_venv/lib/python3.12/site-packages/airflow/example_dags/example_dynamic_task_mapping_with_no_taskflow_operators.py
[2026-05-18T06:27:08.767+0000] {processor.py:914} INFO - Processing file /home/noelsdavid/airflow_venv/lib/python3.12/site-packages/airflow/example_dags/example_dynamic_task_mapping_with_no_taskflow_operators.py for tasks to queue
[2026-05-18T06:27:08.769+0000] {logging_mixin.py:190} INFO - [2026-05-18T06:27:08.769+0000] {dagbag.py:588} INFO - Filling up the DagBag from /home/noelsdavid/airflow_venv/lib/python3.12/site-packages/airflow/example_dags/example_dynamic_task_mapping_with_no_taskflow_operators.py
[2026-05-18T06:27:08.781+0000] {processor.py:925} INFO - DAG(s) 'example_dynamic_task_mapping_with_no_taskflow_operators' retrieved from /home/noelsdavid/airflow_venv/lib/python3.12/site-packages/airflow/example_dags/example_dynamic_task_mapping_with_no_taskflow_operators.py
[2026-05-18T06:27:08.803+0000] {logging_mixin.py:190} INFO - [2026-05-18T06:27:08.803+0000] {dag.py:3239} INFO - Sync 1 DAGs
[2026-05-18T06:27:08.821+0000] {logging_mixin.py:190} INFO - [2026-05-18T06:27:08.821+0000] {dag.py:4180} INFO - Setting next_dagrun for example_dynamic_task_mapping_with_no_taskflow_operators to None, run_after=None
[2026-05-18T06:27:08.852+0000] {processor.py:208} INFO - Processing /home/noelsdavid/airflow_venv/lib/python3.12/site-packages/airflow/example_dags/example_dynamic_task_mapping_with_no_taskflow_operators.py took 0.095 seconds
[2026-05-18T06:28:17.552+0000] {processor.py:186} INFO - Started process (PID=9709) to work on /home/noelsdavid/airflow_venv/lib/python3.12/site-packages/airflow/example_dags/example_dynamic_task_mapping_with_no_taskflow_operators.py
[2026-05-18T06:28:17.555+0000] {processor.py:914} INFO - Processing file /home/noelsdavid/airflow_venv/lib/python3.12/site-packages/airflow/example_dags/example_dynamic_task_mapping_with_no_taskflow_operators.py for tasks to queue
[2026-05-18T06:28:17.557+0000] {logging_mixin.py:190} INFO - [2026-05-18T06:28:17.556+0000] {dagbag.py:588} INFO - Filling up the DagBag from /home/noelsdavid/airflow_venv/lib/python3.12/site-packages/airflow/example_dags/example_dynamic_task_mapping_with_no_taskflow_operators.py
[2026-05-18T06:28:17.569+0000] {processor.py:925} INFO - DAG(s) 'example_dynamic_task_mapping_with_no_taskflow_operators' retrieved from /home/noelsdavid/airflow_venv/lib/python3.12/site-packages/airflow/example_dags/example_dynamic_task_mapping_with_no_taskflow_operators.py
[2026-05-18T06:28:17.591+0000] {logging_mixin.py:190} INFO - [2026-05-18T06:28:17.590+0000] {dag.py:3239} INFO - Sync 1 DAGs
[2026-05-18T06:28:17.609+0000] {logging_mixin.py:190} INFO - [2026-05-18T06:28:17.609+0000] {dag.py:4180} INFO - Setting next_dagrun for example_dynamic_task_mapping_with_no_taskflow_operators to None, run_after=None
[2026-05-18T06:28:17.639+0000] {processor.py:208} INFO - Processing /home/noelsdavid/airflow_venv/lib/python3.12/site-packages/airflow/example_dags/example_dynamic_task_mapping_with_no_taskflow_operators.py took 0.095 seconds
[2026-05-18T06:29:25.751+0000] {processor.py:186} INFO - Started process (PID=9772) to work on /home/noelsdavid/airflow_venv/lib/python3.12/site-packages/airflow/example_dags/example_dynamic_task_mapping_with_no_taskflow_operators.py
[2026-05-18T06:29:25.753+0000] {processor.py:914} INFO - Processing file /home/noelsdavid/airflow_venv/lib/python3.12/site-packages/airflow/example_dags/example_dynamic_task_mapping_with_no_taskflow_operators.py for tasks to queue
[2026-05-18T06:29:25.756+0000] {logging_mixin.py:190} INFO - [2026-05-18T06:29:25.755+0000] {dagbag.py:588} INFO - Filling up the DagBag from /home/noelsdavid/airflow_venv/lib/python3.12/site-packages/airflow/example_dags/example_dynamic_task_mapping_with_no_taskflow_operators.py
[2026-05-18T06:29:25.769+0000] {processor.py:925} INFO - DAG(s) 'example_dynamic_task_mapping_with_no_taskflow_operators' retrieved from /home/noelsdavid/airflow_venv/lib/python3.12/site-packages/airflow/example_dags/example_dynamic_task_mapping_with_no_taskflow_operators.py
[2026-05-18T06:29:25.792+0000] {logging_mixin.py:190} INFO - [2026-05-18T06:29:25.792+0000] {dag.py:3239} INFO - Sync 1 DAGs
[2026-05-18T06:29:25.813+0000] {logging_mixin.py:190} INFO - [2026-05-18T06:29:25.813+0000] {dag.py:4180} INFO - Setting next_dagrun for example_dynamic_task_mapping_with_no_taskflow_operators to None, run_after=None
[2026-05-18T06:29:25.845+0000] {processor.py:208} INFO - Processing /home/noelsdavid/airflow_venv/lib/python3.12/site-packages/airflow/example_dags/example_dynamic_task_mapping_with_no_taskflow_operators.py took 0.103 seconds
[2026-05-18T06:30:32.272+0000] {processor.py:186} INFO - Started process (PID=9861) to work on /home/noelsdavid/airflow_venv/lib/python3.12/site-packages/airflow/example_dags/example_dynamic_task_mapping_with_no_taskflow_operators.py
[2026-05-18T06:30:32.275+0000] {processor.py:914} INFO - Processing file /home/noelsdavid/airflow_venv/lib/python3.12/site-packages/airflow/example_dags/example_dynamic_task_mapping_with_no_taskflow_operators.py for tasks to queue
[2026-05-18T06:30:32.277+0000] {logging_mixin.py:190} INFO - [2026-05-18T06:30:32.276+0000] {dagbag.py:588} INFO - Filling up the DagBag from /home/noelsdavid/airflow_venv/lib/python3.12/site-packages/airflow/example_dags/example_dynamic_task_mapping_with_no_taskflow_operators.py
[2026-05-18T06:30:32.289+0000] {processor.py:925} INFO - DAG(s) 'example_dynamic_task_mapping_with_no_taskflow_operators' retrieved from /home/noelsdavid/airflow_venv/lib/python3.12/site-packages/airflow/example_dags/example_dynamic_task_mapping_with_no_taskflow_operators.py
[2026-05-18T06:30:32.310+0000] {logging_mixin.py:190} INFO - [2026-05-18T06:30:32.310+0000] {dag.py:3239} INFO - Sync 1 DAGs
[2026-05-18T06:30:32.327+0000] {logging_mixin.py:190} INFO - [2026-05-18T06:30:32.327+0000] {dag.py:4180} INFO - Setting next_dagrun for example_dynamic_task_mapping_with_no_taskflow_operators to None, run_after=None
[2026-05-18T06:30:32.357+0000] {processor.py:208} INFO - Processing /home/noelsdavid/airflow_venv/lib/python3.12/site-packages/airflow/example_dags/example_dynamic_task_mapping_with_no_taskflow_operators.py took 0.093 seconds
[2026-05-18T06:31:37.913+0000] {processor.py:186} INFO - Started process (PID=9924) to work on /home/noelsdavid/airflow_venv/lib/python3.12/site-packages/airflow/example_dags/example_dynamic_task_mapping_with_no_taskflow_operators.py
[2026-05-18T06:31:37.916+0000] {processor.py:914} INFO - Processing file /home/noelsdavid/airflow_venv/lib/python3.12/site-packages/airflow/example_dags/example_dynamic_task_mapping_with_no_taskflow_operators.py for tasks to queue
[2026-05-18T06:31:37.917+0000] {logging_mixin.py:190} INFO - [2026-05-18T06:31:37.917+0000] {dagbag.py:588} INFO - Filling up the DagBag from /home/noelsdavid/airflow_venv/lib/python3.12/site-packages/airflow/example_dags/example_dynamic_task_mapping_with_no_taskflow_operators.py
[2026-05-18T06:31:37.929+0000] {processor.py:925} INFO - DAG(s) 'example_dynamic_task_mapping_with_no_taskflow_operators' retrieved from /home/noelsdavid/airflow_venv/lib/python3.12/site-packages/airflow/example_dags/example_dynamic_task_mapping_with_no_taskflow_operators.py
[2026-05-18T06:31:37.949+0000] {logging_mixin.py:190} INFO - [2026-05-18T06:31:37.949+0000] {dag.py:3239} INFO - Sync 1 DAGs
[2026-05-18T06:31:37.966+0000] {logging_mixin.py:190} INFO - [2026-05-18T06:31:37.966+0000] {dag.py:4180} INFO - Setting next_dagrun for example_dynamic_task_mapping_with_no_taskflow_operators to None, run_after=None
[2026-05-18T06:31:37.995+0000] {processor.py:208} INFO - Processing /home/noelsdavid/airflow_venv/lib/python3.12/site-packages/airflow/example_dags/example_dynamic_task_mapping_with_no_taskflow_operators.py took 0.089 seconds
[2026-05-18T06:32:38.549+0000] {processor.py:186} INFO - Started process (PID=9985) to work on /home/noelsdavid/airflow_venv/lib/python3.12/site-packages/airflow/example_dags/example_dynamic_task_mapping_with_no_taskflow_operators.py
[2026-05-18T06:32:38.551+0000] {processor.py:914} INFO - Processing file /home/noelsdavid/airflow_venv/lib/python3.12/site-packages/airflow/example_dags/example_dynamic_task_mapping_with_no_taskflow_operators.py for tasks to queue
[2026-05-18T06:32:38.553+0000] {logging_mixin.py:190} INFO - [2026-05-18T06:32:38.553+0000] {dagbag.py:588} INFO - Filling up the DagBag from /home/noelsdavid/airflow_venv/lib/python3.12/site-packages/airflow/example_dags/example_dynamic_task_mapping_with_no_taskflow_operators.py
[2026-05-18T06:32:38.565+0000] {processor.py:925} INFO - DAG(s) 'example_dynamic_task_mapping_with_no_taskflow_operators' retrieved from /home/noelsdavid/airflow_venv/lib/python3.12/site-packages/airflow/example_dags/example_dynamic_task_mapping_with_no_taskflow_operators.py
[2026-05-18T06:32:38.586+0000] {logging_mixin.py:190} INFO - [2026-05-18T06:32:38.586+0000] {dag.py:3239} INFO - Sync 1 DAGs
[2026-05-18T06:32:38.603+0000] {logging_mixin.py:190} INFO - [2026-05-18T06:32:38.602+0000] {dag.py:4180} INFO - Setting next_dagrun for example_dynamic_task_mapping_with_no_taskflow_operators to None, run_after=None
[2026-05-18T06:32:38.633+0000] {processor.py:208} INFO - Processing /home/noelsdavid/airflow_venv/lib/python3.12/site-packages/airflow/example_dags/example_dynamic_task_mapping_with_no_taskflow_operators.py took 0.091 seconds
[2026-05-18T06:33:39.623+0000] {processor.py:186} INFO - Started process (PID=10050) to work on /home/noelsdavid/airflow_venv/lib/python3.12/site-packages/airflow/example_dags/example_dynamic_task_mapping_with_no_taskflow_operators.py
[2026-05-18T06:33:39.626+0000] {processor.py:914} INFO - Processing file /home/noelsdavid/airflow_venv/lib/python3.12/site-packages/airflow/example_dags/example_dynamic_task_mapping_with_no_taskflow_operators.py for tasks to queue
[2026-05-18T06:33:39.628+0000] {logging_mixin.py:190} INFO - [2026-05-18T06:33:39.627+0000] {dagbag.py:588} INFO - Filling up the DagBag from /home/noelsdavid/airflow_venv/lib/python3.12/site-packages/airflow/example_dags/example_dynamic_task_mapping_with_no_taskflow_operators.py
[2026-05-18T06:33:39.641+0000] {processor.py:925} INFO - DAG(s) 'example_dynamic_task_mapping_with_no_taskflow_operators' retrieved from /home/noelsdavid/airflow_venv/lib/python3.12/site-packages/airflow/example_dags/example_dynamic_task_mapping_with_no_taskflow_operators.py
[2026-05-18T06:33:39.662+0000] {logging_mixin.py:190} INFO - [2026-05-18T06:33:39.662+0000] {dag.py:3239} INFO - Sync 1 DAGs
[2026-05-18T06:33:39.680+0000] {logging_mixin.py:190} INFO - [2026-05-18T06:33:39.679+0000] {dag.py:4180} INFO - Setting next_dagrun for example_dynamic_task_mapping_with_no_taskflow_operators to None, run_after=None
[2026-05-18T06:33:39.711+0000] {processor.py:208} INFO - Processing /home/noelsdavid/airflow_venv/lib/python3.12/site-packages/airflow/example_dags/example_dynamic_task_mapping_with_no_taskflow_operators.py took 0.097 seconds
[2026-05-18T06:34:44.816+0000] {processor.py:186} INFO - Started process (PID=10240) to work on /home/noelsdavid/airflow_venv/lib/python3.12/site-packages/airflow/example_dags/example_dynamic_task_mapping_with_no_taskflow_operators.py
[2026-05-18T06:34:44.818+0000] {processor.py:914} INFO - Processing file /home/noelsdavid/airflow_venv/lib/python3.12/site-packages/airflow/example_dags/example_dynamic_task_mapping_with_no_taskflow_operators.py for tasks to queue
[2026-05-18T06:34:44.820+0000] {logging_mixin.py:190} INFO - [2026-05-18T06:34:44.819+0000] {dagbag.py:588} INFO - Filling up the DagBag from /home/noelsdavid/airflow_venv/lib/python3.12/site-packages/airflow/example_dags/example_dynamic_task_mapping_with_no_taskflow_operators.py
[2026-05-18T06:34:44.833+0000] {processor.py:925} INFO - DAG(s) 'example_dynamic_task_mapping_with_no_taskflow_operators' retrieved from /home/noelsdavid/airflow_venv/lib/python3.12/site-packages/airflow/example_dags/example_dynamic_task_mapping_with_no_taskflow_operators.py
[2026-05-18T06:34:44.856+0000] {logging_mixin.py:190} INFO - [2026-05-18T06:34:44.855+0000] {dag.py:3239} INFO - Sync 1 DAGs
[2026-05-18T06:34:44.873+0000] {logging_mixin.py:190} INFO - [2026-05-18T06:34:44.872+0000] {dag.py:4180} INFO - Setting next_dagrun for example_dynamic_task_mapping_with_no_taskflow_operators to None, run_after=None
[2026-05-18T06:34:44.907+0000] {processor.py:208} INFO - Processing /home/noelsdavid/airflow_venv/lib/python3.12/site-packages/airflow/example_dags/example_dynamic_task_mapping_with_no_taskflow_operators.py took 0.100 seconds
[2026-05-18T06:35:49.682+0000] {processor.py:186} INFO - Started process (PID=10419) to work on /home/noelsdavid/airflow_venv/lib/python3.12/site-packages/airflow/example_dags/example_dynamic_task_mapping_with_no_taskflow_operators.py
[2026-05-18T06:35:49.685+0000] {processor.py:914} INFO - Processing file /home/noelsdavid/airflow_venv/lib/python3.12/site-packages/airflow/example_dags/example_dynamic_task_mapping_with_no_taskflow_operators.py for tasks to queue
[2026-05-18T06:35:49.687+0000] {logging_mixin.py:190} INFO - [2026-05-18T06:35:49.686+0000] {dagbag.py:588} INFO - Filling up the DagBag from /home/noelsdavid/airflow_venv/lib/python3.12/site-packages/airflow/example_dags/example_dynamic_task_mapping_with_no_taskflow_operators.py
[2026-05-18T06:35:49.701+0000] {processor.py:925} INFO - DAG(s) 'example_dynamic_task_mapping_with_no_taskflow_operators' retrieved from /home/noelsdavid/airflow_venv/lib/python3.12/site-packages/airflow/example_dags/example_dynamic_task_mapping_with_no_taskflow_operators.py
[2026-05-18T06:35:49.727+0000] {logging_mixin.py:190} INFO - [2026-05-18T06:35:49.727+0000] {dag.py:3239} INFO - Sync 1 DAGs
[2026-05-18T06:35:49.745+0000] {logging_mixin.py:190} INFO - [2026-05-18T06:35:49.745+0000] {dag.py:4180} INFO - Setting next_dagrun for example_dynamic_task_mapping_with_no_taskflow_operators to None, run_after=None
[2026-05-18T06:35:49.777+0000] {processor.py:208} INFO - Processing /home/noelsdavid/airflow_venv/lib/python3.12/site-packages/airflow/example_dags/example_dynamic_task_mapping_with_no_taskflow_operators.py took 0.103 seconds
[2026-05-18T06:36:52.112+0000] {processor.py:186} INFO - Started process (PID=10629) to work on /home/noelsdavid/airflow_venv/lib/python3.12/site-packages/airflow/example_dags/example_dynamic_task_mapping_with_no_taskflow_operators.py
[2026-05-18T06:36:52.115+0000] {processor.py:914} INFO - Processing file /home/noelsdavid/airflow_venv/lib/python3.12/site-packages/airflow/example_dags/example_dynamic_task_mapping_with_no_taskflow_operators.py for tasks to queue
[2026-05-18T06:36:52.117+0000] {logging_mixin.py:190} INFO - [2026-05-18T06:36:52.116+0000] {dagbag.py:588} INFO - Filling up the DagBag from /home/noelsdavid/airflow_venv/lib/python3.12/site-packages/airflow/example_dags/example_dynamic_task_mapping_with_no_taskflow_operators.py
[2026-05-18T06:36:52.130+0000] {processor.py:925} INFO - DAG(s) 'example_dynamic_task_mapping_with_no_taskflow_operators' retrieved from /home/noelsdavid/airflow_venv/lib/python3.12/site-packages/airflow/example_dags/example_dynamic_task_mapping_with_no_taskflow_operators.py
[2026-05-18T06:36:52.152+0000] {logging_mixin.py:190} INFO - [2026-05-18T06:36:52.152+0000] {dag.py:3239} INFO - Sync 1 DAGs
[2026-05-18T06:36:52.170+0000] {logging_mixin.py:190} INFO - [2026-05-18T06:36:52.170+0000] {dag.py:4180} INFO - Setting next_dagrun for example_dynamic_task_mapping_with_no_taskflow_operators to None, run_after=None
[2026-05-18T06:36:52.201+0000] {processor.py:208} INFO - Processing /home/noelsdavid/airflow_venv/lib/python3.12/site-packages/airflow/example_dags/example_dynamic_task_mapping_with_no_taskflow_operators.py took 0.097 seconds
[2026-05-18T06:37:57.158+0000] {processor.py:186} INFO - Started process (PID=10951) to work on /home/noelsdavid/airflow_venv/lib/python3.12/site-packages/airflow/example_dags/example_dynamic_task_mapping_with_no_taskflow_operators.py
[2026-05-18T06:37:57.160+0000] {processor.py:914} INFO - Processing file /home/noelsdavid/airflow_venv/lib/python3.12/site-packages/airflow/example_dags/example_dynamic_task_mapping_with_no_taskflow_operators.py for tasks to queue
[2026-05-18T06:37:57.162+0000] {logging_mixin.py:190} INFO - [2026-05-18T06:37:57.161+0000] {dagbag.py:588} INFO - Filling up the DagBag from /home/noelsdavid/airflow_venv/lib/python3.12/site-packages/airflow/example_dags/example_dynamic_task_mapping_with_no_taskflow_operators.py
[2026-05-18T06:37:57.174+0000] {processor.py:925} INFO - DAG(s) 'example_dynamic_task_mapping_with_no_taskflow_operators' retrieved from /home/noelsdavid/airflow_venv/lib/python3.12/site-packages/airflow/example_dags/example_dynamic_task_mapping_with_no_taskflow_operators.py
[2026-05-18T06:37:57.195+0000] {logging_mixin.py:190} INFO - [2026-05-18T06:37:57.194+0000] {dag.py:3239} INFO - Sync 1 DAGs
[2026-05-18T06:37:57.211+0000] {logging_mixin.py:190} INFO - [2026-05-18T06:37:57.211+0000] {dag.py:4180} INFO - Setting next_dagrun for example_dynamic_task_mapping_with_no_taskflow_operators to None, run_after=None
[2026-05-18T06:37:57.240+0000] {processor.py:208} INFO - Processing /home/noelsdavid/airflow_venv/lib/python3.12/site-packages/airflow/example_dags/example_dynamic_task_mapping_with_no_taskflow_operators.py took 0.090 seconds
[2026-05-18T06:39:00.083+0000] {processor.py:186} INFO - Started process (PID=11202) to work on /home/noelsdavid/airflow_venv/lib/python3.12/site-packages/airflow/example_dags/example_dynamic_task_mapping_with_no_taskflow_operators.py
[2026-05-18T06:39:00.086+0000] {processor.py:914} INFO - Processing file /home/noelsdavid/airflow_venv/lib/python3.12/site-packages/airflow/example_dags/example_dynamic_task_mapping_with_no_taskflow_operators.py for tasks to queue
[2026-05-18T06:39:00.088+0000] {logging_mixin.py:190} INFO - [2026-05-18T06:39:00.088+0000] {dagbag.py:588} INFO - Filling up the DagBag from /home/noelsdavid/airflow_venv/lib/python3.12/site-packages/airflow/example_dags/example_dynamic_task_mapping_with_no_taskflow_operators.py
[2026-05-18T06:39:00.101+0000] {processor.py:925} INFO - DAG(s) 'example_dynamic_task_mapping_with_no_taskflow_operators' retrieved from /home/noelsdavid/airflow_venv/lib/python3.12/site-packages/airflow/example_dags/example_dynamic_task_mapping_with_no_taskflow_operators.py
[2026-05-18T06:39:00.124+0000] {logging_mixin.py:190} INFO - [2026-05-18T06:39:00.123+0000] {dag.py:3239} INFO - Sync 1 DAGs
[2026-05-18T06:39:00.142+0000] {logging_mixin.py:190} INFO - [2026-05-18T06:39:00.142+0000] {dag.py:4180} INFO - Setting next_dagrun for example_dynamic_task_mapping_with_no_taskflow_operators to None, run_after=None
[2026-05-18T06:39:00.177+0000] {processor.py:208} INFO - Processing /home/noelsdavid/airflow_venv/lib/python3.12/site-packages/airflow/example_dags/example_dynamic_task_mapping_with_no_taskflow_operators.py took 0.102 seconds
[2026-05-18T06:40:07.740+0000] {processor.py:186} INFO - Started process (PID=11428) to work on /home/noelsdavid/airflow_venv/lib/python3.12/site-packages/airflow/example_dags/example_dynamic_task_mapping_with_no_taskflow_operators.py
[2026-05-18T06:40:07.743+0000] {processor.py:914} INFO - Processing file /home/noelsdavid/airflow_venv/lib/python3.12/site-packages/airflow/example_dags/example_dynamic_task_mapping_with_no_taskflow_operators.py for tasks to queue
[2026-05-18T06:40:07.745+0000] {logging_mixin.py:190} INFO - [2026-05-18T06:40:07.744+0000] {dagbag.py:588} INFO - Filling up the DagBag from /home/noelsdavid/airflow_venv/lib/python3.12/site-packages/airflow/example_dags/example_dynamic_task_mapping_with_no_taskflow_operators.py
[2026-05-18T06:40:07.757+0000] {processor.py:925} INFO - DAG(s) 'example_dynamic_task_mapping_with_no_taskflow_operators' retrieved from /home/noelsdavid/airflow_venv/lib/python3.12/site-packages/airflow/example_dags/example_dynamic_task_mapping_with_no_taskflow_operators.py
[2026-05-18T06:40:07.779+0000] {logging_mixin.py:190} INFO - [2026-05-18T06:40:07.778+0000] {dag.py:3239} INFO - Sync 1 DAGs
[2026-05-18T06:40:07.796+0000] {logging_mixin.py:190} INFO - [2026-05-18T06:40:07.796+0000] {dag.py:4180} INFO - Setting next_dagrun for example_dynamic_task_mapping_with_no_taskflow_operators to None, run_after=None
[2026-05-18T06:40:07.832+0000] {processor.py:208} INFO - Processing /home/noelsdavid/airflow_venv/lib/python3.12/site-packages/airflow/example_dags/example_dynamic_task_mapping_with_no_taskflow_operators.py took 0.100 seconds
[2026-05-18T06:41:21.648+0000] {processor.py:186} INFO - Started process (PID=12104) to work on /home/noelsdavid/airflow_venv/lib/python3.12/site-packages/airflow/example_dags/example_dynamic_task_mapping_with_no_taskflow_operators.py
[2026-05-18T06:41:21.651+0000] {processor.py:914} INFO - Processing file /home/noelsdavid/airflow_venv/lib/python3.12/site-packages/airflow/example_dags/example_dynamic_task_mapping_with_no_taskflow_operators.py for tasks to queue
[2026-05-18T06:41:21.654+0000] {logging_mixin.py:190} INFO - [2026-05-18T06:41:21.653+0000] {dagbag.py:588} INFO - Filling up the DagBag from /home/noelsdavid/airflow_venv/lib/python3.12/site-packages/airflow/example_dags/example_dynamic_task_mapping_with_no_taskflow_operators.py
[2026-05-18T06:41:21.672+0000] {processor.py:925} INFO - DAG(s) 'example_dynamic_task_mapping_with_no_taskflow_operators' retrieved from /home/noelsdavid/airflow_venv/lib/python3.12/site-packages/airflow/example_dags/example_dynamic_task_mapping_with_no_taskflow_operators.py
[2026-05-18T06:41:21.707+0000] {logging_mixin.py:190} INFO - [2026-05-18T06:41:21.707+0000] {dag.py:3239} INFO - Sync 1 DAGs
[2026-05-18T06:41:21.746+0000] {logging_mixin.py:190} INFO - [2026-05-18T06:41:21.746+0000] {dag.py:4180} INFO - Setting next_dagrun for example_dynamic_task_mapping_with_no_taskflow_operators to None, run_after=None
[2026-05-18T06:41:21.804+0000] {processor.py:208} INFO - Processing /home/noelsdavid/airflow_venv/lib/python3.12/site-packages/airflow/example_dags/example_dynamic_task_mapping_with_no_taskflow_operators.py took 0.169 seconds
[2026-05-18T06:42:33.386+0000] {processor.py:186} INFO - Started process (PID=12469) to work on /home/noelsdavid/airflow_venv/lib/python3.12/site-packages/airflow/example_dags/example_dynamic_task_mapping_with_no_taskflow_operators.py
[2026-05-18T06:42:33.389+0000] {processor.py:914} INFO - Processing file /home/noelsdavid/airflow_venv/lib/python3.12/site-packages/airflow/example_dags/example_dynamic_task_mapping_with_no_taskflow_operators.py for tasks to queue
[2026-05-18T06:42:33.391+0000] {logging_mixin.py:190} INFO - [2026-05-18T06:42:33.390+0000] {dagbag.py:588} INFO - Filling up the DagBag from /home/noelsdavid/airflow_venv/lib/python3.12/site-packages/airflow/example_dags/example_dynamic_task_mapping_with_no_taskflow_operators.py
[2026-05-18T06:42:33.403+0000] {processor.py:925} INFO - DAG(s) 'example_dynamic_task_mapping_with_no_taskflow_operators' retrieved from /home/noelsdavid/airflow_venv/lib/python3.12/site-packages/airflow/example_dags/example_dynamic_task_mapping_with_no_taskflow_operators.py
[2026-05-18T06:42:33.426+0000] {logging_mixin.py:190} INFO - [2026-05-18T06:42:33.426+0000] {dag.py:3239} INFO - Sync 1 DAGs
[2026-05-18T06:42:33.444+0000] {logging_mixin.py:190} INFO - [2026-05-18T06:42:33.444+0000] {dag.py:4180} INFO - Setting next_dagrun for example_dynamic_task_mapping_with_no_taskflow_operators to None, run_after=None
[2026-05-18T06:42:33.477+0000] {processor.py:208} INFO - Processing /home/noelsdavid/airflow_venv/lib/python3.12/site-packages/airflow/example_dags/example_dynamic_task_mapping_with_no_taskflow_operators.py took 0.100 seconds
[2026-05-18T06:44:06.728+0000] {processor.py:186} INFO - Started process (PID=13016) to work on /home/noelsdavid/airflow_venv/lib/python3.12/site-packages/airflow/example_dags/example_dynamic_task_mapping_with_no_taskflow_operators.py
[2026-05-18T06:44:06.731+0000] {processor.py:914} INFO - Processing file /home/noelsdavid/airflow_venv/lib/python3.12/site-packages/airflow/example_dags/example_dynamic_task_mapping_with_no_taskflow_operators.py for tasks to queue
[2026-05-18T06:44:06.733+0000] {logging_mixin.py:190} INFO - [2026-05-18T06:44:06.732+0000] {dagbag.py:588} INFO - Filling up the DagBag from /home/noelsdavid/airflow_venv/lib/python3.12/site-packages/airflow/example_dags/example_dynamic_task_mapping_with_no_taskflow_operators.py
[2026-05-18T06:44:06.746+0000] {processor.py:925} INFO - DAG(s) 'example_dynamic_task_mapping_with_no_taskflow_operators' retrieved from /home/noelsdavid/airflow_venv/lib/python3.12/site-packages/airflow/example_dags/example_dynamic_task_mapping_with_no_taskflow_operators.py
[2026-05-18T06:44:06.768+0000] {logging_mixin.py:190} INFO - [2026-05-18T06:44:06.768+0000] {dag.py:3239} INFO - Sync 1 DAGs
[2026-05-18T06:44:06.785+0000] {logging_mixin.py:190} INFO - [2026-05-18T06:44:06.785+0000] {dag.py:4180} INFO - Setting next_dagrun for example_dynamic_task_mapping_with_no_taskflow_operators to None, run_after=None
[2026-05-18T06:44:06.815+0000] {processor.py:208} INFO - Processing /home/noelsdavid/airflow_venv/lib/python3.12/site-packages/airflow/example_dags/example_dynamic_task_mapping_with_no_taskflow_operators.py took 0.097 seconds
[2026-05-18T06:45:23.452+0000] {processor.py:186} INFO - Started process (PID=13124) to work on /home/noelsdavid/airflow_venv/lib/python3.12/site-packages/airflow/example_dags/example_dynamic_task_mapping_with_no_taskflow_operators.py
[2026-05-18T06:45:23.467+0000] {processor.py:914} INFO - Processing file /home/noelsdavid/airflow_venv/lib/python3.12/site-packages/airflow/example_dags/example_dynamic_task_mapping_with_no_taskflow_operators.py for tasks to queue
[2026-05-18T06:45:23.469+0000] {logging_mixin.py:190} INFO - [2026-05-18T06:45:23.468+0000] {dagbag.py:588} INFO - Filling up the DagBag from /home/noelsdavid/airflow_venv/lib/python3.12/site-packages/airflow/example_dags/example_dynamic_task_mapping_with_no_taskflow_operators.py
[2026-05-18T06:45:23.481+0000] {processor.py:925} INFO - DAG(s) 'example_dynamic_task_mapping_with_no_taskflow_operators' retrieved from /home/noelsdavid/airflow_venv/lib/python3.12/site-packages/airflow/example_dags/example_dynamic_task_mapping_with_no_taskflow_operators.py
[2026-05-18T06:45:23.503+0000] {logging_mixin.py:190} INFO - [2026-05-18T06:45:23.503+0000] {dag.py:3239} INFO - Sync 1 DAGs
[2026-05-18T06:45:23.521+0000] {logging_mixin.py:190} INFO - [2026-05-18T06:45:23.520+0000] {dag.py:4180} INFO - Setting next_dagrun for example_dynamic_task_mapping_with_no_taskflow_operators to None, run_after=None
[2026-05-18T06:45:23.550+0000] {processor.py:208} INFO - Processing /home/noelsdavid/airflow_venv/lib/python3.12/site-packages/airflow/example_dags/example_dynamic_task_mapping_with_no_taskflow_operators.py took 0.108 seconds
[2026-05-18T06:46:35.178+0000] {processor.py:186} INFO - Started process (PID=13202) to work on /home/noelsdavid/airflow_venv/lib/python3.12/site-packages/airflow/example_dags/example_dynamic_task_mapping_with_no_taskflow_operators.py
[2026-05-18T06:46:35.213+0000] {processor.py:914} INFO - Processing file /home/noelsdavid/airflow_venv/lib/python3.12/site-packages/airflow/example_dags/example_dynamic_task_mapping_with_no_taskflow_operators.py for tasks to queue
[2026-05-18T06:46:35.215+0000] {logging_mixin.py:190} INFO - [2026-05-18T06:46:35.214+0000] {dagbag.py:588} INFO - Filling up the DagBag from /home/noelsdavid/airflow_venv/lib/python3.12/site-packages/airflow/example_dags/example_dynamic_task_mapping_with_no_taskflow_operators.py
[2026-05-18T06:46:35.227+0000] {processor.py:925} INFO - DAG(s) 'example_dynamic_task_mapping_with_no_taskflow_operators' retrieved from /home/noelsdavid/airflow_venv/lib/python3.12/site-packages/airflow/example_dags/example_dynamic_task_mapping_with_no_taskflow_operators.py
[2026-05-18T06:46:35.249+0000] {logging_mixin.py:190} INFO - [2026-05-18T06:46:35.249+0000] {dag.py:3239} INFO - Sync 1 DAGs
[2026-05-18T06:46:35.266+0000] {logging_mixin.py:190} INFO - [2026-05-18T06:46:35.266+0000] {dag.py:4180} INFO - Setting next_dagrun for example_dynamic_task_mapping_with_no_taskflow_operators to None, run_after=None
[2026-05-18T06:46:35.297+0000] {processor.py:208} INFO - Processing /home/noelsdavid/airflow_venv/lib/python3.12/site-packages/airflow/example_dags/example_dynamic_task_mapping_with_no_taskflow_operators.py took 0.128 seconds
[2026-05-18T06:47:41.723+0000] {processor.py:186} INFO - Started process (PID=13278) to work on /home/noelsdavid/airflow_venv/lib/python3.12/site-packages/airflow/example_dags/example_dynamic_task_mapping_with_no_taskflow_operators.py
[2026-05-18T06:47:41.736+0000] {processor.py:914} INFO - Processing file /home/noelsdavid/airflow_venv/lib/python3.12/site-packages/airflow/example_dags/example_dynamic_task_mapping_with_no_taskflow_operators.py for tasks to queue
[2026-05-18T06:47:41.739+0000] {logging_mixin.py:190} INFO - [2026-05-18T06:47:41.738+0000] {dagbag.py:588} INFO - Filling up the DagBag from /home/noelsdavid/airflow_venv/lib/python3.12/site-packages/airflow/example_dags/example_dynamic_task_mapping_with_no_taskflow_operators.py
[2026-05-18T06:47:41.758+0000] {processor.py:925} INFO - DAG(s) 'example_dynamic_task_mapping_with_no_taskflow_operators' retrieved from /home/noelsdavid/airflow_venv/lib/python3.12/site-packages/airflow/example_dags/example_dynamic_task_mapping_with_no_taskflow_operators.py
[2026-05-18T06:47:41.781+0000] {logging_mixin.py:190} INFO - [2026-05-18T06:47:41.781+0000] {dag.py:3239} INFO - Sync 1 DAGs
[2026-05-18T06:47:41.799+0000] {logging_mixin.py:190} INFO - [2026-05-18T06:47:41.799+0000] {dag.py:4180} INFO - Setting next_dagrun for example_dynamic_task_mapping_with_no_taskflow_operators to None, run_after=None
[2026-05-18T06:47:41.832+0000] {processor.py:208} INFO - Processing /home/noelsdavid/airflow_venv/lib/python3.12/site-packages/airflow/example_dags/example_dynamic_task_mapping_with_no_taskflow_operators.py took 0.124 seconds
[2026-05-18T06:48:47.248+0000] {processor.py:186} INFO - Started process (PID=13350) to work on /home/noelsdavid/airflow_venv/lib/python3.12/site-packages/airflow/example_dags/example_dynamic_task_mapping_with_no_taskflow_operators.py
[2026-05-18T06:48:47.250+0000] {processor.py:914} INFO - Processing file /home/noelsdavid/airflow_venv/lib/python3.12/site-packages/airflow/example_dags/example_dynamic_task_mapping_with_no_taskflow_operators.py for tasks to queue
[2026-05-18T06:48:47.252+0000] {logging_mixin.py:190} INFO - [2026-05-18T06:48:47.252+0000] {dagbag.py:588} INFO - Filling up the DagBag from /home/noelsdavid/airflow_venv/lib/python3.12/site-packages/airflow/example_dags/example_dynamic_task_mapping_with_no_taskflow_operators.py
[2026-05-18T06:48:47.265+0000] {processor.py:925} INFO - DAG(s) 'example_dynamic_task_mapping_with_no_taskflow_operators' retrieved from /home/noelsdavid/airflow_venv/lib/python3.12/site-packages/airflow/example_dags/example_dynamic_task_mapping_with_no_taskflow_operators.py
[2026-05-18T06:48:47.286+0000] {logging_mixin.py:190} INFO - [2026-05-18T06:48:47.285+0000] {dag.py:3239} INFO - Sync 1 DAGs
[2026-05-18T06:48:47.303+0000] {logging_mixin.py:190} INFO - [2026-05-18T06:48:47.303+0000] {dag.py:4180} INFO - Setting next_dagrun for example_dynamic_task_mapping_with_no_taskflow_operators to None, run_after=None
[2026-05-18T06:48:47.335+0000] {processor.py:208} INFO - Processing /home/noelsdavid/airflow_venv/lib/python3.12/site-packages/airflow/example_dags/example_dynamic_task_mapping_with_no_taskflow_operators.py took 0.097 seconds
[2026-05-18T06:49:52.723+0000] {processor.py:186} INFO - Started process (PID=13449) to work on /home/noelsdavid/airflow_venv/lib/python3.12/site-packages/airflow/example_dags/example_dynamic_task_mapping_with_no_taskflow_operators.py
[2026-05-18T06:49:52.726+0000] {processor.py:914} INFO - Processing file /home/noelsdavid/airflow_venv/lib/python3.12/site-packages/airflow/example_dags/example_dynamic_task_mapping_with_no_taskflow_operators.py for tasks to queue
[2026-05-18T06:49:52.728+0000] {logging_mixin.py:190} INFO - [2026-05-18T06:49:52.727+0000] {dagbag.py:588} INFO - Filling up the DagBag from /home/noelsdavid/airflow_venv/lib/python3.12/site-packages/airflow/example_dags/example_dynamic_task_mapping_with_no_taskflow_operators.py
[2026-05-18T06:49:52.740+0000] {processor.py:925} INFO - DAG(s) 'example_dynamic_task_mapping_with_no_taskflow_operators' retrieved from /home/noelsdavid/airflow_venv/lib/python3.12/site-packages/airflow/example_dags/example_dynamic_task_mapping_with_no_taskflow_operators.py
[2026-05-18T06:49:52.761+0000] {logging_mixin.py:190} INFO - [2026-05-18T06:49:52.760+0000] {dag.py:3239} INFO - Sync 1 DAGs
[2026-05-18T06:49:52.779+0000] {logging_mixin.py:190} INFO - [2026-05-18T06:49:52.778+0000] {dag.py:4180} INFO - Setting next_dagrun for example_dynamic_task_mapping_with_no_taskflow_operators to None, run_after=None
[2026-05-18T06:49:52.810+0000] {processor.py:208} INFO - Processing /home/noelsdavid/airflow_venv/lib/python3.12/site-packages/airflow/example_dags/example_dynamic_task_mapping_with_no_taskflow_operators.py took 0.096 seconds
[2026-05-18T06:51:01.525+0000] {processor.py:186} INFO - Started process (PID=14068) to work on /home/noelsdavid/airflow_venv/lib/python3.12/site-packages/airflow/example_dags/example_dynamic_task_mapping_with_no_taskflow_operators.py
[2026-05-18T06:51:01.528+0000] {processor.py:914} INFO - Processing file /home/noelsdavid/airflow_venv/lib/python3.12/site-packages/airflow/example_dags/example_dynamic_task_mapping_with_no_taskflow_operators.py for tasks to queue
[2026-05-18T06:51:01.530+0000] {logging_mixin.py:190} INFO - [2026-05-18T06:51:01.529+0000] {dagbag.py:588} INFO - Filling up the DagBag from /home/noelsdavid/airflow_venv/lib/python3.12/site-packages/airflow/example_dags/example_dynamic_task_mapping_with_no_taskflow_operators.py
[2026-05-18T06:51:01.543+0000] {processor.py:925} INFO - DAG(s) 'example_dynamic_task_mapping_with_no_taskflow_operators' retrieved from /home/noelsdavid/airflow_venv/lib/python3.12/site-packages/airflow/example_dags/example_dynamic_task_mapping_with_no_taskflow_operators.py
[2026-05-18T06:51:01.567+0000] {logging_mixin.py:190} INFO - [2026-05-18T06:51:01.566+0000] {dag.py:3239} INFO - Sync 1 DAGs
[2026-05-18T06:51:01.586+0000] {logging_mixin.py:190} INFO - [2026-05-18T06:51:01.586+0000] {dag.py:4180} INFO - Setting next_dagrun for example_dynamic_task_mapping_with_no_taskflow_operators to None, run_after=None
[2026-05-18T06:51:01.619+0000] {processor.py:208} INFO - Processing /home/noelsdavid/airflow_venv/lib/python3.12/site-packages/airflow/example_dags/example_dynamic_task_mapping_with_no_taskflow_operators.py took 0.105 seconds
[2026-05-18T06:52:15.431+0000] {processor.py:186} INFO - Started process (PID=14388) to work on /home/noelsdavid/airflow_venv/lib/python3.12/site-packages/airflow/example_dags/example_dynamic_task_mapping_with_no_taskflow_operators.py
[2026-05-18T06:52:15.434+0000] {processor.py:914} INFO - Processing file /home/noelsdavid/airflow_venv/lib/python3.12/site-packages/airflow/example_dags/example_dynamic_task_mapping_with_no_taskflow_operators.py for tasks to queue
[2026-05-18T06:52:15.436+0000] {logging_mixin.py:190} INFO - [2026-05-18T06:52:15.436+0000] {dagbag.py:588} INFO - Filling up the DagBag from /home/noelsdavid/airflow_venv/lib/python3.12/site-packages/airflow/example_dags/example_dynamic_task_mapping_with_no_taskflow_operators.py
[2026-05-18T06:52:15.449+0000] {processor.py:925} INFO - DAG(s) 'example_dynamic_task_mapping_with_no_taskflow_operators' retrieved from /home/noelsdavid/airflow_venv/lib/python3.12/site-packages/airflow/example_dags/example_dynamic_task_mapping_with_no_taskflow_operators.py
[2026-05-18T06:52:15.473+0000] {logging_mixin.py:190} INFO - [2026-05-18T06:52:15.472+0000] {dag.py:3239} INFO - Sync 1 DAGs
[2026-05-18T06:52:15.492+0000] {logging_mixin.py:190} INFO - [2026-05-18T06:52:15.492+0000] {dag.py:4180} INFO - Setting next_dagrun for example_dynamic_task_mapping_with_no_taskflow_operators to None, run_after=None
[2026-05-18T06:52:15.527+0000] {processor.py:208} INFO - Processing /home/noelsdavid/airflow_venv/lib/python3.12/site-packages/airflow/example_dags/example_dynamic_task_mapping_with_no_taskflow_operators.py took 0.106 seconds
[2026-05-18T06:53:24.961+0000] {processor.py:186} INFO - Started process (PID=14667) to work on /home/noelsdavid/airflow_venv/lib/python3.12/site-packages/airflow/example_dags/example_dynamic_task_mapping_with_no_taskflow_operators.py
[2026-05-18T06:53:24.975+0000] {processor.py:914} INFO - Processing file /home/noelsdavid/airflow_venv/lib/python3.12/site-packages/airflow/example_dags/example_dynamic_task_mapping_with_no_taskflow_operators.py for tasks to queue
[2026-05-18T06:53:24.977+0000] {logging_mixin.py:190} INFO - [2026-05-18T06:53:24.976+0000] {dagbag.py:588} INFO - Filling up the DagBag from /home/noelsdavid/airflow_venv/lib/python3.12/site-packages/airflow/example_dags/example_dynamic_task_mapping_with_no_taskflow_operators.py
[2026-05-18T06:53:24.989+0000] {processor.py:925} INFO - DAG(s) 'example_dynamic_task_mapping_with_no_taskflow_operators' retrieved from /home/noelsdavid/airflow_venv/lib/python3.12/site-packages/airflow/example_dags/example_dynamic_task_mapping_with_no_taskflow_operators.py
[2026-05-18T06:53:25.010+0000] {logging_mixin.py:190} INFO - [2026-05-18T06:53:25.010+0000] {dag.py:3239} INFO - Sync 1 DAGs
[2026-05-18T06:53:25.028+0000] {logging_mixin.py:190} INFO - [2026-05-18T06:53:25.028+0000] {dag.py:4180} INFO - Setting next_dagrun for example_dynamic_task_mapping_with_no_taskflow_operators to None, run_after=None
[2026-05-18T06:53:25.059+0000] {processor.py:208} INFO - Processing /home/noelsdavid/airflow_venv/lib/python3.12/site-packages/airflow/example_dags/example_dynamic_task_mapping_with_no_taskflow_operators.py took 0.107 seconds
[2026-05-18T06:54:38.686+0000] {processor.py:186} INFO - Started process (PID=14987) to work on /home/noelsdavid/airflow_venv/lib/python3.12/site-packages/airflow/example_dags/example_dynamic_task_mapping_with_no_taskflow_operators.py
[2026-05-18T06:54:38.689+0000] {processor.py:914} INFO - Processing file /home/noelsdavid/airflow_venv/lib/python3.12/site-packages/airflow/example_dags/example_dynamic_task_mapping_with_no_taskflow_operators.py for tasks to queue
[2026-05-18T06:54:38.691+0000] {logging_mixin.py:190} INFO - [2026-05-18T06:54:38.690+0000] {dagbag.py:588} INFO - Filling up the DagBag from /home/noelsdavid/airflow_venv/lib/python3.12/site-packages/airflow/example_dags/example_dynamic_task_mapping_with_no_taskflow_operators.py
[2026-05-18T06:54:38.705+0000] {processor.py:925} INFO - DAG(s) 'example_dynamic_task_mapping_with_no_taskflow_operators' retrieved from /home/noelsdavid/airflow_venv/lib/python3.12/site-packages/airflow/example_dags/example_dynamic_task_mapping_with_no_taskflow_operators.py
[2026-05-18T06:54:38.728+0000] {logging_mixin.py:190} INFO - [2026-05-18T06:54:38.728+0000] {dag.py:3239} INFO - Sync 1 DAGs
[2026-05-18T06:54:38.746+0000] {logging_mixin.py:190} INFO - [2026-05-18T06:54:38.745+0000] {dag.py:4180} INFO - Setting next_dagrun for example_dynamic_task_mapping_with_no_taskflow_operators to None, run_after=None
[2026-05-18T06:54:38.781+0000] {processor.py:208} INFO - Processing /home/noelsdavid/airflow_venv/lib/python3.12/site-packages/airflow/example_dags/example_dynamic_task_mapping_with_no_taskflow_operators.py took 0.104 seconds
[2026-05-18T06:55:53.930+0000] {processor.py:186} INFO - Started process (PID=15254) to work on /home/noelsdavid/airflow_venv/lib/python3.12/site-packages/airflow/example_dags/example_dynamic_task_mapping_with_no_taskflow_operators.py
[2026-05-18T06:55:53.953+0000] {processor.py:914} INFO - Processing file /home/noelsdavid/airflow_venv/lib/python3.12/site-packages/airflow/example_dags/example_dynamic_task_mapping_with_no_taskflow_operators.py for tasks to queue
[2026-05-18T06:55:53.955+0000] {logging_mixin.py:190} INFO - [2026-05-18T06:55:53.955+0000] {dagbag.py:588} INFO - Filling up the DagBag from /home/noelsdavid/airflow_venv/lib/python3.12/site-packages/airflow/example_dags/example_dynamic_task_mapping_with_no_taskflow_operators.py
[2026-05-18T06:55:53.967+0000] {processor.py:925} INFO - DAG(s) 'example_dynamic_task_mapping_with_no_taskflow_operators' retrieved from /home/noelsdavid/airflow_venv/lib/python3.12/site-packages/airflow/example_dags/example_dynamic_task_mapping_with_no_taskflow_operators.py
[2026-05-18T06:55:53.990+0000] {logging_mixin.py:190} INFO - [2026-05-18T06:55:53.990+0000] {dag.py:3239} INFO - Sync 1 DAGs
[2026-05-18T06:55:54.012+0000] {logging_mixin.py:190} INFO - [2026-05-18T06:55:54.012+0000] {dag.py:4180} INFO - Setting next_dagrun for example_dynamic_task_mapping_with_no_taskflow_operators to None, run_after=None
[2026-05-18T06:55:54.053+0000] {processor.py:208} INFO - Processing /home/noelsdavid/airflow_venv/lib/python3.12/site-packages/airflow/example_dags/example_dynamic_task_mapping_with_no_taskflow_operators.py took 0.132 seconds
[2026-05-18T06:57:11.448+0000] {processor.py:186} INFO - Started process (PID=15443) to work on /home/noelsdavid/airflow_venv/lib/python3.12/site-packages/airflow/example_dags/example_dynamic_task_mapping_with_no_taskflow_operators.py
[2026-05-18T06:57:11.452+0000] {processor.py:914} INFO - Processing file /home/noelsdavid/airflow_venv/lib/python3.12/site-packages/airflow/example_dags/example_dynamic_task_mapping_with_no_taskflow_operators.py for tasks to queue
[2026-05-18T06:57:11.454+0000] {logging_mixin.py:190} INFO - [2026-05-18T06:57:11.453+0000] {dagbag.py:588} INFO - Filling up the DagBag from /home/noelsdavid/airflow_venv/lib/python3.12/site-packages/airflow/example_dags/example_dynamic_task_mapping_with_no_taskflow_operators.py
[2026-05-18T06:57:11.467+0000] {processor.py:925} INFO - DAG(s) 'example_dynamic_task_mapping_with_no_taskflow_operators' retrieved from /home/noelsdavid/airflow_venv/lib/python3.12/site-packages/airflow/example_dags/example_dynamic_task_mapping_with_no_taskflow_operators.py
[2026-05-18T06:57:11.488+0000] {logging_mixin.py:190} INFO - [2026-05-18T06:57:11.488+0000] {dag.py:3239} INFO - Sync 1 DAGs
[2026-05-18T06:57:11.507+0000] {logging_mixin.py:190} INFO - [2026-05-18T06:57:11.507+0000] {dag.py:4180} INFO - Setting next_dagrun for example_dynamic_task_mapping_with_no_taskflow_operators to None, run_after=None
[2026-05-18T06:57:11.548+0000] {processor.py:208} INFO - Processing /home/noelsdavid/airflow_venv/lib/python3.12/site-packages/airflow/example_dags/example_dynamic_task_mapping_with_no_taskflow_operators.py took 0.110 seconds
[2026-05-18T06:58:27.025+0000] {processor.py:186} INFO - Started process (PID=15736) to work on /home/noelsdavid/airflow_venv/lib/python3.12/site-packages/airflow/example_dags/example_dynamic_task_mapping_with_no_taskflow_operators.py
[2026-05-18T06:58:27.030+0000] {processor.py:914} INFO - Processing file /home/noelsdavid/airflow_venv/lib/python3.12/site-packages/airflow/example_dags/example_dynamic_task_mapping_with_no_taskflow_operators.py for tasks to queue
[2026-05-18T06:58:27.034+0000] {logging_mixin.py:190} INFO - [2026-05-18T06:58:27.032+0000] {dagbag.py:588} INFO - Filling up the DagBag from /home/noelsdavid/airflow_venv/lib/python3.12/site-packages/airflow/example_dags/example_dynamic_task_mapping_with_no_taskflow_operators.py
[2026-05-18T06:58:27.069+0000] {processor.py:925} INFO - DAG(s) 'example_dynamic_task_mapping_with_no_taskflow_operators' retrieved from /home/noelsdavid/airflow_venv/lib/python3.12/site-packages/airflow/example_dags/example_dynamic_task_mapping_with_no_taskflow_operators.py
[2026-05-18T06:58:27.127+0000] {logging_mixin.py:190} INFO - [2026-05-18T06:58:27.127+0000] {dag.py:3239} INFO - Sync 1 DAGs
[2026-05-18T06:58:27.173+0000] {logging_mixin.py:190} INFO - [2026-05-18T06:58:27.173+0000] {dag.py:4180} INFO - Setting next_dagrun for example_dynamic_task_mapping_with_no_taskflow_operators to None, run_after=None
[2026-05-18T06:58:27.223+0000] {processor.py:208} INFO - Processing /home/noelsdavid/airflow_venv/lib/python3.12/site-packages/airflow/example_dags/example_dynamic_task_mapping_with_no_taskflow_operators.py took 0.225 seconds
[2026-05-18T06:59:45.575+0000] {processor.py:186} INFO - Started process (PID=15873) to work on /home/noelsdavid/airflow_venv/lib/python3.12/site-packages/airflow/example_dags/example_dynamic_task_mapping_with_no_taskflow_operators.py
[2026-05-18T06:59:45.578+0000] {processor.py:914} INFO - Processing file /home/noelsdavid/airflow_venv/lib/python3.12/site-packages/airflow/example_dags/example_dynamic_task_mapping_with_no_taskflow_operators.py for tasks to queue
[2026-05-18T06:59:45.581+0000] {logging_mixin.py:190} INFO - [2026-05-18T06:59:45.580+0000] {dagbag.py:588} INFO - Filling up the DagBag from /home/noelsdavid/airflow_venv/lib/python3.12/site-packages/airflow/example_dags/example_dynamic_task_mapping_with_no_taskflow_operators.py
[2026-05-18T06:59:45.594+0000] {processor.py:925} INFO - DAG(s) 'example_dynamic_task_mapping_with_no_taskflow_operators' retrieved from /home/noelsdavid/airflow_venv/lib/python3.12/site-packages/airflow/example_dags/example_dynamic_task_mapping_with_no_taskflow_operators.py
[2026-05-18T06:59:45.616+0000] {logging_mixin.py:190} INFO - [2026-05-18T06:59:45.616+0000] {dag.py:3239} INFO - Sync 1 DAGs
[2026-05-18T06:59:45.636+0000] {logging_mixin.py:190} INFO - [2026-05-18T06:59:45.635+0000] {dag.py:4180} INFO - Setting next_dagrun for example_dynamic_task_mapping_with_no_taskflow_operators to None, run_after=None
[2026-05-18T06:59:45.669+0000] {processor.py:208} INFO - Processing /home/noelsdavid/airflow_venv/lib/python3.12/site-packages/airflow/example_dags/example_dynamic_task_mapping_with_no_taskflow_operators.py took 0.103 seconds
[2026-05-18T07:01:05.484+0000] {processor.py:186} INFO - Started process (PID=16386) to work on /home/noelsdavid/airflow_venv/lib/python3.12/site-packages/airflow/example_dags/example_dynamic_task_mapping_with_no_taskflow_operators.py
[2026-05-18T07:01:05.487+0000] {processor.py:914} INFO - Processing file /home/noelsdavid/airflow_venv/lib/python3.12/site-packages/airflow/example_dags/example_dynamic_task_mapping_with_no_taskflow_operators.py for tasks to queue
[2026-05-18T07:01:05.489+0000] {logging_mixin.py:190} INFO - [2026-05-18T07:01:05.488+0000] {dagbag.py:588} INFO - Filling up the DagBag from /home/noelsdavid/airflow_venv/lib/python3.12/site-packages/airflow/example_dags/example_dynamic_task_mapping_with_no_taskflow_operators.py
[2026-05-18T07:01:05.501+0000] {processor.py:925} INFO - DAG(s) 'example_dynamic_task_mapping_with_no_taskflow_operators' retrieved from /home/noelsdavid/airflow_venv/lib/python3.12/site-packages/airflow/example_dags/example_dynamic_task_mapping_with_no_taskflow_operators.py
[2026-05-18T07:01:05.523+0000] {logging_mixin.py:190} INFO - [2026-05-18T07:01:05.523+0000] {dag.py:3239} INFO - Sync 1 DAGs
[2026-05-18T07:01:05.544+0000] {logging_mixin.py:190} INFO - [2026-05-18T07:01:05.544+0000] {dag.py:4180} INFO - Setting next_dagrun for example_dynamic_task_mapping_with_no_taskflow_operators to None, run_after=None
[2026-05-18T07:01:05.577+0000] {processor.py:208} INFO - Processing /home/noelsdavid/airflow_venv/lib/python3.12/site-packages/airflow/example_dags/example_dynamic_task_mapping_with_no_taskflow_operators.py took 0.101 seconds
[2026-05-18T07:02:19.332+0000] {processor.py:186} INFO - Started process (PID=16465) to work on /home/noelsdavid/airflow_venv/lib/python3.12/site-packages/airflow/example_dags/example_dynamic_task_mapping_with_no_taskflow_operators.py
[2026-05-18T07:02:19.335+0000] {processor.py:914} INFO - Processing file /home/noelsdavid/airflow_venv/lib/python3.12/site-packages/airflow/example_dags/example_dynamic_task_mapping_with_no_taskflow_operators.py for tasks to queue
[2026-05-18T07:02:19.337+0000] {logging_mixin.py:190} INFO - [2026-05-18T07:02:19.336+0000] {dagbag.py:588} INFO - Filling up the DagBag from /home/noelsdavid/airflow_venv/lib/python3.12/site-packages/airflow/example_dags/example_dynamic_task_mapping_with_no_taskflow_operators.py
[2026-05-18T07:02:19.351+0000] {processor.py:925} INFO - DAG(s) 'example_dynamic_task_mapping_with_no_taskflow_operators' retrieved from /home/noelsdavid/airflow_venv/lib/python3.12/site-packages/airflow/example_dags/example_dynamic_task_mapping_with_no_taskflow_operators.py
[2026-05-18T07:02:19.372+0000] {logging_mixin.py:190} INFO - [2026-05-18T07:02:19.372+0000] {dag.py:3239} INFO - Sync 1 DAGs
[2026-05-18T07:02:19.393+0000] {logging_mixin.py:190} INFO - [2026-05-18T07:02:19.393+0000] {dag.py:4180} INFO - Setting next_dagrun for example_dynamic_task_mapping_with_no_taskflow_operators to None, run_after=None
[2026-05-18T07:02:19.440+0000] {processor.py:208} INFO - Processing /home/noelsdavid/airflow_venv/lib/python3.12/site-packages/airflow/example_dags/example_dynamic_task_mapping_with_no_taskflow_operators.py took 0.117 seconds
[2026-05-18T07:03:30.889+0000] {processor.py:186} INFO - Started process (PID=16543) to work on /home/noelsdavid/airflow_venv/lib/python3.12/site-packages/airflow/example_dags/example_dynamic_task_mapping_with_no_taskflow_operators.py
[2026-05-18T07:03:30.892+0000] {processor.py:914} INFO - Processing file /home/noelsdavid/airflow_venv/lib/python3.12/site-packages/airflow/example_dags/example_dynamic_task_mapping_with_no_taskflow_operators.py for tasks to queue
[2026-05-18T07:03:30.894+0000] {logging_mixin.py:190} INFO - [2026-05-18T07:03:30.893+0000] {dagbag.py:588} INFO - Filling up the DagBag from /home/noelsdavid/airflow_venv/lib/python3.12/site-packages/airflow/example_dags/example_dynamic_task_mapping_with_no_taskflow_operators.py
[2026-05-18T07:03:30.906+0000] {processor.py:925} INFO - DAG(s) 'example_dynamic_task_mapping_with_no_taskflow_operators' retrieved from /home/noelsdavid/airflow_venv/lib/python3.12/site-packages/airflow/example_dags/example_dynamic_task_mapping_with_no_taskflow_operators.py
[2026-05-18T07:03:30.927+0000] {logging_mixin.py:190} INFO - [2026-05-18T07:03:30.927+0000] {dag.py:3239} INFO - Sync 1 DAGs
[2026-05-18T07:03:31.097+0000] {logging_mixin.py:190} INFO - [2026-05-18T07:03:31.097+0000] {dag.py:4180} INFO - Setting next_dagrun for example_dynamic_task_mapping_with_no_taskflow_operators to None, run_after=None
[2026-05-18T07:03:31.125+0000] {processor.py:208} INFO - Processing /home/noelsdavid/airflow_venv/lib/python3.12/site-packages/airflow/example_dags/example_dynamic_task_mapping_with_no_taskflow_operators.py took 0.245 seconds
[2026-05-18T07:04:38.555+0000] {processor.py:186} INFO - Started process (PID=16620) to work on /home/noelsdavid/airflow_venv/lib/python3.12/site-packages/airflow/example_dags/example_dynamic_task_mapping_with_no_taskflow_operators.py
[2026-05-18T07:04:38.557+0000] {processor.py:914} INFO - Processing file /home/noelsdavid/airflow_venv/lib/python3.12/site-packages/airflow/example_dags/example_dynamic_task_mapping_with_no_taskflow_operators.py for tasks to queue
[2026-05-18T07:04:38.559+0000] {logging_mixin.py:190} INFO - [2026-05-18T07:04:38.558+0000] {dagbag.py:588} INFO - Filling up the DagBag from /home/noelsdavid/airflow_venv/lib/python3.12/site-packages/airflow/example_dags/example_dynamic_task_mapping_with_no_taskflow_operators.py
[2026-05-18T07:04:38.571+0000] {processor.py:925} INFO - DAG(s) 'example_dynamic_task_mapping_with_no_taskflow_operators' retrieved from /home/noelsdavid/airflow_venv/lib/python3.12/site-packages/airflow/example_dags/example_dynamic_task_mapping_with_no_taskflow_operators.py
[2026-05-18T07:04:38.593+0000] {logging_mixin.py:190} INFO - [2026-05-18T07:04:38.593+0000] {dag.py:3239} INFO - Sync 1 DAGs
[2026-05-18T07:04:38.613+0000] {logging_mixin.py:190} INFO - [2026-05-18T07:04:38.612+0000] {dag.py:4180} INFO - Setting next_dagrun for example_dynamic_task_mapping_with_no_taskflow_operators to None, run_after=None
[2026-05-18T07:04:38.806+0000] {processor.py:208} INFO - Processing /home/noelsdavid/airflow_venv/lib/python3.12/site-packages/airflow/example_dags/example_dynamic_task_mapping_with_no_taskflow_operators.py took 0.261 seconds
[2026-05-18T07:05:52.696+0000] {processor.py:186} INFO - Started process (PID=16723) to work on /home/noelsdavid/airflow_venv/lib/python3.12/site-packages/airflow/example_dags/example_dynamic_task_mapping_with_no_taskflow_operators.py
[2026-05-18T07:05:52.699+0000] {processor.py:914} INFO - Processing file /home/noelsdavid/airflow_venv/lib/python3.12/site-packages/airflow/example_dags/example_dynamic_task_mapping_with_no_taskflow_operators.py for tasks to queue
[2026-05-18T07:05:52.701+0000] {logging_mixin.py:190} INFO - [2026-05-18T07:05:52.700+0000] {dagbag.py:588} INFO - Filling up the DagBag from /home/noelsdavid/airflow_venv/lib/python3.12/site-packages/airflow/example_dags/example_dynamic_task_mapping_with_no_taskflow_operators.py
[2026-05-18T07:05:52.714+0000] {processor.py:925} INFO - DAG(s) 'example_dynamic_task_mapping_with_no_taskflow_operators' retrieved from /home/noelsdavid/airflow_venv/lib/python3.12/site-packages/airflow/example_dags/example_dynamic_task_mapping_with_no_taskflow_operators.py
[2026-05-18T07:05:52.735+0000] {logging_mixin.py:190} INFO - [2026-05-18T07:05:52.735+0000] {dag.py:3239} INFO - Sync 1 DAGs
[2026-05-18T07:05:52.754+0000] {logging_mixin.py:190} INFO - [2026-05-18T07:05:52.753+0000] {dag.py:4180} INFO - Setting next_dagrun for example_dynamic_task_mapping_with_no_taskflow_operators to None, run_after=None
[2026-05-18T07:05:52.944+0000] {processor.py:208} INFO - Processing /home/noelsdavid/airflow_venv/lib/python3.12/site-packages/airflow/example_dags/example_dynamic_task_mapping_with_no_taskflow_operators.py took 0.256 seconds
[2026-05-18T07:07:12.819+0000] {processor.py:186} INFO - Started process (PID=16804) to work on /home/noelsdavid/airflow_venv/lib/python3.12/site-packages/airflow/example_dags/example_dynamic_task_mapping_with_no_taskflow_operators.py
[2026-05-18T07:07:12.822+0000] {processor.py:914} INFO - Processing file /home/noelsdavid/airflow_venv/lib/python3.12/site-packages/airflow/example_dags/example_dynamic_task_mapping_with_no_taskflow_operators.py for tasks to queue
[2026-05-18T07:07:12.824+0000] {logging_mixin.py:190} INFO - [2026-05-18T07:07:12.824+0000] {dagbag.py:588} INFO - Filling up the DagBag from /home/noelsdavid/airflow_venv/lib/python3.12/site-packages/airflow/example_dags/example_dynamic_task_mapping_with_no_taskflow_operators.py
[2026-05-18T07:07:12.840+0000] {processor.py:925} INFO - DAG(s) 'example_dynamic_task_mapping_with_no_taskflow_operators' retrieved from /home/noelsdavid/airflow_venv/lib/python3.12/site-packages/airflow/example_dags/example_dynamic_task_mapping_with_no_taskflow_operators.py
[2026-05-18T07:07:12.863+0000] {logging_mixin.py:190} INFO - [2026-05-18T07:07:12.863+0000] {dag.py:3239} INFO - Sync 1 DAGs
[2026-05-18T07:07:12.883+0000] {logging_mixin.py:190} INFO - [2026-05-18T07:07:12.883+0000] {dag.py:4180} INFO - Setting next_dagrun for example_dynamic_task_mapping_with_no_taskflow_operators to None, run_after=None
[2026-05-18T07:07:13.077+0000] {processor.py:208} INFO - Processing /home/noelsdavid/airflow_venv/lib/python3.12/site-packages/airflow/example_dags/example_dynamic_task_mapping_with_no_taskflow_operators.py took 0.267 seconds
[2026-05-18T07:08:31.203+0000] {processor.py:186} INFO - Started process (PID=16886) to work on /home/noelsdavid/airflow_venv/lib/python3.12/site-packages/airflow/example_dags/example_dynamic_task_mapping_with_no_taskflow_operators.py
[2026-05-18T07:08:31.221+0000] {processor.py:914} INFO - Processing file /home/noelsdavid/airflow_venv/lib/python3.12/site-packages/airflow/example_dags/example_dynamic_task_mapping_with_no_taskflow_operators.py for tasks to queue
[2026-05-18T07:08:31.223+0000] {logging_mixin.py:190} INFO - [2026-05-18T07:08:31.222+0000] {dagbag.py:588} INFO - Filling up the DagBag from /home/noelsdavid/airflow_venv/lib/python3.12/site-packages/airflow/example_dags/example_dynamic_task_mapping_with_no_taskflow_operators.py
[2026-05-18T07:08:31.236+0000] {processor.py:925} INFO - DAG(s) 'example_dynamic_task_mapping_with_no_taskflow_operators' retrieved from /home/noelsdavid/airflow_venv/lib/python3.12/site-packages/airflow/example_dags/example_dynamic_task_mapping_with_no_taskflow_operators.py
[2026-05-18T07:08:31.258+0000] {logging_mixin.py:190} INFO - [2026-05-18T07:08:31.258+0000] {dag.py:3239} INFO - Sync 1 DAGs
[2026-05-18T07:08:31.279+0000] {logging_mixin.py:190} INFO - [2026-05-18T07:08:31.278+0000] {dag.py:4180} INFO - Setting next_dagrun for example_dynamic_task_mapping_with_no_taskflow_operators to None, run_after=None
[2026-05-18T07:08:31.475+0000] {processor.py:208} INFO - Processing /home/noelsdavid/airflow_venv/lib/python3.12/site-packages/airflow/example_dags/example_dynamic_task_mapping_with_no_taskflow_operators.py took 0.281 seconds
[2026-05-18T07:09:56.586+0000] {processor.py:186} INFO - Started process (PID=16969) to work on /home/noelsdavid/airflow_venv/lib/python3.12/site-packages/airflow/example_dags/example_dynamic_task_mapping_with_no_taskflow_operators.py
[2026-05-18T07:09:56.588+0000] {processor.py:914} INFO - Processing file /home/noelsdavid/airflow_venv/lib/python3.12/site-packages/airflow/example_dags/example_dynamic_task_mapping_with_no_taskflow_operators.py for tasks to queue
[2026-05-18T07:09:56.591+0000] {logging_mixin.py:190} INFO - [2026-05-18T07:09:56.590+0000] {dagbag.py:588} INFO - Filling up the DagBag from /home/noelsdavid/airflow_venv/lib/python3.12/site-packages/airflow/example_dags/example_dynamic_task_mapping_with_no_taskflow_operators.py
[2026-05-18T07:09:56.603+0000] {processor.py:925} INFO - DAG(s) 'example_dynamic_task_mapping_with_no_taskflow_operators' retrieved from /home/noelsdavid/airflow_venv/lib/python3.12/site-packages/airflow/example_dags/example_dynamic_task_mapping_with_no_taskflow_operators.py
[2026-05-18T07:09:56.625+0000] {logging_mixin.py:190} INFO - [2026-05-18T07:09:56.624+0000] {dag.py:3239} INFO - Sync 1 DAGs
[2026-05-18T07:09:56.644+0000] {logging_mixin.py:190} INFO - [2026-05-18T07:09:56.644+0000] {dag.py:4180} INFO - Setting next_dagrun for example_dynamic_task_mapping_with_no_taskflow_operators to None, run_after=None
[2026-05-18T07:09:56.676+0000] {processor.py:208} INFO - Processing /home/noelsdavid/airflow_venv/lib/python3.12/site-packages/airflow/example_dags/example_dynamic_task_mapping_with_no_taskflow_operators.py took 0.100 seconds
[2026-05-18T07:11:11.549+0000] {processor.py:186} INFO - Started process (PID=17076) to work on /home/noelsdavid/airflow_venv/lib/python3.12/site-packages/airflow/example_dags/example_dynamic_task_mapping_with_no_taskflow_operators.py
[2026-05-18T07:11:11.552+0000] {processor.py:914} INFO - Processing file /home/noelsdavid/airflow_venv/lib/python3.12/site-packages/airflow/example_dags/example_dynamic_task_mapping_with_no_taskflow_operators.py for tasks to queue
[2026-05-18T07:11:11.554+0000] {logging_mixin.py:190} INFO - [2026-05-18T07:11:11.553+0000] {dagbag.py:588} INFO - Filling up the DagBag from /home/noelsdavid/airflow_venv/lib/python3.12/site-packages/airflow/example_dags/example_dynamic_task_mapping_with_no_taskflow_operators.py
[2026-05-18T07:11:11.566+0000] {processor.py:925} INFO - DAG(s) 'example_dynamic_task_mapping_with_no_taskflow_operators' retrieved from /home/noelsdavid/airflow_venv/lib/python3.12/site-packages/airflow/example_dags/example_dynamic_task_mapping_with_no_taskflow_operators.py
[2026-05-18T07:11:11.589+0000] {logging_mixin.py:190} INFO - [2026-05-18T07:11:11.589+0000] {dag.py:3239} INFO - Sync 1 DAGs
[2026-05-18T07:11:11.607+0000] {logging_mixin.py:190} INFO - [2026-05-18T07:11:11.607+0000] {dag.py:4180} INFO - Setting next_dagrun for example_dynamic_task_mapping_with_no_taskflow_operators to None, run_after=None
[2026-05-18T07:11:11.637+0000] {processor.py:208} INFO - Processing /home/noelsdavid/airflow_venv/lib/python3.12/site-packages/airflow/example_dags/example_dynamic_task_mapping_with_no_taskflow_operators.py took 0.097 seconds
[2026-05-18T07:12:25.398+0000] {processor.py:186} INFO - Started process (PID=17155) to work on /home/noelsdavid/airflow_venv/lib/python3.12/site-packages/airflow/example_dags/example_dynamic_task_mapping_with_no_taskflow_operators.py
[2026-05-18T07:12:25.400+0000] {processor.py:914} INFO - Processing file /home/noelsdavid/airflow_venv/lib/python3.12/site-packages/airflow/example_dags/example_dynamic_task_mapping_with_no_taskflow_operators.py for tasks to queue
[2026-05-18T07:12:25.402+0000] {logging_mixin.py:190} INFO - [2026-05-18T07:12:25.401+0000] {dagbag.py:588} INFO - Filling up the DagBag from /home/noelsdavid/airflow_venv/lib/python3.12/site-packages/airflow/example_dags/example_dynamic_task_mapping_with_no_taskflow_operators.py
[2026-05-18T07:12:25.414+0000] {processor.py:925} INFO - DAG(s) 'example_dynamic_task_mapping_with_no_taskflow_operators' retrieved from /home/noelsdavid/airflow_venv/lib/python3.12/site-packages/airflow/example_dags/example_dynamic_task_mapping_with_no_taskflow_operators.py
[2026-05-18T07:12:25.437+0000] {logging_mixin.py:190} INFO - [2026-05-18T07:12:25.436+0000] {dag.py:3239} INFO - Sync 1 DAGs
[2026-05-18T07:12:25.458+0000] {logging_mixin.py:190} INFO - [2026-05-18T07:12:25.457+0000] {dag.py:4180} INFO - Setting next_dagrun for example_dynamic_task_mapping_with_no_taskflow_operators to None, run_after=None
[2026-05-18T07:12:25.493+0000] {processor.py:208} INFO - Processing /home/noelsdavid/airflow_venv/lib/python3.12/site-packages/airflow/example_dags/example_dynamic_task_mapping_with_no_taskflow_operators.py took 0.105 seconds
[2026-05-18T07:13:41.378+0000] {processor.py:186} INFO - Started process (PID=17236) to work on /home/noelsdavid/airflow_venv/lib/python3.12/site-packages/airflow/example_dags/example_dynamic_task_mapping_with_no_taskflow_operators.py
[2026-05-18T07:13:41.380+0000] {processor.py:914} INFO - Processing file /home/noelsdavid/airflow_venv/lib/python3.12/site-packages/airflow/example_dags/example_dynamic_task_mapping_with_no_taskflow_operators.py for tasks to queue
[2026-05-18T07:13:41.382+0000] {logging_mixin.py:190} INFO - [2026-05-18T07:13:41.382+0000] {dagbag.py:588} INFO - Filling up the DagBag from /home/noelsdavid/airflow_venv/lib/python3.12/site-packages/airflow/example_dags/example_dynamic_task_mapping_with_no_taskflow_operators.py
[2026-05-18T07:13:41.395+0000] {processor.py:925} INFO - DAG(s) 'example_dynamic_task_mapping_with_no_taskflow_operators' retrieved from /home/noelsdavid/airflow_venv/lib/python3.12/site-packages/airflow/example_dags/example_dynamic_task_mapping_with_no_taskflow_operators.py
[2026-05-18T07:13:41.418+0000] {logging_mixin.py:190} INFO - [2026-05-18T07:13:41.417+0000] {dag.py:3239} INFO - Sync 1 DAGs
[2026-05-18T07:13:41.440+0000] {logging_mixin.py:190} INFO - [2026-05-18T07:13:41.440+0000] {dag.py:4180} INFO - Setting next_dagrun for example_dynamic_task_mapping_with_no_taskflow_operators to None, run_after=None
[2026-05-18T07:13:41.473+0000] {processor.py:208} INFO - Processing /home/noelsdavid/airflow_venv/lib/python3.12/site-packages/airflow/example_dags/example_dynamic_task_mapping_with_no_taskflow_operators.py took 0.104 seconds
[2026-05-18T07:14:52.133+0000] {processor.py:186} INFO - Started process (PID=17313) to work on /home/noelsdavid/airflow_venv/lib/python3.12/site-packages/airflow/example_dags/example_dynamic_task_mapping_with_no_taskflow_operators.py
[2026-05-18T07:14:52.159+0000] {processor.py:914} INFO - Processing file /home/noelsdavid/airflow_venv/lib/python3.12/site-packages/airflow/example_dags/example_dynamic_task_mapping_with_no_taskflow_operators.py for tasks to queue
[2026-05-18T07:14:52.161+0000] {logging_mixin.py:190} INFO - [2026-05-18T07:14:52.160+0000] {dagbag.py:588} INFO - Filling up the DagBag from /home/noelsdavid/airflow_venv/lib/python3.12/site-packages/airflow/example_dags/example_dynamic_task_mapping_with_no_taskflow_operators.py
[2026-05-18T07:14:52.174+0000] {processor.py:925} INFO - DAG(s) 'example_dynamic_task_mapping_with_no_taskflow_operators' retrieved from /home/noelsdavid/airflow_venv/lib/python3.12/site-packages/airflow/example_dags/example_dynamic_task_mapping_with_no_taskflow_operators.py
[2026-05-18T07:14:52.196+0000] {logging_mixin.py:190} INFO - [2026-05-18T07:14:52.195+0000] {dag.py:3239} INFO - Sync 1 DAGs
[2026-05-18T07:14:52.214+0000] {logging_mixin.py:190} INFO - [2026-05-18T07:14:52.213+0000] {dag.py:4180} INFO - Setting next_dagrun for example_dynamic_task_mapping_with_no_taskflow_operators to None, run_after=None
[2026-05-18T07:14:52.245+0000] {processor.py:208} INFO - Processing /home/noelsdavid/airflow_venv/lib/python3.12/site-packages/airflow/example_dags/example_dynamic_task_mapping_with_no_taskflow_operators.py took 0.122 seconds
[2026-05-18T07:16:05.772+0000] {processor.py:186} INFO - Started process (PID=17415) to work on /home/noelsdavid/airflow_venv/lib/python3.12/site-packages/airflow/example_dags/example_dynamic_task_mapping_with_no_taskflow_operators.py
[2026-05-18T07:16:05.790+0000] {processor.py:914} INFO - Processing file /home/noelsdavid/airflow_venv/lib/python3.12/site-packages/airflow/example_dags/example_dynamic_task_mapping_with_no_taskflow_operators.py for tasks to queue
[2026-05-18T07:16:05.792+0000] {logging_mixin.py:190} INFO - [2026-05-18T07:16:05.792+0000] {dagbag.py:588} INFO - Filling up the DagBag from /home/noelsdavid/airflow_venv/lib/python3.12/site-packages/airflow/example_dags/example_dynamic_task_mapping_with_no_taskflow_operators.py
[2026-05-18T07:16:05.806+0000] {processor.py:925} INFO - DAG(s) 'example_dynamic_task_mapping_with_no_taskflow_operators' retrieved from /home/noelsdavid/airflow_venv/lib/python3.12/site-packages/airflow/example_dags/example_dynamic_task_mapping_with_no_taskflow_operators.py
[2026-05-18T07:16:05.828+0000] {logging_mixin.py:190} INFO - [2026-05-18T07:16:05.828+0000] {dag.py:3239} INFO - Sync 1 DAGs
[2026-05-18T07:16:05.847+0000] {logging_mixin.py:190} INFO - [2026-05-18T07:16:05.847+0000] {dag.py:4180} INFO - Setting next_dagrun for example_dynamic_task_mapping_with_no_taskflow_operators to None, run_after=None
[2026-05-18T07:16:05.879+0000] {processor.py:208} INFO - Processing /home/noelsdavid/airflow_venv/lib/python3.12/site-packages/airflow/example_dags/example_dynamic_task_mapping_with_no_taskflow_operators.py took 0.117 seconds
[2026-05-18T07:17:26.392+0000] {processor.py:186} INFO - Started process (PID=17498) to work on /home/noelsdavid/airflow_venv/lib/python3.12/site-packages/airflow/example_dags/example_dynamic_task_mapping_with_no_taskflow_operators.py
[2026-05-18T07:17:26.394+0000] {processor.py:914} INFO - Processing file /home/noelsdavid/airflow_venv/lib/python3.12/site-packages/airflow/example_dags/example_dynamic_task_mapping_with_no_taskflow_operators.py for tasks to queue
[2026-05-18T07:17:26.396+0000] {logging_mixin.py:190} INFO - [2026-05-18T07:17:26.396+0000] {dagbag.py:588} INFO - Filling up the DagBag from /home/noelsdavid/airflow_venv/lib/python3.12/site-packages/airflow/example_dags/example_dynamic_task_mapping_with_no_taskflow_operators.py
[2026-05-18T07:17:26.409+0000] {processor.py:925} INFO - DAG(s) 'example_dynamic_task_mapping_with_no_taskflow_operators' retrieved from /home/noelsdavid/airflow_venv/lib/python3.12/site-packages/airflow/example_dags/example_dynamic_task_mapping_with_no_taskflow_operators.py
[2026-05-18T07:17:26.431+0000] {logging_mixin.py:190} INFO - [2026-05-18T07:17:26.431+0000] {dag.py:3239} INFO - Sync 1 DAGs
[2026-05-18T07:17:26.455+0000] {logging_mixin.py:190} INFO - [2026-05-18T07:17:26.455+0000] {dag.py:4180} INFO - Setting next_dagrun for example_dynamic_task_mapping_with_no_taskflow_operators to None, run_after=None
[2026-05-18T07:17:26.496+0000] {processor.py:208} INFO - Processing /home/noelsdavid/airflow_venv/lib/python3.12/site-packages/airflow/example_dags/example_dynamic_task_mapping_with_no_taskflow_operators.py took 0.115 seconds
[2026-05-18T07:18:35.174+0000] {processor.py:186} INFO - Started process (PID=17577) to work on /home/noelsdavid/airflow_venv/lib/python3.12/site-packages/airflow/example_dags/example_dynamic_task_mapping_with_no_taskflow_operators.py
[2026-05-18T07:18:35.193+0000] {processor.py:914} INFO - Processing file /home/noelsdavid/airflow_venv/lib/python3.12/site-packages/airflow/example_dags/example_dynamic_task_mapping_with_no_taskflow_operators.py for tasks to queue
[2026-05-18T07:18:35.195+0000] {logging_mixin.py:190} INFO - [2026-05-18T07:18:35.194+0000] {dagbag.py:588} INFO - Filling up the DagBag from /home/noelsdavid/airflow_venv/lib/python3.12/site-packages/airflow/example_dags/example_dynamic_task_mapping_with_no_taskflow_operators.py
[2026-05-18T07:18:35.209+0000] {processor.py:925} INFO - DAG(s) 'example_dynamic_task_mapping_with_no_taskflow_operators' retrieved from /home/noelsdavid/airflow_venv/lib/python3.12/site-packages/airflow/example_dags/example_dynamic_task_mapping_with_no_taskflow_operators.py
[2026-05-18T07:18:35.232+0000] {logging_mixin.py:190} INFO - [2026-05-18T07:18:35.231+0000] {dag.py:3239} INFO - Sync 1 DAGs
[2026-05-18T07:18:35.250+0000] {logging_mixin.py:190} INFO - [2026-05-18T07:18:35.250+0000] {dag.py:4180} INFO - Setting next_dagrun for example_dynamic_task_mapping_with_no_taskflow_operators to None, run_after=None
[2026-05-18T07:18:35.280+0000] {processor.py:208} INFO - Processing /home/noelsdavid/airflow_venv/lib/python3.12/site-packages/airflow/example_dags/example_dynamic_task_mapping_with_no_taskflow_operators.py took 0.116 seconds
[2026-05-18T07:19:44.382+0000] {processor.py:186} INFO - Started process (PID=17653) to work on /home/noelsdavid/airflow_venv/lib/python3.12/site-packages/airflow/example_dags/example_dynamic_task_mapping_with_no_taskflow_operators.py
[2026-05-18T07:19:44.385+0000] {processor.py:914} INFO - Processing file /home/noelsdavid/airflow_venv/lib/python3.12/site-packages/airflow/example_dags/example_dynamic_task_mapping_with_no_taskflow_operators.py for tasks to queue
[2026-05-18T07:19:44.387+0000] {logging_mixin.py:190} INFO - [2026-05-18T07:19:44.386+0000] {dagbag.py:588} INFO - Filling up the DagBag from /home/noelsdavid/airflow_venv/lib/python3.12/site-packages/airflow/example_dags/example_dynamic_task_mapping_with_no_taskflow_operators.py
[2026-05-18T07:19:44.399+0000] {processor.py:925} INFO - DAG(s) 'example_dynamic_task_mapping_with_no_taskflow_operators' retrieved from /home/noelsdavid/airflow_venv/lib/python3.12/site-packages/airflow/example_dags/example_dynamic_task_mapping_with_no_taskflow_operators.py
[2026-05-18T07:19:44.422+0000] {logging_mixin.py:190} INFO - [2026-05-18T07:19:44.422+0000] {dag.py:3239} INFO - Sync 1 DAGs
[2026-05-18T07:19:44.441+0000] {logging_mixin.py:190} INFO - [2026-05-18T07:19:44.440+0000] {dag.py:4180} INFO - Setting next_dagrun for example_dynamic_task_mapping_with_no_taskflow_operators to None, run_after=None
[2026-05-18T07:19:44.474+0000] {processor.py:208} INFO - Processing /home/noelsdavid/airflow_venv/lib/python3.12/site-packages/airflow/example_dags/example_dynamic_task_mapping_with_no_taskflow_operators.py took 0.101 seconds
[2026-05-18T07:20:56.781+0000] {processor.py:186} INFO - Started process (PID=17755) to work on /home/noelsdavid/airflow_venv/lib/python3.12/site-packages/airflow/example_dags/example_dynamic_task_mapping_with_no_taskflow_operators.py
[2026-05-18T07:20:56.784+0000] {processor.py:914} INFO - Processing file /home/noelsdavid/airflow_venv/lib/python3.12/site-packages/airflow/example_dags/example_dynamic_task_mapping_with_no_taskflow_operators.py for tasks to queue
[2026-05-18T07:20:56.786+0000] {logging_mixin.py:190} INFO - [2026-05-18T07:20:56.785+0000] {dagbag.py:588} INFO - Filling up the DagBag from /home/noelsdavid/airflow_venv/lib/python3.12/site-packages/airflow/example_dags/example_dynamic_task_mapping_with_no_taskflow_operators.py
[2026-05-18T07:20:56.800+0000] {processor.py:925} INFO - DAG(s) 'example_dynamic_task_mapping_with_no_taskflow_operators' retrieved from /home/noelsdavid/airflow_venv/lib/python3.12/site-packages/airflow/example_dags/example_dynamic_task_mapping_with_no_taskflow_operators.py
[2026-05-18T07:20:56.821+0000] {logging_mixin.py:190} INFO - [2026-05-18T07:20:56.821+0000] {dag.py:3239} INFO - Sync 1 DAGs
[2026-05-18T07:20:56.840+0000] {logging_mixin.py:190} INFO - [2026-05-18T07:20:56.840+0000] {dag.py:4180} INFO - Setting next_dagrun for example_dynamic_task_mapping_with_no_taskflow_operators to None, run_after=None
[2026-05-18T07:20:56.872+0000] {processor.py:208} INFO - Processing /home/noelsdavid/airflow_venv/lib/python3.12/site-packages/airflow/example_dags/example_dynamic_task_mapping_with_no_taskflow_operators.py took 0.100 seconds
[2026-05-18T07:22:06.845+0000] {processor.py:186} INFO - Started process (PID=17837) to work on /home/noelsdavid/airflow_venv/lib/python3.12/site-packages/airflow/example_dags/example_dynamic_task_mapping_with_no_taskflow_operators.py
[2026-05-18T07:22:06.847+0000] {processor.py:914} INFO - Processing file /home/noelsdavid/airflow_venv/lib/python3.12/site-packages/airflow/example_dags/example_dynamic_task_mapping_with_no_taskflow_operators.py for tasks to queue
[2026-05-18T07:22:06.849+0000] {logging_mixin.py:190} INFO - [2026-05-18T07:22:06.849+0000] {dagbag.py:588} INFO - Filling up the DagBag from /home/noelsdavid/airflow_venv/lib/python3.12/site-packages/airflow/example_dags/example_dynamic_task_mapping_with_no_taskflow_operators.py
[2026-05-18T07:22:06.862+0000] {processor.py:925} INFO - DAG(s) 'example_dynamic_task_mapping_with_no_taskflow_operators' retrieved from /home/noelsdavid/airflow_venv/lib/python3.12/site-packages/airflow/example_dags/example_dynamic_task_mapping_with_no_taskflow_operators.py
[2026-05-18T07:22:06.889+0000] {logging_mixin.py:190} INFO - [2026-05-18T07:22:06.889+0000] {dag.py:3239} INFO - Sync 1 DAGs
[2026-05-18T07:22:06.910+0000] {logging_mixin.py:190} INFO - [2026-05-18T07:22:06.910+0000] {dag.py:4180} INFO - Setting next_dagrun for example_dynamic_task_mapping_with_no_taskflow_operators to None, run_after=None
[2026-05-18T07:22:06.945+0000] {processor.py:208} INFO - Processing /home/noelsdavid/airflow_venv/lib/python3.12/site-packages/airflow/example_dags/example_dynamic_task_mapping_with_no_taskflow_operators.py took 0.110 seconds
[2026-05-18T07:23:22.256+0000] {processor.py:186} INFO - Started process (PID=17917) to work on /home/noelsdavid/airflow_venv/lib/python3.12/site-packages/airflow/example_dags/example_dynamic_task_mapping_with_no_taskflow_operators.py
[2026-05-18T07:23:22.258+0000] {processor.py:914} INFO - Processing file /home/noelsdavid/airflow_venv/lib/python3.12/site-packages/airflow/example_dags/example_dynamic_task_mapping_with_no_taskflow_operators.py for tasks to queue
[2026-05-18T07:23:22.261+0000] {logging_mixin.py:190} INFO - [2026-05-18T07:23:22.260+0000] {dagbag.py:588} INFO - Filling up the DagBag from /home/noelsdavid/airflow_venv/lib/python3.12/site-packages/airflow/example_dags/example_dynamic_task_mapping_with_no_taskflow_operators.py
[2026-05-18T07:23:22.274+0000] {processor.py:925} INFO - DAG(s) 'example_dynamic_task_mapping_with_no_taskflow_operators' retrieved from /home/noelsdavid/airflow_venv/lib/python3.12/site-packages/airflow/example_dags/example_dynamic_task_mapping_with_no_taskflow_operators.py
[2026-05-18T07:23:22.300+0000] {logging_mixin.py:190} INFO - [2026-05-18T07:23:22.299+0000] {dag.py:3239} INFO - Sync 1 DAGs
[2026-05-18T07:23:22.319+0000] {logging_mixin.py:190} INFO - [2026-05-18T07:23:22.318+0000] {dag.py:4180} INFO - Setting next_dagrun for example_dynamic_task_mapping_with_no_taskflow_operators to None, run_after=None
[2026-05-18T07:23:22.352+0000] {processor.py:208} INFO - Processing /home/noelsdavid/airflow_venv/lib/python3.12/site-packages/airflow/example_dags/example_dynamic_task_mapping_with_no_taskflow_operators.py took 0.107 seconds
[2026-05-18T07:24:36.237+0000] {processor.py:186} INFO - Started process (PID=17997) to work on /home/noelsdavid/airflow_venv/lib/python3.12/site-packages/airflow/example_dags/example_dynamic_task_mapping_with_no_taskflow_operators.py
[2026-05-18T07:24:36.240+0000] {processor.py:914} INFO - Processing file /home/noelsdavid/airflow_venv/lib/python3.12/site-packages/airflow/example_dags/example_dynamic_task_mapping_with_no_taskflow_operators.py for tasks to queue
[2026-05-18T07:24:36.242+0000] {logging_mixin.py:190} INFO - [2026-05-18T07:24:36.241+0000] {dagbag.py:588} INFO - Filling up the DagBag from /home/noelsdavid/airflow_venv/lib/python3.12/site-packages/airflow/example_dags/example_dynamic_task_mapping_with_no_taskflow_operators.py
[2026-05-18T07:24:36.254+0000] {processor.py:925} INFO - DAG(s) 'example_dynamic_task_mapping_with_no_taskflow_operators' retrieved from /home/noelsdavid/airflow_venv/lib/python3.12/site-packages/airflow/example_dags/example_dynamic_task_mapping_with_no_taskflow_operators.py
[2026-05-18T07:24:36.280+0000] {logging_mixin.py:190} INFO - [2026-05-18T07:24:36.280+0000] {dag.py:3239} INFO - Sync 1 DAGs
[2026-05-18T07:24:36.299+0000] {logging_mixin.py:190} INFO - [2026-05-18T07:24:36.299+0000] {dag.py:4180} INFO - Setting next_dagrun for example_dynamic_task_mapping_with_no_taskflow_operators to None, run_after=None
[2026-05-18T07:24:36.333+0000] {processor.py:208} INFO - Processing /home/noelsdavid/airflow_venv/lib/python3.12/site-packages/airflow/example_dags/example_dynamic_task_mapping_with_no_taskflow_operators.py took 0.105 seconds
[2026-05-18T07:25:45.185+0000] {processor.py:186} INFO - Started process (PID=18097) to work on /home/noelsdavid/airflow_venv/lib/python3.12/site-packages/airflow/example_dags/example_dynamic_task_mapping_with_no_taskflow_operators.py
[2026-05-18T07:25:45.234+0000] {processor.py:914} INFO - Processing file /home/noelsdavid/airflow_venv/lib/python3.12/site-packages/airflow/example_dags/example_dynamic_task_mapping_with_no_taskflow_operators.py for tasks to queue
[2026-05-18T07:25:45.236+0000] {logging_mixin.py:190} INFO - [2026-05-18T07:25:45.235+0000] {dagbag.py:588} INFO - Filling up the DagBag from /home/noelsdavid/airflow_venv/lib/python3.12/site-packages/airflow/example_dags/example_dynamic_task_mapping_with_no_taskflow_operators.py
[2026-05-18T07:25:45.248+0000] {processor.py:925} INFO - DAG(s) 'example_dynamic_task_mapping_with_no_taskflow_operators' retrieved from /home/noelsdavid/airflow_venv/lib/python3.12/site-packages/airflow/example_dags/example_dynamic_task_mapping_with_no_taskflow_operators.py
[2026-05-18T07:25:45.270+0000] {logging_mixin.py:190} INFO - [2026-05-18T07:25:45.270+0000] {dag.py:3239} INFO - Sync 1 DAGs
[2026-05-18T07:25:45.288+0000] {logging_mixin.py:190} INFO - [2026-05-18T07:25:45.288+0000] {dag.py:4180} INFO - Setting next_dagrun for example_dynamic_task_mapping_with_no_taskflow_operators to None, run_after=None
[2026-05-18T07:25:45.321+0000] {processor.py:208} INFO - Processing /home/noelsdavid/airflow_venv/lib/python3.12/site-packages/airflow/example_dags/example_dynamic_task_mapping_with_no_taskflow_operators.py took 0.146 seconds
[2026-05-18T07:26:50.354+0000] {processor.py:186} INFO - Started process (PID=18169) to work on /home/noelsdavid/airflow_venv/lib/python3.12/site-packages/airflow/example_dags/example_dynamic_task_mapping_with_no_taskflow_operators.py
[2026-05-18T07:26:50.356+0000] {processor.py:914} INFO - Processing file /home/noelsdavid/airflow_venv/lib/python3.12/site-packages/airflow/example_dags/example_dynamic_task_mapping_with_no_taskflow_operators.py for tasks to queue
[2026-05-18T07:26:50.359+0000] {logging_mixin.py:190} INFO - [2026-05-18T07:26:50.358+0000] {dagbag.py:588} INFO - Filling up the DagBag from /home/noelsdavid/airflow_venv/lib/python3.12/site-packages/airflow/example_dags/example_dynamic_task_mapping_with_no_taskflow_operators.py
[2026-05-18T07:26:50.372+0000] {processor.py:925} INFO - DAG(s) 'example_dynamic_task_mapping_with_no_taskflow_operators' retrieved from /home/noelsdavid/airflow_venv/lib/python3.12/site-packages/airflow/example_dags/example_dynamic_task_mapping_with_no_taskflow_operators.py
[2026-05-18T07:26:50.396+0000] {logging_mixin.py:190} INFO - [2026-05-18T07:26:50.395+0000] {dag.py:3239} INFO - Sync 1 DAGs
[2026-05-18T07:26:50.415+0000] {logging_mixin.py:190} INFO - [2026-05-18T07:26:50.415+0000] {dag.py:4180} INFO - Setting next_dagrun for example_dynamic_task_mapping_with_no_taskflow_operators to None, run_after=None
[2026-05-18T07:26:50.448+0000] {processor.py:208} INFO - Processing /home/noelsdavid/airflow_venv/lib/python3.12/site-packages/airflow/example_dags/example_dynamic_task_mapping_with_no_taskflow_operators.py took 0.104 seconds
[2026-05-18T07:28:03.680+0000] {processor.py:186} INFO - Started process (PID=18247) to work on /home/noelsdavid/airflow_venv/lib/python3.12/site-packages/airflow/example_dags/example_dynamic_task_mapping_with_no_taskflow_operators.py
[2026-05-18T07:28:03.683+0000] {processor.py:914} INFO - Processing file /home/noelsdavid/airflow_venv/lib/python3.12/site-packages/airflow/example_dags/example_dynamic_task_mapping_with_no_taskflow_operators.py for tasks to queue
[2026-05-18T07:28:03.685+0000] {logging_mixin.py:190} INFO - [2026-05-18T07:28:03.685+0000] {dagbag.py:588} INFO - Filling up the DagBag from /home/noelsdavid/airflow_venv/lib/python3.12/site-packages/airflow/example_dags/example_dynamic_task_mapping_with_no_taskflow_operators.py
[2026-05-18T07:28:03.699+0000] {processor.py:925} INFO - DAG(s) 'example_dynamic_task_mapping_with_no_taskflow_operators' retrieved from /home/noelsdavid/airflow_venv/lib/python3.12/site-packages/airflow/example_dags/example_dynamic_task_mapping_with_no_taskflow_operators.py
[2026-05-18T07:28:03.724+0000] {logging_mixin.py:190} INFO - [2026-05-18T07:28:03.723+0000] {dag.py:3239} INFO - Sync 1 DAGs
[2026-05-18T07:28:03.750+0000] {logging_mixin.py:190} INFO - [2026-05-18T07:28:03.749+0000] {dag.py:4180} INFO - Setting next_dagrun for example_dynamic_task_mapping_with_no_taskflow_operators to None, run_after=None
[2026-05-18T07:28:03.786+0000] {processor.py:208} INFO - Processing /home/noelsdavid/airflow_venv/lib/python3.12/site-packages/airflow/example_dags/example_dynamic_task_mapping_with_no_taskflow_operators.py took 0.116 seconds
[2026-05-18T07:29:15.353+0000] {processor.py:186} INFO - Started process (PID=18324) to work on /home/noelsdavid/airflow_venv/lib/python3.12/site-packages/airflow/example_dags/example_dynamic_task_mapping_with_no_taskflow_operators.py
[2026-05-18T07:29:15.356+0000] {processor.py:914} INFO - Processing file /home/noelsdavid/airflow_venv/lib/python3.12/site-packages/airflow/example_dags/example_dynamic_task_mapping_with_no_taskflow_operators.py for tasks to queue
[2026-05-18T07:29:15.358+0000] {logging_mixin.py:190} INFO - [2026-05-18T07:29:15.357+0000] {dagbag.py:588} INFO - Filling up the DagBag from /home/noelsdavid/airflow_venv/lib/python3.12/site-packages/airflow/example_dags/example_dynamic_task_mapping_with_no_taskflow_operators.py
[2026-05-18T07:29:15.371+0000] {processor.py:925} INFO - DAG(s) 'example_dynamic_task_mapping_with_no_taskflow_operators' retrieved from /home/noelsdavid/airflow_venv/lib/python3.12/site-packages/airflow/example_dags/example_dynamic_task_mapping_with_no_taskflow_operators.py
[2026-05-18T07:29:15.394+0000] {logging_mixin.py:190} INFO - [2026-05-18T07:29:15.393+0000] {dag.py:3239} INFO - Sync 1 DAGs
[2026-05-18T07:29:15.412+0000] {logging_mixin.py:190} INFO - [2026-05-18T07:29:15.411+0000] {dag.py:4180} INFO - Setting next_dagrun for example_dynamic_task_mapping_with_no_taskflow_operators to None, run_after=None
[2026-05-18T07:29:15.446+0000] {processor.py:208} INFO - Processing /home/noelsdavid/airflow_venv/lib/python3.12/site-packages/airflow/example_dags/example_dynamic_task_mapping_with_no_taskflow_operators.py took 0.104 seconds
[2026-05-18T07:30:24.422+0000] {processor.py:186} INFO - Started process (PID=18434) to work on /home/noelsdavid/airflow_venv/lib/python3.12/site-packages/airflow/example_dags/example_dynamic_task_mapping_with_no_taskflow_operators.py
[2026-05-18T07:30:24.424+0000] {processor.py:914} INFO - Processing file /home/noelsdavid/airflow_venv/lib/python3.12/site-packages/airflow/example_dags/example_dynamic_task_mapping_with_no_taskflow_operators.py for tasks to queue
[2026-05-18T07:30:24.428+0000] {logging_mixin.py:190} INFO - [2026-05-18T07:30:24.427+0000] {dagbag.py:588} INFO - Filling up the DagBag from /home/noelsdavid/airflow_venv/lib/python3.12/site-packages/airflow/example_dags/example_dynamic_task_mapping_with_no_taskflow_operators.py
[2026-05-18T07:30:24.439+0000] {processor.py:925} INFO - DAG(s) 'example_dynamic_task_mapping_with_no_taskflow_operators' retrieved from /home/noelsdavid/airflow_venv/lib/python3.12/site-packages/airflow/example_dags/example_dynamic_task_mapping_with_no_taskflow_operators.py
[2026-05-18T07:30:24.462+0000] {logging_mixin.py:190} INFO - [2026-05-18T07:30:24.462+0000] {dag.py:3239} INFO - Sync 1 DAGs
[2026-05-18T07:30:24.481+0000] {logging_mixin.py:190} INFO - [2026-05-18T07:30:24.481+0000] {dag.py:4180} INFO - Setting next_dagrun for example_dynamic_task_mapping_with_no_taskflow_operators to None, run_after=None
[2026-05-18T07:30:24.513+0000] {processor.py:208} INFO - Processing /home/noelsdavid/airflow_venv/lib/python3.12/site-packages/airflow/example_dags/example_dynamic_task_mapping_with_no_taskflow_operators.py took 0.101 seconds
[2026-05-18T07:31:36.904+0000] {processor.py:186} INFO - Started process (PID=18512) to work on /home/noelsdavid/airflow_venv/lib/python3.12/site-packages/airflow/example_dags/example_dynamic_task_mapping_with_no_taskflow_operators.py
[2026-05-18T07:31:36.906+0000] {processor.py:914} INFO - Processing file /home/noelsdavid/airflow_venv/lib/python3.12/site-packages/airflow/example_dags/example_dynamic_task_mapping_with_no_taskflow_operators.py for tasks to queue
[2026-05-18T07:31:36.908+0000] {logging_mixin.py:190} INFO - [2026-05-18T07:31:36.907+0000] {dagbag.py:588} INFO - Filling up the DagBag from /home/noelsdavid/airflow_venv/lib/python3.12/site-packages/airflow/example_dags/example_dynamic_task_mapping_with_no_taskflow_operators.py
[2026-05-18T07:31:36.921+0000] {processor.py:925} INFO - DAG(s) 'example_dynamic_task_mapping_with_no_taskflow_operators' retrieved from /home/noelsdavid/airflow_venv/lib/python3.12/site-packages/airflow/example_dags/example_dynamic_task_mapping_with_no_taskflow_operators.py
[2026-05-18T07:31:36.943+0000] {logging_mixin.py:190} INFO - [2026-05-18T07:31:36.942+0000] {dag.py:3239} INFO - Sync 1 DAGs
[2026-05-18T07:31:36.960+0000] {logging_mixin.py:190} INFO - [2026-05-18T07:31:36.960+0000] {dag.py:4180} INFO - Setting next_dagrun for example_dynamic_task_mapping_with_no_taskflow_operators to None, run_after=None
[2026-05-18T07:31:36.993+0000] {processor.py:208} INFO - Processing /home/noelsdavid/airflow_venv/lib/python3.12/site-packages/airflow/example_dags/example_dynamic_task_mapping_with_no_taskflow_operators.py took 0.098 seconds
[2026-05-18T07:32:47.197+0000] {processor.py:186} INFO - Started process (PID=18590) to work on /home/noelsdavid/airflow_venv/lib/python3.12/site-packages/airflow/example_dags/example_dynamic_task_mapping_with_no_taskflow_operators.py
[2026-05-18T07:32:47.199+0000] {processor.py:914} INFO - Processing file /home/noelsdavid/airflow_venv/lib/python3.12/site-packages/airflow/example_dags/example_dynamic_task_mapping_with_no_taskflow_operators.py for tasks to queue
[2026-05-18T07:32:47.201+0000] {logging_mixin.py:190} INFO - [2026-05-18T07:32:47.200+0000] {dagbag.py:588} INFO - Filling up the DagBag from /home/noelsdavid/airflow_venv/lib/python3.12/site-packages/airflow/example_dags/example_dynamic_task_mapping_with_no_taskflow_operators.py
[2026-05-18T07:32:47.213+0000] {processor.py:925} INFO - DAG(s) 'example_dynamic_task_mapping_with_no_taskflow_operators' retrieved from /home/noelsdavid/airflow_venv/lib/python3.12/site-packages/airflow/example_dags/example_dynamic_task_mapping_with_no_taskflow_operators.py
[2026-05-18T07:32:47.234+0000] {logging_mixin.py:190} INFO - [2026-05-18T07:32:47.234+0000] {dag.py:3239} INFO - Sync 1 DAGs
[2026-05-18T07:32:47.252+0000] {logging_mixin.py:190} INFO - [2026-05-18T07:32:47.251+0000] {dag.py:4180} INFO - Setting next_dagrun for example_dynamic_task_mapping_with_no_taskflow_operators to None, run_after=None
[2026-05-18T07:32:47.282+0000] {processor.py:208} INFO - Processing /home/noelsdavid/airflow_venv/lib/python3.12/site-packages/airflow/example_dags/example_dynamic_task_mapping_with_no_taskflow_operators.py took 0.094 seconds
[2026-05-18T07:33:55.427+0000] {processor.py:186} INFO - Started process (PID=18666) to work on /home/noelsdavid/airflow_venv/lib/python3.12/site-packages/airflow/example_dags/example_dynamic_task_mapping_with_no_taskflow_operators.py
[2026-05-18T07:33:55.431+0000] {processor.py:914} INFO - Processing file /home/noelsdavid/airflow_venv/lib/python3.12/site-packages/airflow/example_dags/example_dynamic_task_mapping_with_no_taskflow_operators.py for tasks to queue
[2026-05-18T07:33:55.433+0000] {logging_mixin.py:190} INFO - [2026-05-18T07:33:55.432+0000] {dagbag.py:588} INFO - Filling up the DagBag from /home/noelsdavid/airflow_venv/lib/python3.12/site-packages/airflow/example_dags/example_dynamic_task_mapping_with_no_taskflow_operators.py
[2026-05-18T07:33:55.446+0000] {processor.py:925} INFO - DAG(s) 'example_dynamic_task_mapping_with_no_taskflow_operators' retrieved from /home/noelsdavid/airflow_venv/lib/python3.12/site-packages/airflow/example_dags/example_dynamic_task_mapping_with_no_taskflow_operators.py
[2026-05-18T07:33:55.468+0000] {logging_mixin.py:190} INFO - [2026-05-18T07:33:55.468+0000] {dag.py:3239} INFO - Sync 1 DAGs
[2026-05-18T07:33:55.486+0000] {logging_mixin.py:190} INFO - [2026-05-18T07:33:55.485+0000] {dag.py:4180} INFO - Setting next_dagrun for example_dynamic_task_mapping_with_no_taskflow_operators to None, run_after=None
[2026-05-18T07:33:55.517+0000] {processor.py:208} INFO - Processing /home/noelsdavid/airflow_venv/lib/python3.12/site-packages/airflow/example_dags/example_dynamic_task_mapping_with_no_taskflow_operators.py took 0.099 seconds
[2026-05-18T07:35:08.316+0000] {processor.py:186} INFO - Started process (PID=18743) to work on /home/noelsdavid/airflow_venv/lib/python3.12/site-packages/airflow/example_dags/example_dynamic_task_mapping_with_no_taskflow_operators.py
[2026-05-18T07:35:08.320+0000] {processor.py:914} INFO - Processing file /home/noelsdavid/airflow_venv/lib/python3.12/site-packages/airflow/example_dags/example_dynamic_task_mapping_with_no_taskflow_operators.py for tasks to queue
[2026-05-18T07:35:08.323+0000] {logging_mixin.py:190} INFO - [2026-05-18T07:35:08.322+0000] {dagbag.py:588} INFO - Filling up the DagBag from /home/noelsdavid/airflow_venv/lib/python3.12/site-packages/airflow/example_dags/example_dynamic_task_mapping_with_no_taskflow_operators.py
[2026-05-18T07:35:08.342+0000] {processor.py:925} INFO - DAG(s) 'example_dynamic_task_mapping_with_no_taskflow_operators' retrieved from /home/noelsdavid/airflow_venv/lib/python3.12/site-packages/airflow/example_dags/example_dynamic_task_mapping_with_no_taskflow_operators.py
[2026-05-18T07:35:08.377+0000] {logging_mixin.py:190} INFO - [2026-05-18T07:35:08.376+0000] {dag.py:3239} INFO - Sync 1 DAGs
[2026-05-18T07:35:08.410+0000] {logging_mixin.py:190} INFO - [2026-05-18T07:35:08.410+0000] {dag.py:4180} INFO - Setting next_dagrun for example_dynamic_task_mapping_with_no_taskflow_operators to None, run_after=None
[2026-05-18T07:35:08.466+0000] {processor.py:208} INFO - Processing /home/noelsdavid/airflow_venv/lib/python3.12/site-packages/airflow/example_dags/example_dynamic_task_mapping_with_no_taskflow_operators.py took 0.163 seconds
[2026-05-18T07:36:18.906+0000] {processor.py:186} INFO - Started process (PID=18845) to work on /home/noelsdavid/airflow_venv/lib/python3.12/site-packages/airflow/example_dags/example_dynamic_task_mapping_with_no_taskflow_operators.py
[2026-05-18T07:36:18.909+0000] {processor.py:914} INFO - Processing file /home/noelsdavid/airflow_venv/lib/python3.12/site-packages/airflow/example_dags/example_dynamic_task_mapping_with_no_taskflow_operators.py for tasks to queue
[2026-05-18T07:36:18.911+0000] {logging_mixin.py:190} INFO - [2026-05-18T07:36:18.910+0000] {dagbag.py:588} INFO - Filling up the DagBag from /home/noelsdavid/airflow_venv/lib/python3.12/site-packages/airflow/example_dags/example_dynamic_task_mapping_with_no_taskflow_operators.py
[2026-05-18T07:36:18.923+0000] {processor.py:925} INFO - DAG(s) 'example_dynamic_task_mapping_with_no_taskflow_operators' retrieved from /home/noelsdavid/airflow_venv/lib/python3.12/site-packages/airflow/example_dags/example_dynamic_task_mapping_with_no_taskflow_operators.py
[2026-05-18T07:36:18.947+0000] {logging_mixin.py:190} INFO - [2026-05-18T07:36:18.946+0000] {dag.py:3239} INFO - Sync 1 DAGs
[2026-05-18T07:36:18.965+0000] {logging_mixin.py:190} INFO - [2026-05-18T07:36:18.965+0000] {dag.py:4180} INFO - Setting next_dagrun for example_dynamic_task_mapping_with_no_taskflow_operators to None, run_after=None
[2026-05-18T07:36:18.996+0000] {processor.py:208} INFO - Processing /home/noelsdavid/airflow_venv/lib/python3.12/site-packages/airflow/example_dags/example_dynamic_task_mapping_with_no_taskflow_operators.py took 0.100 seconds
[2026-05-18T07:37:30.767+0000] {processor.py:186} INFO - Started process (PID=18922) to work on /home/noelsdavid/airflow_venv/lib/python3.12/site-packages/airflow/example_dags/example_dynamic_task_mapping_with_no_taskflow_operators.py
[2026-05-18T07:37:30.769+0000] {processor.py:914} INFO - Processing file /home/noelsdavid/airflow_venv/lib/python3.12/site-packages/airflow/example_dags/example_dynamic_task_mapping_with_no_taskflow_operators.py for tasks to queue
[2026-05-18T07:37:30.771+0000] {logging_mixin.py:190} INFO - [2026-05-18T07:37:30.771+0000] {dagbag.py:588} INFO - Filling up the DagBag from /home/noelsdavid/airflow_venv/lib/python3.12/site-packages/airflow/example_dags/example_dynamic_task_mapping_with_no_taskflow_operators.py
[2026-05-18T07:37:30.785+0000] {processor.py:925} INFO - DAG(s) 'example_dynamic_task_mapping_with_no_taskflow_operators' retrieved from /home/noelsdavid/airflow_venv/lib/python3.12/site-packages/airflow/example_dags/example_dynamic_task_mapping_with_no_taskflow_operators.py
[2026-05-18T07:37:30.807+0000] {logging_mixin.py:190} INFO - [2026-05-18T07:37:30.807+0000] {dag.py:3239} INFO - Sync 1 DAGs
[2026-05-18T07:37:30.826+0000] {logging_mixin.py:190} INFO - [2026-05-18T07:37:30.826+0000] {dag.py:4180} INFO - Setting next_dagrun for example_dynamic_task_mapping_with_no_taskflow_operators to None, run_after=None
[2026-05-18T07:37:30.858+0000] {processor.py:208} INFO - Processing /home/noelsdavid/airflow_venv/lib/python3.12/site-packages/airflow/example_dags/example_dynamic_task_mapping_with_no_taskflow_operators.py took 0.101 seconds
[2026-05-18T07:38:39.497+0000] {processor.py:186} INFO - Started process (PID=19000) to work on /home/noelsdavid/airflow_venv/lib/python3.12/site-packages/airflow/example_dags/example_dynamic_task_mapping_with_no_taskflow_operators.py
[2026-05-18T07:38:39.500+0000] {processor.py:914} INFO - Processing file /home/noelsdavid/airflow_venv/lib/python3.12/site-packages/airflow/example_dags/example_dynamic_task_mapping_with_no_taskflow_operators.py for tasks to queue
[2026-05-18T07:38:39.502+0000] {logging_mixin.py:190} INFO - [2026-05-18T07:38:39.502+0000] {dagbag.py:588} INFO - Filling up the DagBag from /home/noelsdavid/airflow_venv/lib/python3.12/site-packages/airflow/example_dags/example_dynamic_task_mapping_with_no_taskflow_operators.py
[2026-05-18T07:38:39.517+0000] {processor.py:925} INFO - DAG(s) 'example_dynamic_task_mapping_with_no_taskflow_operators' retrieved from /home/noelsdavid/airflow_venv/lib/python3.12/site-packages/airflow/example_dags/example_dynamic_task_mapping_with_no_taskflow_operators.py
[2026-05-18T07:38:39.539+0000] {logging_mixin.py:190} INFO - [2026-05-18T07:38:39.539+0000] {dag.py:3239} INFO - Sync 1 DAGs
[2026-05-18T07:38:39.556+0000] {logging_mixin.py:190} INFO - [2026-05-18T07:38:39.556+0000] {dag.py:4180} INFO - Setting next_dagrun for example_dynamic_task_mapping_with_no_taskflow_operators to None, run_after=None
[2026-05-18T07:38:39.589+0000] {processor.py:208} INFO - Processing /home/noelsdavid/airflow_venv/lib/python3.12/site-packages/airflow/example_dags/example_dynamic_task_mapping_with_no_taskflow_operators.py took 0.101 seconds
[2026-05-18T07:39:50.559+0000] {processor.py:186} INFO - Started process (PID=19077) to work on /home/noelsdavid/airflow_venv/lib/python3.12/site-packages/airflow/example_dags/example_dynamic_task_mapping_with_no_taskflow_operators.py
[2026-05-18T07:39:50.562+0000] {processor.py:914} INFO - Processing file /home/noelsdavid/airflow_venv/lib/python3.12/site-packages/airflow/example_dags/example_dynamic_task_mapping_with_no_taskflow_operators.py for tasks to queue
[2026-05-18T07:39:50.564+0000] {logging_mixin.py:190} INFO - [2026-05-18T07:39:50.563+0000] {dagbag.py:588} INFO - Filling up the DagBag from /home/noelsdavid/airflow_venv/lib/python3.12/site-packages/airflow/example_dags/example_dynamic_task_mapping_with_no_taskflow_operators.py
[2026-05-18T07:39:50.579+0000] {processor.py:925} INFO - DAG(s) 'example_dynamic_task_mapping_with_no_taskflow_operators' retrieved from /home/noelsdavid/airflow_venv/lib/python3.12/site-packages/airflow/example_dags/example_dynamic_task_mapping_with_no_taskflow_operators.py
[2026-05-18T07:39:50.602+0000] {logging_mixin.py:190} INFO - [2026-05-18T07:39:50.601+0000] {dag.py:3239} INFO - Sync 1 DAGs
[2026-05-18T07:39:50.622+0000] {logging_mixin.py:190} INFO - [2026-05-18T07:39:50.622+0000] {dag.py:4180} INFO - Setting next_dagrun for example_dynamic_task_mapping_with_no_taskflow_operators to None, run_after=None
[2026-05-18T07:39:50.659+0000] {processor.py:208} INFO - Processing /home/noelsdavid/airflow_venv/lib/python3.12/site-packages/airflow/example_dags/example_dynamic_task_mapping_with_no_taskflow_operators.py took 0.109 seconds
