[2026-05-18T06:00:36.721+0000] {processor.py:186} INFO - Started process (PID=6915) to work on /home/noelsdavid/airflow_venv/lib/python3.12/site-packages/airflow/example_dags/example_subdag_operator.py
[2026-05-18T06:00:36.722+0000] {processor.py:914} INFO - Processing file /home/noelsdavid/airflow_venv/lib/python3.12/site-packages/airflow/example_dags/example_subdag_operator.py for tasks to queue
[2026-05-18T06:00:36.725+0000] {logging_mixin.py:190} INFO - [2026-05-18T06:00:36.725+0000] {dagbag.py:588} INFO - Filling up the DagBag from /home/noelsdavid/airflow_venv/lib/python3.12/site-packages/airflow/example_dags/example_subdag_operator.py
[2026-05-18T06:00:36.754+0000] {processor.py:925} INFO - DAG(s) 'example_subdag_operator.section-1', 'example_subdag_operator.section-2', 'example_subdag_operator' retrieved from /home/noelsdavid/airflow_venv/lib/python3.12/site-packages/airflow/example_dags/example_subdag_operator.py
[2026-05-18T06:00:36.882+0000] {logging_mixin.py:190} INFO - [2026-05-18T06:00:36.881+0000] {override.py:1911} INFO - Created Permission View: can edit on DAG:example_subdag_operator
[2026-05-18T06:00:36.899+0000] {logging_mixin.py:190} INFO - [2026-05-18T06:00:36.899+0000] {override.py:1911} INFO - Created Permission View: can delete on DAG:example_subdag_operator
[2026-05-18T06:00:36.912+0000] {logging_mixin.py:190} INFO - [2026-05-18T06:00:36.912+0000] {override.py:1911} INFO - Created Permission View: can read on DAG:example_subdag_operator
[2026-05-18T06:00:36.935+0000] {logging_mixin.py:190} INFO - [2026-05-18T06:00:36.934+0000] {override.py:1911} INFO - Created Permission View: can delete on DAG Run:example_subdag_operator
[2026-05-18T06:00:36.948+0000] {logging_mixin.py:190} INFO - [2026-05-18T06:00:36.947+0000] {override.py:1911} INFO - Created Permission View: menu access on DAG Run:example_subdag_operator
[2026-05-18T06:00:36.961+0000] {logging_mixin.py:190} INFO - [2026-05-18T06:00:36.961+0000] {override.py:1911} INFO - Created Permission View: can create on DAG Run:example_subdag_operator
[2026-05-18T06:00:36.974+0000] {logging_mixin.py:190} INFO - [2026-05-18T06:00:36.974+0000] {override.py:1911} INFO - Created Permission View: can read on DAG Run:example_subdag_operator
[2026-05-18T06:00:36.975+0000] {logging_mixin.py:190} INFO - [2026-05-18T06:00:36.975+0000] {dag.py:3239} INFO - Sync 3 DAGs
[2026-05-18T06:00:36.989+0000] {logging_mixin.py:190} INFO - [2026-05-18T06:00:36.989+0000] {dag.py:3262} INFO - Creating ORM DAG for example_subdag_operator.section-1
[2026-05-18T06:00:36.990+0000] {logging_mixin.py:190} INFO - [2026-05-18T06:00:36.990+0000] {dag.py:3262} INFO - Creating ORM DAG for example_subdag_operator.section-2
[2026-05-18T06:00:36.990+0000] {logging_mixin.py:190} INFO - [2026-05-18T06:00:36.990+0000] {dag.py:3262} INFO - Creating ORM DAG for example_subdag_operator
[2026-05-18T06:00:36.999+0000] {logging_mixin.py:190} INFO - [2026-05-18T06:00:36.999+0000] {dag.py:4180} INFO - Setting next_dagrun for example_subdag_operator to 2022-01-01 00:00:00+00:00, run_after=2022-01-01 00:00:00+00:00
[2026-05-18T06:00:37.000+0000] {logging_mixin.py:190} INFO - [2026-05-18T06:00:37.000+0000] {dag.py:4180} INFO - Setting next_dagrun for example_subdag_operator.section-1 to None, run_after=None
[2026-05-18T06:00:37.000+0000] {logging_mixin.py:190} INFO - [2026-05-18T06:00:37.000+0000] {dag.py:4180} INFO - Setting next_dagrun for example_subdag_operator.section-2 to None, run_after=None
[2026-05-18T06:00:37.008+0000] {logging_mixin.py:190} INFO - [2026-05-18T06:00:37.008+0000] {dag.py:3239} INFO - Sync 2 DAGs
[2026-05-18T06:00:37.013+0000] {logging_mixin.py:190} INFO - [2026-05-18T06:00:37.013+0000] {dag.py:4180} INFO - Setting next_dagrun for example_subdag_operator.section-1 to None, run_after=None
[2026-05-18T06:00:37.016+0000] {logging_mixin.py:190} INFO - [2026-05-18T06:00:37.016+0000] {dag.py:4180} INFO - Setting next_dagrun for example_subdag_operator.section-2 to None, run_after=None
[2026-05-18T06:00:37.038+0000] {processor.py:208} INFO - Processing /home/noelsdavid/airflow_venv/lib/python3.12/site-packages/airflow/example_dags/example_subdag_operator.py took 0.325 seconds
[2026-05-18T06:01:44.542+0000] {processor.py:186} INFO - Started process (PID=6974) to work on /home/noelsdavid/airflow_venv/lib/python3.12/site-packages/airflow/example_dags/example_subdag_operator.py
[2026-05-18T06:01:44.584+0000] {processor.py:914} INFO - Processing file /home/noelsdavid/airflow_venv/lib/python3.12/site-packages/airflow/example_dags/example_subdag_operator.py for tasks to queue
[2026-05-18T06:01:44.587+0000] {logging_mixin.py:190} INFO - [2026-05-18T06:01:44.586+0000] {dagbag.py:588} INFO - Filling up the DagBag from /home/noelsdavid/airflow_venv/lib/python3.12/site-packages/airflow/example_dags/example_subdag_operator.py
[2026-05-18T06:01:44.617+0000] {processor.py:925} INFO - DAG(s) 'example_subdag_operator.section-1', 'example_subdag_operator.section-2', 'example_subdag_operator' retrieved from /home/noelsdavid/airflow_venv/lib/python3.12/site-packages/airflow/example_dags/example_subdag_operator.py
[2026-05-18T06:01:44.636+0000] {logging_mixin.py:190} INFO - [2026-05-18T06:01:44.636+0000] {dag.py:3239} INFO - Sync 3 DAGs
[2026-05-18T06:01:44.660+0000] {logging_mixin.py:190} INFO - [2026-05-18T06:01:44.660+0000] {dag.py:4180} INFO - Setting next_dagrun for example_subdag_operator to 2022-01-01 00:00:00+00:00, run_after=2022-01-01 00:00:00+00:00
[2026-05-18T06:01:44.664+0000] {logging_mixin.py:190} INFO - [2026-05-18T06:01:44.664+0000] {dag.py:4180} INFO - Setting next_dagrun for example_subdag_operator.section-1 to None, run_after=None
[2026-05-18T06:01:44.666+0000] {logging_mixin.py:190} INFO - [2026-05-18T06:01:44.665+0000] {dag.py:4180} INFO - Setting next_dagrun for example_subdag_operator.section-2 to None, run_after=None
[2026-05-18T06:01:44.672+0000] {logging_mixin.py:190} INFO - [2026-05-18T06:01:44.672+0000] {dag.py:3239} INFO - Sync 2 DAGs
[2026-05-18T06:01:44.677+0000] {logging_mixin.py:190} INFO - [2026-05-18T06:01:44.677+0000] {dag.py:4180} INFO - Setting next_dagrun for example_subdag_operator.section-1 to None, run_after=None
[2026-05-18T06:01:44.677+0000] {logging_mixin.py:190} INFO - [2026-05-18T06:01:44.677+0000] {dag.py:4180} INFO - Setting next_dagrun for example_subdag_operator.section-2 to None, run_after=None
[2026-05-18T06:01:44.697+0000] {processor.py:208} INFO - Processing /home/noelsdavid/airflow_venv/lib/python3.12/site-packages/airflow/example_dags/example_subdag_operator.py took 0.161 seconds
[2026-05-18T06:02:43.990+0000] {processor.py:186} INFO - Started process (PID=7034) to work on /home/noelsdavid/airflow_venv/lib/python3.12/site-packages/airflow/example_dags/example_subdag_operator.py
[2026-05-18T06:02:43.992+0000] {processor.py:914} INFO - Processing file /home/noelsdavid/airflow_venv/lib/python3.12/site-packages/airflow/example_dags/example_subdag_operator.py for tasks to queue
[2026-05-18T06:02:43.996+0000] {logging_mixin.py:190} INFO - [2026-05-18T06:02:43.995+0000] {dagbag.py:588} INFO - Filling up the DagBag from /home/noelsdavid/airflow_venv/lib/python3.12/site-packages/airflow/example_dags/example_subdag_operator.py
[2026-05-18T06:02:44.028+0000] {processor.py:925} INFO - DAG(s) 'example_subdag_operator.section-1', 'example_subdag_operator.section-2', 'example_subdag_operator' retrieved from /home/noelsdavid/airflow_venv/lib/python3.12/site-packages/airflow/example_dags/example_subdag_operator.py
[2026-05-18T06:02:44.045+0000] {logging_mixin.py:190} INFO - [2026-05-18T06:02:44.045+0000] {dag.py:3239} INFO - Sync 3 DAGs
[2026-05-18T06:02:44.068+0000] {logging_mixin.py:190} INFO - [2026-05-18T06:02:44.068+0000] {dag.py:4180} INFO - Setting next_dagrun for example_subdag_operator to 2022-01-01 00:00:00+00:00, run_after=2022-01-01 00:00:00+00:00
[2026-05-18T06:02:44.074+0000] {logging_mixin.py:190} INFO - [2026-05-18T06:02:44.074+0000] {dag.py:4180} INFO - Setting next_dagrun for example_subdag_operator.section-1 to None, run_after=None
[2026-05-18T06:02:44.075+0000] {logging_mixin.py:190} INFO - [2026-05-18T06:02:44.075+0000] {dag.py:4180} INFO - Setting next_dagrun for example_subdag_operator.section-2 to None, run_after=None
[2026-05-18T06:02:44.082+0000] {logging_mixin.py:190} INFO - [2026-05-18T06:02:44.082+0000] {dag.py:3239} INFO - Sync 2 DAGs
[2026-05-18T06:02:44.086+0000] {logging_mixin.py:190} INFO - [2026-05-18T06:02:44.086+0000] {dag.py:4180} INFO - Setting next_dagrun for example_subdag_operator.section-1 to None, run_after=None
[2026-05-18T06:02:44.087+0000] {logging_mixin.py:190} INFO - [2026-05-18T06:02:44.087+0000] {dag.py:4180} INFO - Setting next_dagrun for example_subdag_operator.section-2 to None, run_after=None
[2026-05-18T06:02:44.106+0000] {processor.py:208} INFO - Processing /home/noelsdavid/airflow_venv/lib/python3.12/site-packages/airflow/example_dags/example_subdag_operator.py took 0.122 seconds
[2026-05-18T06:03:44.434+0000] {processor.py:186} INFO - Started process (PID=7093) to work on /home/noelsdavid/airflow_venv/lib/python3.12/site-packages/airflow/example_dags/example_subdag_operator.py
[2026-05-18T06:03:44.449+0000] {processor.py:914} INFO - Processing file /home/noelsdavid/airflow_venv/lib/python3.12/site-packages/airflow/example_dags/example_subdag_operator.py for tasks to queue
[2026-05-18T06:03:44.458+0000] {logging_mixin.py:190} INFO - [2026-05-18T06:03:44.457+0000] {dagbag.py:588} INFO - Filling up the DagBag from /home/noelsdavid/airflow_venv/lib/python3.12/site-packages/airflow/example_dags/example_subdag_operator.py
[2026-05-18T06:03:44.536+0000] {processor.py:925} INFO - DAG(s) 'example_subdag_operator.section-1', 'example_subdag_operator.section-2', 'example_subdag_operator' retrieved from /home/noelsdavid/airflow_venv/lib/python3.12/site-packages/airflow/example_dags/example_subdag_operator.py
[2026-05-18T06:03:44.575+0000] {logging_mixin.py:190} INFO - [2026-05-18T06:03:44.574+0000] {dag.py:3239} INFO - Sync 3 DAGs
[2026-05-18T06:03:44.624+0000] {logging_mixin.py:190} INFO - [2026-05-18T06:03:44.624+0000] {dag.py:4180} INFO - Setting next_dagrun for example_subdag_operator to 2022-01-01 00:00:00+00:00, run_after=2022-01-01 00:00:00+00:00
[2026-05-18T06:03:44.631+0000] {logging_mixin.py:190} INFO - [2026-05-18T06:03:44.630+0000] {dag.py:4180} INFO - Setting next_dagrun for example_subdag_operator.section-1 to None, run_after=None
[2026-05-18T06:03:44.632+0000] {logging_mixin.py:190} INFO - [2026-05-18T06:03:44.632+0000] {dag.py:4180} INFO - Setting next_dagrun for example_subdag_operator.section-2 to None, run_after=None
[2026-05-18T06:03:44.645+0000] {logging_mixin.py:190} INFO - [2026-05-18T06:03:44.644+0000] {dag.py:3239} INFO - Sync 2 DAGs
[2026-05-18T06:03:44.651+0000] {logging_mixin.py:190} INFO - [2026-05-18T06:03:44.650+0000] {dag.py:4180} INFO - Setting next_dagrun for example_subdag_operator.section-1 to None, run_after=None
[2026-05-18T06:03:44.651+0000] {logging_mixin.py:190} INFO - [2026-05-18T06:03:44.651+0000] {dag.py:4180} INFO - Setting next_dagrun for example_subdag_operator.section-2 to None, run_after=None
[2026-05-18T06:03:44.678+0000] {processor.py:208} INFO - Processing /home/noelsdavid/airflow_venv/lib/python3.12/site-packages/airflow/example_dags/example_subdag_operator.py took 0.265 seconds
[2026-05-18T06:04:45.056+0000] {processor.py:186} INFO - Started process (PID=7151) to work on /home/noelsdavid/airflow_venv/lib/python3.12/site-packages/airflow/example_dags/example_subdag_operator.py
[2026-05-18T06:04:45.059+0000] {processor.py:914} INFO - Processing file /home/noelsdavid/airflow_venv/lib/python3.12/site-packages/airflow/example_dags/example_subdag_operator.py for tasks to queue
[2026-05-18T06:04:45.062+0000] {logging_mixin.py:190} INFO - [2026-05-18T06:04:45.062+0000] {dagbag.py:588} INFO - Filling up the DagBag from /home/noelsdavid/airflow_venv/lib/python3.12/site-packages/airflow/example_dags/example_subdag_operator.py
[2026-05-18T06:04:45.094+0000] {processor.py:925} INFO - DAG(s) 'example_subdag_operator.section-1', 'example_subdag_operator.section-2', 'example_subdag_operator' retrieved from /home/noelsdavid/airflow_venv/lib/python3.12/site-packages/airflow/example_dags/example_subdag_operator.py
[2026-05-18T06:04:45.112+0000] {logging_mixin.py:190} INFO - [2026-05-18T06:04:45.112+0000] {dag.py:3239} INFO - Sync 3 DAGs
[2026-05-18T06:04:45.139+0000] {logging_mixin.py:190} INFO - [2026-05-18T06:04:45.138+0000] {dag.py:4180} INFO - Setting next_dagrun for example_subdag_operator to 2022-01-01 00:00:00+00:00, run_after=2022-01-01 00:00:00+00:00
[2026-05-18T06:04:45.143+0000] {logging_mixin.py:190} INFO - [2026-05-18T06:04:45.143+0000] {dag.py:4180} INFO - Setting next_dagrun for example_subdag_operator.section-1 to None, run_after=None
[2026-05-18T06:04:45.145+0000] {logging_mixin.py:190} INFO - [2026-05-18T06:04:45.145+0000] {dag.py:4180} INFO - Setting next_dagrun for example_subdag_operator.section-2 to None, run_after=None
[2026-05-18T06:04:45.153+0000] {logging_mixin.py:190} INFO - [2026-05-18T06:04:45.153+0000] {dag.py:3239} INFO - Sync 2 DAGs
[2026-05-18T06:04:45.158+0000] {logging_mixin.py:190} INFO - [2026-05-18T06:04:45.157+0000] {dag.py:4180} INFO - Setting next_dagrun for example_subdag_operator.section-1 to None, run_after=None
[2026-05-18T06:04:45.158+0000] {logging_mixin.py:190} INFO - [2026-05-18T06:04:45.158+0000] {dag.py:4180} INFO - Setting next_dagrun for example_subdag_operator.section-2 to None, run_after=None
[2026-05-18T06:04:45.181+0000] {processor.py:208} INFO - Processing /home/noelsdavid/airflow_venv/lib/python3.12/site-packages/airflow/example_dags/example_subdag_operator.py took 0.133 seconds
[2026-05-18T06:05:57.889+0000] {processor.py:186} INFO - Started process (PID=7242) to work on /home/noelsdavid/airflow_venv/lib/python3.12/site-packages/airflow/example_dags/example_subdag_operator.py
[2026-05-18T06:05:57.892+0000] {processor.py:914} INFO - Processing file /home/noelsdavid/airflow_venv/lib/python3.12/site-packages/airflow/example_dags/example_subdag_operator.py for tasks to queue
[2026-05-18T06:05:57.895+0000] {logging_mixin.py:190} INFO - [2026-05-18T06:05:57.894+0000] {dagbag.py:588} INFO - Filling up the DagBag from /home/noelsdavid/airflow_venv/lib/python3.12/site-packages/airflow/example_dags/example_subdag_operator.py
[2026-05-18T06:05:57.932+0000] {processor.py:925} INFO - DAG(s) 'example_subdag_operator.section-1', 'example_subdag_operator.section-2', 'example_subdag_operator' retrieved from /home/noelsdavid/airflow_venv/lib/python3.12/site-packages/airflow/example_dags/example_subdag_operator.py
[2026-05-18T06:05:57.955+0000] {logging_mixin.py:190} INFO - [2026-05-18T06:05:57.955+0000] {dag.py:3239} INFO - Sync 3 DAGs
[2026-05-18T06:05:57.982+0000] {logging_mixin.py:190} INFO - [2026-05-18T06:05:57.981+0000] {dag.py:4180} INFO - Setting next_dagrun for example_subdag_operator to 2022-01-01 00:00:00+00:00, run_after=2022-01-01 00:00:00+00:00
[2026-05-18T06:05:57.986+0000] {logging_mixin.py:190} INFO - [2026-05-18T06:05:57.986+0000] {dag.py:4180} INFO - Setting next_dagrun for example_subdag_operator.section-1 to None, run_after=None
[2026-05-18T06:05:57.988+0000] {logging_mixin.py:190} INFO - [2026-05-18T06:05:57.988+0000] {dag.py:4180} INFO - Setting next_dagrun for example_subdag_operator.section-2 to None, run_after=None
[2026-05-18T06:05:57.997+0000] {logging_mixin.py:190} INFO - [2026-05-18T06:05:57.996+0000] {dag.py:3239} INFO - Sync 2 DAGs
[2026-05-18T06:05:58.002+0000] {logging_mixin.py:190} INFO - [2026-05-18T06:05:58.002+0000] {dag.py:4180} INFO - Setting next_dagrun for example_subdag_operator.section-1 to None, run_after=None
[2026-05-18T06:05:58.003+0000] {logging_mixin.py:190} INFO - [2026-05-18T06:05:58.003+0000] {dag.py:4180} INFO - Setting next_dagrun for example_subdag_operator.section-2 to None, run_after=None
[2026-05-18T06:05:58.031+0000] {processor.py:208} INFO - Processing /home/noelsdavid/airflow_venv/lib/python3.12/site-packages/airflow/example_dags/example_subdag_operator.py took 0.150 seconds
[2026-05-18T06:06:58.432+0000] {processor.py:186} INFO - Started process (PID=7303) to work on /home/noelsdavid/airflow_venv/lib/python3.12/site-packages/airflow/example_dags/example_subdag_operator.py
[2026-05-18T06:06:58.435+0000] {processor.py:914} INFO - Processing file /home/noelsdavid/airflow_venv/lib/python3.12/site-packages/airflow/example_dags/example_subdag_operator.py for tasks to queue
[2026-05-18T06:06:58.438+0000] {logging_mixin.py:190} INFO - [2026-05-18T06:06:58.438+0000] {dagbag.py:588} INFO - Filling up the DagBag from /home/noelsdavid/airflow_venv/lib/python3.12/site-packages/airflow/example_dags/example_subdag_operator.py
[2026-05-18T06:06:58.472+0000] {processor.py:925} INFO - DAG(s) 'example_subdag_operator.section-1', 'example_subdag_operator.section-2', 'example_subdag_operator' retrieved from /home/noelsdavid/airflow_venv/lib/python3.12/site-packages/airflow/example_dags/example_subdag_operator.py
[2026-05-18T06:06:58.491+0000] {logging_mixin.py:190} INFO - [2026-05-18T06:06:58.490+0000] {dag.py:3239} INFO - Sync 3 DAGs
[2026-05-18T06:06:58.519+0000] {logging_mixin.py:190} INFO - [2026-05-18T06:06:58.518+0000] {dag.py:4180} INFO - Setting next_dagrun for example_subdag_operator to 2022-01-01 00:00:00+00:00, run_after=2022-01-01 00:00:00+00:00
[2026-05-18T06:06:58.523+0000] {logging_mixin.py:190} INFO - [2026-05-18T06:06:58.523+0000] {dag.py:4180} INFO - Setting next_dagrun for example_subdag_operator.section-1 to None, run_after=None
[2026-05-18T06:06:58.524+0000] {logging_mixin.py:190} INFO - [2026-05-18T06:06:58.524+0000] {dag.py:4180} INFO - Setting next_dagrun for example_subdag_operator.section-2 to None, run_after=None
[2026-05-18T06:06:58.531+0000] {logging_mixin.py:190} INFO - [2026-05-18T06:06:58.531+0000] {dag.py:3239} INFO - Sync 2 DAGs
[2026-05-18T06:06:58.536+0000] {logging_mixin.py:190} INFO - [2026-05-18T06:06:58.536+0000] {dag.py:4180} INFO - Setting next_dagrun for example_subdag_operator.section-1 to None, run_after=None
[2026-05-18T06:06:58.537+0000] {logging_mixin.py:190} INFO - [2026-05-18T06:06:58.537+0000] {dag.py:4180} INFO - Setting next_dagrun for example_subdag_operator.section-2 to None, run_after=None
[2026-05-18T06:06:58.557+0000] {processor.py:208} INFO - Processing /home/noelsdavid/airflow_venv/lib/python3.12/site-packages/airflow/example_dags/example_subdag_operator.py took 0.132 seconds
[2026-05-18T06:07:55.578+0000] {processor.py:186} INFO - Started process (PID=7361) to work on /home/noelsdavid/airflow_venv/lib/python3.12/site-packages/airflow/example_dags/example_subdag_operator.py
[2026-05-18T06:07:55.581+0000] {processor.py:914} INFO - Processing file /home/noelsdavid/airflow_venv/lib/python3.12/site-packages/airflow/example_dags/example_subdag_operator.py for tasks to queue
[2026-05-18T06:07:55.584+0000] {logging_mixin.py:190} INFO - [2026-05-18T06:07:55.583+0000] {dagbag.py:588} INFO - Filling up the DagBag from /home/noelsdavid/airflow_venv/lib/python3.12/site-packages/airflow/example_dags/example_subdag_operator.py
[2026-05-18T06:07:55.616+0000] {processor.py:925} INFO - DAG(s) 'example_subdag_operator.section-1', 'example_subdag_operator.section-2', 'example_subdag_operator' retrieved from /home/noelsdavid/airflow_venv/lib/python3.12/site-packages/airflow/example_dags/example_subdag_operator.py
[2026-05-18T06:07:55.636+0000] {logging_mixin.py:190} INFO - [2026-05-18T06:07:55.636+0000] {dag.py:3239} INFO - Sync 3 DAGs
[2026-05-18T06:07:55.664+0000] {logging_mixin.py:190} INFO - [2026-05-18T06:07:55.663+0000] {dag.py:4180} INFO - Setting next_dagrun for example_subdag_operator to 2022-01-01 00:00:00+00:00, run_after=2022-01-01 00:00:00+00:00
[2026-05-18T06:07:55.668+0000] {logging_mixin.py:190} INFO - [2026-05-18T06:07:55.668+0000] {dag.py:4180} INFO - Setting next_dagrun for example_subdag_operator.section-1 to None, run_after=None
[2026-05-18T06:07:55.669+0000] {logging_mixin.py:190} INFO - [2026-05-18T06:07:55.669+0000] {dag.py:4180} INFO - Setting next_dagrun for example_subdag_operator.section-2 to None, run_after=None
[2026-05-18T06:07:55.677+0000] {logging_mixin.py:190} INFO - [2026-05-18T06:07:55.676+0000] {dag.py:3239} INFO - Sync 2 DAGs
[2026-05-18T06:07:55.683+0000] {logging_mixin.py:190} INFO - [2026-05-18T06:07:55.682+0000] {dag.py:4180} INFO - Setting next_dagrun for example_subdag_operator.section-1 to None, run_after=None
[2026-05-18T06:07:55.683+0000] {logging_mixin.py:190} INFO - [2026-05-18T06:07:55.683+0000] {dag.py:4180} INFO - Setting next_dagrun for example_subdag_operator.section-2 to None, run_after=None
[2026-05-18T06:07:55.705+0000] {processor.py:208} INFO - Processing /home/noelsdavid/airflow_venv/lib/python3.12/site-packages/airflow/example_dags/example_subdag_operator.py took 0.135 seconds
[2026-05-18T06:09:01.661+0000] {processor.py:186} INFO - Started process (PID=7424) to work on /home/noelsdavid/airflow_venv/lib/python3.12/site-packages/airflow/example_dags/example_subdag_operator.py
[2026-05-18T06:09:01.664+0000] {processor.py:914} INFO - Processing file /home/noelsdavid/airflow_venv/lib/python3.12/site-packages/airflow/example_dags/example_subdag_operator.py for tasks to queue
[2026-05-18T06:09:01.669+0000] {logging_mixin.py:190} INFO - [2026-05-18T06:09:01.668+0000] {dagbag.py:588} INFO - Filling up the DagBag from /home/noelsdavid/airflow_venv/lib/python3.12/site-packages/airflow/example_dags/example_subdag_operator.py
[2026-05-18T06:09:01.716+0000] {processor.py:925} INFO - DAG(s) 'example_subdag_operator.section-1', 'example_subdag_operator.section-2', 'example_subdag_operator' retrieved from /home/noelsdavid/airflow_venv/lib/python3.12/site-packages/airflow/example_dags/example_subdag_operator.py
[2026-05-18T06:09:01.749+0000] {logging_mixin.py:190} INFO - [2026-05-18T06:09:01.749+0000] {dag.py:3239} INFO - Sync 3 DAGs
[2026-05-18T06:09:01.783+0000] {logging_mixin.py:190} INFO - [2026-05-18T06:09:01.783+0000] {dag.py:4180} INFO - Setting next_dagrun for example_subdag_operator to 2022-01-01 00:00:00+00:00, run_after=2022-01-01 00:00:00+00:00
[2026-05-18T06:09:01.788+0000] {logging_mixin.py:190} INFO - [2026-05-18T06:09:01.788+0000] {dag.py:4180} INFO - Setting next_dagrun for example_subdag_operator.section-1 to None, run_after=None
[2026-05-18T06:09:01.790+0000] {logging_mixin.py:190} INFO - [2026-05-18T06:09:01.790+0000] {dag.py:4180} INFO - Setting next_dagrun for example_subdag_operator.section-2 to None, run_after=None
[2026-05-18T06:09:01.799+0000] {logging_mixin.py:190} INFO - [2026-05-18T06:09:01.799+0000] {dag.py:3239} INFO - Sync 2 DAGs
[2026-05-18T06:09:01.805+0000] {logging_mixin.py:190} INFO - [2026-05-18T06:09:01.805+0000] {dag.py:4180} INFO - Setting next_dagrun for example_subdag_operator.section-1 to None, run_after=None
[2026-05-18T06:09:01.806+0000] {logging_mixin.py:190} INFO - [2026-05-18T06:09:01.805+0000] {dag.py:4180} INFO - Setting next_dagrun for example_subdag_operator.section-2 to None, run_after=None
[2026-05-18T06:09:01.828+0000] {processor.py:208} INFO - Processing /home/noelsdavid/airflow_venv/lib/python3.12/site-packages/airflow/example_dags/example_subdag_operator.py took 0.179 seconds
[2026-05-18T06:10:03.912+0000] {processor.py:186} INFO - Started process (PID=7485) to work on /home/noelsdavid/airflow_venv/lib/python3.12/site-packages/airflow/example_dags/example_subdag_operator.py
[2026-05-18T06:10:03.915+0000] {processor.py:914} INFO - Processing file /home/noelsdavid/airflow_venv/lib/python3.12/site-packages/airflow/example_dags/example_subdag_operator.py for tasks to queue
[2026-05-18T06:10:03.918+0000] {logging_mixin.py:190} INFO - [2026-05-18T06:10:03.917+0000] {dagbag.py:588} INFO - Filling up the DagBag from /home/noelsdavid/airflow_venv/lib/python3.12/site-packages/airflow/example_dags/example_subdag_operator.py
[2026-05-18T06:10:03.951+0000] {processor.py:925} INFO - DAG(s) 'example_subdag_operator.section-1', 'example_subdag_operator.section-2', 'example_subdag_operator' retrieved from /home/noelsdavid/airflow_venv/lib/python3.12/site-packages/airflow/example_dags/example_subdag_operator.py
[2026-05-18T06:10:03.971+0000] {logging_mixin.py:190} INFO - [2026-05-18T06:10:03.971+0000] {dag.py:3239} INFO - Sync 3 DAGs
[2026-05-18T06:10:04.000+0000] {logging_mixin.py:190} INFO - [2026-05-18T06:10:03.999+0000] {dag.py:4180} INFO - Setting next_dagrun for example_subdag_operator to 2022-01-01 00:00:00+00:00, run_after=2022-01-01 00:00:00+00:00
[2026-05-18T06:10:04.005+0000] {logging_mixin.py:190} INFO - [2026-05-18T06:10:04.004+0000] {dag.py:4180} INFO - Setting next_dagrun for example_subdag_operator.section-1 to None, run_after=None
[2026-05-18T06:10:04.007+0000] {logging_mixin.py:190} INFO - [2026-05-18T06:10:04.006+0000] {dag.py:4180} INFO - Setting next_dagrun for example_subdag_operator.section-2 to None, run_after=None
[2026-05-18T06:10:04.015+0000] {logging_mixin.py:190} INFO - [2026-05-18T06:10:04.015+0000] {dag.py:3239} INFO - Sync 2 DAGs
[2026-05-18T06:10:04.020+0000] {logging_mixin.py:190} INFO - [2026-05-18T06:10:04.020+0000] {dag.py:4180} INFO - Setting next_dagrun for example_subdag_operator.section-1 to None, run_after=None
[2026-05-18T06:10:04.021+0000] {logging_mixin.py:190} INFO - [2026-05-18T06:10:04.021+0000] {dag.py:4180} INFO - Setting next_dagrun for example_subdag_operator.section-2 to None, run_after=None
[2026-05-18T06:10:04.046+0000] {processor.py:208} INFO - Processing /home/noelsdavid/airflow_venv/lib/python3.12/site-packages/airflow/example_dags/example_subdag_operator.py took 0.142 seconds
[2026-05-18T06:11:03.456+0000] {processor.py:186} INFO - Started process (PID=7566) to work on /home/noelsdavid/airflow_venv/lib/python3.12/site-packages/airflow/example_dags/example_subdag_operator.py
[2026-05-18T06:11:03.458+0000] {processor.py:914} INFO - Processing file /home/noelsdavid/airflow_venv/lib/python3.12/site-packages/airflow/example_dags/example_subdag_operator.py for tasks to queue
[2026-05-18T06:11:03.462+0000] {logging_mixin.py:190} INFO - [2026-05-18T06:11:03.461+0000] {dagbag.py:588} INFO - Filling up the DagBag from /home/noelsdavid/airflow_venv/lib/python3.12/site-packages/airflow/example_dags/example_subdag_operator.py
[2026-05-18T06:11:03.495+0000] {processor.py:925} INFO - DAG(s) 'example_subdag_operator.section-1', 'example_subdag_operator.section-2', 'example_subdag_operator' retrieved from /home/noelsdavid/airflow_venv/lib/python3.12/site-packages/airflow/example_dags/example_subdag_operator.py
[2026-05-18T06:11:03.514+0000] {logging_mixin.py:190} INFO - [2026-05-18T06:11:03.514+0000] {dag.py:3239} INFO - Sync 3 DAGs
[2026-05-18T06:11:03.541+0000] {logging_mixin.py:190} INFO - [2026-05-18T06:11:03.540+0000] {dag.py:4180} INFO - Setting next_dagrun for example_subdag_operator to 2022-01-01 00:00:00+00:00, run_after=2022-01-01 00:00:00+00:00
[2026-05-18T06:11:03.545+0000] {logging_mixin.py:190} INFO - [2026-05-18T06:11:03.545+0000] {dag.py:4180} INFO - Setting next_dagrun for example_subdag_operator.section-1 to None, run_after=None
[2026-05-18T06:11:03.547+0000] {logging_mixin.py:190} INFO - [2026-05-18T06:11:03.546+0000] {dag.py:4180} INFO - Setting next_dagrun for example_subdag_operator.section-2 to None, run_after=None
[2026-05-18T06:11:03.556+0000] {logging_mixin.py:190} INFO - [2026-05-18T06:11:03.555+0000] {dag.py:3239} INFO - Sync 2 DAGs
[2026-05-18T06:11:03.561+0000] {logging_mixin.py:190} INFO - [2026-05-18T06:11:03.560+0000] {dag.py:4180} INFO - Setting next_dagrun for example_subdag_operator.section-1 to None, run_after=None
[2026-05-18T06:11:03.561+0000] {logging_mixin.py:190} INFO - [2026-05-18T06:11:03.561+0000] {dag.py:4180} INFO - Setting next_dagrun for example_subdag_operator.section-2 to None, run_after=None
[2026-05-18T06:11:03.582+0000] {processor.py:208} INFO - Processing /home/noelsdavid/airflow_venv/lib/python3.12/site-packages/airflow/example_dags/example_subdag_operator.py took 0.134 seconds
[2026-05-18T06:12:04.222+0000] {processor.py:186} INFO - Started process (PID=7626) to work on /home/noelsdavid/airflow_venv/lib/python3.12/site-packages/airflow/example_dags/example_subdag_operator.py
[2026-05-18T06:12:04.225+0000] {processor.py:914} INFO - Processing file /home/noelsdavid/airflow_venv/lib/python3.12/site-packages/airflow/example_dags/example_subdag_operator.py for tasks to queue
[2026-05-18T06:12:04.228+0000] {logging_mixin.py:190} INFO - [2026-05-18T06:12:04.227+0000] {dagbag.py:588} INFO - Filling up the DagBag from /home/noelsdavid/airflow_venv/lib/python3.12/site-packages/airflow/example_dags/example_subdag_operator.py
[2026-05-18T06:12:04.261+0000] {processor.py:925} INFO - DAG(s) 'example_subdag_operator.section-1', 'example_subdag_operator.section-2', 'example_subdag_operator' retrieved from /home/noelsdavid/airflow_venv/lib/python3.12/site-packages/airflow/example_dags/example_subdag_operator.py
[2026-05-18T06:12:04.282+0000] {logging_mixin.py:190} INFO - [2026-05-18T06:12:04.282+0000] {dag.py:3239} INFO - Sync 3 DAGs
[2026-05-18T06:12:04.308+0000] {logging_mixin.py:190} INFO - [2026-05-18T06:12:04.308+0000] {dag.py:4180} INFO - Setting next_dagrun for example_subdag_operator to 2022-01-01 00:00:00+00:00, run_after=2022-01-01 00:00:00+00:00
[2026-05-18T06:12:04.313+0000] {logging_mixin.py:190} INFO - [2026-05-18T06:12:04.313+0000] {dag.py:4180} INFO - Setting next_dagrun for example_subdag_operator.section-1 to None, run_after=None
[2026-05-18T06:12:04.314+0000] {logging_mixin.py:190} INFO - [2026-05-18T06:12:04.314+0000] {dag.py:4180} INFO - Setting next_dagrun for example_subdag_operator.section-2 to None, run_after=None
[2026-05-18T06:12:04.322+0000] {logging_mixin.py:190} INFO - [2026-05-18T06:12:04.322+0000] {dag.py:3239} INFO - Sync 2 DAGs
[2026-05-18T06:12:04.327+0000] {logging_mixin.py:190} INFO - [2026-05-18T06:12:04.327+0000] {dag.py:4180} INFO - Setting next_dagrun for example_subdag_operator.section-1 to None, run_after=None
[2026-05-18T06:12:04.328+0000] {logging_mixin.py:190} INFO - [2026-05-18T06:12:04.328+0000] {dag.py:4180} INFO - Setting next_dagrun for example_subdag_operator.section-2 to None, run_after=None
[2026-05-18T06:12:04.349+0000] {processor.py:208} INFO - Processing /home/noelsdavid/airflow_venv/lib/python3.12/site-packages/airflow/example_dags/example_subdag_operator.py took 0.135 seconds
[2026-05-18T06:13:02.733+0000] {processor.py:186} INFO - Started process (PID=7684) to work on /home/noelsdavid/airflow_venv/lib/python3.12/site-packages/airflow/example_dags/example_subdag_operator.py
[2026-05-18T06:13:02.735+0000] {processor.py:914} INFO - Processing file /home/noelsdavid/airflow_venv/lib/python3.12/site-packages/airflow/example_dags/example_subdag_operator.py for tasks to queue
[2026-05-18T06:13:02.739+0000] {logging_mixin.py:190} INFO - [2026-05-18T06:13:02.739+0000] {dagbag.py:588} INFO - Filling up the DagBag from /home/noelsdavid/airflow_venv/lib/python3.12/site-packages/airflow/example_dags/example_subdag_operator.py
[2026-05-18T06:13:02.774+0000] {processor.py:925} INFO - DAG(s) 'example_subdag_operator.section-1', 'example_subdag_operator.section-2', 'example_subdag_operator' retrieved from /home/noelsdavid/airflow_venv/lib/python3.12/site-packages/airflow/example_dags/example_subdag_operator.py
[2026-05-18T06:13:02.794+0000] {logging_mixin.py:190} INFO - [2026-05-18T06:13:02.794+0000] {dag.py:3239} INFO - Sync 3 DAGs
[2026-05-18T06:13:02.820+0000] {logging_mixin.py:190} INFO - [2026-05-18T06:13:02.820+0000] {dag.py:4180} INFO - Setting next_dagrun for example_subdag_operator to 2022-01-01 00:00:00+00:00, run_after=2022-01-01 00:00:00+00:00
[2026-05-18T06:13:02.825+0000] {logging_mixin.py:190} INFO - [2026-05-18T06:13:02.824+0000] {dag.py:4180} INFO - Setting next_dagrun for example_subdag_operator.section-1 to None, run_after=None
[2026-05-18T06:13:02.826+0000] {logging_mixin.py:190} INFO - [2026-05-18T06:13:02.826+0000] {dag.py:4180} INFO - Setting next_dagrun for example_subdag_operator.section-2 to None, run_after=None
[2026-05-18T06:13:02.834+0000] {logging_mixin.py:190} INFO - [2026-05-18T06:13:02.834+0000] {dag.py:3239} INFO - Sync 2 DAGs
[2026-05-18T06:13:02.839+0000] {logging_mixin.py:190} INFO - [2026-05-18T06:13:02.839+0000] {dag.py:4180} INFO - Setting next_dagrun for example_subdag_operator.section-1 to None, run_after=None
[2026-05-18T06:13:02.840+0000] {logging_mixin.py:190} INFO - [2026-05-18T06:13:02.840+0000] {dag.py:4180} INFO - Setting next_dagrun for example_subdag_operator.section-2 to None, run_after=None
[2026-05-18T06:13:02.863+0000] {processor.py:208} INFO - Processing /home/noelsdavid/airflow_venv/lib/python3.12/site-packages/airflow/example_dags/example_subdag_operator.py took 0.138 seconds
[2026-05-18T06:14:07.493+0000] {processor.py:186} INFO - Started process (PID=7746) to work on /home/noelsdavid/airflow_venv/lib/python3.12/site-packages/airflow/example_dags/example_subdag_operator.py
[2026-05-18T06:14:07.496+0000] {processor.py:914} INFO - Processing file /home/noelsdavid/airflow_venv/lib/python3.12/site-packages/airflow/example_dags/example_subdag_operator.py for tasks to queue
[2026-05-18T06:14:07.499+0000] {logging_mixin.py:190} INFO - [2026-05-18T06:14:07.499+0000] {dagbag.py:588} INFO - Filling up the DagBag from /home/noelsdavid/airflow_venv/lib/python3.12/site-packages/airflow/example_dags/example_subdag_operator.py
[2026-05-18T06:14:07.533+0000] {processor.py:925} INFO - DAG(s) 'example_subdag_operator.section-1', 'example_subdag_operator.section-2', 'example_subdag_operator' retrieved from /home/noelsdavid/airflow_venv/lib/python3.12/site-packages/airflow/example_dags/example_subdag_operator.py
[2026-05-18T06:14:07.553+0000] {logging_mixin.py:190} INFO - [2026-05-18T06:14:07.552+0000] {dag.py:3239} INFO - Sync 3 DAGs
[2026-05-18T06:14:07.583+0000] {logging_mixin.py:190} INFO - [2026-05-18T06:14:07.582+0000] {dag.py:4180} INFO - Setting next_dagrun for example_subdag_operator to 2022-01-01 00:00:00+00:00, run_after=2022-01-01 00:00:00+00:00
[2026-05-18T06:14:07.587+0000] {logging_mixin.py:190} INFO - [2026-05-18T06:14:07.587+0000] {dag.py:4180} INFO - Setting next_dagrun for example_subdag_operator.section-1 to None, run_after=None
[2026-05-18T06:14:07.588+0000] {logging_mixin.py:190} INFO - [2026-05-18T06:14:07.588+0000] {dag.py:4180} INFO - Setting next_dagrun for example_subdag_operator.section-2 to None, run_after=None
[2026-05-18T06:14:07.596+0000] {logging_mixin.py:190} INFO - [2026-05-18T06:14:07.596+0000] {dag.py:3239} INFO - Sync 2 DAGs
[2026-05-18T06:14:07.601+0000] {logging_mixin.py:190} INFO - [2026-05-18T06:14:07.601+0000] {dag.py:4180} INFO - Setting next_dagrun for example_subdag_operator.section-1 to None, run_after=None
[2026-05-18T06:14:07.602+0000] {logging_mixin.py:190} INFO - [2026-05-18T06:14:07.602+0000] {dag.py:4180} INFO - Setting next_dagrun for example_subdag_operator.section-2 to None, run_after=None
[2026-05-18T06:14:07.626+0000] {processor.py:208} INFO - Processing /home/noelsdavid/airflow_venv/lib/python3.12/site-packages/airflow/example_dags/example_subdag_operator.py took 0.142 seconds
[2026-05-18T06:15:07.316+0000] {processor.py:186} INFO - Started process (PID=7809) to work on /home/noelsdavid/airflow_venv/lib/python3.12/site-packages/airflow/example_dags/example_subdag_operator.py
[2026-05-18T06:15:07.319+0000] {processor.py:914} INFO - Processing file /home/noelsdavid/airflow_venv/lib/python3.12/site-packages/airflow/example_dags/example_subdag_operator.py for tasks to queue
[2026-05-18T06:15:07.322+0000] {logging_mixin.py:190} INFO - [2026-05-18T06:15:07.321+0000] {dagbag.py:588} INFO - Filling up the DagBag from /home/noelsdavid/airflow_venv/lib/python3.12/site-packages/airflow/example_dags/example_subdag_operator.py
[2026-05-18T06:15:07.357+0000] {processor.py:925} INFO - DAG(s) 'example_subdag_operator.section-1', 'example_subdag_operator.section-2', 'example_subdag_operator' retrieved from /home/noelsdavid/airflow_venv/lib/python3.12/site-packages/airflow/example_dags/example_subdag_operator.py
[2026-05-18T06:15:07.380+0000] {logging_mixin.py:190} INFO - [2026-05-18T06:15:07.380+0000] {dag.py:3239} INFO - Sync 3 DAGs
[2026-05-18T06:15:07.412+0000] {logging_mixin.py:190} INFO - [2026-05-18T06:15:07.411+0000] {dag.py:4180} INFO - Setting next_dagrun for example_subdag_operator to 2022-01-01 00:00:00+00:00, run_after=2022-01-01 00:00:00+00:00
[2026-05-18T06:15:07.416+0000] {logging_mixin.py:190} INFO - [2026-05-18T06:15:07.416+0000] {dag.py:4180} INFO - Setting next_dagrun for example_subdag_operator.section-1 to None, run_after=None
[2026-05-18T06:15:07.418+0000] {logging_mixin.py:190} INFO - [2026-05-18T06:15:07.417+0000] {dag.py:4180} INFO - Setting next_dagrun for example_subdag_operator.section-2 to None, run_after=None
[2026-05-18T06:15:07.426+0000] {logging_mixin.py:190} INFO - [2026-05-18T06:15:07.425+0000] {dag.py:3239} INFO - Sync 2 DAGs
[2026-05-18T06:15:07.431+0000] {logging_mixin.py:190} INFO - [2026-05-18T06:15:07.431+0000] {dag.py:4180} INFO - Setting next_dagrun for example_subdag_operator.section-1 to None, run_after=None
[2026-05-18T06:15:07.431+0000] {logging_mixin.py:190} INFO - [2026-05-18T06:15:07.431+0000] {dag.py:4180} INFO - Setting next_dagrun for example_subdag_operator.section-2 to None, run_after=None
[2026-05-18T06:15:07.455+0000] {processor.py:208} INFO - Processing /home/noelsdavid/airflow_venv/lib/python3.12/site-packages/airflow/example_dags/example_subdag_operator.py took 0.147 seconds
[2026-05-18T06:16:11.706+0000] {processor.py:186} INFO - Started process (PID=8032) to work on /home/noelsdavid/airflow_venv/lib/python3.12/site-packages/airflow/example_dags/example_subdag_operator.py
[2026-05-18T06:16:11.709+0000] {processor.py:914} INFO - Processing file /home/noelsdavid/airflow_venv/lib/python3.12/site-packages/airflow/example_dags/example_subdag_operator.py for tasks to queue
[2026-05-18T06:16:11.713+0000] {logging_mixin.py:190} INFO - [2026-05-18T06:16:11.713+0000] {dagbag.py:588} INFO - Filling up the DagBag from /home/noelsdavid/airflow_venv/lib/python3.12/site-packages/airflow/example_dags/example_subdag_operator.py
[2026-05-18T06:16:11.764+0000] {processor.py:925} INFO - DAG(s) 'example_subdag_operator.section-1', 'example_subdag_operator.section-2', 'example_subdag_operator' retrieved from /home/noelsdavid/airflow_venv/lib/python3.12/site-packages/airflow/example_dags/example_subdag_operator.py
[2026-05-18T06:16:11.789+0000] {logging_mixin.py:190} INFO - [2026-05-18T06:16:11.789+0000] {dag.py:3239} INFO - Sync 3 DAGs
[2026-05-18T06:16:11.815+0000] {logging_mixin.py:190} INFO - [2026-05-18T06:16:11.815+0000] {dag.py:4180} INFO - Setting next_dagrun for example_subdag_operator to 2022-01-01 00:00:00+00:00, run_after=2022-01-01 00:00:00+00:00
[2026-05-18T06:16:11.819+0000] {logging_mixin.py:190} INFO - [2026-05-18T06:16:11.819+0000] {dag.py:4180} INFO - Setting next_dagrun for example_subdag_operator.section-1 to None, run_after=None
[2026-05-18T06:16:11.821+0000] {logging_mixin.py:190} INFO - [2026-05-18T06:16:11.821+0000] {dag.py:4180} INFO - Setting next_dagrun for example_subdag_operator.section-2 to None, run_after=None
[2026-05-18T06:16:11.830+0000] {logging_mixin.py:190} INFO - [2026-05-18T06:16:11.830+0000] {dag.py:3239} INFO - Sync 2 DAGs
[2026-05-18T06:16:11.835+0000] {logging_mixin.py:190} INFO - [2026-05-18T06:16:11.835+0000] {dag.py:4180} INFO - Setting next_dagrun for example_subdag_operator.section-1 to None, run_after=None
[2026-05-18T06:16:11.836+0000] {logging_mixin.py:190} INFO - [2026-05-18T06:16:11.836+0000] {dag.py:4180} INFO - Setting next_dagrun for example_subdag_operator.section-2 to None, run_after=None
[2026-05-18T06:16:11.859+0000] {processor.py:208} INFO - Processing /home/noelsdavid/airflow_venv/lib/python3.12/site-packages/airflow/example_dags/example_subdag_operator.py took 0.165 seconds
[2026-05-18T06:17:13.925+0000] {processor.py:186} INFO - Started process (PID=8219) to work on /home/noelsdavid/airflow_venv/lib/python3.12/site-packages/airflow/example_dags/example_subdag_operator.py
[2026-05-18T06:17:13.927+0000] {processor.py:914} INFO - Processing file /home/noelsdavid/airflow_venv/lib/python3.12/site-packages/airflow/example_dags/example_subdag_operator.py for tasks to queue
[2026-05-18T06:17:13.930+0000] {logging_mixin.py:190} INFO - [2026-05-18T06:17:13.930+0000] {dagbag.py:588} INFO - Filling up the DagBag from /home/noelsdavid/airflow_venv/lib/python3.12/site-packages/airflow/example_dags/example_subdag_operator.py
[2026-05-18T06:17:13.963+0000] {processor.py:925} INFO - DAG(s) 'example_subdag_operator.section-1', 'example_subdag_operator.section-2', 'example_subdag_operator' retrieved from /home/noelsdavid/airflow_venv/lib/python3.12/site-packages/airflow/example_dags/example_subdag_operator.py
[2026-05-18T06:17:13.983+0000] {logging_mixin.py:190} INFO - [2026-05-18T06:17:13.982+0000] {dag.py:3239} INFO - Sync 3 DAGs
[2026-05-18T06:17:14.012+0000] {logging_mixin.py:190} INFO - [2026-05-18T06:17:14.011+0000] {dag.py:4180} INFO - Setting next_dagrun for example_subdag_operator to 2022-01-01 00:00:00+00:00, run_after=2022-01-01 00:00:00+00:00
[2026-05-18T06:17:14.016+0000] {logging_mixin.py:190} INFO - [2026-05-18T06:17:14.016+0000] {dag.py:4180} INFO - Setting next_dagrun for example_subdag_operator.section-1 to None, run_after=None
[2026-05-18T06:17:14.017+0000] {logging_mixin.py:190} INFO - [2026-05-18T06:17:14.017+0000] {dag.py:4180} INFO - Setting next_dagrun for example_subdag_operator.section-2 to None, run_after=None
[2026-05-18T06:17:14.025+0000] {logging_mixin.py:190} INFO - [2026-05-18T06:17:14.025+0000] {dag.py:3239} INFO - Sync 2 DAGs
[2026-05-18T06:17:14.030+0000] {logging_mixin.py:190} INFO - [2026-05-18T06:17:14.030+0000] {dag.py:4180} INFO - Setting next_dagrun for example_subdag_operator.section-1 to None, run_after=None
[2026-05-18T06:17:14.030+0000] {logging_mixin.py:190} INFO - [2026-05-18T06:17:14.030+0000] {dag.py:4180} INFO - Setting next_dagrun for example_subdag_operator.section-2 to None, run_after=None
[2026-05-18T06:17:14.052+0000] {processor.py:208} INFO - Processing /home/noelsdavid/airflow_venv/lib/python3.12/site-packages/airflow/example_dags/example_subdag_operator.py took 0.136 seconds
[2026-05-18T06:18:16.140+0000] {processor.py:186} INFO - Started process (PID=8460) to work on /home/noelsdavid/airflow_venv/lib/python3.12/site-packages/airflow/example_dags/example_subdag_operator.py
[2026-05-18T06:18:16.142+0000] {processor.py:914} INFO - Processing file /home/noelsdavid/airflow_venv/lib/python3.12/site-packages/airflow/example_dags/example_subdag_operator.py for tasks to queue
[2026-05-18T06:18:16.146+0000] {logging_mixin.py:190} INFO - [2026-05-18T06:18:16.145+0000] {dagbag.py:588} INFO - Filling up the DagBag from /home/noelsdavid/airflow_venv/lib/python3.12/site-packages/airflow/example_dags/example_subdag_operator.py
[2026-05-18T06:18:16.180+0000] {processor.py:925} INFO - DAG(s) 'example_subdag_operator.section-1', 'example_subdag_operator.section-2', 'example_subdag_operator' retrieved from /home/noelsdavid/airflow_venv/lib/python3.12/site-packages/airflow/example_dags/example_subdag_operator.py
[2026-05-18T06:18:16.198+0000] {logging_mixin.py:190} INFO - [2026-05-18T06:18:16.198+0000] {dag.py:3239} INFO - Sync 3 DAGs
[2026-05-18T06:18:16.223+0000] {logging_mixin.py:190} INFO - [2026-05-18T06:18:16.223+0000] {dag.py:4180} INFO - Setting next_dagrun for example_subdag_operator to 2022-01-01 00:00:00+00:00, run_after=2022-01-01 00:00:00+00:00
[2026-05-18T06:18:16.227+0000] {logging_mixin.py:190} INFO - [2026-05-18T06:18:16.227+0000] {dag.py:4180} INFO - Setting next_dagrun for example_subdag_operator.section-1 to None, run_after=None
[2026-05-18T06:18:16.228+0000] {logging_mixin.py:190} INFO - [2026-05-18T06:18:16.228+0000] {dag.py:4180} INFO - Setting next_dagrun for example_subdag_operator.section-2 to None, run_after=None
[2026-05-18T06:18:16.236+0000] {logging_mixin.py:190} INFO - [2026-05-18T06:18:16.236+0000] {dag.py:3239} INFO - Sync 2 DAGs
[2026-05-18T06:18:16.241+0000] {logging_mixin.py:190} INFO - [2026-05-18T06:18:16.241+0000] {dag.py:4180} INFO - Setting next_dagrun for example_subdag_operator.section-1 to None, run_after=None
[2026-05-18T06:18:16.242+0000] {logging_mixin.py:190} INFO - [2026-05-18T06:18:16.242+0000] {dag.py:4180} INFO - Setting next_dagrun for example_subdag_operator.section-2 to None, run_after=None
[2026-05-18T06:18:16.262+0000] {processor.py:208} INFO - Processing /home/noelsdavid/airflow_venv/lib/python3.12/site-packages/airflow/example_dags/example_subdag_operator.py took 0.130 seconds
[2026-05-18T06:19:14.103+0000] {processor.py:186} INFO - Started process (PID=8517) to work on /home/noelsdavid/airflow_venv/lib/python3.12/site-packages/airflow/example_dags/example_subdag_operator.py
[2026-05-18T06:19:14.106+0000] {processor.py:914} INFO - Processing file /home/noelsdavid/airflow_venv/lib/python3.12/site-packages/airflow/example_dags/example_subdag_operator.py for tasks to queue
[2026-05-18T06:19:14.109+0000] {logging_mixin.py:190} INFO - [2026-05-18T06:19:14.108+0000] {dagbag.py:588} INFO - Filling up the DagBag from /home/noelsdavid/airflow_venv/lib/python3.12/site-packages/airflow/example_dags/example_subdag_operator.py
[2026-05-18T06:19:14.142+0000] {processor.py:925} INFO - DAG(s) 'example_subdag_operator.section-1', 'example_subdag_operator.section-2', 'example_subdag_operator' retrieved from /home/noelsdavid/airflow_venv/lib/python3.12/site-packages/airflow/example_dags/example_subdag_operator.py
[2026-05-18T06:19:14.162+0000] {logging_mixin.py:190} INFO - [2026-05-18T06:19:14.162+0000] {dag.py:3239} INFO - Sync 3 DAGs
[2026-05-18T06:19:14.189+0000] {logging_mixin.py:190} INFO - [2026-05-18T06:19:14.189+0000] {dag.py:4180} INFO - Setting next_dagrun for example_subdag_operator to 2022-01-01 00:00:00+00:00, run_after=2022-01-01 00:00:00+00:00
[2026-05-18T06:19:14.194+0000] {logging_mixin.py:190} INFO - [2026-05-18T06:19:14.194+0000] {dag.py:4180} INFO - Setting next_dagrun for example_subdag_operator.section-1 to None, run_after=None
[2026-05-18T06:19:14.196+0000] {logging_mixin.py:190} INFO - [2026-05-18T06:19:14.195+0000] {dag.py:4180} INFO - Setting next_dagrun for example_subdag_operator.section-2 to None, run_after=None
[2026-05-18T06:19:14.205+0000] {logging_mixin.py:190} INFO - [2026-05-18T06:19:14.204+0000] {dag.py:3239} INFO - Sync 2 DAGs
[2026-05-18T06:19:14.210+0000] {logging_mixin.py:190} INFO - [2026-05-18T06:19:14.210+0000] {dag.py:4180} INFO - Setting next_dagrun for example_subdag_operator.section-1 to None, run_after=None
[2026-05-18T06:19:14.210+0000] {logging_mixin.py:190} INFO - [2026-05-18T06:19:14.210+0000] {dag.py:4180} INFO - Setting next_dagrun for example_subdag_operator.section-2 to None, run_after=None
[2026-05-18T06:19:14.232+0000] {processor.py:208} INFO - Processing /home/noelsdavid/airflow_venv/lib/python3.12/site-packages/airflow/example_dags/example_subdag_operator.py took 0.137 seconds
[2026-05-18T06:20:19.117+0000] {processor.py:186} INFO - Started process (PID=8605) to work on /home/noelsdavid/airflow_venv/lib/python3.12/site-packages/airflow/example_dags/example_subdag_operator.py
[2026-05-18T06:20:19.119+0000] {processor.py:914} INFO - Processing file /home/noelsdavid/airflow_venv/lib/python3.12/site-packages/airflow/example_dags/example_subdag_operator.py for tasks to queue
[2026-05-18T06:20:19.121+0000] {logging_mixin.py:190} INFO - [2026-05-18T06:20:19.120+0000] {dagbag.py:588} INFO - Filling up the DagBag from /home/noelsdavid/airflow_venv/lib/python3.12/site-packages/airflow/example_dags/example_subdag_operator.py
[2026-05-18T06:20:19.152+0000] {processor.py:925} INFO - DAG(s) 'example_subdag_operator.section-1', 'example_subdag_operator.section-2', 'example_subdag_operator' retrieved from /home/noelsdavid/airflow_venv/lib/python3.12/site-packages/airflow/example_dags/example_subdag_operator.py
[2026-05-18T06:20:19.171+0000] {logging_mixin.py:190} INFO - [2026-05-18T06:20:19.171+0000] {dag.py:3239} INFO - Sync 3 DAGs
[2026-05-18T06:20:19.198+0000] {logging_mixin.py:190} INFO - [2026-05-18T06:20:19.198+0000] {dag.py:4180} INFO - Setting next_dagrun for example_subdag_operator to 2022-01-01 00:00:00+00:00, run_after=2022-01-01 00:00:00+00:00
[2026-05-18T06:20:19.202+0000] {logging_mixin.py:190} INFO - [2026-05-18T06:20:19.202+0000] {dag.py:4180} INFO - Setting next_dagrun for example_subdag_operator.section-1 to None, run_after=None
[2026-05-18T06:20:19.204+0000] {logging_mixin.py:190} INFO - [2026-05-18T06:20:19.203+0000] {dag.py:4180} INFO - Setting next_dagrun for example_subdag_operator.section-2 to None, run_after=None
[2026-05-18T06:20:19.211+0000] {logging_mixin.py:190} INFO - [2026-05-18T06:20:19.210+0000] {dag.py:3239} INFO - Sync 2 DAGs
[2026-05-18T06:20:19.216+0000] {logging_mixin.py:190} INFO - [2026-05-18T06:20:19.215+0000] {dag.py:4180} INFO - Setting next_dagrun for example_subdag_operator.section-1 to None, run_after=None
[2026-05-18T06:20:19.216+0000] {logging_mixin.py:190} INFO - [2026-05-18T06:20:19.216+0000] {dag.py:4180} INFO - Setting next_dagrun for example_subdag_operator.section-2 to None, run_after=None
[2026-05-18T06:20:19.235+0000] {processor.py:208} INFO - Processing /home/noelsdavid/airflow_venv/lib/python3.12/site-packages/airflow/example_dags/example_subdag_operator.py took 0.126 seconds
[2026-05-18T06:21:19.648+0000] {processor.py:186} INFO - Started process (PID=8665) to work on /home/noelsdavid/airflow_venv/lib/python3.12/site-packages/airflow/example_dags/example_subdag_operator.py
[2026-05-18T06:21:19.651+0000] {processor.py:914} INFO - Processing file /home/noelsdavid/airflow_venv/lib/python3.12/site-packages/airflow/example_dags/example_subdag_operator.py for tasks to queue
[2026-05-18T06:21:19.653+0000] {logging_mixin.py:190} INFO - [2026-05-18T06:21:19.652+0000] {dagbag.py:588} INFO - Filling up the DagBag from /home/noelsdavid/airflow_venv/lib/python3.12/site-packages/airflow/example_dags/example_subdag_operator.py
[2026-05-18T06:21:19.688+0000] {processor.py:925} INFO - DAG(s) 'example_subdag_operator.section-1', 'example_subdag_operator.section-2', 'example_subdag_operator' retrieved from /home/noelsdavid/airflow_venv/lib/python3.12/site-packages/airflow/example_dags/example_subdag_operator.py
[2026-05-18T06:21:19.708+0000] {logging_mixin.py:190} INFO - [2026-05-18T06:21:19.707+0000] {dag.py:3239} INFO - Sync 3 DAGs
[2026-05-18T06:21:19.736+0000] {logging_mixin.py:190} INFO - [2026-05-18T06:21:19.736+0000] {dag.py:4180} INFO - Setting next_dagrun for example_subdag_operator to 2022-01-01 00:00:00+00:00, run_after=2022-01-01 00:00:00+00:00
[2026-05-18T06:21:19.741+0000] {logging_mixin.py:190} INFO - [2026-05-18T06:21:19.740+0000] {dag.py:4180} INFO - Setting next_dagrun for example_subdag_operator.section-1 to None, run_after=None
[2026-05-18T06:21:19.742+0000] {logging_mixin.py:190} INFO - [2026-05-18T06:21:19.742+0000] {dag.py:4180} INFO - Setting next_dagrun for example_subdag_operator.section-2 to None, run_after=None
[2026-05-18T06:21:19.750+0000] {logging_mixin.py:190} INFO - [2026-05-18T06:21:19.750+0000] {dag.py:3239} INFO - Sync 2 DAGs
[2026-05-18T06:21:19.755+0000] {logging_mixin.py:190} INFO - [2026-05-18T06:21:19.755+0000] {dag.py:4180} INFO - Setting next_dagrun for example_subdag_operator.section-1 to None, run_after=None
[2026-05-18T06:21:19.756+0000] {logging_mixin.py:190} INFO - [2026-05-18T06:21:19.756+0000] {dag.py:4180} INFO - Setting next_dagrun for example_subdag_operator.section-2 to None, run_after=None
[2026-05-18T06:21:19.777+0000] {processor.py:208} INFO - Processing /home/noelsdavid/airflow_venv/lib/python3.12/site-packages/airflow/example_dags/example_subdag_operator.py took 0.137 seconds
[2026-05-18T06:22:25.666+0000] {processor.py:186} INFO - Started process (PID=8729) to work on /home/noelsdavid/airflow_venv/lib/python3.12/site-packages/airflow/example_dags/example_subdag_operator.py
[2026-05-18T06:22:25.668+0000] {processor.py:914} INFO - Processing file /home/noelsdavid/airflow_venv/lib/python3.12/site-packages/airflow/example_dags/example_subdag_operator.py for tasks to queue
[2026-05-18T06:22:25.671+0000] {logging_mixin.py:190} INFO - [2026-05-18T06:22:25.670+0000] {dagbag.py:588} INFO - Filling up the DagBag from /home/noelsdavid/airflow_venv/lib/python3.12/site-packages/airflow/example_dags/example_subdag_operator.py
[2026-05-18T06:22:25.704+0000] {processor.py:925} INFO - DAG(s) 'example_subdag_operator.section-1', 'example_subdag_operator.section-2', 'example_subdag_operator' retrieved from /home/noelsdavid/airflow_venv/lib/python3.12/site-packages/airflow/example_dags/example_subdag_operator.py
[2026-05-18T06:22:25.723+0000] {logging_mixin.py:190} INFO - [2026-05-18T06:22:25.723+0000] {dag.py:3239} INFO - Sync 3 DAGs
[2026-05-18T06:22:25.750+0000] {logging_mixin.py:190} INFO - [2026-05-18T06:22:25.750+0000] {dag.py:4180} INFO - Setting next_dagrun for example_subdag_operator to 2022-01-01 00:00:00+00:00, run_after=2022-01-01 00:00:00+00:00
[2026-05-18T06:22:25.754+0000] {logging_mixin.py:190} INFO - [2026-05-18T06:22:25.754+0000] {dag.py:4180} INFO - Setting next_dagrun for example_subdag_operator.section-1 to None, run_after=None
[2026-05-18T06:22:25.756+0000] {logging_mixin.py:190} INFO - [2026-05-18T06:22:25.755+0000] {dag.py:4180} INFO - Setting next_dagrun for example_subdag_operator.section-2 to None, run_after=None
[2026-05-18T06:22:25.764+0000] {logging_mixin.py:190} INFO - [2026-05-18T06:22:25.764+0000] {dag.py:3239} INFO - Sync 2 DAGs
[2026-05-18T06:22:25.769+0000] {logging_mixin.py:190} INFO - [2026-05-18T06:22:25.769+0000] {dag.py:4180} INFO - Setting next_dagrun for example_subdag_operator.section-1 to None, run_after=None
[2026-05-18T06:22:25.769+0000] {logging_mixin.py:190} INFO - [2026-05-18T06:22:25.769+0000] {dag.py:4180} INFO - Setting next_dagrun for example_subdag_operator.section-2 to None, run_after=None
[2026-05-18T06:22:25.790+0000] {processor.py:208} INFO - Processing /home/noelsdavid/airflow_venv/lib/python3.12/site-packages/airflow/example_dags/example_subdag_operator.py took 0.131 seconds
[2026-05-18T06:23:27.799+0000] {processor.py:186} INFO - Started process (PID=8790) to work on /home/noelsdavid/airflow_venv/lib/python3.12/site-packages/airflow/example_dags/example_subdag_operator.py
[2026-05-18T06:23:27.801+0000] {processor.py:914} INFO - Processing file /home/noelsdavid/airflow_venv/lib/python3.12/site-packages/airflow/example_dags/example_subdag_operator.py for tasks to queue
[2026-05-18T06:23:27.804+0000] {logging_mixin.py:190} INFO - [2026-05-18T06:23:27.803+0000] {dagbag.py:588} INFO - Filling up the DagBag from /home/noelsdavid/airflow_venv/lib/python3.12/site-packages/airflow/example_dags/example_subdag_operator.py
[2026-05-18T06:23:27.837+0000] {processor.py:925} INFO - DAG(s) 'example_subdag_operator.section-1', 'example_subdag_operator.section-2', 'example_subdag_operator' retrieved from /home/noelsdavid/airflow_venv/lib/python3.12/site-packages/airflow/example_dags/example_subdag_operator.py
[2026-05-18T06:23:27.858+0000] {logging_mixin.py:190} INFO - [2026-05-18T06:23:27.858+0000] {dag.py:3239} INFO - Sync 3 DAGs
[2026-05-18T06:23:27.884+0000] {logging_mixin.py:190} INFO - [2026-05-18T06:23:27.884+0000] {dag.py:4180} INFO - Setting next_dagrun for example_subdag_operator to 2022-01-01 00:00:00+00:00, run_after=2022-01-01 00:00:00+00:00
[2026-05-18T06:23:27.888+0000] {logging_mixin.py:190} INFO - [2026-05-18T06:23:27.888+0000] {dag.py:4180} INFO - Setting next_dagrun for example_subdag_operator.section-1 to None, run_after=None
[2026-05-18T06:23:27.889+0000] {logging_mixin.py:190} INFO - [2026-05-18T06:23:27.889+0000] {dag.py:4180} INFO - Setting next_dagrun for example_subdag_operator.section-2 to None, run_after=None
[2026-05-18T06:23:27.897+0000] {logging_mixin.py:190} INFO - [2026-05-18T06:23:27.897+0000] {dag.py:3239} INFO - Sync 2 DAGs
[2026-05-18T06:23:27.904+0000] {logging_mixin.py:190} INFO - [2026-05-18T06:23:27.903+0000] {dag.py:4180} INFO - Setting next_dagrun for example_subdag_operator.section-1 to None, run_after=None
[2026-05-18T06:23:27.905+0000] {logging_mixin.py:190} INFO - [2026-05-18T06:23:27.904+0000] {dag.py:4180} INFO - Setting next_dagrun for example_subdag_operator.section-2 to None, run_after=None
[2026-05-18T06:23:27.934+0000] {processor.py:208} INFO - Processing /home/noelsdavid/airflow_venv/lib/python3.12/site-packages/airflow/example_dags/example_subdag_operator.py took 0.144 seconds
[2026-05-18T06:24:34.009+0000] {processor.py:186} INFO - Started process (PID=8853) to work on /home/noelsdavid/airflow_venv/lib/python3.12/site-packages/airflow/example_dags/example_subdag_operator.py
[2026-05-18T06:24:34.012+0000] {processor.py:914} INFO - Processing file /home/noelsdavid/airflow_venv/lib/python3.12/site-packages/airflow/example_dags/example_subdag_operator.py for tasks to queue
[2026-05-18T06:24:34.014+0000] {logging_mixin.py:190} INFO - [2026-05-18T06:24:34.013+0000] {dagbag.py:588} INFO - Filling up the DagBag from /home/noelsdavid/airflow_venv/lib/python3.12/site-packages/airflow/example_dags/example_subdag_operator.py
[2026-05-18T06:24:34.050+0000] {processor.py:925} INFO - DAG(s) 'example_subdag_operator.section-1', 'example_subdag_operator.section-2', 'example_subdag_operator' retrieved from /home/noelsdavid/airflow_venv/lib/python3.12/site-packages/airflow/example_dags/example_subdag_operator.py
[2026-05-18T06:24:34.070+0000] {logging_mixin.py:190} INFO - [2026-05-18T06:24:34.070+0000] {dag.py:3239} INFO - Sync 3 DAGs
[2026-05-18T06:24:34.099+0000] {logging_mixin.py:190} INFO - [2026-05-18T06:24:34.099+0000] {dag.py:4180} INFO - Setting next_dagrun for example_subdag_operator to 2022-01-01 00:00:00+00:00, run_after=2022-01-01 00:00:00+00:00
[2026-05-18T06:24:34.103+0000] {logging_mixin.py:190} INFO - [2026-05-18T06:24:34.103+0000] {dag.py:4180} INFO - Setting next_dagrun for example_subdag_operator.section-1 to None, run_after=None
[2026-05-18T06:24:34.104+0000] {logging_mixin.py:190} INFO - [2026-05-18T06:24:34.104+0000] {dag.py:4180} INFO - Setting next_dagrun for example_subdag_operator.section-2 to None, run_after=None
[2026-05-18T06:24:34.112+0000] {logging_mixin.py:190} INFO - [2026-05-18T06:24:34.112+0000] {dag.py:3239} INFO - Sync 2 DAGs
[2026-05-18T06:24:34.120+0000] {logging_mixin.py:190} INFO - [2026-05-18T06:24:34.120+0000] {dag.py:4180} INFO - Setting next_dagrun for example_subdag_operator.section-1 to None, run_after=None
[2026-05-18T06:24:34.121+0000] {logging_mixin.py:190} INFO - [2026-05-18T06:24:34.121+0000] {dag.py:4180} INFO - Setting next_dagrun for example_subdag_operator.section-2 to None, run_after=None
[2026-05-18T06:24:34.149+0000] {processor.py:208} INFO - Processing /home/noelsdavid/airflow_venv/lib/python3.12/site-packages/airflow/example_dags/example_subdag_operator.py took 0.149 seconds
[2026-05-18T06:25:38.896+0000] {processor.py:186} INFO - Started process (PID=8938) to work on /home/noelsdavid/airflow_venv/lib/python3.12/site-packages/airflow/example_dags/example_subdag_operator.py
[2026-05-18T06:25:38.899+0000] {processor.py:914} INFO - Processing file /home/noelsdavid/airflow_venv/lib/python3.12/site-packages/airflow/example_dags/example_subdag_operator.py for tasks to queue
[2026-05-18T06:25:38.901+0000] {logging_mixin.py:190} INFO - [2026-05-18T06:25:38.900+0000] {dagbag.py:588} INFO - Filling up the DagBag from /home/noelsdavid/airflow_venv/lib/python3.12/site-packages/airflow/example_dags/example_subdag_operator.py
[2026-05-18T06:25:38.934+0000] {processor.py:925} INFO - DAG(s) 'example_subdag_operator.section-1', 'example_subdag_operator.section-2', 'example_subdag_operator' retrieved from /home/noelsdavid/airflow_venv/lib/python3.12/site-packages/airflow/example_dags/example_subdag_operator.py
[2026-05-18T06:25:38.953+0000] {logging_mixin.py:190} INFO - [2026-05-18T06:25:38.953+0000] {dag.py:3239} INFO - Sync 3 DAGs
[2026-05-18T06:25:38.980+0000] {logging_mixin.py:190} INFO - [2026-05-18T06:25:38.980+0000] {dag.py:4180} INFO - Setting next_dagrun for example_subdag_operator to 2022-01-01 00:00:00+00:00, run_after=2022-01-01 00:00:00+00:00
[2026-05-18T06:25:38.984+0000] {logging_mixin.py:190} INFO - [2026-05-18T06:25:38.984+0000] {dag.py:4180} INFO - Setting next_dagrun for example_subdag_operator.section-1 to None, run_after=None
[2026-05-18T06:25:38.986+0000] {logging_mixin.py:190} INFO - [2026-05-18T06:25:38.985+0000] {dag.py:4180} INFO - Setting next_dagrun for example_subdag_operator.section-2 to None, run_after=None
[2026-05-18T06:25:38.993+0000] {logging_mixin.py:190} INFO - [2026-05-18T06:25:38.992+0000] {dag.py:3239} INFO - Sync 2 DAGs
[2026-05-18T06:25:38.998+0000] {logging_mixin.py:190} INFO - [2026-05-18T06:25:38.997+0000] {dag.py:4180} INFO - Setting next_dagrun for example_subdag_operator.section-1 to None, run_after=None
[2026-05-18T06:25:38.998+0000] {logging_mixin.py:190} INFO - [2026-05-18T06:25:38.998+0000] {dag.py:4180} INFO - Setting next_dagrun for example_subdag_operator.section-2 to None, run_after=None
[2026-05-18T06:25:39.020+0000] {processor.py:208} INFO - Processing /home/noelsdavid/airflow_venv/lib/python3.12/site-packages/airflow/example_dags/example_subdag_operator.py took 0.131 seconds
[2026-05-18T06:26:42.761+0000] {processor.py:186} INFO - Started process (PID=9081) to work on /home/noelsdavid/airflow_venv/lib/python3.12/site-packages/airflow/example_dags/example_subdag_operator.py
[2026-05-18T06:26:42.764+0000] {processor.py:914} INFO - Processing file /home/noelsdavid/airflow_venv/lib/python3.12/site-packages/airflow/example_dags/example_subdag_operator.py for tasks to queue
[2026-05-18T06:26:42.766+0000] {logging_mixin.py:190} INFO - [2026-05-18T06:26:42.766+0000] {dagbag.py:588} INFO - Filling up the DagBag from /home/noelsdavid/airflow_venv/lib/python3.12/site-packages/airflow/example_dags/example_subdag_operator.py
[2026-05-18T06:26:42.800+0000] {processor.py:925} INFO - DAG(s) 'example_subdag_operator.section-1', 'example_subdag_operator.section-2', 'example_subdag_operator' retrieved from /home/noelsdavid/airflow_venv/lib/python3.12/site-packages/airflow/example_dags/example_subdag_operator.py
[2026-05-18T06:26:42.821+0000] {logging_mixin.py:190} INFO - [2026-05-18T06:26:42.820+0000] {dag.py:3239} INFO - Sync 3 DAGs
[2026-05-18T06:26:42.850+0000] {logging_mixin.py:190} INFO - [2026-05-18T06:26:42.850+0000] {dag.py:4180} INFO - Setting next_dagrun for example_subdag_operator to 2022-01-01 00:00:00+00:00, run_after=2022-01-01 00:00:00+00:00
[2026-05-18T06:26:42.855+0000] {logging_mixin.py:190} INFO - [2026-05-18T06:26:42.855+0000] {dag.py:4180} INFO - Setting next_dagrun for example_subdag_operator.section-1 to None, run_after=None
[2026-05-18T06:26:42.857+0000] {logging_mixin.py:190} INFO - [2026-05-18T06:26:42.856+0000] {dag.py:4180} INFO - Setting next_dagrun for example_subdag_operator.section-2 to None, run_after=None
[2026-05-18T06:26:42.864+0000] {logging_mixin.py:190} INFO - [2026-05-18T06:26:42.864+0000] {dag.py:3239} INFO - Sync 2 DAGs
[2026-05-18T06:26:42.869+0000] {logging_mixin.py:190} INFO - [2026-05-18T06:26:42.869+0000] {dag.py:4180} INFO - Setting next_dagrun for example_subdag_operator.section-1 to None, run_after=None
[2026-05-18T06:26:42.870+0000] {logging_mixin.py:190} INFO - [2026-05-18T06:26:42.869+0000] {dag.py:4180} INFO - Setting next_dagrun for example_subdag_operator.section-2 to None, run_after=None
[2026-05-18T06:26:42.892+0000] {processor.py:208} INFO - Processing /home/noelsdavid/airflow_venv/lib/python3.12/site-packages/airflow/example_dags/example_subdag_operator.py took 0.140 seconds
[2026-05-18T06:28:04.959+0000] {processor.py:186} INFO - Started process (PID=9669) to work on /home/noelsdavid/airflow_venv/lib/python3.12/site-packages/airflow/example_dags/example_subdag_operator.py
[2026-05-18T06:28:04.961+0000] {processor.py:914} INFO - Processing file /home/noelsdavid/airflow_venv/lib/python3.12/site-packages/airflow/example_dags/example_subdag_operator.py for tasks to queue
[2026-05-18T06:28:04.963+0000] {logging_mixin.py:190} INFO - [2026-05-18T06:28:04.963+0000] {dagbag.py:588} INFO - Filling up the DagBag from /home/noelsdavid/airflow_venv/lib/python3.12/site-packages/airflow/example_dags/example_subdag_operator.py
[2026-05-18T06:28:04.994+0000] {processor.py:925} INFO - DAG(s) 'example_subdag_operator.section-1', 'example_subdag_operator.section-2', 'example_subdag_operator' retrieved from /home/noelsdavid/airflow_venv/lib/python3.12/site-packages/airflow/example_dags/example_subdag_operator.py
[2026-05-18T06:28:05.015+0000] {logging_mixin.py:190} INFO - [2026-05-18T06:28:05.015+0000] {dag.py:3239} INFO - Sync 3 DAGs
[2026-05-18T06:28:05.041+0000] {logging_mixin.py:190} INFO - [2026-05-18T06:28:05.041+0000] {dag.py:4180} INFO - Setting next_dagrun for example_subdag_operator to 2022-01-01 00:00:00+00:00, run_after=2022-01-01 00:00:00+00:00
[2026-05-18T06:28:05.045+0000] {logging_mixin.py:190} INFO - [2026-05-18T06:28:05.045+0000] {dag.py:4180} INFO - Setting next_dagrun for example_subdag_operator.section-1 to None, run_after=None
[2026-05-18T06:28:05.046+0000] {logging_mixin.py:190} INFO - [2026-05-18T06:28:05.046+0000] {dag.py:4180} INFO - Setting next_dagrun for example_subdag_operator.section-2 to None, run_after=None
[2026-05-18T06:28:05.054+0000] {logging_mixin.py:190} INFO - [2026-05-18T06:28:05.054+0000] {dag.py:3239} INFO - Sync 2 DAGs
[2026-05-18T06:28:05.059+0000] {logging_mixin.py:190} INFO - [2026-05-18T06:28:05.058+0000] {dag.py:4180} INFO - Setting next_dagrun for example_subdag_operator.section-1 to None, run_after=None
[2026-05-18T06:28:05.059+0000] {logging_mixin.py:190} INFO - [2026-05-18T06:28:05.059+0000] {dag.py:4180} INFO - Setting next_dagrun for example_subdag_operator.section-2 to None, run_after=None
[2026-05-18T06:28:05.080+0000] {processor.py:208} INFO - Processing /home/noelsdavid/airflow_venv/lib/python3.12/site-packages/airflow/example_dags/example_subdag_operator.py took 0.129 seconds
[2026-05-18T06:29:11.588+0000] {processor.py:186} INFO - Started process (PID=9759) to work on /home/noelsdavid/airflow_venv/lib/python3.12/site-packages/airflow/example_dags/example_subdag_operator.py
[2026-05-18T06:29:11.592+0000] {processor.py:914} INFO - Processing file /home/noelsdavid/airflow_venv/lib/python3.12/site-packages/airflow/example_dags/example_subdag_operator.py for tasks to queue
[2026-05-18T06:29:11.594+0000] {logging_mixin.py:190} INFO - [2026-05-18T06:29:11.593+0000] {dagbag.py:588} INFO - Filling up the DagBag from /home/noelsdavid/airflow_venv/lib/python3.12/site-packages/airflow/example_dags/example_subdag_operator.py
[2026-05-18T06:29:11.636+0000] {processor.py:925} INFO - DAG(s) 'example_subdag_operator.section-1', 'example_subdag_operator.section-2', 'example_subdag_operator' retrieved from /home/noelsdavid/airflow_venv/lib/python3.12/site-packages/airflow/example_dags/example_subdag_operator.py
[2026-05-18T06:29:11.678+0000] {logging_mixin.py:190} INFO - [2026-05-18T06:29:11.678+0000] {dag.py:3239} INFO - Sync 3 DAGs
[2026-05-18T06:29:11.739+0000] {logging_mixin.py:190} INFO - [2026-05-18T06:29:11.738+0000] {dag.py:4180} INFO - Setting next_dagrun for example_subdag_operator to 2022-01-01 00:00:00+00:00, run_after=2022-01-01 00:00:00+00:00
[2026-05-18T06:29:11.749+0000] {logging_mixin.py:190} INFO - [2026-05-18T06:29:11.749+0000] {dag.py:4180} INFO - Setting next_dagrun for example_subdag_operator.section-1 to None, run_after=None
[2026-05-18T06:29:11.753+0000] {logging_mixin.py:190} INFO - [2026-05-18T06:29:11.752+0000] {dag.py:4180} INFO - Setting next_dagrun for example_subdag_operator.section-2 to None, run_after=None
[2026-05-18T06:29:11.770+0000] {logging_mixin.py:190} INFO - [2026-05-18T06:29:11.769+0000] {dag.py:3239} INFO - Sync 2 DAGs
[2026-05-18T06:29:11.780+0000] {logging_mixin.py:190} INFO - [2026-05-18T06:29:11.779+0000] {dag.py:4180} INFO - Setting next_dagrun for example_subdag_operator.section-1 to None, run_after=None
[2026-05-18T06:29:11.780+0000] {logging_mixin.py:190} INFO - [2026-05-18T06:29:11.780+0000] {dag.py:4180} INFO - Setting next_dagrun for example_subdag_operator.section-2 to None, run_after=None
[2026-05-18T06:29:11.814+0000] {processor.py:208} INFO - Processing /home/noelsdavid/airflow_venv/lib/python3.12/site-packages/airflow/example_dags/example_subdag_operator.py took 0.234 seconds
[2026-05-18T06:30:17.998+0000] {processor.py:186} INFO - Started process (PID=9848) to work on /home/noelsdavid/airflow_venv/lib/python3.12/site-packages/airflow/example_dags/example_subdag_operator.py
[2026-05-18T06:30:18.001+0000] {processor.py:914} INFO - Processing file /home/noelsdavid/airflow_venv/lib/python3.12/site-packages/airflow/example_dags/example_subdag_operator.py for tasks to queue
[2026-05-18T06:30:18.003+0000] {logging_mixin.py:190} INFO - [2026-05-18T06:30:18.002+0000] {dagbag.py:588} INFO - Filling up the DagBag from /home/noelsdavid/airflow_venv/lib/python3.12/site-packages/airflow/example_dags/example_subdag_operator.py
[2026-05-18T06:30:18.041+0000] {processor.py:925} INFO - DAG(s) 'example_subdag_operator.section-1', 'example_subdag_operator.section-2', 'example_subdag_operator' retrieved from /home/noelsdavid/airflow_venv/lib/python3.12/site-packages/airflow/example_dags/example_subdag_operator.py
[2026-05-18T06:30:18.061+0000] {logging_mixin.py:190} INFO - [2026-05-18T06:30:18.060+0000] {dag.py:3239} INFO - Sync 3 DAGs
[2026-05-18T06:30:18.090+0000] {logging_mixin.py:190} INFO - [2026-05-18T06:30:18.089+0000] {dag.py:4180} INFO - Setting next_dagrun for example_subdag_operator to 2022-01-01 00:00:00+00:00, run_after=2022-01-01 00:00:00+00:00
[2026-05-18T06:30:18.094+0000] {logging_mixin.py:190} INFO - [2026-05-18T06:30:18.094+0000] {dag.py:4180} INFO - Setting next_dagrun for example_subdag_operator.section-1 to None, run_after=None
[2026-05-18T06:30:18.095+0000] {logging_mixin.py:190} INFO - [2026-05-18T06:30:18.095+0000] {dag.py:4180} INFO - Setting next_dagrun for example_subdag_operator.section-2 to None, run_after=None
[2026-05-18T06:30:18.102+0000] {logging_mixin.py:190} INFO - [2026-05-18T06:30:18.102+0000] {dag.py:3239} INFO - Sync 2 DAGs
[2026-05-18T06:30:18.107+0000] {logging_mixin.py:190} INFO - [2026-05-18T06:30:18.107+0000] {dag.py:4180} INFO - Setting next_dagrun for example_subdag_operator.section-1 to None, run_after=None
[2026-05-18T06:30:18.107+0000] {logging_mixin.py:190} INFO - [2026-05-18T06:30:18.107+0000] {dag.py:4180} INFO - Setting next_dagrun for example_subdag_operator.section-2 to None, run_after=None
[2026-05-18T06:30:18.127+0000] {processor.py:208} INFO - Processing /home/noelsdavid/airflow_venv/lib/python3.12/site-packages/airflow/example_dags/example_subdag_operator.py took 0.138 seconds
[2026-05-18T06:31:23.913+0000] {processor.py:186} INFO - Started process (PID=9911) to work on /home/noelsdavid/airflow_venv/lib/python3.12/site-packages/airflow/example_dags/example_subdag_operator.py
[2026-05-18T06:31:23.929+0000] {processor.py:914} INFO - Processing file /home/noelsdavid/airflow_venv/lib/python3.12/site-packages/airflow/example_dags/example_subdag_operator.py for tasks to queue
[2026-05-18T06:31:23.931+0000] {logging_mixin.py:190} INFO - [2026-05-18T06:31:23.930+0000] {dagbag.py:588} INFO - Filling up the DagBag from /home/noelsdavid/airflow_venv/lib/python3.12/site-packages/airflow/example_dags/example_subdag_operator.py
[2026-05-18T06:31:23.964+0000] {processor.py:925} INFO - DAG(s) 'example_subdag_operator.section-1', 'example_subdag_operator.section-2', 'example_subdag_operator' retrieved from /home/noelsdavid/airflow_venv/lib/python3.12/site-packages/airflow/example_dags/example_subdag_operator.py
[2026-05-18T06:31:23.983+0000] {logging_mixin.py:190} INFO - [2026-05-18T06:31:23.983+0000] {dag.py:3239} INFO - Sync 3 DAGs
[2026-05-18T06:31:24.009+0000] {logging_mixin.py:190} INFO - [2026-05-18T06:31:24.009+0000] {dag.py:4180} INFO - Setting next_dagrun for example_subdag_operator to 2022-01-01 00:00:00+00:00, run_after=2022-01-01 00:00:00+00:00
[2026-05-18T06:31:24.014+0000] {logging_mixin.py:190} INFO - [2026-05-18T06:31:24.013+0000] {dag.py:4180} INFO - Setting next_dagrun for example_subdag_operator.section-1 to None, run_after=None
[2026-05-18T06:31:24.015+0000] {logging_mixin.py:190} INFO - [2026-05-18T06:31:24.015+0000] {dag.py:4180} INFO - Setting next_dagrun for example_subdag_operator.section-2 to None, run_after=None
[2026-05-18T06:31:24.023+0000] {logging_mixin.py:190} INFO - [2026-05-18T06:31:24.023+0000] {dag.py:3239} INFO - Sync 2 DAGs
[2026-05-18T06:31:24.028+0000] {logging_mixin.py:190} INFO - [2026-05-18T06:31:24.028+0000] {dag.py:4180} INFO - Setting next_dagrun for example_subdag_operator.section-1 to None, run_after=None
[2026-05-18T06:31:24.029+0000] {logging_mixin.py:190} INFO - [2026-05-18T06:31:24.029+0000] {dag.py:4180} INFO - Setting next_dagrun for example_subdag_operator.section-2 to None, run_after=None
[2026-05-18T06:31:24.050+0000] {processor.py:208} INFO - Processing /home/noelsdavid/airflow_venv/lib/python3.12/site-packages/airflow/example_dags/example_subdag_operator.py took 0.146 seconds
[2026-05-18T06:32:24.817+0000] {processor.py:186} INFO - Started process (PID=9970) to work on /home/noelsdavid/airflow_venv/lib/python3.12/site-packages/airflow/example_dags/example_subdag_operator.py
[2026-05-18T06:32:24.830+0000] {processor.py:914} INFO - Processing file /home/noelsdavid/airflow_venv/lib/python3.12/site-packages/airflow/example_dags/example_subdag_operator.py for tasks to queue
[2026-05-18T06:32:24.832+0000] {logging_mixin.py:190} INFO - [2026-05-18T06:32:24.831+0000] {dagbag.py:588} INFO - Filling up the DagBag from /home/noelsdavid/airflow_venv/lib/python3.12/site-packages/airflow/example_dags/example_subdag_operator.py
[2026-05-18T06:32:24.863+0000] {processor.py:925} INFO - DAG(s) 'example_subdag_operator.section-1', 'example_subdag_operator.section-2', 'example_subdag_operator' retrieved from /home/noelsdavid/airflow_venv/lib/python3.12/site-packages/airflow/example_dags/example_subdag_operator.py
[2026-05-18T06:32:24.881+0000] {logging_mixin.py:190} INFO - [2026-05-18T06:32:24.881+0000] {dag.py:3239} INFO - Sync 3 DAGs
[2026-05-18T06:32:24.906+0000] {logging_mixin.py:190} INFO - [2026-05-18T06:32:24.906+0000] {dag.py:4180} INFO - Setting next_dagrun for example_subdag_operator to 2022-01-01 00:00:00+00:00, run_after=2022-01-01 00:00:00+00:00
[2026-05-18T06:32:24.910+0000] {logging_mixin.py:190} INFO - [2026-05-18T06:32:24.910+0000] {dag.py:4180} INFO - Setting next_dagrun for example_subdag_operator.section-1 to None, run_after=None
[2026-05-18T06:32:24.912+0000] {logging_mixin.py:190} INFO - [2026-05-18T06:32:24.911+0000] {dag.py:4180} INFO - Setting next_dagrun for example_subdag_operator.section-2 to None, run_after=None
[2026-05-18T06:32:24.919+0000] {logging_mixin.py:190} INFO - [2026-05-18T06:32:24.918+0000] {dag.py:3239} INFO - Sync 2 DAGs
[2026-05-18T06:32:24.923+0000] {logging_mixin.py:190} INFO - [2026-05-18T06:32:24.923+0000] {dag.py:4180} INFO - Setting next_dagrun for example_subdag_operator.section-1 to None, run_after=None
[2026-05-18T06:32:24.924+0000] {logging_mixin.py:190} INFO - [2026-05-18T06:32:24.924+0000] {dag.py:4180} INFO - Setting next_dagrun for example_subdag_operator.section-2 to None, run_after=None
[2026-05-18T06:32:24.943+0000] {processor.py:208} INFO - Processing /home/noelsdavid/airflow_venv/lib/python3.12/site-packages/airflow/example_dags/example_subdag_operator.py took 0.134 seconds
[2026-05-18T06:33:24.359+0000] {processor.py:186} INFO - Started process (PID=10029) to work on /home/noelsdavid/airflow_venv/lib/python3.12/site-packages/airflow/example_dags/example_subdag_operator.py
[2026-05-18T06:33:24.362+0000] {processor.py:914} INFO - Processing file /home/noelsdavid/airflow_venv/lib/python3.12/site-packages/airflow/example_dags/example_subdag_operator.py for tasks to queue
[2026-05-18T06:33:24.363+0000] {logging_mixin.py:190} INFO - [2026-05-18T06:33:24.363+0000] {dagbag.py:588} INFO - Filling up the DagBag from /home/noelsdavid/airflow_venv/lib/python3.12/site-packages/airflow/example_dags/example_subdag_operator.py
[2026-05-18T06:33:24.396+0000] {processor.py:925} INFO - DAG(s) 'example_subdag_operator.section-1', 'example_subdag_operator.section-2', 'example_subdag_operator' retrieved from /home/noelsdavid/airflow_venv/lib/python3.12/site-packages/airflow/example_dags/example_subdag_operator.py
[2026-05-18T06:33:24.415+0000] {logging_mixin.py:190} INFO - [2026-05-18T06:33:24.415+0000] {dag.py:3239} INFO - Sync 3 DAGs
[2026-05-18T06:33:24.440+0000] {logging_mixin.py:190} INFO - [2026-05-18T06:33:24.440+0000] {dag.py:4180} INFO - Setting next_dagrun for example_subdag_operator to 2022-01-01 00:00:00+00:00, run_after=2022-01-01 00:00:00+00:00
[2026-05-18T06:33:24.444+0000] {logging_mixin.py:190} INFO - [2026-05-18T06:33:24.444+0000] {dag.py:4180} INFO - Setting next_dagrun for example_subdag_operator.section-1 to None, run_after=None
[2026-05-18T06:33:24.446+0000] {logging_mixin.py:190} INFO - [2026-05-18T06:33:24.445+0000] {dag.py:4180} INFO - Setting next_dagrun for example_subdag_operator.section-2 to None, run_after=None
[2026-05-18T06:33:24.453+0000] {logging_mixin.py:190} INFO - [2026-05-18T06:33:24.453+0000] {dag.py:3239} INFO - Sync 2 DAGs
[2026-05-18T06:33:24.458+0000] {logging_mixin.py:190} INFO - [2026-05-18T06:33:24.457+0000] {dag.py:4180} INFO - Setting next_dagrun for example_subdag_operator.section-1 to None, run_after=None
[2026-05-18T06:33:24.458+0000] {logging_mixin.py:190} INFO - [2026-05-18T06:33:24.458+0000] {dag.py:4180} INFO - Setting next_dagrun for example_subdag_operator.section-2 to None, run_after=None
[2026-05-18T06:33:24.477+0000] {processor.py:208} INFO - Processing /home/noelsdavid/airflow_venv/lib/python3.12/site-packages/airflow/example_dags/example_subdag_operator.py took 0.126 seconds
[2026-05-18T06:34:32.068+0000] {processor.py:186} INFO - Started process (PID=10164) to work on /home/noelsdavid/airflow_venv/lib/python3.12/site-packages/airflow/example_dags/example_subdag_operator.py
[2026-05-18T06:34:32.071+0000] {processor.py:914} INFO - Processing file /home/noelsdavid/airflow_venv/lib/python3.12/site-packages/airflow/example_dags/example_subdag_operator.py for tasks to queue
[2026-05-18T06:34:32.073+0000] {logging_mixin.py:190} INFO - [2026-05-18T06:34:32.072+0000] {dagbag.py:588} INFO - Filling up the DagBag from /home/noelsdavid/airflow_venv/lib/python3.12/site-packages/airflow/example_dags/example_subdag_operator.py
[2026-05-18T06:34:32.108+0000] {processor.py:925} INFO - DAG(s) 'example_subdag_operator.section-1', 'example_subdag_operator.section-2', 'example_subdag_operator' retrieved from /home/noelsdavid/airflow_venv/lib/python3.12/site-packages/airflow/example_dags/example_subdag_operator.py
[2026-05-18T06:34:32.128+0000] {logging_mixin.py:190} INFO - [2026-05-18T06:34:32.127+0000] {dag.py:3239} INFO - Sync 3 DAGs
[2026-05-18T06:34:32.157+0000] {logging_mixin.py:190} INFO - [2026-05-18T06:34:32.157+0000] {dag.py:4180} INFO - Setting next_dagrun for example_subdag_operator to 2022-01-01 00:00:00+00:00, run_after=2022-01-01 00:00:00+00:00
[2026-05-18T06:34:32.161+0000] {logging_mixin.py:190} INFO - [2026-05-18T06:34:32.161+0000] {dag.py:4180} INFO - Setting next_dagrun for example_subdag_operator.section-1 to None, run_after=None
[2026-05-18T06:34:32.163+0000] {logging_mixin.py:190} INFO - [2026-05-18T06:34:32.162+0000] {dag.py:4180} INFO - Setting next_dagrun for example_subdag_operator.section-2 to None, run_after=None
[2026-05-18T06:34:32.170+0000] {logging_mixin.py:190} INFO - [2026-05-18T06:34:32.170+0000] {dag.py:3239} INFO - Sync 2 DAGs
[2026-05-18T06:34:32.175+0000] {logging_mixin.py:190} INFO - [2026-05-18T06:34:32.175+0000] {dag.py:4180} INFO - Setting next_dagrun for example_subdag_operator.section-1 to None, run_after=None
[2026-05-18T06:34:32.175+0000] {logging_mixin.py:190} INFO - [2026-05-18T06:34:32.175+0000] {dag.py:4180} INFO - Setting next_dagrun for example_subdag_operator.section-2 to None, run_after=None
[2026-05-18T06:34:32.197+0000] {processor.py:208} INFO - Processing /home/noelsdavid/airflow_venv/lib/python3.12/site-packages/airflow/example_dags/example_subdag_operator.py took 0.137 seconds
[2026-05-18T06:35:35.691+0000] {processor.py:186} INFO - Started process (PID=10373) to work on /home/noelsdavid/airflow_venv/lib/python3.12/site-packages/airflow/example_dags/example_subdag_operator.py
[2026-05-18T06:35:35.694+0000] {processor.py:914} INFO - Processing file /home/noelsdavid/airflow_venv/lib/python3.12/site-packages/airflow/example_dags/example_subdag_operator.py for tasks to queue
[2026-05-18T06:35:35.696+0000] {logging_mixin.py:190} INFO - [2026-05-18T06:35:35.695+0000] {dagbag.py:588} INFO - Filling up the DagBag from /home/noelsdavid/airflow_venv/lib/python3.12/site-packages/airflow/example_dags/example_subdag_operator.py
[2026-05-18T06:35:35.728+0000] {processor.py:925} INFO - DAG(s) 'example_subdag_operator.section-1', 'example_subdag_operator.section-2', 'example_subdag_operator' retrieved from /home/noelsdavid/airflow_venv/lib/python3.12/site-packages/airflow/example_dags/example_subdag_operator.py
[2026-05-18T06:35:35.749+0000] {logging_mixin.py:190} INFO - [2026-05-18T06:35:35.749+0000] {dag.py:3239} INFO - Sync 3 DAGs
[2026-05-18T06:35:35.774+0000] {logging_mixin.py:190} INFO - [2026-05-18T06:35:35.774+0000] {dag.py:4180} INFO - Setting next_dagrun for example_subdag_operator to 2022-01-01 00:00:00+00:00, run_after=2022-01-01 00:00:00+00:00
[2026-05-18T06:35:35.778+0000] {logging_mixin.py:190} INFO - [2026-05-18T06:35:35.778+0000] {dag.py:4180} INFO - Setting next_dagrun for example_subdag_operator.section-1 to None, run_after=None
[2026-05-18T06:35:35.780+0000] {logging_mixin.py:190} INFO - [2026-05-18T06:35:35.780+0000] {dag.py:4180} INFO - Setting next_dagrun for example_subdag_operator.section-2 to None, run_after=None
[2026-05-18T06:35:35.787+0000] {logging_mixin.py:190} INFO - [2026-05-18T06:35:35.787+0000] {dag.py:3239} INFO - Sync 2 DAGs
[2026-05-18T06:35:35.792+0000] {logging_mixin.py:190} INFO - [2026-05-18T06:35:35.791+0000] {dag.py:4180} INFO - Setting next_dagrun for example_subdag_operator.section-1 to None, run_after=None
[2026-05-18T06:35:35.792+0000] {logging_mixin.py:190} INFO - [2026-05-18T06:35:35.792+0000] {dag.py:4180} INFO - Setting next_dagrun for example_subdag_operator.section-2 to None, run_after=None
[2026-05-18T06:35:35.811+0000] {processor.py:208} INFO - Processing /home/noelsdavid/airflow_venv/lib/python3.12/site-packages/airflow/example_dags/example_subdag_operator.py took 0.128 seconds
[2026-05-18T06:36:37.931+0000] {processor.py:186} INFO - Started process (PID=10547) to work on /home/noelsdavid/airflow_venv/lib/python3.12/site-packages/airflow/example_dags/example_subdag_operator.py
[2026-05-18T06:36:37.933+0000] {processor.py:914} INFO - Processing file /home/noelsdavid/airflow_venv/lib/python3.12/site-packages/airflow/example_dags/example_subdag_operator.py for tasks to queue
[2026-05-18T06:36:37.935+0000] {logging_mixin.py:190} INFO - [2026-05-18T06:36:37.934+0000] {dagbag.py:588} INFO - Filling up the DagBag from /home/noelsdavid/airflow_venv/lib/python3.12/site-packages/airflow/example_dags/example_subdag_operator.py
[2026-05-18T06:36:37.968+0000] {processor.py:925} INFO - DAG(s) 'example_subdag_operator.section-1', 'example_subdag_operator.section-2', 'example_subdag_operator' retrieved from /home/noelsdavid/airflow_venv/lib/python3.12/site-packages/airflow/example_dags/example_subdag_operator.py
[2026-05-18T06:36:37.987+0000] {logging_mixin.py:190} INFO - [2026-05-18T06:36:37.987+0000] {dag.py:3239} INFO - Sync 3 DAGs
[2026-05-18T06:36:38.016+0000] {logging_mixin.py:190} INFO - [2026-05-18T06:36:38.015+0000] {dag.py:4180} INFO - Setting next_dagrun for example_subdag_operator to 2022-01-01 00:00:00+00:00, run_after=2022-01-01 00:00:00+00:00
[2026-05-18T06:36:38.020+0000] {logging_mixin.py:190} INFO - [2026-05-18T06:36:38.020+0000] {dag.py:4180} INFO - Setting next_dagrun for example_subdag_operator.section-1 to None, run_after=None
[2026-05-18T06:36:38.021+0000] {logging_mixin.py:190} INFO - [2026-05-18T06:36:38.021+0000] {dag.py:4180} INFO - Setting next_dagrun for example_subdag_operator.section-2 to None, run_after=None
[2026-05-18T06:36:38.028+0000] {logging_mixin.py:190} INFO - [2026-05-18T06:36:38.028+0000] {dag.py:3239} INFO - Sync 2 DAGs
[2026-05-18T06:36:38.033+0000] {logging_mixin.py:190} INFO - [2026-05-18T06:36:38.033+0000] {dag.py:4180} INFO - Setting next_dagrun for example_subdag_operator.section-1 to None, run_after=None
[2026-05-18T06:36:38.033+0000] {logging_mixin.py:190} INFO - [2026-05-18T06:36:38.033+0000] {dag.py:4180} INFO - Setting next_dagrun for example_subdag_operator.section-2 to None, run_after=None
[2026-05-18T06:36:38.055+0000] {processor.py:208} INFO - Processing /home/noelsdavid/airflow_venv/lib/python3.12/site-packages/airflow/example_dags/example_subdag_operator.py took 0.132 seconds
[2026-05-18T06:37:41.917+0000] {processor.py:186} INFO - Started process (PID=10935) to work on /home/noelsdavid/airflow_venv/lib/python3.12/site-packages/airflow/example_dags/example_subdag_operator.py
[2026-05-18T06:37:41.920+0000] {processor.py:914} INFO - Processing file /home/noelsdavid/airflow_venv/lib/python3.12/site-packages/airflow/example_dags/example_subdag_operator.py for tasks to queue
[2026-05-18T06:37:41.922+0000] {logging_mixin.py:190} INFO - [2026-05-18T06:37:41.921+0000] {dagbag.py:588} INFO - Filling up the DagBag from /home/noelsdavid/airflow_venv/lib/python3.12/site-packages/airflow/example_dags/example_subdag_operator.py
[2026-05-18T06:37:41.955+0000] {processor.py:925} INFO - DAG(s) 'example_subdag_operator.section-1', 'example_subdag_operator.section-2', 'example_subdag_operator' retrieved from /home/noelsdavid/airflow_venv/lib/python3.12/site-packages/airflow/example_dags/example_subdag_operator.py
[2026-05-18T06:37:41.974+0000] {logging_mixin.py:190} INFO - [2026-05-18T06:37:41.974+0000] {dag.py:3239} INFO - Sync 3 DAGs
[2026-05-18T06:37:42.002+0000] {logging_mixin.py:190} INFO - [2026-05-18T06:37:42.001+0000] {dag.py:4180} INFO - Setting next_dagrun for example_subdag_operator to 2022-01-01 00:00:00+00:00, run_after=2022-01-01 00:00:00+00:00
[2026-05-18T06:37:42.007+0000] {logging_mixin.py:190} INFO - [2026-05-18T06:37:42.007+0000] {dag.py:4180} INFO - Setting next_dagrun for example_subdag_operator.section-1 to None, run_after=None
[2026-05-18T06:37:42.008+0000] {logging_mixin.py:190} INFO - [2026-05-18T06:37:42.008+0000] {dag.py:4180} INFO - Setting next_dagrun for example_subdag_operator.section-2 to None, run_after=None
[2026-05-18T06:37:42.017+0000] {logging_mixin.py:190} INFO - [2026-05-18T06:37:42.016+0000] {dag.py:3239} INFO - Sync 2 DAGs
[2026-05-18T06:37:42.021+0000] {logging_mixin.py:190} INFO - [2026-05-18T06:37:42.021+0000] {dag.py:4180} INFO - Setting next_dagrun for example_subdag_operator.section-1 to None, run_after=None
[2026-05-18T06:37:42.022+0000] {logging_mixin.py:190} INFO - [2026-05-18T06:37:42.022+0000] {dag.py:4180} INFO - Setting next_dagrun for example_subdag_operator.section-2 to None, run_after=None
[2026-05-18T06:37:42.044+0000] {processor.py:208} INFO - Processing /home/noelsdavid/airflow_venv/lib/python3.12/site-packages/airflow/example_dags/example_subdag_operator.py took 0.134 seconds
[2026-05-18T06:38:47.817+0000] {processor.py:186} INFO - Started process (PID=11135) to work on /home/noelsdavid/airflow_venv/lib/python3.12/site-packages/airflow/example_dags/example_subdag_operator.py
[2026-05-18T06:38:47.820+0000] {processor.py:914} INFO - Processing file /home/noelsdavid/airflow_venv/lib/python3.12/site-packages/airflow/example_dags/example_subdag_operator.py for tasks to queue
[2026-05-18T06:38:47.822+0000] {logging_mixin.py:190} INFO - [2026-05-18T06:38:47.821+0000] {dagbag.py:588} INFO - Filling up the DagBag from /home/noelsdavid/airflow_venv/lib/python3.12/site-packages/airflow/example_dags/example_subdag_operator.py
[2026-05-18T06:38:47.855+0000] {processor.py:925} INFO - DAG(s) 'example_subdag_operator.section-1', 'example_subdag_operator.section-2', 'example_subdag_operator' retrieved from /home/noelsdavid/airflow_venv/lib/python3.12/site-packages/airflow/example_dags/example_subdag_operator.py
[2026-05-18T06:38:47.874+0000] {logging_mixin.py:190} INFO - [2026-05-18T06:38:47.874+0000] {dag.py:3239} INFO - Sync 3 DAGs
[2026-05-18T06:38:47.902+0000] {logging_mixin.py:190} INFO - [2026-05-18T06:38:47.902+0000] {dag.py:4180} INFO - Setting next_dagrun for example_subdag_operator to 2022-01-01 00:00:00+00:00, run_after=2022-01-01 00:00:00+00:00
[2026-05-18T06:38:47.906+0000] {logging_mixin.py:190} INFO - [2026-05-18T06:38:47.906+0000] {dag.py:4180} INFO - Setting next_dagrun for example_subdag_operator.section-1 to None, run_after=None
[2026-05-18T06:38:47.908+0000] {logging_mixin.py:190} INFO - [2026-05-18T06:38:47.907+0000] {dag.py:4180} INFO - Setting next_dagrun for example_subdag_operator.section-2 to None, run_after=None
[2026-05-18T06:38:47.916+0000] {logging_mixin.py:190} INFO - [2026-05-18T06:38:47.915+0000] {dag.py:3239} INFO - Sync 2 DAGs
[2026-05-18T06:38:47.921+0000] {logging_mixin.py:190} INFO - [2026-05-18T06:38:47.921+0000] {dag.py:4180} INFO - Setting next_dagrun for example_subdag_operator.section-1 to None, run_after=None
[2026-05-18T06:38:47.922+0000] {logging_mixin.py:190} INFO - [2026-05-18T06:38:47.921+0000] {dag.py:4180} INFO - Setting next_dagrun for example_subdag_operator.section-2 to None, run_after=None
[2026-05-18T06:38:47.949+0000] {processor.py:208} INFO - Processing /home/noelsdavid/airflow_venv/lib/python3.12/site-packages/airflow/example_dags/example_subdag_operator.py took 0.140 seconds
[2026-05-18T06:39:52.498+0000] {processor.py:186} INFO - Started process (PID=11334) to work on /home/noelsdavid/airflow_venv/lib/python3.12/site-packages/airflow/example_dags/example_subdag_operator.py
[2026-05-18T06:39:52.500+0000] {processor.py:914} INFO - Processing file /home/noelsdavid/airflow_venv/lib/python3.12/site-packages/airflow/example_dags/example_subdag_operator.py for tasks to queue
[2026-05-18T06:39:52.502+0000] {logging_mixin.py:190} INFO - [2026-05-18T06:39:52.502+0000] {dagbag.py:588} INFO - Filling up the DagBag from /home/noelsdavid/airflow_venv/lib/python3.12/site-packages/airflow/example_dags/example_subdag_operator.py
[2026-05-18T06:39:52.535+0000] {processor.py:925} INFO - DAG(s) 'example_subdag_operator.section-1', 'example_subdag_operator.section-2', 'example_subdag_operator' retrieved from /home/noelsdavid/airflow_venv/lib/python3.12/site-packages/airflow/example_dags/example_subdag_operator.py
[2026-05-18T06:39:52.554+0000] {logging_mixin.py:190} INFO - [2026-05-18T06:39:52.554+0000] {dag.py:3239} INFO - Sync 3 DAGs
[2026-05-18T06:39:52.581+0000] {logging_mixin.py:190} INFO - [2026-05-18T06:39:52.581+0000] {dag.py:4180} INFO - Setting next_dagrun for example_subdag_operator to 2022-01-01 00:00:00+00:00, run_after=2022-01-01 00:00:00+00:00
[2026-05-18T06:39:52.586+0000] {logging_mixin.py:190} INFO - [2026-05-18T06:39:52.585+0000] {dag.py:4180} INFO - Setting next_dagrun for example_subdag_operator.section-1 to None, run_after=None
[2026-05-18T06:39:52.587+0000] {logging_mixin.py:190} INFO - [2026-05-18T06:39:52.587+0000] {dag.py:4180} INFO - Setting next_dagrun for example_subdag_operator.section-2 to None, run_after=None
[2026-05-18T06:39:52.597+0000] {logging_mixin.py:190} INFO - [2026-05-18T06:39:52.596+0000] {dag.py:3239} INFO - Sync 2 DAGs
[2026-05-18T06:39:52.602+0000] {logging_mixin.py:190} INFO - [2026-05-18T06:39:52.601+0000] {dag.py:4180} INFO - Setting next_dagrun for example_subdag_operator.section-1 to None, run_after=None
[2026-05-18T06:39:52.602+0000] {logging_mixin.py:190} INFO - [2026-05-18T06:39:52.602+0000] {dag.py:4180} INFO - Setting next_dagrun for example_subdag_operator.section-2 to None, run_after=None
[2026-05-18T06:39:52.623+0000] {processor.py:208} INFO - Processing /home/noelsdavid/airflow_venv/lib/python3.12/site-packages/airflow/example_dags/example_subdag_operator.py took 0.133 seconds
[2026-05-18T06:41:07.314+0000] {processor.py:186} INFO - Started process (PID=11712) to work on /home/noelsdavid/airflow_venv/lib/python3.12/site-packages/airflow/example_dags/example_subdag_operator.py
[2026-05-18T06:41:07.317+0000] {processor.py:914} INFO - Processing file /home/noelsdavid/airflow_venv/lib/python3.12/site-packages/airflow/example_dags/example_subdag_operator.py for tasks to queue
[2026-05-18T06:41:07.319+0000] {logging_mixin.py:190} INFO - [2026-05-18T06:41:07.319+0000] {dagbag.py:588} INFO - Filling up the DagBag from /home/noelsdavid/airflow_venv/lib/python3.12/site-packages/airflow/example_dags/example_subdag_operator.py
[2026-05-18T06:41:07.359+0000] {processor.py:925} INFO - DAG(s) 'example_subdag_operator.section-1', 'example_subdag_operator.section-2', 'example_subdag_operator' retrieved from /home/noelsdavid/airflow_venv/lib/python3.12/site-packages/airflow/example_dags/example_subdag_operator.py
[2026-05-18T06:41:07.379+0000] {logging_mixin.py:190} INFO - [2026-05-18T06:41:07.379+0000] {dag.py:3239} INFO - Sync 3 DAGs
[2026-05-18T06:41:07.412+0000] {logging_mixin.py:190} INFO - [2026-05-18T06:41:07.412+0000] {dag.py:4180} INFO - Setting next_dagrun for example_subdag_operator to 2022-01-01 00:00:00+00:00, run_after=2022-01-01 00:00:00+00:00
[2026-05-18T06:41:07.416+0000] {logging_mixin.py:190} INFO - [2026-05-18T06:41:07.416+0000] {dag.py:4180} INFO - Setting next_dagrun for example_subdag_operator.section-1 to None, run_after=None
[2026-05-18T06:41:07.419+0000] {logging_mixin.py:190} INFO - [2026-05-18T06:41:07.419+0000] {dag.py:4180} INFO - Setting next_dagrun for example_subdag_operator.section-2 to None, run_after=None
[2026-05-18T06:41:07.430+0000] {logging_mixin.py:190} INFO - [2026-05-18T06:41:07.429+0000] {dag.py:3239} INFO - Sync 2 DAGs
[2026-05-18T06:41:07.436+0000] {logging_mixin.py:190} INFO - [2026-05-18T06:41:07.436+0000] {dag.py:4180} INFO - Setting next_dagrun for example_subdag_operator.section-1 to None, run_after=None
[2026-05-18T06:41:07.437+0000] {logging_mixin.py:190} INFO - [2026-05-18T06:41:07.437+0000] {dag.py:4180} INFO - Setting next_dagrun for example_subdag_operator.section-2 to None, run_after=None
[2026-05-18T06:41:07.459+0000] {processor.py:208} INFO - Processing /home/noelsdavid/airflow_venv/lib/python3.12/site-packages/airflow/example_dags/example_subdag_operator.py took 0.154 seconds
[2026-05-18T06:42:18.805+0000] {processor.py:186} INFO - Started process (PID=12381) to work on /home/noelsdavid/airflow_venv/lib/python3.12/site-packages/airflow/example_dags/example_subdag_operator.py
[2026-05-18T06:42:18.808+0000] {processor.py:914} INFO - Processing file /home/noelsdavid/airflow_venv/lib/python3.12/site-packages/airflow/example_dags/example_subdag_operator.py for tasks to queue
[2026-05-18T06:42:18.811+0000] {logging_mixin.py:190} INFO - [2026-05-18T06:42:18.810+0000] {dagbag.py:588} INFO - Filling up the DagBag from /home/noelsdavid/airflow_venv/lib/python3.12/site-packages/airflow/example_dags/example_subdag_operator.py
[2026-05-18T06:42:18.860+0000] {processor.py:925} INFO - DAG(s) 'example_subdag_operator.section-1', 'example_subdag_operator.section-2', 'example_subdag_operator' retrieved from /home/noelsdavid/airflow_venv/lib/python3.12/site-packages/airflow/example_dags/example_subdag_operator.py
[2026-05-18T06:42:18.884+0000] {logging_mixin.py:190} INFO - [2026-05-18T06:42:18.884+0000] {dag.py:3239} INFO - Sync 3 DAGs
[2026-05-18T06:42:18.929+0000] {logging_mixin.py:190} INFO - [2026-05-18T06:42:18.929+0000] {dag.py:4180} INFO - Setting next_dagrun for example_subdag_operator to 2022-01-01 00:00:00+00:00, run_after=2022-01-01 00:00:00+00:00
[2026-05-18T06:42:18.934+0000] {logging_mixin.py:190} INFO - [2026-05-18T06:42:18.934+0000] {dag.py:4180} INFO - Setting next_dagrun for example_subdag_operator.section-1 to None, run_after=None
[2026-05-18T06:42:18.937+0000] {logging_mixin.py:190} INFO - [2026-05-18T06:42:18.936+0000] {dag.py:4180} INFO - Setting next_dagrun for example_subdag_operator.section-2 to None, run_after=None
[2026-05-18T06:42:18.950+0000] {logging_mixin.py:190} INFO - [2026-05-18T06:42:18.950+0000] {dag.py:3239} INFO - Sync 2 DAGs
[2026-05-18T06:42:18.957+0000] {logging_mixin.py:190} INFO - [2026-05-18T06:42:18.957+0000] {dag.py:4180} INFO - Setting next_dagrun for example_subdag_operator.section-1 to None, run_after=None
[2026-05-18T06:42:18.957+0000] {logging_mixin.py:190} INFO - [2026-05-18T06:42:18.957+0000] {dag.py:4180} INFO - Setting next_dagrun for example_subdag_operator.section-2 to None, run_after=None
[2026-05-18T06:42:18.988+0000] {processor.py:208} INFO - Processing /home/noelsdavid/airflow_venv/lib/python3.12/site-packages/airflow/example_dags/example_subdag_operator.py took 0.195 seconds
[2026-05-18T06:43:51.437+0000] {processor.py:186} INFO - Started process (PID=12979) to work on /home/noelsdavid/airflow_venv/lib/python3.12/site-packages/airflow/example_dags/example_subdag_operator.py
[2026-05-18T06:43:51.452+0000] {processor.py:914} INFO - Processing file /home/noelsdavid/airflow_venv/lib/python3.12/site-packages/airflow/example_dags/example_subdag_operator.py for tasks to queue
[2026-05-18T06:43:51.454+0000] {logging_mixin.py:190} INFO - [2026-05-18T06:43:51.453+0000] {dagbag.py:588} INFO - Filling up the DagBag from /home/noelsdavid/airflow_venv/lib/python3.12/site-packages/airflow/example_dags/example_subdag_operator.py
[2026-05-18T06:43:51.499+0000] {processor.py:925} INFO - DAG(s) 'example_subdag_operator.section-1', 'example_subdag_operator.section-2', 'example_subdag_operator' retrieved from /home/noelsdavid/airflow_venv/lib/python3.12/site-packages/airflow/example_dags/example_subdag_operator.py
[2026-05-18T06:43:51.521+0000] {logging_mixin.py:190} INFO - [2026-05-18T06:43:51.520+0000] {dag.py:3239} INFO - Sync 3 DAGs
[2026-05-18T06:43:51.554+0000] {logging_mixin.py:190} INFO - [2026-05-18T06:43:51.554+0000] {dag.py:4180} INFO - Setting next_dagrun for example_subdag_operator to 2022-01-01 00:00:00+00:00, run_after=2022-01-01 00:00:00+00:00
[2026-05-18T06:43:51.559+0000] {logging_mixin.py:190} INFO - [2026-05-18T06:43:51.558+0000] {dag.py:4180} INFO - Setting next_dagrun for example_subdag_operator.section-1 to None, run_after=None
[2026-05-18T06:43:51.560+0000] {logging_mixin.py:190} INFO - [2026-05-18T06:43:51.560+0000] {dag.py:4180} INFO - Setting next_dagrun for example_subdag_operator.section-2 to None, run_after=None
[2026-05-18T06:43:51.569+0000] {logging_mixin.py:190} INFO - [2026-05-18T06:43:51.569+0000] {dag.py:3239} INFO - Sync 2 DAGs
[2026-05-18T06:43:51.576+0000] {logging_mixin.py:190} INFO - [2026-05-18T06:43:51.576+0000] {dag.py:4180} INFO - Setting next_dagrun for example_subdag_operator.section-1 to None, run_after=None
[2026-05-18T06:43:51.576+0000] {logging_mixin.py:190} INFO - [2026-05-18T06:43:51.576+0000] {dag.py:4180} INFO - Setting next_dagrun for example_subdag_operator.section-2 to None, run_after=None
[2026-05-18T06:43:51.605+0000] {processor.py:208} INFO - Processing /home/noelsdavid/airflow_venv/lib/python3.12/site-packages/airflow/example_dags/example_subdag_operator.py took 0.179 seconds
[2026-05-18T06:45:09.161+0000] {processor.py:186} INFO - Started process (PID=13087) to work on /home/noelsdavid/airflow_venv/lib/python3.12/site-packages/airflow/example_dags/example_subdag_operator.py
[2026-05-18T06:45:09.164+0000] {processor.py:914} INFO - Processing file /home/noelsdavid/airflow_venv/lib/python3.12/site-packages/airflow/example_dags/example_subdag_operator.py for tasks to queue
[2026-05-18T06:45:09.166+0000] {logging_mixin.py:190} INFO - [2026-05-18T06:45:09.165+0000] {dagbag.py:588} INFO - Filling up the DagBag from /home/noelsdavid/airflow_venv/lib/python3.12/site-packages/airflow/example_dags/example_subdag_operator.py
[2026-05-18T06:45:09.199+0000] {processor.py:925} INFO - DAG(s) 'example_subdag_operator.section-1', 'example_subdag_operator.section-2', 'example_subdag_operator' retrieved from /home/noelsdavid/airflow_venv/lib/python3.12/site-packages/airflow/example_dags/example_subdag_operator.py
[2026-05-18T06:45:09.218+0000] {logging_mixin.py:190} INFO - [2026-05-18T06:45:09.218+0000] {dag.py:3239} INFO - Sync 3 DAGs
[2026-05-18T06:45:09.248+0000] {logging_mixin.py:190} INFO - [2026-05-18T06:45:09.248+0000] {dag.py:4180} INFO - Setting next_dagrun for example_subdag_operator to 2022-01-01 00:00:00+00:00, run_after=2022-01-01 00:00:00+00:00
[2026-05-18T06:45:09.253+0000] {logging_mixin.py:190} INFO - [2026-05-18T06:45:09.252+0000] {dag.py:4180} INFO - Setting next_dagrun for example_subdag_operator.section-1 to None, run_after=None
[2026-05-18T06:45:09.254+0000] {logging_mixin.py:190} INFO - [2026-05-18T06:45:09.254+0000] {dag.py:4180} INFO - Setting next_dagrun for example_subdag_operator.section-2 to None, run_after=None
[2026-05-18T06:45:09.261+0000] {logging_mixin.py:190} INFO - [2026-05-18T06:45:09.261+0000] {dag.py:3239} INFO - Sync 2 DAGs
[2026-05-18T06:45:09.267+0000] {logging_mixin.py:190} INFO - [2026-05-18T06:45:09.266+0000] {dag.py:4180} INFO - Setting next_dagrun for example_subdag_operator.section-1 to None, run_after=None
[2026-05-18T06:45:09.267+0000] {logging_mixin.py:190} INFO - [2026-05-18T06:45:09.267+0000] {dag.py:4180} INFO - Setting next_dagrun for example_subdag_operator.section-2 to None, run_after=None
[2026-05-18T06:45:09.291+0000] {processor.py:208} INFO - Processing /home/noelsdavid/airflow_venv/lib/python3.12/site-packages/airflow/example_dags/example_subdag_operator.py took 0.141 seconds
[2026-05-18T06:46:21.205+0000] {processor.py:186} INFO - Started process (PID=13189) to work on /home/noelsdavid/airflow_venv/lib/python3.12/site-packages/airflow/example_dags/example_subdag_operator.py
[2026-05-18T06:46:21.228+0000] {processor.py:914} INFO - Processing file /home/noelsdavid/airflow_venv/lib/python3.12/site-packages/airflow/example_dags/example_subdag_operator.py for tasks to queue
[2026-05-18T06:46:21.230+0000] {logging_mixin.py:190} INFO - [2026-05-18T06:46:21.230+0000] {dagbag.py:588} INFO - Filling up the DagBag from /home/noelsdavid/airflow_venv/lib/python3.12/site-packages/airflow/example_dags/example_subdag_operator.py
[2026-05-18T06:46:21.268+0000] {processor.py:925} INFO - DAG(s) 'example_subdag_operator.section-1', 'example_subdag_operator.section-2', 'example_subdag_operator' retrieved from /home/noelsdavid/airflow_venv/lib/python3.12/site-packages/airflow/example_dags/example_subdag_operator.py
[2026-05-18T06:46:21.290+0000] {logging_mixin.py:190} INFO - [2026-05-18T06:46:21.289+0000] {dag.py:3239} INFO - Sync 3 DAGs
[2026-05-18T06:46:21.321+0000] {logging_mixin.py:190} INFO - [2026-05-18T06:46:21.321+0000] {dag.py:4180} INFO - Setting next_dagrun for example_subdag_operator to 2022-01-01 00:00:00+00:00, run_after=2022-01-01 00:00:00+00:00
[2026-05-18T06:46:21.328+0000] {logging_mixin.py:190} INFO - [2026-05-18T06:46:21.327+0000] {dag.py:4180} INFO - Setting next_dagrun for example_subdag_operator.section-1 to None, run_after=None
[2026-05-18T06:46:21.329+0000] {logging_mixin.py:190} INFO - [2026-05-18T06:46:21.329+0000] {dag.py:4180} INFO - Setting next_dagrun for example_subdag_operator.section-2 to None, run_after=None
[2026-05-18T06:46:21.338+0000] {logging_mixin.py:190} INFO - [2026-05-18T06:46:21.337+0000] {dag.py:3239} INFO - Sync 2 DAGs
[2026-05-18T06:46:21.344+0000] {logging_mixin.py:190} INFO - [2026-05-18T06:46:21.344+0000] {dag.py:4180} INFO - Setting next_dagrun for example_subdag_operator.section-1 to None, run_after=None
[2026-05-18T06:46:21.345+0000] {logging_mixin.py:190} INFO - [2026-05-18T06:46:21.344+0000] {dag.py:4180} INFO - Setting next_dagrun for example_subdag_operator.section-2 to None, run_after=None
[2026-05-18T06:46:21.370+0000] {processor.py:208} INFO - Processing /home/noelsdavid/airflow_venv/lib/python3.12/site-packages/airflow/example_dags/example_subdag_operator.py took 0.182 seconds
[2026-05-18T06:47:29.742+0000] {processor.py:186} INFO - Started process (PID=13265) to work on /home/noelsdavid/airflow_venv/lib/python3.12/site-packages/airflow/example_dags/example_subdag_operator.py
[2026-05-18T06:47:29.744+0000] {processor.py:914} INFO - Processing file /home/noelsdavid/airflow_venv/lib/python3.12/site-packages/airflow/example_dags/example_subdag_operator.py for tasks to queue
[2026-05-18T06:47:29.746+0000] {logging_mixin.py:190} INFO - [2026-05-18T06:47:29.746+0000] {dagbag.py:588} INFO - Filling up the DagBag from /home/noelsdavid/airflow_venv/lib/python3.12/site-packages/airflow/example_dags/example_subdag_operator.py
[2026-05-18T06:47:29.780+0000] {processor.py:925} INFO - DAG(s) 'example_subdag_operator.section-1', 'example_subdag_operator.section-2', 'example_subdag_operator' retrieved from /home/noelsdavid/airflow_venv/lib/python3.12/site-packages/airflow/example_dags/example_subdag_operator.py
[2026-05-18T06:47:29.799+0000] {logging_mixin.py:190} INFO - [2026-05-18T06:47:29.799+0000] {dag.py:3239} INFO - Sync 3 DAGs
[2026-05-18T06:47:29.826+0000] {logging_mixin.py:190} INFO - [2026-05-18T06:47:29.825+0000] {dag.py:4180} INFO - Setting next_dagrun for example_subdag_operator to 2022-01-01 00:00:00+00:00, run_after=2022-01-01 00:00:00+00:00
[2026-05-18T06:47:29.830+0000] {logging_mixin.py:190} INFO - [2026-05-18T06:47:29.830+0000] {dag.py:4180} INFO - Setting next_dagrun for example_subdag_operator.section-1 to None, run_after=None
[2026-05-18T06:47:29.831+0000] {logging_mixin.py:190} INFO - [2026-05-18T06:47:29.831+0000] {dag.py:4180} INFO - Setting next_dagrun for example_subdag_operator.section-2 to None, run_after=None
[2026-05-18T06:47:29.840+0000] {logging_mixin.py:190} INFO - [2026-05-18T06:47:29.839+0000] {dag.py:3239} INFO - Sync 2 DAGs
[2026-05-18T06:47:29.845+0000] {logging_mixin.py:190} INFO - [2026-05-18T06:47:29.845+0000] {dag.py:4180} INFO - Setting next_dagrun for example_subdag_operator.section-1 to None, run_after=None
[2026-05-18T06:47:29.846+0000] {logging_mixin.py:190} INFO - [2026-05-18T06:47:29.846+0000] {dag.py:4180} INFO - Setting next_dagrun for example_subdag_operator.section-2 to None, run_after=None
[2026-05-18T06:47:29.868+0000] {processor.py:208} INFO - Processing /home/noelsdavid/airflow_venv/lib/python3.12/site-packages/airflow/example_dags/example_subdag_operator.py took 0.137 seconds
[2026-05-18T06:48:33.218+0000] {processor.py:186} INFO - Started process (PID=13337) to work on /home/noelsdavid/airflow_venv/lib/python3.12/site-packages/airflow/example_dags/example_subdag_operator.py
[2026-05-18T06:48:33.220+0000] {processor.py:914} INFO - Processing file /home/noelsdavid/airflow_venv/lib/python3.12/site-packages/airflow/example_dags/example_subdag_operator.py for tasks to queue
[2026-05-18T06:48:33.222+0000] {logging_mixin.py:190} INFO - [2026-05-18T06:48:33.222+0000] {dagbag.py:588} INFO - Filling up the DagBag from /home/noelsdavid/airflow_venv/lib/python3.12/site-packages/airflow/example_dags/example_subdag_operator.py
[2026-05-18T06:48:33.256+0000] {processor.py:925} INFO - DAG(s) 'example_subdag_operator.section-1', 'example_subdag_operator.section-2', 'example_subdag_operator' retrieved from /home/noelsdavid/airflow_venv/lib/python3.12/site-packages/airflow/example_dags/example_subdag_operator.py
[2026-05-18T06:48:33.276+0000] {logging_mixin.py:190} INFO - [2026-05-18T06:48:33.275+0000] {dag.py:3239} INFO - Sync 3 DAGs
[2026-05-18T06:48:33.304+0000] {logging_mixin.py:190} INFO - [2026-05-18T06:48:33.304+0000] {dag.py:4180} INFO - Setting next_dagrun for example_subdag_operator to 2022-01-01 00:00:00+00:00, run_after=2022-01-01 00:00:00+00:00
[2026-05-18T06:48:33.308+0000] {logging_mixin.py:190} INFO - [2026-05-18T06:48:33.308+0000] {dag.py:4180} INFO - Setting next_dagrun for example_subdag_operator.section-1 to None, run_after=None
[2026-05-18T06:48:33.309+0000] {logging_mixin.py:190} INFO - [2026-05-18T06:48:33.309+0000] {dag.py:4180} INFO - Setting next_dagrun for example_subdag_operator.section-2 to None, run_after=None
[2026-05-18T06:48:33.317+0000] {logging_mixin.py:190} INFO - [2026-05-18T06:48:33.317+0000] {dag.py:3239} INFO - Sync 2 DAGs
[2026-05-18T06:48:33.322+0000] {logging_mixin.py:190} INFO - [2026-05-18T06:48:33.322+0000] {dag.py:4180} INFO - Setting next_dagrun for example_subdag_operator.section-1 to None, run_after=None
[2026-05-18T06:48:33.323+0000] {logging_mixin.py:190} INFO - [2026-05-18T06:48:33.323+0000] {dag.py:4180} INFO - Setting next_dagrun for example_subdag_operator.section-2 to None, run_after=None
[2026-05-18T06:48:33.346+0000] {processor.py:208} INFO - Processing /home/noelsdavid/airflow_venv/lib/python3.12/site-packages/airflow/example_dags/example_subdag_operator.py took 0.139 seconds
[2026-05-18T06:49:37.437+0000] {processor.py:186} INFO - Started process (PID=13409) to work on /home/noelsdavid/airflow_venv/lib/python3.12/site-packages/airflow/example_dags/example_subdag_operator.py
[2026-05-18T06:49:37.440+0000] {processor.py:914} INFO - Processing file /home/noelsdavid/airflow_venv/lib/python3.12/site-packages/airflow/example_dags/example_subdag_operator.py for tasks to queue
[2026-05-18T06:49:37.442+0000] {logging_mixin.py:190} INFO - [2026-05-18T06:49:37.441+0000] {dagbag.py:588} INFO - Filling up the DagBag from /home/noelsdavid/airflow_venv/lib/python3.12/site-packages/airflow/example_dags/example_subdag_operator.py
[2026-05-18T06:49:37.473+0000] {processor.py:925} INFO - DAG(s) 'example_subdag_operator.section-1', 'example_subdag_operator.section-2', 'example_subdag_operator' retrieved from /home/noelsdavid/airflow_venv/lib/python3.12/site-packages/airflow/example_dags/example_subdag_operator.py
[2026-05-18T06:49:37.492+0000] {logging_mixin.py:190} INFO - [2026-05-18T06:49:37.492+0000] {dag.py:3239} INFO - Sync 3 DAGs
[2026-05-18T06:49:37.519+0000] {logging_mixin.py:190} INFO - [2026-05-18T06:49:37.518+0000] {dag.py:4180} INFO - Setting next_dagrun for example_subdag_operator to 2022-01-01 00:00:00+00:00, run_after=2022-01-01 00:00:00+00:00
[2026-05-18T06:49:37.523+0000] {logging_mixin.py:190} INFO - [2026-05-18T06:49:37.522+0000] {dag.py:4180} INFO - Setting next_dagrun for example_subdag_operator.section-1 to None, run_after=None
[2026-05-18T06:49:37.524+0000] {logging_mixin.py:190} INFO - [2026-05-18T06:49:37.524+0000] {dag.py:4180} INFO - Setting next_dagrun for example_subdag_operator.section-2 to None, run_after=None
[2026-05-18T06:49:37.532+0000] {logging_mixin.py:190} INFO - [2026-05-18T06:49:37.531+0000] {dag.py:3239} INFO - Sync 2 DAGs
[2026-05-18T06:49:37.537+0000] {logging_mixin.py:190} INFO - [2026-05-18T06:49:37.537+0000] {dag.py:4180} INFO - Setting next_dagrun for example_subdag_operator.section-1 to None, run_after=None
[2026-05-18T06:49:37.538+0000] {logging_mixin.py:190} INFO - [2026-05-18T06:49:37.537+0000] {dag.py:4180} INFO - Setting next_dagrun for example_subdag_operator.section-2 to None, run_after=None
[2026-05-18T06:49:37.561+0000] {processor.py:208} INFO - Processing /home/noelsdavid/airflow_venv/lib/python3.12/site-packages/airflow/example_dags/example_subdag_operator.py took 0.135 seconds
[2026-05-18T06:50:45.799+0000] {processor.py:186} INFO - Started process (PID=14000) to work on /home/noelsdavid/airflow_venv/lib/python3.12/site-packages/airflow/example_dags/example_subdag_operator.py
[2026-05-18T06:50:45.801+0000] {processor.py:914} INFO - Processing file /home/noelsdavid/airflow_venv/lib/python3.12/site-packages/airflow/example_dags/example_subdag_operator.py for tasks to queue
[2026-05-18T06:50:45.803+0000] {logging_mixin.py:190} INFO - [2026-05-18T06:50:45.802+0000] {dagbag.py:588} INFO - Filling up the DagBag from /home/noelsdavid/airflow_venv/lib/python3.12/site-packages/airflow/example_dags/example_subdag_operator.py
[2026-05-18T06:50:45.835+0000] {processor.py:925} INFO - DAG(s) 'example_subdag_operator.section-1', 'example_subdag_operator.section-2', 'example_subdag_operator' retrieved from /home/noelsdavid/airflow_venv/lib/python3.12/site-packages/airflow/example_dags/example_subdag_operator.py
[2026-05-18T06:50:45.854+0000] {logging_mixin.py:190} INFO - [2026-05-18T06:50:45.853+0000] {dag.py:3239} INFO - Sync 3 DAGs
[2026-05-18T06:50:45.879+0000] {logging_mixin.py:190} INFO - [2026-05-18T06:50:45.879+0000] {dag.py:4180} INFO - Setting next_dagrun for example_subdag_operator to 2022-01-01 00:00:00+00:00, run_after=2022-01-01 00:00:00+00:00
[2026-05-18T06:50:45.883+0000] {logging_mixin.py:190} INFO - [2026-05-18T06:50:45.883+0000] {dag.py:4180} INFO - Setting next_dagrun for example_subdag_operator.section-1 to None, run_after=None
[2026-05-18T06:50:45.884+0000] {logging_mixin.py:190} INFO - [2026-05-18T06:50:45.884+0000] {dag.py:4180} INFO - Setting next_dagrun for example_subdag_operator.section-2 to None, run_after=None
[2026-05-18T06:50:45.892+0000] {logging_mixin.py:190} INFO - [2026-05-18T06:50:45.892+0000] {dag.py:3239} INFO - Sync 2 DAGs
[2026-05-18T06:50:45.897+0000] {logging_mixin.py:190} INFO - [2026-05-18T06:50:45.897+0000] {dag.py:4180} INFO - Setting next_dagrun for example_subdag_operator.section-1 to None, run_after=None
[2026-05-18T06:50:45.898+0000] {logging_mixin.py:190} INFO - [2026-05-18T06:50:45.897+0000] {dag.py:4180} INFO - Setting next_dagrun for example_subdag_operator.section-2 to None, run_after=None
[2026-05-18T06:50:45.924+0000] {processor.py:208} INFO - Processing /home/noelsdavid/airflow_venv/lib/python3.12/site-packages/airflow/example_dags/example_subdag_operator.py took 0.135 seconds
