[2026-05-18T06:00:20.442+0000] {processor.py:186} INFO - Started process (PID=6902) to work on /home/noelsdavid/airflow_venv/lib/python3.12/site-packages/airflow/example_dags/example_workday_timetable.py
[2026-05-18T06:00:20.443+0000] {processor.py:914} INFO - Processing file /home/noelsdavid/airflow_venv/lib/python3.12/site-packages/airflow/example_dags/example_workday_timetable.py for tasks to queue
[2026-05-18T06:00:20.445+0000] {logging_mixin.py:190} INFO - [2026-05-18T06:00:20.445+0000] {dagbag.py:588} INFO - Filling up the DagBag from /home/noelsdavid/airflow_venv/lib/python3.12/site-packages/airflow/example_dags/example_workday_timetable.py
[2026-05-18T06:00:20.456+0000] {processor.py:925} INFO - DAG(s) 'example_workday_timetable' retrieved from /home/noelsdavid/airflow_venv/lib/python3.12/site-packages/airflow/example_dags/example_workday_timetable.py
[2026-05-18T06:00:20.597+0000] {logging_mixin.py:190} INFO - [2026-05-18T06:00:20.596+0000] {override.py:1911} INFO - Created Permission View: can edit on DAG:example_workday_timetable
[2026-05-18T06:00:20.615+0000] {logging_mixin.py:190} INFO - [2026-05-18T06:00:20.615+0000] {override.py:1911} INFO - Created Permission View: can delete on DAG:example_workday_timetable
[2026-05-18T06:00:20.630+0000] {logging_mixin.py:190} INFO - [2026-05-18T06:00:20.629+0000] {override.py:1911} INFO - Created Permission View: can read on DAG:example_workday_timetable
[2026-05-18T06:00:20.652+0000] {logging_mixin.py:190} INFO - [2026-05-18T06:00:20.651+0000] {override.py:1911} INFO - Created Permission View: can delete on DAG Run:example_workday_timetable
[2026-05-18T06:00:20.666+0000] {logging_mixin.py:190} INFO - [2026-05-18T06:00:20.665+0000] {override.py:1911} INFO - Created Permission View: menu access on DAG Run:example_workday_timetable
[2026-05-18T06:00:20.679+0000] {logging_mixin.py:190} INFO - [2026-05-18T06:00:20.679+0000] {override.py:1911} INFO - Created Permission View: can create on DAG Run:example_workday_timetable
[2026-05-18T06:00:20.692+0000] {logging_mixin.py:190} INFO - [2026-05-18T06:00:20.692+0000] {override.py:1911} INFO - Created Permission View: can read on DAG Run:example_workday_timetable
[2026-05-18T06:00:20.693+0000] {logging_mixin.py:190} INFO - [2026-05-18T06:00:20.692+0000] {dag.py:3239} INFO - Sync 1 DAGs
[2026-05-18T06:00:20.709+0000] {logging_mixin.py:190} INFO - [2026-05-18T06:00:20.709+0000] {dag.py:3262} INFO - Creating ORM DAG for example_workday_timetable
[2026-05-18T06:00:20.719+0000] {logging_mixin.py:190} INFO - [2026-05-18T06:00:20.719+0000] {dag.py:4180} INFO - Setting next_dagrun for example_workday_timetable to 2021-01-01 00:00:00+00:00, run_after=2021-01-02 00:00:00+00:00
[2026-05-18T06:00:20.747+0000] {processor.py:208} INFO - Processing /home/noelsdavid/airflow_venv/lib/python3.12/site-packages/airflow/example_dags/example_workday_timetable.py took 0.313 seconds
[2026-05-18T06:01:31.269+0000] {processor.py:186} INFO - Started process (PID=6961) to work on /home/noelsdavid/airflow_venv/lib/python3.12/site-packages/airflow/example_dags/example_workday_timetable.py
[2026-05-18T06:01:31.296+0000] {processor.py:914} INFO - Processing file /home/noelsdavid/airflow_venv/lib/python3.12/site-packages/airflow/example_dags/example_workday_timetable.py for tasks to queue
[2026-05-18T06:01:31.299+0000] {logging_mixin.py:190} INFO - [2026-05-18T06:01:31.298+0000] {dagbag.py:588} INFO - Filling up the DagBag from /home/noelsdavid/airflow_venv/lib/python3.12/site-packages/airflow/example_dags/example_workday_timetable.py
[2026-05-18T06:01:31.307+0000] {processor.py:925} INFO - DAG(s) 'example_workday_timetable' retrieved from /home/noelsdavid/airflow_venv/lib/python3.12/site-packages/airflow/example_dags/example_workday_timetable.py
[2026-05-18T06:01:31.327+0000] {logging_mixin.py:190} INFO - [2026-05-18T06:01:31.326+0000] {dag.py:3239} INFO - Sync 1 DAGs
[2026-05-18T06:01:31.351+0000] {logging_mixin.py:190} INFO - [2026-05-18T06:01:31.351+0000] {dag.py:4180} INFO - Setting next_dagrun for example_workday_timetable to 2021-01-01 00:00:00+00:00, run_after=2021-01-02 00:00:00+00:00
[2026-05-18T06:01:31.380+0000] {processor.py:208} INFO - Processing /home/noelsdavid/airflow_venv/lib/python3.12/site-packages/airflow/example_dags/example_workday_timetable.py took 0.119 seconds
[2026-05-18T06:02:31.242+0000] {processor.py:186} INFO - Started process (PID=7021) to work on /home/noelsdavid/airflow_venv/lib/python3.12/site-packages/airflow/example_dags/example_workday_timetable.py
[2026-05-18T06:02:31.245+0000] {processor.py:914} INFO - Processing file /home/noelsdavid/airflow_venv/lib/python3.12/site-packages/airflow/example_dags/example_workday_timetable.py for tasks to queue
[2026-05-18T06:02:31.248+0000] {logging_mixin.py:190} INFO - [2026-05-18T06:02:31.248+0000] {dagbag.py:588} INFO - Filling up the DagBag from /home/noelsdavid/airflow_venv/lib/python3.12/site-packages/airflow/example_dags/example_workday_timetable.py
[2026-05-18T06:02:31.257+0000] {processor.py:925} INFO - DAG(s) 'example_workday_timetable' retrieved from /home/noelsdavid/airflow_venv/lib/python3.12/site-packages/airflow/example_dags/example_workday_timetable.py
[2026-05-18T06:02:31.276+0000] {logging_mixin.py:190} INFO - [2026-05-18T06:02:31.275+0000] {dag.py:3239} INFO - Sync 1 DAGs
[2026-05-18T06:02:31.299+0000] {logging_mixin.py:190} INFO - [2026-05-18T06:02:31.299+0000] {dag.py:4180} INFO - Setting next_dagrun for example_workday_timetable to 2021-01-01 00:00:00+00:00, run_after=2021-01-02 00:00:00+00:00
[2026-05-18T06:02:31.329+0000] {processor.py:208} INFO - Processing /home/noelsdavid/airflow_venv/lib/python3.12/site-packages/airflow/example_dags/example_workday_timetable.py took 0.094 seconds
[2026-05-18T06:03:30.175+0000] {processor.py:186} INFO - Started process (PID=7078) to work on /home/noelsdavid/airflow_venv/lib/python3.12/site-packages/airflow/example_dags/example_workday_timetable.py
[2026-05-18T06:03:30.178+0000] {processor.py:914} INFO - Processing file /home/noelsdavid/airflow_venv/lib/python3.12/site-packages/airflow/example_dags/example_workday_timetable.py for tasks to queue
[2026-05-18T06:03:30.181+0000] {logging_mixin.py:190} INFO - [2026-05-18T06:03:30.181+0000] {dagbag.py:588} INFO - Filling up the DagBag from /home/noelsdavid/airflow_venv/lib/python3.12/site-packages/airflow/example_dags/example_workday_timetable.py
[2026-05-18T06:03:30.190+0000] {processor.py:925} INFO - DAG(s) 'example_workday_timetable' retrieved from /home/noelsdavid/airflow_venv/lib/python3.12/site-packages/airflow/example_dags/example_workday_timetable.py
[2026-05-18T06:03:30.209+0000] {logging_mixin.py:190} INFO - [2026-05-18T06:03:30.208+0000] {dag.py:3239} INFO - Sync 1 DAGs
[2026-05-18T06:03:30.232+0000] {logging_mixin.py:190} INFO - [2026-05-18T06:03:30.232+0000] {dag.py:4180} INFO - Setting next_dagrun for example_workday_timetable to 2021-01-01 00:00:00+00:00, run_after=2021-01-02 00:00:00+00:00
[2026-05-18T06:03:30.262+0000] {processor.py:208} INFO - Processing /home/noelsdavid/airflow_venv/lib/python3.12/site-packages/airflow/example_dags/example_workday_timetable.py took 0.094 seconds
[2026-05-18T06:04:30.946+0000] {processor.py:186} INFO - Started process (PID=7138) to work on /home/noelsdavid/airflow_venv/lib/python3.12/site-packages/airflow/example_dags/example_workday_timetable.py
[2026-05-18T06:04:30.948+0000] {processor.py:914} INFO - Processing file /home/noelsdavid/airflow_venv/lib/python3.12/site-packages/airflow/example_dags/example_workday_timetable.py for tasks to queue
[2026-05-18T06:04:30.952+0000] {logging_mixin.py:190} INFO - [2026-05-18T06:04:30.951+0000] {dagbag.py:588} INFO - Filling up the DagBag from /home/noelsdavid/airflow_venv/lib/python3.12/site-packages/airflow/example_dags/example_workday_timetable.py
[2026-05-18T06:04:30.960+0000] {processor.py:925} INFO - DAG(s) 'example_workday_timetable' retrieved from /home/noelsdavid/airflow_venv/lib/python3.12/site-packages/airflow/example_dags/example_workday_timetable.py
[2026-05-18T06:04:30.981+0000] {logging_mixin.py:190} INFO - [2026-05-18T06:04:30.981+0000] {dag.py:3239} INFO - Sync 1 DAGs
[2026-05-18T06:04:31.008+0000] {logging_mixin.py:190} INFO - [2026-05-18T06:04:31.008+0000] {dag.py:4180} INFO - Setting next_dagrun for example_workday_timetable to 2021-01-01 00:00:00+00:00, run_after=2021-01-02 00:00:00+00:00
[2026-05-18T06:04:31.039+0000] {processor.py:208} INFO - Processing /home/noelsdavid/airflow_venv/lib/python3.12/site-packages/airflow/example_dags/example_workday_timetable.py took 0.101 seconds
[2026-05-18T06:05:40.814+0000] {processor.py:186} INFO - Started process (PID=7229) to work on /home/noelsdavid/airflow_venv/lib/python3.12/site-packages/airflow/example_dags/example_workday_timetable.py
[2026-05-18T06:05:40.816+0000] {processor.py:914} INFO - Processing file /home/noelsdavid/airflow_venv/lib/python3.12/site-packages/airflow/example_dags/example_workday_timetable.py for tasks to queue
[2026-05-18T06:05:40.819+0000] {logging_mixin.py:190} INFO - [2026-05-18T06:05:40.818+0000] {dagbag.py:588} INFO - Filling up the DagBag from /home/noelsdavid/airflow_venv/lib/python3.12/site-packages/airflow/example_dags/example_workday_timetable.py
[2026-05-18T06:05:41.000+0000] {processor.py:925} INFO - DAG(s) 'example_workday_timetable' retrieved from /home/noelsdavid/airflow_venv/lib/python3.12/site-packages/airflow/example_dags/example_workday_timetable.py
[2026-05-18T06:05:41.015+0000] {logging_mixin.py:190} INFO - [2026-05-18T06:05:41.015+0000] {dag.py:3239} INFO - Sync 1 DAGs
[2026-05-18T06:05:41.037+0000] {logging_mixin.py:190} INFO - [2026-05-18T06:05:41.036+0000] {dag.py:4180} INFO - Setting next_dagrun for example_workday_timetable to 2021-01-01 00:00:00+00:00, run_after=2021-01-02 00:00:00+00:00
[2026-05-18T06:05:41.066+0000] {processor.py:208} INFO - Processing /home/noelsdavid/airflow_venv/lib/python3.12/site-packages/airflow/example_dags/example_workday_timetable.py took 0.260 seconds
[2026-05-18T06:06:44.175+0000] {processor.py:186} INFO - Started process (PID=7290) to work on /home/noelsdavid/airflow_venv/lib/python3.12/site-packages/airflow/example_dags/example_workday_timetable.py
[2026-05-18T06:06:44.177+0000] {processor.py:914} INFO - Processing file /home/noelsdavid/airflow_venv/lib/python3.12/site-packages/airflow/example_dags/example_workday_timetable.py for tasks to queue
[2026-05-18T06:06:44.181+0000] {logging_mixin.py:190} INFO - [2026-05-18T06:06:44.181+0000] {dagbag.py:588} INFO - Filling up the DagBag from /home/noelsdavid/airflow_venv/lib/python3.12/site-packages/airflow/example_dags/example_workday_timetable.py
[2026-05-18T06:06:44.191+0000] {processor.py:925} INFO - DAG(s) 'example_workday_timetable' retrieved from /home/noelsdavid/airflow_venv/lib/python3.12/site-packages/airflow/example_dags/example_workday_timetable.py
[2026-05-18T06:06:44.212+0000] {logging_mixin.py:190} INFO - [2026-05-18T06:06:44.211+0000] {dag.py:3239} INFO - Sync 1 DAGs
[2026-05-18T06:06:44.237+0000] {logging_mixin.py:190} INFO - [2026-05-18T06:06:44.237+0000] {dag.py:4180} INFO - Setting next_dagrun for example_workday_timetable to 2021-01-01 00:00:00+00:00, run_after=2021-01-02 00:00:00+00:00
[2026-05-18T06:06:44.266+0000] {processor.py:208} INFO - Processing /home/noelsdavid/airflow_venv/lib/python3.12/site-packages/airflow/example_dags/example_workday_timetable.py took 0.099 seconds
[2026-05-18T06:07:40.297+0000] {processor.py:186} INFO - Started process (PID=7348) to work on /home/noelsdavid/airflow_venv/lib/python3.12/site-packages/airflow/example_dags/example_workday_timetable.py
[2026-05-18T06:07:40.299+0000] {processor.py:914} INFO - Processing file /home/noelsdavid/airflow_venv/lib/python3.12/site-packages/airflow/example_dags/example_workday_timetable.py for tasks to queue
[2026-05-18T06:07:40.303+0000] {logging_mixin.py:190} INFO - [2026-05-18T06:07:40.302+0000] {dagbag.py:588} INFO - Filling up the DagBag from /home/noelsdavid/airflow_venv/lib/python3.12/site-packages/airflow/example_dags/example_workday_timetable.py
[2026-05-18T06:07:40.311+0000] {processor.py:925} INFO - DAG(s) 'example_workday_timetable' retrieved from /home/noelsdavid/airflow_venv/lib/python3.12/site-packages/airflow/example_dags/example_workday_timetable.py
[2026-05-18T06:07:40.333+0000] {logging_mixin.py:190} INFO - [2026-05-18T06:07:40.332+0000] {dag.py:3239} INFO - Sync 1 DAGs
[2026-05-18T06:07:40.361+0000] {logging_mixin.py:190} INFO - [2026-05-18T06:07:40.360+0000] {dag.py:4180} INFO - Setting next_dagrun for example_workday_timetable to 2021-01-01 00:00:00+00:00, run_after=2021-01-02 00:00:00+00:00
[2026-05-18T06:07:40.392+0000] {processor.py:208} INFO - Processing /home/noelsdavid/airflow_venv/lib/python3.12/site-packages/airflow/example_dags/example_workday_timetable.py took 0.104 seconds
[2026-05-18T06:08:48.096+0000] {processor.py:186} INFO - Started process (PID=7411) to work on /home/noelsdavid/airflow_venv/lib/python3.12/site-packages/airflow/example_dags/example_workday_timetable.py
[2026-05-18T06:08:48.098+0000] {processor.py:914} INFO - Processing file /home/noelsdavid/airflow_venv/lib/python3.12/site-packages/airflow/example_dags/example_workday_timetable.py for tasks to queue
[2026-05-18T06:08:48.101+0000] {logging_mixin.py:190} INFO - [2026-05-18T06:08:48.101+0000] {dagbag.py:588} INFO - Filling up the DagBag from /home/noelsdavid/airflow_venv/lib/python3.12/site-packages/airflow/example_dags/example_workday_timetable.py
[2026-05-18T06:08:48.111+0000] {processor.py:925} INFO - DAG(s) 'example_workday_timetable' retrieved from /home/noelsdavid/airflow_venv/lib/python3.12/site-packages/airflow/example_dags/example_workday_timetable.py
[2026-05-18T06:08:48.132+0000] {logging_mixin.py:190} INFO - [2026-05-18T06:08:48.132+0000] {dag.py:3239} INFO - Sync 1 DAGs
[2026-05-18T06:08:48.162+0000] {logging_mixin.py:190} INFO - [2026-05-18T06:08:48.161+0000] {dag.py:4180} INFO - Setting next_dagrun for example_workday_timetable to 2021-01-01 00:00:00+00:00, run_after=2021-01-02 00:00:00+00:00
[2026-05-18T06:08:48.192+0000] {processor.py:208} INFO - Processing /home/noelsdavid/airflow_venv/lib/python3.12/site-packages/airflow/example_dags/example_workday_timetable.py took 0.104 seconds
[2026-05-18T06:09:50.632+0000] {processor.py:186} INFO - Started process (PID=7470) to work on /home/noelsdavid/airflow_venv/lib/python3.12/site-packages/airflow/example_dags/example_workday_timetable.py
[2026-05-18T06:09:50.634+0000] {processor.py:914} INFO - Processing file /home/noelsdavid/airflow_venv/lib/python3.12/site-packages/airflow/example_dags/example_workday_timetable.py for tasks to queue
[2026-05-18T06:09:50.638+0000] {logging_mixin.py:190} INFO - [2026-05-18T06:09:50.637+0000] {dagbag.py:588} INFO - Filling up the DagBag from /home/noelsdavid/airflow_venv/lib/python3.12/site-packages/airflow/example_dags/example_workday_timetable.py
[2026-05-18T06:09:50.647+0000] {processor.py:925} INFO - DAG(s) 'example_workday_timetable' retrieved from /home/noelsdavid/airflow_venv/lib/python3.12/site-packages/airflow/example_dags/example_workday_timetable.py
[2026-05-18T06:09:50.668+0000] {logging_mixin.py:190} INFO - [2026-05-18T06:09:50.668+0000] {dag.py:3239} INFO - Sync 1 DAGs
[2026-05-18T06:09:50.696+0000] {logging_mixin.py:190} INFO - [2026-05-18T06:09:50.695+0000] {dag.py:4180} INFO - Setting next_dagrun for example_workday_timetable to 2021-01-01 00:00:00+00:00, run_after=2021-01-02 00:00:00+00:00
[2026-05-18T06:09:50.728+0000] {processor.py:208} INFO - Processing /home/noelsdavid/airflow_venv/lib/python3.12/site-packages/airflow/example_dags/example_workday_timetable.py took 0.105 seconds
[2026-05-18T06:10:50.608+0000] {processor.py:186} INFO - Started process (PID=7553) to work on /home/noelsdavid/airflow_venv/lib/python3.12/site-packages/airflow/example_dags/example_workday_timetable.py
[2026-05-18T06:10:50.611+0000] {processor.py:914} INFO - Processing file /home/noelsdavid/airflow_venv/lib/python3.12/site-packages/airflow/example_dags/example_workday_timetable.py for tasks to queue
[2026-05-18T06:10:50.615+0000] {logging_mixin.py:190} INFO - [2026-05-18T06:10:50.614+0000] {dagbag.py:588} INFO - Filling up the DagBag from /home/noelsdavid/airflow_venv/lib/python3.12/site-packages/airflow/example_dags/example_workday_timetable.py
[2026-05-18T06:10:50.624+0000] {processor.py:925} INFO - DAG(s) 'example_workday_timetable' retrieved from /home/noelsdavid/airflow_venv/lib/python3.12/site-packages/airflow/example_dags/example_workday_timetable.py
[2026-05-18T06:10:50.646+0000] {logging_mixin.py:190} INFO - [2026-05-18T06:10:50.646+0000] {dag.py:3239} INFO - Sync 1 DAGs
[2026-05-18T06:10:50.674+0000] {logging_mixin.py:190} INFO - [2026-05-18T06:10:50.674+0000] {dag.py:4180} INFO - Setting next_dagrun for example_workday_timetable to 2021-01-01 00:00:00+00:00, run_after=2021-01-02 00:00:00+00:00
[2026-05-18T06:10:50.707+0000] {processor.py:208} INFO - Processing /home/noelsdavid/airflow_venv/lib/python3.12/site-packages/airflow/example_dags/example_workday_timetable.py took 0.107 seconds
[2026-05-18T06:11:49.770+0000] {processor.py:186} INFO - Started process (PID=7613) to work on /home/noelsdavid/airflow_venv/lib/python3.12/site-packages/airflow/example_dags/example_workday_timetable.py
[2026-05-18T06:11:49.772+0000] {processor.py:914} INFO - Processing file /home/noelsdavid/airflow_venv/lib/python3.12/site-packages/airflow/example_dags/example_workday_timetable.py for tasks to queue
[2026-05-18T06:11:49.776+0000] {logging_mixin.py:190} INFO - [2026-05-18T06:11:49.775+0000] {dagbag.py:588} INFO - Filling up the DagBag from /home/noelsdavid/airflow_venv/lib/python3.12/site-packages/airflow/example_dags/example_workday_timetable.py
[2026-05-18T06:11:49.785+0000] {processor.py:925} INFO - DAG(s) 'example_workday_timetable' retrieved from /home/noelsdavid/airflow_venv/lib/python3.12/site-packages/airflow/example_dags/example_workday_timetable.py
[2026-05-18T06:11:49.807+0000] {logging_mixin.py:190} INFO - [2026-05-18T06:11:49.807+0000] {dag.py:3239} INFO - Sync 1 DAGs
[2026-05-18T06:11:49.836+0000] {logging_mixin.py:190} INFO - [2026-05-18T06:11:49.836+0000] {dag.py:4180} INFO - Setting next_dagrun for example_workday_timetable to 2021-01-01 00:00:00+00:00, run_after=2021-01-02 00:00:00+00:00
[2026-05-18T06:11:49.867+0000] {processor.py:208} INFO - Processing /home/noelsdavid/airflow_venv/lib/python3.12/site-packages/airflow/example_dags/example_workday_timetable.py took 0.106 seconds
[2026-05-18T06:12:48.456+0000] {processor.py:186} INFO - Started process (PID=7671) to work on /home/noelsdavid/airflow_venv/lib/python3.12/site-packages/airflow/example_dags/example_workday_timetable.py
[2026-05-18T06:12:48.459+0000] {processor.py:914} INFO - Processing file /home/noelsdavid/airflow_venv/lib/python3.12/site-packages/airflow/example_dags/example_workday_timetable.py for tasks to queue
[2026-05-18T06:12:48.462+0000] {logging_mixin.py:190} INFO - [2026-05-18T06:12:48.462+0000] {dagbag.py:588} INFO - Filling up the DagBag from /home/noelsdavid/airflow_venv/lib/python3.12/site-packages/airflow/example_dags/example_workday_timetable.py
[2026-05-18T06:12:48.472+0000] {processor.py:925} INFO - DAG(s) 'example_workday_timetable' retrieved from /home/noelsdavid/airflow_venv/lib/python3.12/site-packages/airflow/example_dags/example_workday_timetable.py
[2026-05-18T06:12:48.498+0000] {logging_mixin.py:190} INFO - [2026-05-18T06:12:48.497+0000] {dag.py:3239} INFO - Sync 1 DAGs
[2026-05-18T06:12:48.529+0000] {logging_mixin.py:190} INFO - [2026-05-18T06:12:48.528+0000] {dag.py:4180} INFO - Setting next_dagrun for example_workday_timetable to 2021-01-01 00:00:00+00:00, run_after=2021-01-02 00:00:00+00:00
[2026-05-18T06:12:48.560+0000] {processor.py:208} INFO - Processing /home/noelsdavid/airflow_venv/lib/python3.12/site-packages/airflow/example_dags/example_workday_timetable.py took 0.112 seconds
[2026-05-18T06:13:53.488+0000] {processor.py:186} INFO - Started process (PID=7731) to work on /home/noelsdavid/airflow_venv/lib/python3.12/site-packages/airflow/example_dags/example_workday_timetable.py
[2026-05-18T06:13:53.491+0000] {processor.py:914} INFO - Processing file /home/noelsdavid/airflow_venv/lib/python3.12/site-packages/airflow/example_dags/example_workday_timetable.py for tasks to queue
[2026-05-18T06:13:53.494+0000] {logging_mixin.py:190} INFO - [2026-05-18T06:13:53.493+0000] {dagbag.py:588} INFO - Filling up the DagBag from /home/noelsdavid/airflow_venv/lib/python3.12/site-packages/airflow/example_dags/example_workday_timetable.py
[2026-05-18T06:13:53.504+0000] {processor.py:925} INFO - DAG(s) 'example_workday_timetable' retrieved from /home/noelsdavid/airflow_venv/lib/python3.12/site-packages/airflow/example_dags/example_workday_timetable.py
[2026-05-18T06:13:53.525+0000] {logging_mixin.py:190} INFO - [2026-05-18T06:13:53.524+0000] {dag.py:3239} INFO - Sync 1 DAGs
[2026-05-18T06:13:53.552+0000] {logging_mixin.py:190} INFO - [2026-05-18T06:13:53.551+0000] {dag.py:4180} INFO - Setting next_dagrun for example_workday_timetable to 2021-01-01 00:00:00+00:00, run_after=2021-01-02 00:00:00+00:00
[2026-05-18T06:13:53.582+0000] {processor.py:208} INFO - Processing /home/noelsdavid/airflow_venv/lib/python3.12/site-packages/airflow/example_dags/example_workday_timetable.py took 0.102 seconds
[2026-05-18T06:14:53.050+0000] {processor.py:186} INFO - Started process (PID=7790) to work on /home/noelsdavid/airflow_venv/lib/python3.12/site-packages/airflow/example_dags/example_workday_timetable.py
[2026-05-18T06:14:53.075+0000] {processor.py:914} INFO - Processing file /home/noelsdavid/airflow_venv/lib/python3.12/site-packages/airflow/example_dags/example_workday_timetable.py for tasks to queue
[2026-05-18T06:14:53.079+0000] {logging_mixin.py:190} INFO - [2026-05-18T06:14:53.078+0000] {dagbag.py:588} INFO - Filling up the DagBag from /home/noelsdavid/airflow_venv/lib/python3.12/site-packages/airflow/example_dags/example_workday_timetable.py
[2026-05-18T06:14:53.088+0000] {processor.py:925} INFO - DAG(s) 'example_workday_timetable' retrieved from /home/noelsdavid/airflow_venv/lib/python3.12/site-packages/airflow/example_dags/example_workday_timetable.py
[2026-05-18T06:14:53.109+0000] {logging_mixin.py:190} INFO - [2026-05-18T06:14:53.109+0000] {dag.py:3239} INFO - Sync 1 DAGs
[2026-05-18T06:14:53.138+0000] {logging_mixin.py:190} INFO - [2026-05-18T06:14:53.138+0000] {dag.py:4180} INFO - Setting next_dagrun for example_workday_timetable to 2021-01-01 00:00:00+00:00, run_after=2021-01-02 00:00:00+00:00
[2026-05-18T06:14:53.171+0000] {processor.py:208} INFO - Processing /home/noelsdavid/airflow_venv/lib/python3.12/site-packages/airflow/example_dags/example_workday_timetable.py took 0.130 seconds
[2026-05-18T06:15:58.054+0000] {processor.py:186} INFO - Started process (PID=8019) to work on /home/noelsdavid/airflow_venv/lib/python3.12/site-packages/airflow/example_dags/example_workday_timetable.py
[2026-05-18T06:15:58.056+0000] {processor.py:914} INFO - Processing file /home/noelsdavid/airflow_venv/lib/python3.12/site-packages/airflow/example_dags/example_workday_timetable.py for tasks to queue
[2026-05-18T06:15:58.059+0000] {logging_mixin.py:190} INFO - [2026-05-18T06:15:58.059+0000] {dagbag.py:588} INFO - Filling up the DagBag from /home/noelsdavid/airflow_venv/lib/python3.12/site-packages/airflow/example_dags/example_workday_timetable.py
[2026-05-18T06:15:58.069+0000] {processor.py:925} INFO - DAG(s) 'example_workday_timetable' retrieved from /home/noelsdavid/airflow_venv/lib/python3.12/site-packages/airflow/example_dags/example_workday_timetable.py
[2026-05-18T06:15:58.090+0000] {logging_mixin.py:190} INFO - [2026-05-18T06:15:58.090+0000] {dag.py:3239} INFO - Sync 1 DAGs
[2026-05-18T06:15:58.116+0000] {logging_mixin.py:190} INFO - [2026-05-18T06:15:58.116+0000] {dag.py:4180} INFO - Setting next_dagrun for example_workday_timetable to 2021-01-01 00:00:00+00:00, run_after=2021-01-02 00:00:00+00:00
[2026-05-18T06:15:58.149+0000] {processor.py:208} INFO - Processing /home/noelsdavid/airflow_venv/lib/python3.12/site-packages/airflow/example_dags/example_workday_timetable.py took 0.103 seconds
[2026-05-18T06:17:00.625+0000] {processor.py:186} INFO - Started process (PID=8181) to work on /home/noelsdavid/airflow_venv/lib/python3.12/site-packages/airflow/example_dags/example_workday_timetable.py
[2026-05-18T06:17:00.627+0000] {processor.py:914} INFO - Processing file /home/noelsdavid/airflow_venv/lib/python3.12/site-packages/airflow/example_dags/example_workday_timetable.py for tasks to queue
[2026-05-18T06:17:00.630+0000] {logging_mixin.py:190} INFO - [2026-05-18T06:17:00.630+0000] {dagbag.py:588} INFO - Filling up the DagBag from /home/noelsdavid/airflow_venv/lib/python3.12/site-packages/airflow/example_dags/example_workday_timetable.py
[2026-05-18T06:17:00.640+0000] {processor.py:925} INFO - DAG(s) 'example_workday_timetable' retrieved from /home/noelsdavid/airflow_venv/lib/python3.12/site-packages/airflow/example_dags/example_workday_timetable.py
[2026-05-18T06:17:00.663+0000] {logging_mixin.py:190} INFO - [2026-05-18T06:17:00.663+0000] {dag.py:3239} INFO - Sync 1 DAGs
[2026-05-18T06:17:00.691+0000] {logging_mixin.py:190} INFO - [2026-05-18T06:17:00.690+0000] {dag.py:4180} INFO - Setting next_dagrun for example_workday_timetable to 2021-01-01 00:00:00+00:00, run_after=2021-01-02 00:00:00+00:00
[2026-05-18T06:17:00.721+0000] {processor.py:208} INFO - Processing /home/noelsdavid/airflow_venv/lib/python3.12/site-packages/airflow/example_dags/example_workday_timetable.py took 0.104 seconds
[2026-05-18T06:18:03.604+0000] {processor.py:186} INFO - Started process (PID=8393) to work on /home/noelsdavid/airflow_venv/lib/python3.12/site-packages/airflow/example_dags/example_workday_timetable.py
[2026-05-18T06:18:03.616+0000] {processor.py:914} INFO - Processing file /home/noelsdavid/airflow_venv/lib/python3.12/site-packages/airflow/example_dags/example_workday_timetable.py for tasks to queue
[2026-05-18T06:18:03.619+0000] {logging_mixin.py:190} INFO - [2026-05-18T06:18:03.619+0000] {dagbag.py:588} INFO - Filling up the DagBag from /home/noelsdavid/airflow_venv/lib/python3.12/site-packages/airflow/example_dags/example_workday_timetable.py
[2026-05-18T06:18:03.628+0000] {processor.py:925} INFO - DAG(s) 'example_workday_timetable' retrieved from /home/noelsdavid/airflow_venv/lib/python3.12/site-packages/airflow/example_dags/example_workday_timetable.py
[2026-05-18T06:18:03.651+0000] {logging_mixin.py:190} INFO - [2026-05-18T06:18:03.650+0000] {dag.py:3239} INFO - Sync 1 DAGs
[2026-05-18T06:18:03.681+0000] {logging_mixin.py:190} INFO - [2026-05-18T06:18:03.681+0000] {dag.py:4180} INFO - Setting next_dagrun for example_workday_timetable to 2021-01-01 00:00:00+00:00, run_after=2021-01-02 00:00:00+00:00
[2026-05-18T06:18:03.713+0000] {processor.py:208} INFO - Processing /home/noelsdavid/airflow_venv/lib/python3.12/site-packages/airflow/example_dags/example_workday_timetable.py took 0.117 seconds
[2026-05-18T06:19:01.543+0000] {processor.py:186} INFO - Started process (PID=8504) to work on /home/noelsdavid/airflow_venv/lib/python3.12/site-packages/airflow/example_dags/example_workday_timetable.py
[2026-05-18T06:19:01.546+0000] {processor.py:914} INFO - Processing file /home/noelsdavid/airflow_venv/lib/python3.12/site-packages/airflow/example_dags/example_workday_timetable.py for tasks to queue
[2026-05-18T06:19:01.549+0000] {logging_mixin.py:190} INFO - [2026-05-18T06:19:01.549+0000] {dagbag.py:588} INFO - Filling up the DagBag from /home/noelsdavid/airflow_venv/lib/python3.12/site-packages/airflow/example_dags/example_workday_timetable.py
[2026-05-18T06:19:01.558+0000] {processor.py:925} INFO - DAG(s) 'example_workday_timetable' retrieved from /home/noelsdavid/airflow_venv/lib/python3.12/site-packages/airflow/example_dags/example_workday_timetable.py
[2026-05-18T06:19:01.581+0000] {logging_mixin.py:190} INFO - [2026-05-18T06:19:01.581+0000] {dag.py:3239} INFO - Sync 1 DAGs
[2026-05-18T06:19:01.610+0000] {logging_mixin.py:190} INFO - [2026-05-18T06:19:01.610+0000] {dag.py:4180} INFO - Setting next_dagrun for example_workday_timetable to 2021-01-01 00:00:00+00:00, run_after=2021-01-02 00:00:00+00:00
[2026-05-18T06:19:01.641+0000] {processor.py:208} INFO - Processing /home/noelsdavid/airflow_venv/lib/python3.12/site-packages/airflow/example_dags/example_workday_timetable.py took 0.107 seconds
[2026-05-18T06:20:03.866+0000] {processor.py:186} INFO - Started process (PID=8565) to work on /home/noelsdavid/airflow_venv/lib/python3.12/site-packages/airflow/example_dags/example_workday_timetable.py
[2026-05-18T06:20:03.868+0000] {processor.py:914} INFO - Processing file /home/noelsdavid/airflow_venv/lib/python3.12/site-packages/airflow/example_dags/example_workday_timetable.py for tasks to queue
[2026-05-18T06:20:03.871+0000] {logging_mixin.py:190} INFO - [2026-05-18T06:20:03.871+0000] {dagbag.py:588} INFO - Filling up the DagBag from /home/noelsdavid/airflow_venv/lib/python3.12/site-packages/airflow/example_dags/example_workday_timetable.py
[2026-05-18T06:20:03.880+0000] {processor.py:925} INFO - DAG(s) 'example_workday_timetable' retrieved from /home/noelsdavid/airflow_venv/lib/python3.12/site-packages/airflow/example_dags/example_workday_timetable.py
[2026-05-18T06:20:03.901+0000] {logging_mixin.py:190} INFO - [2026-05-18T06:20:03.900+0000] {dag.py:3239} INFO - Sync 1 DAGs
[2026-05-18T06:20:03.927+0000] {logging_mixin.py:190} INFO - [2026-05-18T06:20:03.926+0000] {dag.py:4180} INFO - Setting next_dagrun for example_workday_timetable to 2021-01-01 00:00:00+00:00, run_after=2021-01-02 00:00:00+00:00
[2026-05-18T06:20:03.954+0000] {processor.py:208} INFO - Processing /home/noelsdavid/airflow_venv/lib/python3.12/site-packages/airflow/example_dags/example_workday_timetable.py took 0.096 seconds
[2026-05-18T06:21:06.353+0000] {processor.py:186} INFO - Started process (PID=8652) to work on /home/noelsdavid/airflow_venv/lib/python3.12/site-packages/airflow/example_dags/example_workday_timetable.py
[2026-05-18T06:21:06.356+0000] {processor.py:914} INFO - Processing file /home/noelsdavid/airflow_venv/lib/python3.12/site-packages/airflow/example_dags/example_workday_timetable.py for tasks to queue
[2026-05-18T06:21:06.358+0000] {logging_mixin.py:190} INFO - [2026-05-18T06:21:06.357+0000] {dagbag.py:588} INFO - Filling up the DagBag from /home/noelsdavid/airflow_venv/lib/python3.12/site-packages/airflow/example_dags/example_workday_timetable.py
[2026-05-18T06:21:06.368+0000] {processor.py:925} INFO - DAG(s) 'example_workday_timetable' retrieved from /home/noelsdavid/airflow_venv/lib/python3.12/site-packages/airflow/example_dags/example_workday_timetable.py
[2026-05-18T06:21:06.390+0000] {logging_mixin.py:190} INFO - [2026-05-18T06:21:06.389+0000] {dag.py:3239} INFO - Sync 1 DAGs
[2026-05-18T06:21:06.417+0000] {logging_mixin.py:190} INFO - [2026-05-18T06:21:06.416+0000] {dag.py:4180} INFO - Setting next_dagrun for example_workday_timetable to 2021-01-01 00:00:00+00:00, run_after=2021-01-02 00:00:00+00:00
[2026-05-18T06:21:06.451+0000] {processor.py:208} INFO - Processing /home/noelsdavid/airflow_venv/lib/python3.12/site-packages/airflow/example_dags/example_workday_timetable.py took 0.105 seconds
[2026-05-18T06:22:11.840+0000] {processor.py:186} INFO - Started process (PID=8716) to work on /home/noelsdavid/airflow_venv/lib/python3.12/site-packages/airflow/example_dags/example_workday_timetable.py
[2026-05-18T06:22:11.843+0000] {processor.py:914} INFO - Processing file /home/noelsdavid/airflow_venv/lib/python3.12/site-packages/airflow/example_dags/example_workday_timetable.py for tasks to queue
[2026-05-18T06:22:11.845+0000] {logging_mixin.py:190} INFO - [2026-05-18T06:22:11.844+0000] {dagbag.py:588} INFO - Filling up the DagBag from /home/noelsdavid/airflow_venv/lib/python3.12/site-packages/airflow/example_dags/example_workday_timetable.py
[2026-05-18T06:22:11.853+0000] {processor.py:925} INFO - DAG(s) 'example_workday_timetable' retrieved from /home/noelsdavid/airflow_venv/lib/python3.12/site-packages/airflow/example_dags/example_workday_timetable.py
[2026-05-18T06:22:11.874+0000] {logging_mixin.py:190} INFO - [2026-05-18T06:22:11.874+0000] {dag.py:3239} INFO - Sync 1 DAGs
[2026-05-18T06:22:11.900+0000] {logging_mixin.py:190} INFO - [2026-05-18T06:22:11.900+0000] {dag.py:4180} INFO - Setting next_dagrun for example_workday_timetable to 2021-01-01 00:00:00+00:00, run_after=2021-01-02 00:00:00+00:00
[2026-05-18T06:22:11.929+0000] {processor.py:208} INFO - Processing /home/noelsdavid/airflow_venv/lib/python3.12/site-packages/airflow/example_dags/example_workday_timetable.py took 0.096 seconds
[2026-05-18T06:23:13.319+0000] {processor.py:186} INFO - Started process (PID=8775) to work on /home/noelsdavid/airflow_venv/lib/python3.12/site-packages/airflow/example_dags/example_workday_timetable.py
[2026-05-18T06:23:13.322+0000] {processor.py:914} INFO - Processing file /home/noelsdavid/airflow_venv/lib/python3.12/site-packages/airflow/example_dags/example_workday_timetable.py for tasks to queue
[2026-05-18T06:23:13.325+0000] {logging_mixin.py:190} INFO - [2026-05-18T06:23:13.324+0000] {dagbag.py:588} INFO - Filling up the DagBag from /home/noelsdavid/airflow_venv/lib/python3.12/site-packages/airflow/example_dags/example_workday_timetable.py
[2026-05-18T06:23:13.336+0000] {processor.py:925} INFO - DAG(s) 'example_workday_timetable' retrieved from /home/noelsdavid/airflow_venv/lib/python3.12/site-packages/airflow/example_dags/example_workday_timetable.py
[2026-05-18T06:23:13.357+0000] {logging_mixin.py:190} INFO - [2026-05-18T06:23:13.357+0000] {dag.py:3239} INFO - Sync 1 DAGs
[2026-05-18T06:23:13.385+0000] {logging_mixin.py:190} INFO - [2026-05-18T06:23:13.384+0000] {dag.py:4180} INFO - Setting next_dagrun for example_workday_timetable to 2021-01-01 00:00:00+00:00, run_after=2021-01-02 00:00:00+00:00
[2026-05-18T06:23:13.418+0000] {processor.py:208} INFO - Processing /home/noelsdavid/airflow_venv/lib/python3.12/site-packages/airflow/example_dags/example_workday_timetable.py took 0.109 seconds
[2026-05-18T06:24:19.742+0000] {processor.py:186} INFO - Started process (PID=8838) to work on /home/noelsdavid/airflow_venv/lib/python3.12/site-packages/airflow/example_dags/example_workday_timetable.py
[2026-05-18T06:24:19.745+0000] {processor.py:914} INFO - Processing file /home/noelsdavid/airflow_venv/lib/python3.12/site-packages/airflow/example_dags/example_workday_timetable.py for tasks to queue
[2026-05-18T06:24:19.747+0000] {logging_mixin.py:190} INFO - [2026-05-18T06:24:19.746+0000] {dagbag.py:588} INFO - Filling up the DagBag from /home/noelsdavid/airflow_venv/lib/python3.12/site-packages/airflow/example_dags/example_workday_timetable.py
[2026-05-18T06:24:19.756+0000] {processor.py:925} INFO - DAG(s) 'example_workday_timetable' retrieved from /home/noelsdavid/airflow_venv/lib/python3.12/site-packages/airflow/example_dags/example_workday_timetable.py
[2026-05-18T06:24:19.781+0000] {logging_mixin.py:190} INFO - [2026-05-18T06:24:19.781+0000] {dag.py:3239} INFO - Sync 1 DAGs
[2026-05-18T06:24:19.811+0000] {logging_mixin.py:190} INFO - [2026-05-18T06:24:19.811+0000] {dag.py:4180} INFO - Setting next_dagrun for example_workday_timetable to 2021-01-01 00:00:00+00:00, run_after=2021-01-02 00:00:00+00:00
[2026-05-18T06:24:19.842+0000] {processor.py:208} INFO - Processing /home/noelsdavid/airflow_venv/lib/python3.12/site-packages/airflow/example_dags/example_workday_timetable.py took 0.109 seconds
[2026-05-18T06:25:23.755+0000] {processor.py:186} INFO - Started process (PID=8925) to work on /home/noelsdavid/airflow_venv/lib/python3.12/site-packages/airflow/example_dags/example_workday_timetable.py
[2026-05-18T06:25:23.758+0000] {processor.py:914} INFO - Processing file /home/noelsdavid/airflow_venv/lib/python3.12/site-packages/airflow/example_dags/example_workday_timetable.py for tasks to queue
[2026-05-18T06:25:23.760+0000] {logging_mixin.py:190} INFO - [2026-05-18T06:25:23.759+0000] {dagbag.py:588} INFO - Filling up the DagBag from /home/noelsdavid/airflow_venv/lib/python3.12/site-packages/airflow/example_dags/example_workday_timetable.py
[2026-05-18T06:25:23.769+0000] {processor.py:925} INFO - DAG(s) 'example_workday_timetable' retrieved from /home/noelsdavid/airflow_venv/lib/python3.12/site-packages/airflow/example_dags/example_workday_timetable.py
[2026-05-18T06:25:23.791+0000] {logging_mixin.py:190} INFO - [2026-05-18T06:25:23.791+0000] {dag.py:3239} INFO - Sync 1 DAGs
[2026-05-18T06:25:23.820+0000] {logging_mixin.py:190} INFO - [2026-05-18T06:25:23.819+0000] {dag.py:4180} INFO - Setting next_dagrun for example_workday_timetable to 2021-01-01 00:00:00+00:00, run_after=2021-01-02 00:00:00+00:00
[2026-05-18T06:25:23.851+0000] {processor.py:208} INFO - Processing /home/noelsdavid/airflow_venv/lib/python3.12/site-packages/airflow/example_dags/example_workday_timetable.py took 0.104 seconds
[2026-05-18T06:26:28.216+0000] {processor.py:186} INFO - Started process (PID=9041) to work on /home/noelsdavid/airflow_venv/lib/python3.12/site-packages/airflow/example_dags/example_workday_timetable.py
[2026-05-18T06:26:28.218+0000] {processor.py:914} INFO - Processing file /home/noelsdavid/airflow_venv/lib/python3.12/site-packages/airflow/example_dags/example_workday_timetable.py for tasks to queue
[2026-05-18T06:26:28.220+0000] {logging_mixin.py:190} INFO - [2026-05-18T06:26:28.220+0000] {dagbag.py:588} INFO - Filling up the DagBag from /home/noelsdavid/airflow_venv/lib/python3.12/site-packages/airflow/example_dags/example_workday_timetable.py
[2026-05-18T06:26:28.231+0000] {processor.py:925} INFO - DAG(s) 'example_workday_timetable' retrieved from /home/noelsdavid/airflow_venv/lib/python3.12/site-packages/airflow/example_dags/example_workday_timetable.py
[2026-05-18T06:26:28.254+0000] {logging_mixin.py:190} INFO - [2026-05-18T06:26:28.253+0000] {dag.py:3239} INFO - Sync 1 DAGs
[2026-05-18T06:26:28.282+0000] {logging_mixin.py:190} INFO - [2026-05-18T06:26:28.282+0000] {dag.py:4180} INFO - Setting next_dagrun for example_workday_timetable to 2021-01-01 00:00:00+00:00, run_after=2021-01-02 00:00:00+00:00
[2026-05-18T06:26:28.316+0000] {processor.py:208} INFO - Processing /home/noelsdavid/airflow_venv/lib/python3.12/site-packages/airflow/example_dags/example_workday_timetable.py took 0.110 seconds
[2026-05-18T06:27:51.315+0000] {processor.py:186} INFO - Started process (PID=9602) to work on /home/noelsdavid/airflow_venv/lib/python3.12/site-packages/airflow/example_dags/example_workday_timetable.py
[2026-05-18T06:27:51.319+0000] {processor.py:914} INFO - Processing file /home/noelsdavid/airflow_venv/lib/python3.12/site-packages/airflow/example_dags/example_workday_timetable.py for tasks to queue
[2026-05-18T06:27:51.322+0000] {logging_mixin.py:190} INFO - [2026-05-18T06:27:51.321+0000] {dagbag.py:588} INFO - Filling up the DagBag from /home/noelsdavid/airflow_venv/lib/python3.12/site-packages/airflow/example_dags/example_workday_timetable.py
[2026-05-18T06:27:51.331+0000] {processor.py:925} INFO - DAG(s) 'example_workday_timetable' retrieved from /home/noelsdavid/airflow_venv/lib/python3.12/site-packages/airflow/example_dags/example_workday_timetable.py
[2026-05-18T06:27:51.358+0000] {logging_mixin.py:190} INFO - [2026-05-18T06:27:51.358+0000] {dag.py:3239} INFO - Sync 1 DAGs
[2026-05-18T06:27:51.390+0000] {logging_mixin.py:190} INFO - [2026-05-18T06:27:51.390+0000] {dag.py:4180} INFO - Setting next_dagrun for example_workday_timetable to 2021-01-01 00:00:00+00:00, run_after=2021-01-02 00:00:00+00:00
[2026-05-18T06:27:51.427+0000] {processor.py:208} INFO - Processing /home/noelsdavid/airflow_venv/lib/python3.12/site-packages/airflow/example_dags/example_workday_timetable.py took 0.120 seconds
[2026-05-18T06:28:57.288+0000] {processor.py:186} INFO - Started process (PID=9746) to work on /home/noelsdavid/airflow_venv/lib/python3.12/site-packages/airflow/example_dags/example_workday_timetable.py
[2026-05-18T06:28:57.313+0000] {processor.py:914} INFO - Processing file /home/noelsdavid/airflow_venv/lib/python3.12/site-packages/airflow/example_dags/example_workday_timetable.py for tasks to queue
[2026-05-18T06:28:57.315+0000] {logging_mixin.py:190} INFO - [2026-05-18T06:28:57.314+0000] {dagbag.py:588} INFO - Filling up the DagBag from /home/noelsdavid/airflow_venv/lib/python3.12/site-packages/airflow/example_dags/example_workday_timetable.py
[2026-05-18T06:28:57.325+0000] {processor.py:925} INFO - DAG(s) 'example_workday_timetable' retrieved from /home/noelsdavid/airflow_venv/lib/python3.12/site-packages/airflow/example_dags/example_workday_timetable.py
[2026-05-18T06:28:57.345+0000] {logging_mixin.py:190} INFO - [2026-05-18T06:28:57.345+0000] {dag.py:3239} INFO - Sync 1 DAGs
[2026-05-18T06:28:57.373+0000] {logging_mixin.py:190} INFO - [2026-05-18T06:28:57.372+0000] {dag.py:4180} INFO - Setting next_dagrun for example_workday_timetable to 2021-01-01 00:00:00+00:00, run_after=2021-01-02 00:00:00+00:00
[2026-05-18T06:28:57.406+0000] {processor.py:208} INFO - Processing /home/noelsdavid/airflow_venv/lib/python3.12/site-packages/airflow/example_dags/example_workday_timetable.py took 0.126 seconds
[2026-05-18T06:29:40.175+0000] {processor.py:186} INFO - Started process (PID=9786) to work on /home/noelsdavid/airflow_venv/lib/python3.12/site-packages/airflow/example_dags/example_workday_timetable.py
[2026-05-18T06:29:40.178+0000] {processor.py:914} INFO - Processing file /home/noelsdavid/airflow_venv/lib/python3.12/site-packages/airflow/example_dags/example_workday_timetable.py for tasks to queue
[2026-05-18T06:29:40.179+0000] {logging_mixin.py:190} INFO - [2026-05-18T06:29:40.179+0000] {dagbag.py:588} INFO - Filling up the DagBag from /home/noelsdavid/airflow_venv/lib/python3.12/site-packages/airflow/example_dags/example_workday_timetable.py
[2026-05-18T06:29:40.188+0000] {processor.py:925} INFO - DAG(s) 'example_workday_timetable' retrieved from /home/noelsdavid/airflow_venv/lib/python3.12/site-packages/airflow/example_dags/example_workday_timetable.py
[2026-05-18T06:29:40.212+0000] {logging_mixin.py:190} INFO - [2026-05-18T06:29:40.212+0000] {dag.py:3239} INFO - Sync 1 DAGs
[2026-05-18T06:29:40.240+0000] {logging_mixin.py:190} INFO - [2026-05-18T06:29:40.240+0000] {dag.py:4180} INFO - Setting next_dagrun for example_workday_timetable to 2021-01-01 00:00:00+00:00, run_after=2021-01-02 00:00:00+00:00
[2026-05-18T06:29:40.270+0000] {processor.py:208} INFO - Processing /home/noelsdavid/airflow_venv/lib/python3.12/site-packages/airflow/example_dags/example_workday_timetable.py took 0.103 seconds
[2026-05-18T06:30:45.129+0000] {processor.py:186} INFO - Started process (PID=9873) to work on /home/noelsdavid/airflow_venv/lib/python3.12/site-packages/airflow/example_dags/example_workday_timetable.py
[2026-05-18T06:30:45.132+0000] {processor.py:914} INFO - Processing file /home/noelsdavid/airflow_venv/lib/python3.12/site-packages/airflow/example_dags/example_workday_timetable.py for tasks to queue
[2026-05-18T06:30:45.134+0000] {logging_mixin.py:190} INFO - [2026-05-18T06:30:45.134+0000] {dagbag.py:588} INFO - Filling up the DagBag from /home/noelsdavid/airflow_venv/lib/python3.12/site-packages/airflow/example_dags/example_workday_timetable.py
[2026-05-18T06:30:45.145+0000] {processor.py:925} INFO - DAG(s) 'example_workday_timetable' retrieved from /home/noelsdavid/airflow_venv/lib/python3.12/site-packages/airflow/example_dags/example_workday_timetable.py
[2026-05-18T06:30:45.166+0000] {logging_mixin.py:190} INFO - [2026-05-18T06:30:45.166+0000] {dag.py:3239} INFO - Sync 1 DAGs
[2026-05-18T06:30:45.196+0000] {logging_mixin.py:190} INFO - [2026-05-18T06:30:45.196+0000] {dag.py:4180} INFO - Setting next_dagrun for example_workday_timetable to 2021-01-01 00:00:00+00:00, run_after=2021-01-02 00:00:00+00:00
[2026-05-18T06:30:45.229+0000] {processor.py:208} INFO - Processing /home/noelsdavid/airflow_venv/lib/python3.12/site-packages/airflow/example_dags/example_workday_timetable.py took 0.108 seconds
[2026-05-18T06:31:50.271+0000] {processor.py:186} INFO - Started process (PID=9936) to work on /home/noelsdavid/airflow_venv/lib/python3.12/site-packages/airflow/example_dags/example_workday_timetable.py
[2026-05-18T06:31:50.273+0000] {processor.py:914} INFO - Processing file /home/noelsdavid/airflow_venv/lib/python3.12/site-packages/airflow/example_dags/example_workday_timetable.py for tasks to queue
[2026-05-18T06:31:50.275+0000] {logging_mixin.py:190} INFO - [2026-05-18T06:31:50.274+0000] {dagbag.py:588} INFO - Filling up the DagBag from /home/noelsdavid/airflow_venv/lib/python3.12/site-packages/airflow/example_dags/example_workday_timetable.py
[2026-05-18T06:31:50.285+0000] {processor.py:925} INFO - DAG(s) 'example_workday_timetable' retrieved from /home/noelsdavid/airflow_venv/lib/python3.12/site-packages/airflow/example_dags/example_workday_timetable.py
[2026-05-18T06:31:50.305+0000] {logging_mixin.py:190} INFO - [2026-05-18T06:31:50.305+0000] {dag.py:3239} INFO - Sync 1 DAGs
[2026-05-18T06:31:50.332+0000] {logging_mixin.py:190} INFO - [2026-05-18T06:31:50.332+0000] {dag.py:4180} INFO - Setting next_dagrun for example_workday_timetable to 2021-01-01 00:00:00+00:00, run_after=2021-01-02 00:00:00+00:00
[2026-05-18T06:31:50.362+0000] {processor.py:208} INFO - Processing /home/noelsdavid/airflow_venv/lib/python3.12/site-packages/airflow/example_dags/example_workday_timetable.py took 0.099 seconds
[2026-05-18T06:32:48.973+0000] {processor.py:186} INFO - Started process (PID=9996) to work on /home/noelsdavid/airflow_venv/lib/python3.12/site-packages/airflow/example_dags/example_workday_timetable.py
[2026-05-18T06:32:48.975+0000] {processor.py:914} INFO - Processing file /home/noelsdavid/airflow_venv/lib/python3.12/site-packages/airflow/example_dags/example_workday_timetable.py for tasks to queue
[2026-05-18T06:32:48.977+0000] {logging_mixin.py:190} INFO - [2026-05-18T06:32:48.977+0000] {dagbag.py:588} INFO - Filling up the DagBag from /home/noelsdavid/airflow_venv/lib/python3.12/site-packages/airflow/example_dags/example_workday_timetable.py
[2026-05-18T06:32:48.987+0000] {processor.py:925} INFO - DAG(s) 'example_workday_timetable' retrieved from /home/noelsdavid/airflow_venv/lib/python3.12/site-packages/airflow/example_dags/example_workday_timetable.py
[2026-05-18T06:32:49.008+0000] {logging_mixin.py:190} INFO - [2026-05-18T06:32:49.008+0000] {dag.py:3239} INFO - Sync 1 DAGs
[2026-05-18T06:32:49.036+0000] {logging_mixin.py:190} INFO - [2026-05-18T06:32:49.035+0000] {dag.py:4180} INFO - Setting next_dagrun for example_workday_timetable to 2021-01-01 00:00:00+00:00, run_after=2021-01-02 00:00:00+00:00
[2026-05-18T06:32:49.066+0000] {processor.py:208} INFO - Processing /home/noelsdavid/airflow_venv/lib/python3.12/site-packages/airflow/example_dags/example_workday_timetable.py took 0.100 seconds
[2026-05-18T06:33:54.872+0000] {processor.py:186} INFO - Started process (PID=10069) to work on /home/noelsdavid/airflow_venv/lib/python3.12/site-packages/airflow/example_dags/example_workday_timetable.py
[2026-05-18T06:33:54.874+0000] {processor.py:914} INFO - Processing file /home/noelsdavid/airflow_venv/lib/python3.12/site-packages/airflow/example_dags/example_workday_timetable.py for tasks to queue
[2026-05-18T06:33:54.876+0000] {logging_mixin.py:190} INFO - [2026-05-18T06:33:54.875+0000] {dagbag.py:588} INFO - Filling up the DagBag from /home/noelsdavid/airflow_venv/lib/python3.12/site-packages/airflow/example_dags/example_workday_timetable.py
[2026-05-18T06:33:54.885+0000] {processor.py:925} INFO - DAG(s) 'example_workday_timetable' retrieved from /home/noelsdavid/airflow_venv/lib/python3.12/site-packages/airflow/example_dags/example_workday_timetable.py
[2026-05-18T06:33:54.909+0000] {logging_mixin.py:190} INFO - [2026-05-18T06:33:54.909+0000] {dag.py:3239} INFO - Sync 1 DAGs
[2026-05-18T06:33:54.939+0000] {logging_mixin.py:190} INFO - [2026-05-18T06:33:54.939+0000] {dag.py:4180} INFO - Setting next_dagrun for example_workday_timetable to 2021-01-01 00:00:00+00:00, run_after=2021-01-02 00:00:00+00:00
[2026-05-18T06:33:54.970+0000] {processor.py:208} INFO - Processing /home/noelsdavid/airflow_venv/lib/python3.12/site-packages/airflow/example_dags/example_workday_timetable.py took 0.106 seconds
[2026-05-18T06:34:58.380+0000] {processor.py:186} INFO - Started process (PID=10253) to work on /home/noelsdavid/airflow_venv/lib/python3.12/site-packages/airflow/example_dags/example_workday_timetable.py
[2026-05-18T06:34:58.382+0000] {processor.py:914} INFO - Processing file /home/noelsdavid/airflow_venv/lib/python3.12/site-packages/airflow/example_dags/example_workday_timetable.py for tasks to queue
[2026-05-18T06:34:58.384+0000] {logging_mixin.py:190} INFO - [2026-05-18T06:34:58.383+0000] {dagbag.py:588} INFO - Filling up the DagBag from /home/noelsdavid/airflow_venv/lib/python3.12/site-packages/airflow/example_dags/example_workday_timetable.py
[2026-05-18T06:34:58.394+0000] {processor.py:925} INFO - DAG(s) 'example_workday_timetable' retrieved from /home/noelsdavid/airflow_venv/lib/python3.12/site-packages/airflow/example_dags/example_workday_timetable.py
[2026-05-18T06:34:58.415+0000] {logging_mixin.py:190} INFO - [2026-05-18T06:34:58.415+0000] {dag.py:3239} INFO - Sync 1 DAGs
[2026-05-18T06:34:58.442+0000] {logging_mixin.py:190} INFO - [2026-05-18T06:34:58.442+0000] {dag.py:4180} INFO - Setting next_dagrun for example_workday_timetable to 2021-01-01 00:00:00+00:00, run_after=2021-01-02 00:00:00+00:00
[2026-05-18T06:34:58.475+0000] {processor.py:208} INFO - Processing /home/noelsdavid/airflow_venv/lib/python3.12/site-packages/airflow/example_dags/example_workday_timetable.py took 0.103 seconds
[2026-05-18T06:36:04.948+0000] {processor.py:186} INFO - Started process (PID=10465) to work on /home/noelsdavid/airflow_venv/lib/python3.12/site-packages/airflow/example_dags/example_workday_timetable.py
[2026-05-18T06:36:04.950+0000] {processor.py:914} INFO - Processing file /home/noelsdavid/airflow_venv/lib/python3.12/site-packages/airflow/example_dags/example_workday_timetable.py for tasks to queue
[2026-05-18T06:36:04.952+0000] {logging_mixin.py:190} INFO - [2026-05-18T06:36:04.952+0000] {dagbag.py:588} INFO - Filling up the DagBag from /home/noelsdavid/airflow_venv/lib/python3.12/site-packages/airflow/example_dags/example_workday_timetable.py
[2026-05-18T06:36:04.961+0000] {processor.py:925} INFO - DAG(s) 'example_workday_timetable' retrieved from /home/noelsdavid/airflow_venv/lib/python3.12/site-packages/airflow/example_dags/example_workday_timetable.py
[2026-05-18T06:36:04.983+0000] {logging_mixin.py:190} INFO - [2026-05-18T06:36:04.983+0000] {dag.py:3239} INFO - Sync 1 DAGs
[2026-05-18T06:36:05.010+0000] {logging_mixin.py:190} INFO - [2026-05-18T06:36:05.010+0000] {dag.py:4180} INFO - Setting next_dagrun for example_workday_timetable to 2021-01-01 00:00:00+00:00, run_after=2021-01-02 00:00:00+00:00
[2026-05-18T06:36:05.040+0000] {processor.py:208} INFO - Processing /home/noelsdavid/airflow_venv/lib/python3.12/site-packages/airflow/example_dags/example_workday_timetable.py took 0.100 seconds
[2026-05-18T06:37:04.137+0000] {processor.py:186} INFO - Started process (PID=10723) to work on /home/noelsdavid/airflow_venv/lib/python3.12/site-packages/airflow/example_dags/example_workday_timetable.py
[2026-05-18T06:37:04.139+0000] {processor.py:914} INFO - Processing file /home/noelsdavid/airflow_venv/lib/python3.12/site-packages/airflow/example_dags/example_workday_timetable.py for tasks to queue
[2026-05-18T06:37:04.141+0000] {logging_mixin.py:190} INFO - [2026-05-18T06:37:04.141+0000] {dagbag.py:588} INFO - Filling up the DagBag from /home/noelsdavid/airflow_venv/lib/python3.12/site-packages/airflow/example_dags/example_workday_timetable.py
[2026-05-18T06:37:04.150+0000] {processor.py:925} INFO - DAG(s) 'example_workday_timetable' retrieved from /home/noelsdavid/airflow_venv/lib/python3.12/site-packages/airflow/example_dags/example_workday_timetable.py
[2026-05-18T06:37:04.172+0000] {logging_mixin.py:190} INFO - [2026-05-18T06:37:04.171+0000] {dag.py:3239} INFO - Sync 1 DAGs
[2026-05-18T06:37:04.199+0000] {logging_mixin.py:190} INFO - [2026-05-18T06:37:04.198+0000] {dag.py:4180} INFO - Setting next_dagrun for example_workday_timetable to 2021-01-01 00:00:00+00:00, run_after=2021-01-02 00:00:00+00:00
[2026-05-18T06:37:04.232+0000] {processor.py:208} INFO - Processing /home/noelsdavid/airflow_venv/lib/python3.12/site-packages/airflow/example_dags/example_workday_timetable.py took 0.103 seconds
[2026-05-18T06:38:12.391+0000] {processor.py:186} INFO - Started process (PID=10966) to work on /home/noelsdavid/airflow_venv/lib/python3.12/site-packages/airflow/example_dags/example_workday_timetable.py
[2026-05-18T06:38:12.416+0000] {processor.py:914} INFO - Processing file /home/noelsdavid/airflow_venv/lib/python3.12/site-packages/airflow/example_dags/example_workday_timetable.py for tasks to queue
[2026-05-18T06:38:12.419+0000] {logging_mixin.py:190} INFO - [2026-05-18T06:38:12.418+0000] {dagbag.py:588} INFO - Filling up the DagBag from /home/noelsdavid/airflow_venv/lib/python3.12/site-packages/airflow/example_dags/example_workday_timetable.py
[2026-05-18T06:38:12.429+0000] {processor.py:925} INFO - DAG(s) 'example_workday_timetable' retrieved from /home/noelsdavid/airflow_venv/lib/python3.12/site-packages/airflow/example_dags/example_workday_timetable.py
[2026-05-18T06:38:12.450+0000] {logging_mixin.py:190} INFO - [2026-05-18T06:38:12.450+0000] {dag.py:3239} INFO - Sync 1 DAGs
[2026-05-18T06:38:12.478+0000] {logging_mixin.py:190} INFO - [2026-05-18T06:38:12.478+0000] {dag.py:4180} INFO - Setting next_dagrun for example_workday_timetable to 2021-01-01 00:00:00+00:00, run_after=2021-01-02 00:00:00+00:00
[2026-05-18T06:38:12.509+0000] {processor.py:208} INFO - Processing /home/noelsdavid/airflow_venv/lib/python3.12/site-packages/airflow/example_dags/example_workday_timetable.py took 0.125 seconds
[2026-05-18T06:39:15.586+0000] {processor.py:186} INFO - Started process (PID=11272) to work on /home/noelsdavid/airflow_venv/lib/python3.12/site-packages/airflow/example_dags/example_workday_timetable.py
[2026-05-18T06:39:15.589+0000] {processor.py:914} INFO - Processing file /home/noelsdavid/airflow_venv/lib/python3.12/site-packages/airflow/example_dags/example_workday_timetable.py for tasks to queue
[2026-05-18T06:39:15.591+0000] {logging_mixin.py:190} INFO - [2026-05-18T06:39:15.590+0000] {dagbag.py:588} INFO - Filling up the DagBag from /home/noelsdavid/airflow_venv/lib/python3.12/site-packages/airflow/example_dags/example_workday_timetable.py
[2026-05-18T06:39:15.600+0000] {processor.py:925} INFO - DAG(s) 'example_workday_timetable' retrieved from /home/noelsdavid/airflow_venv/lib/python3.12/site-packages/airflow/example_dags/example_workday_timetable.py
[2026-05-18T06:39:15.622+0000] {logging_mixin.py:190} INFO - [2026-05-18T06:39:15.621+0000] {dag.py:3239} INFO - Sync 1 DAGs
[2026-05-18T06:39:15.651+0000] {logging_mixin.py:190} INFO - [2026-05-18T06:39:15.651+0000] {dag.py:4180} INFO - Setting next_dagrun for example_workday_timetable to 2021-01-01 00:00:00+00:00, run_after=2021-01-02 00:00:00+00:00
[2026-05-18T06:39:15.681+0000] {processor.py:208} INFO - Processing /home/noelsdavid/airflow_venv/lib/python3.12/site-packages/airflow/example_dags/example_workday_timetable.py took 0.104 seconds
[2026-05-18T06:40:24.425+0000] {processor.py:186} INFO - Started process (PID=11549) to work on /home/noelsdavid/airflow_venv/lib/python3.12/site-packages/airflow/example_dags/example_workday_timetable.py
[2026-05-18T06:40:24.428+0000] {processor.py:914} INFO - Processing file /home/noelsdavid/airflow_venv/lib/python3.12/site-packages/airflow/example_dags/example_workday_timetable.py for tasks to queue
[2026-05-18T06:40:24.431+0000] {logging_mixin.py:190} INFO - [2026-05-18T06:40:24.430+0000] {dagbag.py:588} INFO - Filling up the DagBag from /home/noelsdavid/airflow_venv/lib/python3.12/site-packages/airflow/example_dags/example_workday_timetable.py
[2026-05-18T06:40:24.441+0000] {processor.py:925} INFO - DAG(s) 'example_workday_timetable' retrieved from /home/noelsdavid/airflow_venv/lib/python3.12/site-packages/airflow/example_dags/example_workday_timetable.py
[2026-05-18T06:40:24.465+0000] {logging_mixin.py:190} INFO - [2026-05-18T06:40:24.464+0000] {dag.py:3239} INFO - Sync 1 DAGs
[2026-05-18T06:40:24.496+0000] {logging_mixin.py:190} INFO - [2026-05-18T06:40:24.495+0000] {dag.py:4180} INFO - Setting next_dagrun for example_workday_timetable to 2021-01-01 00:00:00+00:00, run_after=2021-01-02 00:00:00+00:00
[2026-05-18T06:40:24.530+0000] {processor.py:208} INFO - Processing /home/noelsdavid/airflow_venv/lib/python3.12/site-packages/airflow/example_dags/example_workday_timetable.py took 0.114 seconds
[2026-05-18T06:41:37.267+0000] {processor.py:186} INFO - Started process (PID=12195) to work on /home/noelsdavid/airflow_venv/lib/python3.12/site-packages/airflow/example_dags/example_workday_timetable.py
[2026-05-18T06:41:37.271+0000] {processor.py:914} INFO - Processing file /home/noelsdavid/airflow_venv/lib/python3.12/site-packages/airflow/example_dags/example_workday_timetable.py for tasks to queue
[2026-05-18T06:41:37.273+0000] {logging_mixin.py:190} INFO - [2026-05-18T06:41:37.272+0000] {dagbag.py:588} INFO - Filling up the DagBag from /home/noelsdavid/airflow_venv/lib/python3.12/site-packages/airflow/example_dags/example_workday_timetable.py
[2026-05-18T06:41:37.285+0000] {processor.py:925} INFO - DAG(s) 'example_workday_timetable' retrieved from /home/noelsdavid/airflow_venv/lib/python3.12/site-packages/airflow/example_dags/example_workday_timetable.py
[2026-05-18T06:41:37.311+0000] {logging_mixin.py:190} INFO - [2026-05-18T06:41:37.311+0000] {dag.py:3239} INFO - Sync 1 DAGs
[2026-05-18T06:41:37.347+0000] {logging_mixin.py:190} INFO - [2026-05-18T06:41:37.346+0000] {dag.py:4180} INFO - Setting next_dagrun for example_workday_timetable to 2021-01-01 00:00:00+00:00, run_after=2021-01-02 00:00:00+00:00
[2026-05-18T06:41:37.385+0000] {processor.py:208} INFO - Processing /home/noelsdavid/airflow_venv/lib/python3.12/site-packages/airflow/example_dags/example_workday_timetable.py took 0.129 seconds
[2026-05-18T06:42:49.921+0000] {processor.py:186} INFO - Started process (PID=12570) to work on /home/noelsdavid/airflow_venv/lib/python3.12/site-packages/airflow/example_dags/example_workday_timetable.py
[2026-05-18T06:42:49.926+0000] {processor.py:914} INFO - Processing file /home/noelsdavid/airflow_venv/lib/python3.12/site-packages/airflow/example_dags/example_workday_timetable.py for tasks to queue
[2026-05-18T06:42:49.930+0000] {logging_mixin.py:190} INFO - [2026-05-18T06:42:49.929+0000] {dagbag.py:588} INFO - Filling up the DagBag from /home/noelsdavid/airflow_venv/lib/python3.12/site-packages/airflow/example_dags/example_workday_timetable.py
[2026-05-18T06:42:49.946+0000] {processor.py:925} INFO - DAG(s) 'example_workday_timetable' retrieved from /home/noelsdavid/airflow_venv/lib/python3.12/site-packages/airflow/example_dags/example_workday_timetable.py
[2026-05-18T06:42:49.982+0000] {logging_mixin.py:190} INFO - [2026-05-18T06:42:49.980+0000] {dag.py:3239} INFO - Sync 1 DAGs
[2026-05-18T06:42:50.024+0000] {logging_mixin.py:190} INFO - [2026-05-18T06:42:50.024+0000] {dag.py:4180} INFO - Setting next_dagrun for example_workday_timetable to 2021-01-01 00:00:00+00:00, run_after=2021-01-02 00:00:00+00:00
[2026-05-18T06:42:50.076+0000] {processor.py:208} INFO - Processing /home/noelsdavid/airflow_venv/lib/python3.12/site-packages/airflow/example_dags/example_workday_timetable.py took 0.170 seconds
[2026-05-18T06:44:24.008+0000] {processor.py:186} INFO - Started process (PID=13040) to work on /home/noelsdavid/airflow_venv/lib/python3.12/site-packages/airflow/example_dags/example_workday_timetable.py
[2026-05-18T06:44:24.052+0000] {processor.py:914} INFO - Processing file /home/noelsdavid/airflow_venv/lib/python3.12/site-packages/airflow/example_dags/example_workday_timetable.py for tasks to queue
[2026-05-18T06:44:24.055+0000] {logging_mixin.py:190} INFO - [2026-05-18T06:44:24.054+0000] {dagbag.py:588} INFO - Filling up the DagBag from /home/noelsdavid/airflow_venv/lib/python3.12/site-packages/airflow/example_dags/example_workday_timetable.py
[2026-05-18T06:44:24.065+0000] {processor.py:925} INFO - DAG(s) 'example_workday_timetable' retrieved from /home/noelsdavid/airflow_venv/lib/python3.12/site-packages/airflow/example_dags/example_workday_timetable.py
[2026-05-18T06:44:24.087+0000] {logging_mixin.py:190} INFO - [2026-05-18T06:44:24.086+0000] {dag.py:3239} INFO - Sync 1 DAGs
[2026-05-18T06:44:24.114+0000] {logging_mixin.py:190} INFO - [2026-05-18T06:44:24.114+0000] {dag.py:4180} INFO - Setting next_dagrun for example_workday_timetable to 2021-01-01 00:00:00+00:00, run_after=2021-01-02 00:00:00+00:00
[2026-05-18T06:44:24.144+0000] {processor.py:208} INFO - Processing /home/noelsdavid/airflow_venv/lib/python3.12/site-packages/airflow/example_dags/example_workday_timetable.py took 0.148 seconds
[2026-05-18T06:45:36.391+0000] {processor.py:186} INFO - Started process (PID=13142) to work on /home/noelsdavid/airflow_venv/lib/python3.12/site-packages/airflow/example_dags/example_workday_timetable.py
[2026-05-18T06:45:36.409+0000] {processor.py:914} INFO - Processing file /home/noelsdavid/airflow_venv/lib/python3.12/site-packages/airflow/example_dags/example_workday_timetable.py for tasks to queue
[2026-05-18T06:45:36.411+0000] {logging_mixin.py:190} INFO - [2026-05-18T06:45:36.410+0000] {dagbag.py:588} INFO - Filling up the DagBag from /home/noelsdavid/airflow_venv/lib/python3.12/site-packages/airflow/example_dags/example_workday_timetable.py
[2026-05-18T06:45:36.420+0000] {processor.py:925} INFO - DAG(s) 'example_workday_timetable' retrieved from /home/noelsdavid/airflow_venv/lib/python3.12/site-packages/airflow/example_dags/example_workday_timetable.py
[2026-05-18T06:45:36.442+0000] {logging_mixin.py:190} INFO - [2026-05-18T06:45:36.442+0000] {dag.py:3239} INFO - Sync 1 DAGs
[2026-05-18T06:45:36.469+0000] {logging_mixin.py:190} INFO - [2026-05-18T06:45:36.468+0000] {dag.py:4180} INFO - Setting next_dagrun for example_workday_timetable to 2021-01-01 00:00:00+00:00, run_after=2021-01-02 00:00:00+00:00
[2026-05-18T06:45:36.499+0000] {processor.py:208} INFO - Processing /home/noelsdavid/airflow_venv/lib/python3.12/site-packages/airflow/example_dags/example_workday_timetable.py took 0.119 seconds
[2026-05-18T06:46:46.722+0000] {processor.py:186} INFO - Started process (PID=13217) to work on /home/noelsdavid/airflow_venv/lib/python3.12/site-packages/airflow/example_dags/example_workday_timetable.py
[2026-05-18T06:46:46.725+0000] {processor.py:914} INFO - Processing file /home/noelsdavid/airflow_venv/lib/python3.12/site-packages/airflow/example_dags/example_workday_timetable.py for tasks to queue
[2026-05-18T06:46:46.727+0000] {logging_mixin.py:190} INFO - [2026-05-18T06:46:46.727+0000] {dagbag.py:588} INFO - Filling up the DagBag from /home/noelsdavid/airflow_venv/lib/python3.12/site-packages/airflow/example_dags/example_workday_timetable.py
[2026-05-18T06:46:46.736+0000] {processor.py:925} INFO - DAG(s) 'example_workday_timetable' retrieved from /home/noelsdavid/airflow_venv/lib/python3.12/site-packages/airflow/example_dags/example_workday_timetable.py
[2026-05-18T06:46:46.757+0000] {logging_mixin.py:190} INFO - [2026-05-18T06:46:46.757+0000] {dag.py:3239} INFO - Sync 1 DAGs
[2026-05-18T06:46:46.785+0000] {logging_mixin.py:190} INFO - [2026-05-18T06:46:46.784+0000] {dag.py:4180} INFO - Setting next_dagrun for example_workday_timetable to 2021-01-01 00:00:00+00:00, run_after=2021-01-02 00:00:00+00:00
[2026-05-18T06:46:46.815+0000] {processor.py:208} INFO - Processing /home/noelsdavid/airflow_venv/lib/python3.12/site-packages/airflow/example_dags/example_workday_timetable.py took 0.103 seconds
[2026-05-18T06:47:51.281+0000] {processor.py:186} INFO - Started process (PID=13289) to work on /home/noelsdavid/airflow_venv/lib/python3.12/site-packages/airflow/example_dags/example_workday_timetable.py
[2026-05-18T06:47:51.284+0000] {processor.py:914} INFO - Processing file /home/noelsdavid/airflow_venv/lib/python3.12/site-packages/airflow/example_dags/example_workday_timetable.py for tasks to queue
[2026-05-18T06:47:51.286+0000] {logging_mixin.py:190} INFO - [2026-05-18T06:47:51.285+0000] {dagbag.py:588} INFO - Filling up the DagBag from /home/noelsdavid/airflow_venv/lib/python3.12/site-packages/airflow/example_dags/example_workday_timetable.py
[2026-05-18T06:47:51.295+0000] {processor.py:925} INFO - DAG(s) 'example_workday_timetable' retrieved from /home/noelsdavid/airflow_venv/lib/python3.12/site-packages/airflow/example_dags/example_workday_timetable.py
[2026-05-18T06:47:51.316+0000] {logging_mixin.py:190} INFO - [2026-05-18T06:47:51.316+0000] {dag.py:3239} INFO - Sync 1 DAGs
[2026-05-18T06:47:51.345+0000] {logging_mixin.py:190} INFO - [2026-05-18T06:47:51.344+0000] {dag.py:4180} INFO - Setting next_dagrun for example_workday_timetable to 2021-01-01 00:00:00+00:00, run_after=2021-01-02 00:00:00+00:00
[2026-05-18T06:47:51.380+0000] {processor.py:208} INFO - Processing /home/noelsdavid/airflow_venv/lib/python3.12/site-packages/airflow/example_dags/example_workday_timetable.py took 0.108 seconds
[2026-05-18T06:48:57.510+0000] {processor.py:186} INFO - Started process (PID=13365) to work on /home/noelsdavid/airflow_venv/lib/python3.12/site-packages/airflow/example_dags/example_workday_timetable.py
[2026-05-18T06:48:57.523+0000] {processor.py:914} INFO - Processing file /home/noelsdavid/airflow_venv/lib/python3.12/site-packages/airflow/example_dags/example_workday_timetable.py for tasks to queue
[2026-05-18T06:48:57.525+0000] {logging_mixin.py:190} INFO - [2026-05-18T06:48:57.524+0000] {dagbag.py:588} INFO - Filling up the DagBag from /home/noelsdavid/airflow_venv/lib/python3.12/site-packages/airflow/example_dags/example_workday_timetable.py
[2026-05-18T06:48:57.534+0000] {processor.py:925} INFO - DAG(s) 'example_workday_timetable' retrieved from /home/noelsdavid/airflow_venv/lib/python3.12/site-packages/airflow/example_dags/example_workday_timetable.py
[2026-05-18T06:48:57.555+0000] {logging_mixin.py:190} INFO - [2026-05-18T06:48:57.554+0000] {dag.py:3239} INFO - Sync 1 DAGs
[2026-05-18T06:48:57.583+0000] {logging_mixin.py:190} INFO - [2026-05-18T06:48:57.583+0000] {dag.py:4180} INFO - Setting next_dagrun for example_workday_timetable to 2021-01-01 00:00:00+00:00, run_after=2021-01-02 00:00:00+00:00
[2026-05-18T06:48:57.616+0000] {processor.py:208} INFO - Processing /home/noelsdavid/airflow_venv/lib/python3.12/site-packages/airflow/example_dags/example_workday_timetable.py took 0.116 seconds
[2026-05-18T06:50:04.855+0000] {processor.py:186} INFO - Started process (PID=13465) to work on /home/noelsdavid/airflow_venv/lib/python3.12/site-packages/airflow/example_dags/example_workday_timetable.py
[2026-05-18T06:50:04.858+0000] {processor.py:914} INFO - Processing file /home/noelsdavid/airflow_venv/lib/python3.12/site-packages/airflow/example_dags/example_workday_timetable.py for tasks to queue
[2026-05-18T06:50:04.860+0000] {logging_mixin.py:190} INFO - [2026-05-18T06:50:04.859+0000] {dagbag.py:588} INFO - Filling up the DagBag from /home/noelsdavid/airflow_venv/lib/python3.12/site-packages/airflow/example_dags/example_workday_timetable.py
[2026-05-18T06:50:04.869+0000] {processor.py:925} INFO - DAG(s) 'example_workday_timetable' retrieved from /home/noelsdavid/airflow_venv/lib/python3.12/site-packages/airflow/example_dags/example_workday_timetable.py
[2026-05-18T06:50:04.891+0000] {logging_mixin.py:190} INFO - [2026-05-18T06:50:04.891+0000] {dag.py:3239} INFO - Sync 1 DAGs
[2026-05-18T06:50:04.923+0000] {logging_mixin.py:190} INFO - [2026-05-18T06:50:04.922+0000] {dag.py:4180} INFO - Setting next_dagrun for example_workday_timetable to 2021-01-01 00:00:00+00:00, run_after=2021-01-02 00:00:00+00:00
[2026-05-18T06:50:04.960+0000] {processor.py:208} INFO - Processing /home/noelsdavid/airflow_venv/lib/python3.12/site-packages/airflow/example_dags/example_workday_timetable.py took 0.115 seconds
[2026-05-18T06:51:15.714+0000] {processor.py:186} INFO - Started process (PID=14130) to work on /home/noelsdavid/airflow_venv/lib/python3.12/site-packages/airflow/example_dags/example_workday_timetable.py
[2026-05-18T06:51:15.734+0000] {processor.py:914} INFO - Processing file /home/noelsdavid/airflow_venv/lib/python3.12/site-packages/airflow/example_dags/example_workday_timetable.py for tasks to queue
[2026-05-18T06:51:15.737+0000] {logging_mixin.py:190} INFO - [2026-05-18T06:51:15.736+0000] {dagbag.py:588} INFO - Filling up the DagBag from /home/noelsdavid/airflow_venv/lib/python3.12/site-packages/airflow/example_dags/example_workday_timetable.py
[2026-05-18T06:51:15.746+0000] {processor.py:925} INFO - DAG(s) 'example_workday_timetable' retrieved from /home/noelsdavid/airflow_venv/lib/python3.12/site-packages/airflow/example_dags/example_workday_timetable.py
[2026-05-18T06:51:15.767+0000] {logging_mixin.py:190} INFO - [2026-05-18T06:51:15.767+0000] {dag.py:3239} INFO - Sync 1 DAGs
[2026-05-18T06:51:15.795+0000] {logging_mixin.py:190} INFO - [2026-05-18T06:51:15.795+0000] {dag.py:4180} INFO - Setting next_dagrun for example_workday_timetable to 2021-01-01 00:00:00+00:00, run_after=2021-01-02 00:00:00+00:00
[2026-05-18T06:51:15.826+0000] {processor.py:208} INFO - Processing /home/noelsdavid/airflow_venv/lib/python3.12/site-packages/airflow/example_dags/example_workday_timetable.py took 0.122 seconds
[2026-05-18T06:52:24.685+0000] {processor.py:186} INFO - Started process (PID=14414) to work on /home/noelsdavid/airflow_venv/lib/python3.12/site-packages/airflow/example_dags/example_workday_timetable.py
[2026-05-18T06:52:24.687+0000] {processor.py:914} INFO - Processing file /home/noelsdavid/airflow_venv/lib/python3.12/site-packages/airflow/example_dags/example_workday_timetable.py for tasks to queue
[2026-05-18T06:52:24.689+0000] {logging_mixin.py:190} INFO - [2026-05-18T06:52:24.689+0000] {dagbag.py:588} INFO - Filling up the DagBag from /home/noelsdavid/airflow_venv/lib/python3.12/site-packages/airflow/example_dags/example_workday_timetable.py
[2026-05-18T06:52:24.700+0000] {processor.py:925} INFO - DAG(s) 'example_workday_timetable' retrieved from /home/noelsdavid/airflow_venv/lib/python3.12/site-packages/airflow/example_dags/example_workday_timetable.py
[2026-05-18T06:52:24.721+0000] {logging_mixin.py:190} INFO - [2026-05-18T06:52:24.721+0000] {dag.py:3239} INFO - Sync 1 DAGs
[2026-05-18T06:52:24.749+0000] {logging_mixin.py:190} INFO - [2026-05-18T06:52:24.749+0000] {dag.py:4180} INFO - Setting next_dagrun for example_workday_timetable to 2021-01-01 00:00:00+00:00, run_after=2021-01-02 00:00:00+00:00
[2026-05-18T06:52:24.781+0000] {processor.py:208} INFO - Processing /home/noelsdavid/airflow_venv/lib/python3.12/site-packages/airflow/example_dags/example_workday_timetable.py took 0.106 seconds
[2026-05-18T06:53:38.087+0000] {processor.py:186} INFO - Started process (PID=14742) to work on /home/noelsdavid/airflow_venv/lib/python3.12/site-packages/airflow/example_dags/example_workday_timetable.py
[2026-05-18T06:53:38.089+0000] {processor.py:914} INFO - Processing file /home/noelsdavid/airflow_venv/lib/python3.12/site-packages/airflow/example_dags/example_workday_timetable.py for tasks to queue
[2026-05-18T06:53:38.092+0000] {logging_mixin.py:190} INFO - [2026-05-18T06:53:38.091+0000] {dagbag.py:588} INFO - Filling up the DagBag from /home/noelsdavid/airflow_venv/lib/python3.12/site-packages/airflow/example_dags/example_workday_timetable.py
[2026-05-18T06:53:38.102+0000] {processor.py:925} INFO - DAG(s) 'example_workday_timetable' retrieved from /home/noelsdavid/airflow_venv/lib/python3.12/site-packages/airflow/example_dags/example_workday_timetable.py
[2026-05-18T06:53:38.123+0000] {logging_mixin.py:190} INFO - [2026-05-18T06:53:38.123+0000] {dag.py:3239} INFO - Sync 1 DAGs
[2026-05-18T06:53:38.151+0000] {logging_mixin.py:190} INFO - [2026-05-18T06:53:38.150+0000] {dag.py:4180} INFO - Setting next_dagrun for example_workday_timetable to 2021-01-01 00:00:00+00:00, run_after=2021-01-02 00:00:00+00:00
[2026-05-18T06:53:38.182+0000] {processor.py:208} INFO - Processing /home/noelsdavid/airflow_venv/lib/python3.12/site-packages/airflow/example_dags/example_workday_timetable.py took 0.105 seconds
[2026-05-18T06:54:50.091+0000] {processor.py:186} INFO - Started process (PID=15015) to work on /home/noelsdavid/airflow_venv/lib/python3.12/site-packages/airflow/example_dags/example_workday_timetable.py
[2026-05-18T06:54:50.093+0000] {processor.py:914} INFO - Processing file /home/noelsdavid/airflow_venv/lib/python3.12/site-packages/airflow/example_dags/example_workday_timetable.py for tasks to queue
[2026-05-18T06:54:50.096+0000] {logging_mixin.py:190} INFO - [2026-05-18T06:54:50.095+0000] {dagbag.py:588} INFO - Filling up the DagBag from /home/noelsdavid/airflow_venv/lib/python3.12/site-packages/airflow/example_dags/example_workday_timetable.py
[2026-05-18T06:54:50.106+0000] {processor.py:925} INFO - DAG(s) 'example_workday_timetable' retrieved from /home/noelsdavid/airflow_venv/lib/python3.12/site-packages/airflow/example_dags/example_workday_timetable.py
[2026-05-18T06:54:50.127+0000] {logging_mixin.py:190} INFO - [2026-05-18T06:54:50.127+0000] {dag.py:3239} INFO - Sync 1 DAGs
[2026-05-18T06:54:50.155+0000] {logging_mixin.py:190} INFO - [2026-05-18T06:54:50.155+0000] {dag.py:4180} INFO - Setting next_dagrun for example_workday_timetable to 2021-01-01 00:00:00+00:00, run_after=2021-01-02 00:00:00+00:00
[2026-05-18T06:54:50.188+0000] {processor.py:208} INFO - Processing /home/noelsdavid/airflow_venv/lib/python3.12/site-packages/airflow/example_dags/example_workday_timetable.py took 0.106 seconds
[2026-05-18T06:56:10.208+0000] {processor.py:186} INFO - Started process (PID=15318) to work on /home/noelsdavid/airflow_venv/lib/python3.12/site-packages/airflow/example_dags/example_workday_timetable.py
[2026-05-18T06:56:10.212+0000] {processor.py:914} INFO - Processing file /home/noelsdavid/airflow_venv/lib/python3.12/site-packages/airflow/example_dags/example_workday_timetable.py for tasks to queue
[2026-05-18T06:56:10.217+0000] {logging_mixin.py:190} INFO - [2026-05-18T06:56:10.216+0000] {dagbag.py:588} INFO - Filling up the DagBag from /home/noelsdavid/airflow_venv/lib/python3.12/site-packages/airflow/example_dags/example_workday_timetable.py
[2026-05-18T06:56:10.237+0000] {processor.py:925} INFO - DAG(s) 'example_workday_timetable' retrieved from /home/noelsdavid/airflow_venv/lib/python3.12/site-packages/airflow/example_dags/example_workday_timetable.py
[2026-05-18T06:56:10.282+0000] {logging_mixin.py:190} INFO - [2026-05-18T06:56:10.282+0000] {dag.py:3239} INFO - Sync 1 DAGs
[2026-05-18T06:56:10.328+0000] {logging_mixin.py:190} INFO - [2026-05-18T06:56:10.328+0000] {dag.py:4180} INFO - Setting next_dagrun for example_workday_timetable to 2021-01-01 00:00:00+00:00, run_after=2021-01-02 00:00:00+00:00
[2026-05-18T06:56:10.368+0000] {processor.py:208} INFO - Processing /home/noelsdavid/airflow_venv/lib/python3.12/site-packages/airflow/example_dags/example_workday_timetable.py took 0.184 seconds
[2026-05-18T06:57:26.838+0000] {processor.py:186} INFO - Started process (PID=15464) to work on /home/noelsdavid/airflow_venv/lib/python3.12/site-packages/airflow/example_dags/example_workday_timetable.py
[2026-05-18T06:57:26.841+0000] {processor.py:914} INFO - Processing file /home/noelsdavid/airflow_venv/lib/python3.12/site-packages/airflow/example_dags/example_workday_timetable.py for tasks to queue
[2026-05-18T06:57:26.844+0000] {logging_mixin.py:190} INFO - [2026-05-18T06:57:26.843+0000] {dagbag.py:588} INFO - Filling up the DagBag from /home/noelsdavid/airflow_venv/lib/python3.12/site-packages/airflow/example_dags/example_workday_timetable.py
[2026-05-18T06:57:26.853+0000] {processor.py:925} INFO - DAG(s) 'example_workday_timetable' retrieved from /home/noelsdavid/airflow_venv/lib/python3.12/site-packages/airflow/example_dags/example_workday_timetable.py
[2026-05-18T06:57:26.876+0000] {logging_mixin.py:190} INFO - [2026-05-18T06:57:26.876+0000] {dag.py:3239} INFO - Sync 1 DAGs
[2026-05-18T06:57:26.905+0000] {logging_mixin.py:190} INFO - [2026-05-18T06:57:26.904+0000] {dag.py:4180} INFO - Setting next_dagrun for example_workday_timetable to 2021-01-01 00:00:00+00:00, run_after=2021-01-02 00:00:00+00:00
[2026-05-18T06:57:26.936+0000] {processor.py:208} INFO - Processing /home/noelsdavid/airflow_venv/lib/python3.12/site-packages/airflow/example_dags/example_workday_timetable.py took 0.107 seconds
[2026-05-18T06:58:39.569+0000] {processor.py:186} INFO - Started process (PID=15785) to work on /home/noelsdavid/airflow_venv/lib/python3.12/site-packages/airflow/example_dags/example_workday_timetable.py
[2026-05-18T06:58:39.603+0000] {processor.py:914} INFO - Processing file /home/noelsdavid/airflow_venv/lib/python3.12/site-packages/airflow/example_dags/example_workday_timetable.py for tasks to queue
[2026-05-18T06:58:39.606+0000] {logging_mixin.py:190} INFO - [2026-05-18T06:58:39.605+0000] {dagbag.py:588} INFO - Filling up the DagBag from /home/noelsdavid/airflow_venv/lib/python3.12/site-packages/airflow/example_dags/example_workday_timetable.py
[2026-05-18T06:58:39.616+0000] {processor.py:925} INFO - DAG(s) 'example_workday_timetable' retrieved from /home/noelsdavid/airflow_venv/lib/python3.12/site-packages/airflow/example_dags/example_workday_timetable.py
[2026-05-18T06:58:39.640+0000] {logging_mixin.py:190} INFO - [2026-05-18T06:58:39.639+0000] {dag.py:3239} INFO - Sync 1 DAGs
[2026-05-18T06:58:39.676+0000] {logging_mixin.py:190} INFO - [2026-05-18T06:58:39.675+0000] {dag.py:4180} INFO - Setting next_dagrun for example_workday_timetable to 2021-01-01 00:00:00+00:00, run_after=2021-01-02 00:00:00+00:00
[2026-05-18T06:58:39.708+0000] {processor.py:208} INFO - Processing /home/noelsdavid/airflow_venv/lib/python3.12/site-packages/airflow/example_dags/example_workday_timetable.py took 0.153 seconds
[2026-05-18T06:59:59.381+0000] {processor.py:186} INFO - Started process (PID=15893) to work on /home/noelsdavid/airflow_venv/lib/python3.12/site-packages/airflow/example_dags/example_workday_timetable.py
[2026-05-18T06:59:59.397+0000] {processor.py:914} INFO - Processing file /home/noelsdavid/airflow_venv/lib/python3.12/site-packages/airflow/example_dags/example_workday_timetable.py for tasks to queue
[2026-05-18T06:59:59.399+0000] {logging_mixin.py:190} INFO - [2026-05-18T06:59:59.399+0000] {dagbag.py:588} INFO - Filling up the DagBag from /home/noelsdavid/airflow_venv/lib/python3.12/site-packages/airflow/example_dags/example_workday_timetable.py
[2026-05-18T06:59:59.408+0000] {processor.py:925} INFO - DAG(s) 'example_workday_timetable' retrieved from /home/noelsdavid/airflow_venv/lib/python3.12/site-packages/airflow/example_dags/example_workday_timetable.py
[2026-05-18T06:59:59.429+0000] {logging_mixin.py:190} INFO - [2026-05-18T06:59:59.429+0000] {dag.py:3239} INFO - Sync 1 DAGs
[2026-05-18T06:59:59.465+0000] {logging_mixin.py:190} INFO - [2026-05-18T06:59:59.464+0000] {dag.py:4180} INFO - Setting next_dagrun for example_workday_timetable to 2021-01-01 00:00:00+00:00, run_after=2021-01-02 00:00:00+00:00
[2026-05-18T06:59:59.505+0000] {processor.py:208} INFO - Processing /home/noelsdavid/airflow_venv/lib/python3.12/site-packages/airflow/example_dags/example_workday_timetable.py took 0.133 seconds
[2026-05-18T07:00:44.918+0000] {processor.py:186} INFO - Started process (PID=16215) to work on /home/noelsdavid/airflow_venv/lib/python3.12/site-packages/airflow/example_dags/example_workday_timetable.py
[2026-05-18T07:00:44.922+0000] {processor.py:914} INFO - Processing file /home/noelsdavid/airflow_venv/lib/python3.12/site-packages/airflow/example_dags/example_workday_timetable.py for tasks to queue
[2026-05-18T07:00:44.924+0000] {logging_mixin.py:190} INFO - [2026-05-18T07:00:44.923+0000] {dagbag.py:588} INFO - Filling up the DagBag from /home/noelsdavid/airflow_venv/lib/python3.12/site-packages/airflow/example_dags/example_workday_timetable.py
[2026-05-18T07:00:44.933+0000] {processor.py:925} INFO - DAG(s) 'example_workday_timetable' retrieved from /home/noelsdavid/airflow_venv/lib/python3.12/site-packages/airflow/example_dags/example_workday_timetable.py
[2026-05-18T07:00:44.954+0000] {logging_mixin.py:190} INFO - [2026-05-18T07:00:44.954+0000] {dag.py:3239} INFO - Sync 1 DAGs
[2026-05-18T07:00:44.981+0000] {logging_mixin.py:190} INFO - [2026-05-18T07:00:44.981+0000] {dag.py:4180} INFO - Setting next_dagrun for example_workday_timetable to 2021-01-01 00:00:00+00:00, run_after=2021-01-02 00:00:00+00:00
[2026-05-18T07:00:45.013+0000] {processor.py:208} INFO - Processing /home/noelsdavid/airflow_venv/lib/python3.12/site-packages/airflow/example_dags/example_workday_timetable.py took 0.105 seconds
[2026-05-18T07:01:58.853+0000] {processor.py:186} INFO - Started process (PID=16447) to work on /home/noelsdavid/airflow_venv/lib/python3.12/site-packages/airflow/example_dags/example_workday_timetable.py
[2026-05-18T07:01:58.903+0000] {processor.py:914} INFO - Processing file /home/noelsdavid/airflow_venv/lib/python3.12/site-packages/airflow/example_dags/example_workday_timetable.py for tasks to queue
[2026-05-18T07:01:58.907+0000] {logging_mixin.py:190} INFO - [2026-05-18T07:01:58.906+0000] {dagbag.py:588} INFO - Filling up the DagBag from /home/noelsdavid/airflow_venv/lib/python3.12/site-packages/airflow/example_dags/example_workday_timetable.py
[2026-05-18T07:01:58.918+0000] {processor.py:925} INFO - DAG(s) 'example_workday_timetable' retrieved from /home/noelsdavid/airflow_venv/lib/python3.12/site-packages/airflow/example_dags/example_workday_timetable.py
[2026-05-18T07:01:58.939+0000] {logging_mixin.py:190} INFO - [2026-05-18T07:01:58.939+0000] {dag.py:3239} INFO - Sync 1 DAGs
[2026-05-18T07:01:58.968+0000] {logging_mixin.py:190} INFO - [2026-05-18T07:01:58.967+0000] {dag.py:4180} INFO - Setting next_dagrun for example_workday_timetable to 2021-01-01 00:00:00+00:00, run_after=2021-01-02 00:00:00+00:00
[2026-05-18T07:01:58.998+0000] {processor.py:208} INFO - Processing /home/noelsdavid/airflow_venv/lib/python3.12/site-packages/airflow/example_dags/example_workday_timetable.py took 0.157 seconds
[2026-05-18T07:03:11.129+0000] {processor.py:186} INFO - Started process (PID=16525) to work on /home/noelsdavid/airflow_venv/lib/python3.12/site-packages/airflow/example_dags/example_workday_timetable.py
[2026-05-18T07:03:11.132+0000] {processor.py:914} INFO - Processing file /home/noelsdavid/airflow_venv/lib/python3.12/site-packages/airflow/example_dags/example_workday_timetable.py for tasks to queue
[2026-05-18T07:03:11.134+0000] {logging_mixin.py:190} INFO - [2026-05-18T07:03:11.134+0000] {dagbag.py:588} INFO - Filling up the DagBag from /home/noelsdavid/airflow_venv/lib/python3.12/site-packages/airflow/example_dags/example_workday_timetable.py
[2026-05-18T07:03:11.143+0000] {processor.py:925} INFO - DAG(s) 'example_workday_timetable' retrieved from /home/noelsdavid/airflow_venv/lib/python3.12/site-packages/airflow/example_dags/example_workday_timetable.py
[2026-05-18T07:03:11.164+0000] {logging_mixin.py:190} INFO - [2026-05-18T07:03:11.164+0000] {dag.py:3239} INFO - Sync 1 DAGs
[2026-05-18T07:03:11.190+0000] {logging_mixin.py:190} INFO - [2026-05-18T07:03:11.190+0000] {dag.py:4180} INFO - Setting next_dagrun for example_workday_timetable to 2021-01-01 00:00:00+00:00, run_after=2021-01-02 00:00:00+00:00
[2026-05-18T07:03:11.220+0000] {processor.py:208} INFO - Processing /home/noelsdavid/airflow_venv/lib/python3.12/site-packages/airflow/example_dags/example_workday_timetable.py took 0.102 seconds
[2026-05-18T07:04:18.041+0000] {processor.py:186} INFO - Started process (PID=16602) to work on /home/noelsdavid/airflow_venv/lib/python3.12/site-packages/airflow/example_dags/example_workday_timetable.py
[2026-05-18T07:04:18.043+0000] {processor.py:914} INFO - Processing file /home/noelsdavid/airflow_venv/lib/python3.12/site-packages/airflow/example_dags/example_workday_timetable.py for tasks to queue
[2026-05-18T07:04:18.045+0000] {logging_mixin.py:190} INFO - [2026-05-18T07:04:18.044+0000] {dagbag.py:588} INFO - Filling up the DagBag from /home/noelsdavid/airflow_venv/lib/python3.12/site-packages/airflow/example_dags/example_workday_timetable.py
[2026-05-18T07:04:18.054+0000] {processor.py:925} INFO - DAG(s) 'example_workday_timetable' retrieved from /home/noelsdavid/airflow_venv/lib/python3.12/site-packages/airflow/example_dags/example_workday_timetable.py
[2026-05-18T07:04:18.076+0000] {logging_mixin.py:190} INFO - [2026-05-18T07:04:18.075+0000] {dag.py:3239} INFO - Sync 1 DAGs
[2026-05-18T07:04:18.103+0000] {logging_mixin.py:190} INFO - [2026-05-18T07:04:18.103+0000] {dag.py:4180} INFO - Setting next_dagrun for example_workday_timetable to 2021-01-01 00:00:00+00:00, run_after=2021-01-02 00:00:00+00:00
[2026-05-18T07:04:18.135+0000] {processor.py:208} INFO - Processing /home/noelsdavid/airflow_venv/lib/python3.12/site-packages/airflow/example_dags/example_workday_timetable.py took 0.104 seconds
[2026-05-18T07:05:31.798+0000] {processor.py:186} INFO - Started process (PID=16705) to work on /home/noelsdavid/airflow_venv/lib/python3.12/site-packages/airflow/example_dags/example_workday_timetable.py
[2026-05-18T07:05:31.800+0000] {processor.py:914} INFO - Processing file /home/noelsdavid/airflow_venv/lib/python3.12/site-packages/airflow/example_dags/example_workday_timetable.py for tasks to queue
[2026-05-18T07:05:31.803+0000] {logging_mixin.py:190} INFO - [2026-05-18T07:05:31.802+0000] {dagbag.py:588} INFO - Filling up the DagBag from /home/noelsdavid/airflow_venv/lib/python3.12/site-packages/airflow/example_dags/example_workday_timetable.py
[2026-05-18T07:05:31.814+0000] {processor.py:925} INFO - DAG(s) 'example_workday_timetable' retrieved from /home/noelsdavid/airflow_venv/lib/python3.12/site-packages/airflow/example_dags/example_workday_timetable.py
[2026-05-18T07:05:31.836+0000] {logging_mixin.py:190} INFO - [2026-05-18T07:05:31.836+0000] {dag.py:3239} INFO - Sync 1 DAGs
[2026-05-18T07:05:31.864+0000] {logging_mixin.py:190} INFO - [2026-05-18T07:05:31.864+0000] {dag.py:4180} INFO - Setting next_dagrun for example_workday_timetable to 2021-01-01 00:00:00+00:00, run_after=2021-01-02 00:00:00+00:00
[2026-05-18T07:05:31.898+0000] {processor.py:208} INFO - Processing /home/noelsdavid/airflow_venv/lib/python3.12/site-packages/airflow/example_dags/example_workday_timetable.py took 0.111 seconds
[2026-05-18T07:06:52.111+0000] {processor.py:186} INFO - Started process (PID=16786) to work on /home/noelsdavid/airflow_venv/lib/python3.12/site-packages/airflow/example_dags/example_workday_timetable.py
[2026-05-18T07:06:52.113+0000] {processor.py:914} INFO - Processing file /home/noelsdavid/airflow_venv/lib/python3.12/site-packages/airflow/example_dags/example_workday_timetable.py for tasks to queue
[2026-05-18T07:06:52.115+0000] {logging_mixin.py:190} INFO - [2026-05-18T07:06:52.115+0000] {dagbag.py:588} INFO - Filling up the DagBag from /home/noelsdavid/airflow_venv/lib/python3.12/site-packages/airflow/example_dags/example_workday_timetable.py
[2026-05-18T07:06:52.126+0000] {processor.py:925} INFO - DAG(s) 'example_workday_timetable' retrieved from /home/noelsdavid/airflow_venv/lib/python3.12/site-packages/airflow/example_dags/example_workday_timetable.py
[2026-05-18T07:06:52.149+0000] {logging_mixin.py:190} INFO - [2026-05-18T07:06:52.149+0000] {dag.py:3239} INFO - Sync 1 DAGs
[2026-05-18T07:06:52.177+0000] {logging_mixin.py:190} INFO - [2026-05-18T07:06:52.176+0000] {dag.py:4180} INFO - Setting next_dagrun for example_workday_timetable to 2021-01-01 00:00:00+00:00, run_after=2021-01-02 00:00:00+00:00
[2026-05-18T07:06:52.209+0000] {processor.py:208} INFO - Processing /home/noelsdavid/airflow_venv/lib/python3.12/site-packages/airflow/example_dags/example_workday_timetable.py took 0.109 seconds
[2026-05-18T07:08:10.097+0000] {processor.py:186} INFO - Started process (PID=16867) to work on /home/noelsdavid/airflow_venv/lib/python3.12/site-packages/airflow/example_dags/example_workday_timetable.py
[2026-05-18T07:08:10.110+0000] {processor.py:914} INFO - Processing file /home/noelsdavid/airflow_venv/lib/python3.12/site-packages/airflow/example_dags/example_workday_timetable.py for tasks to queue
[2026-05-18T07:08:10.112+0000] {logging_mixin.py:190} INFO - [2026-05-18T07:08:10.112+0000] {dagbag.py:588} INFO - Filling up the DagBag from /home/noelsdavid/airflow_venv/lib/python3.12/site-packages/airflow/example_dags/example_workday_timetable.py
[2026-05-18T07:08:10.122+0000] {processor.py:925} INFO - DAG(s) 'example_workday_timetable' retrieved from /home/noelsdavid/airflow_venv/lib/python3.12/site-packages/airflow/example_dags/example_workday_timetable.py
[2026-05-18T07:08:10.143+0000] {logging_mixin.py:190} INFO - [2026-05-18T07:08:10.143+0000] {dag.py:3239} INFO - Sync 1 DAGs
[2026-05-18T07:08:10.173+0000] {logging_mixin.py:190} INFO - [2026-05-18T07:08:10.173+0000] {dag.py:4180} INFO - Setting next_dagrun for example_workday_timetable to 2021-01-01 00:00:00+00:00, run_after=2021-01-02 00:00:00+00:00
[2026-05-18T07:08:10.207+0000] {processor.py:208} INFO - Processing /home/noelsdavid/airflow_venv/lib/python3.12/site-packages/airflow/example_dags/example_workday_timetable.py took 0.121 seconds
[2026-05-18T07:09:32.555+0000] {processor.py:186} INFO - Started process (PID=16949) to work on /home/noelsdavid/airflow_venv/lib/python3.12/site-packages/airflow/example_dags/example_workday_timetable.py
[2026-05-18T07:09:32.558+0000] {processor.py:914} INFO - Processing file /home/noelsdavid/airflow_venv/lib/python3.12/site-packages/airflow/example_dags/example_workday_timetable.py for tasks to queue
[2026-05-18T07:09:32.560+0000] {logging_mixin.py:190} INFO - [2026-05-18T07:09:32.559+0000] {dagbag.py:588} INFO - Filling up the DagBag from /home/noelsdavid/airflow_venv/lib/python3.12/site-packages/airflow/example_dags/example_workday_timetable.py
[2026-05-18T07:09:32.569+0000] {processor.py:925} INFO - DAG(s) 'example_workday_timetable' retrieved from /home/noelsdavid/airflow_venv/lib/python3.12/site-packages/airflow/example_dags/example_workday_timetable.py
[2026-05-18T07:09:32.591+0000] {logging_mixin.py:190} INFO - [2026-05-18T07:09:32.591+0000] {dag.py:3239} INFO - Sync 1 DAGs
[2026-05-18T07:09:32.623+0000] {logging_mixin.py:190} INFO - [2026-05-18T07:09:32.623+0000] {dag.py:4180} INFO - Setting next_dagrun for example_workday_timetable to 2021-01-01 00:00:00+00:00, run_after=2021-01-02 00:00:00+00:00
[2026-05-18T07:09:32.654+0000] {processor.py:208} INFO - Processing /home/noelsdavid/airflow_venv/lib/python3.12/site-packages/airflow/example_dags/example_workday_timetable.py took 0.110 seconds
[2026-05-18T07:10:50.493+0000] {processor.py:186} INFO - Started process (PID=17056) to work on /home/noelsdavid/airflow_venv/lib/python3.12/site-packages/airflow/example_dags/example_workday_timetable.py
[2026-05-18T07:10:50.496+0000] {processor.py:914} INFO - Processing file /home/noelsdavid/airflow_venv/lib/python3.12/site-packages/airflow/example_dags/example_workday_timetable.py for tasks to queue
[2026-05-18T07:10:50.499+0000] {logging_mixin.py:190} INFO - [2026-05-18T07:10:50.499+0000] {dagbag.py:588} INFO - Filling up the DagBag from /home/noelsdavid/airflow_venv/lib/python3.12/site-packages/airflow/example_dags/example_workday_timetable.py
[2026-05-18T07:10:50.510+0000] {processor.py:925} INFO - DAG(s) 'example_workday_timetable' retrieved from /home/noelsdavid/airflow_venv/lib/python3.12/site-packages/airflow/example_dags/example_workday_timetable.py
[2026-05-18T07:10:50.533+0000] {logging_mixin.py:190} INFO - [2026-05-18T07:10:50.532+0000] {dag.py:3239} INFO - Sync 1 DAGs
[2026-05-18T07:10:50.561+0000] {logging_mixin.py:190} INFO - [2026-05-18T07:10:50.561+0000] {dag.py:4180} INFO - Setting next_dagrun for example_workday_timetable to 2021-01-01 00:00:00+00:00, run_after=2021-01-02 00:00:00+00:00
[2026-05-18T07:10:50.598+0000] {processor.py:208} INFO - Processing /home/noelsdavid/airflow_venv/lib/python3.12/site-packages/airflow/example_dags/example_workday_timetable.py took 0.116 seconds
[2026-05-18T07:12:03.629+0000] {processor.py:186} INFO - Started process (PID=17135) to work on /home/noelsdavid/airflow_venv/lib/python3.12/site-packages/airflow/example_dags/example_workday_timetable.py
[2026-05-18T07:12:03.632+0000] {processor.py:914} INFO - Processing file /home/noelsdavid/airflow_venv/lib/python3.12/site-packages/airflow/example_dags/example_workday_timetable.py for tasks to queue
[2026-05-18T07:12:03.635+0000] {logging_mixin.py:190} INFO - [2026-05-18T07:12:03.634+0000] {dagbag.py:588} INFO - Filling up the DagBag from /home/noelsdavid/airflow_venv/lib/python3.12/site-packages/airflow/example_dags/example_workday_timetable.py
[2026-05-18T07:12:03.646+0000] {processor.py:925} INFO - DAG(s) 'example_workday_timetable' retrieved from /home/noelsdavid/airflow_venv/lib/python3.12/site-packages/airflow/example_dags/example_workday_timetable.py
[2026-05-18T07:12:03.667+0000] {logging_mixin.py:190} INFO - [2026-05-18T07:12:03.667+0000] {dag.py:3239} INFO - Sync 1 DAGs
[2026-05-18T07:12:03.704+0000] {logging_mixin.py:190} INFO - [2026-05-18T07:12:03.703+0000] {dag.py:4180} INFO - Setting next_dagrun for example_workday_timetable to 2021-01-01 00:00:00+00:00, run_after=2021-01-02 00:00:00+00:00
[2026-05-18T07:12:03.751+0000] {processor.py:208} INFO - Processing /home/noelsdavid/airflow_venv/lib/python3.12/site-packages/airflow/example_dags/example_workday_timetable.py took 0.134 seconds
[2026-05-18T07:13:20.872+0000] {processor.py:186} INFO - Started process (PID=17216) to work on /home/noelsdavid/airflow_venv/lib/python3.12/site-packages/airflow/example_dags/example_workday_timetable.py
[2026-05-18T07:13:20.898+0000] {processor.py:914} INFO - Processing file /home/noelsdavid/airflow_venv/lib/python3.12/site-packages/airflow/example_dags/example_workday_timetable.py for tasks to queue
[2026-05-18T07:13:20.900+0000] {logging_mixin.py:190} INFO - [2026-05-18T07:13:20.899+0000] {dagbag.py:588} INFO - Filling up the DagBag from /home/noelsdavid/airflow_venv/lib/python3.12/site-packages/airflow/example_dags/example_workday_timetable.py
[2026-05-18T07:13:20.910+0000] {processor.py:925} INFO - DAG(s) 'example_workday_timetable' retrieved from /home/noelsdavid/airflow_venv/lib/python3.12/site-packages/airflow/example_dags/example_workday_timetable.py
[2026-05-18T07:13:20.931+0000] {logging_mixin.py:190} INFO - [2026-05-18T07:13:20.931+0000] {dag.py:3239} INFO - Sync 1 DAGs
[2026-05-18T07:13:20.959+0000] {logging_mixin.py:190} INFO - [2026-05-18T07:13:20.958+0000] {dag.py:4180} INFO - Setting next_dagrun for example_workday_timetable to 2021-01-01 00:00:00+00:00, run_after=2021-01-02 00:00:00+00:00
[2026-05-18T07:13:20.993+0000] {processor.py:208} INFO - Processing /home/noelsdavid/airflow_venv/lib/python3.12/site-packages/airflow/example_dags/example_workday_timetable.py took 0.131 seconds
[2026-05-18T07:14:30.607+0000] {processor.py:186} INFO - Started process (PID=17293) to work on /home/noelsdavid/airflow_venv/lib/python3.12/site-packages/airflow/example_dags/example_workday_timetable.py
[2026-05-18T07:14:30.647+0000] {processor.py:914} INFO - Processing file /home/noelsdavid/airflow_venv/lib/python3.12/site-packages/airflow/example_dags/example_workday_timetable.py for tasks to queue
[2026-05-18T07:14:30.650+0000] {logging_mixin.py:190} INFO - [2026-05-18T07:14:30.649+0000] {dagbag.py:588} INFO - Filling up the DagBag from /home/noelsdavid/airflow_venv/lib/python3.12/site-packages/airflow/example_dags/example_workday_timetable.py
[2026-05-18T07:14:30.659+0000] {processor.py:925} INFO - DAG(s) 'example_workday_timetable' retrieved from /home/noelsdavid/airflow_venv/lib/python3.12/site-packages/airflow/example_dags/example_workday_timetable.py
[2026-05-18T07:14:30.680+0000] {logging_mixin.py:190} INFO - [2026-05-18T07:14:30.680+0000] {dag.py:3239} INFO - Sync 1 DAGs
[2026-05-18T07:14:30.709+0000] {logging_mixin.py:190} INFO - [2026-05-18T07:14:30.708+0000] {dag.py:4180} INFO - Setting next_dagrun for example_workday_timetable to 2021-01-01 00:00:00+00:00, run_after=2021-01-02 00:00:00+00:00
[2026-05-18T07:14:30.742+0000] {processor.py:208} INFO - Processing /home/noelsdavid/airflow_venv/lib/python3.12/site-packages/airflow/example_dags/example_workday_timetable.py took 0.146 seconds
[2026-05-18T07:15:41.589+0000] {processor.py:186} INFO - Started process (PID=17395) to work on /home/noelsdavid/airflow_venv/lib/python3.12/site-packages/airflow/example_dags/example_workday_timetable.py
[2026-05-18T07:15:41.591+0000] {processor.py:914} INFO - Processing file /home/noelsdavid/airflow_venv/lib/python3.12/site-packages/airflow/example_dags/example_workday_timetable.py for tasks to queue
[2026-05-18T07:15:41.594+0000] {logging_mixin.py:190} INFO - [2026-05-18T07:15:41.594+0000] {dagbag.py:588} INFO - Filling up the DagBag from /home/noelsdavid/airflow_venv/lib/python3.12/site-packages/airflow/example_dags/example_workday_timetable.py
[2026-05-18T07:15:41.606+0000] {processor.py:925} INFO - DAG(s) 'example_workday_timetable' retrieved from /home/noelsdavid/airflow_venv/lib/python3.12/site-packages/airflow/example_dags/example_workday_timetable.py
[2026-05-18T07:15:41.628+0000] {logging_mixin.py:190} INFO - [2026-05-18T07:15:41.627+0000] {dag.py:3239} INFO - Sync 1 DAGs
[2026-05-18T07:15:41.664+0000] {logging_mixin.py:190} INFO - [2026-05-18T07:15:41.664+0000] {dag.py:4180} INFO - Setting next_dagrun for example_workday_timetable to 2021-01-01 00:00:00+00:00, run_after=2021-01-02 00:00:00+00:00
[2026-05-18T07:15:41.719+0000] {processor.py:208} INFO - Processing /home/noelsdavid/airflow_venv/lib/python3.12/site-packages/airflow/example_dags/example_workday_timetable.py took 0.141 seconds
[2026-05-18T07:17:04.622+0000] {processor.py:186} INFO - Started process (PID=17478) to work on /home/noelsdavid/airflow_venv/lib/python3.12/site-packages/airflow/example_dags/example_workday_timetable.py
[2026-05-18T07:17:04.626+0000] {processor.py:914} INFO - Processing file /home/noelsdavid/airflow_venv/lib/python3.12/site-packages/airflow/example_dags/example_workday_timetable.py for tasks to queue
[2026-05-18T07:17:04.629+0000] {logging_mixin.py:190} INFO - [2026-05-18T07:17:04.629+0000] {dagbag.py:588} INFO - Filling up the DagBag from /home/noelsdavid/airflow_venv/lib/python3.12/site-packages/airflow/example_dags/example_workday_timetable.py
[2026-05-18T07:17:04.645+0000] {processor.py:925} INFO - DAG(s) 'example_workday_timetable' retrieved from /home/noelsdavid/airflow_venv/lib/python3.12/site-packages/airflow/example_dags/example_workday_timetable.py
[2026-05-18T07:17:04.676+0000] {logging_mixin.py:190} INFO - [2026-05-18T07:17:04.676+0000] {dag.py:3239} INFO - Sync 1 DAGs
[2026-05-18T07:17:04.726+0000] {logging_mixin.py:190} INFO - [2026-05-18T07:17:04.725+0000] {dag.py:4180} INFO - Setting next_dagrun for example_workday_timetable to 2021-01-01 00:00:00+00:00, run_after=2021-01-02 00:00:00+00:00
[2026-05-18T07:17:04.778+0000] {processor.py:208} INFO - Processing /home/noelsdavid/airflow_venv/lib/python3.12/site-packages/airflow/example_dags/example_workday_timetable.py took 0.170 seconds
[2026-05-18T07:18:15.391+0000] {processor.py:186} INFO - Started process (PID=17557) to work on /home/noelsdavid/airflow_venv/lib/python3.12/site-packages/airflow/example_dags/example_workday_timetable.py
[2026-05-18T07:18:15.394+0000] {processor.py:914} INFO - Processing file /home/noelsdavid/airflow_venv/lib/python3.12/site-packages/airflow/example_dags/example_workday_timetable.py for tasks to queue
[2026-05-18T07:18:15.397+0000] {logging_mixin.py:190} INFO - [2026-05-18T07:18:15.396+0000] {dagbag.py:588} INFO - Filling up the DagBag from /home/noelsdavid/airflow_venv/lib/python3.12/site-packages/airflow/example_dags/example_workday_timetable.py
[2026-05-18T07:18:15.406+0000] {processor.py:925} INFO - DAG(s) 'example_workday_timetable' retrieved from /home/noelsdavid/airflow_venv/lib/python3.12/site-packages/airflow/example_dags/example_workday_timetable.py
[2026-05-18T07:18:15.428+0000] {logging_mixin.py:190} INFO - [2026-05-18T07:18:15.428+0000] {dag.py:3239} INFO - Sync 1 DAGs
[2026-05-18T07:18:15.456+0000] {logging_mixin.py:190} INFO - [2026-05-18T07:18:15.456+0000] {dag.py:4180} INFO - Setting next_dagrun for example_workday_timetable to 2021-01-01 00:00:00+00:00, run_after=2021-01-02 00:00:00+00:00
[2026-05-18T07:18:15.488+0000] {processor.py:208} INFO - Processing /home/noelsdavid/airflow_venv/lib/python3.12/site-packages/airflow/example_dags/example_workday_timetable.py took 0.107 seconds
[2026-05-18T07:19:22.596+0000] {processor.py:186} INFO - Started process (PID=17633) to work on /home/noelsdavid/airflow_venv/lib/python3.12/site-packages/airflow/example_dags/example_workday_timetable.py
[2026-05-18T07:19:22.598+0000] {processor.py:914} INFO - Processing file /home/noelsdavid/airflow_venv/lib/python3.12/site-packages/airflow/example_dags/example_workday_timetable.py for tasks to queue
[2026-05-18T07:19:22.601+0000] {logging_mixin.py:190} INFO - [2026-05-18T07:19:22.600+0000] {dagbag.py:588} INFO - Filling up the DagBag from /home/noelsdavid/airflow_venv/lib/python3.12/site-packages/airflow/example_dags/example_workday_timetable.py
[2026-05-18T07:19:22.610+0000] {processor.py:925} INFO - DAG(s) 'example_workday_timetable' retrieved from /home/noelsdavid/airflow_venv/lib/python3.12/site-packages/airflow/example_dags/example_workday_timetable.py
[2026-05-18T07:19:22.633+0000] {logging_mixin.py:190} INFO - [2026-05-18T07:19:22.632+0000] {dag.py:3239} INFO - Sync 1 DAGs
[2026-05-18T07:19:22.660+0000] {logging_mixin.py:190} INFO - [2026-05-18T07:19:22.660+0000] {dag.py:4180} INFO - Setting next_dagrun for example_workday_timetable to 2021-01-01 00:00:00+00:00, run_after=2021-01-02 00:00:00+00:00
[2026-05-18T07:19:22.691+0000] {processor.py:208} INFO - Processing /home/noelsdavid/airflow_venv/lib/python3.12/site-packages/airflow/example_dags/example_workday_timetable.py took 0.104 seconds
[2026-05-18T07:20:33.726+0000] {processor.py:186} INFO - Started process (PID=17735) to work on /home/noelsdavid/airflow_venv/lib/python3.12/site-packages/airflow/example_dags/example_workday_timetable.py
[2026-05-18T07:20:33.728+0000] {processor.py:914} INFO - Processing file /home/noelsdavid/airflow_venv/lib/python3.12/site-packages/airflow/example_dags/example_workday_timetable.py for tasks to queue
[2026-05-18T07:20:33.731+0000] {logging_mixin.py:190} INFO - [2026-05-18T07:20:33.730+0000] {dagbag.py:588} INFO - Filling up the DagBag from /home/noelsdavid/airflow_venv/lib/python3.12/site-packages/airflow/example_dags/example_workday_timetable.py
[2026-05-18T07:20:33.741+0000] {processor.py:925} INFO - DAG(s) 'example_workday_timetable' retrieved from /home/noelsdavid/airflow_venv/lib/python3.12/site-packages/airflow/example_dags/example_workday_timetable.py
[2026-05-18T07:20:33.763+0000] {logging_mixin.py:190} INFO - [2026-05-18T07:20:33.763+0000] {dag.py:3239} INFO - Sync 1 DAGs
[2026-05-18T07:20:33.791+0000] {logging_mixin.py:190} INFO - [2026-05-18T07:20:33.791+0000] {dag.py:4180} INFO - Setting next_dagrun for example_workday_timetable to 2021-01-01 00:00:00+00:00, run_after=2021-01-02 00:00:00+00:00
[2026-05-18T07:20:33.823+0000] {processor.py:208} INFO - Processing /home/noelsdavid/airflow_venv/lib/python3.12/site-packages/airflow/example_dags/example_workday_timetable.py took 0.106 seconds
[2026-05-18T07:21:44.767+0000] {processor.py:186} INFO - Started process (PID=17815) to work on /home/noelsdavid/airflow_venv/lib/python3.12/site-packages/airflow/example_dags/example_workday_timetable.py
[2026-05-18T07:21:44.771+0000] {processor.py:914} INFO - Processing file /home/noelsdavid/airflow_venv/lib/python3.12/site-packages/airflow/example_dags/example_workday_timetable.py for tasks to queue
[2026-05-18T07:21:44.773+0000] {logging_mixin.py:190} INFO - [2026-05-18T07:21:44.773+0000] {dagbag.py:588} INFO - Filling up the DagBag from /home/noelsdavid/airflow_venv/lib/python3.12/site-packages/airflow/example_dags/example_workday_timetable.py
[2026-05-18T07:21:44.783+0000] {processor.py:925} INFO - DAG(s) 'example_workday_timetable' retrieved from /home/noelsdavid/airflow_venv/lib/python3.12/site-packages/airflow/example_dags/example_workday_timetable.py
[2026-05-18T07:21:44.806+0000] {logging_mixin.py:190} INFO - [2026-05-18T07:21:44.805+0000] {dag.py:3239} INFO - Sync 1 DAGs
[2026-05-18T07:21:44.834+0000] {logging_mixin.py:190} INFO - [2026-05-18T07:21:44.833+0000] {dag.py:4180} INFO - Setting next_dagrun for example_workday_timetable to 2021-01-01 00:00:00+00:00, run_after=2021-01-02 00:00:00+00:00
[2026-05-18T07:21:44.866+0000] {processor.py:208} INFO - Processing /home/noelsdavid/airflow_venv/lib/python3.12/site-packages/airflow/example_dags/example_workday_timetable.py took 0.108 seconds
[2026-05-18T07:23:00.086+0000] {processor.py:186} INFO - Started process (PID=17895) to work on /home/noelsdavid/airflow_venv/lib/python3.12/site-packages/airflow/example_dags/example_workday_timetable.py
[2026-05-18T07:23:00.088+0000] {processor.py:914} INFO - Processing file /home/noelsdavid/airflow_venv/lib/python3.12/site-packages/airflow/example_dags/example_workday_timetable.py for tasks to queue
[2026-05-18T07:23:00.092+0000] {logging_mixin.py:190} INFO - [2026-05-18T07:23:00.091+0000] {dagbag.py:588} INFO - Filling up the DagBag from /home/noelsdavid/airflow_venv/lib/python3.12/site-packages/airflow/example_dags/example_workday_timetable.py
[2026-05-18T07:23:00.102+0000] {processor.py:925} INFO - DAG(s) 'example_workday_timetable' retrieved from /home/noelsdavid/airflow_venv/lib/python3.12/site-packages/airflow/example_dags/example_workday_timetable.py
[2026-05-18T07:23:00.125+0000] {logging_mixin.py:190} INFO - [2026-05-18T07:23:00.125+0000] {dag.py:3239} INFO - Sync 1 DAGs
[2026-05-18T07:23:00.153+0000] {logging_mixin.py:190} INFO - [2026-05-18T07:23:00.153+0000] {dag.py:4180} INFO - Setting next_dagrun for example_workday_timetable to 2021-01-01 00:00:00+00:00, run_after=2021-01-02 00:00:00+00:00
[2026-05-18T07:23:00.187+0000] {processor.py:208} INFO - Processing /home/noelsdavid/airflow_venv/lib/python3.12/site-packages/airflow/example_dags/example_workday_timetable.py took 0.111 seconds
[2026-05-18T07:24:14.483+0000] {processor.py:186} INFO - Started process (PID=17975) to work on /home/noelsdavid/airflow_venv/lib/python3.12/site-packages/airflow/example_dags/example_workday_timetable.py
[2026-05-18T07:24:14.485+0000] {processor.py:914} INFO - Processing file /home/noelsdavid/airflow_venv/lib/python3.12/site-packages/airflow/example_dags/example_workday_timetable.py for tasks to queue
[2026-05-18T07:24:14.488+0000] {logging_mixin.py:190} INFO - [2026-05-18T07:24:14.488+0000] {dagbag.py:588} INFO - Filling up the DagBag from /home/noelsdavid/airflow_venv/lib/python3.12/site-packages/airflow/example_dags/example_workday_timetable.py
[2026-05-18T07:24:14.499+0000] {processor.py:925} INFO - DAG(s) 'example_workday_timetable' retrieved from /home/noelsdavid/airflow_venv/lib/python3.12/site-packages/airflow/example_dags/example_workday_timetable.py
[2026-05-18T07:24:14.521+0000] {logging_mixin.py:190} INFO - [2026-05-18T07:24:14.521+0000] {dag.py:3239} INFO - Sync 1 DAGs
[2026-05-18T07:24:14.549+0000] {logging_mixin.py:190} INFO - [2026-05-18T07:24:14.549+0000] {dag.py:4180} INFO - Setting next_dagrun for example_workday_timetable to 2021-01-01 00:00:00+00:00, run_after=2021-01-02 00:00:00+00:00
[2026-05-18T07:24:14.582+0000] {processor.py:208} INFO - Processing /home/noelsdavid/airflow_venv/lib/python3.12/site-packages/airflow/example_dags/example_workday_timetable.py took 0.109 seconds
[2026-05-18T07:25:25.374+0000] {processor.py:186} INFO - Started process (PID=18077) to work on /home/noelsdavid/airflow_venv/lib/python3.12/site-packages/airflow/example_dags/example_workday_timetable.py
[2026-05-18T07:25:25.377+0000] {processor.py:914} INFO - Processing file /home/noelsdavid/airflow_venv/lib/python3.12/site-packages/airflow/example_dags/example_workday_timetable.py for tasks to queue
[2026-05-18T07:25:25.379+0000] {logging_mixin.py:190} INFO - [2026-05-18T07:25:25.379+0000] {dagbag.py:588} INFO - Filling up the DagBag from /home/noelsdavid/airflow_venv/lib/python3.12/site-packages/airflow/example_dags/example_workday_timetable.py
[2026-05-18T07:25:25.389+0000] {processor.py:925} INFO - DAG(s) 'example_workday_timetable' retrieved from /home/noelsdavid/airflow_venv/lib/python3.12/site-packages/airflow/example_dags/example_workday_timetable.py
[2026-05-18T07:25:25.410+0000] {logging_mixin.py:190} INFO - [2026-05-18T07:25:25.410+0000] {dag.py:3239} INFO - Sync 1 DAGs
[2026-05-18T07:25:25.439+0000] {logging_mixin.py:190} INFO - [2026-05-18T07:25:25.438+0000] {dag.py:4180} INFO - Setting next_dagrun for example_workday_timetable to 2021-01-01 00:00:00+00:00, run_after=2021-01-02 00:00:00+00:00
[2026-05-18T07:25:25.475+0000] {processor.py:208} INFO - Processing /home/noelsdavid/airflow_venv/lib/python3.12/site-packages/airflow/example_dags/example_workday_timetable.py took 0.110 seconds
[2026-05-18T07:26:29.539+0000] {processor.py:186} INFO - Started process (PID=18149) to work on /home/noelsdavid/airflow_venv/lib/python3.12/site-packages/airflow/example_dags/example_workday_timetable.py
[2026-05-18T07:26:29.542+0000] {processor.py:914} INFO - Processing file /home/noelsdavid/airflow_venv/lib/python3.12/site-packages/airflow/example_dags/example_workday_timetable.py for tasks to queue
[2026-05-18T07:26:29.545+0000] {logging_mixin.py:190} INFO - [2026-05-18T07:26:29.544+0000] {dagbag.py:588} INFO - Filling up the DagBag from /home/noelsdavid/airflow_venv/lib/python3.12/site-packages/airflow/example_dags/example_workday_timetable.py
[2026-05-18T07:26:29.554+0000] {processor.py:925} INFO - DAG(s) 'example_workday_timetable' retrieved from /home/noelsdavid/airflow_venv/lib/python3.12/site-packages/airflow/example_dags/example_workday_timetable.py
[2026-05-18T07:26:29.578+0000] {logging_mixin.py:190} INFO - [2026-05-18T07:26:29.577+0000] {dag.py:3239} INFO - Sync 1 DAGs
[2026-05-18T07:26:29.608+0000] {logging_mixin.py:190} INFO - [2026-05-18T07:26:29.608+0000] {dag.py:4180} INFO - Setting next_dagrun for example_workday_timetable to 2021-01-01 00:00:00+00:00, run_after=2021-01-02 00:00:00+00:00
[2026-05-18T07:26:29.645+0000] {processor.py:208} INFO - Processing /home/noelsdavid/airflow_venv/lib/python3.12/site-packages/airflow/example_dags/example_workday_timetable.py took 0.116 seconds
[2026-05-18T07:27:42.199+0000] {processor.py:186} INFO - Started process (PID=18227) to work on /home/noelsdavid/airflow_venv/lib/python3.12/site-packages/airflow/example_dags/example_workday_timetable.py
[2026-05-18T07:27:42.201+0000] {processor.py:914} INFO - Processing file /home/noelsdavid/airflow_venv/lib/python3.12/site-packages/airflow/example_dags/example_workday_timetable.py for tasks to queue
[2026-05-18T07:27:42.204+0000] {logging_mixin.py:190} INFO - [2026-05-18T07:27:42.203+0000] {dagbag.py:588} INFO - Filling up the DagBag from /home/noelsdavid/airflow_venv/lib/python3.12/site-packages/airflow/example_dags/example_workday_timetable.py
[2026-05-18T07:27:42.215+0000] {processor.py:925} INFO - DAG(s) 'example_workday_timetable' retrieved from /home/noelsdavid/airflow_venv/lib/python3.12/site-packages/airflow/example_dags/example_workday_timetable.py
[2026-05-18T07:27:42.237+0000] {logging_mixin.py:190} INFO - [2026-05-18T07:27:42.236+0000] {dag.py:3239} INFO - Sync 1 DAGs
[2026-05-18T07:27:42.265+0000] {logging_mixin.py:190} INFO - [2026-05-18T07:27:42.265+0000] {dag.py:4180} INFO - Setting next_dagrun for example_workday_timetable to 2021-01-01 00:00:00+00:00, run_after=2021-01-02 00:00:00+00:00
[2026-05-18T07:27:42.299+0000] {processor.py:208} INFO - Processing /home/noelsdavid/airflow_venv/lib/python3.12/site-packages/airflow/example_dags/example_workday_timetable.py took 0.111 seconds
[2026-05-18T07:28:52.287+0000] {processor.py:186} INFO - Started process (PID=18304) to work on /home/noelsdavid/airflow_venv/lib/python3.12/site-packages/airflow/example_dags/example_workday_timetable.py
[2026-05-18T07:28:52.289+0000] {processor.py:914} INFO - Processing file /home/noelsdavid/airflow_venv/lib/python3.12/site-packages/airflow/example_dags/example_workday_timetable.py for tasks to queue
[2026-05-18T07:28:52.292+0000] {logging_mixin.py:190} INFO - [2026-05-18T07:28:52.292+0000] {dagbag.py:588} INFO - Filling up the DagBag from /home/noelsdavid/airflow_venv/lib/python3.12/site-packages/airflow/example_dags/example_workday_timetable.py
[2026-05-18T07:28:52.302+0000] {processor.py:925} INFO - DAG(s) 'example_workday_timetable' retrieved from /home/noelsdavid/airflow_venv/lib/python3.12/site-packages/airflow/example_dags/example_workday_timetable.py
[2026-05-18T07:28:52.325+0000] {logging_mixin.py:190} INFO - [2026-05-18T07:28:52.325+0000] {dag.py:3239} INFO - Sync 1 DAGs
[2026-05-18T07:28:52.354+0000] {logging_mixin.py:190} INFO - [2026-05-18T07:28:52.353+0000] {dag.py:4180} INFO - Setting next_dagrun for example_workday_timetable to 2021-01-01 00:00:00+00:00, run_after=2021-01-02 00:00:00+00:00
[2026-05-18T07:28:52.386+0000] {processor.py:208} INFO - Processing /home/noelsdavid/airflow_venv/lib/python3.12/site-packages/airflow/example_dags/example_workday_timetable.py took 0.108 seconds
[2026-05-18T07:30:02.653+0000] {processor.py:186} INFO - Started process (PID=18381) to work on /home/noelsdavid/airflow_venv/lib/python3.12/site-packages/airflow/example_dags/example_workday_timetable.py
[2026-05-18T07:30:02.676+0000] {processor.py:914} INFO - Processing file /home/noelsdavid/airflow_venv/lib/python3.12/site-packages/airflow/example_dags/example_workday_timetable.py for tasks to queue
[2026-05-18T07:30:02.679+0000] {logging_mixin.py:190} INFO - [2026-05-18T07:30:02.678+0000] {dagbag.py:588} INFO - Filling up the DagBag from /home/noelsdavid/airflow_venv/lib/python3.12/site-packages/airflow/example_dags/example_workday_timetable.py
[2026-05-18T07:30:02.690+0000] {processor.py:925} INFO - DAG(s) 'example_workday_timetable' retrieved from /home/noelsdavid/airflow_venv/lib/python3.12/site-packages/airflow/example_dags/example_workday_timetable.py
[2026-05-18T07:30:02.720+0000] {logging_mixin.py:190} INFO - [2026-05-18T07:30:02.719+0000] {dag.py:3239} INFO - Sync 1 DAGs
[2026-05-18T07:30:02.761+0000] {logging_mixin.py:190} INFO - [2026-05-18T07:30:02.761+0000] {dag.py:4180} INFO - Setting next_dagrun for example_workday_timetable to 2021-01-01 00:00:00+00:00, run_after=2021-01-02 00:00:00+00:00
[2026-05-18T07:30:02.820+0000] {processor.py:208} INFO - Processing /home/noelsdavid/airflow_venv/lib/python3.12/site-packages/airflow/example_dags/example_workday_timetable.py took 0.183 seconds
[2026-05-18T07:31:14.136+0000] {processor.py:186} INFO - Started process (PID=18492) to work on /home/noelsdavid/airflow_venv/lib/python3.12/site-packages/airflow/example_dags/example_workday_timetable.py
[2026-05-18T07:31:14.139+0000] {processor.py:914} INFO - Processing file /home/noelsdavid/airflow_venv/lib/python3.12/site-packages/airflow/example_dags/example_workday_timetable.py for tasks to queue
[2026-05-18T07:31:14.141+0000] {logging_mixin.py:190} INFO - [2026-05-18T07:31:14.141+0000] {dagbag.py:588} INFO - Filling up the DagBag from /home/noelsdavid/airflow_venv/lib/python3.12/site-packages/airflow/example_dags/example_workday_timetable.py
[2026-05-18T07:31:14.150+0000] {processor.py:925} INFO - DAG(s) 'example_workday_timetable' retrieved from /home/noelsdavid/airflow_venv/lib/python3.12/site-packages/airflow/example_dags/example_workday_timetable.py
[2026-05-18T07:31:14.172+0000] {logging_mixin.py:190} INFO - [2026-05-18T07:31:14.171+0000] {dag.py:3239} INFO - Sync 1 DAGs
[2026-05-18T07:31:14.199+0000] {logging_mixin.py:190} INFO - [2026-05-18T07:31:14.199+0000] {dag.py:4180} INFO - Setting next_dagrun for example_workday_timetable to 2021-01-01 00:00:00+00:00, run_after=2021-01-02 00:00:00+00:00
[2026-05-18T07:31:14.231+0000] {processor.py:208} INFO - Processing /home/noelsdavid/airflow_venv/lib/python3.12/site-packages/airflow/example_dags/example_workday_timetable.py took 0.104 seconds
[2026-05-18T07:32:25.446+0000] {processor.py:186} INFO - Started process (PID=18570) to work on /home/noelsdavid/airflow_venv/lib/python3.12/site-packages/airflow/example_dags/example_workday_timetable.py
[2026-05-18T07:32:25.448+0000] {processor.py:914} INFO - Processing file /home/noelsdavid/airflow_venv/lib/python3.12/site-packages/airflow/example_dags/example_workday_timetable.py for tasks to queue
[2026-05-18T07:32:25.451+0000] {logging_mixin.py:190} INFO - [2026-05-18T07:32:25.450+0000] {dagbag.py:588} INFO - Filling up the DagBag from /home/noelsdavid/airflow_venv/lib/python3.12/site-packages/airflow/example_dags/example_workday_timetable.py
[2026-05-18T07:32:25.460+0000] {processor.py:925} INFO - DAG(s) 'example_workday_timetable' retrieved from /home/noelsdavid/airflow_venv/lib/python3.12/site-packages/airflow/example_dags/example_workday_timetable.py
[2026-05-18T07:32:25.482+0000] {logging_mixin.py:190} INFO - [2026-05-18T07:32:25.481+0000] {dag.py:3239} INFO - Sync 1 DAGs
[2026-05-18T07:32:25.510+0000] {logging_mixin.py:190} INFO - [2026-05-18T07:32:25.510+0000] {dag.py:4180} INFO - Setting next_dagrun for example_workday_timetable to 2021-01-01 00:00:00+00:00, run_after=2021-01-02 00:00:00+00:00
[2026-05-18T07:32:25.545+0000] {processor.py:208} INFO - Processing /home/noelsdavid/airflow_venv/lib/python3.12/site-packages/airflow/example_dags/example_workday_timetable.py took 0.108 seconds
[2026-05-18T07:33:34.371+0000] {processor.py:186} INFO - Started process (PID=18646) to work on /home/noelsdavid/airflow_venv/lib/python3.12/site-packages/airflow/example_dags/example_workday_timetable.py
[2026-05-18T07:33:34.397+0000] {processor.py:914} INFO - Processing file /home/noelsdavid/airflow_venv/lib/python3.12/site-packages/airflow/example_dags/example_workday_timetable.py for tasks to queue
[2026-05-18T07:33:34.400+0000] {logging_mixin.py:190} INFO - [2026-05-18T07:33:34.399+0000] {dagbag.py:588} INFO - Filling up the DagBag from /home/noelsdavid/airflow_venv/lib/python3.12/site-packages/airflow/example_dags/example_workday_timetable.py
[2026-05-18T07:33:34.409+0000] {processor.py:925} INFO - DAG(s) 'example_workday_timetable' retrieved from /home/noelsdavid/airflow_venv/lib/python3.12/site-packages/airflow/example_dags/example_workday_timetable.py
[2026-05-18T07:33:34.432+0000] {logging_mixin.py:190} INFO - [2026-05-18T07:33:34.431+0000] {dag.py:3239} INFO - Sync 1 DAGs
[2026-05-18T07:33:34.460+0000] {logging_mixin.py:190} INFO - [2026-05-18T07:33:34.460+0000] {dag.py:4180} INFO - Setting next_dagrun for example_workday_timetable to 2021-01-01 00:00:00+00:00, run_after=2021-01-02 00:00:00+00:00
[2026-05-18T07:33:34.492+0000] {processor.py:208} INFO - Processing /home/noelsdavid/airflow_venv/lib/python3.12/site-packages/airflow/example_dags/example_workday_timetable.py took 0.131 seconds
[2026-05-18T07:34:45.229+0000] {processor.py:186} INFO - Started process (PID=18723) to work on /home/noelsdavid/airflow_venv/lib/python3.12/site-packages/airflow/example_dags/example_workday_timetable.py
[2026-05-18T07:34:45.241+0000] {processor.py:914} INFO - Processing file /home/noelsdavid/airflow_venv/lib/python3.12/site-packages/airflow/example_dags/example_workday_timetable.py for tasks to queue
[2026-05-18T07:34:45.245+0000] {logging_mixin.py:190} INFO - [2026-05-18T07:34:45.244+0000] {dagbag.py:588} INFO - Filling up the DagBag from /home/noelsdavid/airflow_venv/lib/python3.12/site-packages/airflow/example_dags/example_workday_timetable.py
[2026-05-18T07:34:45.254+0000] {processor.py:925} INFO - DAG(s) 'example_workday_timetable' retrieved from /home/noelsdavid/airflow_venv/lib/python3.12/site-packages/airflow/example_dags/example_workday_timetable.py
[2026-05-18T07:34:45.276+0000] {logging_mixin.py:190} INFO - [2026-05-18T07:34:45.275+0000] {dag.py:3239} INFO - Sync 1 DAGs
[2026-05-18T07:34:45.303+0000] {logging_mixin.py:190} INFO - [2026-05-18T07:34:45.303+0000] {dag.py:4180} INFO - Setting next_dagrun for example_workday_timetable to 2021-01-01 00:00:00+00:00, run_after=2021-01-02 00:00:00+00:00
[2026-05-18T07:34:45.338+0000] {processor.py:208} INFO - Processing /home/noelsdavid/airflow_venv/lib/python3.12/site-packages/airflow/example_dags/example_workday_timetable.py took 0.119 seconds
[2026-05-18T07:35:57.695+0000] {processor.py:186} INFO - Started process (PID=18823) to work on /home/noelsdavid/airflow_venv/lib/python3.12/site-packages/airflow/example_dags/example_workday_timetable.py
[2026-05-18T07:35:57.698+0000] {processor.py:914} INFO - Processing file /home/noelsdavid/airflow_venv/lib/python3.12/site-packages/airflow/example_dags/example_workday_timetable.py for tasks to queue
[2026-05-18T07:35:57.701+0000] {logging_mixin.py:190} INFO - [2026-05-18T07:35:57.701+0000] {dagbag.py:588} INFO - Filling up the DagBag from /home/noelsdavid/airflow_venv/lib/python3.12/site-packages/airflow/example_dags/example_workday_timetable.py
[2026-05-18T07:35:57.712+0000] {processor.py:925} INFO - DAG(s) 'example_workday_timetable' retrieved from /home/noelsdavid/airflow_venv/lib/python3.12/site-packages/airflow/example_dags/example_workday_timetable.py
[2026-05-18T07:35:57.733+0000] {logging_mixin.py:190} INFO - [2026-05-18T07:35:57.733+0000] {dag.py:3239} INFO - Sync 1 DAGs
[2026-05-18T07:35:57.760+0000] {logging_mixin.py:190} INFO - [2026-05-18T07:35:57.760+0000] {dag.py:4180} INFO - Setting next_dagrun for example_workday_timetable to 2021-01-01 00:00:00+00:00, run_after=2021-01-02 00:00:00+00:00
[2026-05-18T07:35:57.793+0000] {processor.py:208} INFO - Processing /home/noelsdavid/airflow_venv/lib/python3.12/site-packages/airflow/example_dags/example_workday_timetable.py took 0.108 seconds
[2026-05-18T07:37:07.699+0000] {processor.py:186} INFO - Started process (PID=18900) to work on /home/noelsdavid/airflow_venv/lib/python3.12/site-packages/airflow/example_dags/example_workday_timetable.py
[2026-05-18T07:37:07.719+0000] {processor.py:914} INFO - Processing file /home/noelsdavid/airflow_venv/lib/python3.12/site-packages/airflow/example_dags/example_workday_timetable.py for tasks to queue
[2026-05-18T07:37:07.722+0000] {logging_mixin.py:190} INFO - [2026-05-18T07:37:07.721+0000] {dagbag.py:588} INFO - Filling up the DagBag from /home/noelsdavid/airflow_venv/lib/python3.12/site-packages/airflow/example_dags/example_workday_timetable.py
[2026-05-18T07:37:07.733+0000] {processor.py:925} INFO - DAG(s) 'example_workday_timetable' retrieved from /home/noelsdavid/airflow_venv/lib/python3.12/site-packages/airflow/example_dags/example_workday_timetable.py
[2026-05-18T07:37:07.755+0000] {logging_mixin.py:190} INFO - [2026-05-18T07:37:07.754+0000] {dag.py:3239} INFO - Sync 1 DAGs
[2026-05-18T07:37:07.783+0000] {logging_mixin.py:190} INFO - [2026-05-18T07:37:07.783+0000] {dag.py:4180} INFO - Setting next_dagrun for example_workday_timetable to 2021-01-01 00:00:00+00:00, run_after=2021-01-02 00:00:00+00:00
[2026-05-18T07:37:07.817+0000] {processor.py:208} INFO - Processing /home/noelsdavid/airflow_venv/lib/python3.12/site-packages/airflow/example_dags/example_workday_timetable.py took 0.128 seconds
[2026-05-18T07:38:18.694+0000] {processor.py:186} INFO - Started process (PID=18978) to work on /home/noelsdavid/airflow_venv/lib/python3.12/site-packages/airflow/example_dags/example_workday_timetable.py
[2026-05-18T07:38:18.696+0000] {processor.py:914} INFO - Processing file /home/noelsdavid/airflow_venv/lib/python3.12/site-packages/airflow/example_dags/example_workday_timetable.py for tasks to queue
[2026-05-18T07:38:18.699+0000] {logging_mixin.py:190} INFO - [2026-05-18T07:38:18.699+0000] {dagbag.py:588} INFO - Filling up the DagBag from /home/noelsdavid/airflow_venv/lib/python3.12/site-packages/airflow/example_dags/example_workday_timetable.py
[2026-05-18T07:38:18.709+0000] {processor.py:925} INFO - DAG(s) 'example_workday_timetable' retrieved from /home/noelsdavid/airflow_venv/lib/python3.12/site-packages/airflow/example_dags/example_workday_timetable.py
[2026-05-18T07:38:18.730+0000] {logging_mixin.py:190} INFO - [2026-05-18T07:38:18.730+0000] {dag.py:3239} INFO - Sync 1 DAGs
[2026-05-18T07:38:18.757+0000] {logging_mixin.py:190} INFO - [2026-05-18T07:38:18.757+0000] {dag.py:4180} INFO - Setting next_dagrun for example_workday_timetable to 2021-01-01 00:00:00+00:00, run_after=2021-01-02 00:00:00+00:00
[2026-05-18T07:38:18.789+0000] {processor.py:208} INFO - Processing /home/noelsdavid/airflow_venv/lib/python3.12/site-packages/airflow/example_dags/example_workday_timetable.py took 0.105 seconds
[2026-05-18T07:39:27.713+0000] {processor.py:186} INFO - Started process (PID=19055) to work on /home/noelsdavid/airflow_venv/lib/python3.12/site-packages/airflow/example_dags/example_workday_timetable.py
[2026-05-18T07:39:27.715+0000] {processor.py:914} INFO - Processing file /home/noelsdavid/airflow_venv/lib/python3.12/site-packages/airflow/example_dags/example_workday_timetable.py for tasks to queue
[2026-05-18T07:39:27.718+0000] {logging_mixin.py:190} INFO - [2026-05-18T07:39:27.718+0000] {dagbag.py:588} INFO - Filling up the DagBag from /home/noelsdavid/airflow_venv/lib/python3.12/site-packages/airflow/example_dags/example_workday_timetable.py
[2026-05-18T07:39:27.728+0000] {processor.py:925} INFO - DAG(s) 'example_workday_timetable' retrieved from /home/noelsdavid/airflow_venv/lib/python3.12/site-packages/airflow/example_dags/example_workday_timetable.py
[2026-05-18T07:39:27.749+0000] {logging_mixin.py:190} INFO - [2026-05-18T07:39:27.748+0000] {dag.py:3239} INFO - Sync 1 DAGs
[2026-05-18T07:39:27.777+0000] {logging_mixin.py:190} INFO - [2026-05-18T07:39:27.777+0000] {dag.py:4180} INFO - Setting next_dagrun for example_workday_timetable to 2021-01-01 00:00:00+00:00, run_after=2021-01-02 00:00:00+00:00
[2026-05-18T07:39:27.810+0000] {processor.py:208} INFO - Processing /home/noelsdavid/airflow_venv/lib/python3.12/site-packages/airflow/example_dags/example_workday_timetable.py took 0.107 seconds
                                                                                                                                                                                                                                                                                                                