[2026-05-18T06:00:38.166+0000] {processor.py:186} INFO - Started process (PID=6916) to work on /home/noelsdavid/airflow_venv/lib/python3.12/site-packages/airflow/example_dags/example_python_decorator.py
[2026-05-18T06:00:38.167+0000] {processor.py:914} INFO - Processing file /home/noelsdavid/airflow_venv/lib/python3.12/site-packages/airflow/example_dags/example_python_decorator.py for tasks to queue
[2026-05-18T06:00:38.170+0000] {logging_mixin.py:190} INFO - [2026-05-18T06:00:38.169+0000] {dagbag.py:588} INFO - Filling up the DagBag from /home/noelsdavid/airflow_venv/lib/python3.12/site-packages/airflow/example_dags/example_python_decorator.py
[2026-05-18T06:00:38.189+0000] {processor.py:925} INFO - DAG(s) 'example_python_decorator' retrieved from /home/noelsdavid/airflow_venv/lib/python3.12/site-packages/airflow/example_dags/example_python_decorator.py
[2026-05-18T06:00:38.331+0000] {logging_mixin.py:190} INFO - [2026-05-18T06:00:38.330+0000] {override.py:1911} INFO - Created Permission View: can edit on DAG:example_python_decorator
[2026-05-18T06:00:38.349+0000] {logging_mixin.py:190} INFO - [2026-05-18T06:00:38.348+0000] {override.py:1911} INFO - Created Permission View: can delete on DAG:example_python_decorator
[2026-05-18T06:00:38.362+0000] {logging_mixin.py:190} INFO - [2026-05-18T06:00:38.362+0000] {override.py:1911} INFO - Created Permission View: can read on DAG:example_python_decorator
[2026-05-18T06:00:38.383+0000] {logging_mixin.py:190} INFO - [2026-05-18T06:00:38.383+0000] {override.py:1911} INFO - Created Permission View: can delete on DAG Run:example_python_decorator
[2026-05-18T06:00:38.397+0000] {logging_mixin.py:190} INFO - [2026-05-18T06:00:38.396+0000] {override.py:1911} INFO - Created Permission View: menu access on DAG Run:example_python_decorator
[2026-05-18T06:00:38.410+0000] {logging_mixin.py:190} INFO - [2026-05-18T06:00:38.409+0000] {override.py:1911} INFO - Created Permission View: can create on DAG Run:example_python_decorator
[2026-05-18T06:00:38.422+0000] {logging_mixin.py:190} INFO - [2026-05-18T06:00:38.422+0000] {override.py:1911} INFO - Created Permission View: can read on DAG Run:example_python_decorator
[2026-05-18T06:00:38.423+0000] {logging_mixin.py:190} INFO - [2026-05-18T06:00:38.423+0000] {dag.py:3239} INFO - Sync 1 DAGs
[2026-05-18T06:00:38.436+0000] {logging_mixin.py:190} INFO - [2026-05-18T06:00:38.435+0000] {dag.py:3262} INFO - Creating ORM DAG for example_python_decorator
[2026-05-18T06:00:38.436+0000] {logging_mixin.py:190} INFO - [2026-05-18T06:00:38.436+0000] {dag.py:4180} INFO - Setting next_dagrun for example_python_decorator to None, run_after=None
[2026-05-18T06:00:38.464+0000] {processor.py:208} INFO - Processing /home/noelsdavid/airflow_venv/lib/python3.12/site-packages/airflow/example_dags/example_python_decorator.py took 0.305 seconds
[2026-05-18T06:01:45.802+0000] {processor.py:186} INFO - Started process (PID=6975) to work on /home/noelsdavid/airflow_venv/lib/python3.12/site-packages/airflow/example_dags/example_python_decorator.py
[2026-05-18T06:01:45.805+0000] {processor.py:914} INFO - Processing file /home/noelsdavid/airflow_venv/lib/python3.12/site-packages/airflow/example_dags/example_python_decorator.py for tasks to queue
[2026-05-18T06:01:45.807+0000] {logging_mixin.py:190} INFO - [2026-05-18T06:01:45.807+0000] {dagbag.py:588} INFO - Filling up the DagBag from /home/noelsdavid/airflow_venv/lib/python3.12/site-packages/airflow/example_dags/example_python_decorator.py
[2026-05-18T06:01:45.827+0000] {processor.py:925} INFO - DAG(s) 'example_python_decorator' retrieved from /home/noelsdavid/airflow_venv/lib/python3.12/site-packages/airflow/example_dags/example_python_decorator.py
[2026-05-18T06:01:45.850+0000] {logging_mixin.py:190} INFO - [2026-05-18T06:01:45.850+0000] {dag.py:3239} INFO - Sync 1 DAGs
[2026-05-18T06:01:45.865+0000] {logging_mixin.py:190} INFO - [2026-05-18T06:01:45.865+0000] {dag.py:4180} INFO - Setting next_dagrun for example_python_decorator to None, run_after=None
[2026-05-18T06:01:45.894+0000] {processor.py:208} INFO - Processing /home/noelsdavid/airflow_venv/lib/python3.12/site-packages/airflow/example_dags/example_python_decorator.py took 0.099 seconds
[2026-05-18T06:02:45.239+0000] {processor.py:186} INFO - Started process (PID=7035) to work on /home/noelsdavid/airflow_venv/lib/python3.12/site-packages/airflow/example_dags/example_python_decorator.py
[2026-05-18T06:02:45.241+0000] {processor.py:914} INFO - Processing file /home/noelsdavid/airflow_venv/lib/python3.12/site-packages/airflow/example_dags/example_python_decorator.py for tasks to queue
[2026-05-18T06:02:45.245+0000] {logging_mixin.py:190} INFO - [2026-05-18T06:02:45.243+0000] {dagbag.py:588} INFO - Filling up the DagBag from /home/noelsdavid/airflow_venv/lib/python3.12/site-packages/airflow/example_dags/example_python_decorator.py
[2026-05-18T06:02:45.265+0000] {processor.py:925} INFO - DAG(s) 'example_python_decorator' retrieved from /home/noelsdavid/airflow_venv/lib/python3.12/site-packages/airflow/example_dags/example_python_decorator.py
[2026-05-18T06:02:45.289+0000] {logging_mixin.py:190} INFO - [2026-05-18T06:02:45.288+0000] {dag.py:3239} INFO - Sync 1 DAGs
[2026-05-18T06:02:45.305+0000] {logging_mixin.py:190} INFO - [2026-05-18T06:02:45.304+0000] {dag.py:4180} INFO - Setting next_dagrun for example_python_decorator to None, run_after=None
[2026-05-18T06:02:45.335+0000] {processor.py:208} INFO - Processing /home/noelsdavid/airflow_venv/lib/python3.12/site-packages/airflow/example_dags/example_python_decorator.py took 0.104 seconds
[2026-05-18T06:03:45.335+0000] {processor.py:186} INFO - Started process (PID=7094) to work on /home/noelsdavid/airflow_venv/lib/python3.12/site-packages/airflow/example_dags/example_python_decorator.py
[2026-05-18T06:03:45.339+0000] {processor.py:914} INFO - Processing file /home/noelsdavid/airflow_venv/lib/python3.12/site-packages/airflow/example_dags/example_python_decorator.py for tasks to queue
[2026-05-18T06:03:45.344+0000] {logging_mixin.py:190} INFO - [2026-05-18T06:03:45.343+0000] {dagbag.py:588} INFO - Filling up the DagBag from /home/noelsdavid/airflow_venv/lib/python3.12/site-packages/airflow/example_dags/example_python_decorator.py
[2026-05-18T06:03:45.382+0000] {processor.py:925} INFO - DAG(s) 'example_python_decorator' retrieved from /home/noelsdavid/airflow_venv/lib/python3.12/site-packages/airflow/example_dags/example_python_decorator.py
[2026-05-18T06:03:45.432+0000] {logging_mixin.py:190} INFO - [2026-05-18T06:03:45.431+0000] {dag.py:3239} INFO - Sync 1 DAGs
[2026-05-18T06:03:45.451+0000] {logging_mixin.py:190} INFO - [2026-05-18T06:03:45.451+0000] {dag.py:4180} INFO - Setting next_dagrun for example_python_decorator to None, run_after=None
[2026-05-18T06:03:45.485+0000] {processor.py:208} INFO - Processing /home/noelsdavid/airflow_venv/lib/python3.12/site-packages/airflow/example_dags/example_python_decorator.py took 0.163 seconds
[2026-05-18T06:04:46.302+0000] {processor.py:186} INFO - Started process (PID=7152) to work on /home/noelsdavid/airflow_venv/lib/python3.12/site-packages/airflow/example_dags/example_python_decorator.py
[2026-05-18T06:04:46.333+0000] {processor.py:914} INFO - Processing file /home/noelsdavid/airflow_venv/lib/python3.12/site-packages/airflow/example_dags/example_python_decorator.py for tasks to queue
[2026-05-18T06:04:46.336+0000] {logging_mixin.py:190} INFO - [2026-05-18T06:04:46.336+0000] {dagbag.py:588} INFO - Filling up the DagBag from /home/noelsdavid/airflow_venv/lib/python3.12/site-packages/airflow/example_dags/example_python_decorator.py
[2026-05-18T06:04:46.356+0000] {processor.py:925} INFO - DAG(s) 'example_python_decorator' retrieved from /home/noelsdavid/airflow_venv/lib/python3.12/site-packages/airflow/example_dags/example_python_decorator.py
[2026-05-18T06:04:46.382+0000] {logging_mixin.py:190} INFO - [2026-05-18T06:04:46.382+0000] {dag.py:3239} INFO - Sync 1 DAGs
[2026-05-18T06:04:46.398+0000] {logging_mixin.py:190} INFO - [2026-05-18T06:04:46.398+0000] {dag.py:4180} INFO - Setting next_dagrun for example_python_decorator to None, run_after=None
[2026-05-18T06:04:46.428+0000] {processor.py:208} INFO - Processing /home/noelsdavid/airflow_venv/lib/python3.12/site-packages/airflow/example_dags/example_python_decorator.py took 0.133 seconds
[2026-05-18T06:05:58.859+0000] {processor.py:186} INFO - Started process (PID=7243) to work on /home/noelsdavid/airflow_venv/lib/python3.12/site-packages/airflow/example_dags/example_python_decorator.py
[2026-05-18T06:05:58.862+0000] {processor.py:914} INFO - Processing file /home/noelsdavid/airflow_venv/lib/python3.12/site-packages/airflow/example_dags/example_python_decorator.py for tasks to queue
[2026-05-18T06:05:58.865+0000] {logging_mixin.py:190} INFO - [2026-05-18T06:05:58.865+0000] {dagbag.py:588} INFO - Filling up the DagBag from /home/noelsdavid/airflow_venv/lib/python3.12/site-packages/airflow/example_dags/example_python_decorator.py
[2026-05-18T06:05:58.890+0000] {processor.py:925} INFO - DAG(s) 'example_python_decorator' retrieved from /home/noelsdavid/airflow_venv/lib/python3.12/site-packages/airflow/example_dags/example_python_decorator.py
[2026-05-18T06:05:58.914+0000] {logging_mixin.py:190} INFO - [2026-05-18T06:05:58.913+0000] {dag.py:3239} INFO - Sync 1 DAGs
[2026-05-18T06:05:58.933+0000] {logging_mixin.py:190} INFO - [2026-05-18T06:05:58.932+0000] {dag.py:4180} INFO - Setting next_dagrun for example_python_decorator to None, run_after=None
[2026-05-18T06:05:58.965+0000] {processor.py:208} INFO - Processing /home/noelsdavid/airflow_venv/lib/python3.12/site-packages/airflow/example_dags/example_python_decorator.py took 0.114 seconds
[2026-05-18T06:06:58.700+0000] {processor.py:186} INFO - Started process (PID=7304) to work on /home/noelsdavid/airflow_venv/lib/python3.12/site-packages/airflow/example_dags/example_python_decorator.py
[2026-05-18T06:06:58.702+0000] {processor.py:914} INFO - Processing file /home/noelsdavid/airflow_venv/lib/python3.12/site-packages/airflow/example_dags/example_python_decorator.py for tasks to queue
[2026-05-18T06:06:58.705+0000] {logging_mixin.py:190} INFO - [2026-05-18T06:06:58.705+0000] {dagbag.py:588} INFO - Filling up the DagBag from /home/noelsdavid/airflow_venv/lib/python3.12/site-packages/airflow/example_dags/example_python_decorator.py
[2026-05-18T06:06:58.726+0000] {processor.py:925} INFO - DAG(s) 'example_python_decorator' retrieved from /home/noelsdavid/airflow_venv/lib/python3.12/site-packages/airflow/example_dags/example_python_decorator.py
[2026-05-18T06:06:58.750+0000] {logging_mixin.py:190} INFO - [2026-05-18T06:06:58.749+0000] {dag.py:3239} INFO - Sync 1 DAGs
[2026-05-18T06:06:58.766+0000] {logging_mixin.py:190} INFO - [2026-05-18T06:06:58.766+0000] {dag.py:4180} INFO - Setting next_dagrun for example_python_decorator to None, run_after=None
[2026-05-18T06:06:58.797+0000] {processor.py:208} INFO - Processing /home/noelsdavid/airflow_venv/lib/python3.12/site-packages/airflow/example_dags/example_python_decorator.py took 0.105 seconds
[2026-05-18T06:07:56.838+0000] {processor.py:186} INFO - Started process (PID=7362) to work on /home/noelsdavid/airflow_venv/lib/python3.12/site-packages/airflow/example_dags/example_python_decorator.py
[2026-05-18T06:07:56.840+0000] {processor.py:914} INFO - Processing file /home/noelsdavid/airflow_venv/lib/python3.12/site-packages/airflow/example_dags/example_python_decorator.py for tasks to queue
[2026-05-18T06:07:56.844+0000] {logging_mixin.py:190} INFO - [2026-05-18T06:07:56.843+0000] {dagbag.py:588} INFO - Filling up the DagBag from /home/noelsdavid/airflow_venv/lib/python3.12/site-packages/airflow/example_dags/example_python_decorator.py
[2026-05-18T06:07:56.864+0000] {processor.py:925} INFO - DAG(s) 'example_python_decorator' retrieved from /home/noelsdavid/airflow_venv/lib/python3.12/site-packages/airflow/example_dags/example_python_decorator.py
[2026-05-18T06:07:56.888+0000] {logging_mixin.py:190} INFO - [2026-05-18T06:07:56.888+0000] {dag.py:3239} INFO - Sync 1 DAGs
[2026-05-18T06:07:56.906+0000] {logging_mixin.py:190} INFO - [2026-05-18T06:07:56.906+0000] {dag.py:4180} INFO - Setting next_dagrun for example_python_decorator to None, run_after=None
[2026-05-18T06:07:56.937+0000] {processor.py:208} INFO - Processing /home/noelsdavid/airflow_venv/lib/python3.12/site-packages/airflow/example_dags/example_python_decorator.py took 0.107 seconds
[2026-05-18T06:09:02.596+0000] {processor.py:186} INFO - Started process (PID=7425) to work on /home/noelsdavid/airflow_venv/lib/python3.12/site-packages/airflow/example_dags/example_python_decorator.py
[2026-05-18T06:09:02.599+0000] {processor.py:914} INFO - Processing file /home/noelsdavid/airflow_venv/lib/python3.12/site-packages/airflow/example_dags/example_python_decorator.py for tasks to queue
[2026-05-18T06:09:02.602+0000] {logging_mixin.py:190} INFO - [2026-05-18T06:09:02.601+0000] {dagbag.py:588} INFO - Filling up the DagBag from /home/noelsdavid/airflow_venv/lib/python3.12/site-packages/airflow/example_dags/example_python_decorator.py
[2026-05-18T06:09:02.625+0000] {processor.py:925} INFO - DAG(s) 'example_python_decorator' retrieved from /home/noelsdavid/airflow_venv/lib/python3.12/site-packages/airflow/example_dags/example_python_decorator.py
[2026-05-18T06:09:02.649+0000] {logging_mixin.py:190} INFO - [2026-05-18T06:09:02.649+0000] {dag.py:3239} INFO - Sync 1 DAGs
[2026-05-18T06:09:02.667+0000] {logging_mixin.py:190} INFO - [2026-05-18T06:09:02.667+0000] {dag.py:4180} INFO - Setting next_dagrun for example_python_decorator to None, run_after=None
[2026-05-18T06:09:02.699+0000] {processor.py:208} INFO - Processing /home/noelsdavid/airflow_venv/lib/python3.12/site-packages/airflow/example_dags/example_python_decorator.py took 0.111 seconds
[2026-05-18T06:10:05.155+0000] {processor.py:186} INFO - Started process (PID=7486) to work on /home/noelsdavid/airflow_venv/lib/python3.12/site-packages/airflow/example_dags/example_python_decorator.py
[2026-05-18T06:10:05.157+0000] {processor.py:914} INFO - Processing file /home/noelsdavid/airflow_venv/lib/python3.12/site-packages/airflow/example_dags/example_python_decorator.py for tasks to queue
[2026-05-18T06:10:05.161+0000] {logging_mixin.py:190} INFO - [2026-05-18T06:10:05.160+0000] {dagbag.py:588} INFO - Filling up the DagBag from /home/noelsdavid/airflow_venv/lib/python3.12/site-packages/airflow/example_dags/example_python_decorator.py
[2026-05-18T06:10:05.182+0000] {processor.py:925} INFO - DAG(s) 'example_python_decorator' retrieved from /home/noelsdavid/airflow_venv/lib/python3.12/site-packages/airflow/example_dags/example_python_decorator.py
[2026-05-18T06:10:05.205+0000] {logging_mixin.py:190} INFO - [2026-05-18T06:10:05.205+0000] {dag.py:3239} INFO - Sync 1 DAGs
[2026-05-18T06:10:05.223+0000] {logging_mixin.py:190} INFO - [2026-05-18T06:10:05.223+0000] {dag.py:4180} INFO - Setting next_dagrun for example_python_decorator to None, run_after=None
[2026-05-18T06:10:05.259+0000] {processor.py:208} INFO - Processing /home/noelsdavid/airflow_venv/lib/python3.12/site-packages/airflow/example_dags/example_python_decorator.py took 0.112 seconds
[2026-05-18T06:11:04.232+0000] {processor.py:186} INFO - Started process (PID=7567) to work on /home/noelsdavid/airflow_venv/lib/python3.12/site-packages/airflow/example_dags/example_python_decorator.py
[2026-05-18T06:11:04.235+0000] {processor.py:914} INFO - Processing file /home/noelsdavid/airflow_venv/lib/python3.12/site-packages/airflow/example_dags/example_python_decorator.py for tasks to queue
[2026-05-18T06:11:04.238+0000] {logging_mixin.py:190} INFO - [2026-05-18T06:11:04.237+0000] {dagbag.py:588} INFO - Filling up the DagBag from /home/noelsdavid/airflow_venv/lib/python3.12/site-packages/airflow/example_dags/example_python_decorator.py
[2026-05-18T06:11:04.259+0000] {processor.py:925} INFO - DAG(s) 'example_python_decorator' retrieved from /home/noelsdavid/airflow_venv/lib/python3.12/site-packages/airflow/example_dags/example_python_decorator.py
[2026-05-18T06:11:04.284+0000] {logging_mixin.py:190} INFO - [2026-05-18T06:11:04.284+0000] {dag.py:3239} INFO - Sync 1 DAGs
[2026-05-18T06:11:04.302+0000] {logging_mixin.py:190} INFO - [2026-05-18T06:11:04.301+0000] {dag.py:4180} INFO - Setting next_dagrun for example_python_decorator to None, run_after=None
[2026-05-18T06:11:04.331+0000] {processor.py:208} INFO - Processing /home/noelsdavid/airflow_venv/lib/python3.12/site-packages/airflow/example_dags/example_python_decorator.py took 0.107 seconds
[2026-05-18T06:12:05.294+0000] {processor.py:186} INFO - Started process (PID=7627) to work on /home/noelsdavid/airflow_venv/lib/python3.12/site-packages/airflow/example_dags/example_python_decorator.py
[2026-05-18T06:12:05.296+0000] {processor.py:914} INFO - Processing file /home/noelsdavid/airflow_venv/lib/python3.12/site-packages/airflow/example_dags/example_python_decorator.py for tasks to queue
[2026-05-18T06:12:05.300+0000] {logging_mixin.py:190} INFO - [2026-05-18T06:12:05.299+0000] {dagbag.py:588} INFO - Filling up the DagBag from /home/noelsdavid/airflow_venv/lib/python3.12/site-packages/airflow/example_dags/example_python_decorator.py
[2026-05-18T06:12:05.321+0000] {processor.py:925} INFO - DAG(s) 'example_python_decorator' retrieved from /home/noelsdavid/airflow_venv/lib/python3.12/site-packages/airflow/example_dags/example_python_decorator.py
[2026-05-18T06:12:05.348+0000] {logging_mixin.py:190} INFO - [2026-05-18T06:12:05.348+0000] {dag.py:3239} INFO - Sync 1 DAGs
[2026-05-18T06:12:05.366+0000] {logging_mixin.py:190} INFO - [2026-05-18T06:12:05.366+0000] {dag.py:4180} INFO - Setting next_dagrun for example_python_decorator to None, run_after=None
[2026-05-18T06:12:05.397+0000] {processor.py:208} INFO - Processing /home/noelsdavid/airflow_venv/lib/python3.12/site-packages/airflow/example_dags/example_python_decorator.py took 0.111 seconds
[2026-05-18T06:13:03.996+0000] {processor.py:186} INFO - Started process (PID=7685) to work on /home/noelsdavid/airflow_venv/lib/python3.12/site-packages/airflow/example_dags/example_python_decorator.py
[2026-05-18T06:13:03.999+0000] {processor.py:914} INFO - Processing file /home/noelsdavid/airflow_venv/lib/python3.12/site-packages/airflow/example_dags/example_python_decorator.py for tasks to queue
[2026-05-18T06:13:04.003+0000] {logging_mixin.py:190} INFO - [2026-05-18T06:13:04.002+0000] {dagbag.py:588} INFO - Filling up the DagBag from /home/noelsdavid/airflow_venv/lib/python3.12/site-packages/airflow/example_dags/example_python_decorator.py
[2026-05-18T06:13:04.026+0000] {processor.py:925} INFO - DAG(s) 'example_python_decorator' retrieved from /home/noelsdavid/airflow_venv/lib/python3.12/site-packages/airflow/example_dags/example_python_decorator.py
[2026-05-18T06:13:04.050+0000] {logging_mixin.py:190} INFO - [2026-05-18T06:13:04.050+0000] {dag.py:3239} INFO - Sync 1 DAGs
[2026-05-18T06:13:04.067+0000] {logging_mixin.py:190} INFO - [2026-05-18T06:13:04.067+0000] {dag.py:4180} INFO - Setting next_dagrun for example_python_decorator to None, run_after=None
[2026-05-18T06:13:04.098+0000] {processor.py:208} INFO - Processing /home/noelsdavid/airflow_venv/lib/python3.12/site-packages/airflow/example_dags/example_python_decorator.py took 0.110 seconds
[2026-05-18T06:14:08.745+0000] {processor.py:186} INFO - Started process (PID=7747) to work on /home/noelsdavid/airflow_venv/lib/python3.12/site-packages/airflow/example_dags/example_python_decorator.py
[2026-05-18T06:14:08.748+0000] {processor.py:914} INFO - Processing file /home/noelsdavid/airflow_venv/lib/python3.12/site-packages/airflow/example_dags/example_python_decorator.py for tasks to queue
[2026-05-18T06:14:08.752+0000] {logging_mixin.py:190} INFO - [2026-05-18T06:14:08.751+0000] {dagbag.py:588} INFO - Filling up the DagBag from /home/noelsdavid/airflow_venv/lib/python3.12/site-packages/airflow/example_dags/example_python_decorator.py
[2026-05-18T06:14:08.772+0000] {processor.py:925} INFO - DAG(s) 'example_python_decorator' retrieved from /home/noelsdavid/airflow_venv/lib/python3.12/site-packages/airflow/example_dags/example_python_decorator.py
[2026-05-18T06:14:08.797+0000] {logging_mixin.py:190} INFO - [2026-05-18T06:14:08.797+0000] {dag.py:3239} INFO - Sync 1 DAGs
[2026-05-18T06:14:08.815+0000] {logging_mixin.py:190} INFO - [2026-05-18T06:14:08.815+0000] {dag.py:4180} INFO - Setting next_dagrun for example_python_decorator to None, run_after=None
[2026-05-18T06:14:08.846+0000] {processor.py:208} INFO - Processing /home/noelsdavid/airflow_venv/lib/python3.12/site-packages/airflow/example_dags/example_python_decorator.py took 0.110 seconds
[2026-05-18T06:15:08.560+0000] {processor.py:186} INFO - Started process (PID=7810) to work on /home/noelsdavid/airflow_venv/lib/python3.12/site-packages/airflow/example_dags/example_python_decorator.py
[2026-05-18T06:15:08.575+0000] {processor.py:914} INFO - Processing file /home/noelsdavid/airflow_venv/lib/python3.12/site-packages/airflow/example_dags/example_python_decorator.py for tasks to queue
[2026-05-18T06:15:08.578+0000] {logging_mixin.py:190} INFO - [2026-05-18T06:15:08.578+0000] {dagbag.py:588} INFO - Filling up the DagBag from /home/noelsdavid/airflow_venv/lib/python3.12/site-packages/airflow/example_dags/example_python_decorator.py
[2026-05-18T06:15:08.601+0000] {processor.py:925} INFO - DAG(s) 'example_python_decorator' retrieved from /home/noelsdavid/airflow_venv/lib/python3.12/site-packages/airflow/example_dags/example_python_decorator.py
[2026-05-18T06:15:08.629+0000] {logging_mixin.py:190} INFO - [2026-05-18T06:15:08.628+0000] {dag.py:3239} INFO - Sync 1 DAGs
[2026-05-18T06:15:08.648+0000] {logging_mixin.py:190} INFO - [2026-05-18T06:15:08.647+0000] {dag.py:4180} INFO - Setting next_dagrun for example_python_decorator to None, run_after=None
[2026-05-18T06:15:08.683+0000] {processor.py:208} INFO - Processing /home/noelsdavid/airflow_venv/lib/python3.12/site-packages/airflow/example_dags/example_python_decorator.py took 0.133 seconds
[2026-05-18T06:16:12.955+0000] {processor.py:186} INFO - Started process (PID=8033) to work on /home/noelsdavid/airflow_venv/lib/python3.12/site-packages/airflow/example_dags/example_python_decorator.py
[2026-05-18T06:16:12.958+0000] {processor.py:914} INFO - Processing file /home/noelsdavid/airflow_venv/lib/python3.12/site-packages/airflow/example_dags/example_python_decorator.py for tasks to queue
[2026-05-18T06:16:12.961+0000] {logging_mixin.py:190} INFO - [2026-05-18T06:16:12.961+0000] {dagbag.py:588} INFO - Filling up the DagBag from /home/noelsdavid/airflow_venv/lib/python3.12/site-packages/airflow/example_dags/example_python_decorator.py
[2026-05-18T06:16:12.983+0000] {processor.py:925} INFO - DAG(s) 'example_python_decorator' retrieved from /home/noelsdavid/airflow_venv/lib/python3.12/site-packages/airflow/example_dags/example_python_decorator.py
[2026-05-18T06:16:13.010+0000] {logging_mixin.py:190} INFO - [2026-05-18T06:16:13.010+0000] {dag.py:3239} INFO - Sync 1 DAGs
[2026-05-18T06:16:13.028+0000] {logging_mixin.py:190} INFO - [2026-05-18T06:16:13.027+0000] {dag.py:4180} INFO - Setting next_dagrun for example_python_decorator to None, run_after=None
[2026-05-18T06:16:13.059+0000] {processor.py:208} INFO - Processing /home/noelsdavid/airflow_venv/lib/python3.12/site-packages/airflow/example_dags/example_python_decorator.py took 0.112 seconds
[2026-05-18T06:17:15.173+0000] {processor.py:186} INFO - Started process (PID=8220) to work on /home/noelsdavid/airflow_venv/lib/python3.12/site-packages/airflow/example_dags/example_python_decorator.py
[2026-05-18T06:17:15.175+0000] {processor.py:914} INFO - Processing file /home/noelsdavid/airflow_venv/lib/python3.12/site-packages/airflow/example_dags/example_python_decorator.py for tasks to queue
[2026-05-18T06:17:15.178+0000] {logging_mixin.py:190} INFO - [2026-05-18T06:17:15.178+0000] {dagbag.py:588} INFO - Filling up the DagBag from /home/noelsdavid/airflow_venv/lib/python3.12/site-packages/airflow/example_dags/example_python_decorator.py
[2026-05-18T06:17:15.200+0000] {processor.py:925} INFO - DAG(s) 'example_python_decorator' retrieved from /home/noelsdavid/airflow_venv/lib/python3.12/site-packages/airflow/example_dags/example_python_decorator.py
[2026-05-18T06:17:15.227+0000] {logging_mixin.py:190} INFO - [2026-05-18T06:17:15.226+0000] {dag.py:3239} INFO - Sync 1 DAGs
[2026-05-18T06:17:15.245+0000] {logging_mixin.py:190} INFO - [2026-05-18T06:17:15.244+0000] {dag.py:4180} INFO - Setting next_dagrun for example_python_decorator to None, run_after=None
[2026-05-18T06:17:15.275+0000] {processor.py:208} INFO - Processing /home/noelsdavid/airflow_venv/lib/python3.12/site-packages/airflow/example_dags/example_python_decorator.py took 0.110 seconds
[2026-05-18T06:18:17.385+0000] {processor.py:186} INFO - Started process (PID=8461) to work on /home/noelsdavid/airflow_venv/lib/python3.12/site-packages/airflow/example_dags/example_python_decorator.py
[2026-05-18T06:18:17.409+0000] {processor.py:914} INFO - Processing file /home/noelsdavid/airflow_venv/lib/python3.12/site-packages/airflow/example_dags/example_python_decorator.py for tasks to queue
[2026-05-18T06:18:17.413+0000] {logging_mixin.py:190} INFO - [2026-05-18T06:18:17.412+0000] {dagbag.py:588} INFO - Filling up the DagBag from /home/noelsdavid/airflow_venv/lib/python3.12/site-packages/airflow/example_dags/example_python_decorator.py
[2026-05-18T06:18:17.433+0000] {processor.py:925} INFO - DAG(s) 'example_python_decorator' retrieved from /home/noelsdavid/airflow_venv/lib/python3.12/site-packages/airflow/example_dags/example_python_decorator.py
[2026-05-18T06:18:17.457+0000] {logging_mixin.py:190} INFO - [2026-05-18T06:18:17.457+0000] {dag.py:3239} INFO - Sync 1 DAGs
[2026-05-18T06:18:17.474+0000] {logging_mixin.py:190} INFO - [2026-05-18T06:18:17.473+0000] {dag.py:4180} INFO - Setting next_dagrun for example_python_decorator to None, run_after=None
[2026-05-18T06:18:17.509+0000] {processor.py:208} INFO - Processing /home/noelsdavid/airflow_venv/lib/python3.12/site-packages/airflow/example_dags/example_python_decorator.py took 0.131 seconds
[2026-05-18T06:19:15.353+0000] {processor.py:186} INFO - Started process (PID=8518) to work on /home/noelsdavid/airflow_venv/lib/python3.12/site-packages/airflow/example_dags/example_python_decorator.py
[2026-05-18T06:19:15.355+0000] {processor.py:914} INFO - Processing file /home/noelsdavid/airflow_venv/lib/python3.12/site-packages/airflow/example_dags/example_python_decorator.py for tasks to queue
[2026-05-18T06:19:15.359+0000] {logging_mixin.py:190} INFO - [2026-05-18T06:19:15.358+0000] {dagbag.py:588} INFO - Filling up the DagBag from /home/noelsdavid/airflow_venv/lib/python3.12/site-packages/airflow/example_dags/example_python_decorator.py
[2026-05-18T06:19:15.380+0000] {processor.py:925} INFO - DAG(s) 'example_python_decorator' retrieved from /home/noelsdavid/airflow_venv/lib/python3.12/site-packages/airflow/example_dags/example_python_decorator.py
[2026-05-18T06:19:15.413+0000] {logging_mixin.py:190} INFO - [2026-05-18T06:19:15.413+0000] {dag.py:3239} INFO - Sync 1 DAGs
[2026-05-18T06:19:15.434+0000] {logging_mixin.py:190} INFO - [2026-05-18T06:19:15.433+0000] {dag.py:4180} INFO - Setting next_dagrun for example_python_decorator to None, run_after=None
[2026-05-18T06:19:15.466+0000] {processor.py:208} INFO - Processing /home/noelsdavid/airflow_venv/lib/python3.12/site-packages/airflow/example_dags/example_python_decorator.py took 0.121 seconds
[2026-05-18T06:20:19.650+0000] {processor.py:186} INFO - Started process (PID=8606) to work on /home/noelsdavid/airflow_venv/lib/python3.12/site-packages/airflow/example_dags/example_python_decorator.py
[2026-05-18T06:20:19.652+0000] {processor.py:914} INFO - Processing file /home/noelsdavid/airflow_venv/lib/python3.12/site-packages/airflow/example_dags/example_python_decorator.py for tasks to queue
[2026-05-18T06:20:19.654+0000] {logging_mixin.py:190} INFO - [2026-05-18T06:20:19.654+0000] {dagbag.py:588} INFO - Filling up the DagBag from /home/noelsdavid/airflow_venv/lib/python3.12/site-packages/airflow/example_dags/example_python_decorator.py
[2026-05-18T06:20:19.675+0000] {processor.py:925} INFO - DAG(s) 'example_python_decorator' retrieved from /home/noelsdavid/airflow_venv/lib/python3.12/site-packages/airflow/example_dags/example_python_decorator.py
[2026-05-18T06:20:19.699+0000] {logging_mixin.py:190} INFO - [2026-05-18T06:20:19.699+0000] {dag.py:3239} INFO - Sync 1 DAGs
[2026-05-18T06:20:19.717+0000] {logging_mixin.py:190} INFO - [2026-05-18T06:20:19.716+0000] {dag.py:4180} INFO - Setting next_dagrun for example_python_decorator to None, run_after=None
[2026-05-18T06:20:19.747+0000] {processor.py:208} INFO - Processing /home/noelsdavid/airflow_venv/lib/python3.12/site-packages/airflow/example_dags/example_python_decorator.py took 0.104 seconds
[2026-05-18T06:21:20.893+0000] {processor.py:186} INFO - Started process (PID=8666) to work on /home/noelsdavid/airflow_venv/lib/python3.12/site-packages/airflow/example_dags/example_python_decorator.py
[2026-05-18T06:21:20.895+0000] {processor.py:914} INFO - Processing file /home/noelsdavid/airflow_venv/lib/python3.12/site-packages/airflow/example_dags/example_python_decorator.py for tasks to queue
[2026-05-18T06:21:20.897+0000] {logging_mixin.py:190} INFO - [2026-05-18T06:21:20.897+0000] {dagbag.py:588} INFO - Filling up the DagBag from /home/noelsdavid/airflow_venv/lib/python3.12/site-packages/airflow/example_dags/example_python_decorator.py
[2026-05-18T06:21:20.919+0000] {processor.py:925} INFO - DAG(s) 'example_python_decorator' retrieved from /home/noelsdavid/airflow_venv/lib/python3.12/site-packages/airflow/example_dags/example_python_decorator.py
[2026-05-18T06:21:20.945+0000] {logging_mixin.py:190} INFO - [2026-05-18T06:21:20.945+0000] {dag.py:3239} INFO - Sync 1 DAGs
[2026-05-18T06:21:20.962+0000] {logging_mixin.py:190} INFO - [2026-05-18T06:21:20.962+0000] {dag.py:4180} INFO - Setting next_dagrun for example_python_decorator to None, run_after=None
[2026-05-18T06:21:20.996+0000] {processor.py:208} INFO - Processing /home/noelsdavid/airflow_venv/lib/python3.12/site-packages/airflow/example_dags/example_python_decorator.py took 0.111 seconds
[2026-05-18T06:22:26.914+0000] {processor.py:186} INFO - Started process (PID=8730) to work on /home/noelsdavid/airflow_venv/lib/python3.12/site-packages/airflow/example_dags/example_python_decorator.py
[2026-05-18T06:22:26.931+0000] {processor.py:914} INFO - Processing file /home/noelsdavid/airflow_venv/lib/python3.12/site-packages/airflow/example_dags/example_python_decorator.py for tasks to queue
[2026-05-18T06:22:26.933+0000] {logging_mixin.py:190} INFO - [2026-05-18T06:22:26.932+0000] {dagbag.py:588} INFO - Filling up the DagBag from /home/noelsdavid/airflow_venv/lib/python3.12/site-packages/airflow/example_dags/example_python_decorator.py
[2026-05-18T06:22:26.954+0000] {processor.py:925} INFO - DAG(s) 'example_python_decorator' retrieved from /home/noelsdavid/airflow_venv/lib/python3.12/site-packages/airflow/example_dags/example_python_decorator.py
[2026-05-18T06:22:26.977+0000] {logging_mixin.py:190} INFO - [2026-05-18T06:22:26.977+0000] {dag.py:3239} INFO - Sync 1 DAGs
[2026-05-18T06:22:26.995+0000] {logging_mixin.py:190} INFO - [2026-05-18T06:22:26.994+0000] {dag.py:4180} INFO - Setting next_dagrun for example_python_decorator to None, run_after=None
[2026-05-18T06:22:27.026+0000] {processor.py:208} INFO - Processing /home/noelsdavid/airflow_venv/lib/python3.12/site-packages/airflow/example_dags/example_python_decorator.py took 0.120 seconds
[2026-05-18T06:23:28.970+0000] {processor.py:186} INFO - Started process (PID=8791) to work on /home/noelsdavid/airflow_venv/lib/python3.12/site-packages/airflow/example_dags/example_python_decorator.py
[2026-05-18T06:23:28.973+0000] {processor.py:914} INFO - Processing file /home/noelsdavid/airflow_venv/lib/python3.12/site-packages/airflow/example_dags/example_python_decorator.py for tasks to queue
[2026-05-18T06:23:28.975+0000] {logging_mixin.py:190} INFO - [2026-05-18T06:23:28.974+0000] {dagbag.py:588} INFO - Filling up the DagBag from /home/noelsdavid/airflow_venv/lib/python3.12/site-packages/airflow/example_dags/example_python_decorator.py
[2026-05-18T06:23:28.995+0000] {processor.py:925} INFO - DAG(s) 'example_python_decorator' retrieved from /home/noelsdavid/airflow_venv/lib/python3.12/site-packages/airflow/example_dags/example_python_decorator.py
[2026-05-18T06:23:29.020+0000] {logging_mixin.py:190} INFO - [2026-05-18T06:23:29.020+0000] {dag.py:3239} INFO - Sync 1 DAGs
[2026-05-18T06:23:29.037+0000] {logging_mixin.py:190} INFO - [2026-05-18T06:23:29.037+0000] {dag.py:4180} INFO - Setting next_dagrun for example_python_decorator to None, run_after=None
[2026-05-18T06:23:29.073+0000] {processor.py:208} INFO - Processing /home/noelsdavid/airflow_venv/lib/python3.12/site-packages/airflow/example_dags/example_python_decorator.py took 0.111 seconds
[2026-05-18T06:24:35.281+0000] {processor.py:186} INFO - Started process (PID=8854) to work on /home/noelsdavid/airflow_venv/lib/python3.12/site-packages/airflow/example_dags/example_python_decorator.py
[2026-05-18T06:24:35.299+0000] {processor.py:914} INFO - Processing file /home/noelsdavid/airflow_venv/lib/python3.12/site-packages/airflow/example_dags/example_python_decorator.py for tasks to queue
[2026-05-18T06:24:35.301+0000] {logging_mixin.py:190} INFO - [2026-05-18T06:24:35.301+0000] {dagbag.py:588} INFO - Filling up the DagBag from /home/noelsdavid/airflow_venv/lib/python3.12/site-packages/airflow/example_dags/example_python_decorator.py
[2026-05-18T06:24:35.323+0000] {processor.py:925} INFO - DAG(s) 'example_python_decorator' retrieved from /home/noelsdavid/airflow_venv/lib/python3.12/site-packages/airflow/example_dags/example_python_decorator.py
[2026-05-18T06:24:35.348+0000] {logging_mixin.py:190} INFO - [2026-05-18T06:24:35.348+0000] {dag.py:3239} INFO - Sync 1 DAGs
[2026-05-18T06:24:35.365+0000] {logging_mixin.py:190} INFO - [2026-05-18T06:24:35.365+0000] {dag.py:4180} INFO - Setting next_dagrun for example_python_decorator to None, run_after=None
[2026-05-18T06:24:35.398+0000] {processor.py:208} INFO - Processing /home/noelsdavid/airflow_venv/lib/python3.12/site-packages/airflow/example_dags/example_python_decorator.py took 0.125 seconds
[2026-05-18T06:25:40.143+0000] {processor.py:186} INFO - Started process (PID=8939) to work on /home/noelsdavid/airflow_venv/lib/python3.12/site-packages/airflow/example_dags/example_python_decorator.py
[2026-05-18T06:25:40.152+0000] {processor.py:914} INFO - Processing file /home/noelsdavid/airflow_venv/lib/python3.12/site-packages/airflow/example_dags/example_python_decorator.py for tasks to queue
[2026-05-18T06:25:40.154+0000] {logging_mixin.py:190} INFO - [2026-05-18T06:25:40.153+0000] {dagbag.py:588} INFO - Filling up the DagBag from /home/noelsdavid/airflow_venv/lib/python3.12/site-packages/airflow/example_dags/example_python_decorator.py
[2026-05-18T06:25:40.175+0000] {processor.py:925} INFO - DAG(s) 'example_python_decorator' retrieved from /home/noelsdavid/airflow_venv/lib/python3.12/site-packages/airflow/example_dags/example_python_decorator.py
[2026-05-18T06:25:40.200+0000] {logging_mixin.py:190} INFO - [2026-05-18T06:25:40.199+0000] {dag.py:3239} INFO - Sync 1 DAGs
[2026-05-18T06:25:40.218+0000] {logging_mixin.py:190} INFO - [2026-05-18T06:25:40.217+0000] {dag.py:4180} INFO - Setting next_dagrun for example_python_decorator to None, run_after=None
[2026-05-18T06:25:40.249+0000] {processor.py:208} INFO - Processing /home/noelsdavid/airflow_venv/lib/python3.12/site-packages/airflow/example_dags/example_python_decorator.py took 0.114 seconds
[2026-05-18T06:26:43.755+0000] {processor.py:186} INFO - Started process (PID=9082) to work on /home/noelsdavid/airflow_venv/lib/python3.12/site-packages/airflow/example_dags/example_python_decorator.py
[2026-05-18T06:26:43.758+0000] {processor.py:914} INFO - Processing file /home/noelsdavid/airflow_venv/lib/python3.12/site-packages/airflow/example_dags/example_python_decorator.py for tasks to queue
[2026-05-18T06:26:43.761+0000] {logging_mixin.py:190} INFO - [2026-05-18T06:26:43.760+0000] {dagbag.py:588} INFO - Filling up the DagBag from /home/noelsdavid/airflow_venv/lib/python3.12/site-packages/airflow/example_dags/example_python_decorator.py
[2026-05-18T06:26:43.785+0000] {processor.py:925} INFO - DAG(s) 'example_python_decorator' retrieved from /home/noelsdavid/airflow_venv/lib/python3.12/site-packages/airflow/example_dags/example_python_decorator.py
[2026-05-18T06:26:43.812+0000] {logging_mixin.py:190} INFO - [2026-05-18T06:26:43.812+0000] {dag.py:3239} INFO - Sync 1 DAGs
[2026-05-18T06:26:43.832+0000] {logging_mixin.py:190} INFO - [2026-05-18T06:26:43.832+0000] {dag.py:4180} INFO - Setting next_dagrun for example_python_decorator to None, run_after=None
[2026-05-18T06:26:43.874+0000] {processor.py:208} INFO - Processing /home/noelsdavid/airflow_venv/lib/python3.12/site-packages/airflow/example_dags/example_python_decorator.py took 0.128 seconds
[2026-05-18T06:28:06.209+0000] {processor.py:186} INFO - Started process (PID=9670) to work on /home/noelsdavid/airflow_venv/lib/python3.12/site-packages/airflow/example_dags/example_python_decorator.py
[2026-05-18T06:28:06.212+0000] {processor.py:914} INFO - Processing file /home/noelsdavid/airflow_venv/lib/python3.12/site-packages/airflow/example_dags/example_python_decorator.py for tasks to queue
[2026-05-18T06:28:06.215+0000] {logging_mixin.py:190} INFO - [2026-05-18T06:28:06.214+0000] {dagbag.py:588} INFO - Filling up the DagBag from /home/noelsdavid/airflow_venv/lib/python3.12/site-packages/airflow/example_dags/example_python_decorator.py
[2026-05-18T06:28:06.238+0000] {processor.py:925} INFO - DAG(s) 'example_python_decorator' retrieved from /home/noelsdavid/airflow_venv/lib/python3.12/site-packages/airflow/example_dags/example_python_decorator.py
[2026-05-18T06:28:06.262+0000] {logging_mixin.py:190} INFO - [2026-05-18T06:28:06.261+0000] {dag.py:3239} INFO - Sync 1 DAGs
[2026-05-18T06:28:06.278+0000] {logging_mixin.py:190} INFO - [2026-05-18T06:28:06.278+0000] {dag.py:4180} INFO - Setting next_dagrun for example_python_decorator to None, run_after=None
[2026-05-18T06:28:06.313+0000] {processor.py:208} INFO - Processing /home/noelsdavid/airflow_venv/lib/python3.12/site-packages/airflow/example_dags/example_python_decorator.py took 0.112 seconds
[2026-05-18T06:29:12.938+0000] {processor.py:186} INFO - Started process (PID=9760) to work on /home/noelsdavid/airflow_venv/lib/python3.12/site-packages/airflow/example_dags/example_python_decorator.py
[2026-05-18T06:29:12.941+0000] {processor.py:914} INFO - Processing file /home/noelsdavid/airflow_venv/lib/python3.12/site-packages/airflow/example_dags/example_python_decorator.py for tasks to queue
[2026-05-18T06:29:12.943+0000] {logging_mixin.py:190} INFO - [2026-05-18T06:29:12.942+0000] {dagbag.py:588} INFO - Filling up the DagBag from /home/noelsdavid/airflow_venv/lib/python3.12/site-packages/airflow/example_dags/example_python_decorator.py
[2026-05-18T06:29:12.964+0000] {processor.py:925} INFO - DAG(s) 'example_python_decorator' retrieved from /home/noelsdavid/airflow_venv/lib/python3.12/site-packages/airflow/example_dags/example_python_decorator.py
[2026-05-18T06:29:12.988+0000] {logging_mixin.py:190} INFO - [2026-05-18T06:29:12.988+0000] {dag.py:3239} INFO - Sync 1 DAGs
[2026-05-18T06:29:13.007+0000] {logging_mixin.py:190} INFO - [2026-05-18T06:29:13.007+0000] {dag.py:4180} INFO - Setting next_dagrun for example_python_decorator to None, run_after=None
[2026-05-18T06:29:13.040+0000] {processor.py:208} INFO - Processing /home/noelsdavid/airflow_venv/lib/python3.12/site-packages/airflow/example_dags/example_python_decorator.py took 0.109 seconds
[2026-05-18T06:30:19.238+0000] {processor.py:186} INFO - Started process (PID=9849) to work on /home/noelsdavid/airflow_venv/lib/python3.12/site-packages/airflow/example_dags/example_python_decorator.py
[2026-05-18T06:30:19.261+0000] {processor.py:914} INFO - Processing file /home/noelsdavid/airflow_venv/lib/python3.12/site-packages/airflow/example_dags/example_python_decorator.py for tasks to queue
[2026-05-18T06:30:19.263+0000] {logging_mixin.py:190} INFO - [2026-05-18T06:30:19.262+0000] {dagbag.py:588} INFO - Filling up the DagBag from /home/noelsdavid/airflow_venv/lib/python3.12/site-packages/airflow/example_dags/example_python_decorator.py
[2026-05-18T06:30:19.284+0000] {processor.py:925} INFO - DAG(s) 'example_python_decorator' retrieved from /home/noelsdavid/airflow_venv/lib/python3.12/site-packages/airflow/example_dags/example_python_decorator.py
[2026-05-18T06:30:19.309+0000] {logging_mixin.py:190} INFO - [2026-05-18T06:30:19.308+0000] {dag.py:3239} INFO - Sync 1 DAGs
[2026-05-18T06:30:19.327+0000] {logging_mixin.py:190} INFO - [2026-05-18T06:30:19.327+0000] {dag.py:4180} INFO - Setting next_dagrun for example_python_decorator to None, run_after=None
[2026-05-18T06:30:19.356+0000] {processor.py:208} INFO - Processing /home/noelsdavid/airflow_venv/lib/python3.12/site-packages/airflow/example_dags/example_python_decorator.py took 0.126 seconds
[2026-05-18T06:31:24.214+0000] {processor.py:186} INFO - Started process (PID=9912) to work on /home/noelsdavid/airflow_venv/lib/python3.12/site-packages/airflow/example_dags/example_python_decorator.py
[2026-05-18T06:31:24.216+0000] {processor.py:914} INFO - Processing file /home/noelsdavid/airflow_venv/lib/python3.12/site-packages/airflow/example_dags/example_python_decorator.py for tasks to queue
[2026-05-18T06:31:24.218+0000] {logging_mixin.py:190} INFO - [2026-05-18T06:31:24.218+0000] {dagbag.py:588} INFO - Filling up the DagBag from /home/noelsdavid/airflow_venv/lib/python3.12/site-packages/airflow/example_dags/example_python_decorator.py
[2026-05-18T06:31:24.240+0000] {processor.py:925} INFO - DAG(s) 'example_python_decorator' retrieved from /home/noelsdavid/airflow_venv/lib/python3.12/site-packages/airflow/example_dags/example_python_decorator.py
[2026-05-18T06:31:24.264+0000] {logging_mixin.py:190} INFO - [2026-05-18T06:31:24.264+0000] {dag.py:3239} INFO - Sync 1 DAGs
[2026-05-18T06:31:24.281+0000] {logging_mixin.py:190} INFO - [2026-05-18T06:31:24.281+0000] {dag.py:4180} INFO - Setting next_dagrun for example_python_decorator to None, run_after=None
[2026-05-18T06:31:24.312+0000] {processor.py:208} INFO - Processing /home/noelsdavid/airflow_venv/lib/python3.12/site-packages/airflow/example_dags/example_python_decorator.py took 0.106 seconds
[2026-05-18T06:32:26.063+0000] {processor.py:186} INFO - Started process (PID=9971) to work on /home/noelsdavid/airflow_venv/lib/python3.12/site-packages/airflow/example_dags/example_python_decorator.py
[2026-05-18T06:32:26.085+0000] {processor.py:914} INFO - Processing file /home/noelsdavid/airflow_venv/lib/python3.12/site-packages/airflow/example_dags/example_python_decorator.py for tasks to queue
[2026-05-18T06:32:26.087+0000] {logging_mixin.py:190} INFO - [2026-05-18T06:32:26.087+0000] {dagbag.py:588} INFO - Filling up the DagBag from /home/noelsdavid/airflow_venv/lib/python3.12/site-packages/airflow/example_dags/example_python_decorator.py
[2026-05-18T06:32:26.108+0000] {processor.py:925} INFO - DAG(s) 'example_python_decorator' retrieved from /home/noelsdavid/airflow_venv/lib/python3.12/site-packages/airflow/example_dags/example_python_decorator.py
[2026-05-18T06:32:26.132+0000] {logging_mixin.py:190} INFO - [2026-05-18T06:32:26.131+0000] {dag.py:3239} INFO - Sync 1 DAGs
[2026-05-18T06:32:26.148+0000] {logging_mixin.py:190} INFO - [2026-05-18T06:32:26.147+0000] {dag.py:4180} INFO - Setting next_dagrun for example_python_decorator to None, run_after=None
[2026-05-18T06:32:26.177+0000] {processor.py:208} INFO - Processing /home/noelsdavid/airflow_venv/lib/python3.12/site-packages/airflow/example_dags/example_python_decorator.py took 0.122 seconds
[2026-05-18T06:33:25.637+0000] {processor.py:186} INFO - Started process (PID=10038) to work on /home/noelsdavid/airflow_venv/lib/python3.12/site-packages/airflow/example_dags/example_python_decorator.py
[2026-05-18T06:33:25.640+0000] {processor.py:914} INFO - Processing file /home/noelsdavid/airflow_venv/lib/python3.12/site-packages/airflow/example_dags/example_python_decorator.py for tasks to queue
[2026-05-18T06:33:25.642+0000] {logging_mixin.py:190} INFO - [2026-05-18T06:33:25.641+0000] {dagbag.py:588} INFO - Filling up the DagBag from /home/noelsdavid/airflow_venv/lib/python3.12/site-packages/airflow/example_dags/example_python_decorator.py
[2026-05-18T06:33:25.669+0000] {processor.py:925} INFO - DAG(s) 'example_python_decorator' retrieved from /home/noelsdavid/airflow_venv/lib/python3.12/site-packages/airflow/example_dags/example_python_decorator.py
[2026-05-18T06:33:25.710+0000] {logging_mixin.py:190} INFO - [2026-05-18T06:33:25.710+0000] {dag.py:3239} INFO - Sync 1 DAGs
[2026-05-18T06:33:25.738+0000] {logging_mixin.py:190} INFO - [2026-05-18T06:33:25.737+0000] {dag.py:4180} INFO - Setting next_dagrun for example_python_decorator to None, run_after=None
[2026-05-18T06:33:25.775+0000] {processor.py:208} INFO - Processing /home/noelsdavid/airflow_venv/lib/python3.12/site-packages/airflow/example_dags/example_python_decorator.py took 0.152 seconds
[2026-05-18T06:34:32.328+0000] {processor.py:186} INFO - Started process (PID=10165) to work on /home/noelsdavid/airflow_venv/lib/python3.12/site-packages/airflow/example_dags/example_python_decorator.py
[2026-05-18T06:34:32.331+0000] {processor.py:914} INFO - Processing file /home/noelsdavid/airflow_venv/lib/python3.12/site-packages/airflow/example_dags/example_python_decorator.py for tasks to queue
[2026-05-18T06:34:32.333+0000] {logging_mixin.py:190} INFO - [2026-05-18T06:34:32.332+0000] {dagbag.py:588} INFO - Filling up the DagBag from /home/noelsdavid/airflow_venv/lib/python3.12/site-packages/airflow/example_dags/example_python_decorator.py
[2026-05-18T06:34:32.353+0000] {processor.py:925} INFO - DAG(s) 'example_python_decorator' retrieved from /home/noelsdavid/airflow_venv/lib/python3.12/site-packages/airflow/example_dags/example_python_decorator.py
[2026-05-18T06:34:32.378+0000] {logging_mixin.py:190} INFO - [2026-05-18T06:34:32.377+0000] {dag.py:3239} INFO - Sync 1 DAGs
[2026-05-18T06:34:32.395+0000] {logging_mixin.py:190} INFO - [2026-05-18T06:34:32.395+0000] {dag.py:4180} INFO - Setting next_dagrun for example_python_decorator to None, run_after=None
[2026-05-18T06:34:32.427+0000] {processor.py:208} INFO - Processing /home/noelsdavid/airflow_venv/lib/python3.12/site-packages/airflow/example_dags/example_python_decorator.py took 0.106 seconds
[2026-05-18T06:35:36.941+0000] {processor.py:186} INFO - Started process (PID=10374) to work on /home/noelsdavid/airflow_venv/lib/python3.12/site-packages/airflow/example_dags/example_python_decorator.py
[2026-05-18T06:35:36.944+0000] {processor.py:914} INFO - Processing file /home/noelsdavid/airflow_venv/lib/python3.12/site-packages/airflow/example_dags/example_python_decorator.py for tasks to queue
[2026-05-18T06:35:36.946+0000] {logging_mixin.py:190} INFO - [2026-05-18T06:35:36.945+0000] {dagbag.py:588} INFO - Filling up the DagBag from /home/noelsdavid/airflow_venv/lib/python3.12/site-packages/airflow/example_dags/example_python_decorator.py
[2026-05-18T06:35:36.967+0000] {processor.py:925} INFO - DAG(s) 'example_python_decorator' retrieved from /home/noelsdavid/airflow_venv/lib/python3.12/site-packages/airflow/example_dags/example_python_decorator.py
[2026-05-18T06:35:36.992+0000] {logging_mixin.py:190} INFO - [2026-05-18T06:35:36.992+0000] {dag.py:3239} INFO - Sync 1 DAGs
[2026-05-18T06:35:37.010+0000] {logging_mixin.py:190} INFO - [2026-05-18T06:35:37.010+0000] {dag.py:4180} INFO - Setting next_dagrun for example_python_decorator to None, run_after=None
[2026-05-18T06:35:37.041+0000] {processor.py:208} INFO - Processing /home/noelsdavid/airflow_venv/lib/python3.12/site-packages/airflow/example_dags/example_python_decorator.py took 0.108 seconds
[2026-05-18T06:36:39.194+0000] {processor.py:186} INFO - Started process (PID=10563) to work on /home/noelsdavid/airflow_venv/lib/python3.12/site-packages/airflow/example_dags/example_python_decorator.py
[2026-05-18T06:36:39.196+0000] {processor.py:914} INFO - Processing file /home/noelsdavid/airflow_venv/lib/python3.12/site-packages/airflow/example_dags/example_python_decorator.py for tasks to queue
[2026-05-18T06:36:39.198+0000] {logging_mixin.py:190} INFO - [2026-05-18T06:36:39.197+0000] {dagbag.py:588} INFO - Filling up the DagBag from /home/noelsdavid/airflow_venv/lib/python3.12/site-packages/airflow/example_dags/example_python_decorator.py
[2026-05-18T06:36:39.218+0000] {processor.py:925} INFO - DAG(s) 'example_python_decorator' retrieved from /home/noelsdavid/airflow_venv/lib/python3.12/site-packages/airflow/example_dags/example_python_decorator.py
[2026-05-18T06:36:39.243+0000] {logging_mixin.py:190} INFO - [2026-05-18T06:36:39.243+0000] {dag.py:3239} INFO - Sync 1 DAGs
[2026-05-18T06:36:39.260+0000] {logging_mixin.py:190} INFO - [2026-05-18T06:36:39.260+0000] {dag.py:4180} INFO - Setting next_dagrun for example_python_decorator to None, run_after=None
[2026-05-18T06:36:39.290+0000] {processor.py:208} INFO - Processing /home/noelsdavid/airflow_venv/lib/python3.12/site-packages/airflow/example_dags/example_python_decorator.py took 0.104 seconds
[2026-05-18T06:37:43.163+0000] {processor.py:186} INFO - Started process (PID=10937) to work on /home/noelsdavid/airflow_venv/lib/python3.12/site-packages/airflow/example_dags/example_python_decorator.py
[2026-05-18T06:37:43.177+0000] {processor.py:914} INFO - Processing file /home/noelsdavid/airflow_venv/lib/python3.12/site-packages/airflow/example_dags/example_python_decorator.py for tasks to queue
[2026-05-18T06:37:43.179+0000] {logging_mixin.py:190} INFO - [2026-05-18T06:37:43.179+0000] {dagbag.py:588} INFO - Filling up the DagBag from /home/noelsdavid/airflow_venv/lib/python3.12/site-packages/airflow/example_dags/example_python_decorator.py
[2026-05-18T06:37:43.202+0000] {processor.py:925} INFO - DAG(s) 'example_python_decorator' retrieved from /home/noelsdavid/airflow_venv/lib/python3.12/site-packages/airflow/example_dags/example_python_decorator.py
[2026-05-18T06:37:43.226+0000] {logging_mixin.py:190} INFO - [2026-05-18T06:37:43.226+0000] {dag.py:3239} INFO - Sync 1 DAGs
[2026-05-18T06:37:43.244+0000] {logging_mixin.py:190} INFO - [2026-05-18T06:37:43.243+0000] {dag.py:4180} INFO - Setting next_dagrun for example_python_decorator to None, run_after=None
[2026-05-18T06:37:43.274+0000] {processor.py:208} INFO - Processing /home/noelsdavid/airflow_venv/lib/python3.12/site-packages/airflow/example_dags/example_python_decorator.py took 0.119 seconds
[2026-05-18T06:38:48.225+0000] {processor.py:186} INFO - Started process (PID=11136) to work on /home/noelsdavid/airflow_venv/lib/python3.12/site-packages/airflow/example_dags/example_python_decorator.py
[2026-05-18T06:38:48.228+0000] {processor.py:914} INFO - Processing file /home/noelsdavid/airflow_venv/lib/python3.12/site-packages/airflow/example_dags/example_python_decorator.py for tasks to queue
[2026-05-18T06:38:48.230+0000] {logging_mixin.py:190} INFO - [2026-05-18T06:38:48.229+0000] {dagbag.py:588} INFO - Filling up the DagBag from /home/noelsdavid/airflow_venv/lib/python3.12/site-packages/airflow/example_dags/example_python_decorator.py
[2026-05-18T06:38:48.251+0000] {processor.py:925} INFO - DAG(s) 'example_python_decorator' retrieved from /home/noelsdavid/airflow_venv/lib/python3.12/site-packages/airflow/example_dags/example_python_decorator.py
[2026-05-18T06:38:48.275+0000] {logging_mixin.py:190} INFO - [2026-05-18T06:38:48.274+0000] {dag.py:3239} INFO - Sync 1 DAGs
[2026-05-18T06:38:48.292+0000] {logging_mixin.py:190} INFO - [2026-05-18T06:38:48.292+0000] {dag.py:4180} INFO - Setting next_dagrun for example_python_decorator to None, run_after=None
[2026-05-18T06:38:48.322+0000] {processor.py:208} INFO - Processing /home/noelsdavid/airflow_venv/lib/python3.12/site-packages/airflow/example_dags/example_python_decorator.py took 0.104 seconds
[2026-05-18T06:39:53.744+0000] {processor.py:186} INFO - Started process (PID=11347) to work on /home/noelsdavid/airflow_venv/lib/python3.12/site-packages/airflow/example_dags/example_python_decorator.py
[2026-05-18T06:39:53.748+0000] {processor.py:914} INFO - Processing file /home/noelsdavid/airflow_venv/lib/python3.12/site-packages/airflow/example_dags/example_python_decorator.py for tasks to queue
[2026-05-18T06:39:53.750+0000] {logging_mixin.py:190} INFO - [2026-05-18T06:39:53.749+0000] {dagbag.py:588} INFO - Filling up the DagBag from /home/noelsdavid/airflow_venv/lib/python3.12/site-packages/airflow/example_dags/example_python_decorator.py
[2026-05-18T06:39:53.770+0000] {processor.py:925} INFO - DAG(s) 'example_python_decorator' retrieved from /home/noelsdavid/airflow_venv/lib/python3.12/site-packages/airflow/example_dags/example_python_decorator.py
[2026-05-18T06:39:53.794+0000] {logging_mixin.py:190} INFO - [2026-05-18T06:39:53.794+0000] {dag.py:3239} INFO - Sync 1 DAGs
[2026-05-18T06:39:53.810+0000] {logging_mixin.py:190} INFO - [2026-05-18T06:39:53.810+0000] {dag.py:4180} INFO - Setting next_dagrun for example_python_decorator to None, run_after=None
[2026-05-18T06:39:53.843+0000] {processor.py:208} INFO - Processing /home/noelsdavid/airflow_venv/lib/python3.12/site-packages/airflow/example_dags/example_python_decorator.py took 0.107 seconds
[2026-05-18T06:41:08.563+0000] {processor.py:186} INFO - Started process (PID=11713) to work on /home/noelsdavid/airflow_venv/lib/python3.12/site-packages/airflow/example_dags/example_python_decorator.py
[2026-05-18T06:41:08.593+0000] {processor.py:914} INFO - Processing file /home/noelsdavid/airflow_venv/lib/python3.12/site-packages/airflow/example_dags/example_python_decorator.py for tasks to queue
[2026-05-18T06:41:08.595+0000] {logging_mixin.py:190} INFO - [2026-05-18T06:41:08.594+0000] {dagbag.py:588} INFO - Filling up the DagBag from /home/noelsdavid/airflow_venv/lib/python3.12/site-packages/airflow/example_dags/example_python_decorator.py
[2026-05-18T06:41:08.616+0000] {processor.py:925} INFO - DAG(s) 'example_python_decorator' retrieved from /home/noelsdavid/airflow_venv/lib/python3.12/site-packages/airflow/example_dags/example_python_decorator.py
[2026-05-18T06:41:08.643+0000] {logging_mixin.py:190} INFO - [2026-05-18T06:41:08.643+0000] {dag.py:3239} INFO - Sync 1 DAGs
[2026-05-18T06:41:08.664+0000] {logging_mixin.py:190} INFO - [2026-05-18T06:41:08.663+0000] {dag.py:4180} INFO - Setting next_dagrun for example_python_decorator to None, run_after=None
[2026-05-18T06:41:08.702+0000] {processor.py:208} INFO - Processing /home/noelsdavid/airflow_venv/lib/python3.12/site-packages/airflow/example_dags/example_python_decorator.py took 0.147 seconds
[2026-05-18T06:42:20.073+0000] {processor.py:186} INFO - Started process (PID=12387) to work on /home/noelsdavid/airflow_venv/lib/python3.12/site-packages/airflow/example_dags/example_python_decorator.py
[2026-05-18T06:42:20.076+0000] {processor.py:914} INFO - Processing file /home/noelsdavid/airflow_venv/lib/python3.12/site-packages/airflow/example_dags/example_python_decorator.py for tasks to queue
[2026-05-18T06:42:20.078+0000] {logging_mixin.py:190} INFO - [2026-05-18T06:42:20.077+0000] {dagbag.py:588} INFO - Filling up the DagBag from /home/noelsdavid/airflow_venv/lib/python3.12/site-packages/airflow/example_dags/example_python_decorator.py
[2026-05-18T06:42:20.101+0000] {processor.py:925} INFO - DAG(s) 'example_python_decorator' retrieved from /home/noelsdavid/airflow_venv/lib/python3.12/site-packages/airflow/example_dags/example_python_decorator.py
[2026-05-18T06:42:20.129+0000] {logging_mixin.py:190} INFO - [2026-05-18T06:42:20.129+0000] {dag.py:3239} INFO - Sync 1 DAGs
[2026-05-18T06:42:20.147+0000] {logging_mixin.py:190} INFO - [2026-05-18T06:42:20.147+0000] {dag.py:4180} INFO - Setting next_dagrun for example_python_decorator to None, run_after=None
[2026-05-18T06:42:20.190+0000] {processor.py:208} INFO - Processing /home/noelsdavid/airflow_venv/lib/python3.12/site-packages/airflow/example_dags/example_python_decorator.py took 0.127 seconds
[2026-05-18T06:43:52.738+0000] {processor.py:186} INFO - Started process (PID=12991) to work on /home/noelsdavid/airflow_venv/lib/python3.12/site-packages/airflow/example_dags/example_python_decorator.py
[2026-05-18T06:43:52.760+0000] {processor.py:914} INFO - Processing file /home/noelsdavid/airflow_venv/lib/python3.12/site-packages/airflow/example_dags/example_python_decorator.py for tasks to queue
[2026-05-18T06:43:52.763+0000] {logging_mixin.py:190} INFO - [2026-05-18T06:43:52.762+0000] {dagbag.py:588} INFO - Filling up the DagBag from /home/noelsdavid/airflow_venv/lib/python3.12/site-packages/airflow/example_dags/example_python_decorator.py
[2026-05-18T06:43:52.785+0000] {processor.py:925} INFO - DAG(s) 'example_python_decorator' retrieved from /home/noelsdavid/airflow_venv/lib/python3.12/site-packages/airflow/example_dags/example_python_decorator.py
[2026-05-18T06:43:52.813+0000] {logging_mixin.py:190} INFO - [2026-05-18T06:43:52.813+0000] {dag.py:3239} INFO - Sync 1 DAGs
[2026-05-18T06:43:52.833+0000] {logging_mixin.py:190} INFO - [2026-05-18T06:43:52.833+0000] {dag.py:4180} INFO - Setting next_dagrun for example_python_decorator to None, run_after=None
[2026-05-18T06:43:52.873+0000] {processor.py:208} INFO - Processing /home/noelsdavid/airflow_venv/lib/python3.12/site-packages/airflow/example_dags/example_python_decorator.py took 0.145 seconds
[2026-05-18T06:45:10.330+0000] {processor.py:186} INFO - Started process (PID=13088) to work on /home/noelsdavid/airflow_venv/lib/python3.12/site-packages/airflow/example_dags/example_python_decorator.py
[2026-05-18T06:45:10.333+0000] {processor.py:914} INFO - Processing file /home/noelsdavid/airflow_venv/lib/python3.12/site-packages/airflow/example_dags/example_python_decorator.py for tasks to queue
[2026-05-18T06:45:10.335+0000] {logging_mixin.py:190} INFO - [2026-05-18T06:45:10.335+0000] {dagbag.py:588} INFO - Filling up the DagBag from /home/noelsdavid/airflow_venv/lib/python3.12/site-packages/airflow/example_dags/example_python_decorator.py
[2026-05-18T06:45:10.365+0000] {processor.py:925} INFO - DAG(s) 'example_python_decorator' retrieved from /home/noelsdavid/airflow_venv/lib/python3.12/site-packages/airflow/example_dags/example_python_decorator.py
[2026-05-18T06:45:10.393+0000] {logging_mixin.py:190} INFO - [2026-05-18T06:45:10.392+0000] {dag.py:3239} INFO - Sync 1 DAGs
[2026-05-18T06:45:10.410+0000] {logging_mixin.py:190} INFO - [2026-05-18T06:45:10.410+0000] {dag.py:4180} INFO - Setting next_dagrun for example_python_decorator to None, run_after=None
[2026-05-18T06:45:10.449+0000] {processor.py:208} INFO - Processing /home/noelsdavid/airflow_venv/lib/python3.12/site-packages/airflow/example_dags/example_python_decorator.py took 0.130 seconds
[2026-05-18T06:46:22.131+0000] {processor.py:186} INFO - Started process (PID=13190) to work on /home/noelsdavid/airflow_venv/lib/python3.12/site-packages/airflow/example_dags/example_python_decorator.py
[2026-05-18T06:46:22.133+0000] {processor.py:914} INFO - Processing file /home/noelsdavid/airflow_venv/lib/python3.12/site-packages/airflow/example_dags/example_python_decorator.py for tasks to queue
[2026-05-18T06:46:22.136+0000] {logging_mixin.py:190} INFO - [2026-05-18T06:46:22.135+0000] {dagbag.py:588} INFO - Filling up the DagBag from /home/noelsdavid/airflow_venv/lib/python3.12/site-packages/airflow/example_dags/example_python_decorator.py
[2026-05-18T06:46:22.159+0000] {processor.py:925} INFO - DAG(s) 'example_python_decorator' retrieved from /home/noelsdavid/airflow_venv/lib/python3.12/site-packages/airflow/example_dags/example_python_decorator.py
[2026-05-18T06:46:22.185+0000] {logging_mixin.py:190} INFO - [2026-05-18T06:46:22.184+0000] {dag.py:3239} INFO - Sync 1 DAGs
[2026-05-18T06:46:22.204+0000] {logging_mixin.py:190} INFO - [2026-05-18T06:46:22.204+0000] {dag.py:4180} INFO - Setting next_dagrun for example_python_decorator to None, run_after=None
[2026-05-18T06:46:22.239+0000] {processor.py:208} INFO - Processing /home/noelsdavid/airflow_venv/lib/python3.12/site-packages/airflow/example_dags/example_python_decorator.py took 0.118 seconds
[2026-05-18T06:47:30.182+0000] {processor.py:186} INFO - Started process (PID=13266) to work on /home/noelsdavid/airflow_venv/lib/python3.12/site-packages/airflow/example_dags/example_python_decorator.py
[2026-05-18T06:47:30.184+0000] {processor.py:914} INFO - Processing file /home/noelsdavid/airflow_venv/lib/python3.12/site-packages/airflow/example_dags/example_python_decorator.py for tasks to queue
[2026-05-18T06:47:30.186+0000] {logging_mixin.py:190} INFO - [2026-05-18T06:47:30.186+0000] {dagbag.py:588} INFO - Filling up the DagBag from /home/noelsdavid/airflow_venv/lib/python3.12/site-packages/airflow/example_dags/example_python_decorator.py
[2026-05-18T06:47:30.207+0000] {processor.py:925} INFO - DAG(s) 'example_python_decorator' retrieved from /home/noelsdavid/airflow_venv/lib/python3.12/site-packages/airflow/example_dags/example_python_decorator.py
[2026-05-18T06:47:30.232+0000] {logging_mixin.py:190} INFO - [2026-05-18T06:47:30.231+0000] {dag.py:3239} INFO - Sync 1 DAGs
[2026-05-18T06:47:30.249+0000] {logging_mixin.py:190} INFO - [2026-05-18T06:47:30.249+0000] {dag.py:4180} INFO - Setting next_dagrun for example_python_decorator to None, run_after=None
[2026-05-18T06:47:30.281+0000] {processor.py:208} INFO - Processing /home/noelsdavid/airflow_venv/lib/python3.12/site-packages/airflow/example_dags/example_python_decorator.py took 0.108 seconds
[2026-05-18T06:48:34.481+0000] {processor.py:186} INFO - Started process (PID=13338) to work on /home/noelsdavid/airflow_venv/lib/python3.12/site-packages/airflow/example_dags/example_python_decorator.py
[2026-05-18T06:48:34.483+0000] {processor.py:914} INFO - Processing file /home/noelsdavid/airflow_venv/lib/python3.12/site-packages/airflow/example_dags/example_python_decorator.py for tasks to queue
[2026-05-18T06:48:34.485+0000] {logging_mixin.py:190} INFO - [2026-05-18T06:48:34.485+0000] {dagbag.py:588} INFO - Filling up the DagBag from /home/noelsdavid/airflow_venv/lib/python3.12/site-packages/airflow/example_dags/example_python_decorator.py
[2026-05-18T06:48:34.506+0000] {processor.py:925} INFO - DAG(s) 'example_python_decorator' retrieved from /home/noelsdavid/airflow_venv/lib/python3.12/site-packages/airflow/example_dags/example_python_decorator.py
[2026-05-18T06:48:34.530+0000] {logging_mixin.py:190} INFO - [2026-05-18T06:48:34.529+0000] {dag.py:3239} INFO - Sync 1 DAGs
[2026-05-18T06:48:34.547+0000] {logging_mixin.py:190} INFO - [2026-05-18T06:48:34.547+0000] {dag.py:4180} INFO - Setting next_dagrun for example_python_decorator to None, run_after=None
[2026-05-18T06:48:34.580+0000] {processor.py:208} INFO - Processing /home/noelsdavid/airflow_venv/lib/python3.12/site-packages/airflow/example_dags/example_python_decorator.py took 0.108 seconds
[2026-05-18T06:49:38.686+0000] {processor.py:186} INFO - Started process (PID=13410) to work on /home/noelsdavid/airflow_venv/lib/python3.12/site-packages/airflow/example_dags/example_python_decorator.py
[2026-05-18T06:49:38.688+0000] {processor.py:914} INFO - Processing file /home/noelsdavid/airflow_venv/lib/python3.12/site-packages/airflow/example_dags/example_python_decorator.py for tasks to queue
[2026-05-18T06:49:38.691+0000] {logging_mixin.py:190} INFO - [2026-05-18T06:49:38.690+0000] {dagbag.py:588} INFO - Filling up the DagBag from /home/noelsdavid/airflow_venv/lib/python3.12/site-packages/airflow/example_dags/example_python_decorator.py
[2026-05-18T06:49:38.712+0000] {processor.py:925} INFO - DAG(s) 'example_python_decorator' retrieved from /home/noelsdavid/airflow_venv/lib/python3.12/site-packages/airflow/example_dags/example_python_decorator.py
[2026-05-18T06:49:38.736+0000] {logging_mixin.py:190} INFO - [2026-05-18T06:49:38.735+0000] {dag.py:3239} INFO - Sync 1 DAGs
[2026-05-18T06:49:38.752+0000] {logging_mixin.py:190} INFO - [2026-05-18T06:49:38.752+0000] {dag.py:4180} INFO - Setting next_dagrun for example_python_decorator to None, run_after=None
[2026-05-18T06:49:38.784+0000] {processor.py:208} INFO - Processing /home/noelsdavid/airflow_venv/lib/python3.12/site-packages/airflow/example_dags/example_python_decorator.py took 0.108 seconds
[2026-05-18T06:50:47.049+0000] {processor.py:186} INFO - Started process (PID=14005) to work on /home/noelsdavid/airflow_venv/lib/python3.12/site-packages/airflow/example_dags/example_python_decorator.py
[2026-05-18T06:50:47.059+0000] {processor.py:914} INFO - Processing file /home/noelsdavid/airflow_venv/lib/python3.12/site-packages/airflow/example_dags/example_python_decorator.py for tasks to queue
[2026-05-18T06:50:47.062+0000] {logging_mixin.py:190} INFO - [2026-05-18T06:50:47.061+0000] {dagbag.py:588} INFO - Filling up the DagBag from /home/noelsdavid/airflow_venv/lib/python3.12/site-packages/airflow/example_dags/example_python_decorator.py
[2026-05-18T06:50:47.089+0000] {processor.py:925} INFO - DAG(s) 'example_python_decorator' retrieved from /home/noelsdavid/airflow_venv/lib/python3.12/site-packages/airflow/example_dags/example_python_decorator.py
[2026-05-18T06:50:47.122+0000] {logging_mixin.py:190} INFO - [2026-05-18T06:50:47.122+0000] {dag.py:3239} INFO - Sync 1 DAGs
[2026-05-18T06:50:47.141+0000] {logging_mixin.py:190} INFO - [2026-05-18T06:50:47.140+0000] {dag.py:4180} INFO - Setting next_dagrun for example_python_decorator to None, run_after=None
[2026-05-18T06:50:47.182+0000] {processor.py:208} INFO - Processing /home/noelsdavid/airflow_venv/lib/python3.12/site-packages/airflow/example_dags/example_python_decorator.py took 0.142 seconds
[2026-05-18T06:52:02.683+0000] {processor.py:186} INFO - Started process (PID=14359) to work on /home/noelsdavid/airflow_venv/lib/python3.12/site-packages/airflow/example_dags/example_python_decorator.py
[2026-05-18T06:52:02.685+0000] {processor.py:914} INFO - Processing file /home/noelsdavid/airflow_venv/lib/python3.12/site-packages/airflow/example_dags/example_python_decorator.py for tasks to queue
[2026-05-18T06:52:02.688+0000] {logging_mixin.py:190} INFO - [2026-05-18T06:52:02.687+0000] {dagbag.py:588} INFO - Filling up the DagBag from /home/noelsdavid/airflow_venv/lib/python3.12/site-packages/airflow/example_dags/example_python_decorator.py
[2026-05-18T06:52:02.713+0000] {processor.py:925} INFO - DAG(s) 'example_python_decorator' retrieved from /home/noelsdavid/airflow_venv/lib/python3.12/site-packages/airflow/example_dags/example_python_decorator.py
[2026-05-18T06:52:02.743+0000] {logging_mixin.py:190} INFO - [2026-05-18T06:52:02.743+0000] {dag.py:3239} INFO - Sync 1 DAGs
[2026-05-18T06:52:02.762+0000] {logging_mixin.py:190} INFO - [2026-05-18T06:52:02.761+0000] {dag.py:4180} INFO - Setting next_dagrun for example_python_decorator to None, run_after=None
[2026-05-18T06:52:02.797+0000] {processor.py:208} INFO - Processing /home/noelsdavid/airflow_venv/lib/python3.12/site-packages/airflow/example_dags/example_python_decorator.py took 0.124 seconds
[2026-05-18T06:53:11.921+0000] {processor.py:186} INFO - Started process (PID=14622) to work on /home/noelsdavid/airflow_venv/lib/python3.12/site-packages/airflow/example_dags/example_python_decorator.py
[2026-05-18T06:53:11.923+0000] {processor.py:914} INFO - Processing file /home/noelsdavid/airflow_venv/lib/python3.12/site-packages/airflow/example_dags/example_python_decorator.py for tasks to queue
[2026-05-18T06:53:11.925+0000] {logging_mixin.py:190} INFO - [2026-05-18T06:53:11.925+0000] {dagbag.py:588} INFO - Filling up the DagBag from /home/noelsdavid/airflow_venv/lib/python3.12/site-packages/airflow/example_dags/example_python_decorator.py
[2026-05-18T06:53:11.946+0000] {processor.py:925} INFO - DAG(s) 'example_python_decorator' retrieved from /home/noelsdavid/airflow_venv/lib/python3.12/site-packages/airflow/example_dags/example_python_decorator.py
[2026-05-18T06:53:11.970+0000] {logging_mixin.py:190} INFO - [2026-05-18T06:53:11.970+0000] {dag.py:3239} INFO - Sync 1 DAGs
[2026-05-18T06:53:11.987+0000] {logging_mixin.py:190} INFO - [2026-05-18T06:53:11.986+0000] {dag.py:4180} INFO - Setting next_dagrun for example_python_decorator to None, run_after=None
[2026-05-18T06:53:12.016+0000] {processor.py:208} INFO - Processing /home/noelsdavid/airflow_venv/lib/python3.12/site-packages/airflow/example_dags/example_python_decorator.py took 0.105 seconds
[2026-05-18T06:54:24.902+0000] {processor.py:186} INFO - Started process (PID=14964) to work on /home/noelsdavid/airflow_venv/lib/python3.12/site-packages/airflow/example_dags/example_python_decorator.py
[2026-05-18T06:54:24.905+0000] {processor.py:914} INFO - Processing file /home/noelsdavid/airflow_venv/lib/python3.12/site-packages/airflow/example_dags/example_python_decorator.py for tasks to queue
[2026-05-18T06:54:24.908+0000] {logging_mixin.py:190} INFO - [2026-05-18T06:54:24.907+0000] {dagbag.py:588} INFO - Filling up the DagBag from /home/noelsdavid/airflow_venv/lib/python3.12/site-packages/airflow/example_dags/example_python_decorator.py
[2026-05-18T06:54:24.930+0000] {processor.py:925} INFO - DAG(s) 'example_python_decorator' retrieved from /home/noelsdavid/airflow_venv/lib/python3.12/site-packages/airflow/example_dags/example_python_decorator.py
[2026-05-18T06:54:24.955+0000] {logging_mixin.py:190} INFO - [2026-05-18T06:54:24.955+0000] {dag.py:3239} INFO - Sync 1 DAGs
[2026-05-18T06:54:24.972+0000] {logging_mixin.py:190} INFO - [2026-05-18T06:54:24.972+0000] {dag.py:4180} INFO - Setting next_dagrun for example_python_decorator to None, run_after=None
[2026-05-18T06:54:25.003+0000] {processor.py:208} INFO - Processing /home/noelsdavid/airflow_venv/lib/python3.12/site-packages/airflow/example_dags/example_python_decorator.py took 0.112 seconds
[2026-05-18T06:55:40.845+0000] {processor.py:186} INFO - Started process (PID=15186) to work on /home/noelsdavid/airflow_venv/lib/python3.12/site-packages/airflow/example_dags/example_python_decorator.py
[2026-05-18T06:55:40.848+0000] {processor.py:914} INFO - Processing file /home/noelsdavid/airflow_venv/lib/python3.12/site-packages/airflow/example_dags/example_python_decorator.py for tasks to queue
[2026-05-18T06:55:40.850+0000] {logging_mixin.py:190} INFO - [2026-05-18T06:55:40.849+0000] {dagbag.py:588} INFO - Filling up the DagBag from /home/noelsdavid/airflow_venv/lib/python3.12/site-packages/airflow/example_dags/example_python_decorator.py
[2026-05-18T06:55:40.870+0000] {processor.py:925} INFO - DAG(s) 'example_python_decorator' retrieved from /home/noelsdavid/airflow_venv/lib/python3.12/site-packages/airflow/example_dags/example_python_decorator.py
[2026-05-18T06:55:40.897+0000] {logging_mixin.py:190} INFO - [2026-05-18T06:55:40.896+0000] {dag.py:3239} INFO - Sync 1 DAGs
[2026-05-18T06:55:40.918+0000] {logging_mixin.py:190} INFO - [2026-05-18T06:55:40.918+0000] {dag.py:4180} INFO - Setting next_dagrun for example_python_decorator to None, run_after=None
[2026-05-18T06:55:40.952+0000] {processor.py:208} INFO - Processing /home/noelsdavid/airflow_venv/lib/python3.12/site-packages/airflow/example_dags/example_python_decorator.py took 0.117 seconds
[2026-05-18T06:56:57.342+0000] {processor.py:186} INFO - Started process (PID=15431) to work on /home/noelsdavid/airflow_venv/lib/python3.12/site-packages/airflow/example_dags/example_python_decorator.py
[2026-05-18T06:56:57.346+0000] {processor.py:914} INFO - Processing file /home/noelsdavid/airflow_venv/lib/python3.12/site-packages/airflow/example_dags/example_python_decorator.py for tasks to queue
[2026-05-18T06:56:57.348+0000] {logging_mixin.py:190} INFO - [2026-05-18T06:56:57.347+0000] {dagbag.py:588} INFO - Filling up the DagBag from /home/noelsdavid/airflow_venv/lib/python3.12/site-packages/airflow/example_dags/example_python_decorator.py
[2026-05-18T06:56:57.377+0000] {processor.py:925} INFO - DAG(s) 'example_python_decorator' retrieved from /home/noelsdavid/airflow_venv/lib/python3.12/site-packages/airflow/example_dags/example_python_decorator.py
[2026-05-18T06:56:57.410+0000] {logging_mixin.py:190} INFO - [2026-05-18T06:56:57.410+0000] {dag.py:3239} INFO - Sync 1 DAGs
[2026-05-18T06:56:57.431+0000] {logging_mixin.py:190} INFO - [2026-05-18T06:56:57.431+0000] {dag.py:4180} INFO - Setting next_dagrun for example_python_decorator to None, run_after=None
[2026-05-18T06:56:57.471+0000] {processor.py:208} INFO - Processing /home/noelsdavid/airflow_venv/lib/python3.12/site-packages/airflow/example_dags/example_python_decorator.py took 0.143 seconds
[2026-05-18T06:58:15.284+0000] {processor.py:186} INFO - Started process (PID=15668) to work on /home/noelsdavid/airflow_venv/lib/python3.12/site-packages/airflow/example_dags/example_python_decorator.py
[2026-05-18T06:58:15.286+0000] {processor.py:914} INFO - Processing file /home/noelsdavid/airflow_venv/lib/python3.12/site-packages/airflow/example_dags/example_python_decorator.py for tasks to queue
[2026-05-18T06:58:15.288+0000] {logging_mixin.py:190} INFO - [2026-05-18T06:58:15.287+0000] {dagbag.py:588} INFO - Filling up the DagBag from /home/noelsdavid/airflow_venv/lib/python3.12/site-packages/airflow/example_dags/example_python_decorator.py
[2026-05-18T06:58:15.308+0000] {processor.py:925} INFO - DAG(s) 'example_python_decorator' retrieved from /home/noelsdavid/airflow_venv/lib/python3.12/site-packages/airflow/example_dags/example_python_decorator.py
[2026-05-18T06:58:15.337+0000] {logging_mixin.py:190} INFO - [2026-05-18T06:58:15.337+0000] {dag.py:3239} INFO - Sync 1 DAGs
[2026-05-18T06:58:15.354+0000] {logging_mixin.py:190} INFO - [2026-05-18T06:58:15.354+0000] {dag.py:4180} INFO - Setting next_dagrun for example_python_decorator to None, run_after=None
[2026-05-18T06:58:15.384+0000] {processor.py:208} INFO - Processing /home/noelsdavid/airflow_venv/lib/python3.12/site-packages/airflow/example_dags/example_python_decorator.py took 0.112 seconds
[2026-05-18T06:59:30.977+0000] {processor.py:186} INFO - Started process (PID=15856) to work on /home/noelsdavid/airflow_venv/lib/python3.12/site-packages/airflow/example_dags/example_python_decorator.py
[2026-05-18T06:59:30.979+0000] {processor.py:914} INFO - Processing file /home/noelsdavid/airflow_venv/lib/python3.12/site-packages/airflow/example_dags/example_python_decorator.py for tasks to queue
[2026-05-18T06:59:30.982+0000] {logging_mixin.py:190} INFO - [2026-05-18T06:59:30.981+0000] {dagbag.py:588} INFO - Filling up the DagBag from /home/noelsdavid/airflow_venv/lib/python3.12/site-packages/airflow/example_dags/example_python_decorator.py
[2026-05-18T06:59:31.008+0000] {processor.py:925} INFO - DAG(s) 'example_python_decorator' retrieved from /home/noelsdavid/airflow_venv/lib/python3.12/site-packages/airflow/example_dags/example_python_decorator.py
[2026-05-18T06:59:31.037+0000] {logging_mixin.py:190} INFO - [2026-05-18T06:59:31.036+0000] {dag.py:3239} INFO - Sync 1 DAGs
[2026-05-18T06:59:31.059+0000] {logging_mixin.py:190} INFO - [2026-05-18T06:59:31.058+0000] {dag.py:4180} INFO - Setting next_dagrun for example_python_decorator to None, run_after=None
[2026-05-18T06:59:31.093+0000] {processor.py:208} INFO - Processing /home/noelsdavid/airflow_venv/lib/python3.12/site-packages/airflow/example_dags/example_python_decorator.py took 0.127 seconds
[2026-05-18T07:00:51.592+0000] {processor.py:186} INFO - Started process (PID=16231) to work on /home/noelsdavid/airflow_venv/lib/python3.12/site-packages/airflow/example_dags/example_python_decorator.py
[2026-05-18T07:00:51.594+0000] {processor.py:914} INFO - Processing file /home/noelsdavid/airflow_venv/lib/python3.12/site-packages/airflow/example_dags/example_python_decorator.py for tasks to queue
[2026-05-18T07:00:51.597+0000] {logging_mixin.py:190} INFO - [2026-05-18T07:00:51.596+0000] {dagbag.py:588} INFO - Filling up the DagBag from /home/noelsdavid/airflow_venv/lib/python3.12/site-packages/airflow/example_dags/example_python_decorator.py
[2026-05-18T07:00:51.618+0000] {processor.py:925} INFO - DAG(s) 'example_python_decorator' retrieved from /home/noelsdavid/airflow_venv/lib/python3.12/site-packages/airflow/example_dags/example_python_decorator.py
[2026-05-18T07:00:51.645+0000] {logging_mixin.py:190} INFO - [2026-05-18T07:00:51.645+0000] {dag.py:3239} INFO - Sync 1 DAGs
[2026-05-18T07:00:51.677+0000] {logging_mixin.py:190} INFO - [2026-05-18T07:00:51.677+0000] {dag.py:4180} INFO - Setting next_dagrun for example_python_decorator to None, run_after=None
[2026-05-18T07:00:51.736+0000] {processor.py:208} INFO - Processing /home/noelsdavid/airflow_venv/lib/python3.12/site-packages/airflow/example_dags/example_python_decorator.py took 0.156 seconds
[2026-05-18T07:02:05.455+0000] {processor.py:186} INFO - Started process (PID=16453) to work on /home/noelsdavid/airflow_venv/lib/python3.12/site-packages/airflow/example_dags/example_python_decorator.py
[2026-05-18T07:02:05.457+0000] {processor.py:914} INFO - Processing file /home/noelsdavid/airflow_venv/lib/python3.12/site-packages/airflow/example_dags/example_python_decorator.py for tasks to queue
[2026-05-18T07:02:05.459+0000] {logging_mixin.py:190} INFO - [2026-05-18T07:02:05.459+0000] {dagbag.py:588} INFO - Filling up the DagBag from /home/noelsdavid/airflow_venv/lib/python3.12/site-packages/airflow/example_dags/example_python_decorator.py
[2026-05-18T07:02:05.480+0000] {processor.py:925} INFO - DAG(s) 'example_python_decorator' retrieved from /home/noelsdavid/airflow_venv/lib/python3.12/site-packages/airflow/example_dags/example_python_decorator.py
[2026-05-18T07:02:05.505+0000] {logging_mixin.py:190} INFO - [2026-05-18T07:02:05.504+0000] {dag.py:3239} INFO - Sync 1 DAGs
[2026-05-18T07:02:05.522+0000] {logging_mixin.py:190} INFO - [2026-05-18T07:02:05.522+0000] {dag.py:4180} INFO - Setting next_dagrun for example_python_decorator to None, run_after=None
[2026-05-18T07:02:05.559+0000] {processor.py:208} INFO - Processing /home/noelsdavid/airflow_venv/lib/python3.12/site-packages/airflow/example_dags/example_python_decorator.py took 0.114 seconds
[2026-05-18T07:03:17.372+0000] {processor.py:186} INFO - Started process (PID=16531) to work on /home/noelsdavid/airflow_venv/lib/python3.12/site-packages/airflow/example_dags/example_python_decorator.py
[2026-05-18T07:03:17.375+0000] {processor.py:914} INFO - Processing file /home/noelsdavid/airflow_venv/lib/python3.12/site-packages/airflow/example_dags/example_python_decorator.py for tasks to queue
[2026-05-18T07:03:17.377+0000] {logging_mixin.py:190} INFO - [2026-05-18T07:03:17.376+0000] {dagbag.py:588} INFO - Filling up the DagBag from /home/noelsdavid/airflow_venv/lib/python3.12/site-packages/airflow/example_dags/example_python_decorator.py
[2026-05-18T07:03:17.398+0000] {processor.py:925} INFO - DAG(s) 'example_python_decorator' retrieved from /home/noelsdavid/airflow_venv/lib/python3.12/site-packages/airflow/example_dags/example_python_decorator.py
[2026-05-18T07:03:17.422+0000] {logging_mixin.py:190} INFO - [2026-05-18T07:03:17.421+0000] {dag.py:3239} INFO - Sync 1 DAGs
[2026-05-18T07:03:17.438+0000] {logging_mixin.py:190} INFO - [2026-05-18T07:03:17.438+0000] {dag.py:4180} INFO - Setting next_dagrun for example_python_decorator to None, run_after=None
[2026-05-18T07:03:17.471+0000] {processor.py:208} INFO - Processing /home/noelsdavid/airflow_venv/lib/python3.12/site-packages/airflow/example_dags/example_python_decorator.py took 0.108 seconds
[2026-05-18T07:04:24.613+0000] {processor.py:186} INFO - Started process (PID=16608) to work on /home/noelsdavid/airflow_venv/lib/python3.12/site-packages/airflow/example_dags/example_python_decorator.py
[2026-05-18T07:04:24.615+0000] {processor.py:914} INFO - Processing file /home/noelsdavid/airflow_venv/lib/python3.12/site-packages/airflow/example_dags/example_python_decorator.py for tasks to queue
[2026-05-18T07:04:24.617+0000] {logging_mixin.py:190} INFO - [2026-05-18T07:04:24.617+0000] {dagbag.py:588} INFO - Filling up the DagBag from /home/noelsdavid/airflow_venv/lib/python3.12/site-packages/airflow/example_dags/example_python_decorator.py
[2026-05-18T07:04:24.638+0000] {processor.py:925} INFO - DAG(s) 'example_python_decorator' retrieved from /home/noelsdavid/airflow_venv/lib/python3.12/site-packages/airflow/example_dags/example_python_decorator.py
[2026-05-18T07:04:24.662+0000] {logging_mixin.py:190} INFO - [2026-05-18T07:04:24.662+0000] {dag.py:3239} INFO - Sync 1 DAGs
[2026-05-18T07:04:24.679+0000] {logging_mixin.py:190} INFO - [2026-05-18T07:04:24.678+0000] {dag.py:4180} INFO - Setting next_dagrun for example_python_decorator to None, run_after=None
[2026-05-18T07:04:24.712+0000] {processor.py:208} INFO - Processing /home/noelsdavid/airflow_venv/lib/python3.12/site-packages/airflow/example_dags/example_python_decorator.py took 0.108 seconds
[2026-05-18T07:05:38.856+0000] {processor.py:186} INFO - Started process (PID=16711) to work on /home/noelsdavid/airflow_venv/lib/python3.12/site-packages/airflow/example_dags/example_python_decorator.py
[2026-05-18T07:05:38.868+0000] {processor.py:914} INFO - Processing file /home/noelsdavid/airflow_venv/lib/python3.12/site-packages/airflow/example_dags/example_python_decorator.py for tasks to queue
[2026-05-18T07:05:38.870+0000] {logging_mixin.py:190} INFO - [2026-05-18T07:05:38.870+0000] {dagbag.py:588} INFO - Filling up the DagBag from /home/noelsdavid/airflow_venv/lib/python3.12/site-packages/airflow/example_dags/example_python_decorator.py
[2026-05-18T07:05:38.893+0000] {processor.py:925} INFO - DAG(s) 'example_python_decorator' retrieved from /home/noelsdavid/airflow_venv/lib/python3.12/site-packages/airflow/example_dags/example_python_decorator.py
[2026-05-18T07:05:38.919+0000] {logging_mixin.py:190} INFO - [2026-05-18T07:05:38.919+0000] {dag.py:3239} INFO - Sync 1 DAGs
[2026-05-18T07:05:38.936+0000] {logging_mixin.py:190} INFO - [2026-05-18T07:05:38.936+0000] {dag.py:4180} INFO - Setting next_dagrun for example_python_decorator to None, run_after=None
[2026-05-18T07:05:38.969+0000] {processor.py:208} INFO - Processing /home/noelsdavid/airflow_venv/lib/python3.12/site-packages/airflow/example_dags/example_python_decorator.py took 0.123 seconds
[2026-05-18T07:06:58.917+0000] {processor.py:186} INFO - Started process (PID=16792) to work on /home/noelsdavid/airflow_venv/lib/python3.12/site-packages/airflow/example_dags/example_python_decorator.py
[2026-05-18T07:06:58.919+0000] {processor.py:914} INFO - Processing file /home/noelsdavid/airflow_venv/lib/python3.12/site-packages/airflow/example_dags/example_python_decorator.py for tasks to queue
[2026-05-18T07:06:58.921+0000] {logging_mixin.py:190} INFO - [2026-05-18T07:06:58.920+0000] {dagbag.py:588} INFO - Filling up the DagBag from /home/noelsdavid/airflow_venv/lib/python3.12/site-packages/airflow/example_dags/example_python_decorator.py
[2026-05-18T07:06:58.944+0000] {processor.py:925} INFO - DAG(s) 'example_python_decorator' retrieved from /home/noelsdavid/airflow_venv/lib/python3.12/site-packages/airflow/example_dags/example_python_decorator.py
[2026-05-18T07:06:58.969+0000] {logging_mixin.py:190} INFO - [2026-05-18T07:06:58.968+0000] {dag.py:3239} INFO - Sync 1 DAGs
[2026-05-18T07:06:58.986+0000] {logging_mixin.py:190} INFO - [2026-05-18T07:06:58.985+0000] {dag.py:4180} INFO - Setting next_dagrun for example_python_decorator to None, run_after=None
[2026-05-18T07:06:59.020+0000] {processor.py:208} INFO - Processing /home/noelsdavid/airflow_venv/lib/python3.12/site-packages/airflow/example_dags/example_python_decorator.py took 0.114 seconds
[2026-05-18T07:08:17.394+0000] {processor.py:186} INFO - Started process (PID=16874) to work on /home/noelsdavid/airflow_venv/lib/python3.12/site-packages/airflow/example_dags/example_python_decorator.py
[2026-05-18T07:08:17.396+0000] {processor.py:914} INFO - Processing file /home/noelsdavid/airflow_venv/lib/python3.12/site-packages/airflow/example_dags/example_python_decorator.py for tasks to queue
[2026-05-18T07:08:17.398+0000] {logging_mixin.py:190} INFO - [2026-05-18T07:08:17.397+0000] {dagbag.py:588} INFO - Filling up the DagBag from /home/noelsdavid/airflow_venv/lib/python3.12/site-packages/airflow/example_dags/example_python_decorator.py
[2026-05-18T07:08:17.419+0000] {processor.py:925} INFO - DAG(s) 'example_python_decorator' retrieved from /home/noelsdavid/airflow_venv/lib/python3.12/site-packages/airflow/example_dags/example_python_decorator.py
[2026-05-18T07:08:17.444+0000] {logging_mixin.py:190} INFO - [2026-05-18T07:08:17.444+0000] {dag.py:3239} INFO - Sync 1 DAGs
[2026-05-18T07:08:17.461+0000] {logging_mixin.py:190} INFO - [2026-05-18T07:08:17.461+0000] {dag.py:4180} INFO - Setting next_dagrun for example_python_decorator to None, run_after=None
[2026-05-18T07:08:17.492+0000] {processor.py:208} INFO - Processing /home/noelsdavid/airflow_venv/lib/python3.12/site-packages/airflow/example_dags/example_python_decorator.py took 0.108 seconds
[2026-05-18T07:09:42.574+0000] {processor.py:186} INFO - Started process (PID=16957) to work on /home/noelsdavid/airflow_venv/lib/python3.12/site-packages/airflow/example_dags/example_python_decorator.py
[2026-05-18T07:09:42.577+0000] {processor.py:914} INFO - Processing file /home/noelsdavid/airflow_venv/lib/python3.12/site-packages/airflow/example_dags/example_python_decorator.py for tasks to queue
[2026-05-18T07:09:42.579+0000] {logging_mixin.py:190} INFO - [2026-05-18T07:09:42.579+0000] {dagbag.py:588} INFO - Filling up the DagBag from /home/noelsdavid/airflow_venv/lib/python3.12/site-packages/airflow/example_dags/example_python_decorator.py
[2026-05-18T07:09:42.603+0000] {processor.py:925} INFO - DAG(s) 'example_python_decorator' retrieved from /home/noelsdavid/airflow_venv/lib/python3.12/site-packages/airflow/example_dags/example_python_decorator.py
[2026-05-18T07:09:42.630+0000] {logging_mixin.py:190} INFO - [2026-05-18T07:09:42.630+0000] {dag.py:3239} INFO - Sync 1 DAGs
[2026-05-18T07:09:42.648+0000] {logging_mixin.py:190} INFO - [2026-05-18T07:09:42.648+0000] {dag.py:4180} INFO - Setting next_dagrun for example_python_decorator to None, run_after=None
[2026-05-18T07:09:42.682+0000] {processor.py:208} INFO - Processing /home/noelsdavid/airflow_venv/lib/python3.12/site-packages/airflow/example_dags/example_python_decorator.py took 0.117 seconds
[2026-05-18T07:10:58.923+0000] {processor.py:186} INFO - Started process (PID=17064) to work on /home/noelsdavid/airflow_venv/lib/python3.12/site-packages/airflow/example_dags/example_python_decorator.py
[2026-05-18T07:10:58.926+0000] {processor.py:914} INFO - Processing file /home/noelsdavid/airflow_venv/lib/python3.12/site-packages/airflow/example_dags/example_python_decorator.py for tasks to queue
[2026-05-18T07:10:58.928+0000] {logging_mixin.py:190} INFO - [2026-05-18T07:10:58.927+0000] {dagbag.py:588} INFO - Filling up the DagBag from /home/noelsdavid/airflow_venv/lib/python3.12/site-packages/airflow/example_dags/example_python_decorator.py
[2026-05-18T07:10:58.950+0000] {processor.py:925} INFO - DAG(s) 'example_python_decorator' retrieved from /home/noelsdavid/airflow_venv/lib/python3.12/site-packages/airflow/example_dags/example_python_decorator.py
[2026-05-18T07:10:58.974+0000] {logging_mixin.py:190} INFO - [2026-05-18T07:10:58.974+0000] {dag.py:3239} INFO - Sync 1 DAGs
[2026-05-18T07:10:58.993+0000] {logging_mixin.py:190} INFO - [2026-05-18T07:10:58.993+0000] {dag.py:4180} INFO - Setting next_dagrun for example_python_decorator to None, run_after=None
[2026-05-18T07:10:59.029+0000] {processor.py:208} INFO - Processing /home/noelsdavid/airflow_venv/lib/python3.12/site-packages/airflow/example_dags/example_python_decorator.py took 0.115 seconds
[2026-05-18T07:12:12.663+0000] {processor.py:186} INFO - Started process (PID=17143) to work on /home/noelsdavid/airflow_venv/lib/python3.12/site-packages/airflow/example_dags/example_python_decorator.py
[2026-05-18T07:12:12.665+0000] {processor.py:914} INFO - Processing file /home/noelsdavid/airflow_venv/lib/python3.12/site-packages/airflow/example_dags/example_python_decorator.py for tasks to queue
[2026-05-18T07:12:12.667+0000] {logging_mixin.py:190} INFO - [2026-05-18T07:12:12.666+0000] {dagbag.py:588} INFO - Filling up the DagBag from /home/noelsdavid/airflow_venv/lib/python3.12/site-packages/airflow/example_dags/example_python_decorator.py
[2026-05-18T07:12:12.688+0000] {processor.py:925} INFO - DAG(s) 'example_python_decorator' retrieved from /home/noelsdavid/airflow_venv/lib/python3.12/site-packages/airflow/example_dags/example_python_decorator.py
[2026-05-18T07:12:12.714+0000] {logging_mixin.py:190} INFO - [2026-05-18T07:12:12.714+0000] {dag.py:3239} INFO - Sync 1 DAGs
[2026-05-18T07:12:12.731+0000] {logging_mixin.py:190} INFO - [2026-05-18T07:12:12.731+0000] {dag.py:4180} INFO - Setting next_dagrun for example_python_decorator to None, run_after=None
[2026-05-18T07:12:12.765+0000] {processor.py:208} INFO - Processing /home/noelsdavid/airflow_venv/lib/python3.12/site-packages/airflow/example_dags/example_python_decorator.py took 0.112 seconds
[2026-05-18T07:13:29.246+0000] {processor.py:186} INFO - Started process (PID=17224) to work on /home/noelsdavid/airflow_venv/lib/python3.12/site-packages/airflow/example_dags/example_python_decorator.py
[2026-05-18T07:13:29.249+0000] {processor.py:914} INFO - Processing file /home/noelsdavid/airflow_venv/lib/python3.12/site-packages/airflow/example_dags/example_python_decorator.py for tasks to queue
[2026-05-18T07:13:29.251+0000] {logging_mixin.py:190} INFO - [2026-05-18T07:13:29.251+0000] {dagbag.py:588} INFO - Filling up the DagBag from /home/noelsdavid/airflow_venv/lib/python3.12/site-packages/airflow/example_dags/example_python_decorator.py
[2026-05-18T07:13:29.275+0000] {processor.py:925} INFO - DAG(s) 'example_python_decorator' retrieved from /home/noelsdavid/airflow_venv/lib/python3.12/site-packages/airflow/example_dags/example_python_decorator.py
[2026-05-18T07:13:29.301+0000] {logging_mixin.py:190} INFO - [2026-05-18T07:13:29.300+0000] {dag.py:3239} INFO - Sync 1 DAGs
[2026-05-18T07:13:29.320+0000] {logging_mixin.py:190} INFO - [2026-05-18T07:13:29.320+0000] {dag.py:4180} INFO - Setting next_dagrun for example_python_decorator to None, run_after=None
[2026-05-18T07:13:29.356+0000] {processor.py:208} INFO - Processing /home/noelsdavid/airflow_venv/lib/python3.12/site-packages/airflow/example_dags/example_python_decorator.py took 0.120 seconds
[2026-05-18T07:14:39.615+0000] {processor.py:186} INFO - Started process (PID=17301) to work on /home/noelsdavid/airflow_venv/lib/python3.12/site-packages/airflow/example_dags/example_python_decorator.py
[2026-05-18T07:14:39.618+0000] {processor.py:914} INFO - Processing file /home/noelsdavid/airflow_venv/lib/python3.12/site-packages/airflow/example_dags/example_python_decorator.py for tasks to queue
[2026-05-18T07:14:39.619+0000] {logging_mixin.py:190} INFO - [2026-05-18T07:14:39.619+0000] {dagbag.py:588} INFO - Filling up the DagBag from /home/noelsdavid/airflow_venv/lib/python3.12/site-packages/airflow/example_dags/example_python_decorator.py
[2026-05-18T07:14:39.641+0000] {processor.py:925} INFO - DAG(s) 'example_python_decorator' retrieved from /home/noelsdavid/airflow_venv/lib/python3.12/site-packages/airflow/example_dags/example_python_decorator.py
[2026-05-18T07:14:39.667+0000] {logging_mixin.py:190} INFO - [2026-05-18T07:14:39.667+0000] {dag.py:3239} INFO - Sync 1 DAGs
[2026-05-18T07:14:39.684+0000] {logging_mixin.py:190} INFO - [2026-05-18T07:14:39.684+0000] {dag.py:4180} INFO - Setting next_dagrun for example_python_decorator to None, run_after=None
[2026-05-18T07:14:39.717+0000] {processor.py:208} INFO - Processing /home/noelsdavid/airflow_venv/lib/python3.12/site-packages/airflow/example_dags/example_python_decorator.py took 0.112 seconds
[2026-05-18T07:15:51.606+0000] {processor.py:186} INFO - Started process (PID=17403) to work on /home/noelsdavid/airflow_venv/lib/python3.12/site-packages/airflow/example_dags/example_python_decorator.py
[2026-05-18T07:15:51.609+0000] {processor.py:914} INFO - Processing file /home/noelsdavid/airflow_venv/lib/python3.12/site-packages/airflow/example_dags/example_python_decorator.py for tasks to queue
[2026-05-18T07:15:51.611+0000] {logging_mixin.py:190} INFO - [2026-05-18T07:15:51.611+0000] {dagbag.py:588} INFO - Filling up the DagBag from /home/noelsdavid/airflow_venv/lib/python3.12/site-packages/airflow/example_dags/example_python_decorator.py
[2026-05-18T07:15:51.634+0000] {processor.py:925} INFO - DAG(s) 'example_python_decorator' retrieved from /home/noelsdavid/airflow_venv/lib/python3.12/site-packages/airflow/example_dags/example_python_decorator.py
[2026-05-18T07:15:51.676+0000] {logging_mixin.py:190} INFO - [2026-05-18T07:15:51.675+0000] {dag.py:3239} INFO - Sync 1 DAGs
[2026-05-18T07:15:51.712+0000] {logging_mixin.py:190} INFO - [2026-05-18T07:15:51.711+0000] {dag.py:4180} INFO - Setting next_dagrun for example_python_decorator to None, run_after=None
[2026-05-18T07:15:51.771+0000] {processor.py:208} INFO - Processing /home/noelsdavid/airflow_venv/lib/python3.12/site-packages/airflow/example_dags/example_python_decorator.py took 0.175 seconds
[2026-05-18T07:17:13.657+0000] {processor.py:186} INFO - Started process (PID=17486) to work on /home/noelsdavid/airflow_venv/lib/python3.12/site-packages/airflow/example_dags/example_python_decorator.py
[2026-05-18T07:17:13.660+0000] {processor.py:914} INFO - Processing file /home/noelsdavid/airflow_venv/lib/python3.12/site-packages/airflow/example_dags/example_python_decorator.py for tasks to queue
[2026-05-18T07:17:13.662+0000] {logging_mixin.py:190} INFO - [2026-05-18T07:17:13.662+0000] {dagbag.py:588} INFO - Filling up the DagBag from /home/noelsdavid/airflow_venv/lib/python3.12/site-packages/airflow/example_dags/example_python_decorator.py
[2026-05-18T07:17:13.683+0000] {processor.py:925} INFO - DAG(s) 'example_python_decorator' retrieved from /home/noelsdavid/airflow_venv/lib/python3.12/site-packages/airflow/example_dags/example_python_decorator.py
[2026-05-18T07:17:13.708+0000] {logging_mixin.py:190} INFO - [2026-05-18T07:17:13.708+0000] {dag.py:3239} INFO - Sync 1 DAGs
[2026-05-18T07:17:13.726+0000] {logging_mixin.py:190} INFO - [2026-05-18T07:17:13.726+0000] {dag.py:4180} INFO - Setting next_dagrun for example_python_decorator to None, run_after=None
[2026-05-18T07:17:13.760+0000] {processor.py:208} INFO - Processing /home/noelsdavid/airflow_venv/lib/python3.12/site-packages/airflow/example_dags/example_python_decorator.py took 0.112 seconds
[2026-05-18T07:18:22.404+0000] {processor.py:186} INFO - Started process (PID=17565) to work on /home/noelsdavid/airflow_venv/lib/python3.12/site-packages/airflow/example_dags/example_python_decorator.py
[2026-05-18T07:18:22.407+0000] {processor.py:914} INFO - Processing file /home/noelsdavid/airflow_venv/lib/python3.12/site-packages/airflow/example_dags/example_python_decorator.py for tasks to queue
[2026-05-18T07:18:22.409+0000] {logging_mixin.py:190} INFO - [2026-05-18T07:18:22.408+0000] {dagbag.py:588} INFO - Filling up the DagBag from /home/noelsdavid/airflow_venv/lib/python3.12/site-packages/airflow/example_dags/example_python_decorator.py
[2026-05-18T07:18:22.431+0000] {processor.py:925} INFO - DAG(s) 'example_python_decorator' retrieved from /home/noelsdavid/airflow_venv/lib/python3.12/site-packages/airflow/example_dags/example_python_decorator.py
[2026-05-18T07:18:22.457+0000] {logging_mixin.py:190} INFO - [2026-05-18T07:18:22.456+0000] {dag.py:3239} INFO - Sync 1 DAGs
[2026-05-18T07:18:22.474+0000] {logging_mixin.py:190} INFO - [2026-05-18T07:18:22.474+0000] {dag.py:4180} INFO - Setting next_dagrun for example_python_decorator to None, run_after=None
[2026-05-18T07:18:22.508+0000] {processor.py:208} INFO - Processing /home/noelsdavid/airflow_venv/lib/python3.12/site-packages/airflow/example_dags/example_python_decorator.py took 0.113 seconds
[2026-05-18T07:19:31.359+0000] {processor.py:186} INFO - Started process (PID=17641) to work on /home/noelsdavid/airflow_venv/lib/python3.12/site-packages/airflow/example_dags/example_python_decorator.py
[2026-05-18T07:19:31.392+0000] {processor.py:914} INFO - Processing file /home/noelsdavid/airflow_venv/lib/python3.12/site-packages/airflow/example_dags/example_python_decorator.py for tasks to queue
[2026-05-18T07:19:31.394+0000] {logging_mixin.py:190} INFO - [2026-05-18T07:19:31.393+0000] {dagbag.py:588} INFO - Filling up the DagBag from /home/noelsdavid/airflow_venv/lib/python3.12/site-packages/airflow/example_dags/example_python_decorator.py
[2026-05-18T07:19:31.419+0000] {processor.py:925} INFO - DAG(s) 'example_python_decorator' retrieved from /home/noelsdavid/airflow_venv/lib/python3.12/site-packages/airflow/example_dags/example_python_decorator.py
[2026-05-18T07:19:31.444+0000] {logging_mixin.py:190} INFO - [2026-05-18T07:19:31.444+0000] {dag.py:3239} INFO - Sync 1 DAGs
[2026-05-18T07:19:31.462+0000] {logging_mixin.py:190} INFO - [2026-05-18T07:19:31.461+0000] {dag.py:4180} INFO - Setting next_dagrun for example_python_decorator to None, run_after=None
[2026-05-18T07:19:31.494+0000] {processor.py:208} INFO - Processing /home/noelsdavid/airflow_venv/lib/python3.12/site-packages/airflow/example_dags/example_python_decorator.py took 0.145 seconds
[2026-05-18T07:20:43.740+0000] {processor.py:186} INFO - Started process (PID=17743) to work on /home/noelsdavid/airflow_venv/lib/python3.12/site-packages/airflow/example_dags/example_python_decorator.py
[2026-05-18T07:20:43.743+0000] {processor.py:914} INFO - Processing file /home/noelsdavid/airflow_venv/lib/python3.12/site-packages/airflow/example_dags/example_python_decorator.py for tasks to queue
[2026-05-18T07:20:43.745+0000] {logging_mixin.py:190} INFO - [2026-05-18T07:20:43.744+0000] {dagbag.py:588} INFO - Filling up the DagBag from /home/noelsdavid/airflow_venv/lib/python3.12/site-packages/airflow/example_dags/example_python_decorator.py
[2026-05-18T07:20:43.767+0000] {processor.py:925} INFO - DAG(s) 'example_python_decorator' retrieved from /home/noelsdavid/airflow_venv/lib/python3.12/site-packages/airflow/example_dags/example_python_decorator.py
[2026-05-18T07:20:43.792+0000] {logging_mixin.py:190} INFO - [2026-05-18T07:20:43.792+0000] {dag.py:3239} INFO - Sync 1 DAGs
[2026-05-18T07:20:43.809+0000] {logging_mixin.py:190} INFO - [2026-05-18T07:20:43.809+0000] {dag.py:4180} INFO - Setting next_dagrun for example_python_decorator to None, run_after=None
[2026-05-18T07:20:43.843+0000] {processor.py:208} INFO - Processing /home/noelsdavid/airflow_venv/lib/python3.12/site-packages/airflow/example_dags/example_python_decorator.py took 0.112 seconds
[2026-05-18T07:21:53.079+0000] {processor.py:186} INFO - Started process (PID=17825) to work on /home/noelsdavid/airflow_venv/lib/python3.12/site-packages/airflow/example_dags/example_python_decorator.py
[2026-05-18T07:21:53.083+0000] {processor.py:914} INFO - Processing file /home/noelsdavid/airflow_venv/lib/python3.12/site-packages/airflow/example_dags/example_python_decorator.py for tasks to queue
[2026-05-18T07:21:53.085+0000] {logging_mixin.py:190} INFO - [2026-05-18T07:21:53.084+0000] {dagbag.py:588} INFO - Filling up the DagBag from /home/noelsdavid/airflow_venv/lib/python3.12/site-packages/airflow/example_dags/example_python_decorator.py
[2026-05-18T07:21:53.106+0000] {processor.py:925} INFO - DAG(s) 'example_python_decorator' retrieved from /home/noelsdavid/airflow_venv/lib/python3.12/site-packages/airflow/example_dags/example_python_decorator.py
[2026-05-18T07:21:53.136+0000] {logging_mixin.py:190} INFO - [2026-05-18T07:21:53.136+0000] {dag.py:3239} INFO - Sync 1 DAGs
[2026-05-18T07:21:53.157+0000] {logging_mixin.py:190} INFO - [2026-05-18T07:21:53.156+0000] {dag.py:4180} INFO - Setting next_dagrun for example_python_decorator to None, run_after=None
[2026-05-18T07:21:53.198+0000] {processor.py:208} INFO - Processing /home/noelsdavid/airflow_venv/lib/python3.12/site-packages/airflow/example_dags/example_python_decorator.py took 0.128 seconds
[2026-05-18T07:23:09.120+0000] {processor.py:186} INFO - Started process (PID=17905) to work on /home/noelsdavid/airflow_venv/lib/python3.12/site-packages/airflow/example_dags/example_python_decorator.py
[2026-05-18T07:23:09.123+0000] {processor.py:914} INFO - Processing file /home/noelsdavid/airflow_venv/lib/python3.12/site-packages/airflow/example_dags/example_python_decorator.py for tasks to queue
[2026-05-18T07:23:09.125+0000] {logging_mixin.py:190} INFO - [2026-05-18T07:23:09.125+0000] {dagbag.py:588} INFO - Filling up the DagBag from /home/noelsdavid/airflow_venv/lib/python3.12/site-packages/airflow/example_dags/example_python_decorator.py
[2026-05-18T07:23:09.149+0000] {processor.py:925} INFO - DAG(s) 'example_python_decorator' retrieved from /home/noelsdavid/airflow_venv/lib/python3.12/site-packages/airflow/example_dags/example_python_decorator.py
[2026-05-18T07:23:09.177+0000] {logging_mixin.py:190} INFO - [2026-05-18T07:23:09.177+0000] {dag.py:3239} INFO - Sync 1 DAGs
[2026-05-18T07:23:09.195+0000] {logging_mixin.py:190} INFO - [2026-05-18T07:23:09.195+0000] {dag.py:4180} INFO - Setting next_dagrun for example_python_decorator to None, run_after=None
[2026-05-18T07:23:09.233+0000] {processor.py:208} INFO - Processing /home/noelsdavid/airflow_venv/lib/python3.12/site-packages/airflow/example_dags/example_python_decorator.py took 0.122 seconds
[2026-05-18T07:24:23.976+0000] {processor.py:186} INFO - Started process (PID=17985) to work on /home/noelsdavid/airflow_venv/lib/python3.12/site-packages/airflow/example_dags/example_python_decorator.py
[2026-05-18T07:24:23.990+0000] {processor.py:914} INFO - Processing file /home/noelsdavid/airflow_venv/lib/python3.12/site-packages/airflow/example_dags/example_python_decorator.py for tasks to queue
[2026-05-18T07:24:23.992+0000] {logging_mixin.py:190} INFO - [2026-05-18T07:24:23.991+0000] {dagbag.py:588} INFO - Filling up the DagBag from /home/noelsdavid/airflow_venv/lib/python3.12/site-packages/airflow/example_dags/example_python_decorator.py
[2026-05-18T07:24:24.014+0000] {processor.py:925} INFO - DAG(s) 'example_python_decorator' retrieved from /home/noelsdavid/airflow_venv/lib/python3.12/site-packages/airflow/example_dags/example_python_decorator.py
[2026-05-18T07:24:24.040+0000] {logging_mixin.py:190} INFO - [2026-05-18T07:24:24.040+0000] {dag.py:3239} INFO - Sync 1 DAGs
[2026-05-18T07:24:24.058+0000] {logging_mixin.py:190} INFO - [2026-05-18T07:24:24.057+0000] {dag.py:4180} INFO - Setting next_dagrun for example_python_decorator to None, run_after=None
[2026-05-18T07:24:24.093+0000] {processor.py:208} INFO - Processing /home/noelsdavid/airflow_venv/lib/python3.12/site-packages/airflow/example_dags/example_python_decorator.py took 0.127 seconds
[2026-05-18T07:25:33.409+0000] {processor.py:186} INFO - Started process (PID=18085) to work on /home/noelsdavid/airflow_venv/lib/python3.12/site-packages/airflow/example_dags/example_python_decorator.py
[2026-05-18T07:25:33.412+0000] {processor.py:914} INFO - Processing file /home/noelsdavid/airflow_venv/lib/python3.12/site-packages/airflow/example_dags/example_python_decorator.py for tasks to queue
[2026-05-18T07:25:33.414+0000] {logging_mixin.py:190} INFO - [2026-05-18T07:25:33.413+0000] {dagbag.py:588} INFO - Filling up the DagBag from /home/noelsdavid/airflow_venv/lib/python3.12/site-packages/airflow/example_dags/example_python_decorator.py
[2026-05-18T07:25:33.435+0000] {processor.py:925} INFO - DAG(s) 'example_python_decorator' retrieved from /home/noelsdavid/airflow_venv/lib/python3.12/site-packages/airflow/example_dags/example_python_decorator.py
[2026-05-18T07:25:33.461+0000] {logging_mixin.py:190} INFO - [2026-05-18T07:25:33.460+0000] {dag.py:3239} INFO - Sync 1 DAGs
[2026-05-18T07:25:33.478+0000] {logging_mixin.py:190} INFO - [2026-05-18T07:25:33.478+0000] {dag.py:4180} INFO - Setting next_dagrun for example_python_decorator to None, run_after=None
[2026-05-18T07:25:33.514+0000] {processor.py:208} INFO - Processing /home/noelsdavid/airflow_venv/lib/python3.12/site-packages/airflow/example_dags/example_python_decorator.py took 0.114 seconds
[2026-05-18T07:26:38.188+0000] {processor.py:186} INFO - Started process (PID=18157) to work on /home/noelsdavid/airflow_venv/lib/python3.12/site-packages/airflow/example_dags/example_python_decorator.py
[2026-05-18T07:26:38.190+0000] {processor.py:914} INFO - Processing file /home/noelsdavid/airflow_venv/lib/python3.12/site-packages/airflow/example_dags/example_python_decorator.py for tasks to queue
[2026-05-18T07:26:38.193+0000] {logging_mixin.py:190} INFO - [2026-05-18T07:26:38.192+0000] {dagbag.py:588} INFO - Filling up the DagBag from /home/noelsdavid/airflow_venv/lib/python3.12/site-packages/airflow/example_dags/example_python_decorator.py
[2026-05-18T07:26:38.214+0000] {processor.py:925} INFO - DAG(s) 'example_python_decorator' retrieved from /home/noelsdavid/airflow_venv/lib/python3.12/site-packages/airflow/example_dags/example_python_decorator.py
[2026-05-18T07:26:38.241+0000] {logging_mixin.py:190} INFO - [2026-05-18T07:26:38.241+0000] {dag.py:3239} INFO - Sync 1 DAGs
[2026-05-18T07:26:38.259+0000] {logging_mixin.py:190} INFO - [2026-05-18T07:26:38.259+0000] {dag.py:4180} INFO - Setting next_dagrun for example_python_decorator to None, run_after=None
[2026-05-18T07:26:38.297+0000] {processor.py:208} INFO - Processing /home/noelsdavid/airflow_venv/lib/python3.12/site-packages/airflow/example_dags/example_python_decorator.py took 0.119 seconds
[2026-05-18T07:27:51.208+0000] {processor.py:186} INFO - Started process (PID=18235) to work on /home/noelsdavid/airflow_venv/lib/python3.12/site-packages/airflow/example_dags/example_python_decorator.py
[2026-05-18T07:27:51.212+0000] {processor.py:914} INFO - Processing file /home/noelsdavid/airflow_venv/lib/python3.12/site-packages/airflow/example_dags/example_python_decorator.py for tasks to queue
[2026-05-18T07:27:51.214+0000] {logging_mixin.py:190} INFO - [2026-05-18T07:27:51.213+0000] {dagbag.py:588} INFO - Filling up the DagBag from /home/noelsdavid/airflow_venv/lib/python3.12/site-packages/airflow/example_dags/example_python_decorator.py
[2026-05-18T07:27:51.242+0000] {processor.py:925} INFO - DAG(s) 'example_python_decorator' retrieved from /home/noelsdavid/airflow_venv/lib/python3.12/site-packages/airflow/example_dags/example_python_decorator.py
[2026-05-18T07:27:51.276+0000] {logging_mixin.py:190} INFO - [2026-05-18T07:27:51.275+0000] {dag.py:3239} INFO - Sync 1 DAGs
[2026-05-18T07:27:51.300+0000] {logging_mixin.py:190} INFO - [2026-05-18T07:27:51.300+0000] {dag.py:4180} INFO - Setting next_dagrun for example_python_decorator to None, run_after=None
[2026-05-18T07:27:51.345+0000] {processor.py:208} INFO - Processing /home/noelsdavid/airflow_venv/lib/python3.12/site-packages/airflow/example_dags/example_python_decorator.py took 0.150 seconds
[2026-05-18T07:29:01.288+0000] {processor.py:186} INFO - Started process (PID=18312) to work on /home/noelsdavid/airflow_venv/lib/python3.12/site-packages/airflow/example_dags/example_python_decorator.py
[2026-05-18T07:29:01.308+0000] {processor.py:914} INFO - Processing file /home/noelsdavid/airflow_venv/lib/python3.12/site-packages/airflow/example_dags/example_python_decorator.py for tasks to queue
[2026-05-18T07:29:01.310+0000] {logging_mixin.py:190} INFO - [2026-05-18T07:29:01.309+0000] {dagbag.py:588} INFO - Filling up the DagBag from /home/noelsdavid/airflow_venv/lib/python3.12/site-packages/airflow/example_dags/example_python_decorator.py
[2026-05-18T07:29:01.333+0000] {processor.py:925} INFO - DAG(s) 'example_python_decorator' retrieved from /home/noelsdavid/airflow_venv/lib/python3.12/site-packages/airflow/example_dags/example_python_decorator.py
[2026-05-18T07:29:01.360+0000] {logging_mixin.py:190} INFO - [2026-05-18T07:29:01.360+0000] {dag.py:3239} INFO - Sync 1 DAGs
[2026-05-18T07:29:01.380+0000] {logging_mixin.py:190} INFO - [2026-05-18T07:29:01.380+0000] {dag.py:4180} INFO - Setting next_dagrun for example_python_decorator to None, run_after=None
[2026-05-18T07:29:01.414+0000] {processor.py:208} INFO - Processing /home/noelsdavid/airflow_venv/lib/python3.12/site-packages/airflow/example_dags/example_python_decorator.py took 0.135 seconds
[2026-05-18T07:30:11.917+0000] {processor.py:186} INFO - Started process (PID=18398) to work on /home/noelsdavid/airflow_venv/lib/python3.12/site-packages/airflow/example_dags/example_python_decorator.py
[2026-05-18T07:30:11.920+0000] {processor.py:914} INFO - Processing file /home/noelsdavid/airflow_venv/lib/python3.12/site-packages/airflow/example_dags/example_python_decorator.py for tasks to queue
[2026-05-18T07:30:11.922+0000] {logging_mixin.py:190} INFO - [2026-05-18T07:30:11.921+0000] {dagbag.py:588} INFO - Filling up the DagBag from /home/noelsdavid/airflow_venv/lib/python3.12/site-packages/airflow/example_dags/example_python_decorator.py
[2026-05-18T07:30:11.945+0000] {processor.py:925} INFO - DAG(s) 'example_python_decorator' retrieved from /home/noelsdavid/airflow_venv/lib/python3.12/site-packages/airflow/example_dags/example_python_decorator.py
[2026-05-18T07:30:11.976+0000] {logging_mixin.py:190} INFO - [2026-05-18T07:30:11.976+0000] {dag.py:3239} INFO - Sync 1 DAGs
[2026-05-18T07:30:11.995+0000] {logging_mixin.py:190} INFO - [2026-05-18T07:30:11.995+0000] {dag.py:4180} INFO - Setting next_dagrun for example_python_decorator to None, run_after=None
[2026-05-18T07:30:12.030+0000] {processor.py:208} INFO - Processing /home/noelsdavid/airflow_venv/lib/python3.12/site-packages/airflow/example_dags/example_python_decorator.py took 0.123 seconds
[2026-05-18T07:31:24.151+0000] {processor.py:186} INFO - Started process (PID=18500) to work on /home/noelsdavid/airflow_venv/lib/python3.12/site-packages/airflow/example_dags/example_python_decorator.py
[2026-05-18T07:31:24.154+0000] {processor.py:914} INFO - Processing file /home/noelsdavid/airflow_venv/lib/python3.12/site-packages/airflow/example_dags/example_python_decorator.py for tasks to queue
[2026-05-18T07:31:24.156+0000] {logging_mixin.py:190} INFO - [2026-05-18T07:31:24.155+0000] {dagbag.py:588} INFO - Filling up the DagBag from /home/noelsdavid/airflow_venv/lib/python3.12/site-packages/airflow/example_dags/example_python_decorator.py
[2026-05-18T07:31:24.180+0000] {processor.py:925} INFO - DAG(s) 'example_python_decorator' retrieved from /home/noelsdavid/airflow_venv/lib/python3.12/site-packages/airflow/example_dags/example_python_decorator.py
[2026-05-18T07:31:24.207+0000] {logging_mixin.py:190} INFO - [2026-05-18T07:31:24.207+0000] {dag.py:3239} INFO - Sync 1 DAGs
[2026-05-18T07:31:24.225+0000] {logging_mixin.py:190} INFO - [2026-05-18T07:31:24.224+0000] {dag.py:4180} INFO - Setting next_dagrun for example_python_decorator to None, run_after=None
[2026-05-18T07:31:24.257+0000] {processor.py:208} INFO - Processing /home/noelsdavid/airflow_venv/lib/python3.12/site-packages/airflow/example_dags/example_python_decorator.py took 0.115 seconds
[2026-05-18T07:32:34.217+0000] {processor.py:186} INFO - Started process (PID=18578) to work on /home/noelsdavid/airflow_venv/lib/python3.12/site-packages/airflow/example_dags/example_python_decorator.py
[2026-05-18T07:32:34.220+0000] {processor.py:914} INFO - Processing file /home/noelsdavid/airflow_venv/lib/python3.12/site-packages/airflow/example_dags/example_python_decorator.py for tasks to queue
[2026-05-18T07:32:34.222+0000] {logging_mixin.py:190} INFO - [2026-05-18T07:32:34.221+0000] {dagbag.py:588} INFO - Filling up the DagBag from /home/noelsdavid/airflow_venv/lib/python3.12/site-packages/airflow/example_dags/example_python_decorator.py
[2026-05-18T07:32:34.243+0000] {processor.py:925} INFO - DAG(s) 'example_python_decorator' retrieved from /home/noelsdavid/airflow_venv/lib/python3.12/site-packages/airflow/example_dags/example_python_decorator.py
[2026-05-18T07:32:34.268+0000] {logging_mixin.py:190} INFO - [2026-05-18T07:32:34.268+0000] {dag.py:3239} INFO - Sync 1 DAGs
[2026-05-18T07:32:34.285+0000] {logging_mixin.py:190} INFO - [2026-05-18T07:32:34.284+0000] {dag.py:4180} INFO - Setting next_dagrun for example_python_decorator to None, run_after=None
[2026-05-18T07:32:34.317+0000] {processor.py:208} INFO - Processing /home/noelsdavid/airflow_venv/lib/python3.12/site-packages/airflow/example_dags/example_python_decorator.py took 0.110 seconds
[2026-05-18T07:33:42.386+0000] {processor.py:186} INFO - Started process (PID=18654) to work on /home/noelsdavid/airflow_venv/lib/python3.12/site-packages/airflow/example_dags/example_python_decorator.py
[2026-05-18T07:33:42.389+0000] {processor.py:914} INFO - Processing file /home/noelsdavid/airflow_venv/lib/python3.12/site-packages/airflow/example_dags/example_python_decorator.py for tasks to queue
[2026-05-18T07:33:42.391+0000] {logging_mixin.py:190} INFO - [2026-05-18T07:33:42.390+0000] {dagbag.py:588} INFO - Filling up the DagBag from /home/noelsdavid/airflow_venv/lib/python3.12/site-packages/airflow/example_dags/example_python_decorator.py
[2026-05-18T07:33:42.413+0000] {processor.py:925} INFO - DAG(s) 'example_python_decorator' retrieved from /home/noelsdavid/airflow_venv/lib/python3.12/site-packages/airflow/example_dags/example_python_decorator.py
[2026-05-18T07:33:42.439+0000] {logging_mixin.py:190} INFO - [2026-05-18T07:33:42.439+0000] {dag.py:3239} INFO - Sync 1 DAGs
[2026-05-18T07:33:42.456+0000] {logging_mixin.py:190} INFO - [2026-05-18T07:33:42.456+0000] {dag.py:4180} INFO - Setting next_dagrun for example_python_decorator to None, run_after=None
[2026-05-18T07:33:42.487+0000] {processor.py:208} INFO - Processing /home/noelsdavid/airflow_venv/lib/python3.12/site-packages/airflow/example_dags/example_python_decorator.py took 0.110 seconds
[2026-05-18T07:34:54.366+0000] {processor.py:186} INFO - Started process (PID=18731) to work on /home/noelsdavid/airflow_venv/lib/python3.12/site-packages/airflow/example_dags/example_python_decorator.py
[2026-05-18T07:34:54.368+0000] {processor.py:914} INFO - Processing file /home/noelsdavid/airflow_venv/lib/python3.12/site-packages/airflow/example_dags/example_python_decorator.py for tasks to queue
[2026-05-18T07:34:54.370+0000] {logging_mixin.py:190} INFO - [2026-05-18T07:34:54.369+0000] {dagbag.py:588} INFO - Filling up the DagBag from /home/noelsdavid/airflow_venv/lib/python3.12/site-packages/airflow/example_dags/example_python_decorator.py
[2026-05-18T07:34:54.392+0000] {processor.py:925} INFO - DAG(s) 'example_python_decorator' retrieved from /home/noelsdavid/airflow_venv/lib/python3.12/site-packages/airflow/example_dags/example_python_decorator.py
[2026-05-18T07:34:54.417+0000] {logging_mixin.py:190} INFO - [2026-05-18T07:34:54.416+0000] {dag.py:3239} INFO - Sync 1 DAGs
[2026-05-18T07:34:54.435+0000] {logging_mixin.py:190} INFO - [2026-05-18T07:34:54.435+0000] {dag.py:4180} INFO - Setting next_dagrun for example_python_decorator to None, run_after=None
[2026-05-18T07:34:54.468+0000] {processor.py:208} INFO - Processing /home/noelsdavid/airflow_venv/lib/python3.12/site-packages/airflow/example_dags/example_python_decorator.py took 0.113 seconds
[2026-05-18T07:36:05.918+0000] {processor.py:186} INFO - Started process (PID=18833) to work on /home/noelsdavid/airflow_venv/lib/python3.12/site-packages/airflow/example_dags/example_python_decorator.py
[2026-05-18T07:36:05.921+0000] {processor.py:914} INFO - Processing file /home/noelsdavid/airflow_venv/lib/python3.12/site-packages/airflow/example_dags/example_python_decorator.py for tasks to queue
[2026-05-18T07:36:05.923+0000] {logging_mixin.py:190} INFO - [2026-05-18T07:36:05.923+0000] {dagbag.py:588} INFO - Filling up the DagBag from /home/noelsdavid/airflow_venv/lib/python3.12/site-packages/airflow/example_dags/example_python_decorator.py
[2026-05-18T07:36:05.945+0000] {processor.py:925} INFO - DAG(s) 'example_python_decorator' retrieved from /home/noelsdavid/airflow_venv/lib/python3.12/site-packages/airflow/example_dags/example_python_decorator.py
[2026-05-18T07:36:05.970+0000] {logging_mixin.py:190} INFO - [2026-05-18T07:36:05.969+0000] {dag.py:3239} INFO - Sync 1 DAGs
[2026-05-18T07:36:05.988+0000] {logging_mixin.py:190} INFO - [2026-05-18T07:36:05.987+0000] {dag.py:4180} INFO - Setting next_dagrun for example_python_decorator to None, run_after=None
[2026-05-18T07:36:06.020+0000] {processor.py:208} INFO - Processing /home/noelsdavid/airflow_venv/lib/python3.12/site-packages/airflow/example_dags/example_python_decorator.py took 0.113 seconds
[2026-05-18T07:37:17.736+0000] {processor.py:186} INFO - Started process (PID=18908) to work on /home/noelsdavid/airflow_venv/lib/python3.12/site-packages/airflow/example_dags/example_python_decorator.py
[2026-05-18T07:37:17.739+0000] {processor.py:914} INFO - Processing file /home/noelsdavid/airflow_venv/lib/python3.12/site-packages/airflow/example_dags/example_python_decorator.py for tasks to queue
[2026-05-18T07:37:17.741+0000] {logging_mixin.py:190} INFO - [2026-05-18T07:37:17.740+0000] {dagbag.py:588} INFO - Filling up the DagBag from /home/noelsdavid/airflow_venv/lib/python3.12/site-packages/airflow/example_dags/example_python_decorator.py
[2026-05-18T07:37:17.763+0000] {processor.py:925} INFO - DAG(s) 'example_python_decorator' retrieved from /home/noelsdavid/airflow_venv/lib/python3.12/site-packages/airflow/example_dags/example_python_decorator.py
[2026-05-18T07:37:17.788+0000] {logging_mixin.py:190} INFO - [2026-05-18T07:37:17.787+0000] {dag.py:3239} INFO - Sync 1 DAGs
[2026-05-18T07:37:17.804+0000] {logging_mixin.py:190} INFO - [2026-05-18T07:37:17.804+0000] {dag.py:4180} INFO - Setting next_dagrun for example_python_decorator to None, run_after=None
[2026-05-18T07:37:17.836+0000] {processor.py:208} INFO - Processing /home/noelsdavid/airflow_venv/lib/python3.12/site-packages/airflow/example_dags/example_python_decorator.py took 0.109 seconds
[2026-05-18T07:38:27.718+0000] {processor.py:186} INFO - Started process (PID=18986) to work on /home/noelsdavid/airflow_venv/lib/python3.12/site-packages/airflow/example_dags/example_python_decorator.py
[2026-05-18T07:38:27.721+0000] {processor.py:914} INFO - Processing file /home/noelsdavid/airflow_venv/lib/python3.12/site-packages/airflow/example_dags/example_python_decorator.py for tasks to queue
[2026-05-18T07:38:27.723+0000] {logging_mixin.py:190} INFO - [2026-05-18T07:38:27.722+0000] {dagbag.py:588} INFO - Filling up the DagBag from /home/noelsdavid/airflow_venv/lib/python3.12/site-packages/airflow/example_dags/example_python_decorator.py
[2026-05-18T07:38:27.745+0000] {processor.py:925} INFO - DAG(s) 'example_python_decorator' retrieved from /home/noelsdavid/airflow_venv/lib/python3.12/site-packages/airflow/example_dags/example_python_decorator.py
[2026-05-18T07:38:27.771+0000] {logging_mixin.py:190} INFO - [2026-05-18T07:38:27.770+0000] {dag.py:3239} INFO - Sync 1 DAGs
[2026-05-18T07:38:27.788+0000] {logging_mixin.py:190} INFO - [2026-05-18T07:38:27.788+0000] {dag.py:4180} INFO - Setting next_dagrun for example_python_decorator to None, run_after=None
[2026-05-18T07:38:27.821+0000] {processor.py:208} INFO - Processing /home/noelsdavid/airflow_venv/lib/python3.12/site-packages/airflow/example_dags/example_python_decorator.py took 0.112 seconds
[2026-05-18T07:39:36.508+0000] {processor.py:186} INFO - Started process (PID=19063) to work on /home/noelsdavid/airflow_venv/lib/python3.12/site-packages/airflow/example_dags/example_python_decorator.py
[2026-05-18T07:39:36.511+0000] {processor.py:914} INFO - Processing file /home/noelsdavid/airflow_venv/lib/python3.12/site-packages/airflow/example_dags/example_python_decorator.py for tasks to queue
[2026-05-18T07:39:36.513+0000] {logging_mixin.py:190} INFO - [2026-05-18T07:39:36.512+0000] {dagbag.py:588} INFO - Filling up the DagBag from /home/noelsdavid/airflow_venv/lib/python3.12/site-packages/airflow/example_dags/example_python_decorator.py
[2026-05-18T07:39:36.534+0000] {processor.py:925} INFO - DAG(s) 'example_python_decorator' retrieved from /home/noelsdavid/airflow_venv/lib/python3.12/site-packages/airflow/example_dags/example_python_decorator.py
[2026-05-18T07:39:36.559+0000] {logging_mixin.py:190} INFO - [2026-05-18T07:39:36.559+0000] {dag.py:3239} INFO - Sync 1 DAGs
[2026-05-18T07:39:36.577+0000] {logging_mixin.py:190} INFO - [2026-05-18T07:39:36.577+0000] {dag.py:4180} INFO - Setting next_dagrun for example_python_decorator to None, run_after=None
[2026-05-18T07:39:36.611+0000] {processor.py:208} INFO - Processing /home/noelsdavid/airflow_venv/lib/python3.12/site-packages/airflow/example_dags/example_python_decorator.py took 0.112 seconds
                                                                                                                                                                                                                                                                                                                                                                                                                                                                                                                                                                                                                                                                                                                                                                                                                                                                                                                                                                                                                                                                                                                                                                                                                                                                                                                                                                                                                              