[2026-05-18T06:01:04.907+0000] {processor.py:186} INFO - Started process (PID=6938) to work on /home/noelsdavid/airflow_venv/lib/python3.12/site-packages/airflow/example_dags/example_display_name.py
[2026-05-18T06:01:04.908+0000] {processor.py:914} INFO - Processing file /home/noelsdavid/airflow_venv/lib/python3.12/site-packages/airflow/example_dags/example_display_name.py for tasks to queue
[2026-05-18T06:01:04.911+0000] {logging_mixin.py:190} INFO - [2026-05-18T06:01:04.910+0000] {dagbag.py:588} INFO - Filling up the DagBag from /home/noelsdavid/airflow_venv/lib/python3.12/site-packages/airflow/example_dags/example_display_name.py
[2026-05-18T06:01:04.921+0000] {processor.py:925} INFO - DAG(s) 'example_display_name' retrieved from /home/noelsdavid/airflow_venv/lib/python3.12/site-packages/airflow/example_dags/example_display_name.py
[2026-05-18T06:01:05.048+0000] {logging_mixin.py:190} INFO - [2026-05-18T06:01:05.047+0000] {override.py:1911} INFO - Created Permission View: can edit on DAG:example_display_name
[2026-05-18T06:01:05.064+0000] {logging_mixin.py:190} INFO - [2026-05-18T06:01:05.064+0000] {override.py:1911} INFO - Created Permission View: can delete on DAG:example_display_name
[2026-05-18T06:01:05.078+0000] {logging_mixin.py:190} INFO - [2026-05-18T06:01:05.078+0000] {override.py:1911} INFO - Created Permission View: can read on DAG:example_display_name
[2026-05-18T06:01:05.101+0000] {logging_mixin.py:190} INFO - [2026-05-18T06:01:05.100+0000] {override.py:1911} INFO - Created Permission View: can delete on DAG Run:example_display_name
[2026-05-18T06:01:05.115+0000] {logging_mixin.py:190} INFO - [2026-05-18T06:01:05.115+0000] {override.py:1911} INFO - Created Permission View: menu access on DAG Run:example_display_name
[2026-05-18T06:01:05.129+0000] {logging_mixin.py:190} INFO - [2026-05-18T06:01:05.128+0000] {override.py:1911} INFO - Created Permission View: can create on DAG Run:example_display_name
[2026-05-18T06:01:05.141+0000] {logging_mixin.py:190} INFO - [2026-05-18T06:01:05.141+0000] {override.py:1911} INFO - Created Permission View: can read on DAG Run:example_display_name
[2026-05-18T06:01:05.142+0000] {logging_mixin.py:190} INFO - [2026-05-18T06:01:05.142+0000] {dag.py:3239} INFO - Sync 1 DAGs
[2026-05-18T06:01:05.155+0000] {logging_mixin.py:190} INFO - [2026-05-18T06:01:05.155+0000] {dag.py:3262} INFO - Creating ORM DAG for example_display_name
[2026-05-18T06:01:05.156+0000] {logging_mixin.py:190} INFO - [2026-05-18T06:01:05.155+0000] {dag.py:4180} INFO - Setting next_dagrun for example_display_name to None, run_after=None
[2026-05-18T06:01:05.181+0000] {processor.py:208} INFO - Processing /home/noelsdavid/airflow_venv/lib/python3.12/site-packages/airflow/example_dags/example_display_name.py took 0.281 seconds
[2026-05-18T06:02:12.117+0000] {processor.py:186} INFO - Started process (PID=7002) to work on /home/noelsdavid/airflow_venv/lib/python3.12/site-packages/airflow/example_dags/example_display_name.py
[2026-05-18T06:02:12.119+0000] {processor.py:914} INFO - Processing file /home/noelsdavid/airflow_venv/lib/python3.12/site-packages/airflow/example_dags/example_display_name.py for tasks to queue
[2026-05-18T06:02:12.122+0000] {logging_mixin.py:190} INFO - [2026-05-18T06:02:12.122+0000] {dagbag.py:588} INFO - Filling up the DagBag from /home/noelsdavid/airflow_venv/lib/python3.12/site-packages/airflow/example_dags/example_display_name.py
[2026-05-18T06:02:12.134+0000] {processor.py:925} INFO - DAG(s) 'example_display_name' retrieved from /home/noelsdavid/airflow_venv/lib/python3.12/site-packages/airflow/example_dags/example_display_name.py
[2026-05-18T06:02:12.153+0000] {logging_mixin.py:190} INFO - [2026-05-18T06:02:12.153+0000] {dag.py:3239} INFO - Sync 1 DAGs
[2026-05-18T06:02:12.169+0000] {logging_mixin.py:190} INFO - [2026-05-18T06:02:12.169+0000] {dag.py:4180} INFO - Setting next_dagrun for example_display_name to None, run_after=None
[2026-05-18T06:02:12.200+0000] {processor.py:208} INFO - Processing /home/noelsdavid/airflow_venv/lib/python3.12/site-packages/airflow/example_dags/example_display_name.py took 0.090 seconds
[2026-05-18T06:03:12.850+0000] {processor.py:186} INFO - Started process (PID=7061) to work on /home/noelsdavid/airflow_venv/lib/python3.12/site-packages/airflow/example_dags/example_display_name.py
[2026-05-18T06:03:12.852+0000] {processor.py:914} INFO - Processing file /home/noelsdavid/airflow_venv/lib/python3.12/site-packages/airflow/example_dags/example_display_name.py for tasks to queue
[2026-05-18T06:03:12.855+0000] {logging_mixin.py:190} INFO - [2026-05-18T06:03:12.854+0000] {dagbag.py:588} INFO - Filling up the DagBag from /home/noelsdavid/airflow_venv/lib/python3.12/site-packages/airflow/example_dags/example_display_name.py
[2026-05-18T06:03:12.865+0000] {processor.py:925} INFO - DAG(s) 'example_display_name' retrieved from /home/noelsdavid/airflow_venv/lib/python3.12/site-packages/airflow/example_dags/example_display_name.py
[2026-05-18T06:03:12.884+0000] {logging_mixin.py:190} INFO - [2026-05-18T06:03:12.884+0000] {dag.py:3239} INFO - Sync 1 DAGs
[2026-05-18T06:03:12.899+0000] {logging_mixin.py:190} INFO - [2026-05-18T06:03:12.899+0000] {dag.py:4180} INFO - Setting next_dagrun for example_display_name to None, run_after=None
[2026-05-18T06:03:12.927+0000] {processor.py:208} INFO - Processing /home/noelsdavid/airflow_venv/lib/python3.12/site-packages/airflow/example_dags/example_display_name.py took 0.084 seconds
[2026-05-18T06:04:12.157+0000] {processor.py:186} INFO - Started process (PID=7121) to work on /home/noelsdavid/airflow_venv/lib/python3.12/site-packages/airflow/example_dags/example_display_name.py
[2026-05-18T06:04:12.160+0000] {processor.py:914} INFO - Processing file /home/noelsdavid/airflow_venv/lib/python3.12/site-packages/airflow/example_dags/example_display_name.py for tasks to queue
[2026-05-18T06:04:12.163+0000] {logging_mixin.py:190} INFO - [2026-05-18T06:04:12.162+0000] {dagbag.py:588} INFO - Filling up the DagBag from /home/noelsdavid/airflow_venv/lib/python3.12/site-packages/airflow/example_dags/example_display_name.py
[2026-05-18T06:04:12.175+0000] {processor.py:925} INFO - DAG(s) 'example_display_name' retrieved from /home/noelsdavid/airflow_venv/lib/python3.12/site-packages/airflow/example_dags/example_display_name.py
[2026-05-18T06:04:12.196+0000] {logging_mixin.py:190} INFO - [2026-05-18T06:04:12.195+0000] {dag.py:3239} INFO - Sync 1 DAGs
[2026-05-18T06:04:12.214+0000] {logging_mixin.py:190} INFO - [2026-05-18T06:04:12.213+0000] {dag.py:4180} INFO - Setting next_dagrun for example_display_name to None, run_after=None
[2026-05-18T06:04:12.246+0000] {processor.py:208} INFO - Processing /home/noelsdavid/airflow_venv/lib/python3.12/site-packages/airflow/example_dags/example_display_name.py took 0.097 seconds
[2026-05-18T06:05:16.756+0000] {processor.py:186} INFO - Started process (PID=7208) to work on /home/noelsdavid/airflow_venv/lib/python3.12/site-packages/airflow/example_dags/example_display_name.py
[2026-05-18T06:05:16.758+0000] {processor.py:914} INFO - Processing file /home/noelsdavid/airflow_venv/lib/python3.12/site-packages/airflow/example_dags/example_display_name.py for tasks to queue
[2026-05-18T06:05:16.761+0000] {logging_mixin.py:190} INFO - [2026-05-18T06:05:16.761+0000] {dagbag.py:588} INFO - Filling up the DagBag from /home/noelsdavid/airflow_venv/lib/python3.12/site-packages/airflow/example_dags/example_display_name.py
[2026-05-18T06:05:16.772+0000] {processor.py:925} INFO - DAG(s) 'example_display_name' retrieved from /home/noelsdavid/airflow_venv/lib/python3.12/site-packages/airflow/example_dags/example_display_name.py
[2026-05-18T06:05:16.792+0000] {logging_mixin.py:190} INFO - [2026-05-18T06:05:16.792+0000] {dag.py:3239} INFO - Sync 1 DAGs
[2026-05-18T06:05:16.973+0000] {logging_mixin.py:190} INFO - [2026-05-18T06:05:16.972+0000] {dag.py:4180} INFO - Setting next_dagrun for example_display_name to None, run_after=None
[2026-05-18T06:05:16.999+0000] {processor.py:208} INFO - Processing /home/noelsdavid/airflow_venv/lib/python3.12/site-packages/airflow/example_dags/example_display_name.py took 0.251 seconds
[2026-05-18T06:06:28.389+0000] {processor.py:186} INFO - Started process (PID=7274) to work on /home/noelsdavid/airflow_venv/lib/python3.12/site-packages/airflow/example_dags/example_display_name.py
[2026-05-18T06:06:28.395+0000] {processor.py:914} INFO - Processing file /home/noelsdavid/airflow_venv/lib/python3.12/site-packages/airflow/example_dags/example_display_name.py for tasks to queue
[2026-05-18T06:06:28.398+0000] {logging_mixin.py:190} INFO - [2026-05-18T06:06:28.397+0000] {dagbag.py:588} INFO - Filling up the DagBag from /home/noelsdavid/airflow_venv/lib/python3.12/site-packages/airflow/example_dags/example_display_name.py
[2026-05-18T06:06:28.409+0000] {processor.py:925} INFO - DAG(s) 'example_display_name' retrieved from /home/noelsdavid/airflow_venv/lib/python3.12/site-packages/airflow/example_dags/example_display_name.py
[2026-05-18T06:06:28.430+0000] {logging_mixin.py:190} INFO - [2026-05-18T06:06:28.430+0000] {dag.py:3239} INFO - Sync 1 DAGs
[2026-05-18T06:06:28.448+0000] {logging_mixin.py:190} INFO - [2026-05-18T06:06:28.447+0000] {dag.py:4180} INFO - Setting next_dagrun for example_display_name to None, run_after=None
[2026-05-18T06:06:28.479+0000] {processor.py:208} INFO - Processing /home/noelsdavid/airflow_venv/lib/python3.12/site-packages/airflow/example_dags/example_display_name.py took 0.098 seconds
[2026-05-18T06:07:24.735+0000] {processor.py:186} INFO - Started process (PID=7331) to work on /home/noelsdavid/airflow_venv/lib/python3.12/site-packages/airflow/example_dags/example_display_name.py
[2026-05-18T06:07:24.739+0000] {processor.py:914} INFO - Processing file /home/noelsdavid/airflow_venv/lib/python3.12/site-packages/airflow/example_dags/example_display_name.py for tasks to queue
[2026-05-18T06:07:24.743+0000] {logging_mixin.py:190} INFO - [2026-05-18T06:07:24.742+0000] {dagbag.py:588} INFO - Filling up the DagBag from /home/noelsdavid/airflow_venv/lib/python3.12/site-packages/airflow/example_dags/example_display_name.py
[2026-05-18T06:07:24.757+0000] {processor.py:925} INFO - DAG(s) 'example_display_name' retrieved from /home/noelsdavid/airflow_venv/lib/python3.12/site-packages/airflow/example_dags/example_display_name.py
[2026-05-18T06:07:24.778+0000] {logging_mixin.py:190} INFO - [2026-05-18T06:07:24.778+0000] {dag.py:3239} INFO - Sync 1 DAGs
[2026-05-18T06:07:24.795+0000] {logging_mixin.py:190} INFO - [2026-05-18T06:07:24.795+0000] {dag.py:4180} INFO - Setting next_dagrun for example_display_name to None, run_after=None
[2026-05-18T06:07:24.846+0000] {processor.py:208} INFO - Processing /home/noelsdavid/airflow_venv/lib/python3.12/site-packages/airflow/example_dags/example_display_name.py took 0.122 seconds
[2026-05-18T06:08:27.424+0000] {processor.py:186} INFO - Started process (PID=7390) to work on /home/noelsdavid/airflow_venv/lib/python3.12/site-packages/airflow/example_dags/example_display_name.py
[2026-05-18T06:08:27.426+0000] {processor.py:914} INFO - Processing file /home/noelsdavid/airflow_venv/lib/python3.12/site-packages/airflow/example_dags/example_display_name.py for tasks to queue
[2026-05-18T06:08:27.429+0000] {logging_mixin.py:190} INFO - [2026-05-18T06:08:27.429+0000] {dagbag.py:588} INFO - Filling up the DagBag from /home/noelsdavid/airflow_venv/lib/python3.12/site-packages/airflow/example_dags/example_display_name.py
[2026-05-18T06:08:27.441+0000] {processor.py:925} INFO - DAG(s) 'example_display_name' retrieved from /home/noelsdavid/airflow_venv/lib/python3.12/site-packages/airflow/example_dags/example_display_name.py
[2026-05-18T06:08:27.463+0000] {logging_mixin.py:190} INFO - [2026-05-18T06:08:27.463+0000] {dag.py:3239} INFO - Sync 1 DAGs
[2026-05-18T06:08:27.479+0000] {logging_mixin.py:190} INFO - [2026-05-18T06:08:27.479+0000] {dag.py:4180} INFO - Setting next_dagrun for example_display_name to None, run_after=None
[2026-05-18T06:08:27.512+0000] {processor.py:208} INFO - Processing /home/noelsdavid/airflow_venv/lib/python3.12/site-packages/airflow/example_dags/example_display_name.py took 0.096 seconds
[2026-05-18T06:09:32.152+0000] {processor.py:186} INFO - Started process (PID=7452) to work on /home/noelsdavid/airflow_venv/lib/python3.12/site-packages/airflow/example_dags/example_display_name.py
[2026-05-18T06:09:32.155+0000] {processor.py:914} INFO - Processing file /home/noelsdavid/airflow_venv/lib/python3.12/site-packages/airflow/example_dags/example_display_name.py for tasks to queue
[2026-05-18T06:09:32.158+0000] {logging_mixin.py:190} INFO - [2026-05-18T06:09:32.158+0000] {dagbag.py:588} INFO - Filling up the DagBag from /home/noelsdavid/airflow_venv/lib/python3.12/site-packages/airflow/example_dags/example_display_name.py
[2026-05-18T06:09:32.171+0000] {processor.py:925} INFO - DAG(s) 'example_display_name' retrieved from /home/noelsdavid/airflow_venv/lib/python3.12/site-packages/airflow/example_dags/example_display_name.py
[2026-05-18T06:09:32.196+0000] {logging_mixin.py:190} INFO - [2026-05-18T06:09:32.195+0000] {dag.py:3239} INFO - Sync 1 DAGs
[2026-05-18T06:09:32.213+0000] {logging_mixin.py:190} INFO - [2026-05-18T06:09:32.213+0000] {dag.py:4180} INFO - Setting next_dagrun for example_display_name to None, run_after=None
[2026-05-18T06:09:32.250+0000] {processor.py:208} INFO - Processing /home/noelsdavid/airflow_venv/lib/python3.12/site-packages/airflow/example_dags/example_display_name.py took 0.105 seconds
[2026-05-18T06:10:33.160+0000] {processor.py:186} INFO - Started process (PID=7537) to work on /home/noelsdavid/airflow_venv/lib/python3.12/site-packages/airflow/example_dags/example_display_name.py
[2026-05-18T06:10:33.163+0000] {processor.py:914} INFO - Processing file /home/noelsdavid/airflow_venv/lib/python3.12/site-packages/airflow/example_dags/example_display_name.py for tasks to queue
[2026-05-18T06:10:33.166+0000] {logging_mixin.py:190} INFO - [2026-05-18T06:10:33.165+0000] {dagbag.py:588} INFO - Filling up the DagBag from /home/noelsdavid/airflow_venv/lib/python3.12/site-packages/airflow/example_dags/example_display_name.py
[2026-05-18T06:10:33.178+0000] {processor.py:925} INFO - DAG(s) 'example_display_name' retrieved from /home/noelsdavid/airflow_venv/lib/python3.12/site-packages/airflow/example_dags/example_display_name.py
[2026-05-18T06:10:33.199+0000] {logging_mixin.py:190} INFO - [2026-05-18T06:10:33.198+0000] {dag.py:3239} INFO - Sync 1 DAGs
[2026-05-18T06:10:33.216+0000] {logging_mixin.py:190} INFO - [2026-05-18T06:10:33.215+0000] {dag.py:4180} INFO - Setting next_dagrun for example_display_name to None, run_after=None
[2026-05-18T06:10:33.247+0000] {processor.py:208} INFO - Processing /home/noelsdavid/airflow_venv/lib/python3.12/site-packages/airflow/example_dags/example_display_name.py took 0.095 seconds
[2026-05-18T06:11:33.820+0000] {processor.py:186} INFO - Started process (PID=7596) to work on /home/noelsdavid/airflow_venv/lib/python3.12/site-packages/airflow/example_dags/example_display_name.py
[2026-05-18T06:11:33.822+0000] {processor.py:914} INFO - Processing file /home/noelsdavid/airflow_venv/lib/python3.12/site-packages/airflow/example_dags/example_display_name.py for tasks to queue
[2026-05-18T06:11:33.825+0000] {logging_mixin.py:190} INFO - [2026-05-18T06:11:33.825+0000] {dagbag.py:588} INFO - Filling up the DagBag from /home/noelsdavid/airflow_venv/lib/python3.12/site-packages/airflow/example_dags/example_display_name.py
[2026-05-18T06:11:33.837+0000] {processor.py:925} INFO - DAG(s) 'example_display_name' retrieved from /home/noelsdavid/airflow_venv/lib/python3.12/site-packages/airflow/example_dags/example_display_name.py
[2026-05-18T06:11:33.858+0000] {logging_mixin.py:190} INFO - [2026-05-18T06:11:33.858+0000] {dag.py:3239} INFO - Sync 1 DAGs
[2026-05-18T06:11:33.877+0000] {logging_mixin.py:190} INFO - [2026-05-18T06:11:33.876+0000] {dag.py:4180} INFO - Setting next_dagrun for example_display_name to None, run_after=None
[2026-05-18T06:11:33.907+0000] {processor.py:208} INFO - Processing /home/noelsdavid/airflow_venv/lib/python3.12/site-packages/airflow/example_dags/example_display_name.py took 0.096 seconds
[2026-05-18T06:12:31.506+0000] {processor.py:186} INFO - Started process (PID=7653) to work on /home/noelsdavid/airflow_venv/lib/python3.12/site-packages/airflow/example_dags/example_display_name.py
[2026-05-18T06:12:31.522+0000] {processor.py:914} INFO - Processing file /home/noelsdavid/airflow_venv/lib/python3.12/site-packages/airflow/example_dags/example_display_name.py for tasks to queue
[2026-05-18T06:12:31.525+0000] {logging_mixin.py:190} INFO - [2026-05-18T06:12:31.524+0000] {dagbag.py:588} INFO - Filling up the DagBag from /home/noelsdavid/airflow_venv/lib/python3.12/site-packages/airflow/example_dags/example_display_name.py
[2026-05-18T06:12:31.537+0000] {processor.py:925} INFO - DAG(s) 'example_display_name' retrieved from /home/noelsdavid/airflow_venv/lib/python3.12/site-packages/airflow/example_dags/example_display_name.py
[2026-05-18T06:12:31.558+0000] {logging_mixin.py:190} INFO - [2026-05-18T06:12:31.557+0000] {dag.py:3239} INFO - Sync 1 DAGs
[2026-05-18T06:12:31.575+0000] {logging_mixin.py:190} INFO - [2026-05-18T06:12:31.575+0000] {dag.py:4180} INFO - Setting next_dagrun for example_display_name to None, run_after=None
[2026-05-18T06:12:31.606+0000] {processor.py:208} INFO - Processing /home/noelsdavid/airflow_venv/lib/python3.12/site-packages/airflow/example_dags/example_display_name.py took 0.109 seconds
[2026-05-18T06:13:32.509+0000] {processor.py:186} INFO - Started process (PID=7712) to work on /home/noelsdavid/airflow_venv/lib/python3.12/site-packages/airflow/example_dags/example_display_name.py
[2026-05-18T06:13:32.511+0000] {processor.py:914} INFO - Processing file /home/noelsdavid/airflow_venv/lib/python3.12/site-packages/airflow/example_dags/example_display_name.py for tasks to queue
[2026-05-18T06:13:32.515+0000] {logging_mixin.py:190} INFO - [2026-05-18T06:13:32.514+0000] {dagbag.py:588} INFO - Filling up the DagBag from /home/noelsdavid/airflow_venv/lib/python3.12/site-packages/airflow/example_dags/example_display_name.py
[2026-05-18T06:13:32.527+0000] {processor.py:925} INFO - DAG(s) 'example_display_name' retrieved from /home/noelsdavid/airflow_venv/lib/python3.12/site-packages/airflow/example_dags/example_display_name.py
[2026-05-18T06:13:32.549+0000] {logging_mixin.py:190} INFO - [2026-05-18T06:13:32.549+0000] {dag.py:3239} INFO - Sync 1 DAGs
[2026-05-18T06:13:32.568+0000] {logging_mixin.py:190} INFO - [2026-05-18T06:13:32.568+0000] {dag.py:4180} INFO - Setting next_dagrun for example_display_name to None, run_after=None
[2026-05-18T06:13:32.602+0000] {processor.py:208} INFO - Processing /home/noelsdavid/airflow_venv/lib/python3.12/site-packages/airflow/example_dags/example_display_name.py took 0.102 seconds
[2026-05-18T06:14:34.585+0000] {processor.py:186} INFO - Started process (PID=7772) to work on /home/noelsdavid/airflow_venv/lib/python3.12/site-packages/airflow/example_dags/example_display_name.py
[2026-05-18T06:14:34.588+0000] {processor.py:914} INFO - Processing file /home/noelsdavid/airflow_venv/lib/python3.12/site-packages/airflow/example_dags/example_display_name.py for tasks to queue
[2026-05-18T06:14:34.591+0000] {logging_mixin.py:190} INFO - [2026-05-18T06:14:34.591+0000] {dagbag.py:588} INFO - Filling up the DagBag from /home/noelsdavid/airflow_venv/lib/python3.12/site-packages/airflow/example_dags/example_display_name.py
[2026-05-18T06:14:34.603+0000] {processor.py:925} INFO - DAG(s) 'example_display_name' retrieved from /home/noelsdavid/airflow_venv/lib/python3.12/site-packages/airflow/example_dags/example_display_name.py
[2026-05-18T06:14:34.625+0000] {logging_mixin.py:190} INFO - [2026-05-18T06:14:34.625+0000] {dag.py:3239} INFO - Sync 1 DAGs
[2026-05-18T06:14:34.643+0000] {logging_mixin.py:190} INFO - [2026-05-18T06:14:34.642+0000] {dag.py:4180} INFO - Setting next_dagrun for example_display_name to None, run_after=None
[2026-05-18T06:14:34.675+0000] {processor.py:208} INFO - Processing /home/noelsdavid/airflow_venv/lib/python3.12/site-packages/airflow/example_dags/example_display_name.py took 0.098 seconds
[2026-05-18T06:15:37.397+0000] {processor.py:186} INFO - Started process (PID=7918) to work on /home/noelsdavid/airflow_venv/lib/python3.12/site-packages/airflow/example_dags/example_display_name.py
[2026-05-18T06:15:37.400+0000] {processor.py:914} INFO - Processing file /home/noelsdavid/airflow_venv/lib/python3.12/site-packages/airflow/example_dags/example_display_name.py for tasks to queue
[2026-05-18T06:15:37.403+0000] {logging_mixin.py:190} INFO - [2026-05-18T06:15:37.402+0000] {dagbag.py:588} INFO - Filling up the DagBag from /home/noelsdavid/airflow_venv/lib/python3.12/site-packages/airflow/example_dags/example_display_name.py
[2026-05-18T06:15:37.416+0000] {processor.py:925} INFO - DAG(s) 'example_display_name' retrieved from /home/noelsdavid/airflow_venv/lib/python3.12/site-packages/airflow/example_dags/example_display_name.py
[2026-05-18T06:15:37.438+0000] {logging_mixin.py:190} INFO - [2026-05-18T06:15:37.438+0000] {dag.py:3239} INFO - Sync 1 DAGs
[2026-05-18T06:15:37.455+0000] {logging_mixin.py:190} INFO - [2026-05-18T06:15:37.455+0000] {dag.py:4180} INFO - Setting next_dagrun for example_display_name to None, run_after=None
[2026-05-18T06:15:37.490+0000] {processor.py:208} INFO - Processing /home/noelsdavid/airflow_venv/lib/python3.12/site-packages/airflow/example_dags/example_display_name.py took 0.101 seconds
[2026-05-18T06:16:40.484+0000] {processor.py:186} INFO - Started process (PID=8059) to work on /home/noelsdavid/airflow_venv/lib/python3.12/site-packages/airflow/example_dags/example_display_name.py
[2026-05-18T06:16:40.486+0000] {processor.py:914} INFO - Processing file /home/noelsdavid/airflow_venv/lib/python3.12/site-packages/airflow/example_dags/example_display_name.py for tasks to queue
[2026-05-18T06:16:40.489+0000] {logging_mixin.py:190} INFO - [2026-05-18T06:16:40.488+0000] {dagbag.py:588} INFO - Filling up the DagBag from /home/noelsdavid/airflow_venv/lib/python3.12/site-packages/airflow/example_dags/example_display_name.py
[2026-05-18T06:16:40.501+0000] {processor.py:925} INFO - DAG(s) 'example_display_name' retrieved from /home/noelsdavid/airflow_venv/lib/python3.12/site-packages/airflow/example_dags/example_display_name.py
[2026-05-18T06:16:40.522+0000] {logging_mixin.py:190} INFO - [2026-05-18T06:16:40.521+0000] {dag.py:3239} INFO - Sync 1 DAGs
[2026-05-18T06:16:40.539+0000] {logging_mixin.py:190} INFO - [2026-05-18T06:16:40.539+0000] {dag.py:4180} INFO - Setting next_dagrun for example_display_name to None, run_after=None
[2026-05-18T06:16:40.570+0000] {processor.py:208} INFO - Processing /home/noelsdavid/airflow_venv/lib/python3.12/site-packages/airflow/example_dags/example_display_name.py took 0.095 seconds
[2026-05-18T06:17:43.796+0000] {processor.py:186} INFO - Started process (PID=8373) to work on /home/noelsdavid/airflow_venv/lib/python3.12/site-packages/airflow/example_dags/example_display_name.py
[2026-05-18T06:17:43.798+0000] {processor.py:914} INFO - Processing file /home/noelsdavid/airflow_venv/lib/python3.12/site-packages/airflow/example_dags/example_display_name.py for tasks to queue
[2026-05-18T06:17:43.801+0000] {logging_mixin.py:190} INFO - [2026-05-18T06:17:43.801+0000] {dagbag.py:588} INFO - Filling up the DagBag from /home/noelsdavid/airflow_venv/lib/python3.12/site-packages/airflow/example_dags/example_display_name.py
[2026-05-18T06:17:43.813+0000] {processor.py:925} INFO - DAG(s) 'example_display_name' retrieved from /home/noelsdavid/airflow_venv/lib/python3.12/site-packages/airflow/example_dags/example_display_name.py
[2026-05-18T06:17:43.833+0000] {logging_mixin.py:190} INFO - [2026-05-18T06:17:43.833+0000] {dag.py:3239} INFO - Sync 1 DAGs
[2026-05-18T06:17:43.849+0000] {logging_mixin.py:190} INFO - [2026-05-18T06:17:43.849+0000] {dag.py:4180} INFO - Setting next_dagrun for example_display_name to None, run_after=None
[2026-05-18T06:17:43.878+0000] {processor.py:208} INFO - Processing /home/noelsdavid/airflow_venv/lib/python3.12/site-packages/airflow/example_dags/example_display_name.py took 0.090 seconds
[2026-05-18T06:18:42.346+0000] {processor.py:186} INFO - Started process (PID=8486) to work on /home/noelsdavid/airflow_venv/lib/python3.12/site-packages/airflow/example_dags/example_display_name.py
[2026-05-18T06:18:42.349+0000] {processor.py:914} INFO - Processing file /home/noelsdavid/airflow_venv/lib/python3.12/site-packages/airflow/example_dags/example_display_name.py for tasks to queue
[2026-05-18T06:18:42.352+0000] {logging_mixin.py:190} INFO - [2026-05-18T06:18:42.351+0000] {dagbag.py:588} INFO - Filling up the DagBag from /home/noelsdavid/airflow_venv/lib/python3.12/site-packages/airflow/example_dags/example_display_name.py
[2026-05-18T06:18:42.364+0000] {processor.py:925} INFO - DAG(s) 'example_display_name' retrieved from /home/noelsdavid/airflow_venv/lib/python3.12/site-packages/airflow/example_dags/example_display_name.py
[2026-05-18T06:18:42.384+0000] {logging_mixin.py:190} INFO - [2026-05-18T06:18:42.384+0000] {dag.py:3239} INFO - Sync 1 DAGs
[2026-05-18T06:18:42.401+0000] {logging_mixin.py:190} INFO - [2026-05-18T06:18:42.401+0000] {dag.py:4180} INFO - Setting next_dagrun for example_display_name to None, run_after=None
[2026-05-18T06:18:42.431+0000] {processor.py:208} INFO - Processing /home/noelsdavid/airflow_venv/lib/python3.12/site-packages/airflow/example_dags/example_display_name.py took 0.092 seconds
[2026-05-18T06:19:43.168+0000] {processor.py:186} INFO - Started process (PID=8545) to work on /home/noelsdavid/airflow_venv/lib/python3.12/site-packages/airflow/example_dags/example_display_name.py
[2026-05-18T06:19:43.186+0000] {processor.py:914} INFO - Processing file /home/noelsdavid/airflow_venv/lib/python3.12/site-packages/airflow/example_dags/example_display_name.py for tasks to queue
[2026-05-18T06:19:43.190+0000] {logging_mixin.py:190} INFO - [2026-05-18T06:19:43.189+0000] {dagbag.py:588} INFO - Filling up the DagBag from /home/noelsdavid/airflow_venv/lib/python3.12/site-packages/airflow/example_dags/example_display_name.py
[2026-05-18T06:19:43.202+0000] {processor.py:925} INFO - DAG(s) 'example_display_name' retrieved from /home/noelsdavid/airflow_venv/lib/python3.12/site-packages/airflow/example_dags/example_display_name.py
[2026-05-18T06:19:43.223+0000] {logging_mixin.py:190} INFO - [2026-05-18T06:19:43.223+0000] {dag.py:3239} INFO - Sync 1 DAGs
[2026-05-18T06:19:43.240+0000] {logging_mixin.py:190} INFO - [2026-05-18T06:19:43.240+0000] {dag.py:4180} INFO - Setting next_dagrun for example_display_name to None, run_after=None
[2026-05-18T06:19:43.269+0000] {processor.py:208} INFO - Processing /home/noelsdavid/airflow_venv/lib/python3.12/site-packages/airflow/example_dags/example_display_name.py took 0.109 seconds
[2026-05-18T06:20:46.036+0000] {processor.py:186} INFO - Started process (PID=8634) to work on /home/noelsdavid/airflow_venv/lib/python3.12/site-packages/airflow/example_dags/example_display_name.py
[2026-05-18T06:20:46.039+0000] {processor.py:914} INFO - Processing file /home/noelsdavid/airflow_venv/lib/python3.12/site-packages/airflow/example_dags/example_display_name.py for tasks to queue
[2026-05-18T06:20:46.041+0000] {logging_mixin.py:190} INFO - [2026-05-18T06:20:46.040+0000] {dagbag.py:588} INFO - Filling up the DagBag from /home/noelsdavid/airflow_venv/lib/python3.12/site-packages/airflow/example_dags/example_display_name.py
[2026-05-18T06:20:46.056+0000] {processor.py:925} INFO - DAG(s) 'example_display_name' retrieved from /home/noelsdavid/airflow_venv/lib/python3.12/site-packages/airflow/example_dags/example_display_name.py
[2026-05-18T06:20:46.079+0000] {logging_mixin.py:190} INFO - [2026-05-18T06:20:46.078+0000] {dag.py:3239} INFO - Sync 1 DAGs
[2026-05-18T06:20:46.097+0000] {logging_mixin.py:190} INFO - [2026-05-18T06:20:46.097+0000] {dag.py:4180} INFO - Setting next_dagrun for example_display_name to None, run_after=None
[2026-05-18T06:20:46.130+0000] {processor.py:208} INFO - Processing /home/noelsdavid/airflow_venv/lib/python3.12/site-packages/airflow/example_dags/example_display_name.py took 0.102 seconds
[2026-05-18T06:21:49.847+0000] {processor.py:186} INFO - Started process (PID=8694) to work on /home/noelsdavid/airflow_venv/lib/python3.12/site-packages/airflow/example_dags/example_display_name.py
[2026-05-18T06:21:49.850+0000] {processor.py:914} INFO - Processing file /home/noelsdavid/airflow_venv/lib/python3.12/site-packages/airflow/example_dags/example_display_name.py for tasks to queue
[2026-05-18T06:21:49.853+0000] {logging_mixin.py:190} INFO - [2026-05-18T06:21:49.851+0000] {dagbag.py:588} INFO - Filling up the DagBag from /home/noelsdavid/airflow_venv/lib/python3.12/site-packages/airflow/example_dags/example_display_name.py
[2026-05-18T06:21:49.872+0000] {processor.py:925} INFO - DAG(s) 'example_display_name' retrieved from /home/noelsdavid/airflow_venv/lib/python3.12/site-packages/airflow/example_dags/example_display_name.py
[2026-05-18T06:21:49.907+0000] {logging_mixin.py:190} INFO - [2026-05-18T06:21:49.906+0000] {dag.py:3239} INFO - Sync 1 DAGs
[2026-05-18T06:21:49.928+0000] {logging_mixin.py:190} INFO - [2026-05-18T06:21:49.927+0000] {dag.py:4180} INFO - Setting next_dagrun for example_display_name to None, run_after=None
[2026-05-18T06:21:49.974+0000] {processor.py:208} INFO - Processing /home/noelsdavid/airflow_venv/lib/python3.12/site-packages/airflow/example_dags/example_display_name.py took 0.136 seconds
[2026-05-18T06:22:55.439+0000] {processor.py:186} INFO - Started process (PID=8757) to work on /home/noelsdavid/airflow_venv/lib/python3.12/site-packages/airflow/example_dags/example_display_name.py
[2026-05-18T06:22:55.441+0000] {processor.py:914} INFO - Processing file /home/noelsdavid/airflow_venv/lib/python3.12/site-packages/airflow/example_dags/example_display_name.py for tasks to queue
[2026-05-18T06:22:55.443+0000] {logging_mixin.py:190} INFO - [2026-05-18T06:22:55.442+0000] {dagbag.py:588} INFO - Filling up the DagBag from /home/noelsdavid/airflow_venv/lib/python3.12/site-packages/airflow/example_dags/example_display_name.py
[2026-05-18T06:22:55.455+0000] {processor.py:925} INFO - DAG(s) 'example_display_name' retrieved from /home/noelsdavid/airflow_venv/lib/python3.12/site-packages/airflow/example_dags/example_display_name.py
[2026-05-18T06:22:55.475+0000] {logging_mixin.py:190} INFO - [2026-05-18T06:22:55.475+0000] {dag.py:3239} INFO - Sync 1 DAGs
[2026-05-18T06:22:55.492+0000] {logging_mixin.py:190} INFO - [2026-05-18T06:22:55.492+0000] {dag.py:4180} INFO - Setting next_dagrun for example_display_name to None, run_after=None
[2026-05-18T06:22:55.522+0000] {processor.py:208} INFO - Processing /home/noelsdavid/airflow_venv/lib/python3.12/site-packages/airflow/example_dags/example_display_name.py took 0.091 seconds
[2026-05-18T06:23:59.147+0000] {processor.py:186} INFO - Started process (PID=8819) to work on /home/noelsdavid/airflow_venv/lib/python3.12/site-packages/airflow/example_dags/example_display_name.py
[2026-05-18T06:23:59.149+0000] {processor.py:914} INFO - Processing file /home/noelsdavid/airflow_venv/lib/python3.12/site-packages/airflow/example_dags/example_display_name.py for tasks to queue
[2026-05-18T06:23:59.151+0000] {logging_mixin.py:190} INFO - [2026-05-18T06:23:59.151+0000] {dagbag.py:588} INFO - Filling up the DagBag from /home/noelsdavid/airflow_venv/lib/python3.12/site-packages/airflow/example_dags/example_display_name.py
[2026-05-18T06:23:59.164+0000] {processor.py:925} INFO - DAG(s) 'example_display_name' retrieved from /home/noelsdavid/airflow_venv/lib/python3.12/site-packages/airflow/example_dags/example_display_name.py
[2026-05-18T06:23:59.186+0000] {logging_mixin.py:190} INFO - [2026-05-18T06:23:59.186+0000] {dag.py:3239} INFO - Sync 1 DAGs
[2026-05-18T06:23:59.208+0000] {logging_mixin.py:190} INFO - [2026-05-18T06:23:59.208+0000] {dag.py:4180} INFO - Setting next_dagrun for example_display_name to None, run_after=None
[2026-05-18T06:23:59.243+0000] {processor.py:208} INFO - Processing /home/noelsdavid/airflow_venv/lib/python3.12/site-packages/airflow/example_dags/example_display_name.py took 0.104 seconds
[2026-05-18T06:25:05.143+0000] {processor.py:186} INFO - Started process (PID=8883) to work on /home/noelsdavid/airflow_venv/lib/python3.12/site-packages/airflow/example_dags/example_display_name.py
[2026-05-18T06:25:05.145+0000] {processor.py:914} INFO - Processing file /home/noelsdavid/airflow_venv/lib/python3.12/site-packages/airflow/example_dags/example_display_name.py for tasks to queue
[2026-05-18T06:25:05.147+0000] {logging_mixin.py:190} INFO - [2026-05-18T06:25:05.147+0000] {dagbag.py:588} INFO - Filling up the DagBag from /home/noelsdavid/airflow_venv/lib/python3.12/site-packages/airflow/example_dags/example_display_name.py
[2026-05-18T06:25:05.160+0000] {processor.py:925} INFO - DAG(s) 'example_display_name' retrieved from /home/noelsdavid/airflow_venv/lib/python3.12/site-packages/airflow/example_dags/example_display_name.py
[2026-05-18T06:25:05.182+0000] {logging_mixin.py:190} INFO - [2026-05-18T06:25:05.181+0000] {dag.py:3239} INFO - Sync 1 DAGs
[2026-05-18T06:25:05.205+0000] {logging_mixin.py:190} INFO - [2026-05-18T06:25:05.205+0000] {dag.py:4180} INFO - Setting next_dagrun for example_display_name to None, run_after=None
[2026-05-18T06:25:05.236+0000] {processor.py:208} INFO - Processing /home/noelsdavid/airflow_venv/lib/python3.12/site-packages/airflow/example_dags/example_display_name.py took 0.101 seconds
[2026-05-18T06:26:09.912+0000] {processor.py:186} INFO - Started process (PID=8997) to work on /home/noelsdavid/airflow_venv/lib/python3.12/site-packages/airflow/example_dags/example_display_name.py
[2026-05-18T06:26:09.914+0000] {processor.py:914} INFO - Processing file /home/noelsdavid/airflow_venv/lib/python3.12/site-packages/airflow/example_dags/example_display_name.py for tasks to queue
[2026-05-18T06:26:09.916+0000] {logging_mixin.py:190} INFO - [2026-05-18T06:26:09.916+0000] {dagbag.py:588} INFO - Filling up the DagBag from /home/noelsdavid/airflow_venv/lib/python3.12/site-packages/airflow/example_dags/example_display_name.py
[2026-05-18T06:26:09.928+0000] {processor.py:925} INFO - DAG(s) 'example_display_name' retrieved from /home/noelsdavid/airflow_venv/lib/python3.12/site-packages/airflow/example_dags/example_display_name.py
[2026-05-18T06:26:09.949+0000] {logging_mixin.py:190} INFO - [2026-05-18T06:26:09.948+0000] {dag.py:3239} INFO - Sync 1 DAGs
[2026-05-18T06:26:09.965+0000] {logging_mixin.py:190} INFO - [2026-05-18T06:26:09.965+0000] {dag.py:4180} INFO - Setting next_dagrun for example_display_name to None, run_after=None
[2026-05-18T06:26:09.995+0000] {processor.py:208} INFO - Processing /home/noelsdavid/airflow_venv/lib/python3.12/site-packages/airflow/example_dags/example_display_name.py took 0.092 seconds
[2026-05-18T06:27:27.030+0000] {processor.py:186} INFO - Started process (PID=9484) to work on /home/noelsdavid/airflow_venv/lib/python3.12/site-packages/airflow/example_dags/example_display_name.py
[2026-05-18T06:27:27.033+0000] {processor.py:914} INFO - Processing file /home/noelsdavid/airflow_venv/lib/python3.12/site-packages/airflow/example_dags/example_display_name.py for tasks to queue
[2026-05-18T06:27:27.035+0000] {logging_mixin.py:190} INFO - [2026-05-18T06:27:27.034+0000] {dagbag.py:588} INFO - Filling up the DagBag from /home/noelsdavid/airflow_venv/lib/python3.12/site-packages/airflow/example_dags/example_display_name.py
[2026-05-18T06:27:27.047+0000] {processor.py:925} INFO - DAG(s) 'example_display_name' retrieved from /home/noelsdavid/airflow_venv/lib/python3.12/site-packages/airflow/example_dags/example_display_name.py
[2026-05-18T06:27:27.066+0000] {logging_mixin.py:190} INFO - [2026-05-18T06:27:27.066+0000] {dag.py:3239} INFO - Sync 1 DAGs
[2026-05-18T06:27:27.083+0000] {logging_mixin.py:190} INFO - [2026-05-18T06:27:27.083+0000] {dag.py:4180} INFO - Setting next_dagrun for example_display_name to None, run_after=None
[2026-05-18T06:27:27.113+0000] {processor.py:208} INFO - Processing /home/noelsdavid/airflow_venv/lib/python3.12/site-packages/airflow/example_dags/example_display_name.py took 0.091 seconds
[2026-05-18T06:28:40.891+0000] {processor.py:186} INFO - Started process (PID=9732) to work on /home/noelsdavid/airflow_venv/lib/python3.12/site-packages/airflow/example_dags/example_display_name.py
[2026-05-18T06:28:40.894+0000] {processor.py:914} INFO - Processing file /home/noelsdavid/airflow_venv/lib/python3.12/site-packages/airflow/example_dags/example_display_name.py for tasks to queue
[2026-05-18T06:28:40.897+0000] {logging_mixin.py:190} INFO - [2026-05-18T06:28:40.896+0000] {dagbag.py:588} INFO - Filling up the DagBag from /home/noelsdavid/airflow_venv/lib/python3.12/site-packages/airflow/example_dags/example_display_name.py
[2026-05-18T06:28:40.910+0000] {processor.py:925} INFO - DAG(s) 'example_display_name' retrieved from /home/noelsdavid/airflow_venv/lib/python3.12/site-packages/airflow/example_dags/example_display_name.py
[2026-05-18T06:28:40.932+0000] {logging_mixin.py:190} INFO - [2026-05-18T06:28:40.932+0000] {dag.py:3239} INFO - Sync 1 DAGs
[2026-05-18T06:28:40.952+0000] {logging_mixin.py:190} INFO - [2026-05-18T06:28:40.951+0000] {dag.py:4180} INFO - Setting next_dagrun for example_display_name to None, run_after=None
[2026-05-18T06:28:40.989+0000] {processor.py:208} INFO - Processing /home/noelsdavid/airflow_venv/lib/python3.12/site-packages/airflow/example_dags/example_display_name.py took 0.108 seconds
[2026-05-18T06:29:51.319+0000] {processor.py:186} INFO - Started process (PID=9796) to work on /home/noelsdavid/airflow_venv/lib/python3.12/site-packages/airflow/example_dags/example_display_name.py
[2026-05-18T06:29:51.323+0000] {processor.py:914} INFO - Processing file /home/noelsdavid/airflow_venv/lib/python3.12/site-packages/airflow/example_dags/example_display_name.py for tasks to queue
[2026-05-18T06:29:51.327+0000] {logging_mixin.py:190} INFO - [2026-05-18T06:29:51.325+0000] {dagbag.py:588} INFO - Filling up the DagBag from /home/noelsdavid/airflow_venv/lib/python3.12/site-packages/airflow/example_dags/example_display_name.py
[2026-05-18T06:29:51.345+0000] {processor.py:925} INFO - DAG(s) 'example_display_name' retrieved from /home/noelsdavid/airflow_venv/lib/python3.12/site-packages/airflow/example_dags/example_display_name.py
[2026-05-18T06:29:51.377+0000] {logging_mixin.py:190} INFO - [2026-05-18T06:29:51.377+0000] {dag.py:3239} INFO - Sync 1 DAGs
[2026-05-18T06:29:51.406+0000] {logging_mixin.py:190} INFO - [2026-05-18T06:29:51.406+0000] {dag.py:4180} INFO - Setting next_dagrun for example_display_name to None, run_after=None
[2026-05-18T06:29:51.453+0000] {processor.py:208} INFO - Processing /home/noelsdavid/airflow_venv/lib/python3.12/site-packages/airflow/example_dags/example_display_name.py took 0.144 seconds
[2026-05-18T06:30:56.650+0000] {processor.py:186} INFO - Started process (PID=9883) to work on /home/noelsdavid/airflow_venv/lib/python3.12/site-packages/airflow/example_dags/example_display_name.py
[2026-05-18T06:30:56.653+0000] {processor.py:914} INFO - Processing file /home/noelsdavid/airflow_venv/lib/python3.12/site-packages/airflow/example_dags/example_display_name.py for tasks to queue
[2026-05-18T06:30:56.655+0000] {logging_mixin.py:190} INFO - [2026-05-18T06:30:56.654+0000] {dagbag.py:588} INFO - Filling up the DagBag from /home/noelsdavid/airflow_venv/lib/python3.12/site-packages/airflow/example_dags/example_display_name.py
[2026-05-18T06:30:56.669+0000] {processor.py:925} INFO - DAG(s) 'example_display_name' retrieved from /home/noelsdavid/airflow_venv/lib/python3.12/site-packages/airflow/example_dags/example_display_name.py
[2026-05-18T06:30:56.691+0000] {logging_mixin.py:190} INFO - [2026-05-18T06:30:56.691+0000] {dag.py:3239} INFO - Sync 1 DAGs
[2026-05-18T06:30:56.708+0000] {logging_mixin.py:190} INFO - [2026-05-18T06:30:56.707+0000] {dag.py:4180} INFO - Setting next_dagrun for example_display_name to None, run_after=None
[2026-05-18T06:30:56.747+0000] {processor.py:208} INFO - Processing /home/noelsdavid/airflow_venv/lib/python3.12/site-packages/airflow/example_dags/example_display_name.py took 0.105 seconds
[2026-05-18T06:32:00.692+0000] {processor.py:186} INFO - Started process (PID=9946) to work on /home/noelsdavid/airflow_venv/lib/python3.12/site-packages/airflow/example_dags/example_display_name.py
[2026-05-18T06:32:00.695+0000] {processor.py:914} INFO - Processing file /home/noelsdavid/airflow_venv/lib/python3.12/site-packages/airflow/example_dags/example_display_name.py for tasks to queue
[2026-05-18T06:32:00.697+0000] {logging_mixin.py:190} INFO - [2026-05-18T06:32:00.696+0000] {dagbag.py:588} INFO - Filling up the DagBag from /home/noelsdavid/airflow_venv/lib/python3.12/site-packages/airflow/example_dags/example_display_name.py
[2026-05-18T06:32:00.709+0000] {processor.py:925} INFO - DAG(s) 'example_display_name' retrieved from /home/noelsdavid/airflow_venv/lib/python3.12/site-packages/airflow/example_dags/example_display_name.py
[2026-05-18T06:32:00.730+0000] {logging_mixin.py:190} INFO - [2026-05-18T06:32:00.730+0000] {dag.py:3239} INFO - Sync 1 DAGs
[2026-05-18T06:32:00.749+0000] {logging_mixin.py:190} INFO - [2026-05-18T06:32:00.749+0000] {dag.py:4180} INFO - Setting next_dagrun for example_display_name to None, run_after=None
[2026-05-18T06:32:00.780+0000] {processor.py:208} INFO - Processing /home/noelsdavid/airflow_venv/lib/python3.12/site-packages/airflow/example_dags/example_display_name.py took 0.096 seconds
[2026-05-18T06:32:59.494+0000] {processor.py:186} INFO - Started process (PID=10006) to work on /home/noelsdavid/airflow_venv/lib/python3.12/site-packages/airflow/example_dags/example_display_name.py
[2026-05-18T06:32:59.496+0000] {processor.py:914} INFO - Processing file /home/noelsdavid/airflow_venv/lib/python3.12/site-packages/airflow/example_dags/example_display_name.py for tasks to queue
[2026-05-18T06:32:59.498+0000] {logging_mixin.py:190} INFO - [2026-05-18T06:32:59.498+0000] {dagbag.py:588} INFO - Filling up the DagBag from /home/noelsdavid/airflow_venv/lib/python3.12/site-packages/airflow/example_dags/example_display_name.py
[2026-05-18T06:32:59.510+0000] {processor.py:925} INFO - DAG(s) 'example_display_name' retrieved from /home/noelsdavid/airflow_venv/lib/python3.12/site-packages/airflow/example_dags/example_display_name.py
[2026-05-18T06:32:59.530+0000] {logging_mixin.py:190} INFO - [2026-05-18T06:32:59.530+0000] {dag.py:3239} INFO - Sync 1 DAGs
[2026-05-18T06:32:59.548+0000] {logging_mixin.py:190} INFO - [2026-05-18T06:32:59.548+0000] {dag.py:4180} INFO - Setting next_dagrun for example_display_name to None, run_after=None
[2026-05-18T06:32:59.577+0000] {processor.py:208} INFO - Processing /home/noelsdavid/airflow_venv/lib/python3.12/site-packages/airflow/example_dags/example_display_name.py took 0.091 seconds
[2026-05-18T06:34:07.281+0000] {processor.py:186} INFO - Started process (PID=10141) to work on /home/noelsdavid/airflow_venv/lib/python3.12/site-packages/airflow/example_dags/example_display_name.py
[2026-05-18T06:34:07.284+0000] {processor.py:914} INFO - Processing file /home/noelsdavid/airflow_venv/lib/python3.12/site-packages/airflow/example_dags/example_display_name.py for tasks to queue
[2026-05-18T06:34:07.286+0000] {logging_mixin.py:190} INFO - [2026-05-18T06:34:07.285+0000] {dagbag.py:588} INFO - Filling up the DagBag from /home/noelsdavid/airflow_venv/lib/python3.12/site-packages/airflow/example_dags/example_display_name.py
[2026-05-18T06:34:07.299+0000] {processor.py:925} INFO - DAG(s) 'example_display_name' retrieved from /home/noelsdavid/airflow_venv/lib/python3.12/site-packages/airflow/example_dags/example_display_name.py
[2026-05-18T06:34:07.320+0000] {logging_mixin.py:190} INFO - [2026-05-18T06:34:07.320+0000] {dag.py:3239} INFO - Sync 1 DAGs
[2026-05-18T06:34:07.338+0000] {logging_mixin.py:190} INFO - [2026-05-18T06:34:07.338+0000] {dag.py:4180} INFO - Setting next_dagrun for example_display_name to None, run_after=None
[2026-05-18T06:34:07.371+0000] {processor.py:208} INFO - Processing /home/noelsdavid/airflow_venv/lib/python3.12/site-packages/airflow/example_dags/example_display_name.py took 0.098 seconds
[2026-05-18T06:35:09.909+0000] {processor.py:186} INFO - Started process (PID=10265) to work on /home/noelsdavid/airflow_venv/lib/python3.12/site-packages/airflow/example_dags/example_display_name.py
[2026-05-18T06:35:09.912+0000] {processor.py:914} INFO - Processing file /home/noelsdavid/airflow_venv/lib/python3.12/site-packages/airflow/example_dags/example_display_name.py for tasks to queue
[2026-05-18T06:35:09.914+0000] {logging_mixin.py:190} INFO - [2026-05-18T06:35:09.913+0000] {dagbag.py:588} INFO - Filling up the DagBag from /home/noelsdavid/airflow_venv/lib/python3.12/site-packages/airflow/example_dags/example_display_name.py
[2026-05-18T06:35:09.926+0000] {processor.py:925} INFO - DAG(s) 'example_display_name' retrieved from /home/noelsdavid/airflow_venv/lib/python3.12/site-packages/airflow/example_dags/example_display_name.py
[2026-05-18T06:35:09.948+0000] {logging_mixin.py:190} INFO - [2026-05-18T06:35:09.948+0000] {dag.py:3239} INFO - Sync 1 DAGs
[2026-05-18T06:35:09.965+0000] {logging_mixin.py:190} INFO - [2026-05-18T06:35:09.965+0000] {dag.py:4180} INFO - Setting next_dagrun for example_display_name to None, run_after=None
[2026-05-18T06:35:09.997+0000] {processor.py:208} INFO - Processing /home/noelsdavid/airflow_venv/lib/python3.12/site-packages/airflow/example_dags/example_display_name.py took 0.096 seconds
[2026-05-18T06:36:15.886+0000] {processor.py:186} INFO - Started process (PID=10476) to work on /home/noelsdavid/airflow_venv/lib/python3.12/site-packages/airflow/example_dags/example_display_name.py
[2026-05-18T06:36:15.894+0000] {processor.py:914} INFO - Processing file /home/noelsdavid/airflow_venv/lib/python3.12/site-packages/airflow/example_dags/example_display_name.py for tasks to queue
[2026-05-18T06:36:15.896+0000] {logging_mixin.py:190} INFO - [2026-05-18T06:36:15.895+0000] {dagbag.py:588} INFO - Filling up the DagBag from /home/noelsdavid/airflow_venv/lib/python3.12/site-packages/airflow/example_dags/example_display_name.py
[2026-05-18T06:36:15.908+0000] {processor.py:925} INFO - DAG(s) 'example_display_name' retrieved from /home/noelsdavid/airflow_venv/lib/python3.12/site-packages/airflow/example_dags/example_display_name.py
[2026-05-18T06:36:15.930+0000] {logging_mixin.py:190} INFO - [2026-05-18T06:36:15.930+0000] {dag.py:3239} INFO - Sync 1 DAGs
[2026-05-18T06:36:15.948+0000] {logging_mixin.py:190} INFO - [2026-05-18T06:36:15.948+0000] {dag.py:4180} INFO - Setting next_dagrun for example_display_name to None, run_after=None
[2026-05-18T06:36:15.979+0000] {processor.py:208} INFO - Processing /home/noelsdavid/airflow_venv/lib/python3.12/site-packages/airflow/example_dags/example_display_name.py took 0.101 seconds
[2026-05-18T06:37:15.926+0000] {processor.py:186} INFO - Started process (PID=10791) to work on /home/noelsdavid/airflow_venv/lib/python3.12/site-packages/airflow/example_dags/example_display_name.py
[2026-05-18T06:37:15.929+0000] {processor.py:914} INFO - Processing file /home/noelsdavid/airflow_venv/lib/python3.12/site-packages/airflow/example_dags/example_display_name.py for tasks to queue
[2026-05-18T06:37:15.932+0000] {logging_mixin.py:190} INFO - [2026-05-18T06:37:15.931+0000] {dagbag.py:588} INFO - Filling up the DagBag from /home/noelsdavid/airflow_venv/lib/python3.12/site-packages/airflow/example_dags/example_display_name.py
[2026-05-18T06:37:15.944+0000] {processor.py:925} INFO - DAG(s) 'example_display_name' retrieved from /home/noelsdavid/airflow_venv/lib/python3.12/site-packages/airflow/example_dags/example_display_name.py
[2026-05-18T06:37:15.966+0000] {logging_mixin.py:190} INFO - [2026-05-18T06:37:15.966+0000] {dag.py:3239} INFO - Sync 1 DAGs
[2026-05-18T06:37:15.984+0000] {logging_mixin.py:190} INFO - [2026-05-18T06:37:15.984+0000] {dag.py:4180} INFO - Setting next_dagrun for example_display_name to None, run_after=None
[2026-05-18T06:37:16.017+0000] {processor.py:208} INFO - Processing /home/noelsdavid/airflow_venv/lib/python3.12/site-packages/airflow/example_dags/example_display_name.py took 0.098 seconds
[2026-05-18T06:38:24.428+0000] {processor.py:186} INFO - Started process (PID=11031) to work on /home/noelsdavid/airflow_venv/lib/python3.12/site-packages/airflow/example_dags/example_display_name.py
[2026-05-18T06:38:24.430+0000] {processor.py:914} INFO - Processing file /home/noelsdavid/airflow_venv/lib/python3.12/site-packages/airflow/example_dags/example_display_name.py for tasks to queue
[2026-05-18T06:38:24.432+0000] {logging_mixin.py:190} INFO - [2026-05-18T06:38:24.432+0000] {dagbag.py:588} INFO - Filling up the DagBag from /home/noelsdavid/airflow_venv/lib/python3.12/site-packages/airflow/example_dags/example_display_name.py
[2026-05-18T06:38:24.445+0000] {processor.py:925} INFO - DAG(s) 'example_display_name' retrieved from /home/noelsdavid/airflow_venv/lib/python3.12/site-packages/airflow/example_dags/example_display_name.py
[2026-05-18T06:38:24.466+0000] {logging_mixin.py:190} INFO - [2026-05-18T06:38:24.465+0000] {dag.py:3239} INFO - Sync 1 DAGs
[2026-05-18T06:38:24.483+0000] {logging_mixin.py:190} INFO - [2026-05-18T06:38:24.482+0000] {dag.py:4180} INFO - Setting next_dagrun for example_display_name to None, run_after=None
[2026-05-18T06:38:24.515+0000] {processor.py:208} INFO - Processing /home/noelsdavid/airflow_venv/lib/python3.12/site-packages/airflow/example_dags/example_display_name.py took 0.095 seconds
[2026-05-18T06:39:27.363+0000] {processor.py:186} INFO - Started process (PID=11283) to work on /home/noelsdavid/airflow_venv/lib/python3.12/site-packages/airflow/example_dags/example_display_name.py
[2026-05-18T06:39:27.366+0000] {processor.py:914} INFO - Processing file /home/noelsdavid/airflow_venv/lib/python3.12/site-packages/airflow/example_dags/example_display_name.py for tasks to queue
[2026-05-18T06:39:27.368+0000] {logging_mixin.py:190} INFO - [2026-05-18T06:39:27.367+0000] {dagbag.py:588} INFO - Filling up the DagBag from /home/noelsdavid/airflow_venv/lib/python3.12/site-packages/airflow/example_dags/example_display_name.py
[2026-05-18T06:39:27.381+0000] {processor.py:925} INFO - DAG(s) 'example_display_name' retrieved from /home/noelsdavid/airflow_venv/lib/python3.12/site-packages/airflow/example_dags/example_display_name.py
[2026-05-18T06:39:27.405+0000] {logging_mixin.py:190} INFO - [2026-05-18T06:39:27.405+0000] {dag.py:3239} INFO - Sync 1 DAGs
[2026-05-18T06:39:27.423+0000] {logging_mixin.py:190} INFO - [2026-05-18T06:39:27.423+0000] {dag.py:4180} INFO - Setting next_dagrun for example_display_name to None, run_after=None
[2026-05-18T06:39:27.461+0000] {processor.py:208} INFO - Processing /home/noelsdavid/airflow_venv/lib/python3.12/site-packages/airflow/example_dags/example_display_name.py took 0.105 seconds
[2026-05-18T06:40:37.291+0000] {processor.py:186} INFO - Started process (PID=11562) to work on /home/noelsdavid/airflow_venv/lib/python3.12/site-packages/airflow/example_dags/example_display_name.py
[2026-05-18T06:40:37.311+0000] {processor.py:914} INFO - Processing file /home/noelsdavid/airflow_venv/lib/python3.12/site-packages/airflow/example_dags/example_display_name.py for tasks to queue
[2026-05-18T06:40:37.313+0000] {logging_mixin.py:190} INFO - [2026-05-18T06:40:37.312+0000] {dagbag.py:588} INFO - Filling up the DagBag from /home/noelsdavid/airflow_venv/lib/python3.12/site-packages/airflow/example_dags/example_display_name.py
[2026-05-18T06:40:37.327+0000] {processor.py:925} INFO - DAG(s) 'example_display_name' retrieved from /home/noelsdavid/airflow_venv/lib/python3.12/site-packages/airflow/example_dags/example_display_name.py
[2026-05-18T06:40:37.350+0000] {logging_mixin.py:190} INFO - [2026-05-18T06:40:37.350+0000] {dag.py:3239} INFO - Sync 1 DAGs
[2026-05-18T06:40:37.374+0000] {logging_mixin.py:190} INFO - [2026-05-18T06:40:37.373+0000] {dag.py:4180} INFO - Setting next_dagrun for example_display_name to None, run_after=None
[2026-05-18T06:40:37.412+0000] {processor.py:208} INFO - Processing /home/noelsdavid/airflow_venv/lib/python3.12/site-packages/airflow/example_dags/example_display_name.py took 0.130 seconds
[2026-05-18T06:41:50.188+0000] {processor.py:186} INFO - Started process (PID=12239) to work on /home/noelsdavid/airflow_venv/lib/python3.12/site-packages/airflow/example_dags/example_display_name.py
[2026-05-18T06:41:50.191+0000] {processor.py:914} INFO - Processing file /home/noelsdavid/airflow_venv/lib/python3.12/site-packages/airflow/example_dags/example_display_name.py for tasks to queue
[2026-05-18T06:41:50.194+0000] {logging_mixin.py:190} INFO - [2026-05-18T06:41:50.193+0000] {dagbag.py:588} INFO - Filling up the DagBag from /home/noelsdavid/airflow_venv/lib/python3.12/site-packages/airflow/example_dags/example_display_name.py
[2026-05-18T06:41:50.212+0000] {processor.py:925} INFO - DAG(s) 'example_display_name' retrieved from /home/noelsdavid/airflow_venv/lib/python3.12/site-packages/airflow/example_dags/example_display_name.py
[2026-05-18T06:41:50.239+0000] {logging_mixin.py:190} INFO - [2026-05-18T06:41:50.239+0000] {dag.py:3239} INFO - Sync 1 DAGs
[2026-05-18T06:41:50.267+0000] {logging_mixin.py:190} INFO - [2026-05-18T06:41:50.266+0000] {dag.py:4180} INFO - Setting next_dagrun for example_display_name to None, run_after=None
[2026-05-18T06:41:50.327+0000] {processor.py:208} INFO - Processing /home/noelsdavid/airflow_venv/lib/python3.12/site-packages/airflow/example_dags/example_display_name.py took 0.150 seconds
[2026-05-18T06:43:03.144+0000] {processor.py:186} INFO - Started process (PID=12608) to work on /home/noelsdavid/airflow_venv/lib/python3.12/site-packages/airflow/example_dags/example_display_name.py
[2026-05-18T06:43:03.148+0000] {processor.py:914} INFO - Processing file /home/noelsdavid/airflow_venv/lib/python3.12/site-packages/airflow/example_dags/example_display_name.py for tasks to queue
[2026-05-18T06:43:03.151+0000] {logging_mixin.py:190} INFO - [2026-05-18T06:43:03.150+0000] {dagbag.py:588} INFO - Filling up the DagBag from /home/noelsdavid/airflow_venv/lib/python3.12/site-packages/airflow/example_dags/example_display_name.py
[2026-05-18T06:43:03.166+0000] {processor.py:925} INFO - DAG(s) 'example_display_name' retrieved from /home/noelsdavid/airflow_venv/lib/python3.12/site-packages/airflow/example_dags/example_display_name.py
[2026-05-18T06:43:03.197+0000] {logging_mixin.py:190} INFO - [2026-05-18T06:43:03.197+0000] {dag.py:3239} INFO - Sync 1 DAGs
[2026-05-18T06:43:03.231+0000] {logging_mixin.py:190} INFO - [2026-05-18T06:43:03.230+0000] {dag.py:4180} INFO - Setting next_dagrun for example_display_name to None, run_after=None
[2026-05-18T06:43:03.278+0000] {processor.py:208} INFO - Processing /home/noelsdavid/airflow_venv/lib/python3.12/site-packages/airflow/example_dags/example_display_name.py took 0.145 seconds
[2026-05-18T06:44:40.808+0000] {processor.py:186} INFO - Started process (PID=13056) to work on /home/noelsdavid/airflow_venv/lib/python3.12/site-packages/airflow/example_dags/example_display_name.py
[2026-05-18T06:44:40.811+0000] {processor.py:914} INFO - Processing file /home/noelsdavid/airflow_venv/lib/python3.12/site-packages/airflow/example_dags/example_display_name.py for tasks to queue
[2026-05-18T06:44:40.813+0000] {logging_mixin.py:190} INFO - [2026-05-18T06:44:40.813+0000] {dagbag.py:588} INFO - Filling up the DagBag from /home/noelsdavid/airflow_venv/lib/python3.12/site-packages/airflow/example_dags/example_display_name.py
[2026-05-18T06:44:40.828+0000] {processor.py:925} INFO - DAG(s) 'example_display_name' retrieved from /home/noelsdavid/airflow_venv/lib/python3.12/site-packages/airflow/example_dags/example_display_name.py
[2026-05-18T06:44:40.850+0000] {logging_mixin.py:190} INFO - [2026-05-18T06:44:40.849+0000] {dag.py:3239} INFO - Sync 1 DAGs
[2026-05-18T06:44:40.868+0000] {logging_mixin.py:190} INFO - [2026-05-18T06:44:40.868+0000] {dag.py:4180} INFO - Setting next_dagrun for example_display_name to None, run_after=None
[2026-05-18T06:44:40.905+0000] {processor.py:208} INFO - Processing /home/noelsdavid/airflow_venv/lib/python3.12/site-packages/airflow/example_dags/example_display_name.py took 0.107 seconds
[2026-05-18T06:45:53.951+0000] {processor.py:186} INFO - Started process (PID=13158) to work on /home/noelsdavid/airflow_venv/lib/python3.12/site-packages/airflow/example_dags/example_display_name.py
[2026-05-18T06:45:53.954+0000] {processor.py:914} INFO - Processing file /home/noelsdavid/airflow_venv/lib/python3.12/site-packages/airflow/example_dags/example_display_name.py for tasks to queue
[2026-05-18T06:45:53.955+0000] {logging_mixin.py:190} INFO - [2026-05-18T06:45:53.955+0000] {dagbag.py:588} INFO - Filling up the DagBag from /home/noelsdavid/airflow_venv/lib/python3.12/site-packages/airflow/example_dags/example_display_name.py
[2026-05-18T06:45:53.967+0000] {processor.py:925} INFO - DAG(s) 'example_display_name' retrieved from /home/noelsdavid/airflow_venv/lib/python3.12/site-packages/airflow/example_dags/example_display_name.py
[2026-05-18T06:45:53.989+0000] {logging_mixin.py:190} INFO - [2026-05-18T06:45:53.989+0000] {dag.py:3239} INFO - Sync 1 DAGs
[2026-05-18T06:45:54.007+0000] {logging_mixin.py:190} INFO - [2026-05-18T06:45:54.007+0000] {dag.py:4180} INFO - Setting next_dagrun for example_display_name to None, run_after=None
[2026-05-18T06:45:54.040+0000] {processor.py:208} INFO - Processing /home/noelsdavid/airflow_venv/lib/python3.12/site-packages/airflow/example_dags/example_display_name.py took 0.098 seconds
[2026-05-18T06:47:03.268+0000] {processor.py:186} INFO - Started process (PID=13235) to work on /home/noelsdavid/airflow_venv/lib/python3.12/site-packages/airflow/example_dags/example_display_name.py
[2026-05-18T06:47:03.311+0000] {processor.py:914} INFO - Processing file /home/noelsdavid/airflow_venv/lib/python3.12/site-packages/airflow/example_dags/example_display_name.py for tasks to queue
[2026-05-18T06:47:03.314+0000] {logging_mixin.py:190} INFO - [2026-05-18T06:47:03.313+0000] {dagbag.py:588} INFO - Filling up the DagBag from /home/noelsdavid/airflow_venv/lib/python3.12/site-packages/airflow/example_dags/example_display_name.py
[2026-05-18T06:47:03.327+0000] {processor.py:925} INFO - DAG(s) 'example_display_name' retrieved from /home/noelsdavid/airflow_venv/lib/python3.12/site-packages/airflow/example_dags/example_display_name.py
[2026-05-18T06:47:03.350+0000] {logging_mixin.py:190} INFO - [2026-05-18T06:47:03.350+0000] {dag.py:3239} INFO - Sync 1 DAGs
[2026-05-18T06:47:03.368+0000] {logging_mixin.py:190} INFO - [2026-05-18T06:47:03.368+0000] {dag.py:4180} INFO - Setting next_dagrun for example_display_name to None, run_after=None
[2026-05-18T06:47:03.399+0000] {processor.py:208} INFO - Processing /home/noelsdavid/airflow_venv/lib/python3.12/site-packages/airflow/example_dags/example_display_name.py took 0.143 seconds
[2026-05-18T06:48:08.471+0000] {processor.py:186} INFO - Started process (PID=13305) to work on /home/noelsdavid/airflow_venv/lib/python3.12/site-packages/airflow/example_dags/example_display_name.py
[2026-05-18T06:48:08.476+0000] {processor.py:914} INFO - Processing file /home/noelsdavid/airflow_venv/lib/python3.12/site-packages/airflow/example_dags/example_display_name.py for tasks to queue
[2026-05-18T06:48:08.480+0000] {logging_mixin.py:190} INFO - [2026-05-18T06:48:08.478+0000] {dagbag.py:588} INFO - Filling up the DagBag from /home/noelsdavid/airflow_venv/lib/python3.12/site-packages/airflow/example_dags/example_display_name.py
[2026-05-18T06:48:08.497+0000] {processor.py:925} INFO - DAG(s) 'example_display_name' retrieved from /home/noelsdavid/airflow_venv/lib/python3.12/site-packages/airflow/example_dags/example_display_name.py
[2026-05-18T06:48:08.526+0000] {logging_mixin.py:190} INFO - [2026-05-18T06:48:08.526+0000] {dag.py:3239} INFO - Sync 1 DAGs
[2026-05-18T06:48:08.545+0000] {logging_mixin.py:190} INFO - [2026-05-18T06:48:08.544+0000] {dag.py:4180} INFO - Setting next_dagrun for example_display_name to None, run_after=None
[2026-05-18T06:48:08.585+0000] {processor.py:208} INFO - Processing /home/noelsdavid/airflow_venv/lib/python3.12/site-packages/airflow/example_dags/example_display_name.py took 0.130 seconds
[2026-05-18T06:49:13.434+0000] {processor.py:186} INFO - Started process (PID=13381) to work on /home/noelsdavid/airflow_venv/lib/python3.12/site-packages/airflow/example_dags/example_display_name.py
[2026-05-18T06:49:13.436+0000] {processor.py:914} INFO - Processing file /home/noelsdavid/airflow_venv/lib/python3.12/site-packages/airflow/example_dags/example_display_name.py for tasks to queue
[2026-05-18T06:49:13.438+0000] {logging_mixin.py:190} INFO - [2026-05-18T06:49:13.438+0000] {dagbag.py:588} INFO - Filling up the DagBag from /home/noelsdavid/airflow_venv/lib/python3.12/site-packages/airflow/example_dags/example_display_name.py
[2026-05-18T06:49:13.450+0000] {processor.py:925} INFO - DAG(s) 'example_display_name' retrieved from /home/noelsdavid/airflow_venv/lib/python3.12/site-packages/airflow/example_dags/example_display_name.py
[2026-05-18T06:49:13.470+0000] {logging_mixin.py:190} INFO - [2026-05-18T06:49:13.470+0000] {dag.py:3239} INFO - Sync 1 DAGs
[2026-05-18T06:49:13.487+0000] {logging_mixin.py:190} INFO - [2026-05-18T06:49:13.487+0000] {dag.py:4180} INFO - Setting next_dagrun for example_display_name to None, run_after=None
[2026-05-18T06:49:13.518+0000] {processor.py:208} INFO - Processing /home/noelsdavid/airflow_venv/lib/python3.12/site-packages/airflow/example_dags/example_display_name.py took 0.093 seconds
[2026-05-18T06:50:21.572+0000] {processor.py:186} INFO - Started process (PID=13933) to work on /home/noelsdavid/airflow_venv/lib/python3.12/site-packages/airflow/example_dags/example_display_name.py
[2026-05-18T06:50:21.583+0000] {processor.py:914} INFO - Processing file /home/noelsdavid/airflow_venv/lib/python3.12/site-packages/airflow/example_dags/example_display_name.py for tasks to queue
[2026-05-18T06:50:21.585+0000] {logging_mixin.py:190} INFO - [2026-05-18T06:50:21.585+0000] {dagbag.py:588} INFO - Filling up the DagBag from /home/noelsdavid/airflow_venv/lib/python3.12/site-packages/airflow/example_dags/example_display_name.py
[2026-05-18T06:50:21.597+0000] {processor.py:925} INFO - DAG(s) 'example_display_name' retrieved from /home/noelsdavid/airflow_venv/lib/python3.12/site-packages/airflow/example_dags/example_display_name.py
[2026-05-18T06:50:21.619+0000] {logging_mixin.py:190} INFO - [2026-05-18T06:50:21.618+0000] {dag.py:3239} INFO - Sync 1 DAGs
[2026-05-18T06:50:21.635+0000] {logging_mixin.py:190} INFO - [2026-05-18T06:50:21.634+0000] {dag.py:4180} INFO - Setting next_dagrun for example_display_name to None, run_after=None
[2026-05-18T06:50:21.675+0000] {processor.py:208} INFO - Processing /home/noelsdavid/airflow_venv/lib/python3.12/site-packages/airflow/example_dags/example_display_name.py took 0.112 seconds
[2026-05-18T06:51:32.787+0000] {processor.py:186} INFO - Started process (PID=14252) to work on /home/noelsdavid/airflow_venv/lib/python3.12/site-packages/airflow/example_dags/example_display_name.py
[2026-05-18T06:51:32.789+0000] {processor.py:914} INFO - Processing file /home/noelsdavid/airflow_venv/lib/python3.12/site-packages/airflow/example_dags/example_display_name.py for tasks to queue
[2026-05-18T06:51:32.791+0000] {logging_mixin.py:190} INFO - [2026-05-18T06:51:32.791+0000] {dagbag.py:588} INFO - Filling up the DagBag from /home/noelsdavid/airflow_venv/lib/python3.12/site-packages/airflow/example_dags/example_display_name.py
[2026-05-18T06:51:32.804+0000] {processor.py:925} INFO - DAG(s) 'example_display_name' retrieved from /home/noelsdavid/airflow_venv/lib/python3.12/site-packages/airflow/example_dags/example_display_name.py
[2026-05-18T06:51:32.825+0000] {logging_mixin.py:190} INFO - [2026-05-18T06:51:32.825+0000] {dag.py:3239} INFO - Sync 1 DAGs
[2026-05-18T06:51:32.843+0000] {logging_mixin.py:190} INFO - [2026-05-18T06:51:32.843+0000] {dag.py:4180} INFO - Setting next_dagrun for example_display_name to None, run_after=None
[2026-05-18T06:51:32.874+0000] {processor.py:208} INFO - Processing /home/noelsdavid/airflow_venv/lib/python3.12/site-packages/airflow/example_dags/example_display_name.py took 0.097 seconds
[2026-05-18T06:52:41.754+0000] {processor.py:186} INFO - Started process (PID=14490) to work on /home/noelsdavid/airflow_venv/lib/python3.12/site-packages/airflow/example_dags/example_display_name.py
[2026-05-18T06:52:41.757+0000] {processor.py:914} INFO - Processing file /home/noelsdavid/airflow_venv/lib/python3.12/site-packages/airflow/example_dags/example_display_name.py for tasks to queue
[2026-05-18T06:52:41.759+0000] {logging_mixin.py:190} INFO - [2026-05-18T06:52:41.758+0000] {dagbag.py:588} INFO - Filling up the DagBag from /home/noelsdavid/airflow_venv/lib/python3.12/site-packages/airflow/example_dags/example_display_name.py
[2026-05-18T06:52:41.771+0000] {processor.py:925} INFO - DAG(s) 'example_display_name' retrieved from /home/noelsdavid/airflow_venv/lib/python3.12/site-packages/airflow/example_dags/example_display_name.py
[2026-05-18T06:52:41.793+0000] {logging_mixin.py:190} INFO - [2026-05-18T06:52:41.793+0000] {dag.py:3239} INFO - Sync 1 DAGs
[2026-05-18T06:52:41.810+0000] {logging_mixin.py:190} INFO - [2026-05-18T06:52:41.809+0000] {dag.py:4180} INFO - Setting next_dagrun for example_display_name to None, run_after=None
[2026-05-18T06:52:41.843+0000] {processor.py:208} INFO - Processing /home/noelsdavid/airflow_venv/lib/python3.12/site-packages/airflow/example_dags/example_display_name.py took 0.102 seconds
[2026-05-18T06:53:56.150+0000] {processor.py:186} INFO - Started process (PID=14836) to work on /home/noelsdavid/airflow_venv/lib/python3.12/site-packages/airflow/example_dags/example_display_name.py
[2026-05-18T06:53:56.153+0000] {processor.py:914} INFO - Processing file /home/noelsdavid/airflow_venv/lib/python3.12/site-packages/airflow/example_dags/example_display_name.py for tasks to queue
[2026-05-18T06:53:56.155+0000] {logging_mixin.py:190} INFO - [2026-05-18T06:53:56.154+0000] {dagbag.py:588} INFO - Filling up the DagBag from /home/noelsdavid/airflow_venv/lib/python3.12/site-packages/airflow/example_dags/example_display_name.py
[2026-05-18T06:53:56.167+0000] {processor.py:925} INFO - DAG(s) 'example_display_name' retrieved from /home/noelsdavid/airflow_venv/lib/python3.12/site-packages/airflow/example_dags/example_display_name.py
[2026-05-18T06:53:56.189+0000] {logging_mixin.py:190} INFO - [2026-05-18T06:53:56.188+0000] {dag.py:3239} INFO - Sync 1 DAGs
[2026-05-18T06:53:56.206+0000] {logging_mixin.py:190} INFO - [2026-05-18T06:53:56.205+0000] {dag.py:4180} INFO - Setting next_dagrun for example_display_name to None, run_after=None
[2026-05-18T06:53:56.236+0000] {processor.py:208} INFO - Processing /home/noelsdavid/airflow_venv/lib/python3.12/site-packages/airflow/example_dags/example_display_name.py took 0.095 seconds
[2026-05-18T06:55:07.861+0000] {processor.py:186} INFO - Started process (PID=15040) to work on /home/noelsdavid/airflow_venv/lib/python3.12/site-packages/airflow/example_dags/example_display_name.py
[2026-05-18T06:55:07.864+0000] {processor.py:914} INFO - Processing file /home/noelsdavid/airflow_venv/lib/python3.12/site-packages/airflow/example_dags/example_display_name.py for tasks to queue
[2026-05-18T06:55:07.866+0000] {logging_mixin.py:190} INFO - [2026-05-18T06:55:07.865+0000] {dagbag.py:588} INFO - Filling up the DagBag from /home/noelsdavid/airflow_venv/lib/python3.12/site-packages/airflow/example_dags/example_display_name.py
[2026-05-18T06:55:07.878+0000] {processor.py:925} INFO - DAG(s) 'example_display_name' retrieved from /home/noelsdavid/airflow_venv/lib/python3.12/site-packages/airflow/example_dags/example_display_name.py
[2026-05-18T06:55:07.902+0000] {logging_mixin.py:190} INFO - [2026-05-18T06:55:07.902+0000] {dag.py:3239} INFO - Sync 1 DAGs
[2026-05-18T06:55:07.931+0000] {logging_mixin.py:190} INFO - [2026-05-18T06:55:07.931+0000] {dag.py:4180} INFO - Setting next_dagrun for example_display_name to None, run_after=None
[2026-05-18T06:55:07.971+0000] {processor.py:208} INFO - Processing /home/noelsdavid/airflow_venv/lib/python3.12/site-packages/airflow/example_dags/example_display_name.py took 0.121 seconds
[2026-05-18T06:56:26.014+0000] {processor.py:186} INFO - Started process (PID=15394) to work on /home/noelsdavid/airflow_venv/lib/python3.12/site-packages/airflow/example_dags/example_display_name.py
[2026-05-18T06:56:26.016+0000] {processor.py:914} INFO - Processing file /home/noelsdavid/airflow_venv/lib/python3.12/site-packages/airflow/example_dags/example_display_name.py for tasks to queue
[2026-05-18T06:56:26.018+0000] {logging_mixin.py:190} INFO - [2026-05-18T06:56:26.018+0000] {dagbag.py:588} INFO - Filling up the DagBag from /home/noelsdavid/airflow_venv/lib/python3.12/site-packages/airflow/example_dags/example_display_name.py
[2026-05-18T06:56:26.030+0000] {processor.py:925} INFO - DAG(s) 'example_display_name' retrieved from /home/noelsdavid/airflow_venv/lib/python3.12/site-packages/airflow/example_dags/example_display_name.py
[2026-05-18T06:56:26.051+0000] {logging_mixin.py:190} INFO - [2026-05-18T06:56:26.051+0000] {dag.py:3239} INFO - Sync 1 DAGs
[2026-05-18T06:56:26.068+0000] {logging_mixin.py:190} INFO - [2026-05-18T06:56:26.068+0000] {dag.py:4180} INFO - Setting next_dagrun for example_display_name to None, run_after=None
[2026-05-18T06:56:26.105+0000] {processor.py:208} INFO - Processing /home/noelsdavid/airflow_venv/lib/python3.12/site-packages/airflow/example_dags/example_display_name.py took 0.101 seconds
[2026-05-18T06:57:45.236+0000] {processor.py:186} INFO - Started process (PID=15517) to work on /home/noelsdavid/airflow_venv/lib/python3.12/site-packages/airflow/example_dags/example_display_name.py
[2026-05-18T06:57:45.239+0000] {processor.py:914} INFO - Processing file /home/noelsdavid/airflow_venv/lib/python3.12/site-packages/airflow/example_dags/example_display_name.py for tasks to queue
[2026-05-18T06:57:45.241+0000] {logging_mixin.py:190} INFO - [2026-05-18T06:57:45.240+0000] {dagbag.py:588} INFO - Filling up the DagBag from /home/noelsdavid/airflow_venv/lib/python3.12/site-packages/airflow/example_dags/example_display_name.py
[2026-05-18T06:57:45.253+0000] {processor.py:925} INFO - DAG(s) 'example_display_name' retrieved from /home/noelsdavid/airflow_venv/lib/python3.12/site-packages/airflow/example_dags/example_display_name.py
[2026-05-18T06:57:45.276+0000] {logging_mixin.py:190} INFO - [2026-05-18T06:57:45.276+0000] {dag.py:3239} INFO - Sync 1 DAGs
[2026-05-18T06:57:45.294+0000] {logging_mixin.py:190} INFO - [2026-05-18T06:57:45.294+0000] {dag.py:4180} INFO - Setting next_dagrun for example_display_name to None, run_after=None
[2026-05-18T06:57:45.331+0000] {processor.py:208} INFO - Processing /home/noelsdavid/airflow_venv/lib/python3.12/site-packages/airflow/example_dags/example_display_name.py took 0.104 seconds
[2026-05-18T06:58:57.665+0000] {processor.py:186} INFO - Started process (PID=15803) to work on /home/noelsdavid/airflow_venv/lib/python3.12/site-packages/airflow/example_dags/example_display_name.py
[2026-05-18T06:58:57.688+0000] {processor.py:914} INFO - Processing file /home/noelsdavid/airflow_venv/lib/python3.12/site-packages/airflow/example_dags/example_display_name.py for tasks to queue
[2026-05-18T06:58:57.689+0000] {logging_mixin.py:190} INFO - [2026-05-18T06:58:57.689+0000] {dagbag.py:588} INFO - Filling up the DagBag from /home/noelsdavid/airflow_venv/lib/python3.12/site-packages/airflow/example_dags/example_display_name.py
[2026-05-18T06:58:57.703+0000] {processor.py:925} INFO - DAG(s) 'example_display_name' retrieved from /home/noelsdavid/airflow_venv/lib/python3.12/site-packages/airflow/example_dags/example_display_name.py
[2026-05-18T06:58:57.725+0000] {logging_mixin.py:190} INFO - [2026-05-18T06:58:57.724+0000] {dag.py:3239} INFO - Sync 1 DAGs
[2026-05-18T06:58:57.741+0000] {logging_mixin.py:190} INFO - [2026-05-18T06:58:57.741+0000] {dag.py:4180} INFO - Setting next_dagrun for example_display_name to None, run_after=None
[2026-05-18T06:58:57.774+0000] {processor.py:208} INFO - Processing /home/noelsdavid/airflow_venv/lib/python3.12/site-packages/airflow/example_dags/example_display_name.py took 0.119 seconds
[2026-05-18T07:00:20.073+0000] {processor.py:186} INFO - Started process (PID=16113) to work on /home/noelsdavid/airflow_venv/lib/python3.12/site-packages/airflow/example_dags/example_display_name.py
[2026-05-18T07:00:20.077+0000] {processor.py:914} INFO - Processing file /home/noelsdavid/airflow_venv/lib/python3.12/site-packages/airflow/example_dags/example_display_name.py for tasks to queue
[2026-05-18T07:00:20.080+0000] {logging_mixin.py:190} INFO - [2026-05-18T07:00:20.079+0000] {dagbag.py:588} INFO - Filling up the DagBag from /home/noelsdavid/airflow_venv/lib/python3.12/site-packages/airflow/example_dags/example_display_name.py
[2026-05-18T07:00:20.093+0000] {processor.py:925} INFO - DAG(s) 'example_display_name' retrieved from /home/noelsdavid/airflow_venv/lib/python3.12/site-packages/airflow/example_dags/example_display_name.py
[2026-05-18T07:00:20.117+0000] {logging_mixin.py:190} INFO - [2026-05-18T07:00:20.117+0000] {dag.py:3239} INFO - Sync 1 DAGs
[2026-05-18T07:00:20.136+0000] {logging_mixin.py:190} INFO - [2026-05-18T07:00:20.135+0000] {dag.py:4180} INFO - Setting next_dagrun for example_display_name to None, run_after=None
[2026-05-18T07:00:20.172+0000] {processor.py:208} INFO - Processing /home/noelsdavid/airflow_venv/lib/python3.12/site-packages/airflow/example_dags/example_display_name.py took 0.108 seconds
[2026-05-18T07:01:35.544+0000] {processor.py:186} INFO - Started process (PID=16421) to work on /home/noelsdavid/airflow_venv/lib/python3.12/site-packages/airflow/example_dags/example_display_name.py
[2026-05-18T07:01:35.565+0000] {processor.py:914} INFO - Processing file /home/noelsdavid/airflow_venv/lib/python3.12/site-packages/airflow/example_dags/example_display_name.py for tasks to queue
[2026-05-18T07:01:35.568+0000] {logging_mixin.py:190} INFO - [2026-05-18T07:01:35.567+0000] {dagbag.py:588} INFO - Filling up the DagBag from /home/noelsdavid/airflow_venv/lib/python3.12/site-packages/airflow/example_dags/example_display_name.py
[2026-05-18T07:01:35.581+0000] {processor.py:925} INFO - DAG(s) 'example_display_name' retrieved from /home/noelsdavid/airflow_venv/lib/python3.12/site-packages/airflow/example_dags/example_display_name.py
[2026-05-18T07:01:35.601+0000] {logging_mixin.py:190} INFO - [2026-05-18T07:01:35.601+0000] {dag.py:3239} INFO - Sync 1 DAGs
[2026-05-18T07:01:35.619+0000] {logging_mixin.py:190} INFO - [2026-05-18T07:01:35.619+0000] {dag.py:4180} INFO - Setting next_dagrun for example_display_name to None, run_after=None
[2026-05-18T07:01:35.651+0000] {processor.py:208} INFO - Processing /home/noelsdavid/airflow_venv/lib/python3.12/site-packages/airflow/example_dags/example_display_name.py took 0.116 seconds
[2026-05-18T07:02:46.862+0000] {processor.py:186} INFO - Started process (PID=16499) to work on /home/noelsdavid/airflow_venv/lib/python3.12/site-packages/airflow/example_dags/example_display_name.py
[2026-05-18T07:02:46.865+0000] {processor.py:914} INFO - Processing file /home/noelsdavid/airflow_venv/lib/python3.12/site-packages/airflow/example_dags/example_display_name.py for tasks to queue
[2026-05-18T07:02:46.867+0000] {logging_mixin.py:190} INFO - [2026-05-18T07:02:46.866+0000] {dagbag.py:588} INFO - Filling up the DagBag from /home/noelsdavid/airflow_venv/lib/python3.12/site-packages/airflow/example_dags/example_display_name.py
[2026-05-18T07:02:46.879+0000] {processor.py:925} INFO - DAG(s) 'example_display_name' retrieved from /home/noelsdavid/airflow_venv/lib/python3.12/site-packages/airflow/example_dags/example_display_name.py
[2026-05-18T07:02:46.899+0000] {logging_mixin.py:190} INFO - [2026-05-18T07:02:46.899+0000] {dag.py:3239} INFO - Sync 1 DAGs
[2026-05-18T07:02:46.916+0000] {logging_mixin.py:190} INFO - [2026-05-18T07:02:46.916+0000] {dag.py:4180} INFO - Setting next_dagrun for example_display_name to None, run_after=None
[2026-05-18T07:02:46.946+0000] {processor.py:208} INFO - Processing /home/noelsdavid/airflow_venv/lib/python3.12/site-packages/airflow/example_dags/example_display_name.py took 0.094 seconds
[2026-05-18T07:03:59.295+0000] {processor.py:186} INFO - Started process (PID=16577) to work on /home/noelsdavid/airflow_venv/lib/python3.12/site-packages/airflow/example_dags/example_display_name.py
[2026-05-18T07:03:59.298+0000] {processor.py:914} INFO - Processing file /home/noelsdavid/airflow_venv/lib/python3.12/site-packages/airflow/example_dags/example_display_name.py for tasks to queue
[2026-05-18T07:03:59.300+0000] {logging_mixin.py:190} INFO - [2026-05-18T07:03:59.299+0000] {dagbag.py:588} INFO - Filling up the DagBag from /home/noelsdavid/airflow_venv/lib/python3.12/site-packages/airflow/example_dags/example_display_name.py
[2026-05-18T07:03:59.313+0000] {processor.py:925} INFO - DAG(s) 'example_display_name' retrieved from /home/noelsdavid/airflow_venv/lib/python3.12/site-packages/airflow/example_dags/example_display_name.py
[2026-05-18T07:03:59.334+0000] {logging_mixin.py:190} INFO - [2026-05-18T07:03:59.334+0000] {dag.py:3239} INFO - Sync 1 DAGs
[2026-05-18T07:03:59.351+0000] {logging_mixin.py:190} INFO - [2026-05-18T07:03:59.350+0000] {dag.py:4180} INFO - Setting next_dagrun for example_display_name to None, run_after=None
[2026-05-18T07:03:59.381+0000] {processor.py:208} INFO - Processing /home/noelsdavid/airflow_venv/lib/python3.12/site-packages/airflow/example_dags/example_display_name.py took 0.095 seconds
[2026-05-18T07:05:08.064+0000] {processor.py:186} INFO - Started process (PID=16652) to work on /home/noelsdavid/airflow_venv/lib/python3.12/site-packages/airflow/example_dags/example_display_name.py
[2026-05-18T07:05:08.078+0000] {processor.py:914} INFO - Processing file /home/noelsdavid/airflow_venv/lib/python3.12/site-packages/airflow/example_dags/example_display_name.py for tasks to queue
[2026-05-18T07:05:08.080+0000] {logging_mixin.py:190} INFO - [2026-05-18T07:05:08.079+0000] {dagbag.py:588} INFO - Filling up the DagBag from /home/noelsdavid/airflow_venv/lib/python3.12/site-packages/airflow/example_dags/example_display_name.py
[2026-05-18T07:05:08.093+0000] {processor.py:925} INFO - DAG(s) 'example_display_name' retrieved from /home/noelsdavid/airflow_venv/lib/python3.12/site-packages/airflow/example_dags/example_display_name.py
[2026-05-18T07:05:08.116+0000] {logging_mixin.py:190} INFO - [2026-05-18T07:05:08.116+0000] {dag.py:3239} INFO - Sync 1 DAGs
[2026-05-18T07:05:08.136+0000] {logging_mixin.py:190} INFO - [2026-05-18T07:05:08.136+0000] {dag.py:4180} INFO - Setting next_dagrun for example_display_name to None, run_after=None
[2026-05-18T07:05:08.169+0000] {processor.py:208} INFO - Processing /home/noelsdavid/airflow_venv/lib/python3.12/site-packages/airflow/example_dags/example_display_name.py took 0.114 seconds
[2026-05-18T07:06:27.912+0000] {processor.py:186} INFO - Started process (PID=16759) to work on /home/noelsdavid/airflow_venv/lib/python3.12/site-packages/airflow/example_dags/example_display_name.py
[2026-05-18T07:06:27.915+0000] {processor.py:914} INFO - Processing file /home/noelsdavid/airflow_venv/lib/python3.12/site-packages/airflow/example_dags/example_display_name.py for tasks to queue
[2026-05-18T07:06:27.917+0000] {logging_mixin.py:190} INFO - [2026-05-18T07:06:27.916+0000] {dagbag.py:588} INFO - Filling up the DagBag from /home/noelsdavid/airflow_venv/lib/python3.12/site-packages/airflow/example_dags/example_display_name.py
[2026-05-18T07:06:27.928+0000] {processor.py:925} INFO - DAG(s) 'example_display_name' retrieved from /home/noelsdavid/airflow_venv/lib/python3.12/site-packages/airflow/example_dags/example_display_name.py
[2026-05-18T07:06:27.950+0000] {logging_mixin.py:190} INFO - [2026-05-18T07:06:27.950+0000] {dag.py:3239} INFO - Sync 1 DAGs
[2026-05-18T07:06:27.967+0000] {logging_mixin.py:190} INFO - [2026-05-18T07:06:27.966+0000] {dag.py:4180} INFO - Setting next_dagrun for example_display_name to None, run_after=None
[2026-05-18T07:06:27.998+0000] {processor.py:208} INFO - Processing /home/noelsdavid/airflow_venv/lib/python3.12/site-packages/airflow/example_dags/example_display_name.py took 0.095 seconds
[2026-05-18T07:07:45.358+0000] {processor.py:186} INFO - Started process (PID=16839) to work on /home/noelsdavid/airflow_venv/lib/python3.12/site-packages/airflow/example_dags/example_display_name.py
[2026-05-18T07:07:45.360+0000] {processor.py:914} INFO - Processing file /home/noelsdavid/airflow_venv/lib/python3.12/site-packages/airflow/example_dags/example_display_name.py for tasks to queue
[2026-05-18T07:07:45.362+0000] {logging_mixin.py:190} INFO - [2026-05-18T07:07:45.362+0000] {dagbag.py:588} INFO - Filling up the DagBag from /home/noelsdavid/airflow_venv/lib/python3.12/site-packages/airflow/example_dags/example_display_name.py
[2026-05-18T07:07:45.376+0000] {processor.py:925} INFO - DAG(s) 'example_display_name' retrieved from /home/noelsdavid/airflow_venv/lib/python3.12/site-packages/airflow/example_dags/example_display_name.py
[2026-05-18T07:07:45.577+0000] {logging_mixin.py:190} INFO - [2026-05-18T07:07:45.577+0000] {dag.py:3239} INFO - Sync 1 DAGs
[2026-05-18T07:07:45.592+0000] {logging_mixin.py:190} INFO - [2026-05-18T07:07:45.592+0000] {dag.py:4180} INFO - Setting next_dagrun for example_display_name to None, run_after=None
[2026-05-18T07:07:45.624+0000] {processor.py:208} INFO - Processing /home/noelsdavid/airflow_venv/lib/python3.12/site-packages/airflow/example_dags/example_display_name.py took 0.276 seconds
[2026-05-18T07:09:05.896+0000] {processor.py:186} INFO - Started process (PID=16921) to work on /home/noelsdavid/airflow_venv/lib/python3.12/site-packages/airflow/example_dags/example_display_name.py
[2026-05-18T07:09:05.899+0000] {processor.py:914} INFO - Processing file /home/noelsdavid/airflow_venv/lib/python3.12/site-packages/airflow/example_dags/example_display_name.py for tasks to queue
[2026-05-18T07:09:05.901+0000] {logging_mixin.py:190} INFO - [2026-05-18T07:09:05.900+0000] {dagbag.py:588} INFO - Filling up the DagBag from /home/noelsdavid/airflow_venv/lib/python3.12/site-packages/airflow/example_dags/example_display_name.py
[2026-05-18T07:09:05.913+0000] {processor.py:925} INFO - DAG(s) 'example_display_name' retrieved from /home/noelsdavid/airflow_venv/lib/python3.12/site-packages/airflow/example_dags/example_display_name.py
[2026-05-18T07:09:06.109+0000] {logging_mixin.py:190} INFO - [2026-05-18T07:09:06.108+0000] {dag.py:3239} INFO - Sync 1 DAGs
[2026-05-18T07:09:06.122+0000] {logging_mixin.py:190} INFO - [2026-05-18T07:09:06.122+0000] {dag.py:4180} INFO - Setting next_dagrun for example_display_name to None, run_after=None
[2026-05-18T07:09:06.154+0000] {processor.py:208} INFO - Processing /home/noelsdavid/airflow_venv/lib/python3.12/site-packages/airflow/example_dags/example_display_name.py took 0.268 seconds
[2026-05-18T07:10:27.213+0000] {processor.py:186} INFO - Started process (PID=17031) to work on /home/noelsdavid/airflow_venv/lib/python3.12/site-packages/airflow/example_dags/example_display_name.py
[2026-05-18T07:10:27.216+0000] {processor.py:914} INFO - Processing file /home/noelsdavid/airflow_venv/lib/python3.12/site-packages/airflow/example_dags/example_display_name.py for tasks to queue
[2026-05-18T07:10:27.218+0000] {logging_mixin.py:190} INFO - [2026-05-18T07:10:27.218+0000] {dagbag.py:588} INFO - Filling up the DagBag from /home/noelsdavid/airflow_venv/lib/python3.12/site-packages/airflow/example_dags/example_display_name.py
[2026-05-18T07:10:27.232+0000] {processor.py:925} INFO - DAG(s) 'example_display_name' retrieved from /home/noelsdavid/airflow_venv/lib/python3.12/site-packages/airflow/example_dags/example_display_name.py
[2026-05-18T07:10:27.255+0000] {logging_mixin.py:190} INFO - [2026-05-18T07:10:27.255+0000] {dag.py:3239} INFO - Sync 1 DAGs
[2026-05-18T07:10:27.275+0000] {logging_mixin.py:190} INFO - [2026-05-18T07:10:27.275+0000] {dag.py:4180} INFO - Setting next_dagrun for example_display_name to None, run_after=None
[2026-05-18T07:10:27.313+0000] {processor.py:208} INFO - Processing /home/noelsdavid/airflow_venv/lib/python3.12/site-packages/airflow/example_dags/example_display_name.py took 0.110 seconds
[2026-05-18T07:11:41.371+0000] {processor.py:186} INFO - Started process (PID=17110) to work on /home/noelsdavid/airflow_venv/lib/python3.12/site-packages/airflow/example_dags/example_display_name.py
[2026-05-18T07:11:41.374+0000] {processor.py:914} INFO - Processing file /home/noelsdavid/airflow_venv/lib/python3.12/site-packages/airflow/example_dags/example_display_name.py for tasks to queue
[2026-05-18T07:11:41.376+0000] {logging_mixin.py:190} INFO - [2026-05-18T07:11:41.375+0000] {dagbag.py:588} INFO - Filling up the DagBag from /home/noelsdavid/airflow_venv/lib/python3.12/site-packages/airflow/example_dags/example_display_name.py
[2026-05-18T07:11:41.390+0000] {processor.py:925} INFO - DAG(s) 'example_display_name' retrieved from /home/noelsdavid/airflow_venv/lib/python3.12/site-packages/airflow/example_dags/example_display_name.py
[2026-05-18T07:11:41.412+0000] {logging_mixin.py:190} INFO - [2026-05-18T07:11:41.412+0000] {dag.py:3239} INFO - Sync 1 DAGs
[2026-05-18T07:11:41.431+0000] {logging_mixin.py:190} INFO - [2026-05-18T07:11:41.431+0000] {dag.py:4180} INFO - Setting next_dagrun for example_display_name to None, run_after=None
[2026-05-18T07:11:41.469+0000] {processor.py:208} INFO - Processing /home/noelsdavid/airflow_venv/lib/python3.12/site-packages/airflow/example_dags/example_display_name.py took 0.108 seconds
[2026-05-18T07:12:55.501+0000] {processor.py:186} INFO - Started process (PID=17187) to work on /home/noelsdavid/airflow_venv/lib/python3.12/site-packages/airflow/example_dags/example_display_name.py
[2026-05-18T07:12:55.504+0000] {processor.py:914} INFO - Processing file /home/noelsdavid/airflow_venv/lib/python3.12/site-packages/airflow/example_dags/example_display_name.py for tasks to queue
[2026-05-18T07:12:55.506+0000] {logging_mixin.py:190} INFO - [2026-05-18T07:12:55.505+0000] {dagbag.py:588} INFO - Filling up the DagBag from /home/noelsdavid/airflow_venv/lib/python3.12/site-packages/airflow/example_dags/example_display_name.py
[2026-05-18T07:12:55.518+0000] {processor.py:925} INFO - DAG(s) 'example_display_name' retrieved from /home/noelsdavid/airflow_venv/lib/python3.12/site-packages/airflow/example_dags/example_display_name.py
[2026-05-18T07:12:55.540+0000] {logging_mixin.py:190} INFO - [2026-05-18T07:12:55.540+0000] {dag.py:3239} INFO - Sync 1 DAGs
[2026-05-18T07:12:55.558+0000] {logging_mixin.py:190} INFO - [2026-05-18T07:12:55.558+0000] {dag.py:4180} INFO - Setting next_dagrun for example_display_name to None, run_after=None
[2026-05-18T07:12:55.594+0000] {processor.py:208} INFO - Processing /home/noelsdavid/airflow_venv/lib/python3.12/site-packages/airflow/example_dags/example_display_name.py took 0.103 seconds
[2026-05-18T07:14:10.724+0000] {processor.py:186} INFO - Started process (PID=17267) to work on /home/noelsdavid/airflow_venv/lib/python3.12/site-packages/airflow/example_dags/example_display_name.py
[2026-05-18T07:14:10.726+0000] {processor.py:914} INFO - Processing file /home/noelsdavid/airflow_venv/lib/python3.12/site-packages/airflow/example_dags/example_display_name.py for tasks to queue
[2026-05-18T07:14:10.728+0000] {logging_mixin.py:190} INFO - [2026-05-18T07:14:10.728+0000] {dagbag.py:588} INFO - Filling up the DagBag from /home/noelsdavid/airflow_venv/lib/python3.12/site-packages/airflow/example_dags/example_display_name.py
[2026-05-18T07:14:10.741+0000] {processor.py:925} INFO - DAG(s) 'example_display_name' retrieved from /home/noelsdavid/airflow_venv/lib/python3.12/site-packages/airflow/example_dags/example_display_name.py
[2026-05-18T07:14:10.762+0000] {logging_mixin.py:190} INFO - [2026-05-18T07:14:10.762+0000] {dag.py:3239} INFO - Sync 1 DAGs
[2026-05-18T07:14:10.779+0000] {logging_mixin.py:190} INFO - [2026-05-18T07:14:10.779+0000] {dag.py:4180} INFO - Setting next_dagrun for example_display_name to None, run_after=None
[2026-05-18T07:14:10.811+0000] {processor.py:208} INFO - Processing /home/noelsdavid/airflow_venv/lib/python3.12/site-packages/airflow/example_dags/example_display_name.py took 0.097 seconds
[2026-05-18T07:15:21.086+0000] {processor.py:186} INFO - Started process (PID=17369) to work on /home/noelsdavid/airflow_venv/lib/python3.12/site-packages/airflow/example_dags/example_display_name.py
[2026-05-18T07:15:21.089+0000] {processor.py:914} INFO - Processing file /home/noelsdavid/airflow_venv/lib/python3.12/site-packages/airflow/example_dags/example_display_name.py for tasks to queue
[2026-05-18T07:15:21.092+0000] {logging_mixin.py:190} INFO - [2026-05-18T07:15:21.090+0000] {dagbag.py:588} INFO - Filling up the DagBag from /home/noelsdavid/airflow_venv/lib/python3.12/site-packages/airflow/example_dags/example_display_name.py
[2026-05-18T07:15:21.104+0000] {processor.py:925} INFO - DAG(s) 'example_display_name' retrieved from /home/noelsdavid/airflow_venv/lib/python3.12/site-packages/airflow/example_dags/example_display_name.py
[2026-05-18T07:15:21.127+0000] {logging_mixin.py:190} INFO - [2026-05-18T07:15:21.126+0000] {dag.py:3239} INFO - Sync 1 DAGs
[2026-05-18T07:15:21.147+0000] {logging_mixin.py:190} INFO - [2026-05-18T07:15:21.146+0000] {dag.py:4180} INFO - Setting next_dagrun for example_display_name to None, run_after=None
[2026-05-18T07:15:21.181+0000] {processor.py:208} INFO - Processing /home/noelsdavid/airflow_venv/lib/python3.12/site-packages/airflow/example_dags/example_display_name.py took 0.104 seconds
[2026-05-18T07:16:39.009+0000] {processor.py:186} INFO - Started process (PID=17449) to work on /home/noelsdavid/airflow_venv/lib/python3.12/site-packages/airflow/example_dags/example_display_name.py
[2026-05-18T07:16:39.012+0000] {processor.py:914} INFO - Processing file /home/noelsdavid/airflow_venv/lib/python3.12/site-packages/airflow/example_dags/example_display_name.py for tasks to queue
[2026-05-18T07:16:39.014+0000] {logging_mixin.py:190} INFO - [2026-05-18T07:16:39.014+0000] {dagbag.py:588} INFO - Filling up the DagBag from /home/noelsdavid/airflow_venv/lib/python3.12/site-packages/airflow/example_dags/example_display_name.py
[2026-05-18T07:16:39.029+0000] {processor.py:925} INFO - DAG(s) 'example_display_name' retrieved from /home/noelsdavid/airflow_venv/lib/python3.12/site-packages/airflow/example_dags/example_display_name.py
[2026-05-18T07:16:39.057+0000] {logging_mixin.py:190} INFO - [2026-05-18T07:16:39.056+0000] {dag.py:3239} INFO - Sync 1 DAGs
[2026-05-18T07:16:39.075+0000] {logging_mixin.py:190} INFO - [2026-05-18T07:16:39.075+0000] {dag.py:4180} INFO - Setting next_dagrun for example_display_name to None, run_after=None
[2026-05-18T07:16:39.115+0000] {processor.py:208} INFO - Processing /home/noelsdavid/airflow_venv/lib/python3.12/site-packages/airflow/example_dags/example_display_name.py took 0.117 seconds
[2026-05-18T07:17:55.795+0000] {processor.py:186} INFO - Started process (PID=17531) to work on /home/noelsdavid/airflow_venv/lib/python3.12/site-packages/airflow/example_dags/example_display_name.py
[2026-05-18T07:17:55.798+0000] {processor.py:914} INFO - Processing file /home/noelsdavid/airflow_venv/lib/python3.12/site-packages/airflow/example_dags/example_display_name.py for tasks to queue
[2026-05-18T07:17:55.800+0000] {logging_mixin.py:190} INFO - [2026-05-18T07:17:55.799+0000] {dagbag.py:588} INFO - Filling up the DagBag from /home/noelsdavid/airflow_venv/lib/python3.12/site-packages/airflow/example_dags/example_display_name.py
[2026-05-18T07:17:55.812+0000] {processor.py:925} INFO - DAG(s) 'example_display_name' retrieved from /home/noelsdavid/airflow_venv/lib/python3.12/site-packages/airflow/example_dags/example_display_name.py
[2026-05-18T07:17:55.833+0000] {logging_mixin.py:190} INFO - [2026-05-18T07:17:55.833+0000] {dag.py:3239} INFO - Sync 1 DAGs
[2026-05-18T07:17:55.852+0000] {logging_mixin.py:190} INFO - [2026-05-18T07:17:55.851+0000] {dag.py:4180} INFO - Setting next_dagrun for example_display_name to None, run_after=None
[2026-05-18T07:17:55.885+0000] {processor.py:208} INFO - Processing /home/noelsdavid/airflow_venv/lib/python3.12/site-packages/airflow/example_dags/example_display_name.py took 0.100 seconds
[2026-05-18T07:19:02.167+0000] {processor.py:186} INFO - Started process (PID=17607) to work on /home/noelsdavid/airflow_venv/lib/python3.12/site-packages/airflow/example_dags/example_display_name.py
[2026-05-18T07:19:02.169+0000] {processor.py:914} INFO - Processing file /home/noelsdavid/airflow_venv/lib/python3.12/site-packages/airflow/example_dags/example_display_name.py for tasks to queue
[2026-05-18T07:19:02.172+0000] {logging_mixin.py:190} INFO - [2026-05-18T07:19:02.171+0000] {dagbag.py:588} INFO - Filling up the DagBag from /home/noelsdavid/airflow_venv/lib/python3.12/site-packages/airflow/example_dags/example_display_name.py
[2026-05-18T07:19:02.184+0000] {processor.py:925} INFO - DAG(s) 'example_display_name' retrieved from /home/noelsdavid/airflow_venv/lib/python3.12/site-packages/airflow/example_dags/example_display_name.py
[2026-05-18T07:19:02.206+0000] {logging_mixin.py:190} INFO - [2026-05-18T07:19:02.206+0000] {dag.py:3239} INFO - Sync 1 DAGs
[2026-05-18T07:19:02.224+0000] {logging_mixin.py:190} INFO - [2026-05-18T07:19:02.224+0000] {dag.py:4180} INFO - Setting next_dagrun for example_display_name to None, run_after=None
[2026-05-18T07:19:02.258+0000] {processor.py:208} INFO - Processing /home/noelsdavid/airflow_venv/lib/python3.12/site-packages/airflow/example_dags/example_display_name.py took 0.101 seconds
[2026-05-18T07:20:13.306+0000] {processor.py:186} INFO - Started process (PID=17687) to work on /home/noelsdavid/airflow_venv/lib/python3.12/site-packages/airflow/example_dags/example_display_name.py
[2026-05-18T07:20:13.309+0000] {processor.py:914} INFO - Processing file /home/noelsdavid/airflow_venv/lib/python3.12/site-packages/airflow/example_dags/example_display_name.py for tasks to queue
[2026-05-18T07:20:13.311+0000] {logging_mixin.py:190} INFO - [2026-05-18T07:20:13.310+0000] {dagbag.py:588} INFO - Filling up the DagBag from /home/noelsdavid/airflow_venv/lib/python3.12/site-packages/airflow/example_dags/example_display_name.py
[2026-05-18T07:20:13.324+0000] {processor.py:925} INFO - DAG(s) 'example_display_name' retrieved from /home/noelsdavid/airflow_venv/lib/python3.12/site-packages/airflow/example_dags/example_display_name.py
[2026-05-18T07:20:13.347+0000] {logging_mixin.py:190} INFO - [2026-05-18T07:20:13.347+0000] {dag.py:3239} INFO - Sync 1 DAGs
[2026-05-18T07:20:13.371+0000] {logging_mixin.py:190} INFO - [2026-05-18T07:20:13.370+0000] {dag.py:4180} INFO - Setting next_dagrun for example_display_name to None, run_after=None
[2026-05-18T07:20:13.407+0000] {processor.py:208} INFO - Processing /home/noelsdavid/airflow_venv/lib/python3.12/site-packages/airflow/example_dags/example_display_name.py took 0.112 seconds
[2026-05-18T07:21:26.525+0000] {processor.py:186} INFO - Started process (PID=17792) to work on /home/noelsdavid/airflow_venv/lib/python3.12/site-packages/airflow/example_dags/example_display_name.py
[2026-05-18T07:21:26.528+0000] {processor.py:914} INFO - Processing file /home/noelsdavid/airflow_venv/lib/python3.12/site-packages/airflow/example_dags/example_display_name.py for tasks to queue
[2026-05-18T07:21:26.530+0000] {logging_mixin.py:190} INFO - [2026-05-18T07:21:26.529+0000] {dagbag.py:588} INFO - Filling up the DagBag from /home/noelsdavid/airflow_venv/lib/python3.12/site-packages/airflow/example_dags/example_display_name.py
[2026-05-18T07:21:26.544+0000] {processor.py:925} INFO - DAG(s) 'example_display_name' retrieved from /home/noelsdavid/airflow_venv/lib/python3.12/site-packages/airflow/example_dags/example_display_name.py
[2026-05-18T07:21:26.566+0000] {logging_mixin.py:190} INFO - [2026-05-18T07:21:26.566+0000] {dag.py:3239} INFO - Sync 1 DAGs
[2026-05-18T07:21:26.584+0000] {logging_mixin.py:190} INFO - [2026-05-18T07:21:26.584+0000] {dag.py:4180} INFO - Setting next_dagrun for example_display_name to None, run_after=None
[2026-05-18T07:21:26.623+0000] {processor.py:208} INFO - Processing /home/noelsdavid/airflow_venv/lib/python3.12/site-packages/airflow/example_dags/example_display_name.py took 0.108 seconds
[2026-05-18T07:22:38.019+0000] {processor.py:186} INFO - Started process (PID=17870) to work on /home/noelsdavid/airflow_venv/lib/python3.12/site-packages/airflow/example_dags/example_display_name.py
[2026-05-18T07:22:38.054+0000] {processor.py:914} INFO - Processing file /home/noelsdavid/airflow_venv/lib/python3.12/site-packages/airflow/example_dags/example_display_name.py for tasks to queue
[2026-05-18T07:22:38.056+0000] {logging_mixin.py:190} INFO - [2026-05-18T07:22:38.055+0000] {dagbag.py:588} INFO - Filling up the DagBag from /home/noelsdavid/airflow_venv/lib/python3.12/site-packages/airflow/example_dags/example_display_name.py
[2026-05-18T07:22:38.069+0000] {processor.py:925} INFO - DAG(s) 'example_display_name' retrieved from /home/noelsdavid/airflow_venv/lib/python3.12/site-packages/airflow/example_dags/example_display_name.py
[2026-05-18T07:22:38.090+0000] {logging_mixin.py:190} INFO - [2026-05-18T07:22:38.090+0000] {dag.py:3239} INFO - Sync 1 DAGs
[2026-05-18T07:22:38.108+0000] {logging_mixin.py:190} INFO - [2026-05-18T07:22:38.107+0000] {dag.py:4180} INFO - Setting next_dagrun for example_display_name to None, run_after=None
[2026-05-18T07:22:38.143+0000] {processor.py:208} INFO - Processing /home/noelsdavid/airflow_venv/lib/python3.12/site-packages/airflow/example_dags/example_display_name.py took 0.134 seconds
[2026-05-18T07:23:51.581+0000] {processor.py:186} INFO - Started process (PID=17949) to work on /home/noelsdavid/airflow_venv/lib/python3.12/site-packages/airflow/example_dags/example_display_name.py
[2026-05-18T07:23:51.623+0000] {processor.py:914} INFO - Processing file /home/noelsdavid/airflow_venv/lib/python3.12/site-packages/airflow/example_dags/example_display_name.py for tasks to queue
[2026-05-18T07:23:51.625+0000] {logging_mixin.py:190} INFO - [2026-05-18T07:23:51.625+0000] {dagbag.py:588} INFO - Filling up the DagBag from /home/noelsdavid/airflow_venv/lib/python3.12/site-packages/airflow/example_dags/example_display_name.py
[2026-05-18T07:23:51.638+0000] {processor.py:925} INFO - DAG(s) 'example_display_name' retrieved from /home/noelsdavid/airflow_venv/lib/python3.12/site-packages/airflow/example_dags/example_display_name.py
[2026-05-18T07:23:51.676+0000] {logging_mixin.py:190} INFO - [2026-05-18T07:23:51.675+0000] {dag.py:3239} INFO - Sync 1 DAGs
[2026-05-18T07:23:51.713+0000] {logging_mixin.py:190} INFO - [2026-05-18T07:23:51.712+0000] {dag.py:4180} INFO - Setting next_dagrun for example_display_name to None, run_after=None
[2026-05-18T07:23:51.761+0000] {processor.py:208} INFO - Processing /home/noelsdavid/airflow_venv/lib/python3.12/site-packages/airflow/example_dags/example_display_name.py took 0.190 seconds
[2026-05-18T07:25:04.665+0000] {processor.py:186} INFO - Started process (PID=18029) to work on /home/noelsdavid/airflow_venv/lib/python3.12/site-packages/airflow/example_dags/example_display_name.py
[2026-05-18T07:25:04.668+0000] {processor.py:914} INFO - Processing file /home/noelsdavid/airflow_venv/lib/python3.12/site-packages/airflow/example_dags/example_display_name.py for tasks to queue
[2026-05-18T07:25:04.670+0000] {logging_mixin.py:190} INFO - [2026-05-18T07:25:04.670+0000] {dagbag.py:588} INFO - Filling up the DagBag from /home/noelsdavid/airflow_venv/lib/python3.12/site-packages/airflow/example_dags/example_display_name.py
[2026-05-18T07:25:04.684+0000] {processor.py:925} INFO - DAG(s) 'example_display_name' retrieved from /home/noelsdavid/airflow_venv/lib/python3.12/site-packages/airflow/example_dags/example_display_name.py
[2026-05-18T07:25:04.705+0000] {logging_mixin.py:190} INFO - [2026-05-18T07:25:04.705+0000] {dag.py:3239} INFO - Sync 1 DAGs
[2026-05-18T07:25:04.723+0000] {logging_mixin.py:190} INFO - [2026-05-18T07:25:04.723+0000] {dag.py:4180} INFO - Setting next_dagrun for example_display_name to None, run_after=None
[2026-05-18T07:25:04.765+0000] {processor.py:208} INFO - Processing /home/noelsdavid/airflow_venv/lib/python3.12/site-packages/airflow/example_dags/example_display_name.py took 0.109 seconds
[2026-05-18T07:26:10.008+0000] {processor.py:186} INFO - Started process (PID=18125) to work on /home/noelsdavid/airflow_venv/lib/python3.12/site-packages/airflow/example_dags/example_display_name.py
[2026-05-18T07:26:10.011+0000] {processor.py:914} INFO - Processing file /home/noelsdavid/airflow_venv/lib/python3.12/site-packages/airflow/example_dags/example_display_name.py for tasks to queue
[2026-05-18T07:26:10.013+0000] {logging_mixin.py:190} INFO - [2026-05-18T07:26:10.012+0000] {dagbag.py:588} INFO - Filling up the DagBag from /home/noelsdavid/airflow_venv/lib/python3.12/site-packages/airflow/example_dags/example_display_name.py
[2026-05-18T07:26:10.027+0000] {processor.py:925} INFO - DAG(s) 'example_display_name' retrieved from /home/noelsdavid/airflow_venv/lib/python3.12/site-packages/airflow/example_dags/example_display_name.py
[2026-05-18T07:26:10.048+0000] {logging_mixin.py:190} INFO - [2026-05-18T07:26:10.048+0000] {dag.py:3239} INFO - Sync 1 DAGs
[2026-05-18T07:26:10.066+0000] {logging_mixin.py:190} INFO - [2026-05-18T07:26:10.066+0000] {dag.py:4180} INFO - Setting next_dagrun for example_display_name to None, run_after=None
[2026-05-18T07:26:10.097+0000] {processor.py:208} INFO - Processing /home/noelsdavid/airflow_venv/lib/python3.12/site-packages/airflow/example_dags/example_display_name.py took 0.099 seconds
[2026-05-18T07:27:20.439+0000] {processor.py:186} INFO - Started process (PID=18202) to work on /home/noelsdavid/airflow_venv/lib/python3.12/site-packages/airflow/example_dags/example_display_name.py
[2026-05-18T07:27:20.442+0000] {processor.py:914} INFO - Processing file /home/noelsdavid/airflow_venv/lib/python3.12/site-packages/airflow/example_dags/example_display_name.py for tasks to queue
[2026-05-18T07:27:20.444+0000] {logging_mixin.py:190} INFO - [2026-05-18T07:27:20.443+0000] {dagbag.py:588} INFO - Filling up the DagBag from /home/noelsdavid/airflow_venv/lib/python3.12/site-packages/airflow/example_dags/example_display_name.py
[2026-05-18T07:27:20.456+0000] {processor.py:925} INFO - DAG(s) 'example_display_name' retrieved from /home/noelsdavid/airflow_venv/lib/python3.12/site-packages/airflow/example_dags/example_display_name.py
[2026-05-18T07:27:20.479+0000] {logging_mixin.py:190} INFO - [2026-05-18T07:27:20.479+0000] {dag.py:3239} INFO - Sync 1 DAGs
[2026-05-18T07:27:20.498+0000] {logging_mixin.py:190} INFO - [2026-05-18T07:27:20.498+0000] {dag.py:4180} INFO - Setting next_dagrun for example_display_name to None, run_after=None
[2026-05-18T07:27:20.531+0000] {processor.py:208} INFO - Processing /home/noelsdavid/airflow_venv/lib/python3.12/site-packages/airflow/example_dags/example_display_name.py took 0.103 seconds
[2026-05-18T07:28:30.748+0000] {processor.py:186} INFO - Started process (PID=18280) to work on /home/noelsdavid/airflow_venv/lib/python3.12/site-packages/airflow/example_dags/example_display_name.py
[2026-05-18T07:28:30.751+0000] {processor.py:914} INFO - Processing file /home/noelsdavid/airflow_venv/lib/python3.12/site-packages/airflow/example_dags/example_display_name.py for tasks to queue
[2026-05-18T07:28:30.753+0000] {logging_mixin.py:190} INFO - [2026-05-18T07:28:30.752+0000] {dagbag.py:588} INFO - Filling up the DagBag from /home/noelsdavid/airflow_venv/lib/python3.12/site-packages/airflow/example_dags/example_display_name.py
[2026-05-18T07:28:30.765+0000] {processor.py:925} INFO - DAG(s) 'example_display_name' retrieved from /home/noelsdavid/airflow_venv/lib/python3.12/site-packages/airflow/example_dags/example_display_name.py
[2026-05-18T07:28:30.787+0000] {logging_mixin.py:190} INFO - [2026-05-18T07:28:30.787+0000] {dag.py:3239} INFO - Sync 1 DAGs
[2026-05-18T07:28:30.804+0000] {logging_mixin.py:190} INFO - [2026-05-18T07:28:30.803+0000] {dag.py:4180} INFO - Setting next_dagrun for example_display_name to None, run_after=None
[2026-05-18T07:28:30.835+0000] {processor.py:208} INFO - Processing /home/noelsdavid/airflow_venv/lib/python3.12/site-packages/airflow/example_dags/example_display_name.py took 0.096 seconds
[2026-05-18T07:29:44.068+0000] {processor.py:186} INFO - Started process (PID=18359) to work on /home/noelsdavid/airflow_venv/lib/python3.12/site-packages/airflow/example_dags/example_display_name.py
[2026-05-18T07:29:44.071+0000] {processor.py:914} INFO - Processing file /home/noelsdavid/airflow_venv/lib/python3.12/site-packages/airflow/example_dags/example_display_name.py for tasks to queue
[2026-05-18T07:29:44.073+0000] {logging_mixin.py:190} INFO - [2026-05-18T07:29:44.072+0000] {dagbag.py:588} INFO - Filling up the DagBag from /home/noelsdavid/airflow_venv/lib/python3.12/site-packages/airflow/example_dags/example_display_name.py
[2026-05-18T07:29:44.086+0000] {processor.py:925} INFO - DAG(s) 'example_display_name' retrieved from /home/noelsdavid/airflow_venv/lib/python3.12/site-packages/airflow/example_dags/example_display_name.py
[2026-05-18T07:29:44.112+0000] {logging_mixin.py:190} INFO - [2026-05-18T07:29:44.112+0000] {dag.py:3239} INFO - Sync 1 DAGs
[2026-05-18T07:29:44.131+0000] {logging_mixin.py:190} INFO - [2026-05-18T07:29:44.131+0000] {dag.py:4180} INFO - Setting next_dagrun for example_display_name to None, run_after=None
[2026-05-18T07:29:44.162+0000] {processor.py:208} INFO - Processing /home/noelsdavid/airflow_venv/lib/python3.12/site-packages/airflow/example_dags/example_display_name.py took 0.104 seconds
[2026-05-18T07:30:53.691+0000] {processor.py:186} INFO - Started process (PID=18468) to work on /home/noelsdavid/airflow_venv/lib/python3.12/site-packages/airflow/example_dags/example_display_name.py
[2026-05-18T07:30:53.697+0000] {processor.py:914} INFO - Processing file /home/noelsdavid/airflow_venv/lib/python3.12/site-packages/airflow/example_dags/example_display_name.py for tasks to queue
[2026-05-18T07:30:53.699+0000] {logging_mixin.py:190} INFO - [2026-05-18T07:30:53.698+0000] {dagbag.py:588} INFO - Filling up the DagBag from /home/noelsdavid/airflow_venv/lib/python3.12/site-packages/airflow/example_dags/example_display_name.py
[2026-05-18T07:30:53.711+0000] {processor.py:925} INFO - DAG(s) 'example_display_name' retrieved from /home/noelsdavid/airflow_venv/lib/python3.12/site-packages/airflow/example_dags/example_display_name.py
[2026-05-18T07:30:53.734+0000] {logging_mixin.py:190} INFO - [2026-05-18T07:30:53.733+0000] {dag.py:3239} INFO - Sync 1 DAGs
[2026-05-18T07:30:53.754+0000] {logging_mixin.py:190} INFO - [2026-05-18T07:30:53.754+0000] {dag.py:4180} INFO - Setting next_dagrun for example_display_name to None, run_after=None
[2026-05-18T07:30:53.789+0000] {processor.py:208} INFO - Processing /home/noelsdavid/airflow_venv/lib/python3.12/site-packages/airflow/example_dags/example_display_name.py took 0.108 seconds
[2026-05-18T07:32:05.058+0000] {processor.py:186} INFO - Started process (PID=18544) to work on /home/noelsdavid/airflow_venv/lib/python3.12/site-packages/airflow/example_dags/example_display_name.py
[2026-05-18T07:32:05.060+0000] {processor.py:914} INFO - Processing file /home/noelsdavid/airflow_venv/lib/python3.12/site-packages/airflow/example_dags/example_display_name.py for tasks to queue
[2026-05-18T07:32:05.063+0000] {logging_mixin.py:190} INFO - [2026-05-18T07:32:05.062+0000] {dagbag.py:588} INFO - Filling up the DagBag from /home/noelsdavid/airflow_venv/lib/python3.12/site-packages/airflow/example_dags/example_display_name.py
[2026-05-18T07:32:05.077+0000] {processor.py:925} INFO - DAG(s) 'example_display_name' retrieved from /home/noelsdavid/airflow_venv/lib/python3.12/site-packages/airflow/example_dags/example_display_name.py
[2026-05-18T07:32:05.099+0000] {logging_mixin.py:190} INFO - [2026-05-18T07:32:05.098+0000] {dag.py:3239} INFO - Sync 1 DAGs
[2026-05-18T07:32:05.119+0000] {logging_mixin.py:190} INFO - [2026-05-18T07:32:05.119+0000] {dag.py:4180} INFO - Setting next_dagrun for example_display_name to None, run_after=None
[2026-05-18T07:32:05.154+0000] {processor.py:208} INFO - Processing /home/noelsdavid/airflow_venv/lib/python3.12/site-packages/airflow/example_dags/example_display_name.py took 0.106 seconds
[2026-05-18T07:33:14.354+0000] {processor.py:186} INFO - Started process (PID=18621) to work on /home/noelsdavid/airflow_venv/lib/python3.12/site-packages/airflow/example_dags/example_display_name.py
[2026-05-18T07:33:14.357+0000] {processor.py:914} INFO - Processing file /home/noelsdavid/airflow_venv/lib/python3.12/site-packages/airflow/example_dags/example_display_name.py for tasks to queue
[2026-05-18T07:33:14.359+0000] {logging_mixin.py:190} INFO - [2026-05-18T07:33:14.358+0000] {dagbag.py:588} INFO - Filling up the DagBag from /home/noelsdavid/airflow_venv/lib/python3.12/site-packages/airflow/example_dags/example_display_name.py
[2026-05-18T07:33:14.371+0000] {processor.py:925} INFO - DAG(s) 'example_display_name' retrieved from /home/noelsdavid/airflow_venv/lib/python3.12/site-packages/airflow/example_dags/example_display_name.py
[2026-05-18T07:33:14.394+0000] {logging_mixin.py:190} INFO - [2026-05-18T07:33:14.393+0000] {dag.py:3239} INFO - Sync 1 DAGs
[2026-05-18T07:33:14.412+0000] {logging_mixin.py:190} INFO - [2026-05-18T07:33:14.412+0000] {dag.py:4180} INFO - Setting next_dagrun for example_display_name to None, run_after=None
[2026-05-18T07:33:14.443+0000] {processor.py:208} INFO - Processing /home/noelsdavid/airflow_venv/lib/python3.12/site-packages/airflow/example_dags/example_display_name.py took 0.098 seconds
[2026-05-18T07:34:23.246+0000] {processor.py:186} INFO - Started process (PID=18697) to work on /home/noelsdavid/airflow_venv/lib/python3.12/site-packages/airflow/example_dags/example_display_name.py
[2026-05-18T07:34:23.249+0000] {processor.py:914} INFO - Processing file /home/noelsdavid/airflow_venv/lib/python3.12/site-packages/airflow/example_dags/example_display_name.py for tasks to queue
[2026-05-18T07:34:23.251+0000] {logging_mixin.py:190} INFO - [2026-05-18T07:34:23.250+0000] {dagbag.py:588} INFO - Filling up the DagBag from /home/noelsdavid/airflow_venv/lib/python3.12/site-packages/airflow/example_dags/example_display_name.py
[2026-05-18T07:34:23.263+0000] {processor.py:925} INFO - DAG(s) 'example_display_name' retrieved from /home/noelsdavid/airflow_venv/lib/python3.12/site-packages/airflow/example_dags/example_display_name.py
[2026-05-18T07:34:23.285+0000] {logging_mixin.py:190} INFO - [2026-05-18T07:34:23.285+0000] {dag.py:3239} INFO - Sync 1 DAGs
[2026-05-18T07:34:23.307+0000] {logging_mixin.py:190} INFO - [2026-05-18T07:34:23.306+0000] {dag.py:4180} INFO - Setting next_dagrun for example_display_name to None, run_after=None
[2026-05-18T07:34:23.342+0000] {processor.py:208} INFO - Processing /home/noelsdavid/airflow_venv/lib/python3.12/site-packages/airflow/example_dags/example_display_name.py took 0.106 seconds
[2026-05-18T07:35:38.361+0000] {processor.py:186} INFO - Started process (PID=18800) to work on /home/noelsdavid/airflow_venv/lib/python3.12/site-packages/airflow/example_dags/example_display_name.py
[2026-05-18T07:35:38.363+0000] {processor.py:914} INFO - Processing file /home/noelsdavid/airflow_venv/lib/python3.12/site-packages/airflow/example_dags/example_display_name.py for tasks to queue
[2026-05-18T07:35:38.365+0000] {logging_mixin.py:190} INFO - [2026-05-18T07:35:38.365+0000] {dagbag.py:588} INFO - Filling up the DagBag from /home/noelsdavid/airflow_venv/lib/python3.12/site-packages/airflow/example_dags/example_display_name.py
[2026-05-18T07:35:38.378+0000] {processor.py:925} INFO - DAG(s) 'example_display_name' retrieved from /home/noelsdavid/airflow_venv/lib/python3.12/site-packages/airflow/example_dags/example_display_name.py
[2026-05-18T07:35:38.400+0000] {logging_mixin.py:190} INFO - [2026-05-18T07:35:38.399+0000] {dag.py:3239} INFO - Sync 1 DAGs
[2026-05-18T07:35:38.420+0000] {logging_mixin.py:190} INFO - [2026-05-18T07:35:38.419+0000] {dag.py:4180} INFO - Setting next_dagrun for example_display_name to None, run_after=None
[2026-05-18T07:35:38.453+0000] {processor.py:208} INFO - Processing /home/noelsdavid/airflow_venv/lib/python3.12/site-packages/airflow/example_dags/example_display_name.py took 0.102 seconds
[2026-05-18T07:36:47.385+0000] {processor.py:186} INFO - Started process (PID=18876) to work on /home/noelsdavid/airflow_venv/lib/python3.12/site-packages/airflow/example_dags/example_display_name.py
[2026-05-18T07:36:47.387+0000] {processor.py:914} INFO - Processing file /home/noelsdavid/airflow_venv/lib/python3.12/site-packages/airflow/example_dags/example_display_name.py for tasks to queue
[2026-05-18T07:36:47.390+0000] {logging_mixin.py:190} INFO - [2026-05-18T07:36:47.389+0000] {dagbag.py:588} INFO - Filling up the DagBag from /home/noelsdavid/airflow_venv/lib/python3.12/site-packages/airflow/example_dags/example_display_name.py
[2026-05-18T07:36:47.402+0000] {processor.py:925} INFO - DAG(s) 'example_display_name' retrieved from /home/noelsdavid/airflow_venv/lib/python3.12/site-packages/airflow/example_dags/example_display_name.py
[2026-05-18T07:36:47.425+0000] {logging_mixin.py:190} INFO - [2026-05-18T07:36:47.424+0000] {dag.py:3239} INFO - Sync 1 DAGs
[2026-05-18T07:36:47.445+0000] {logging_mixin.py:190} INFO - [2026-05-18T07:36:47.445+0000] {dag.py:4180} INFO - Setting next_dagrun for example_display_name to None, run_after=None
[2026-05-18T07:36:47.478+0000] {processor.py:208} INFO - Processing /home/noelsdavid/airflow_venv/lib/python3.12/site-packages/airflow/example_dags/example_display_name.py took 0.103 seconds
[2026-05-18T07:37:57.974+0000] {processor.py:186} INFO - Started process (PID=18954) to work on /home/noelsdavid/airflow_venv/lib/python3.12/site-packages/airflow/example_dags/example_display_name.py
[2026-05-18T07:37:57.976+0000] {processor.py:914} INFO - Processing file /home/noelsdavid/airflow_venv/lib/python3.12/site-packages/airflow/example_dags/example_display_name.py for tasks to queue
[2026-05-18T07:37:57.978+0000] {logging_mixin.py:190} INFO - [2026-05-18T07:37:57.978+0000] {dagbag.py:588} INFO - Filling up the DagBag from /home/noelsdavid/airflow_venv/lib/python3.12/site-packages/airflow/example_dags/example_display_name.py
[2026-05-18T07:37:57.991+0000] {processor.py:925} INFO - DAG(s) 'example_display_name' retrieved from /home/noelsdavid/airflow_venv/lib/python3.12/site-packages/airflow/example_dags/example_display_name.py
[2026-05-18T07:37:58.012+0000] {logging_mixin.py:190} INFO - [2026-05-18T07:37:58.012+0000] {dag.py:3239} INFO - Sync 1 DAGs
[2026-05-18T07:37:58.030+0000] {logging_mixin.py:190} INFO - [2026-05-18T07:37:58.030+0000] {dag.py:4180} INFO - Setting next_dagrun for example_display_name to None, run_after=None
[2026-05-18T07:37:58.063+0000] {processor.py:208} INFO - Processing /home/noelsdavid/airflow_venv/lib/python3.12/site-packages/airflow/example_dags/example_display_name.py took 0.098 seconds
[2026-05-18T07:39:06.740+0000] {processor.py:186} INFO - Started process (PID=19031) to work on /home/noelsdavid/airflow_venv/lib/python3.12/site-packages/airflow/example_dags/example_display_name.py
[2026-05-18T07:39:06.743+0000] {processor.py:914} INFO - Processing file /home/noelsdavid/airflow_venv/lib/python3.12/site-packages/airflow/example_dags/example_display_name.py for tasks to queue
[2026-05-18T07:39:06.745+0000] {logging_mixin.py:190} INFO - [2026-05-18T07:39:06.744+0000] {dagbag.py:588} INFO - Filling up the DagBag from /home/noelsdavid/airflow_venv/lib/python3.12/site-packages/airflow/example_dags/example_display_name.py
[2026-05-18T07:39:06.758+0000] {processor.py:925} INFO - DAG(s) 'example_display_name' retrieved from /home/noelsdavid/airflow_venv/lib/python3.12/site-packages/airflow/example_dags/example_display_name.py
[2026-05-18T07:39:06.781+0000] {logging_mixin.py:190} INFO - [2026-05-18T07:39:06.780+0000] {dag.py:3239} INFO - Sync 1 DAGs
[2026-05-18T07:39:06.799+0000] {logging_mixin.py:190} INFO - [2026-05-18T07:39:06.799+0000] {dag.py:4180} INFO - Setting next_dagrun for example_display_name to None, run_after=None
[2026-05-18T07:39:06.836+0000] {processor.py:208} INFO - Processing /home/noelsdavid/airflow_venv/lib/python3.12/site-packages/airflow/example_dags/example_display_name.py took 0.105 seconds
[2026-05-18T07:40:21.109+0000] {processor.py:186} INFO - Started process (PID=19133) to work on /home/noelsdavid/airflow_venv/lib/python3.12/site-packages/airflow/example_dags/example_display_name.py
[2026-05-18T07:40:21.112+0000] {processor.py:914} INFO - Processing file /home/noelsdavid/airflow_venv/lib/python3.12/site-packages/airflow/example_dags/example_display_name.py for tasks to queue
[2026-05-18T07:40:21.114+0000] {logging_mixin.py:190} INFO - [2026-05-18T07:40:21.113+0000] {dagbag.py:588} INFO - Filling up the DagBag from /home/noelsdavid/airflow_venv/lib/python3.12/site-packages/airflow/example_dags/example_display_name.py
[2026-05-18T07:40:21.128+0000] {processor.py:925} INFO - DAG(s) 'example_display_name' retrieved from /home/noelsdavid/airflow_venv/lib/python3.12/site-packages/airflow/example_dags/example_display_name.py
[2026-05-18T07:40:21.152+0000] {logging_mixin.py:190} INFO - [2026-05-18T07:40:21.151+0000] {dag.py:3239} INFO - Sync 1 DAGs
[2026-05-18T07:40:21.173+0000] {logging_mixin.py:190} INFO - [2026-05-18T07:40:21.173+0000] {dag.py:4180} INFO - Setting next_dagrun for example_display_name to None, run_after=None
[2026-05-18T07:40:21.221+0000] {processor.py:208} INFO - Processing /home/noelsdavid/airflow_venv/lib/python3.12/site-packages/airflow/example_dags/example_display_name.py took 0.121 seconds
