[2026-05-18T06:00:46.083+0000] {processor.py:186} INFO - Started process (PID=6923) to work on /home/noelsdavid/airflow_venv/lib/python3.12/site-packages/airflow/example_dags/example_nested_branch_dag.py
[2026-05-18T06:00:46.084+0000] {processor.py:914} INFO - Processing file /home/noelsdavid/airflow_venv/lib/python3.12/site-packages/airflow/example_dags/example_nested_branch_dag.py for tasks to queue
[2026-05-18T06:00:46.086+0000] {logging_mixin.py:190} INFO - [2026-05-18T06:00:46.086+0000] {dagbag.py:588} INFO - Filling up the DagBag from /home/noelsdavid/airflow_venv/lib/python3.12/site-packages/airflow/example_dags/example_nested_branch_dag.py
[2026-05-18T06:00:46.102+0000] {processor.py:925} INFO - DAG(s) 'example_nested_branch_dag' retrieved from /home/noelsdavid/airflow_venv/lib/python3.12/site-packages/airflow/example_dags/example_nested_branch_dag.py
[2026-05-18T06:00:46.242+0000] {logging_mixin.py:190} INFO - [2026-05-18T06:00:46.241+0000] {override.py:1911} INFO - Created Permission View: can edit on DAG:example_nested_branch_dag
[2026-05-18T06:00:46.259+0000] {logging_mixin.py:190} INFO - [2026-05-18T06:00:46.258+0000] {override.py:1911} INFO - Created Permission View: can delete on DAG:example_nested_branch_dag
[2026-05-18T06:00:46.272+0000] {logging_mixin.py:190} INFO - [2026-05-18T06:00:46.272+0000] {override.py:1911} INFO - Created Permission View: can read on DAG:example_nested_branch_dag
[2026-05-18T06:00:46.296+0000] {logging_mixin.py:190} INFO - [2026-05-18T06:00:46.295+0000] {override.py:1911} INFO - Created Permission View: can delete on DAG Run:example_nested_branch_dag
[2026-05-18T06:00:46.309+0000] {logging_mixin.py:190} INFO - [2026-05-18T06:00:46.308+0000] {override.py:1911} INFO - Created Permission View: menu access on DAG Run:example_nested_branch_dag
[2026-05-18T06:00:46.325+0000] {logging_mixin.py:190} INFO - [2026-05-18T06:00:46.325+0000] {override.py:1911} INFO - Created Permission View: can create on DAG Run:example_nested_branch_dag
[2026-05-18T06:00:46.339+0000] {logging_mixin.py:190} INFO - [2026-05-18T06:00:46.339+0000] {override.py:1911} INFO - Created Permission View: can read on DAG Run:example_nested_branch_dag
[2026-05-18T06:00:46.340+0000] {logging_mixin.py:190} INFO - [2026-05-18T06:00:46.340+0000] {dag.py:3239} INFO - Sync 1 DAGs
[2026-05-18T06:00:46.353+0000] {logging_mixin.py:190} INFO - [2026-05-18T06:00:46.352+0000] {dag.py:3262} INFO - Creating ORM DAG for example_nested_branch_dag
[2026-05-18T06:00:46.364+0000] {logging_mixin.py:190} INFO - [2026-05-18T06:00:46.364+0000] {dag.py:4180} INFO - Setting next_dagrun for example_nested_branch_dag to 2026-05-17 00:00:00+00:00, run_after=2026-05-18 00:00:00+00:00
[2026-05-18T06:00:46.391+0000] {processor.py:208} INFO - Processing /home/noelsdavid/airflow_venv/lib/python3.12/site-packages/airflow/example_dags/example_nested_branch_dag.py took 0.317 seconds
[2026-05-18T06:01:53.011+0000] {processor.py:186} INFO - Started process (PID=6982) to work on /home/noelsdavid/airflow_venv/lib/python3.12/site-packages/airflow/example_dags/example_nested_branch_dag.py
[2026-05-18T06:01:53.028+0000] {processor.py:914} INFO - Processing file /home/noelsdavid/airflow_venv/lib/python3.12/site-packages/airflow/example_dags/example_nested_branch_dag.py for tasks to queue
[2026-05-18T06:01:53.031+0000] {logging_mixin.py:190} INFO - [2026-05-18T06:01:53.030+0000] {dagbag.py:588} INFO - Filling up the DagBag from /home/noelsdavid/airflow_venv/lib/python3.12/site-packages/airflow/example_dags/example_nested_branch_dag.py
[2026-05-18T06:01:53.046+0000] {processor.py:925} INFO - DAG(s) 'example_nested_branch_dag' retrieved from /home/noelsdavid/airflow_venv/lib/python3.12/site-packages/airflow/example_dags/example_nested_branch_dag.py
[2026-05-18T06:01:53.070+0000] {logging_mixin.py:190} INFO - [2026-05-18T06:01:53.069+0000] {dag.py:3239} INFO - Sync 1 DAGs
[2026-05-18T06:01:53.096+0000] {logging_mixin.py:190} INFO - [2026-05-18T06:01:53.096+0000] {dag.py:4180} INFO - Setting next_dagrun for example_nested_branch_dag to 2026-05-17 00:00:00+00:00, run_after=2026-05-18 00:00:00+00:00
[2026-05-18T06:01:53.127+0000] {processor.py:208} INFO - Processing /home/noelsdavid/airflow_venv/lib/python3.12/site-packages/airflow/example_dags/example_nested_branch_dag.py took 0.124 seconds
[2026-05-18T06:02:52.646+0000] {processor.py:186} INFO - Started process (PID=7042) to work on /home/noelsdavid/airflow_venv/lib/python3.12/site-packages/airflow/example_dags/example_nested_branch_dag.py
[2026-05-18T06:02:52.662+0000] {processor.py:914} INFO - Processing file /home/noelsdavid/airflow_venv/lib/python3.12/site-packages/airflow/example_dags/example_nested_branch_dag.py for tasks to queue
[2026-05-18T06:02:52.665+0000] {logging_mixin.py:190} INFO - [2026-05-18T06:02:52.665+0000] {dagbag.py:588} INFO - Filling up the DagBag from /home/noelsdavid/airflow_venv/lib/python3.12/site-packages/airflow/example_dags/example_nested_branch_dag.py
[2026-05-18T06:02:52.680+0000] {processor.py:925} INFO - DAG(s) 'example_nested_branch_dag' retrieved from /home/noelsdavid/airflow_venv/lib/python3.12/site-packages/airflow/example_dags/example_nested_branch_dag.py
[2026-05-18T06:02:52.702+0000] {logging_mixin.py:190} INFO - [2026-05-18T06:02:52.702+0000] {dag.py:3239} INFO - Sync 1 DAGs
[2026-05-18T06:02:52.728+0000] {logging_mixin.py:190} INFO - [2026-05-18T06:02:52.728+0000] {dag.py:4180} INFO - Setting next_dagrun for example_nested_branch_dag to 2026-05-17 00:00:00+00:00, run_after=2026-05-18 00:00:00+00:00
[2026-05-18T06:02:52.758+0000] {processor.py:208} INFO - Processing /home/noelsdavid/airflow_venv/lib/python3.12/site-packages/airflow/example_dags/example_nested_branch_dag.py took 0.120 seconds
[2026-05-18T06:03:53.360+0000] {processor.py:186} INFO - Started process (PID=7101) to work on /home/noelsdavid/airflow_venv/lib/python3.12/site-packages/airflow/example_dags/example_nested_branch_dag.py
[2026-05-18T06:03:53.363+0000] {processor.py:914} INFO - Processing file /home/noelsdavid/airflow_venv/lib/python3.12/site-packages/airflow/example_dags/example_nested_branch_dag.py for tasks to queue
[2026-05-18T06:03:53.366+0000] {logging_mixin.py:190} INFO - [2026-05-18T06:03:53.365+0000] {dagbag.py:588} INFO - Filling up the DagBag from /home/noelsdavid/airflow_venv/lib/python3.12/site-packages/airflow/example_dags/example_nested_branch_dag.py
[2026-05-18T06:03:53.394+0000] {processor.py:925} INFO - DAG(s) 'example_nested_branch_dag' retrieved from /home/noelsdavid/airflow_venv/lib/python3.12/site-packages/airflow/example_dags/example_nested_branch_dag.py
[2026-05-18T06:03:53.439+0000] {logging_mixin.py:190} INFO - [2026-05-18T06:03:53.439+0000] {dag.py:3239} INFO - Sync 1 DAGs
[2026-05-18T06:03:53.480+0000] {logging_mixin.py:190} INFO - [2026-05-18T06:03:53.480+0000] {dag.py:4180} INFO - Setting next_dagrun for example_nested_branch_dag to 2026-05-17 00:00:00+00:00, run_after=2026-05-18 00:00:00+00:00
[2026-05-18T06:03:53.520+0000] {processor.py:208} INFO - Processing /home/noelsdavid/airflow_venv/lib/python3.12/site-packages/airflow/example_dags/example_nested_branch_dag.py took 0.168 seconds
[2026-05-18T06:04:53.388+0000] {processor.py:186} INFO - Started process (PID=7161) to work on /home/noelsdavid/airflow_venv/lib/python3.12/site-packages/airflow/example_dags/example_nested_branch_dag.py
[2026-05-18T06:04:53.390+0000] {processor.py:914} INFO - Processing file /home/noelsdavid/airflow_venv/lib/python3.12/site-packages/airflow/example_dags/example_nested_branch_dag.py for tasks to queue
[2026-05-18T06:04:53.393+0000] {logging_mixin.py:190} INFO - [2026-05-18T06:04:53.393+0000] {dagbag.py:588} INFO - Filling up the DagBag from /home/noelsdavid/airflow_venv/lib/python3.12/site-packages/airflow/example_dags/example_nested_branch_dag.py
[2026-05-18T06:04:53.410+0000] {processor.py:925} INFO - DAG(s) 'example_nested_branch_dag' retrieved from /home/noelsdavid/airflow_venv/lib/python3.12/site-packages/airflow/example_dags/example_nested_branch_dag.py
[2026-05-18T06:04:53.433+0000] {logging_mixin.py:190} INFO - [2026-05-18T06:04:53.433+0000] {dag.py:3239} INFO - Sync 1 DAGs
[2026-05-18T06:04:53.460+0000] {logging_mixin.py:190} INFO - [2026-05-18T06:04:53.460+0000] {dag.py:4180} INFO - Setting next_dagrun for example_nested_branch_dag to 2026-05-17 00:00:00+00:00, run_after=2026-05-18 00:00:00+00:00
[2026-05-18T06:04:53.491+0000] {processor.py:208} INFO - Processing /home/noelsdavid/airflow_venv/lib/python3.12/site-packages/airflow/example_dags/example_nested_branch_dag.py took 0.111 seconds
[2026-05-18T06:06:06.190+0000] {processor.py:186} INFO - Started process (PID=7250) to work on /home/noelsdavid/airflow_venv/lib/python3.12/site-packages/airflow/example_dags/example_nested_branch_dag.py
[2026-05-18T06:06:06.194+0000] {processor.py:914} INFO - Processing file /home/noelsdavid/airflow_venv/lib/python3.12/site-packages/airflow/example_dags/example_nested_branch_dag.py for tasks to queue
[2026-05-18T06:06:06.197+0000] {logging_mixin.py:190} INFO - [2026-05-18T06:06:06.196+0000] {dagbag.py:588} INFO - Filling up the DagBag from /home/noelsdavid/airflow_venv/lib/python3.12/site-packages/airflow/example_dags/example_nested_branch_dag.py
[2026-05-18T06:06:06.220+0000] {processor.py:925} INFO - DAG(s) 'example_nested_branch_dag' retrieved from /home/noelsdavid/airflow_venv/lib/python3.12/site-packages/airflow/example_dags/example_nested_branch_dag.py
[2026-05-18T06:06:06.247+0000] {logging_mixin.py:190} INFO - [2026-05-18T06:06:06.247+0000] {dag.py:3239} INFO - Sync 1 DAGs
[2026-05-18T06:06:06.278+0000] {logging_mixin.py:190} INFO - [2026-05-18T06:06:06.278+0000] {dag.py:4180} INFO - Setting next_dagrun for example_nested_branch_dag to 2026-05-17 00:00:00+00:00, run_after=2026-05-18 00:00:00+00:00
[2026-05-18T06:06:06.312+0000] {processor.py:208} INFO - Processing /home/noelsdavid/airflow_venv/lib/python3.12/site-packages/airflow/example_dags/example_nested_branch_dag.py took 0.131 seconds
[2026-05-18T06:07:05.124+0000] {processor.py:186} INFO - Started process (PID=7311) to work on /home/noelsdavid/airflow_venv/lib/python3.12/site-packages/airflow/example_dags/example_nested_branch_dag.py
[2026-05-18T06:07:05.127+0000] {processor.py:914} INFO - Processing file /home/noelsdavid/airflow_venv/lib/python3.12/site-packages/airflow/example_dags/example_nested_branch_dag.py for tasks to queue
[2026-05-18T06:07:05.130+0000] {logging_mixin.py:190} INFO - [2026-05-18T06:07:05.129+0000] {dagbag.py:588} INFO - Filling up the DagBag from /home/noelsdavid/airflow_venv/lib/python3.12/site-packages/airflow/example_dags/example_nested_branch_dag.py
[2026-05-18T06:07:05.148+0000] {processor.py:925} INFO - DAG(s) 'example_nested_branch_dag' retrieved from /home/noelsdavid/airflow_venv/lib/python3.12/site-packages/airflow/example_dags/example_nested_branch_dag.py
[2026-05-18T06:07:05.174+0000] {logging_mixin.py:190} INFO - [2026-05-18T06:07:05.173+0000] {dag.py:3239} INFO - Sync 1 DAGs
[2026-05-18T06:07:05.207+0000] {logging_mixin.py:190} INFO - [2026-05-18T06:07:05.207+0000] {dag.py:4180} INFO - Setting next_dagrun for example_nested_branch_dag to 2026-05-17 00:00:00+00:00, run_after=2026-05-18 00:00:00+00:00
[2026-05-18T06:07:05.240+0000] {processor.py:208} INFO - Processing /home/noelsdavid/airflow_venv/lib/python3.12/site-packages/airflow/example_dags/example_nested_branch_dag.py took 0.124 seconds
[2026-05-18T06:08:04.388+0000] {processor.py:186} INFO - Started process (PID=7369) to work on /home/noelsdavid/airflow_venv/lib/python3.12/site-packages/airflow/example_dags/example_nested_branch_dag.py
[2026-05-18T06:08:04.391+0000] {processor.py:914} INFO - Processing file /home/noelsdavid/airflow_venv/lib/python3.12/site-packages/airflow/example_dags/example_nested_branch_dag.py for tasks to queue
[2026-05-18T06:08:04.394+0000] {logging_mixin.py:190} INFO - [2026-05-18T06:08:04.393+0000] {dagbag.py:588} INFO - Filling up the DagBag from /home/noelsdavid/airflow_venv/lib/python3.12/site-packages/airflow/example_dags/example_nested_branch_dag.py
[2026-05-18T06:08:04.411+0000] {processor.py:925} INFO - DAG(s) 'example_nested_branch_dag' retrieved from /home/noelsdavid/airflow_venv/lib/python3.12/site-packages/airflow/example_dags/example_nested_branch_dag.py
[2026-05-18T06:08:04.434+0000] {logging_mixin.py:190} INFO - [2026-05-18T06:08:04.434+0000] {dag.py:3239} INFO - Sync 1 DAGs
[2026-05-18T06:08:04.461+0000] {logging_mixin.py:190} INFO - [2026-05-18T06:08:04.461+0000] {dag.py:4180} INFO - Setting next_dagrun for example_nested_branch_dag to 2026-05-17 00:00:00+00:00, run_after=2026-05-18 00:00:00+00:00
[2026-05-18T06:08:04.493+0000] {processor.py:208} INFO - Processing /home/noelsdavid/airflow_venv/lib/python3.12/site-packages/airflow/example_dags/example_nested_branch_dag.py took 0.112 seconds
[2026-05-18T06:09:10.268+0000] {processor.py:186} INFO - Started process (PID=7432) to work on /home/noelsdavid/airflow_venv/lib/python3.12/site-packages/airflow/example_dags/example_nested_branch_dag.py
[2026-05-18T06:09:10.270+0000] {processor.py:914} INFO - Processing file /home/noelsdavid/airflow_venv/lib/python3.12/site-packages/airflow/example_dags/example_nested_branch_dag.py for tasks to queue
[2026-05-18T06:09:10.274+0000] {logging_mixin.py:190} INFO - [2026-05-18T06:09:10.273+0000] {dagbag.py:588} INFO - Filling up the DagBag from /home/noelsdavid/airflow_venv/lib/python3.12/site-packages/airflow/example_dags/example_nested_branch_dag.py
[2026-05-18T06:09:10.292+0000] {processor.py:925} INFO - DAG(s) 'example_nested_branch_dag' retrieved from /home/noelsdavid/airflow_venv/lib/python3.12/site-packages/airflow/example_dags/example_nested_branch_dag.py
[2026-05-18T06:09:10.316+0000] {logging_mixin.py:190} INFO - [2026-05-18T06:09:10.315+0000] {dag.py:3239} INFO - Sync 1 DAGs
[2026-05-18T06:09:10.343+0000] {logging_mixin.py:190} INFO - [2026-05-18T06:09:10.343+0000] {dag.py:4180} INFO - Setting next_dagrun for example_nested_branch_dag to 2026-05-17 00:00:00+00:00, run_after=2026-05-18 00:00:00+00:00
[2026-05-18T06:09:10.373+0000] {processor.py:208} INFO - Processing /home/noelsdavid/airflow_venv/lib/python3.12/site-packages/airflow/example_dags/example_nested_branch_dag.py took 0.113 seconds
[2026-05-18T06:10:12.884+0000] {processor.py:186} INFO - Started process (PID=7517) to work on /home/noelsdavid/airflow_venv/lib/python3.12/site-packages/airflow/example_dags/example_nested_branch_dag.py
[2026-05-18T06:10:12.887+0000] {processor.py:914} INFO - Processing file /home/noelsdavid/airflow_venv/lib/python3.12/site-packages/airflow/example_dags/example_nested_branch_dag.py for tasks to queue
[2026-05-18T06:10:12.890+0000] {logging_mixin.py:190} INFO - [2026-05-18T06:10:12.889+0000] {dagbag.py:588} INFO - Filling up the DagBag from /home/noelsdavid/airflow_venv/lib/python3.12/site-packages/airflow/example_dags/example_nested_branch_dag.py
[2026-05-18T06:10:12.907+0000] {processor.py:925} INFO - DAG(s) 'example_nested_branch_dag' retrieved from /home/noelsdavid/airflow_venv/lib/python3.12/site-packages/airflow/example_dags/example_nested_branch_dag.py
[2026-05-18T06:10:12.930+0000] {logging_mixin.py:190} INFO - [2026-05-18T06:10:12.929+0000] {dag.py:3239} INFO - Sync 1 DAGs
[2026-05-18T06:10:12.957+0000] {logging_mixin.py:190} INFO - [2026-05-18T06:10:12.957+0000] {dag.py:4180} INFO - Setting next_dagrun for example_nested_branch_dag to 2026-05-17 00:00:00+00:00, run_after=2026-05-18 00:00:00+00:00
[2026-05-18T06:10:12.988+0000] {processor.py:208} INFO - Processing /home/noelsdavid/airflow_venv/lib/python3.12/site-packages/airflow/example_dags/example_nested_branch_dag.py took 0.111 seconds
[2026-05-18T06:11:11.883+0000] {processor.py:186} INFO - Started process (PID=7574) to work on /home/noelsdavid/airflow_venv/lib/python3.12/site-packages/airflow/example_dags/example_nested_branch_dag.py
[2026-05-18T06:11:11.886+0000] {processor.py:914} INFO - Processing file /home/noelsdavid/airflow_venv/lib/python3.12/site-packages/airflow/example_dags/example_nested_branch_dag.py for tasks to queue
[2026-05-18T06:11:11.889+0000] {logging_mixin.py:190} INFO - [2026-05-18T06:11:11.889+0000] {dagbag.py:588} INFO - Filling up the DagBag from /home/noelsdavid/airflow_venv/lib/python3.12/site-packages/airflow/example_dags/example_nested_branch_dag.py
[2026-05-18T06:11:11.907+0000] {processor.py:925} INFO - DAG(s) 'example_nested_branch_dag' retrieved from /home/noelsdavid/airflow_venv/lib/python3.12/site-packages/airflow/example_dags/example_nested_branch_dag.py
[2026-05-18T06:11:11.931+0000] {logging_mixin.py:190} INFO - [2026-05-18T06:11:11.930+0000] {dag.py:3239} INFO - Sync 1 DAGs
[2026-05-18T06:11:11.960+0000] {logging_mixin.py:190} INFO - [2026-05-18T06:11:11.960+0000] {dag.py:4180} INFO - Setting next_dagrun for example_nested_branch_dag to 2026-05-17 00:00:00+00:00, run_after=2026-05-18 00:00:00+00:00
[2026-05-18T06:11:11.992+0000] {processor.py:208} INFO - Processing /home/noelsdavid/airflow_venv/lib/python3.12/site-packages/airflow/example_dags/example_nested_branch_dag.py took 0.117 seconds
[2026-05-18T06:12:12.032+0000] {processor.py:186} INFO - Started process (PID=7634) to work on /home/noelsdavid/airflow_venv/lib/python3.12/site-packages/airflow/example_dags/example_nested_branch_dag.py
[2026-05-18T06:12:12.035+0000] {processor.py:914} INFO - Processing file /home/noelsdavid/airflow_venv/lib/python3.12/site-packages/airflow/example_dags/example_nested_branch_dag.py for tasks to queue
[2026-05-18T06:12:12.038+0000] {logging_mixin.py:190} INFO - [2026-05-18T06:12:12.037+0000] {dagbag.py:588} INFO - Filling up the DagBag from /home/noelsdavid/airflow_venv/lib/python3.12/site-packages/airflow/example_dags/example_nested_branch_dag.py
[2026-05-18T06:12:12.055+0000] {processor.py:925} INFO - DAG(s) 'example_nested_branch_dag' retrieved from /home/noelsdavid/airflow_venv/lib/python3.12/site-packages/airflow/example_dags/example_nested_branch_dag.py
[2026-05-18T06:12:12.078+0000] {logging_mixin.py:190} INFO - [2026-05-18T06:12:12.078+0000] {dag.py:3239} INFO - Sync 1 DAGs
[2026-05-18T06:12:12.106+0000] {logging_mixin.py:190} INFO - [2026-05-18T06:12:12.105+0000] {dag.py:4180} INFO - Setting next_dagrun for example_nested_branch_dag to 2026-05-17 00:00:00+00:00, run_after=2026-05-18 00:00:00+00:00
[2026-05-18T06:12:12.137+0000] {processor.py:208} INFO - Processing /home/noelsdavid/airflow_venv/lib/python3.12/site-packages/airflow/example_dags/example_nested_branch_dag.py took 0.112 seconds
[2026-05-18T06:13:18.322+0000] {processor.py:186} INFO - Started process (PID=7699) to work on /home/noelsdavid/airflow_venv/lib/python3.12/site-packages/airflow/example_dags/example_nested_branch_dag.py
[2026-05-18T06:13:18.324+0000] {processor.py:914} INFO - Processing file /home/noelsdavid/airflow_venv/lib/python3.12/site-packages/airflow/example_dags/example_nested_branch_dag.py for tasks to queue
[2026-05-18T06:13:18.328+0000] {logging_mixin.py:190} INFO - [2026-05-18T06:13:18.327+0000] {dagbag.py:588} INFO - Filling up the DagBag from /home/noelsdavid/airflow_venv/lib/python3.12/site-packages/airflow/example_dags/example_nested_branch_dag.py
[2026-05-18T06:13:18.345+0000] {processor.py:925} INFO - DAG(s) 'example_nested_branch_dag' retrieved from /home/noelsdavid/airflow_venv/lib/python3.12/site-packages/airflow/example_dags/example_nested_branch_dag.py
[2026-05-18T06:13:18.368+0000] {logging_mixin.py:190} INFO - [2026-05-18T06:13:18.368+0000] {dag.py:3239} INFO - Sync 1 DAGs
[2026-05-18T06:13:18.395+0000] {logging_mixin.py:190} INFO - [2026-05-18T06:13:18.394+0000] {dag.py:4180} INFO - Setting next_dagrun for example_nested_branch_dag to 2026-05-17 00:00:00+00:00, run_after=2026-05-18 00:00:00+00:00
[2026-05-18T06:13:18.428+0000] {processor.py:208} INFO - Processing /home/noelsdavid/airflow_venv/lib/python3.12/site-packages/airflow/example_dags/example_nested_branch_dag.py took 0.116 seconds
[2026-05-18T06:14:20.403+0000] {processor.py:186} INFO - Started process (PID=7759) to work on /home/noelsdavid/airflow_venv/lib/python3.12/site-packages/airflow/example_dags/example_nested_branch_dag.py
[2026-05-18T06:14:20.406+0000] {processor.py:914} INFO - Processing file /home/noelsdavid/airflow_venv/lib/python3.12/site-packages/airflow/example_dags/example_nested_branch_dag.py for tasks to queue
[2026-05-18T06:14:20.409+0000] {logging_mixin.py:190} INFO - [2026-05-18T06:14:20.408+0000] {dagbag.py:588} INFO - Filling up the DagBag from /home/noelsdavid/airflow_venv/lib/python3.12/site-packages/airflow/example_dags/example_nested_branch_dag.py
[2026-05-18T06:14:20.427+0000] {processor.py:925} INFO - DAG(s) 'example_nested_branch_dag' retrieved from /home/noelsdavid/airflow_venv/lib/python3.12/site-packages/airflow/example_dags/example_nested_branch_dag.py
[2026-05-18T06:14:20.453+0000] {logging_mixin.py:190} INFO - [2026-05-18T06:14:20.453+0000] {dag.py:3239} INFO - Sync 1 DAGs
[2026-05-18T06:14:20.482+0000] {logging_mixin.py:190} INFO - [2026-05-18T06:14:20.481+0000] {dag.py:4180} INFO - Setting next_dagrun for example_nested_branch_dag to 2026-05-17 00:00:00+00:00, run_after=2026-05-18 00:00:00+00:00
[2026-05-18T06:14:20.514+0000] {processor.py:208} INFO - Processing /home/noelsdavid/airflow_venv/lib/python3.12/site-packages/airflow/example_dags/example_nested_branch_dag.py took 0.118 seconds
[2026-05-18T06:15:23.005+0000] {processor.py:186} INFO - Started process (PID=7848) to work on /home/noelsdavid/airflow_venv/lib/python3.12/site-packages/airflow/example_dags/example_nested_branch_dag.py
[2026-05-18T06:15:23.008+0000] {processor.py:914} INFO - Processing file /home/noelsdavid/airflow_venv/lib/python3.12/site-packages/airflow/example_dags/example_nested_branch_dag.py for tasks to queue
[2026-05-18T06:15:23.011+0000] {logging_mixin.py:190} INFO - [2026-05-18T06:15:23.010+0000] {dagbag.py:588} INFO - Filling up the DagBag from /home/noelsdavid/airflow_venv/lib/python3.12/site-packages/airflow/example_dags/example_nested_branch_dag.py
[2026-05-18T06:15:23.028+0000] {processor.py:925} INFO - DAG(s) 'example_nested_branch_dag' retrieved from /home/noelsdavid/airflow_venv/lib/python3.12/site-packages/airflow/example_dags/example_nested_branch_dag.py
[2026-05-18T06:15:23.052+0000] {logging_mixin.py:190} INFO - [2026-05-18T06:15:23.051+0000] {dag.py:3239} INFO - Sync 1 DAGs
[2026-05-18T06:15:23.081+0000] {logging_mixin.py:190} INFO - [2026-05-18T06:15:23.081+0000] {dag.py:4180} INFO - Setting next_dagrun for example_nested_branch_dag to 2026-05-17 00:00:00+00:00, run_after=2026-05-18 00:00:00+00:00
[2026-05-18T06:15:23.114+0000] {processor.py:208} INFO - Processing /home/noelsdavid/airflow_venv/lib/python3.12/site-packages/airflow/example_dags/example_nested_branch_dag.py took 0.118 seconds
[2026-05-18T06:16:26.815+0000] {processor.py:186} INFO - Started process (PID=8046) to work on /home/noelsdavid/airflow_venv/lib/python3.12/site-packages/airflow/example_dags/example_nested_branch_dag.py
[2026-05-18T06:16:26.817+0000] {processor.py:914} INFO - Processing file /home/noelsdavid/airflow_venv/lib/python3.12/site-packages/airflow/example_dags/example_nested_branch_dag.py for tasks to queue
[2026-05-18T06:16:26.821+0000] {logging_mixin.py:190} INFO - [2026-05-18T06:16:26.821+0000] {dagbag.py:588} INFO - Filling up the DagBag from /home/noelsdavid/airflow_venv/lib/python3.12/site-packages/airflow/example_dags/example_nested_branch_dag.py
[2026-05-18T06:16:26.841+0000] {processor.py:925} INFO - DAG(s) 'example_nested_branch_dag' retrieved from /home/noelsdavid/airflow_venv/lib/python3.12/site-packages/airflow/example_dags/example_nested_branch_dag.py
[2026-05-18T06:16:26.866+0000] {logging_mixin.py:190} INFO - [2026-05-18T06:16:26.865+0000] {dag.py:3239} INFO - Sync 1 DAGs
[2026-05-18T06:16:26.895+0000] {logging_mixin.py:190} INFO - [2026-05-18T06:16:26.894+0000] {dag.py:4180} INFO - Setting next_dagrun for example_nested_branch_dag to 2026-05-17 00:00:00+00:00, run_after=2026-05-18 00:00:00+00:00
[2026-05-18T06:16:26.930+0000] {processor.py:208} INFO - Processing /home/noelsdavid/airflow_venv/lib/python3.12/site-packages/airflow/example_dags/example_nested_branch_dag.py took 0.123 seconds
[2026-05-18T06:17:30.619+0000] {processor.py:186} INFO - Started process (PID=8318) to work on /home/noelsdavid/airflow_venv/lib/python3.12/site-packages/airflow/example_dags/example_nested_branch_dag.py
[2026-05-18T06:17:30.621+0000] {processor.py:914} INFO - Processing file /home/noelsdavid/airflow_venv/lib/python3.12/site-packages/airflow/example_dags/example_nested_branch_dag.py for tasks to queue
[2026-05-18T06:17:30.624+0000] {logging_mixin.py:190} INFO - [2026-05-18T06:17:30.624+0000] {dagbag.py:588} INFO - Filling up the DagBag from /home/noelsdavid/airflow_venv/lib/python3.12/site-packages/airflow/example_dags/example_nested_branch_dag.py
[2026-05-18T06:17:30.641+0000] {processor.py:925} INFO - DAG(s) 'example_nested_branch_dag' retrieved from /home/noelsdavid/airflow_venv/lib/python3.12/site-packages/airflow/example_dags/example_nested_branch_dag.py
[2026-05-18T06:17:30.665+0000] {logging_mixin.py:190} INFO - [2026-05-18T06:17:30.665+0000] {dag.py:3239} INFO - Sync 1 DAGs
[2026-05-18T06:17:30.704+0000] {logging_mixin.py:190} INFO - [2026-05-18T06:17:30.703+0000] {dag.py:4180} INFO - Setting next_dagrun for example_nested_branch_dag to 2026-05-17 00:00:00+00:00, run_after=2026-05-18 00:00:00+00:00
[2026-05-18T06:17:30.739+0000] {processor.py:208} INFO - Processing /home/noelsdavid/airflow_venv/lib/python3.12/site-packages/airflow/example_dags/example_nested_branch_dag.py took 0.128 seconds
[2026-05-18T06:18:28.959+0000] {processor.py:186} INFO - Started process (PID=8473) to work on /home/noelsdavid/airflow_venv/lib/python3.12/site-packages/airflow/example_dags/example_nested_branch_dag.py
[2026-05-18T06:18:28.992+0000] {processor.py:914} INFO - Processing file /home/noelsdavid/airflow_venv/lib/python3.12/site-packages/airflow/example_dags/example_nested_branch_dag.py for tasks to queue
[2026-05-18T06:18:28.995+0000] {logging_mixin.py:190} INFO - [2026-05-18T06:18:28.995+0000] {dagbag.py:588} INFO - Filling up the DagBag from /home/noelsdavid/airflow_venv/lib/python3.12/site-packages/airflow/example_dags/example_nested_branch_dag.py
[2026-05-18T06:18:29.013+0000] {processor.py:925} INFO - DAG(s) 'example_nested_branch_dag' retrieved from /home/noelsdavid/airflow_venv/lib/python3.12/site-packages/airflow/example_dags/example_nested_branch_dag.py
[2026-05-18T06:18:29.036+0000] {logging_mixin.py:190} INFO - [2026-05-18T06:18:29.036+0000] {dag.py:3239} INFO - Sync 1 DAGs
[2026-05-18T06:18:29.064+0000] {logging_mixin.py:190} INFO - [2026-05-18T06:18:29.064+0000] {dag.py:4180} INFO - Setting next_dagrun for example_nested_branch_dag to 2026-05-17 00:00:00+00:00, run_after=2026-05-18 00:00:00+00:00
[2026-05-18T06:18:29.096+0000] {processor.py:208} INFO - Processing /home/noelsdavid/airflow_venv/lib/python3.12/site-packages/airflow/example_dags/example_nested_branch_dag.py took 0.144 seconds
[2026-05-18T06:19:27.865+0000] {processor.py:186} INFO - Started process (PID=8532) to work on /home/noelsdavid/airflow_venv/lib/python3.12/site-packages/airflow/example_dags/example_nested_branch_dag.py
[2026-05-18T06:19:27.868+0000] {processor.py:914} INFO - Processing file /home/noelsdavid/airflow_venv/lib/python3.12/site-packages/airflow/example_dags/example_nested_branch_dag.py for tasks to queue
[2026-05-18T06:19:27.871+0000] {logging_mixin.py:190} INFO - [2026-05-18T06:19:27.871+0000] {dagbag.py:588} INFO - Filling up the DagBag from /home/noelsdavid/airflow_venv/lib/python3.12/site-packages/airflow/example_dags/example_nested_branch_dag.py
[2026-05-18T06:19:27.892+0000] {processor.py:925} INFO - DAG(s) 'example_nested_branch_dag' retrieved from /home/noelsdavid/airflow_venv/lib/python3.12/site-packages/airflow/example_dags/example_nested_branch_dag.py
[2026-05-18T06:19:27.925+0000] {logging_mixin.py:190} INFO - [2026-05-18T06:19:27.924+0000] {dag.py:3239} INFO - Sync 1 DAGs
[2026-05-18T06:19:27.959+0000] {logging_mixin.py:190} INFO - [2026-05-18T06:19:27.958+0000] {dag.py:4180} INFO - Setting next_dagrun for example_nested_branch_dag to 2026-05-17 00:00:00+00:00, run_after=2026-05-18 00:00:00+00:00
[2026-05-18T06:19:27.998+0000] {processor.py:208} INFO - Processing /home/noelsdavid/airflow_venv/lib/python3.12/site-packages/airflow/example_dags/example_nested_branch_dag.py took 0.142 seconds
[2026-05-18T06:20:32.694+0000] {processor.py:186} INFO - Started process (PID=8621) to work on /home/noelsdavid/airflow_venv/lib/python3.12/site-packages/airflow/example_dags/example_nested_branch_dag.py
[2026-05-18T06:20:32.698+0000] {processor.py:914} INFO - Processing file /home/noelsdavid/airflow_venv/lib/python3.12/site-packages/airflow/example_dags/example_nested_branch_dag.py for tasks to queue
[2026-05-18T06:20:32.700+0000] {logging_mixin.py:190} INFO - [2026-05-18T06:20:32.699+0000] {dagbag.py:588} INFO - Filling up the DagBag from /home/noelsdavid/airflow_venv/lib/python3.12/site-packages/airflow/example_dags/example_nested_branch_dag.py
[2026-05-18T06:20:32.718+0000] {processor.py:925} INFO - DAG(s) 'example_nested_branch_dag' retrieved from /home/noelsdavid/airflow_venv/lib/python3.12/site-packages/airflow/example_dags/example_nested_branch_dag.py
[2026-05-18T06:20:32.743+0000] {logging_mixin.py:190} INFO - [2026-05-18T06:20:32.743+0000] {dag.py:3239} INFO - Sync 1 DAGs
[2026-05-18T06:20:32.772+0000] {logging_mixin.py:190} INFO - [2026-05-18T06:20:32.771+0000] {dag.py:4180} INFO - Setting next_dagrun for example_nested_branch_dag to 2026-05-17 00:00:00+00:00, run_after=2026-05-18 00:00:00+00:00
[2026-05-18T06:20:32.803+0000] {processor.py:208} INFO - Processing /home/noelsdavid/airflow_venv/lib/python3.12/site-packages/airflow/example_dags/example_nested_branch_dag.py took 0.118 seconds
[2026-05-18T06:21:36.235+0000] {processor.py:186} INFO - Started process (PID=8681) to work on /home/noelsdavid/airflow_venv/lib/python3.12/site-packages/airflow/example_dags/example_nested_branch_dag.py
[2026-05-18T06:21:36.237+0000] {processor.py:914} INFO - Processing file /home/noelsdavid/airflow_venv/lib/python3.12/site-packages/airflow/example_dags/example_nested_branch_dag.py for tasks to queue
[2026-05-18T06:21:36.239+0000] {logging_mixin.py:190} INFO - [2026-05-18T06:21:36.239+0000] {dagbag.py:588} INFO - Filling up the DagBag from /home/noelsdavid/airflow_venv/lib/python3.12/site-packages/airflow/example_dags/example_nested_branch_dag.py
[2026-05-18T06:21:36.257+0000] {processor.py:925} INFO - DAG(s) 'example_nested_branch_dag' retrieved from /home/noelsdavid/airflow_venv/lib/python3.12/site-packages/airflow/example_dags/example_nested_branch_dag.py
[2026-05-18T06:21:36.280+0000] {logging_mixin.py:190} INFO - [2026-05-18T06:21:36.279+0000] {dag.py:3239} INFO - Sync 1 DAGs
[2026-05-18T06:21:36.309+0000] {logging_mixin.py:190} INFO - [2026-05-18T06:21:36.309+0000] {dag.py:4180} INFO - Setting next_dagrun for example_nested_branch_dag to 2026-05-17 00:00:00+00:00, run_after=2026-05-18 00:00:00+00:00
[2026-05-18T06:21:36.340+0000] {processor.py:208} INFO - Processing /home/noelsdavid/airflow_venv/lib/python3.12/site-packages/airflow/example_dags/example_nested_branch_dag.py took 0.113 seconds
[2026-05-18T06:22:41.257+0000] {processor.py:186} INFO - Started process (PID=8744) to work on /home/noelsdavid/airflow_venv/lib/python3.12/site-packages/airflow/example_dags/example_nested_branch_dag.py
[2026-05-18T06:22:41.273+0000] {processor.py:914} INFO - Processing file /home/noelsdavid/airflow_venv/lib/python3.12/site-packages/airflow/example_dags/example_nested_branch_dag.py for tasks to queue
[2026-05-18T06:22:41.275+0000] {logging_mixin.py:190} INFO - [2026-05-18T06:22:41.275+0000] {dagbag.py:588} INFO - Filling up the DagBag from /home/noelsdavid/airflow_venv/lib/python3.12/site-packages/airflow/example_dags/example_nested_branch_dag.py
[2026-05-18T06:22:41.292+0000] {processor.py:925} INFO - DAG(s) 'example_nested_branch_dag' retrieved from /home/noelsdavid/airflow_venv/lib/python3.12/site-packages/airflow/example_dags/example_nested_branch_dag.py
[2026-05-18T06:22:41.315+0000] {logging_mixin.py:190} INFO - [2026-05-18T06:22:41.315+0000] {dag.py:3239} INFO - Sync 1 DAGs
[2026-05-18T06:22:41.344+0000] {logging_mixin.py:190} INFO - [2026-05-18T06:22:41.344+0000] {dag.py:4180} INFO - Setting next_dagrun for example_nested_branch_dag to 2026-05-17 00:00:00+00:00, run_after=2026-05-18 00:00:00+00:00
[2026-05-18T06:22:41.375+0000] {processor.py:208} INFO - Processing /home/noelsdavid/airflow_venv/lib/python3.12/site-packages/airflow/example_dags/example_nested_branch_dag.py took 0.126 seconds
[2026-05-18T06:23:44.228+0000] {processor.py:186} INFO - Started process (PID=8806) to work on /home/noelsdavid/airflow_venv/lib/python3.12/site-packages/airflow/example_dags/example_nested_branch_dag.py
[2026-05-18T06:23:44.231+0000] {processor.py:914} INFO - Processing file /home/noelsdavid/airflow_venv/lib/python3.12/site-packages/airflow/example_dags/example_nested_branch_dag.py for tasks to queue
[2026-05-18T06:23:44.233+0000] {logging_mixin.py:190} INFO - [2026-05-18T06:23:44.233+0000] {dagbag.py:588} INFO - Filling up the DagBag from /home/noelsdavid/airflow_venv/lib/python3.12/site-packages/airflow/example_dags/example_nested_branch_dag.py
[2026-05-18T06:23:44.251+0000] {processor.py:925} INFO - DAG(s) 'example_nested_branch_dag' retrieved from /home/noelsdavid/airflow_venv/lib/python3.12/site-packages/airflow/example_dags/example_nested_branch_dag.py
[2026-05-18T06:23:44.274+0000] {logging_mixin.py:190} INFO - [2026-05-18T06:23:44.274+0000] {dag.py:3239} INFO - Sync 1 DAGs
[2026-05-18T06:23:44.303+0000] {logging_mixin.py:190} INFO - [2026-05-18T06:23:44.302+0000] {dag.py:4180} INFO - Setting next_dagrun for example_nested_branch_dag to 2026-05-17 00:00:00+00:00, run_after=2026-05-18 00:00:00+00:00
[2026-05-18T06:23:44.336+0000] {processor.py:208} INFO - Processing /home/noelsdavid/airflow_venv/lib/python3.12/site-packages/airflow/example_dags/example_nested_branch_dag.py took 0.115 seconds
[2026-05-18T06:24:51.762+0000] {processor.py:186} INFO - Started process (PID=8870) to work on /home/noelsdavid/airflow_venv/lib/python3.12/site-packages/airflow/example_dags/example_nested_branch_dag.py
[2026-05-18T06:24:51.770+0000] {processor.py:914} INFO - Processing file /home/noelsdavid/airflow_venv/lib/python3.12/site-packages/airflow/example_dags/example_nested_branch_dag.py for tasks to queue
[2026-05-18T06:24:51.773+0000] {logging_mixin.py:190} INFO - [2026-05-18T06:24:51.772+0000] {dagbag.py:588} INFO - Filling up the DagBag from /home/noelsdavid/airflow_venv/lib/python3.12/site-packages/airflow/example_dags/example_nested_branch_dag.py
[2026-05-18T06:24:51.791+0000] {processor.py:925} INFO - DAG(s) 'example_nested_branch_dag' retrieved from /home/noelsdavid/airflow_venv/lib/python3.12/site-packages/airflow/example_dags/example_nested_branch_dag.py
[2026-05-18T06:24:51.816+0000] {logging_mixin.py:190} INFO - [2026-05-18T06:24:51.816+0000] {dag.py:3239} INFO - Sync 1 DAGs
[2026-05-18T06:24:51.842+0000] {logging_mixin.py:190} INFO - [2026-05-18T06:24:51.842+0000] {dag.py:4180} INFO - Setting next_dagrun for example_nested_branch_dag to 2026-05-17 00:00:00+00:00, run_after=2026-05-18 00:00:00+00:00
[2026-05-18T06:24:51.874+0000] {processor.py:208} INFO - Processing /home/noelsdavid/airflow_venv/lib/python3.12/site-packages/airflow/example_dags/example_nested_branch_dag.py took 0.123 seconds
[2026-05-18T06:25:56.858+0000] {processor.py:186} INFO - Started process (PID=8955) to work on /home/noelsdavid/airflow_venv/lib/python3.12/site-packages/airflow/example_dags/example_nested_branch_dag.py
[2026-05-18T06:25:56.871+0000] {processor.py:914} INFO - Processing file /home/noelsdavid/airflow_venv/lib/python3.12/site-packages/airflow/example_dags/example_nested_branch_dag.py for tasks to queue
[2026-05-18T06:25:56.873+0000] {logging_mixin.py:190} INFO - [2026-05-18T06:25:56.872+0000] {dagbag.py:588} INFO - Filling up the DagBag from /home/noelsdavid/airflow_venv/lib/python3.12/site-packages/airflow/example_dags/example_nested_branch_dag.py
[2026-05-18T06:25:56.892+0000] {processor.py:925} INFO - DAG(s) 'example_nested_branch_dag' retrieved from /home/noelsdavid/airflow_venv/lib/python3.12/site-packages/airflow/example_dags/example_nested_branch_dag.py
[2026-05-18T06:25:56.920+0000] {logging_mixin.py:190} INFO - [2026-05-18T06:25:56.920+0000] {dag.py:3239} INFO - Sync 1 DAGs
[2026-05-18T06:25:56.952+0000] {logging_mixin.py:190} INFO - [2026-05-18T06:25:56.951+0000] {dag.py:4180} INFO - Setting next_dagrun for example_nested_branch_dag to 2026-05-17 00:00:00+00:00, run_after=2026-05-18 00:00:00+00:00
[2026-05-18T06:25:56.986+0000] {processor.py:208} INFO - Processing /home/noelsdavid/airflow_venv/lib/python3.12/site-packages/airflow/example_dags/example_nested_branch_dag.py took 0.136 seconds
[2026-05-18T06:27:00.593+0000] {processor.py:186} INFO - Started process (PID=9179) to work on /home/noelsdavid/airflow_venv/lib/python3.12/site-packages/airflow/example_dags/example_nested_branch_dag.py
[2026-05-18T06:27:00.595+0000] {processor.py:914} INFO - Processing file /home/noelsdavid/airflow_venv/lib/python3.12/site-packages/airflow/example_dags/example_nested_branch_dag.py for tasks to queue
[2026-05-18T06:27:00.597+0000] {logging_mixin.py:190} INFO - [2026-05-18T06:27:00.597+0000] {dagbag.py:588} INFO - Filling up the DagBag from /home/noelsdavid/airflow_venv/lib/python3.12/site-packages/airflow/example_dags/example_nested_branch_dag.py
[2026-05-18T06:27:00.617+0000] {processor.py:925} INFO - DAG(s) 'example_nested_branch_dag' retrieved from /home/noelsdavid/airflow_venv/lib/python3.12/site-packages/airflow/example_dags/example_nested_branch_dag.py
[2026-05-18T06:27:00.642+0000] {logging_mixin.py:190} INFO - [2026-05-18T06:27:00.642+0000] {dag.py:3239} INFO - Sync 1 DAGs
[2026-05-18T06:27:00.673+0000] {logging_mixin.py:190} INFO - [2026-05-18T06:27:00.672+0000] {dag.py:4180} INFO - Setting next_dagrun for example_nested_branch_dag to 2026-05-17 00:00:00+00:00, run_after=2026-05-18 00:00:00+00:00
[2026-05-18T06:27:00.708+0000] {processor.py:208} INFO - Processing /home/noelsdavid/airflow_venv/lib/python3.12/site-packages/airflow/example_dags/example_nested_branch_dag.py took 0.123 seconds
[2026-05-18T06:28:12.288+0000] {processor.py:186} INFO - Started process (PID=9704) to work on /home/noelsdavid/airflow_venv/lib/python3.12/site-packages/airflow/example_dags/example_nested_branch_dag.py
[2026-05-18T06:28:12.314+0000] {processor.py:914} INFO - Processing file /home/noelsdavid/airflow_venv/lib/python3.12/site-packages/airflow/example_dags/example_nested_branch_dag.py for tasks to queue
[2026-05-18T06:28:12.316+0000] {logging_mixin.py:190} INFO - [2026-05-18T06:28:12.316+0000] {dagbag.py:588} INFO - Filling up the DagBag from /home/noelsdavid/airflow_venv/lib/python3.12/site-packages/airflow/example_dags/example_nested_branch_dag.py
[2026-05-18T06:28:12.333+0000] {processor.py:925} INFO - DAG(s) 'example_nested_branch_dag' retrieved from /home/noelsdavid/airflow_venv/lib/python3.12/site-packages/airflow/example_dags/example_nested_branch_dag.py
[2026-05-18T06:28:12.357+0000] {logging_mixin.py:190} INFO - [2026-05-18T06:28:12.357+0000] {dag.py:3239} INFO - Sync 1 DAGs
[2026-05-18T06:28:12.384+0000] {logging_mixin.py:190} INFO - [2026-05-18T06:28:12.384+0000] {dag.py:4180} INFO - Setting next_dagrun for example_nested_branch_dag to 2026-05-17 00:00:00+00:00, run_after=2026-05-18 00:00:00+00:00
[2026-05-18T06:28:12.417+0000] {processor.py:208} INFO - Processing /home/noelsdavid/airflow_venv/lib/python3.12/site-packages/airflow/example_dags/example_nested_branch_dag.py took 0.137 seconds
[2026-05-18T06:29:20.487+0000] {processor.py:186} INFO - Started process (PID=9767) to work on /home/noelsdavid/airflow_venv/lib/python3.12/site-packages/airflow/example_dags/example_nested_branch_dag.py
[2026-05-18T06:29:20.490+0000] {processor.py:914} INFO - Processing file /home/noelsdavid/airflow_venv/lib/python3.12/site-packages/airflow/example_dags/example_nested_branch_dag.py for tasks to queue
[2026-05-18T06:29:20.492+0000] {logging_mixin.py:190} INFO - [2026-05-18T06:29:20.491+0000] {dagbag.py:588} INFO - Filling up the DagBag from /home/noelsdavid/airflow_venv/lib/python3.12/site-packages/airflow/example_dags/example_nested_branch_dag.py
[2026-05-18T06:29:20.509+0000] {processor.py:925} INFO - DAG(s) 'example_nested_branch_dag' retrieved from /home/noelsdavid/airflow_venv/lib/python3.12/site-packages/airflow/example_dags/example_nested_branch_dag.py
[2026-05-18T06:29:20.534+0000] {logging_mixin.py:190} INFO - [2026-05-18T06:29:20.533+0000] {dag.py:3239} INFO - Sync 1 DAGs
[2026-05-18T06:29:20.568+0000] {logging_mixin.py:190} INFO - [2026-05-18T06:29:20.568+0000] {dag.py:4180} INFO - Setting next_dagrun for example_nested_branch_dag to 2026-05-17 00:00:00+00:00, run_after=2026-05-18 00:00:00+00:00
[2026-05-18T06:29:20.604+0000] {processor.py:208} INFO - Processing /home/noelsdavid/airflow_venv/lib/python3.12/site-packages/airflow/example_dags/example_nested_branch_dag.py took 0.125 seconds
[2026-05-18T06:30:27.013+0000] {processor.py:186} INFO - Started process (PID=9856) to work on /home/noelsdavid/airflow_venv/lib/python3.12/site-packages/airflow/example_dags/example_nested_branch_dag.py
[2026-05-18T06:30:27.015+0000] {processor.py:914} INFO - Processing file /home/noelsdavid/airflow_venv/lib/python3.12/site-packages/airflow/example_dags/example_nested_branch_dag.py for tasks to queue
[2026-05-18T06:30:27.016+0000] {logging_mixin.py:190} INFO - [2026-05-18T06:30:27.016+0000] {dagbag.py:588} INFO - Filling up the DagBag from /home/noelsdavid/airflow_venv/lib/python3.12/site-packages/airflow/example_dags/example_nested_branch_dag.py
[2026-05-18T06:30:27.033+0000] {processor.py:925} INFO - DAG(s) 'example_nested_branch_dag' retrieved from /home/noelsdavid/airflow_venv/lib/python3.12/site-packages/airflow/example_dags/example_nested_branch_dag.py
[2026-05-18T06:30:27.055+0000] {logging_mixin.py:190} INFO - [2026-05-18T06:30:27.055+0000] {dag.py:3239} INFO - Sync 1 DAGs
[2026-05-18T06:30:27.082+0000] {logging_mixin.py:190} INFO - [2026-05-18T06:30:27.082+0000] {dag.py:4180} INFO - Setting next_dagrun for example_nested_branch_dag to 2026-05-17 00:00:00+00:00, run_after=2026-05-18 00:00:00+00:00
[2026-05-18T06:30:27.112+0000] {processor.py:208} INFO - Processing /home/noelsdavid/airflow_venv/lib/python3.12/site-packages/airflow/example_dags/example_nested_branch_dag.py took 0.108 seconds
[2026-05-18T06:31:32.034+0000] {processor.py:186} INFO - Started process (PID=9919) to work on /home/noelsdavid/airflow_venv/lib/python3.12/site-packages/airflow/example_dags/example_nested_branch_dag.py
[2026-05-18T06:31:32.036+0000] {processor.py:914} INFO - Processing file /home/noelsdavid/airflow_venv/lib/python3.12/site-packages/airflow/example_dags/example_nested_branch_dag.py for tasks to queue
[2026-05-18T06:31:32.038+0000] {logging_mixin.py:190} INFO - [2026-05-18T06:31:32.038+0000] {dagbag.py:588} INFO - Filling up the DagBag from /home/noelsdavid/airflow_venv/lib/python3.12/site-packages/airflow/example_dags/example_nested_branch_dag.py
[2026-05-18T06:31:32.055+0000] {processor.py:925} INFO - DAG(s) 'example_nested_branch_dag' retrieved from /home/noelsdavid/airflow_venv/lib/python3.12/site-packages/airflow/example_dags/example_nested_branch_dag.py
[2026-05-18T06:31:32.078+0000] {logging_mixin.py:190} INFO - [2026-05-18T06:31:32.078+0000] {dag.py:3239} INFO - Sync 1 DAGs
[2026-05-18T06:31:32.106+0000] {logging_mixin.py:190} INFO - [2026-05-18T06:31:32.105+0000] {dag.py:4180} INFO - Setting next_dagrun for example_nested_branch_dag to 2026-05-17 00:00:00+00:00, run_after=2026-05-18 00:00:00+00:00
[2026-05-18T06:31:32.135+0000] {processor.py:208} INFO - Processing /home/noelsdavid/airflow_venv/lib/python3.12/site-packages/airflow/example_dags/example_nested_branch_dag.py took 0.109 seconds
[2026-05-18T06:32:33.291+0000] {processor.py:186} INFO - Started process (PID=9978) to work on /home/noelsdavid/airflow_venv/lib/python3.12/site-packages/airflow/example_dags/example_nested_branch_dag.py
[2026-05-18T06:32:33.294+0000] {processor.py:914} INFO - Processing file /home/noelsdavid/airflow_venv/lib/python3.12/site-packages/airflow/example_dags/example_nested_branch_dag.py for tasks to queue
[2026-05-18T06:32:33.295+0000] {logging_mixin.py:190} INFO - [2026-05-18T06:32:33.295+0000] {dagbag.py:588} INFO - Filling up the DagBag from /home/noelsdavid/airflow_venv/lib/python3.12/site-packages/airflow/example_dags/example_nested_branch_dag.py
[2026-05-18T06:32:33.313+0000] {processor.py:925} INFO - DAG(s) 'example_nested_branch_dag' retrieved from /home/noelsdavid/airflow_venv/lib/python3.12/site-packages/airflow/example_dags/example_nested_branch_dag.py
[2026-05-18T06:32:33.335+0000] {logging_mixin.py:190} INFO - [2026-05-18T06:32:33.335+0000] {dag.py:3239} INFO - Sync 1 DAGs
[2026-05-18T06:32:33.361+0000] {logging_mixin.py:190} INFO - [2026-05-18T06:32:33.361+0000] {dag.py:4180} INFO - Setting next_dagrun for example_nested_branch_dag to 2026-05-17 00:00:00+00:00, run_after=2026-05-18 00:00:00+00:00
[2026-05-18T06:32:33.395+0000] {processor.py:208} INFO - Processing /home/noelsdavid/airflow_venv/lib/python3.12/site-packages/airflow/example_dags/example_nested_branch_dag.py took 0.111 seconds
[2026-05-18T06:33:33.292+0000] {processor.py:186} INFO - Started process (PID=10045) to work on /home/noelsdavid/airflow_venv/lib/python3.12/site-packages/airflow/example_dags/example_nested_branch_dag.py
[2026-05-18T06:33:33.296+0000] {processor.py:914} INFO - Processing file /home/noelsdavid/airflow_venv/lib/python3.12/site-packages/airflow/example_dags/example_nested_branch_dag.py for tasks to queue
[2026-05-18T06:33:33.299+0000] {logging_mixin.py:190} INFO - [2026-05-18T06:33:33.298+0000] {dagbag.py:588} INFO - Filling up the DagBag from /home/noelsdavid/airflow_venv/lib/python3.12/site-packages/airflow/example_dags/example_nested_branch_dag.py
[2026-05-18T06:33:33.333+0000] {processor.py:925} INFO - DAG(s) 'example_nested_branch_dag' retrieved from /home/noelsdavid/airflow_venv/lib/python3.12/site-packages/airflow/example_dags/example_nested_branch_dag.py
[2026-05-18T06:33:33.400+0000] {logging_mixin.py:190} INFO - [2026-05-18T06:33:33.400+0000] {dag.py:3239} INFO - Sync 1 DAGs
[2026-05-18T06:33:33.460+0000] {logging_mixin.py:190} INFO - [2026-05-18T06:33:33.460+0000] {dag.py:4180} INFO - Setting next_dagrun for example_nested_branch_dag to 2026-05-17 00:00:00+00:00, run_after=2026-05-18 00:00:00+00:00
[2026-05-18T06:33:33.512+0000] {processor.py:208} INFO - Processing /home/noelsdavid/airflow_venv/lib/python3.12/site-packages/airflow/example_dags/example_nested_branch_dag.py took 0.236 seconds
[2026-05-18T06:34:40.017+0000] {processor.py:186} INFO - Started process (PID=10203) to work on /home/noelsdavid/airflow_venv/lib/python3.12/site-packages/airflow/example_dags/example_nested_branch_dag.py
[2026-05-18T06:34:40.020+0000] {processor.py:914} INFO - Processing file /home/noelsdavid/airflow_venv/lib/python3.12/site-packages/airflow/example_dags/example_nested_branch_dag.py for tasks to queue
[2026-05-18T06:34:40.023+0000] {logging_mixin.py:190} INFO - [2026-05-18T06:34:40.022+0000] {dagbag.py:588} INFO - Filling up the DagBag from /home/noelsdavid/airflow_venv/lib/python3.12/site-packages/airflow/example_dags/example_nested_branch_dag.py
[2026-05-18T06:34:40.046+0000] {processor.py:925} INFO - DAG(s) 'example_nested_branch_dag' retrieved from /home/noelsdavid/airflow_venv/lib/python3.12/site-packages/airflow/example_dags/example_nested_branch_dag.py
[2026-05-18T06:34:40.105+0000] {logging_mixin.py:190} INFO - [2026-05-18T06:34:40.105+0000] {dag.py:3239} INFO - Sync 1 DAGs
[2026-05-18T06:34:40.153+0000] {logging_mixin.py:190} INFO - [2026-05-18T06:34:40.153+0000] {dag.py:4180} INFO - Setting next_dagrun for example_nested_branch_dag to 2026-05-17 00:00:00+00:00, run_after=2026-05-18 00:00:00+00:00
[2026-05-18T06:34:40.193+0000] {processor.py:208} INFO - Processing /home/noelsdavid/airflow_venv/lib/python3.12/site-packages/airflow/example_dags/example_nested_branch_dag.py took 0.186 seconds
[2026-05-18T06:35:45.171+0000] {processor.py:186} INFO - Started process (PID=10414) to work on /home/noelsdavid/airflow_venv/lib/python3.12/site-packages/airflow/example_dags/example_nested_branch_dag.py
[2026-05-18T06:35:45.173+0000] {processor.py:914} INFO - Processing file /home/noelsdavid/airflow_venv/lib/python3.12/site-packages/airflow/example_dags/example_nested_branch_dag.py for tasks to queue
[2026-05-18T06:35:45.175+0000] {logging_mixin.py:190} INFO - [2026-05-18T06:35:45.175+0000] {dagbag.py:588} INFO - Filling up the DagBag from /home/noelsdavid/airflow_venv/lib/python3.12/site-packages/airflow/example_dags/example_nested_branch_dag.py
[2026-05-18T06:35:45.193+0000] {processor.py:925} INFO - DAG(s) 'example_nested_branch_dag' retrieved from /home/noelsdavid/airflow_venv/lib/python3.12/site-packages/airflow/example_dags/example_nested_branch_dag.py
[2026-05-18T06:35:45.217+0000] {logging_mixin.py:190} INFO - [2026-05-18T06:35:45.217+0000] {dag.py:3239} INFO - Sync 1 DAGs
[2026-05-18T06:35:45.246+0000] {logging_mixin.py:190} INFO - [2026-05-18T06:35:45.246+0000] {dag.py:4180} INFO - Setting next_dagrun for example_nested_branch_dag to 2026-05-17 00:00:00+00:00, run_after=2026-05-18 00:00:00+00:00
[2026-05-18T06:35:45.278+0000] {processor.py:208} INFO - Processing /home/noelsdavid/airflow_venv/lib/python3.12/site-packages/airflow/example_dags/example_nested_branch_dag.py took 0.115 seconds
[2026-05-18T06:36:46.749+0000] {processor.py:186} INFO - Started process (PID=10597) to work on /home/noelsdavid/airflow_venv/lib/python3.12/site-packages/airflow/example_dags/example_nested_branch_dag.py
[2026-05-18T06:36:46.774+0000] {processor.py:914} INFO - Processing file /home/noelsdavid/airflow_venv/lib/python3.12/site-packages/airflow/example_dags/example_nested_branch_dag.py for tasks to queue
[2026-05-18T06:36:46.775+0000] {logging_mixin.py:190} INFO - [2026-05-18T06:36:46.775+0000] {dagbag.py:588} INFO - Filling up the DagBag from /home/noelsdavid/airflow_venv/lib/python3.12/site-packages/airflow/example_dags/example_nested_branch_dag.py
[2026-05-18T06:36:46.792+0000] {processor.py:925} INFO - DAG(s) 'example_nested_branch_dag' retrieved from /home/noelsdavid/airflow_venv/lib/python3.12/site-packages/airflow/example_dags/example_nested_branch_dag.py
[2026-05-18T06:36:46.834+0000] {logging_mixin.py:190} INFO - [2026-05-18T06:36:46.833+0000] {dag.py:3239} INFO - Sync 1 DAGs
[2026-05-18T06:36:46.876+0000] {logging_mixin.py:190} INFO - [2026-05-18T06:36:46.876+0000] {dag.py:4180} INFO - Setting next_dagrun for example_nested_branch_dag to 2026-05-17 00:00:00+00:00, run_after=2026-05-18 00:00:00+00:00
[2026-05-18T06:36:46.916+0000] {processor.py:208} INFO - Processing /home/noelsdavid/airflow_venv/lib/python3.12/site-packages/airflow/example_dags/example_nested_branch_dag.py took 0.174 seconds
[2026-05-18T06:37:50.893+0000] {processor.py:186} INFO - Started process (PID=10944) to work on /home/noelsdavid/airflow_venv/lib/python3.12/site-packages/airflow/example_dags/example_nested_branch_dag.py
[2026-05-18T06:37:50.896+0000] {processor.py:914} INFO - Processing file /home/noelsdavid/airflow_venv/lib/python3.12/site-packages/airflow/example_dags/example_nested_branch_dag.py for tasks to queue
[2026-05-18T06:37:50.897+0000] {logging_mixin.py:190} INFO - [2026-05-18T06:37:50.897+0000] {dagbag.py:588} INFO - Filling up the DagBag from /home/noelsdavid/airflow_venv/lib/python3.12/site-packages/airflow/example_dags/example_nested_branch_dag.py
[2026-05-18T06:37:50.915+0000] {processor.py:925} INFO - DAG(s) 'example_nested_branch_dag' retrieved from /home/noelsdavid/airflow_venv/lib/python3.12/site-packages/airflow/example_dags/example_nested_branch_dag.py
[2026-05-18T06:37:50.938+0000] {logging_mixin.py:190} INFO - [2026-05-18T06:37:50.938+0000] {dag.py:3239} INFO - Sync 1 DAGs
[2026-05-18T06:37:50.967+0000] {logging_mixin.py:190} INFO - [2026-05-18T06:37:50.967+0000] {dag.py:4180} INFO - Setting next_dagrun for example_nested_branch_dag to 2026-05-17 00:00:00+00:00, run_after=2026-05-18 00:00:00+00:00
[2026-05-18T06:37:50.997+0000] {processor.py:208} INFO - Processing /home/noelsdavid/airflow_venv/lib/python3.12/site-packages/airflow/example_dags/example_nested_branch_dag.py took 0.112 seconds
[2026-05-18T06:38:55.900+0000] {processor.py:186} INFO - Started process (PID=11170) to work on /home/noelsdavid/airflow_venv/lib/python3.12/site-packages/airflow/example_dags/example_nested_branch_dag.py
[2026-05-18T06:38:55.903+0000] {processor.py:914} INFO - Processing file /home/noelsdavid/airflow_venv/lib/python3.12/site-packages/airflow/example_dags/example_nested_branch_dag.py for tasks to queue
[2026-05-18T06:38:55.904+0000] {logging_mixin.py:190} INFO - [2026-05-18T06:38:55.904+0000] {dagbag.py:588} INFO - Filling up the DagBag from /home/noelsdavid/airflow_venv/lib/python3.12/site-packages/airflow/example_dags/example_nested_branch_dag.py
[2026-05-18T06:38:55.921+0000] {processor.py:925} INFO - DAG(s) 'example_nested_branch_dag' retrieved from /home/noelsdavid/airflow_venv/lib/python3.12/site-packages/airflow/example_dags/example_nested_branch_dag.py
[2026-05-18T06:38:55.947+0000] {logging_mixin.py:190} INFO - [2026-05-18T06:38:55.947+0000] {dag.py:3239} INFO - Sync 1 DAGs
[2026-05-18T06:38:55.975+0000] {logging_mixin.py:190} INFO - [2026-05-18T06:38:55.975+0000] {dag.py:4180} INFO - Setting next_dagrun for example_nested_branch_dag to 2026-05-17 00:00:00+00:00, run_after=2026-05-18 00:00:00+00:00
[2026-05-18T06:38:56.008+0000] {processor.py:208} INFO - Processing /home/noelsdavid/airflow_venv/lib/python3.12/site-packages/airflow/example_dags/example_nested_branch_dag.py took 0.116 seconds
[2026-05-18T06:40:01.440+0000] {processor.py:186} INFO - Started process (PID=11396) to work on /home/noelsdavid/airflow_venv/lib/python3.12/site-packages/airflow/example_dags/example_nested_branch_dag.py
[2026-05-18T06:40:01.443+0000] {processor.py:914} INFO - Processing file /home/noelsdavid/airflow_venv/lib/python3.12/site-packages/airflow/example_dags/example_nested_branch_dag.py for tasks to queue
[2026-05-18T06:40:01.445+0000] {logging_mixin.py:190} INFO - [2026-05-18T06:40:01.445+0000] {dagbag.py:588} INFO - Filling up the DagBag from /home/noelsdavid/airflow_venv/lib/python3.12/site-packages/airflow/example_dags/example_nested_branch_dag.py
[2026-05-18T06:40:01.466+0000] {processor.py:925} INFO - DAG(s) 'example_nested_branch_dag' retrieved from /home/noelsdavid/airflow_venv/lib/python3.12/site-packages/airflow/example_dags/example_nested_branch_dag.py
[2026-05-18T06:40:01.491+0000] {logging_mixin.py:190} INFO - [2026-05-18T06:40:01.490+0000] {dag.py:3239} INFO - Sync 1 DAGs
[2026-05-18T06:40:01.522+0000] {logging_mixin.py:190} INFO - [2026-05-18T06:40:01.522+0000] {dag.py:4180} INFO - Setting next_dagrun for example_nested_branch_dag to 2026-05-17 00:00:00+00:00, run_after=2026-05-18 00:00:00+00:00
[2026-05-18T06:40:01.564+0000] {processor.py:208} INFO - Processing /home/noelsdavid/airflow_venv/lib/python3.12/site-packages/airflow/example_dags/example_nested_branch_dag.py took 0.134 seconds
[2026-05-18T06:41:15.923+0000] {processor.py:186} INFO - Started process (PID=11747) to work on /home/noelsdavid/airflow_venv/lib/python3.12/site-packages/airflow/example_dags/example_nested_branch_dag.py
[2026-05-18T06:41:15.927+0000] {processor.py:914} INFO - Processing file /home/noelsdavid/airflow_venv/lib/python3.12/site-packages/airflow/example_dags/example_nested_branch_dag.py for tasks to queue
[2026-05-18T06:41:15.929+0000] {logging_mixin.py:190} INFO - [2026-05-18T06:41:15.928+0000] {dagbag.py:588} INFO - Filling up the DagBag from /home/noelsdavid/airflow_venv/lib/python3.12/site-packages/airflow/example_dags/example_nested_branch_dag.py
[2026-05-18T06:41:15.948+0000] {processor.py:925} INFO - DAG(s) 'example_nested_branch_dag' retrieved from /home/noelsdavid/airflow_venv/lib/python3.12/site-packages/airflow/example_dags/example_nested_branch_dag.py
[2026-05-18T06:41:15.973+0000] {logging_mixin.py:190} INFO - [2026-05-18T06:41:15.972+0000] {dag.py:3239} INFO - Sync 1 DAGs
[2026-05-18T06:41:16.012+0000] {logging_mixin.py:190} INFO - [2026-05-18T06:41:16.012+0000] {dag.py:4180} INFO - Setting next_dagrun for example_nested_branch_dag to 2026-05-17 00:00:00+00:00, run_after=2026-05-18 00:00:00+00:00
[2026-05-18T06:41:16.052+0000] {processor.py:208} INFO - Processing /home/noelsdavid/airflow_venv/lib/python3.12/site-packages/airflow/example_dags/example_nested_branch_dag.py took 0.136 seconds
[2026-05-18T06:42:27.940+0000] {processor.py:186} INFO - Started process (PID=12455) to work on /home/noelsdavid/airflow_venv/lib/python3.12/site-packages/airflow/example_dags/example_nested_branch_dag.py
[2026-05-18T06:42:27.944+0000] {processor.py:914} INFO - Processing file /home/noelsdavid/airflow_venv/lib/python3.12/site-packages/airflow/example_dags/example_nested_branch_dag.py for tasks to queue
[2026-05-18T06:42:27.948+0000] {logging_mixin.py:190} INFO - [2026-05-18T06:42:27.947+0000] {dagbag.py:588} INFO - Filling up the DagBag from /home/noelsdavid/airflow_venv/lib/python3.12/site-packages/airflow/example_dags/example_nested_branch_dag.py
[2026-05-18T06:42:27.971+0000] {processor.py:925} INFO - DAG(s) 'example_nested_branch_dag' retrieved from /home/noelsdavid/airflow_venv/lib/python3.12/site-packages/airflow/example_dags/example_nested_branch_dag.py
[2026-05-18T06:42:28.007+0000] {logging_mixin.py:190} INFO - [2026-05-18T06:42:28.007+0000] {dag.py:3239} INFO - Sync 1 DAGs
[2026-05-18T06:42:28.044+0000] {logging_mixin.py:190} INFO - [2026-05-18T06:42:28.044+0000] {dag.py:4180} INFO - Setting next_dagrun for example_nested_branch_dag to 2026-05-17 00:00:00+00:00, run_after=2026-05-18 00:00:00+00:00
[2026-05-18T06:42:28.082+0000] {processor.py:208} INFO - Processing /home/noelsdavid/airflow_venv/lib/python3.12/site-packages/airflow/example_dags/example_nested_branch_dag.py took 0.155 seconds
[2026-05-18T06:44:01.404+0000] {processor.py:186} INFO - Started process (PID=13011) to work on /home/noelsdavid/airflow_venv/lib/python3.12/site-packages/airflow/example_dags/example_nested_branch_dag.py
[2026-05-18T06:44:01.407+0000] {processor.py:914} INFO - Processing file /home/noelsdavid/airflow_venv/lib/python3.12/site-packages/airflow/example_dags/example_nested_branch_dag.py for tasks to queue
[2026-05-18T06:44:01.409+0000] {logging_mixin.py:190} INFO - [2026-05-18T06:44:01.408+0000] {dagbag.py:588} INFO - Filling up the DagBag from /home/noelsdavid/airflow_venv/lib/python3.12/site-packages/airflow/example_dags/example_nested_branch_dag.py
[2026-05-18T06:44:01.427+0000] {processor.py:925} INFO - DAG(s) 'example_nested_branch_dag' retrieved from /home/noelsdavid/airflow_venv/lib/python3.12/site-packages/airflow/example_dags/example_nested_branch_dag.py
[2026-05-18T06:44:01.457+0000] {logging_mixin.py:190} INFO - [2026-05-18T06:44:01.457+0000] {dag.py:3239} INFO - Sync 1 DAGs
[2026-05-18T06:44:01.493+0000] {logging_mixin.py:190} INFO - [2026-05-18T06:44:01.493+0000] {dag.py:4180} INFO - Setting next_dagrun for example_nested_branch_dag to 2026-05-17 00:00:00+00:00, run_after=2026-05-18 00:00:00+00:00
[2026-05-18T06:44:01.530+0000] {processor.py:208} INFO - Processing /home/noelsdavid/airflow_venv/lib/python3.12/site-packages/airflow/example_dags/example_nested_branch_dag.py took 0.136 seconds
[2026-05-18T06:45:18.124+0000] {processor.py:186} INFO - Started process (PID=13119) to work on /home/noelsdavid/airflow_venv/lib/python3.12/site-packages/airflow/example_dags/example_nested_branch_dag.py
[2026-05-18T06:45:18.126+0000] {processor.py:914} INFO - Processing file /home/noelsdavid/airflow_venv/lib/python3.12/site-packages/airflow/example_dags/example_nested_branch_dag.py for tasks to queue
[2026-05-18T06:45:18.129+0000] {logging_mixin.py:190} INFO - [2026-05-18T06:45:18.128+0000] {dagbag.py:588} INFO - Filling up the DagBag from /home/noelsdavid/airflow_venv/lib/python3.12/site-packages/airflow/example_dags/example_nested_branch_dag.py
[2026-05-18T06:45:18.145+0000] {processor.py:925} INFO - DAG(s) 'example_nested_branch_dag' retrieved from /home/noelsdavid/airflow_venv/lib/python3.12/site-packages/airflow/example_dags/example_nested_branch_dag.py
[2026-05-18T06:45:18.169+0000] {logging_mixin.py:190} INFO - [2026-05-18T06:45:18.168+0000] {dag.py:3239} INFO - Sync 1 DAGs
[2026-05-18T06:45:18.197+0000] {logging_mixin.py:190} INFO - [2026-05-18T06:45:18.197+0000] {dag.py:4180} INFO - Setting next_dagrun for example_nested_branch_dag to 2026-05-17 00:00:00+00:00, run_after=2026-05-18 00:00:00+00:00
[2026-05-18T06:45:18.228+0000] {processor.py:208} INFO - Processing /home/noelsdavid/airflow_venv/lib/python3.12/site-packages/airflow/example_dags/example_nested_branch_dag.py took 0.113 seconds
[2026-05-18T06:46:29.820+0000] {processor.py:186} INFO - Started process (PID=13197) to work on /home/noelsdavid/airflow_venv/lib/python3.12/site-packages/airflow/example_dags/example_nested_branch_dag.py
[2026-05-18T06:46:29.823+0000] {processor.py:914} INFO - Processing file /home/noelsdavid/airflow_venv/lib/python3.12/site-packages/airflow/example_dags/example_nested_branch_dag.py for tasks to queue
[2026-05-18T06:46:29.825+0000] {logging_mixin.py:190} INFO - [2026-05-18T06:46:29.824+0000] {dagbag.py:588} INFO - Filling up the DagBag from /home/noelsdavid/airflow_venv/lib/python3.12/site-packages/airflow/example_dags/example_nested_branch_dag.py
[2026-05-18T06:46:29.845+0000] {processor.py:925} INFO - DAG(s) 'example_nested_branch_dag' retrieved from /home/noelsdavid/airflow_venv/lib/python3.12/site-packages/airflow/example_dags/example_nested_branch_dag.py
[2026-05-18T06:46:29.875+0000] {logging_mixin.py:190} INFO - [2026-05-18T06:46:29.874+0000] {dag.py:3239} INFO - Sync 1 DAGs
[2026-05-18T06:46:29.909+0000] {logging_mixin.py:190} INFO - [2026-05-18T06:46:29.909+0000] {dag.py:4180} INFO - Setting next_dagrun for example_nested_branch_dag to 2026-05-17 00:00:00+00:00, run_after=2026-05-18 00:00:00+00:00
[2026-05-18T06:46:29.943+0000] {processor.py:208} INFO - Processing /home/noelsdavid/airflow_venv/lib/python3.12/site-packages/airflow/example_dags/example_nested_branch_dag.py took 0.134 seconds
[2026-05-18T06:47:37.860+0000] {processor.py:186} INFO - Started process (PID=13273) to work on /home/noelsdavid/airflow_venv/lib/python3.12/site-packages/airflow/example_dags/example_nested_branch_dag.py
[2026-05-18T06:47:37.889+0000] {processor.py:914} INFO - Processing file /home/noelsdavid/airflow_venv/lib/python3.12/site-packages/airflow/example_dags/example_nested_branch_dag.py for tasks to queue
[2026-05-18T06:47:37.891+0000] {logging_mixin.py:190} INFO - [2026-05-18T06:47:37.890+0000] {dagbag.py:588} INFO - Filling up the DagBag from /home/noelsdavid/airflow_venv/lib/python3.12/site-packages/airflow/example_dags/example_nested_branch_dag.py
[2026-05-18T06:47:37.908+0000] {processor.py:925} INFO - DAG(s) 'example_nested_branch_dag' retrieved from /home/noelsdavid/airflow_venv/lib/python3.12/site-packages/airflow/example_dags/example_nested_branch_dag.py
[2026-05-18T06:47:37.932+0000] {logging_mixin.py:190} INFO - [2026-05-18T06:47:37.932+0000] {dag.py:3239} INFO - Sync 1 DAGs
[2026-05-18T06:47:37.960+0000] {logging_mixin.py:190} INFO - [2026-05-18T06:47:37.960+0000] {dag.py:4180} INFO - Setting next_dagrun for example_nested_branch_dag to 2026-05-17 00:00:00+00:00, run_after=2026-05-18 00:00:00+00:00
[2026-05-18T06:47:37.991+0000] {processor.py:208} INFO - Processing /home/noelsdavid/airflow_venv/lib/python3.12/site-packages/airflow/example_dags/example_nested_branch_dag.py took 0.140 seconds
[2026-05-18T06:48:42.261+0000] {processor.py:186} INFO - Started process (PID=13345) to work on /home/noelsdavid/airflow_venv/lib/python3.12/site-packages/airflow/example_dags/example_nested_branch_dag.py
[2026-05-18T06:48:42.263+0000] {processor.py:914} INFO - Processing file /home/noelsdavid/airflow_venv/lib/python3.12/site-packages/airflow/example_dags/example_nested_branch_dag.py for tasks to queue
[2026-05-18T06:48:42.265+0000] {logging_mixin.py:190} INFO - [2026-05-18T06:48:42.265+0000] {dagbag.py:588} INFO - Filling up the DagBag from /home/noelsdavid/airflow_venv/lib/python3.12/site-packages/airflow/example_dags/example_nested_branch_dag.py
[2026-05-18T06:48:42.282+0000] {processor.py:925} INFO - DAG(s) 'example_nested_branch_dag' retrieved from /home/noelsdavid/airflow_venv/lib/python3.12/site-packages/airflow/example_dags/example_nested_branch_dag.py
[2026-05-18T06:48:42.305+0000] {logging_mixin.py:190} INFO - [2026-05-18T06:48:42.305+0000] {dag.py:3239} INFO - Sync 1 DAGs
[2026-05-18T06:48:42.333+0000] {logging_mixin.py:190} INFO - [2026-05-18T06:48:42.333+0000] {dag.py:4180} INFO - Setting next_dagrun for example_nested_branch_dag to 2026-05-17 00:00:00+00:00, run_after=2026-05-18 00:00:00+00:00
[2026-05-18T06:48:42.363+0000] {processor.py:208} INFO - Processing /home/noelsdavid/airflow_venv/lib/python3.12/site-packages/airflow/example_dags/example_nested_branch_dag.py took 0.111 seconds
[2026-05-18T06:49:46.444+0000] {processor.py:186} INFO - Started process (PID=13444) to work on /home/noelsdavid/airflow_venv/lib/python3.12/site-packages/airflow/example_dags/example_nested_branch_dag.py
[2026-05-18T06:49:46.450+0000] {processor.py:914} INFO - Processing file /home/noelsdavid/airflow_venv/lib/python3.12/site-packages/airflow/example_dags/example_nested_branch_dag.py for tasks to queue
[2026-05-18T06:49:46.452+0000] {logging_mixin.py:190} INFO - [2026-05-18T06:49:46.451+0000] {dagbag.py:588} INFO - Filling up the DagBag from /home/noelsdavid/airflow_venv/lib/python3.12/site-packages/airflow/example_dags/example_nested_branch_dag.py
[2026-05-18T06:49:46.469+0000] {processor.py:925} INFO - DAG(s) 'example_nested_branch_dag' retrieved from /home/noelsdavid/airflow_venv/lib/python3.12/site-packages/airflow/example_dags/example_nested_branch_dag.py
[2026-05-18T06:49:46.494+0000] {logging_mixin.py:190} INFO - [2026-05-18T06:49:46.494+0000] {dag.py:3239} INFO - Sync 1 DAGs
[2026-05-18T06:49:46.522+0000] {logging_mixin.py:190} INFO - [2026-05-18T06:49:46.522+0000] {dag.py:4180} INFO - Setting next_dagrun for example_nested_branch_dag to 2026-05-17 00:00:00+00:00, run_after=2026-05-18 00:00:00+00:00
[2026-05-18T06:49:46.556+0000] {processor.py:208} INFO - Processing /home/noelsdavid/airflow_venv/lib/python3.12/site-packages/airflow/example_dags/example_nested_branch_dag.py took 0.121 seconds
[2026-05-18T06:50:56.048+0000] {processor.py:186} INFO - Started process (PID=14042) to work on /home/noelsdavid/airflow_venv/lib/python3.12/site-packages/airflow/example_dags/example_nested_branch_dag.py
[2026-05-18T06:50:56.074+0000] {processor.py:914} INFO - Processing file /home/noelsdavid/airflow_venv/lib/python3.12/site-packages/airflow/example_dags/example_nested_branch_dag.py for tasks to queue
[2026-05-18T06:50:56.076+0000] {logging_mixin.py:190} INFO - [2026-05-18T06:50:56.075+0000] {dagbag.py:588} INFO - Filling up the DagBag from /home/noelsdavid/airflow_venv/lib/python3.12/site-packages/airflow/example_dags/example_nested_branch_dag.py
[2026-05-18T06:50:56.093+0000] {processor.py:925} INFO - DAG(s) 'example_nested_branch_dag' retrieved from /home/noelsdavid/airflow_venv/lib/python3.12/site-packages/airflow/example_dags/example_nested_branch_dag.py
[2026-05-18T06:50:56.118+0000] {logging_mixin.py:190} INFO - [2026-05-18T06:50:56.117+0000] {dag.py:3239} INFO - Sync 1 DAGs
[2026-05-18T06:50:56.145+0000] {logging_mixin.py:190} INFO - [2026-05-18T06:50:56.144+0000] {dag.py:4180} INFO - Setting next_dagrun for example_nested_branch_dag to 2026-05-17 00:00:00+00:00, run_after=2026-05-18 00:00:00+00:00
[2026-05-18T06:50:56.248+0000] {processor.py:208} INFO - Processing /home/noelsdavid/airflow_venv/lib/python3.12/site-packages/airflow/example_dags/example_nested_branch_dag.py took 0.210 seconds
[2026-05-18T06:52:09.913+0000] {processor.py:186} INFO - Started process (PID=14378) to work on /home/noelsdavid/airflow_venv/lib/python3.12/site-packages/airflow/example_dags/example_nested_branch_dag.py
[2026-05-18T06:52:09.915+0000] {processor.py:914} INFO - Processing file /home/noelsdavid/airflow_venv/lib/python3.12/site-packages/airflow/example_dags/example_nested_branch_dag.py for tasks to queue
[2026-05-18T06:52:09.917+0000] {logging_mixin.py:190} INFO - [2026-05-18T06:52:09.916+0000] {dagbag.py:588} INFO - Filling up the DagBag from /home/noelsdavid/airflow_venv/lib/python3.12/site-packages/airflow/example_dags/example_nested_branch_dag.py
[2026-05-18T06:52:09.934+0000] {processor.py:925} INFO - DAG(s) 'example_nested_branch_dag' retrieved from /home/noelsdavid/airflow_venv/lib/python3.12/site-packages/airflow/example_dags/example_nested_branch_dag.py
[2026-05-18T06:52:09.958+0000] {logging_mixin.py:190} INFO - [2026-05-18T06:52:09.958+0000] {dag.py:3239} INFO - Sync 1 DAGs
[2026-05-18T06:52:09.988+0000] {logging_mixin.py:190} INFO - [2026-05-18T06:52:09.988+0000] {dag.py:4180} INFO - Setting next_dagrun for example_nested_branch_dag to 2026-05-17 00:00:00+00:00, run_after=2026-05-18 00:00:00+00:00
[2026-05-18T06:52:10.022+0000] {processor.py:208} INFO - Processing /home/noelsdavid/airflow_venv/lib/python3.12/site-packages/airflow/example_dags/example_nested_branch_dag.py took 0.118 seconds
[2026-05-18T06:53:19.599+0000] {processor.py:186} INFO - Started process (PID=14649) to work on /home/noelsdavid/airflow_venv/lib/python3.12/site-packages/airflow/example_dags/example_nested_branch_dag.py
[2026-05-18T06:53:19.601+0000] {processor.py:914} INFO - Processing file /home/noelsdavid/airflow_venv/lib/python3.12/site-packages/airflow/example_dags/example_nested_branch_dag.py for tasks to queue
[2026-05-18T06:53:19.603+0000] {logging_mixin.py:190} INFO - [2026-05-18T06:53:19.602+0000] {dagbag.py:588} INFO - Filling up the DagBag from /home/noelsdavid/airflow_venv/lib/python3.12/site-packages/airflow/example_dags/example_nested_branch_dag.py
[2026-05-18T06:53:19.620+0000] {processor.py:925} INFO - DAG(s) 'example_nested_branch_dag' retrieved from /home/noelsdavid/airflow_venv/lib/python3.12/site-packages/airflow/example_dags/example_nested_branch_dag.py
[2026-05-18T06:53:19.644+0000] {logging_mixin.py:190} INFO - [2026-05-18T06:53:19.643+0000] {dag.py:3239} INFO - Sync 1 DAGs
[2026-05-18T06:53:19.671+0000] {logging_mixin.py:190} INFO - [2026-05-18T06:53:19.671+0000] {dag.py:4180} INFO - Setting next_dagrun for example_nested_branch_dag to 2026-05-17 00:00:00+00:00, run_after=2026-05-18 00:00:00+00:00
[2026-05-18T06:53:19.703+0000] {processor.py:208} INFO - Processing /home/noelsdavid/airflow_venv/lib/python3.12/site-packages/airflow/example_dags/example_nested_branch_dag.py took 0.114 seconds
[2026-05-18T06:54:32.430+0000] {processor.py:186} INFO - Started process (PID=14977) to work on /home/noelsdavid/airflow_venv/lib/python3.12/site-packages/airflow/example_dags/example_nested_branch_dag.py
[2026-05-18T06:54:32.433+0000] {processor.py:914} INFO - Processing file /home/noelsdavid/airflow_venv/lib/python3.12/site-packages/airflow/example_dags/example_nested_branch_dag.py for tasks to queue
[2026-05-18T06:54:32.435+0000] {logging_mixin.py:190} INFO - [2026-05-18T06:54:32.434+0000] {dagbag.py:588} INFO - Filling up the DagBag from /home/noelsdavid/airflow_venv/lib/python3.12/site-packages/airflow/example_dags/example_nested_branch_dag.py
[2026-05-18T06:54:32.454+0000] {processor.py:925} INFO - DAG(s) 'example_nested_branch_dag' retrieved from /home/noelsdavid/airflow_venv/lib/python3.12/site-packages/airflow/example_dags/example_nested_branch_dag.py
[2026-05-18T06:54:32.478+0000] {logging_mixin.py:190} INFO - [2026-05-18T06:54:32.478+0000] {dag.py:3239} INFO - Sync 1 DAGs
[2026-05-18T06:54:32.506+0000] {logging_mixin.py:190} INFO - [2026-05-18T06:54:32.505+0000] {dag.py:4180} INFO - Setting next_dagrun for example_nested_branch_dag to 2026-05-17 00:00:00+00:00, run_after=2026-05-18 00:00:00+00:00
[2026-05-18T06:54:32.538+0000] {processor.py:208} INFO - Processing /home/noelsdavid/airflow_venv/lib/python3.12/site-packages/airflow/example_dags/example_nested_branch_dag.py took 0.121 seconds
[2026-05-18T06:55:48.641+0000] {processor.py:186} INFO - Started process (PID=15223) to work on /home/noelsdavid/airflow_venv/lib/python3.12/site-packages/airflow/example_dags/example_nested_branch_dag.py
[2026-05-18T06:55:48.644+0000] {processor.py:914} INFO - Processing file /home/noelsdavid/airflow_venv/lib/python3.12/site-packages/airflow/example_dags/example_nested_branch_dag.py for tasks to queue
[2026-05-18T06:55:48.646+0000] {logging_mixin.py:190} INFO - [2026-05-18T06:55:48.645+0000] {dagbag.py:588} INFO - Filling up the DagBag from /home/noelsdavid/airflow_venv/lib/python3.12/site-packages/airflow/example_dags/example_nested_branch_dag.py
[2026-05-18T06:55:48.664+0000] {processor.py:925} INFO - DAG(s) 'example_nested_branch_dag' retrieved from /home/noelsdavid/airflow_venv/lib/python3.12/site-packages/airflow/example_dags/example_nested_branch_dag.py
[2026-05-18T06:55:48.702+0000] {logging_mixin.py:190} INFO - [2026-05-18T06:55:48.701+0000] {dag.py:3239} INFO - Sync 1 DAGs
[2026-05-18T06:55:48.743+0000] {logging_mixin.py:190} INFO - [2026-05-18T06:55:48.743+0000] {dag.py:4180} INFO - Setting next_dagrun for example_nested_branch_dag to 2026-05-17 00:00:00+00:00, run_after=2026-05-18 00:00:00+00:00
[2026-05-18T06:55:48.779+0000] {processor.py:208} INFO - Processing /home/noelsdavid/airflow_venv/lib/python3.12/site-packages/airflow/example_dags/example_nested_branch_dag.py took 0.149 seconds
[2026-05-18T06:57:05.086+0000] {processor.py:186} INFO - Started process (PID=15438) to work on /home/noelsdavid/airflow_venv/lib/python3.12/site-packages/airflow/example_dags/example_nested_branch_dag.py
[2026-05-18T06:57:05.089+0000] {processor.py:914} INFO - Processing file /home/noelsdavid/airflow_venv/lib/python3.12/site-packages/airflow/example_dags/example_nested_branch_dag.py for tasks to queue
[2026-05-18T06:57:05.091+0000] {logging_mixin.py:190} INFO - [2026-05-18T06:57:05.090+0000] {dagbag.py:588} INFO - Filling up the DagBag from /home/noelsdavid/airflow_venv/lib/python3.12/site-packages/airflow/example_dags/example_nested_branch_dag.py
[2026-05-18T06:57:05.111+0000] {processor.py:925} INFO - DAG(s) 'example_nested_branch_dag' retrieved from /home/noelsdavid/airflow_venv/lib/python3.12/site-packages/airflow/example_dags/example_nested_branch_dag.py
[2026-05-18T06:57:05.139+0000] {logging_mixin.py:190} INFO - [2026-05-18T06:57:05.138+0000] {dag.py:3239} INFO - Sync 1 DAGs
[2026-05-18T06:57:05.206+0000] {logging_mixin.py:190} INFO - [2026-05-18T06:57:05.206+0000] {dag.py:4180} INFO - Setting next_dagrun for example_nested_branch_dag to 2026-05-17 00:00:00+00:00, run_after=2026-05-18 00:00:00+00:00
[2026-05-18T06:57:05.252+0000] {processor.py:208} INFO - Processing /home/noelsdavid/airflow_venv/lib/python3.12/site-packages/airflow/example_dags/example_nested_branch_dag.py took 0.178 seconds
[2026-05-18T06:58:21.634+0000] {processor.py:186} INFO - Started process (PID=15680) to work on /home/noelsdavid/airflow_venv/lib/python3.12/site-packages/airflow/example_dags/example_nested_branch_dag.py
[2026-05-18T06:58:21.636+0000] {processor.py:914} INFO - Processing file /home/noelsdavid/airflow_venv/lib/python3.12/site-packages/airflow/example_dags/example_nested_branch_dag.py for tasks to queue
[2026-05-18T06:58:21.638+0000] {logging_mixin.py:190} INFO - [2026-05-18T06:58:21.638+0000] {dagbag.py:588} INFO - Filling up the DagBag from /home/noelsdavid/airflow_venv/lib/python3.12/site-packages/airflow/example_dags/example_nested_branch_dag.py
[2026-05-18T06:58:21.669+0000] {processor.py:925} INFO - DAG(s) 'example_nested_branch_dag' retrieved from /home/noelsdavid/airflow_venv/lib/python3.12/site-packages/airflow/example_dags/example_nested_branch_dag.py
[2026-05-18T06:58:21.705+0000] {logging_mixin.py:190} INFO - [2026-05-18T06:58:21.704+0000] {dag.py:3239} INFO - Sync 1 DAGs
[2026-05-18T06:58:21.754+0000] {logging_mixin.py:190} INFO - [2026-05-18T06:58:21.754+0000] {dag.py:4180} INFO - Setting next_dagrun for example_nested_branch_dag to 2026-05-17 00:00:00+00:00, run_after=2026-05-18 00:00:00+00:00
[2026-05-18T06:58:21.805+0000] {processor.py:208} INFO - Processing /home/noelsdavid/airflow_venv/lib/python3.12/site-packages/airflow/example_dags/example_nested_branch_dag.py took 0.180 seconds
[2026-05-18T06:59:38.731+0000] {processor.py:186} INFO - Started process (PID=15868) to work on /home/noelsdavid/airflow_venv/lib/python3.12/site-packages/airflow/example_dags/example_nested_branch_dag.py
[2026-05-18T06:59:38.736+0000] {processor.py:914} INFO - Processing file /home/noelsdavid/airflow_venv/lib/python3.12/site-packages/airflow/example_dags/example_nested_branch_dag.py for tasks to queue
[2026-05-18T06:59:38.739+0000] {logging_mixin.py:190} INFO - [2026-05-18T06:59:38.738+0000] {dagbag.py:588} INFO - Filling up the DagBag from /home/noelsdavid/airflow_venv/lib/python3.12/site-packages/airflow/example_dags/example_nested_branch_dag.py
[2026-05-18T06:59:38.772+0000] {processor.py:925} INFO - DAG(s) 'example_nested_branch_dag' retrieved from /home/noelsdavid/airflow_venv/lib/python3.12/site-packages/airflow/example_dags/example_nested_branch_dag.py
[2026-05-18T06:59:38.844+0000] {logging_mixin.py:190} INFO - [2026-05-18T06:59:38.844+0000] {dag.py:3239} INFO - Sync 1 DAGs
[2026-05-18T06:59:38.909+0000] {logging_mixin.py:190} INFO - [2026-05-18T06:59:38.909+0000] {dag.py:4180} INFO - Setting next_dagrun for example_nested_branch_dag to 2026-05-17 00:00:00+00:00, run_after=2026-05-18 00:00:00+00:00
[2026-05-18T06:59:38.970+0000] {processor.py:208} INFO - Processing /home/noelsdavid/airflow_venv/lib/python3.12/site-packages/airflow/example_dags/example_nested_branch_dag.py took 0.250 seconds
[2026-05-18T07:00:59.110+0000] {processor.py:186} INFO - Started process (PID=16324) to work on /home/noelsdavid/airflow_venv/lib/python3.12/site-packages/airflow/example_dags/example_nested_branch_dag.py
[2026-05-18T07:00:59.112+0000] {processor.py:914} INFO - Processing file /home/noelsdavid/airflow_venv/lib/python3.12/site-packages/airflow/example_dags/example_nested_branch_dag.py for tasks to queue
[2026-05-18T07:00:59.114+0000] {logging_mixin.py:190} INFO - [2026-05-18T07:00:59.114+0000] {dagbag.py:588} INFO - Filling up the DagBag from /home/noelsdavid/airflow_venv/lib/python3.12/site-packages/airflow/example_dags/example_nested_branch_dag.py
[2026-05-18T07:00:59.132+0000] {processor.py:925} INFO - DAG(s) 'example_nested_branch_dag' retrieved from /home/noelsdavid/airflow_venv/lib/python3.12/site-packages/airflow/example_dags/example_nested_branch_dag.py
[2026-05-18T07:00:59.156+0000] {logging_mixin.py:190} INFO - [2026-05-18T07:00:59.156+0000] {dag.py:3239} INFO - Sync 1 DAGs
[2026-05-18T07:00:59.187+0000] {logging_mixin.py:190} INFO - [2026-05-18T07:00:59.187+0000] {dag.py:4180} INFO - Setting next_dagrun for example_nested_branch_dag to 2026-05-17 00:00:00+00:00, run_after=2026-05-18 00:00:00+00:00
[2026-05-18T07:00:59.219+0000] {processor.py:208} INFO - Processing /home/noelsdavid/airflow_venv/lib/python3.12/site-packages/airflow/example_dags/example_nested_branch_dag.py took 0.120 seconds
[2026-05-18T07:02:13.004+0000] {processor.py:186} INFO - Started process (PID=16460) to work on /home/noelsdavid/airflow_venv/lib/python3.12/site-packages/airflow/example_dags/example_nested_branch_dag.py
[2026-05-18T07:02:13.007+0000] {processor.py:914} INFO - Processing file /home/noelsdavid/airflow_venv/lib/python3.12/site-packages/airflow/example_dags/example_nested_branch_dag.py for tasks to queue
[2026-05-18T07:02:13.009+0000] {logging_mixin.py:190} INFO - [2026-05-18T07:02:13.009+0000] {dagbag.py:588} INFO - Filling up the DagBag from /home/noelsdavid/airflow_venv/lib/python3.12/site-packages/airflow/example_dags/example_nested_branch_dag.py
[2026-05-18T07:02:13.027+0000] {processor.py:925} INFO - DAG(s) 'example_nested_branch_dag' retrieved from /home/noelsdavid/airflow_venv/lib/python3.12/site-packages/airflow/example_dags/example_nested_branch_dag.py
[2026-05-18T07:02:13.051+0000] {logging_mixin.py:190} INFO - [2026-05-18T07:02:13.051+0000] {dag.py:3239} INFO - Sync 1 DAGs
[2026-05-18T07:02:13.080+0000] {logging_mixin.py:190} INFO - [2026-05-18T07:02:13.080+0000] {dag.py:4180} INFO - Setting next_dagrun for example_nested_branch_dag to 2026-05-17 00:00:00+00:00, run_after=2026-05-18 00:00:00+00:00
[2026-05-18T07:02:13.271+0000] {processor.py:208} INFO - Processing /home/noelsdavid/airflow_venv/lib/python3.12/site-packages/airflow/example_dags/example_nested_branch_dag.py took 0.277 seconds
[2026-05-18T07:03:25.026+0000] {processor.py:186} INFO - Started process (PID=16538) to work on /home/noelsdavid/airflow_venv/lib/python3.12/site-packages/airflow/example_dags/example_nested_branch_dag.py
[2026-05-18T07:03:25.029+0000] {processor.py:914} INFO - Processing file /home/noelsdavid/airflow_venv/lib/python3.12/site-packages/airflow/example_dags/example_nested_branch_dag.py for tasks to queue
[2026-05-18T07:03:25.031+0000] {logging_mixin.py:190} INFO - [2026-05-18T07:03:25.030+0000] {dagbag.py:588} INFO - Filling up the DagBag from /home/noelsdavid/airflow_venv/lib/python3.12/site-packages/airflow/example_dags/example_nested_branch_dag.py
[2026-05-18T07:03:25.047+0000] {processor.py:925} INFO - DAG(s) 'example_nested_branch_dag' retrieved from /home/noelsdavid/airflow_venv/lib/python3.12/site-packages/airflow/example_dags/example_nested_branch_dag.py
[2026-05-18T07:03:25.071+0000] {logging_mixin.py:190} INFO - [2026-05-18T07:03:25.071+0000] {dag.py:3239} INFO - Sync 1 DAGs
[2026-05-18T07:03:25.099+0000] {logging_mixin.py:190} INFO - [2026-05-18T07:03:25.099+0000] {dag.py:4180} INFO - Setting next_dagrun for example_nested_branch_dag to 2026-05-17 00:00:00+00:00, run_after=2026-05-18 00:00:00+00:00
[2026-05-18T07:03:25.290+0000] {processor.py:208} INFO - Processing /home/noelsdavid/airflow_venv/lib/python3.12/site-packages/airflow/example_dags/example_nested_branch_dag.py took 0.273 seconds
[2026-05-18T07:04:32.095+0000] {processor.py:186} INFO - Started process (PID=16615) to work on /home/noelsdavid/airflow_venv/lib/python3.12/site-packages/airflow/example_dags/example_nested_branch_dag.py
[2026-05-18T07:04:32.097+0000] {processor.py:914} INFO - Processing file /home/noelsdavid/airflow_venv/lib/python3.12/site-packages/airflow/example_dags/example_nested_branch_dag.py for tasks to queue
[2026-05-18T07:04:32.099+0000] {logging_mixin.py:190} INFO - [2026-05-18T07:04:32.098+0000] {dagbag.py:588} INFO - Filling up the DagBag from /home/noelsdavid/airflow_venv/lib/python3.12/site-packages/airflow/example_dags/example_nested_branch_dag.py
[2026-05-18T07:04:32.116+0000] {processor.py:925} INFO - DAG(s) 'example_nested_branch_dag' retrieved from /home/noelsdavid/airflow_venv/lib/python3.12/site-packages/airflow/example_dags/example_nested_branch_dag.py
[2026-05-18T07:04:32.140+0000] {logging_mixin.py:190} INFO - [2026-05-18T07:04:32.139+0000] {dag.py:3239} INFO - Sync 1 DAGs
[2026-05-18T07:04:32.167+0000] {logging_mixin.py:190} INFO - [2026-05-18T07:04:32.167+0000] {dag.py:4180} INFO - Setting next_dagrun for example_nested_branch_dag to 2026-05-17 00:00:00+00:00, run_after=2026-05-18 00:00:00+00:00
[2026-05-18T07:04:32.200+0000] {processor.py:208} INFO - Processing /home/noelsdavid/airflow_venv/lib/python3.12/site-packages/airflow/example_dags/example_nested_branch_dag.py took 0.114 seconds
[2026-05-18T07:05:46.065+0000] {processor.py:186} INFO - Started process (PID=16718) to work on /home/noelsdavid/airflow_venv/lib/python3.12/site-packages/airflow/example_dags/example_nested_branch_dag.py
[2026-05-18T07:05:46.068+0000] {processor.py:914} INFO - Processing file /home/noelsdavid/airflow_venv/lib/python3.12/site-packages/airflow/example_dags/example_nested_branch_dag.py for tasks to queue
[2026-05-18T07:05:46.070+0000] {logging_mixin.py:190} INFO - [2026-05-18T07:05:46.069+0000] {dagbag.py:588} INFO - Filling up the DagBag from /home/noelsdavid/airflow_venv/lib/python3.12/site-packages/airflow/example_dags/example_nested_branch_dag.py
[2026-05-18T07:05:46.089+0000] {processor.py:925} INFO - DAG(s) 'example_nested_branch_dag' retrieved from /home/noelsdavid/airflow_venv/lib/python3.12/site-packages/airflow/example_dags/example_nested_branch_dag.py
[2026-05-18T07:05:46.114+0000] {logging_mixin.py:190} INFO - [2026-05-18T07:05:46.113+0000] {dag.py:3239} INFO - Sync 1 DAGs
[2026-05-18T07:05:46.144+0000] {logging_mixin.py:190} INFO - [2026-05-18T07:05:46.143+0000] {dag.py:4180} INFO - Setting next_dagrun for example_nested_branch_dag to 2026-05-17 00:00:00+00:00, run_after=2026-05-18 00:00:00+00:00
[2026-05-18T07:05:46.177+0000] {processor.py:208} INFO - Processing /home/noelsdavid/airflow_venv/lib/python3.12/site-packages/airflow/example_dags/example_nested_branch_dag.py took 0.121 seconds
[2026-05-18T07:07:06.591+0000] {processor.py:186} INFO - Started process (PID=16799) to work on /home/noelsdavid/airflow_venv/lib/python3.12/site-packages/airflow/example_dags/example_nested_branch_dag.py
[2026-05-18T07:07:06.594+0000] {processor.py:914} INFO - Processing file /home/noelsdavid/airflow_venv/lib/python3.12/site-packages/airflow/example_dags/example_nested_branch_dag.py for tasks to queue
[2026-05-18T07:07:06.596+0000] {logging_mixin.py:190} INFO - [2026-05-18T07:07:06.595+0000] {dagbag.py:588} INFO - Filling up the DagBag from /home/noelsdavid/airflow_venv/lib/python3.12/site-packages/airflow/example_dags/example_nested_branch_dag.py
[2026-05-18T07:07:06.614+0000] {processor.py:925} INFO - DAG(s) 'example_nested_branch_dag' retrieved from /home/noelsdavid/airflow_venv/lib/python3.12/site-packages/airflow/example_dags/example_nested_branch_dag.py
[2026-05-18T07:07:06.638+0000] {logging_mixin.py:190} INFO - [2026-05-18T07:07:06.638+0000] {dag.py:3239} INFO - Sync 1 DAGs
[2026-05-18T07:07:06.674+0000] {logging_mixin.py:190} INFO - [2026-05-18T07:07:06.673+0000] {dag.py:4180} INFO - Setting next_dagrun for example_nested_branch_dag to 2026-05-17 00:00:00+00:00, run_after=2026-05-18 00:00:00+00:00
[2026-05-18T07:07:06.712+0000] {processor.py:208} INFO - Processing /home/noelsdavid/airflow_venv/lib/python3.12/site-packages/airflow/example_dags/example_nested_branch_dag.py took 0.131 seconds
[2026-05-18T07:08:24.464+0000] {processor.py:186} INFO - Started process (PID=16881) to work on /home/noelsdavid/airflow_venv/lib/python3.12/site-packages/airflow/example_dags/example_nested_branch_dag.py
[2026-05-18T07:08:24.489+0000] {processor.py:914} INFO - Processing file /home/noelsdavid/airflow_venv/lib/python3.12/site-packages/airflow/example_dags/example_nested_branch_dag.py for tasks to queue
[2026-05-18T07:08:24.491+0000] {logging_mixin.py:190} INFO - [2026-05-18T07:08:24.491+0000] {dagbag.py:588} INFO - Filling up the DagBag from /home/noelsdavid/airflow_venv/lib/python3.12/site-packages/airflow/example_dags/example_nested_branch_dag.py
[2026-05-18T07:08:24.509+0000] {processor.py:925} INFO - DAG(s) 'example_nested_branch_dag' retrieved from /home/noelsdavid/airflow_venv/lib/python3.12/site-packages/airflow/example_dags/example_nested_branch_dag.py
[2026-05-18T07:08:24.535+0000] {logging_mixin.py:190} INFO - [2026-05-18T07:08:24.535+0000] {dag.py:3239} INFO - Sync 1 DAGs
[2026-05-18T07:08:24.565+0000] {logging_mixin.py:190} INFO - [2026-05-18T07:08:24.565+0000] {dag.py:4180} INFO - Setting next_dagrun for example_nested_branch_dag to 2026-05-17 00:00:00+00:00, run_after=2026-05-18 00:00:00+00:00
[2026-05-18T07:08:24.599+0000] {processor.py:208} INFO - Processing /home/noelsdavid/airflow_venv/lib/python3.12/site-packages/airflow/example_dags/example_nested_branch_dag.py took 0.145 seconds
[2026-05-18T07:09:50.319+0000] {processor.py:186} INFO - Started process (PID=16964) to work on /home/noelsdavid/airflow_venv/lib/python3.12/site-packages/airflow/example_dags/example_nested_branch_dag.py
[2026-05-18T07:09:50.322+0000] {processor.py:914} INFO - Processing file /home/noelsdavid/airflow_venv/lib/python3.12/site-packages/airflow/example_dags/example_nested_branch_dag.py for tasks to queue
[2026-05-18T07:09:50.324+0000] {logging_mixin.py:190} INFO - [2026-05-18T07:09:50.323+0000] {dagbag.py:588} INFO - Filling up the DagBag from /home/noelsdavid/airflow_venv/lib/python3.12/site-packages/airflow/example_dags/example_nested_branch_dag.py
[2026-05-18T07:09:50.341+0000] {processor.py:925} INFO - DAG(s) 'example_nested_branch_dag' retrieved from /home/noelsdavid/airflow_venv/lib/python3.12/site-packages/airflow/example_dags/example_nested_branch_dag.py
[2026-05-18T07:09:50.366+0000] {logging_mixin.py:190} INFO - [2026-05-18T07:09:50.365+0000] {dag.py:3239} INFO - Sync 1 DAGs
[2026-05-18T07:09:50.394+0000] {logging_mixin.py:190} INFO - [2026-05-18T07:09:50.394+0000] {dag.py:4180} INFO - Setting next_dagrun for example_nested_branch_dag to 2026-05-17 00:00:00+00:00, run_after=2026-05-18 00:00:00+00:00
[2026-05-18T07:09:50.428+0000] {processor.py:208} INFO - Processing /home/noelsdavid/airflow_venv/lib/python3.12/site-packages/airflow/example_dags/example_nested_branch_dag.py took 0.119 seconds
[2026-05-18T07:11:06.287+0000] {processor.py:186} INFO - Started process (PID=17071) to work on /home/noelsdavid/airflow_venv/lib/python3.12/site-packages/airflow/example_dags/example_nested_branch_dag.py
[2026-05-18T07:11:06.289+0000] {processor.py:914} INFO - Processing file /home/noelsdavid/airflow_venv/lib/python3.12/site-packages/airflow/example_dags/example_nested_branch_dag.py for tasks to queue
[2026-05-18T07:11:06.291+0000] {logging_mixin.py:190} INFO - [2026-05-18T07:11:06.290+0000] {dagbag.py:588} INFO - Filling up the DagBag from /home/noelsdavid/airflow_venv/lib/python3.12/site-packages/airflow/example_dags/example_nested_branch_dag.py
[2026-05-18T07:11:06.310+0000] {processor.py:925} INFO - DAG(s) 'example_nested_branch_dag' retrieved from /home/noelsdavid/airflow_venv/lib/python3.12/site-packages/airflow/example_dags/example_nested_branch_dag.py
[2026-05-18T07:11:06.335+0000] {logging_mixin.py:190} INFO - [2026-05-18T07:11:06.335+0000] {dag.py:3239} INFO - Sync 1 DAGs
[2026-05-18T07:11:06.369+0000] {logging_mixin.py:190} INFO - [2026-05-18T07:11:06.369+0000] {dag.py:4180} INFO - Setting next_dagrun for example_nested_branch_dag to 2026-05-17 00:00:00+00:00, run_after=2026-05-18 00:00:00+00:00
[2026-05-18T07:11:06.403+0000] {processor.py:208} INFO - Processing /home/noelsdavid/airflow_venv/lib/python3.12/site-packages/airflow/example_dags/example_nested_branch_dag.py took 0.126 seconds
[2026-05-18T07:12:20.337+0000] {processor.py:186} INFO - Started process (PID=17150) to work on /home/noelsdavid/airflow_venv/lib/python3.12/site-packages/airflow/example_dags/example_nested_branch_dag.py
[2026-05-18T07:12:20.340+0000] {processor.py:914} INFO - Processing file /home/noelsdavid/airflow_venv/lib/python3.12/site-packages/airflow/example_dags/example_nested_branch_dag.py for tasks to queue
[2026-05-18T07:12:20.343+0000] {logging_mixin.py:190} INFO - [2026-05-18T07:12:20.342+0000] {dagbag.py:588} INFO - Filling up the DagBag from /home/noelsdavid/airflow_venv/lib/python3.12/site-packages/airflow/example_dags/example_nested_branch_dag.py
[2026-05-18T07:12:20.360+0000] {processor.py:925} INFO - DAG(s) 'example_nested_branch_dag' retrieved from /home/noelsdavid/airflow_venv/lib/python3.12/site-packages/airflow/example_dags/example_nested_branch_dag.py
[2026-05-18T07:12:20.384+0000] {logging_mixin.py:190} INFO - [2026-05-18T07:12:20.384+0000] {dag.py:3239} INFO - Sync 1 DAGs
[2026-05-18T07:12:20.414+0000] {logging_mixin.py:190} INFO - [2026-05-18T07:12:20.413+0000] {dag.py:4180} INFO - Setting next_dagrun for example_nested_branch_dag to 2026-05-17 00:00:00+00:00, run_after=2026-05-18 00:00:00+00:00
[2026-05-18T07:12:20.447+0000] {processor.py:208} INFO - Processing /home/noelsdavid/airflow_venv/lib/python3.12/site-packages/airflow/example_dags/example_nested_branch_dag.py took 0.120 seconds
[2026-05-18T07:13:36.903+0000] {processor.py:186} INFO - Started process (PID=17231) to work on /home/noelsdavid/airflow_venv/lib/python3.12/site-packages/airflow/example_dags/example_nested_branch_dag.py
[2026-05-18T07:13:36.906+0000] {processor.py:914} INFO - Processing file /home/noelsdavid/airflow_venv/lib/python3.12/site-packages/airflow/example_dags/example_nested_branch_dag.py for tasks to queue
[2026-05-18T07:13:36.907+0000] {logging_mixin.py:190} INFO - [2026-05-18T07:13:36.907+0000] {dagbag.py:588} INFO - Filling up the DagBag from /home/noelsdavid/airflow_venv/lib/python3.12/site-packages/airflow/example_dags/example_nested_branch_dag.py
[2026-05-18T07:13:36.925+0000] {processor.py:925} INFO - DAG(s) 'example_nested_branch_dag' retrieved from /home/noelsdavid/airflow_venv/lib/python3.12/site-packages/airflow/example_dags/example_nested_branch_dag.py
[2026-05-18T07:13:36.951+0000] {logging_mixin.py:190} INFO - [2026-05-18T07:13:36.951+0000] {dag.py:3239} INFO - Sync 1 DAGs
[2026-05-18T07:13:36.985+0000] {logging_mixin.py:190} INFO - [2026-05-18T07:13:36.985+0000] {dag.py:4180} INFO - Setting next_dagrun for example_nested_branch_dag to 2026-05-17 00:00:00+00:00, run_after=2026-05-18 00:00:00+00:00
[2026-05-18T07:13:37.026+0000] {processor.py:208} INFO - Processing /home/noelsdavid/airflow_venv/lib/python3.12/site-packages/airflow/example_dags/example_nested_branch_dag.py took 0.133 seconds
[2026-05-18T07:14:46.039+0000] {processor.py:186} INFO - Started process (PID=17308) to work on /home/noelsdavid/airflow_venv/lib/python3.12/site-packages/airflow/example_dags/example_nested_branch_dag.py
[2026-05-18T07:14:46.041+0000] {processor.py:914} INFO - Processing file /home/noelsdavid/airflow_venv/lib/python3.12/site-packages/airflow/example_dags/example_nested_branch_dag.py for tasks to queue
[2026-05-18T07:14:46.043+0000] {logging_mixin.py:190} INFO - [2026-05-18T07:14:46.043+0000] {dagbag.py:588} INFO - Filling up the DagBag from /home/noelsdavid/airflow_venv/lib/python3.12/site-packages/airflow/example_dags/example_nested_branch_dag.py
[2026-05-18T07:14:46.062+0000] {processor.py:925} INFO - DAG(s) 'example_nested_branch_dag' retrieved from /home/noelsdavid/airflow_venv/lib/python3.12/site-packages/airflow/example_dags/example_nested_branch_dag.py
[2026-05-18T07:14:46.086+0000] {logging_mixin.py:190} INFO - [2026-05-18T07:14:46.086+0000] {dag.py:3239} INFO - Sync 1 DAGs
[2026-05-18T07:14:46.115+0000] {logging_mixin.py:190} INFO - [2026-05-18T07:14:46.115+0000] {dag.py:4180} INFO - Setting next_dagrun for example_nested_branch_dag to 2026-05-17 00:00:00+00:00, run_after=2026-05-18 00:00:00+00:00
[2026-05-18T07:14:46.149+0000] {processor.py:208} INFO - Processing /home/noelsdavid/airflow_venv/lib/python3.12/site-packages/airflow/example_dags/example_nested_branch_dag.py took 0.121 seconds
[2026-05-18T07:15:59.287+0000] {processor.py:186} INFO - Started process (PID=17410) to work on /home/noelsdavid/airflow_venv/lib/python3.12/site-packages/airflow/example_dags/example_nested_branch_dag.py
[2026-05-18T07:15:59.289+0000] {processor.py:914} INFO - Processing file /home/noelsdavid/airflow_venv/lib/python3.12/site-packages/airflow/example_dags/example_nested_branch_dag.py for tasks to queue
[2026-05-18T07:15:59.291+0000] {logging_mixin.py:190} INFO - [2026-05-18T07:15:59.291+0000] {dagbag.py:588} INFO - Filling up the DagBag from /home/noelsdavid/airflow_venv/lib/python3.12/site-packages/airflow/example_dags/example_nested_branch_dag.py
[2026-05-18T07:15:59.311+0000] {processor.py:925} INFO - DAG(s) 'example_nested_branch_dag' retrieved from /home/noelsdavid/airflow_venv/lib/python3.12/site-packages/airflow/example_dags/example_nested_branch_dag.py
[2026-05-18T07:15:59.336+0000] {logging_mixin.py:190} INFO - [2026-05-18T07:15:59.336+0000] {dag.py:3239} INFO - Sync 1 DAGs
[2026-05-18T07:15:59.367+0000] {logging_mixin.py:190} INFO - [2026-05-18T07:15:59.366+0000] {dag.py:4180} INFO - Setting next_dagrun for example_nested_branch_dag to 2026-05-17 00:00:00+00:00, run_after=2026-05-18 00:00:00+00:00
[2026-05-18T07:15:59.400+0000] {processor.py:208} INFO - Processing /home/noelsdavid/airflow_venv/lib/python3.12/site-packages/airflow/example_dags/example_nested_branch_dag.py took 0.124 seconds
[2026-05-18T07:17:21.334+0000] {processor.py:186} INFO - Started process (PID=17493) to work on /home/noelsdavid/airflow_venv/lib/python3.12/site-packages/airflow/example_dags/example_nested_branch_dag.py
[2026-05-18T07:17:21.349+0000] {processor.py:914} INFO - Processing file /home/noelsdavid/airflow_venv/lib/python3.12/site-packages/airflow/example_dags/example_nested_branch_dag.py for tasks to queue
[2026-05-18T07:17:21.352+0000] {logging_mixin.py:190} INFO - [2026-05-18T07:17:21.351+0000] {dagbag.py:588} INFO - Filling up the DagBag from /home/noelsdavid/airflow_venv/lib/python3.12/site-packages/airflow/example_dags/example_nested_branch_dag.py
[2026-05-18T07:17:21.369+0000] {processor.py:925} INFO - DAG(s) 'example_nested_branch_dag' retrieved from /home/noelsdavid/airflow_venv/lib/python3.12/site-packages/airflow/example_dags/example_nested_branch_dag.py
[2026-05-18T07:17:21.394+0000] {logging_mixin.py:190} INFO - [2026-05-18T07:17:21.393+0000] {dag.py:3239} INFO - Sync 1 DAGs
[2026-05-18T07:17:21.426+0000] {logging_mixin.py:190} INFO - [2026-05-18T07:17:21.426+0000] {dag.py:4180} INFO - Setting next_dagrun for example_nested_branch_dag to 2026-05-17 00:00:00+00:00, run_after=2026-05-18 00:00:00+00:00
[2026-05-18T07:17:21.458+0000] {processor.py:208} INFO - Processing /home/noelsdavid/airflow_venv/lib/python3.12/site-packages/airflow/example_dags/example_nested_branch_dag.py took 0.135 seconds
[2026-05-18T07:18:29.300+0000] {processor.py:186} INFO - Started process (PID=17572) to work on /home/noelsdavid/airflow_venv/lib/python3.12/site-packages/airflow/example_dags/example_nested_branch_dag.py
[2026-05-18T07:18:29.320+0000] {processor.py:914} INFO - Processing file /home/noelsdavid/airflow_venv/lib/python3.12/site-packages/airflow/example_dags/example_nested_branch_dag.py for tasks to queue
[2026-05-18T07:18:29.322+0000] {logging_mixin.py:190} INFO - [2026-05-18T07:18:29.321+0000] {dagbag.py:588} INFO - Filling up the DagBag from /home/noelsdavid/airflow_venv/lib/python3.12/site-packages/airflow/example_dags/example_nested_branch_dag.py
[2026-05-18T07:18:29.341+0000] {processor.py:925} INFO - DAG(s) 'example_nested_branch_dag' retrieved from /home/noelsdavid/airflow_venv/lib/python3.12/site-packages/airflow/example_dags/example_nested_branch_dag.py
[2026-05-18T07:18:29.367+0000] {logging_mixin.py:190} INFO - [2026-05-18T07:18:29.366+0000] {dag.py:3239} INFO - Sync 1 DAGs
[2026-05-18T07:18:29.398+0000] {logging_mixin.py:190} INFO - [2026-05-18T07:18:29.397+0000] {dag.py:4180} INFO - Setting next_dagrun for example_nested_branch_dag to 2026-05-17 00:00:00+00:00, run_after=2026-05-18 00:00:00+00:00
[2026-05-18T07:18:29.433+0000] {processor.py:208} INFO - Processing /home/noelsdavid/airflow_venv/lib/python3.12/site-packages/airflow/example_dags/example_nested_branch_dag.py took 0.144 seconds
[2026-05-18T07:19:39.115+0000] {processor.py:186} INFO - Started process (PID=17648) to work on /home/noelsdavid/airflow_venv/lib/python3.12/site-packages/airflow/example_dags/example_nested_branch_dag.py
[2026-05-18T07:19:39.118+0000] {processor.py:914} INFO - Processing file /home/noelsdavid/airflow_venv/lib/python3.12/site-packages/airflow/example_dags/example_nested_branch_dag.py for tasks to queue
[2026-05-18T07:19:39.120+0000] {logging_mixin.py:190} INFO - [2026-05-18T07:19:39.119+0000] {dagbag.py:588} INFO - Filling up the DagBag from /home/noelsdavid/airflow_venv/lib/python3.12/site-packages/airflow/example_dags/example_nested_branch_dag.py
[2026-05-18T07:19:39.137+0000] {processor.py:925} INFO - DAG(s) 'example_nested_branch_dag' retrieved from /home/noelsdavid/airflow_venv/lib/python3.12/site-packages/airflow/example_dags/example_nested_branch_dag.py
[2026-05-18T07:19:39.161+0000] {logging_mixin.py:190} INFO - [2026-05-18T07:19:39.161+0000] {dag.py:3239} INFO - Sync 1 DAGs
[2026-05-18T07:19:39.194+0000] {logging_mixin.py:190} INFO - [2026-05-18T07:19:39.194+0000] {dag.py:4180} INFO - Setting next_dagrun for example_nested_branch_dag to 2026-05-17 00:00:00+00:00, run_after=2026-05-18 00:00:00+00:00
[2026-05-18T07:19:39.231+0000] {processor.py:208} INFO - Processing /home/noelsdavid/airflow_venv/lib/python3.12/site-packages/airflow/example_dags/example_nested_branch_dag.py took 0.125 seconds
[2026-05-18T07:20:51.383+0000] {processor.py:186} INFO - Started process (PID=17750) to work on /home/noelsdavid/airflow_venv/lib/python3.12/site-packages/airflow/example_dags/example_nested_branch_dag.py
[2026-05-18T07:20:51.398+0000] {processor.py:914} INFO - Processing file /home/noelsdavid/airflow_venv/lib/python3.12/site-packages/airflow/example_dags/example_nested_branch_dag.py for tasks to queue
[2026-05-18T07:20:51.400+0000] {logging_mixin.py:190} INFO - [2026-05-18T07:20:51.399+0000] {dagbag.py:588} INFO - Filling up the DagBag from /home/noelsdavid/airflow_venv/lib/python3.12/site-packages/airflow/example_dags/example_nested_branch_dag.py
[2026-05-18T07:20:51.418+0000] {processor.py:925} INFO - DAG(s) 'example_nested_branch_dag' retrieved from /home/noelsdavid/airflow_venv/lib/python3.12/site-packages/airflow/example_dags/example_nested_branch_dag.py
[2026-05-18T07:20:51.444+0000] {logging_mixin.py:190} INFO - [2026-05-18T07:20:51.444+0000] {dag.py:3239} INFO - Sync 1 DAGs
[2026-05-18T07:20:51.482+0000] {logging_mixin.py:190} INFO - [2026-05-18T07:20:51.482+0000] {dag.py:4180} INFO - Setting next_dagrun for example_nested_branch_dag to 2026-05-17 00:00:00+00:00, run_after=2026-05-18 00:00:00+00:00
[2026-05-18T07:20:51.518+0000] {processor.py:208} INFO - Processing /home/noelsdavid/airflow_venv/lib/python3.12/site-packages/airflow/example_dags/example_nested_branch_dag.py took 0.146 seconds
[2026-05-18T07:22:01.148+0000] {processor.py:186} INFO - Started process (PID=17832) to work on /home/noelsdavid/airflow_venv/lib/python3.12/site-packages/airflow/example_dags/example_nested_branch_dag.py
[2026-05-18T07:22:01.159+0000] {processor.py:914} INFO - Processing file /home/noelsdavid/airflow_venv/lib/python3.12/site-packages/airflow/example_dags/example_nested_branch_dag.py for tasks to queue
[2026-05-18T07:22:01.162+0000] {logging_mixin.py:190} INFO - [2026-05-18T07:22:01.161+0000] {dagbag.py:588} INFO - Filling up the DagBag from /home/noelsdavid/airflow_venv/lib/python3.12/site-packages/airflow/example_dags/example_nested_branch_dag.py
[2026-05-18T07:22:01.188+0000] {processor.py:925} INFO - DAG(s) 'example_nested_branch_dag' retrieved from /home/noelsdavid/airflow_venv/lib/python3.12/site-packages/airflow/example_dags/example_nested_branch_dag.py
[2026-05-18T07:22:01.230+0000] {logging_mixin.py:190} INFO - [2026-05-18T07:22:01.229+0000] {dag.py:3239} INFO - Sync 1 DAGs
[2026-05-18T07:22:01.285+0000] {logging_mixin.py:190} INFO - [2026-05-18T07:22:01.284+0000] {dag.py:4180} INFO - Setting next_dagrun for example_nested_branch_dag to 2026-05-17 00:00:00+00:00, run_after=2026-05-18 00:00:00+00:00
[2026-05-18T07:22:01.336+0000] {processor.py:208} INFO - Processing /home/noelsdavid/airflow_venv/lib/python3.12/site-packages/airflow/example_dags/example_nested_branch_dag.py took 0.208 seconds
[2026-05-18T07:23:16.990+0000] {processor.py:186} INFO - Started process (PID=17912) to work on /home/noelsdavid/airflow_venv/lib/python3.12/site-packages/airflow/example_dags/example_nested_branch_dag.py
[2026-05-18T07:23:16.993+0000] {processor.py:914} INFO - Processing file /home/noelsdavid/airflow_venv/lib/python3.12/site-packages/airflow/example_dags/example_nested_branch_dag.py for tasks to queue
[2026-05-18T07:23:16.995+0000] {logging_mixin.py:190} INFO - [2026-05-18T07:23:16.995+0000] {dagbag.py:588} INFO - Filling up the DagBag from /home/noelsdavid/airflow_venv/lib/python3.12/site-packages/airflow/example_dags/example_nested_branch_dag.py
[2026-05-18T07:23:17.013+0000] {processor.py:925} INFO - DAG(s) 'example_nested_branch_dag' retrieved from /home/noelsdavid/airflow_venv/lib/python3.12/site-packages/airflow/example_dags/example_nested_branch_dag.py
[2026-05-18T07:23:17.040+0000] {logging_mixin.py:190} INFO - [2026-05-18T07:23:17.040+0000] {dag.py:3239} INFO - Sync 1 DAGs
[2026-05-18T07:23:17.073+0000] {logging_mixin.py:190} INFO - [2026-05-18T07:23:17.072+0000] {dag.py:4180} INFO - Setting next_dagrun for example_nested_branch_dag to 2026-05-17 00:00:00+00:00, run_after=2026-05-18 00:00:00+00:00
[2026-05-18T07:23:17.106+0000] {processor.py:208} INFO - Processing /home/noelsdavid/airflow_venv/lib/python3.12/site-packages/airflow/example_dags/example_nested_branch_dag.py took 0.125 seconds
[2026-05-18T07:24:30.397+0000] {processor.py:186} INFO - Started process (PID=17992) to work on /home/noelsdavid/airflow_venv/lib/python3.12/site-packages/airflow/example_dags/example_nested_branch_dag.py
[2026-05-18T07:24:30.399+0000] {processor.py:914} INFO - Processing file /home/noelsdavid/airflow_venv/lib/python3.12/site-packages/airflow/example_dags/example_nested_branch_dag.py for tasks to queue
[2026-05-18T07:24:30.401+0000] {logging_mixin.py:190} INFO - [2026-05-18T07:24:30.401+0000] {dagbag.py:588} INFO - Filling up the DagBag from /home/noelsdavid/airflow_venv/lib/python3.12/site-packages/airflow/example_dags/example_nested_branch_dag.py
[2026-05-18T07:24:30.419+0000] {processor.py:925} INFO - DAG(s) 'example_nested_branch_dag' retrieved from /home/noelsdavid/airflow_venv/lib/python3.12/site-packages/airflow/example_dags/example_nested_branch_dag.py
[2026-05-18T07:24:30.445+0000] {logging_mixin.py:190} INFO - [2026-05-18T07:24:30.444+0000] {dag.py:3239} INFO - Sync 1 DAGs
[2026-05-18T07:24:30.474+0000] {logging_mixin.py:190} INFO - [2026-05-18T07:24:30.473+0000] {dag.py:4180} INFO - Setting next_dagrun for example_nested_branch_dag to 2026-05-17 00:00:00+00:00, run_after=2026-05-18 00:00:00+00:00
[2026-05-18T07:24:30.505+0000] {processor.py:208} INFO - Processing /home/noelsdavid/airflow_venv/lib/python3.12/site-packages/airflow/example_dags/example_nested_branch_dag.py took 0.118 seconds
[2026-05-18T07:25:39.829+0000] {processor.py:186} INFO - Started process (PID=18092) to work on /home/noelsdavid/airflow_venv/lib/python3.12/site-packages/airflow/example_dags/example_nested_branch_dag.py
[2026-05-18T07:25:39.831+0000] {processor.py:914} INFO - Processing file /home/noelsdavid/airflow_venv/lib/python3.12/site-packages/airflow/example_dags/example_nested_branch_dag.py for tasks to queue
[2026-05-18T07:25:39.833+0000] {logging_mixin.py:190} INFO - [2026-05-18T07:25:39.832+0000] {dagbag.py:588} INFO - Filling up the DagBag from /home/noelsdavid/airflow_venv/lib/python3.12/site-packages/airflow/example_dags/example_nested_branch_dag.py
[2026-05-18T07:25:39.852+0000] {processor.py:925} INFO - DAG(s) 'example_nested_branch_dag' retrieved from /home/noelsdavid/airflow_venv/lib/python3.12/site-packages/airflow/example_dags/example_nested_branch_dag.py
[2026-05-18T07:25:39.876+0000] {logging_mixin.py:190} INFO - [2026-05-18T07:25:39.875+0000] {dag.py:3239} INFO - Sync 1 DAGs
[2026-05-18T07:25:39.907+0000] {logging_mixin.py:190} INFO - [2026-05-18T07:25:39.907+0000] {dag.py:4180} INFO - Setting next_dagrun for example_nested_branch_dag to 2026-05-17 00:00:00+00:00, run_after=2026-05-18 00:00:00+00:00
[2026-05-18T07:25:39.940+0000] {processor.py:208} INFO - Processing /home/noelsdavid/airflow_venv/lib/python3.12/site-packages/airflow/example_dags/example_nested_branch_dag.py took 0.121 seconds
[2026-05-18T07:26:45.089+0000] {processor.py:186} INFO - Started process (PID=18164) to work on /home/noelsdavid/airflow_venv/lib/python3.12/site-packages/airflow/example_dags/example_nested_branch_dag.py
[2026-05-18T07:26:45.091+0000] {processor.py:914} INFO - Processing file /home/noelsdavid/airflow_venv/lib/python3.12/site-packages/airflow/example_dags/example_nested_branch_dag.py for tasks to queue
[2026-05-18T07:26:45.093+0000] {logging_mixin.py:190} INFO - [2026-05-18T07:26:45.092+0000] {dagbag.py:588} INFO - Filling up the DagBag from /home/noelsdavid/airflow_venv/lib/python3.12/site-packages/airflow/example_dags/example_nested_branch_dag.py
[2026-05-18T07:26:45.111+0000] {processor.py:925} INFO - DAG(s) 'example_nested_branch_dag' retrieved from /home/noelsdavid/airflow_venv/lib/python3.12/site-packages/airflow/example_dags/example_nested_branch_dag.py
[2026-05-18T07:26:45.135+0000] {logging_mixin.py:190} INFO - [2026-05-18T07:26:45.135+0000] {dag.py:3239} INFO - Sync 1 DAGs
[2026-05-18T07:26:45.167+0000] {logging_mixin.py:190} INFO - [2026-05-18T07:26:45.167+0000] {dag.py:4180} INFO - Setting next_dagrun for example_nested_branch_dag to 2026-05-17 00:00:00+00:00, run_after=2026-05-18 00:00:00+00:00
[2026-05-18T07:26:45.202+0000] {processor.py:208} INFO - Processing /home/noelsdavid/airflow_venv/lib/python3.12/site-packages/airflow/example_dags/example_nested_branch_dag.py took 0.123 seconds
[2026-05-18T07:27:58.414+0000] {processor.py:186} INFO - Started process (PID=18242) to work on /home/noelsdavid/airflow_venv/lib/python3.12/site-packages/airflow/example_dags/example_nested_branch_dag.py
[2026-05-18T07:27:58.416+0000] {processor.py:914} INFO - Processing file /home/noelsdavid/airflow_venv/lib/python3.12/site-packages/airflow/example_dags/example_nested_branch_dag.py for tasks to queue
[2026-05-18T07:27:58.419+0000] {logging_mixin.py:190} INFO - [2026-05-18T07:27:58.418+0000] {dagbag.py:588} INFO - Filling up the DagBag from /home/noelsdavid/airflow_venv/lib/python3.12/site-packages/airflow/example_dags/example_nested_branch_dag.py
[2026-05-18T07:27:58.437+0000] {processor.py:925} INFO - DAG(s) 'example_nested_branch_dag' retrieved from /home/noelsdavid/airflow_venv/lib/python3.12/site-packages/airflow/example_dags/example_nested_branch_dag.py
[2026-05-18T07:27:58.461+0000] {logging_mixin.py:190} INFO - [2026-05-18T07:27:58.461+0000] {dag.py:3239} INFO - Sync 1 DAGs
[2026-05-18T07:27:58.491+0000] {logging_mixin.py:190} INFO - [2026-05-18T07:27:58.491+0000] {dag.py:4180} INFO - Setting next_dagrun for example_nested_branch_dag to 2026-05-17 00:00:00+00:00, run_after=2026-05-18 00:00:00+00:00
[2026-05-18T07:27:58.526+0000] {processor.py:208} INFO - Processing /home/noelsdavid/airflow_venv/lib/python3.12/site-packages/airflow/example_dags/example_nested_branch_dag.py took 0.121 seconds
[2026-05-18T07:29:09.240+0000] {processor.py:186} INFO - Started process (PID=18319) to work on /home/noelsdavid/airflow_venv/lib/python3.12/site-packages/airflow/example_dags/example_nested_branch_dag.py
[2026-05-18T07:29:09.243+0000] {processor.py:914} INFO - Processing file /home/noelsdavid/airflow_venv/lib/python3.12/site-packages/airflow/example_dags/example_nested_branch_dag.py for tasks to queue
[2026-05-18T07:29:09.245+0000] {logging_mixin.py:190} INFO - [2026-05-18T07:29:09.244+0000] {dagbag.py:588} INFO - Filling up the DagBag from /home/noelsdavid/airflow_venv/lib/python3.12/site-packages/airflow/example_dags/example_nested_branch_dag.py
[2026-05-18T07:29:09.264+0000] {processor.py:925} INFO - DAG(s) 'example_nested_branch_dag' retrieved from /home/noelsdavid/airflow_venv/lib/python3.12/site-packages/airflow/example_dags/example_nested_branch_dag.py
[2026-05-18T07:29:09.289+0000] {logging_mixin.py:190} INFO - [2026-05-18T07:29:09.289+0000] {dag.py:3239} INFO - Sync 1 DAGs
[2026-05-18T07:29:09.319+0000] {logging_mixin.py:190} INFO - [2026-05-18T07:29:09.319+0000] {dag.py:4180} INFO - Setting next_dagrun for example_nested_branch_dag to 2026-05-17 00:00:00+00:00, run_after=2026-05-18 00:00:00+00:00
[2026-05-18T07:29:09.358+0000] {processor.py:208} INFO - Processing /home/noelsdavid/airflow_venv/lib/python3.12/site-packages/airflow/example_dags/example_nested_branch_dag.py took 0.128 seconds
[2026-05-18T07:30:18.377+0000] {processor.py:186} INFO - Started process (PID=18429) to work on /home/noelsdavid/airflow_venv/lib/python3.12/site-packages/airflow/example_dags/example_nested_branch_dag.py
[2026-05-18T07:30:18.379+0000] {processor.py:914} INFO - Processing file /home/noelsdavid/airflow_venv/lib/python3.12/site-packages/airflow/example_dags/example_nested_branch_dag.py for tasks to queue
[2026-05-18T07:30:18.382+0000] {logging_mixin.py:190} INFO - [2026-05-18T07:30:18.381+0000] {dagbag.py:588} INFO - Filling up the DagBag from /home/noelsdavid/airflow_venv/lib/python3.12/site-packages/airflow/example_dags/example_nested_branch_dag.py
[2026-05-18T07:30:18.400+0000] {processor.py:925} INFO - DAG(s) 'example_nested_branch_dag' retrieved from /home/noelsdavid/airflow_venv/lib/python3.12/site-packages/airflow/example_dags/example_nested_branch_dag.py
[2026-05-18T07:30:18.426+0000] {logging_mixin.py:190} INFO - [2026-05-18T07:30:18.426+0000] {dag.py:3239} INFO - Sync 1 DAGs
[2026-05-18T07:30:18.458+0000] {logging_mixin.py:190} INFO - [2026-05-18T07:30:18.458+0000] {dag.py:4180} INFO - Setting next_dagrun for example_nested_branch_dag to 2026-05-17 00:00:00+00:00, run_after=2026-05-18 00:00:00+00:00
[2026-05-18T07:30:18.491+0000] {processor.py:208} INFO - Processing /home/noelsdavid/airflow_venv/lib/python3.12/site-packages/airflow/example_dags/example_nested_branch_dag.py took 0.123 seconds
[2026-05-18T07:31:31.461+0000] {processor.py:186} INFO - Started process (PID=18507) to work on /home/noelsdavid/airflow_venv/lib/python3.12/site-packages/airflow/example_dags/example_nested_branch_dag.py
[2026-05-18T07:31:31.463+0000] {processor.py:914} INFO - Processing file /home/noelsdavid/airflow_venv/lib/python3.12/site-packages/airflow/example_dags/example_nested_branch_dag.py for tasks to queue
[2026-05-18T07:31:31.466+0000] {logging_mixin.py:190} INFO - [2026-05-18T07:31:31.465+0000] {dagbag.py:588} INFO - Filling up the DagBag from /home/noelsdavid/airflow_venv/lib/python3.12/site-packages/airflow/example_dags/example_nested_branch_dag.py
[2026-05-18T07:31:31.485+0000] {processor.py:925} INFO - DAG(s) 'example_nested_branch_dag' retrieved from /home/noelsdavid/airflow_venv/lib/python3.12/site-packages/airflow/example_dags/example_nested_branch_dag.py
[2026-05-18T07:31:31.509+0000] {logging_mixin.py:190} INFO - [2026-05-18T07:31:31.509+0000] {dag.py:3239} INFO - Sync 1 DAGs
[2026-05-18T07:31:31.538+0000] {logging_mixin.py:190} INFO - [2026-05-18T07:31:31.538+0000] {dag.py:4180} INFO - Setting next_dagrun for example_nested_branch_dag to 2026-05-17 00:00:00+00:00, run_after=2026-05-18 00:00:00+00:00
[2026-05-18T07:31:31.569+0000] {processor.py:208} INFO - Processing /home/noelsdavid/airflow_venv/lib/python3.12/site-packages/airflow/example_dags/example_nested_branch_dag.py took 0.118 seconds
[2026-05-18T07:32:41.347+0000] {processor.py:186} INFO - Started process (PID=18585) to work on /home/noelsdavid/airflow_venv/lib/python3.12/site-packages/airflow/example_dags/example_nested_branch_dag.py
[2026-05-18T07:32:41.365+0000] {processor.py:914} INFO - Processing file /home/noelsdavid/airflow_venv/lib/python3.12/site-packages/airflow/example_dags/example_nested_branch_dag.py for tasks to queue
[2026-05-18T07:32:41.367+0000] {logging_mixin.py:190} INFO - [2026-05-18T07:32:41.366+0000] {dagbag.py:588} INFO - Filling up the DagBag from /home/noelsdavid/airflow_venv/lib/python3.12/site-packages/airflow/example_dags/example_nested_branch_dag.py
[2026-05-18T07:32:41.385+0000] {processor.py:925} INFO - DAG(s) 'example_nested_branch_dag' retrieved from /home/noelsdavid/airflow_venv/lib/python3.12/site-packages/airflow/example_dags/example_nested_branch_dag.py
[2026-05-18T07:32:41.410+0000] {logging_mixin.py:190} INFO - [2026-05-18T07:32:41.409+0000] {dag.py:3239} INFO - Sync 1 DAGs
[2026-05-18T07:32:41.440+0000] {logging_mixin.py:190} INFO - [2026-05-18T07:32:41.440+0000] {dag.py:4180} INFO - Setting next_dagrun for example_nested_branch_dag to 2026-05-17 00:00:00+00:00, run_after=2026-05-18 00:00:00+00:00
[2026-05-18T07:32:41.478+0000] {processor.py:208} INFO - Processing /home/noelsdavid/airflow_venv/lib/python3.12/site-packages/airflow/example_dags/example_nested_branch_dag.py took 0.140 seconds
[2026-05-18T07:33:50.063+0000] {processor.py:186} INFO - Started process (PID=18661) to work on /home/noelsdavid/airflow_venv/lib/python3.12/site-packages/airflow/example_dags/example_nested_branch_dag.py
[2026-05-18T07:33:50.066+0000] {processor.py:914} INFO - Processing file /home/noelsdavid/airflow_venv/lib/python3.12/site-packages/airflow/example_dags/example_nested_branch_dag.py for tasks to queue
[2026-05-18T07:33:50.068+0000] {logging_mixin.py:190} INFO - [2026-05-18T07:33:50.067+0000] {dagbag.py:588} INFO - Filling up the DagBag from /home/noelsdavid/airflow_venv/lib/python3.12/site-packages/airflow/example_dags/example_nested_branch_dag.py
[2026-05-18T07:33:50.085+0000] {processor.py:925} INFO - DAG(s) 'example_nested_branch_dag' retrieved from /home/noelsdavid/airflow_venv/lib/python3.12/site-packages/airflow/example_dags/example_nested_branch_dag.py
[2026-05-18T07:33:50.111+0000] {logging_mixin.py:190} INFO - [2026-05-18T07:33:50.110+0000] {dag.py:3239} INFO - Sync 1 DAGs
[2026-05-18T07:33:50.142+0000] {logging_mixin.py:190} INFO - [2026-05-18T07:33:50.141+0000] {dag.py:4180} INFO - Setting next_dagrun for example_nested_branch_dag to 2026-05-17 00:00:00+00:00, run_after=2026-05-18 00:00:00+00:00
[2026-05-18T07:33:50.174+0000] {processor.py:208} INFO - Processing /home/noelsdavid/airflow_venv/lib/python3.12/site-packages/airflow/example_dags/example_nested_branch_dag.py took 0.121 seconds
[2026-05-18T07:35:02.043+0000] {processor.py:186} INFO - Started process (PID=18738) to work on /home/noelsdavid/airflow_venv/lib/python3.12/site-packages/airflow/example_dags/example_nested_branch_dag.py
[2026-05-18T07:35:02.075+0000] {processor.py:914} INFO - Processing file /home/noelsdavid/airflow_venv/lib/python3.12/site-packages/airflow/example_dags/example_nested_branch_dag.py for tasks to queue
[2026-05-18T07:35:02.077+0000] {logging_mixin.py:190} INFO - [2026-05-18T07:35:02.077+0000] {dagbag.py:588} INFO - Filling up the DagBag from /home/noelsdavid/airflow_venv/lib/python3.12/site-packages/airflow/example_dags/example_nested_branch_dag.py
[2026-05-18T07:35:02.103+0000] {processor.py:925} INFO - DAG(s) 'example_nested_branch_dag' retrieved from /home/noelsdavid/airflow_venv/lib/python3.12/site-packages/airflow/example_dags/example_nested_branch_dag.py
[2026-05-18T07:35:02.133+0000] {logging_mixin.py:190} INFO - [2026-05-18T07:35:02.133+0000] {dag.py:3239} INFO - Sync 1 DAGs
[2026-05-18T07:35:02.164+0000] {logging_mixin.py:190} INFO - [2026-05-18T07:35:02.164+0000] {dag.py:4180} INFO - Setting next_dagrun for example_nested_branch_dag to 2026-05-17 00:00:00+00:00, run_after=2026-05-18 00:00:00+00:00
[2026-05-18T07:35:02.203+0000] {processor.py:208} INFO - Processing /home/noelsdavid/airflow_venv/lib/python3.12/site-packages/airflow/example_dags/example_nested_branch_dag.py took 0.173 seconds
[2026-05-18T07:36:13.642+0000] {processor.py:186} INFO - Started process (PID=18840) to work on /home/noelsdavid/airflow_venv/lib/python3.12/site-packages/airflow/example_dags/example_nested_branch_dag.py
[2026-05-18T07:36:13.644+0000] {processor.py:914} INFO - Processing file /home/noelsdavid/airflow_venv/lib/python3.12/site-packages/airflow/example_dags/example_nested_branch_dag.py for tasks to queue
[2026-05-18T07:36:13.646+0000] {logging_mixin.py:190} INFO - [2026-05-18T07:36:13.646+0000] {dagbag.py:588} INFO - Filling up the DagBag from /home/noelsdavid/airflow_venv/lib/python3.12/site-packages/airflow/example_dags/example_nested_branch_dag.py
[2026-05-18T07:36:13.664+0000] {processor.py:925} INFO - DAG(s) 'example_nested_branch_dag' retrieved from /home/noelsdavid/airflow_venv/lib/python3.12/site-packages/airflow/example_dags/example_nested_branch_dag.py
[2026-05-18T07:36:13.689+0000] {logging_mixin.py:190} INFO - [2026-05-18T07:36:13.689+0000] {dag.py:3239} INFO - Sync 1 DAGs
[2026-05-18T07:36:13.719+0000] {logging_mixin.py:190} INFO - [2026-05-18T07:36:13.719+0000] {dag.py:4180} INFO - Setting next_dagrun for example_nested_branch_dag to 2026-05-17 00:00:00+00:00, run_after=2026-05-18 00:00:00+00:00
[2026-05-18T07:36:13.752+0000] {processor.py:208} INFO - Processing /home/noelsdavid/airflow_venv/lib/python3.12/site-packages/airflow/example_dags/example_nested_branch_dag.py took 0.120 seconds
[2026-05-18T07:37:25.401+0000] {processor.py:186} INFO - Started process (PID=18917) to work on /home/noelsdavid/airflow_venv/lib/python3.12/site-packages/airflow/example_dags/example_nested_branch_dag.py
[2026-05-18T07:37:25.405+0000] {processor.py:914} INFO - Processing file /home/noelsdavid/airflow_venv/lib/python3.12/site-packages/airflow/example_dags/example_nested_branch_dag.py for tasks to queue
[2026-05-18T07:37:25.407+0000] {logging_mixin.py:190} INFO - [2026-05-18T07:37:25.406+0000] {dagbag.py:588} INFO - Filling up the DagBag from /home/noelsdavid/airflow_venv/lib/python3.12/site-packages/airflow/example_dags/example_nested_branch_dag.py
[2026-05-18T07:37:25.426+0000] {processor.py:925} INFO - DAG(s) 'example_nested_branch_dag' retrieved from /home/noelsdavid/airflow_venv/lib/python3.12/site-packages/airflow/example_dags/example_nested_branch_dag.py
[2026-05-18T07:37:25.451+0000] {logging_mixin.py:190} INFO - [2026-05-18T07:37:25.451+0000] {dag.py:3239} INFO - Sync 1 DAGs
[2026-05-18T07:37:25.481+0000] {logging_mixin.py:190} INFO - [2026-05-18T07:37:25.481+0000] {dag.py:4180} INFO - Setting next_dagrun for example_nested_branch_dag to 2026-05-17 00:00:00+00:00, run_after=2026-05-18 00:00:00+00:00
[2026-05-18T07:37:25.516+0000] {processor.py:208} INFO - Processing /home/noelsdavid/airflow_venv/lib/python3.12/site-packages/airflow/example_dags/example_nested_branch_dag.py took 0.125 seconds
[2026-05-18T07:38:34.229+0000] {processor.py:186} INFO - Started process (PID=18993) to work on /home/noelsdavid/airflow_venv/lib/python3.12/site-packages/airflow/example_dags/example_nested_branch_dag.py
[2026-05-18T07:38:34.231+0000] {processor.py:914} INFO - Processing file /home/noelsdavid/airflow_venv/lib/python3.12/site-packages/airflow/example_dags/example_nested_branch_dag.py for tasks to queue
[2026-05-18T07:38:34.233+0000] {logging_mixin.py:190} INFO - [2026-05-18T07:38:34.233+0000] {dagbag.py:588} INFO - Filling up the DagBag from /home/noelsdavid/airflow_venv/lib/python3.12/site-packages/airflow/example_dags/example_nested_branch_dag.py
[2026-05-18T07:38:34.251+0000] {processor.py:925} INFO - DAG(s) 'example_nested_branch_dag' retrieved from /home/noelsdavid/airflow_venv/lib/python3.12/site-packages/airflow/example_dags/example_nested_branch_dag.py
[2026-05-18T07:38:34.278+0000] {logging_mixin.py:190} INFO - [2026-05-18T07:38:34.278+0000] {dag.py:3239} INFO - Sync 1 DAGs
[2026-05-18T07:38:34.309+0000] {logging_mixin.py:190} INFO - [2026-05-18T07:38:34.309+0000] {dag.py:4180} INFO - Setting next_dagrun for example_nested_branch_dag to 2026-05-17 00:00:00+00:00, run_after=2026-05-18 00:00:00+00:00
[2026-05-18T07:38:34.344+0000] {processor.py:208} INFO - Processing /home/noelsdavid/airflow_venv/lib/python3.12/site-packages/airflow/example_dags/example_nested_branch_dag.py took 0.125 seconds
[2026-05-18T07:39:45.189+0000] {processor.py:186} INFO - Started process (PID=19070) to work on /home/noelsdavid/airflow_venv/lib/python3.12/site-packages/airflow/example_dags/example_nested_branch_dag.py
[2026-05-18T07:39:45.192+0000] {processor.py:914} INFO - Processing file /home/noelsdavid/airflow_venv/lib/python3.12/site-packages/airflow/example_dags/example_nested_branch_dag.py for tasks to queue
[2026-05-18T07:39:45.194+0000] {logging_mixin.py:190} INFO - [2026-05-18T07:39:45.194+0000] {dagbag.py:588} INFO - Filling up the DagBag from /home/noelsdavid/airflow_venv/lib/python3.12/site-packages/airflow/example_dags/example_nested_branch_dag.py
[2026-05-18T07:39:45.215+0000] {processor.py:925} INFO - DAG(s) 'example_nested_branch_dag' retrieved from /home/noelsdavid/airflow_venv/lib/python3.12/site-packages/airflow/example_dags/example_nested_branch_dag.py
[2026-05-18T07:39:45.240+0000] {logging_mixin.py:190} INFO - [2026-05-18T07:39:45.239+0000] {dag.py:3239} INFO - Sync 1 DAGs
[2026-05-18T07:39:45.268+0000] {logging_mixin.py:190} INFO - [2026-05-18T07:39:45.268+0000] {dag.py:4180} INFO - Setting next_dagrun for example_nested_branch_dag to 2026-05-17 00:00:00+00:00, run_after=2026-05-18 00:00:00+00:00
[2026-05-18T07:39:45.303+0000] {processor.py:208} INFO - Processing /home/noelsdavid/airflow_venv/lib/python3.12/site-packages/airflow/example_dags/example_nested_branch_dag.py took 0.124 seconds
                                                                                                                                                                                                                                                                                                                                                                                                                                                                                                                                                                                                                                                                                                                                                                                                                                                                                                                                                                                                                                                                                                                                                                                                                                                                           