[2026-05-18T06:00:57.925+0000] {processor.py:186} INFO - Started process (PID=6932) to work on /home/noelsdavid/airflow_venv/lib/python3.12/site-packages/airflow/example_dags/example_dynamic_task_mapping.py
[2026-05-18T06:00:57.926+0000] {processor.py:914} INFO - Processing file /home/noelsdavid/airflow_venv/lib/python3.12/site-packages/airflow/example_dags/example_dynamic_task_mapping.py for tasks to queue
[2026-05-18T06:00:57.929+0000] {logging_mixin.py:190} INFO - [2026-05-18T06:00:57.928+0000] {dagbag.py:588} INFO - Filling up the DagBag from /home/noelsdavid/airflow_venv/lib/python3.12/site-packages/airflow/example_dags/example_dynamic_task_mapping.py
[2026-05-18T06:00:57.942+0000] {processor.py:925} INFO - DAG(s) 'example_dynamic_task_mapping' retrieved from /home/noelsdavid/airflow_venv/lib/python3.12/site-packages/airflow/example_dags/example_dynamic_task_mapping.py
[2026-05-18T06:00:58.095+0000] {logging_mixin.py:190} INFO - [2026-05-18T06:00:58.094+0000] {override.py:1911} INFO - Created Permission View: can edit on DAG:example_dynamic_task_mapping
[2026-05-18T06:00:58.113+0000] {logging_mixin.py:190} INFO - [2026-05-18T06:00:58.112+0000] {override.py:1911} INFO - Created Permission View: can delete on DAG:example_dynamic_task_mapping
[2026-05-18T06:00:58.132+0000] {logging_mixin.py:190} INFO - [2026-05-18T06:00:58.131+0000] {override.py:1911} INFO - Created Permission View: can read on DAG:example_dynamic_task_mapping
[2026-05-18T06:00:58.164+0000] {logging_mixin.py:190} INFO - [2026-05-18T06:00:58.163+0000] {override.py:1911} INFO - Created Permission View: can delete on DAG Run:example_dynamic_task_mapping
[2026-05-18T06:00:58.179+0000] {logging_mixin.py:190} INFO - [2026-05-18T06:00:58.178+0000] {override.py:1911} INFO - Created Permission View: menu access on DAG Run:example_dynamic_task_mapping
[2026-05-18T06:00:58.194+0000] {logging_mixin.py:190} INFO - [2026-05-18T06:00:58.193+0000] {override.py:1911} INFO - Created Permission View: can create on DAG Run:example_dynamic_task_mapping
[2026-05-18T06:00:58.208+0000] {logging_mixin.py:190} INFO - [2026-05-18T06:00:58.207+0000] {override.py:1911} INFO - Created Permission View: can read on DAG Run:example_dynamic_task_mapping
[2026-05-18T06:00:58.208+0000] {logging_mixin.py:190} INFO - [2026-05-18T06:00:58.208+0000] {dag.py:3239} INFO - Sync 1 DAGs
[2026-05-18T06:00:58.222+0000] {logging_mixin.py:190} INFO - [2026-05-18T06:00:58.222+0000] {dag.py:3262} INFO - Creating ORM DAG for example_dynamic_task_mapping
[2026-05-18T06:00:58.223+0000] {logging_mixin.py:190} INFO - [2026-05-18T06:00:58.223+0000] {dag.py:4180} INFO - Setting next_dagrun for example_dynamic_task_mapping to None, run_after=None
[2026-05-18T06:00:58.249+0000] {processor.py:208} INFO - Processing /home/noelsdavid/airflow_venv/lib/python3.12/site-packages/airflow/example_dags/example_dynamic_task_mapping.py took 0.331 seconds
[2026-05-18T06:02:08.947+0000] {processor.py:186} INFO - Started process (PID=6998) to work on /home/noelsdavid/airflow_venv/lib/python3.12/site-packages/airflow/example_dags/example_dynamic_task_mapping.py
[2026-05-18T06:02:08.949+0000] {processor.py:914} INFO - Processing file /home/noelsdavid/airflow_venv/lib/python3.12/site-packages/airflow/example_dags/example_dynamic_task_mapping.py for tasks to queue
[2026-05-18T06:02:08.952+0000] {logging_mixin.py:190} INFO - [2026-05-18T06:02:08.951+0000] {dagbag.py:588} INFO - Filling up the DagBag from /home/noelsdavid/airflow_venv/lib/python3.12/site-packages/airflow/example_dags/example_dynamic_task_mapping.py
[2026-05-18T06:02:08.964+0000] {processor.py:925} INFO - DAG(s) 'example_dynamic_task_mapping' retrieved from /home/noelsdavid/airflow_venv/lib/python3.12/site-packages/airflow/example_dags/example_dynamic_task_mapping.py
[2026-05-18T06:02:08.983+0000] {logging_mixin.py:190} INFO - [2026-05-18T06:02:08.983+0000] {dag.py:3239} INFO - Sync 1 DAGs
[2026-05-18T06:02:08.998+0000] {logging_mixin.py:190} INFO - [2026-05-18T06:02:08.997+0000] {dag.py:4180} INFO - Setting next_dagrun for example_dynamic_task_mapping to None, run_after=None
[2026-05-18T06:02:09.028+0000] {processor.py:208} INFO - Processing /home/noelsdavid/airflow_venv/lib/python3.12/site-packages/airflow/example_dags/example_dynamic_task_mapping.py took 0.088 seconds
[2026-05-18T06:03:08.082+0000] {processor.py:186} INFO - Started process (PID=7057) to work on /home/noelsdavid/airflow_venv/lib/python3.12/site-packages/airflow/example_dags/example_dynamic_task_mapping.py
[2026-05-18T06:03:08.084+0000] {processor.py:914} INFO - Processing file /home/noelsdavid/airflow_venv/lib/python3.12/site-packages/airflow/example_dags/example_dynamic_task_mapping.py for tasks to queue
[2026-05-18T06:03:08.087+0000] {logging_mixin.py:190} INFO - [2026-05-18T06:03:08.086+0000] {dagbag.py:588} INFO - Filling up the DagBag from /home/noelsdavid/airflow_venv/lib/python3.12/site-packages/airflow/example_dags/example_dynamic_task_mapping.py
[2026-05-18T06:03:08.098+0000] {processor.py:925} INFO - DAG(s) 'example_dynamic_task_mapping' retrieved from /home/noelsdavid/airflow_venv/lib/python3.12/site-packages/airflow/example_dags/example_dynamic_task_mapping.py
[2026-05-18T06:03:08.118+0000] {logging_mixin.py:190} INFO - [2026-05-18T06:03:08.118+0000] {dag.py:3239} INFO - Sync 1 DAGs
[2026-05-18T06:03:08.133+0000] {logging_mixin.py:190} INFO - [2026-05-18T06:03:08.133+0000] {dag.py:4180} INFO - Setting next_dagrun for example_dynamic_task_mapping to None, run_after=None
[2026-05-18T06:03:08.163+0000] {processor.py:208} INFO - Processing /home/noelsdavid/airflow_venv/lib/python3.12/site-packages/airflow/example_dags/example_dynamic_task_mapping.py took 0.089 seconds
[2026-05-18T06:04:08.647+0000] {processor.py:186} INFO - Started process (PID=7117) to work on /home/noelsdavid/airflow_venv/lib/python3.12/site-packages/airflow/example_dags/example_dynamic_task_mapping.py
[2026-05-18T06:04:08.650+0000] {processor.py:914} INFO - Processing file /home/noelsdavid/airflow_venv/lib/python3.12/site-packages/airflow/example_dags/example_dynamic_task_mapping.py for tasks to queue
[2026-05-18T06:04:08.653+0000] {logging_mixin.py:190} INFO - [2026-05-18T06:04:08.652+0000] {dagbag.py:588} INFO - Filling up the DagBag from /home/noelsdavid/airflow_venv/lib/python3.12/site-packages/airflow/example_dags/example_dynamic_task_mapping.py
[2026-05-18T06:04:08.665+0000] {processor.py:925} INFO - DAG(s) 'example_dynamic_task_mapping' retrieved from /home/noelsdavid/airflow_venv/lib/python3.12/site-packages/airflow/example_dags/example_dynamic_task_mapping.py
[2026-05-18T06:04:08.686+0000] {logging_mixin.py:190} INFO - [2026-05-18T06:04:08.685+0000] {dag.py:3239} INFO - Sync 1 DAGs
[2026-05-18T06:04:08.702+0000] {logging_mixin.py:190} INFO - [2026-05-18T06:04:08.701+0000] {dag.py:4180} INFO - Setting next_dagrun for example_dynamic_task_mapping to None, run_after=None
[2026-05-18T06:04:08.732+0000] {processor.py:208} INFO - Processing /home/noelsdavid/airflow_venv/lib/python3.12/site-packages/airflow/example_dags/example_dynamic_task_mapping.py took 0.092 seconds
[2026-05-18T06:05:12.245+0000] {processor.py:186} INFO - Started process (PID=7204) to work on /home/noelsdavid/airflow_venv/lib/python3.12/site-packages/airflow/example_dags/example_dynamic_task_mapping.py
[2026-05-18T06:05:12.261+0000] {processor.py:914} INFO - Processing file /home/noelsdavid/airflow_venv/lib/python3.12/site-packages/airflow/example_dags/example_dynamic_task_mapping.py for tasks to queue
[2026-05-18T06:05:12.264+0000] {logging_mixin.py:190} INFO - [2026-05-18T06:05:12.264+0000] {dagbag.py:588} INFO - Filling up the DagBag from /home/noelsdavid/airflow_venv/lib/python3.12/site-packages/airflow/example_dags/example_dynamic_task_mapping.py
[2026-05-18T06:05:12.276+0000] {processor.py:925} INFO - DAG(s) 'example_dynamic_task_mapping' retrieved from /home/noelsdavid/airflow_venv/lib/python3.12/site-packages/airflow/example_dags/example_dynamic_task_mapping.py
[2026-05-18T06:05:12.298+0000] {logging_mixin.py:190} INFO - [2026-05-18T06:05:12.298+0000] {dag.py:3239} INFO - Sync 1 DAGs
[2026-05-18T06:05:12.316+0000] {logging_mixin.py:190} INFO - [2026-05-18T06:05:12.316+0000] {dag.py:4180} INFO - Setting next_dagrun for example_dynamic_task_mapping to None, run_after=None
[2026-05-18T06:05:12.516+0000] {processor.py:208} INFO - Processing /home/noelsdavid/airflow_venv/lib/python3.12/site-packages/airflow/example_dags/example_dynamic_task_mapping.py took 0.280 seconds
[2026-05-18T06:06:24.275+0000] {processor.py:186} INFO - Started process (PID=7270) to work on /home/noelsdavid/airflow_venv/lib/python3.12/site-packages/airflow/example_dags/example_dynamic_task_mapping.py
[2026-05-18T06:06:24.277+0000] {processor.py:914} INFO - Processing file /home/noelsdavid/airflow_venv/lib/python3.12/site-packages/airflow/example_dags/example_dynamic_task_mapping.py for tasks to queue
[2026-05-18T06:06:24.281+0000] {logging_mixin.py:190} INFO - [2026-05-18T06:06:24.280+0000] {dagbag.py:588} INFO - Filling up the DagBag from /home/noelsdavid/airflow_venv/lib/python3.12/site-packages/airflow/example_dags/example_dynamic_task_mapping.py
[2026-05-18T06:06:24.293+0000] {processor.py:925} INFO - DAG(s) 'example_dynamic_task_mapping' retrieved from /home/noelsdavid/airflow_venv/lib/python3.12/site-packages/airflow/example_dags/example_dynamic_task_mapping.py
[2026-05-18T06:06:24.315+0000] {logging_mixin.py:190} INFO - [2026-05-18T06:06:24.314+0000] {dag.py:3239} INFO - Sync 1 DAGs
[2026-05-18T06:06:24.332+0000] {logging_mixin.py:190} INFO - [2026-05-18T06:06:24.332+0000] {dag.py:4180} INFO - Setting next_dagrun for example_dynamic_task_mapping to None, run_after=None
[2026-05-18T06:06:24.363+0000] {processor.py:208} INFO - Processing /home/noelsdavid/airflow_venv/lib/python3.12/site-packages/airflow/example_dags/example_dynamic_task_mapping.py took 0.096 seconds
[2026-05-18T06:07:19.827+0000] {processor.py:186} INFO - Started process (PID=7327) to work on /home/noelsdavid/airflow_venv/lib/python3.12/site-packages/airflow/example_dags/example_dynamic_task_mapping.py
[2026-05-18T06:07:19.830+0000] {processor.py:914} INFO - Processing file /home/noelsdavid/airflow_venv/lib/python3.12/site-packages/airflow/example_dags/example_dynamic_task_mapping.py for tasks to queue
[2026-05-18T06:07:19.833+0000] {logging_mixin.py:190} INFO - [2026-05-18T06:07:19.833+0000] {dagbag.py:588} INFO - Filling up the DagBag from /home/noelsdavid/airflow_venv/lib/python3.12/site-packages/airflow/example_dags/example_dynamic_task_mapping.py
[2026-05-18T06:07:19.847+0000] {processor.py:925} INFO - DAG(s) 'example_dynamic_task_mapping' retrieved from /home/noelsdavid/airflow_venv/lib/python3.12/site-packages/airflow/example_dags/example_dynamic_task_mapping.py
[2026-05-18T06:07:19.870+0000] {logging_mixin.py:190} INFO - [2026-05-18T06:07:19.869+0000] {dag.py:3239} INFO - Sync 1 DAGs
[2026-05-18T06:07:19.889+0000] {logging_mixin.py:190} INFO - [2026-05-18T06:07:19.889+0000] {dag.py:4180} INFO - Setting next_dagrun for example_dynamic_task_mapping to None, run_after=None
[2026-05-18T06:07:19.927+0000] {processor.py:208} INFO - Processing /home/noelsdavid/airflow_venv/lib/python3.12/site-packages/airflow/example_dags/example_dynamic_task_mapping.py took 0.108 seconds
[2026-05-18T06:08:22.418+0000] {processor.py:186} INFO - Started process (PID=7386) to work on /home/noelsdavid/airflow_venv/lib/python3.12/site-packages/airflow/example_dags/example_dynamic_task_mapping.py
[2026-05-18T06:08:22.421+0000] {processor.py:914} INFO - Processing file /home/noelsdavid/airflow_venv/lib/python3.12/site-packages/airflow/example_dags/example_dynamic_task_mapping.py for tasks to queue
[2026-05-18T06:08:22.425+0000] {logging_mixin.py:190} INFO - [2026-05-18T06:08:22.424+0000] {dagbag.py:588} INFO - Filling up the DagBag from /home/noelsdavid/airflow_venv/lib/python3.12/site-packages/airflow/example_dags/example_dynamic_task_mapping.py
[2026-05-18T06:08:22.439+0000] {processor.py:925} INFO - DAG(s) 'example_dynamic_task_mapping' retrieved from /home/noelsdavid/airflow_venv/lib/python3.12/site-packages/airflow/example_dags/example_dynamic_task_mapping.py
[2026-05-18T06:08:22.463+0000] {logging_mixin.py:190} INFO - [2026-05-18T06:08:22.463+0000] {dag.py:3239} INFO - Sync 1 DAGs
[2026-05-18T06:08:22.481+0000] {logging_mixin.py:190} INFO - [2026-05-18T06:08:22.480+0000] {dag.py:4180} INFO - Setting next_dagrun for example_dynamic_task_mapping to None, run_after=None
[2026-05-18T06:08:22.513+0000] {processor.py:208} INFO - Processing /home/noelsdavid/airflow_venv/lib/python3.12/site-packages/airflow/example_dags/example_dynamic_task_mapping.py took 0.103 seconds
[2026-05-18T06:09:28.059+0000] {processor.py:186} INFO - Started process (PID=7448) to work on /home/noelsdavid/airflow_venv/lib/python3.12/site-packages/airflow/example_dags/example_dynamic_task_mapping.py
[2026-05-18T06:09:28.061+0000] {processor.py:914} INFO - Processing file /home/noelsdavid/airflow_venv/lib/python3.12/site-packages/airflow/example_dags/example_dynamic_task_mapping.py for tasks to queue
[2026-05-18T06:09:28.064+0000] {logging_mixin.py:190} INFO - [2026-05-18T06:09:28.064+0000] {dagbag.py:588} INFO - Filling up the DagBag from /home/noelsdavid/airflow_venv/lib/python3.12/site-packages/airflow/example_dags/example_dynamic_task_mapping.py
[2026-05-18T06:09:28.077+0000] {processor.py:925} INFO - DAG(s) 'example_dynamic_task_mapping' retrieved from /home/noelsdavid/airflow_venv/lib/python3.12/site-packages/airflow/example_dags/example_dynamic_task_mapping.py
[2026-05-18T06:09:28.098+0000] {logging_mixin.py:190} INFO - [2026-05-18T06:09:28.098+0000] {dag.py:3239} INFO - Sync 1 DAGs
[2026-05-18T06:09:28.114+0000] {logging_mixin.py:190} INFO - [2026-05-18T06:09:28.114+0000] {dag.py:4180} INFO - Setting next_dagrun for example_dynamic_task_mapping to None, run_after=None
[2026-05-18T06:09:28.144+0000] {processor.py:208} INFO - Processing /home/noelsdavid/airflow_venv/lib/python3.12/site-packages/airflow/example_dags/example_dynamic_task_mapping.py took 0.094 seconds
[2026-05-18T06:10:29.805+0000] {processor.py:186} INFO - Started process (PID=7533) to work on /home/noelsdavid/airflow_venv/lib/python3.12/site-packages/airflow/example_dags/example_dynamic_task_mapping.py
[2026-05-18T06:10:29.808+0000] {processor.py:914} INFO - Processing file /home/noelsdavid/airflow_venv/lib/python3.12/site-packages/airflow/example_dags/example_dynamic_task_mapping.py for tasks to queue
[2026-05-18T06:10:29.811+0000] {logging_mixin.py:190} INFO - [2026-05-18T06:10:29.810+0000] {dagbag.py:588} INFO - Filling up the DagBag from /home/noelsdavid/airflow_venv/lib/python3.12/site-packages/airflow/example_dags/example_dynamic_task_mapping.py
[2026-05-18T06:10:29.823+0000] {processor.py:925} INFO - DAG(s) 'example_dynamic_task_mapping' retrieved from /home/noelsdavid/airflow_venv/lib/python3.12/site-packages/airflow/example_dags/example_dynamic_task_mapping.py
[2026-05-18T06:10:29.845+0000] {logging_mixin.py:190} INFO - [2026-05-18T06:10:29.845+0000] {dag.py:3239} INFO - Sync 1 DAGs
[2026-05-18T06:10:29.862+0000] {logging_mixin.py:190} INFO - [2026-05-18T06:10:29.862+0000] {dag.py:4180} INFO - Setting next_dagrun for example_dynamic_task_mapping to None, run_after=None
[2026-05-18T06:10:29.892+0000] {processor.py:208} INFO - Processing /home/noelsdavid/airflow_venv/lib/python3.12/site-packages/airflow/example_dags/example_dynamic_task_mapping.py took 0.095 seconds
[2026-05-18T06:11:28.915+0000] {processor.py:186} INFO - Started process (PID=7592) to work on /home/noelsdavid/airflow_venv/lib/python3.12/site-packages/airflow/example_dags/example_dynamic_task_mapping.py
[2026-05-18T06:11:28.917+0000] {processor.py:914} INFO - Processing file /home/noelsdavid/airflow_venv/lib/python3.12/site-packages/airflow/example_dags/example_dynamic_task_mapping.py for tasks to queue
[2026-05-18T06:11:28.920+0000] {logging_mixin.py:190} INFO - [2026-05-18T06:11:28.920+0000] {dagbag.py:588} INFO - Filling up the DagBag from /home/noelsdavid/airflow_venv/lib/python3.12/site-packages/airflow/example_dags/example_dynamic_task_mapping.py
[2026-05-18T06:11:28.932+0000] {processor.py:925} INFO - DAG(s) 'example_dynamic_task_mapping' retrieved from /home/noelsdavid/airflow_venv/lib/python3.12/site-packages/airflow/example_dags/example_dynamic_task_mapping.py
[2026-05-18T06:11:28.955+0000] {logging_mixin.py:190} INFO - [2026-05-18T06:11:28.954+0000] {dag.py:3239} INFO - Sync 1 DAGs
[2026-05-18T06:11:28.972+0000] {logging_mixin.py:190} INFO - [2026-05-18T06:11:28.972+0000] {dag.py:4180} INFO - Setting next_dagrun for example_dynamic_task_mapping to None, run_after=None
[2026-05-18T06:11:29.003+0000] {processor.py:208} INFO - Processing /home/noelsdavid/airflow_venv/lib/python3.12/site-packages/airflow/example_dags/example_dynamic_task_mapping.py took 0.096 seconds
[2026-05-18T06:12:27.506+0000] {processor.py:186} INFO - Started process (PID=7649) to work on /home/noelsdavid/airflow_venv/lib/python3.12/site-packages/airflow/example_dags/example_dynamic_task_mapping.py
[2026-05-18T06:12:27.508+0000] {processor.py:914} INFO - Processing file /home/noelsdavid/airflow_venv/lib/python3.12/site-packages/airflow/example_dags/example_dynamic_task_mapping.py for tasks to queue
[2026-05-18T06:12:27.511+0000] {logging_mixin.py:190} INFO - [2026-05-18T06:12:27.511+0000] {dagbag.py:588} INFO - Filling up the DagBag from /home/noelsdavid/airflow_venv/lib/python3.12/site-packages/airflow/example_dags/example_dynamic_task_mapping.py
[2026-05-18T06:12:27.525+0000] {processor.py:925} INFO - DAG(s) 'example_dynamic_task_mapping' retrieved from /home/noelsdavid/airflow_venv/lib/python3.12/site-packages/airflow/example_dags/example_dynamic_task_mapping.py
[2026-05-18T06:12:27.547+0000] {logging_mixin.py:190} INFO - [2026-05-18T06:12:27.547+0000] {dag.py:3239} INFO - Sync 1 DAGs
[2026-05-18T06:12:27.564+0000] {logging_mixin.py:190} INFO - [2026-05-18T06:12:27.564+0000] {dag.py:4180} INFO - Setting next_dagrun for example_dynamic_task_mapping to None, run_after=None
[2026-05-18T06:12:27.597+0000] {processor.py:208} INFO - Processing /home/noelsdavid/airflow_venv/lib/python3.12/site-packages/airflow/example_dags/example_dynamic_task_mapping.py took 0.100 seconds
[2026-05-18T06:13:28.012+0000] {processor.py:186} INFO - Started process (PID=7708) to work on /home/noelsdavid/airflow_venv/lib/python3.12/site-packages/airflow/example_dags/example_dynamic_task_mapping.py
[2026-05-18T06:13:28.015+0000] {processor.py:914} INFO - Processing file /home/noelsdavid/airflow_venv/lib/python3.12/site-packages/airflow/example_dags/example_dynamic_task_mapping.py for tasks to queue
[2026-05-18T06:13:28.018+0000] {logging_mixin.py:190} INFO - [2026-05-18T06:13:28.017+0000] {dagbag.py:588} INFO - Filling up the DagBag from /home/noelsdavid/airflow_venv/lib/python3.12/site-packages/airflow/example_dags/example_dynamic_task_mapping.py
[2026-05-18T06:13:28.031+0000] {processor.py:925} INFO - DAG(s) 'example_dynamic_task_mapping' retrieved from /home/noelsdavid/airflow_venv/lib/python3.12/site-packages/airflow/example_dags/example_dynamic_task_mapping.py
[2026-05-18T06:13:28.053+0000] {logging_mixin.py:190} INFO - [2026-05-18T06:13:28.052+0000] {dag.py:3239} INFO - Sync 1 DAGs
[2026-05-18T06:13:28.070+0000] {logging_mixin.py:190} INFO - [2026-05-18T06:13:28.070+0000] {dag.py:4180} INFO - Setting next_dagrun for example_dynamic_task_mapping to None, run_after=None
[2026-05-18T06:13:28.100+0000] {processor.py:208} INFO - Processing /home/noelsdavid/airflow_venv/lib/python3.12/site-packages/airflow/example_dags/example_dynamic_task_mapping.py took 0.096 seconds
[2026-05-18T06:14:30.201+0000] {processor.py:186} INFO - Started process (PID=7768) to work on /home/noelsdavid/airflow_venv/lib/python3.12/site-packages/airflow/example_dags/example_dynamic_task_mapping.py
[2026-05-18T06:14:30.203+0000] {processor.py:914} INFO - Processing file /home/noelsdavid/airflow_venv/lib/python3.12/site-packages/airflow/example_dags/example_dynamic_task_mapping.py for tasks to queue
[2026-05-18T06:14:30.207+0000] {logging_mixin.py:190} INFO - [2026-05-18T06:14:30.206+0000] {dagbag.py:588} INFO - Filling up the DagBag from /home/noelsdavid/airflow_venv/lib/python3.12/site-packages/airflow/example_dags/example_dynamic_task_mapping.py
[2026-05-18T06:14:30.219+0000] {processor.py:925} INFO - DAG(s) 'example_dynamic_task_mapping' retrieved from /home/noelsdavid/airflow_venv/lib/python3.12/site-packages/airflow/example_dags/example_dynamic_task_mapping.py
[2026-05-18T06:14:30.242+0000] {logging_mixin.py:190} INFO - [2026-05-18T06:14:30.241+0000] {dag.py:3239} INFO - Sync 1 DAGs
[2026-05-18T06:14:30.260+0000] {logging_mixin.py:190} INFO - [2026-05-18T06:14:30.260+0000] {dag.py:4180} INFO - Setting next_dagrun for example_dynamic_task_mapping to None, run_after=None
[2026-05-18T06:14:30.292+0000] {processor.py:208} INFO - Processing /home/noelsdavid/airflow_venv/lib/python3.12/site-packages/airflow/example_dags/example_dynamic_task_mapping.py took 0.100 seconds
[2026-05-18T06:15:32.608+0000] {processor.py:186} INFO - Started process (PID=7887) to work on /home/noelsdavid/airflow_venv/lib/python3.12/site-packages/airflow/example_dags/example_dynamic_task_mapping.py
[2026-05-18T06:15:32.611+0000] {processor.py:914} INFO - Processing file /home/noelsdavid/airflow_venv/lib/python3.12/site-packages/airflow/example_dags/example_dynamic_task_mapping.py for tasks to queue
[2026-05-18T06:15:32.614+0000] {logging_mixin.py:190} INFO - [2026-05-18T06:15:32.614+0000] {dagbag.py:588} INFO - Filling up the DagBag from /home/noelsdavid/airflow_venv/lib/python3.12/site-packages/airflow/example_dags/example_dynamic_task_mapping.py
[2026-05-18T06:15:32.629+0000] {processor.py:925} INFO - DAG(s) 'example_dynamic_task_mapping' retrieved from /home/noelsdavid/airflow_venv/lib/python3.12/site-packages/airflow/example_dags/example_dynamic_task_mapping.py
[2026-05-18T06:15:32.653+0000] {logging_mixin.py:190} INFO - [2026-05-18T06:15:32.653+0000] {dag.py:3239} INFO - Sync 1 DAGs
[2026-05-18T06:15:32.672+0000] {logging_mixin.py:190} INFO - [2026-05-18T06:15:32.672+0000] {dag.py:4180} INFO - Setting next_dagrun for example_dynamic_task_mapping to None, run_after=None
[2026-05-18T06:15:32.704+0000] {processor.py:208} INFO - Processing /home/noelsdavid/airflow_venv/lib/python3.12/site-packages/airflow/example_dags/example_dynamic_task_mapping.py took 0.105 seconds
[2026-05-18T06:16:36.078+0000] {processor.py:186} INFO - Started process (PID=8055) to work on /home/noelsdavid/airflow_venv/lib/python3.12/site-packages/airflow/example_dags/example_dynamic_task_mapping.py
[2026-05-18T06:16:36.081+0000] {processor.py:914} INFO - Processing file /home/noelsdavid/airflow_venv/lib/python3.12/site-packages/airflow/example_dags/example_dynamic_task_mapping.py for tasks to queue
[2026-05-18T06:16:36.084+0000] {logging_mixin.py:190} INFO - [2026-05-18T06:16:36.083+0000] {dagbag.py:588} INFO - Filling up the DagBag from /home/noelsdavid/airflow_venv/lib/python3.12/site-packages/airflow/example_dags/example_dynamic_task_mapping.py
[2026-05-18T06:16:36.097+0000] {processor.py:925} INFO - DAG(s) 'example_dynamic_task_mapping' retrieved from /home/noelsdavid/airflow_venv/lib/python3.12/site-packages/airflow/example_dags/example_dynamic_task_mapping.py
[2026-05-18T06:16:36.119+0000] {logging_mixin.py:190} INFO - [2026-05-18T06:16:36.119+0000] {dag.py:3239} INFO - Sync 1 DAGs
[2026-05-18T06:16:36.136+0000] {logging_mixin.py:190} INFO - [2026-05-18T06:16:36.136+0000] {dag.py:4180} INFO - Setting next_dagrun for example_dynamic_task_mapping to None, run_after=None
[2026-05-18T06:16:36.166+0000] {processor.py:208} INFO - Processing /home/noelsdavid/airflow_venv/lib/python3.12/site-packages/airflow/example_dags/example_dynamic_task_mapping.py took 0.095 seconds
[2026-05-18T06:17:39.360+0000] {processor.py:186} INFO - Started process (PID=8369) to work on /home/noelsdavid/airflow_venv/lib/python3.12/site-packages/airflow/example_dags/example_dynamic_task_mapping.py
[2026-05-18T06:17:39.363+0000] {processor.py:914} INFO - Processing file /home/noelsdavid/airflow_venv/lib/python3.12/site-packages/airflow/example_dags/example_dynamic_task_mapping.py for tasks to queue
[2026-05-18T06:17:39.366+0000] {logging_mixin.py:190} INFO - [2026-05-18T06:17:39.365+0000] {dagbag.py:588} INFO - Filling up the DagBag from /home/noelsdavid/airflow_venv/lib/python3.12/site-packages/airflow/example_dags/example_dynamic_task_mapping.py
[2026-05-18T06:17:39.378+0000] {processor.py:925} INFO - DAG(s) 'example_dynamic_task_mapping' retrieved from /home/noelsdavid/airflow_venv/lib/python3.12/site-packages/airflow/example_dags/example_dynamic_task_mapping.py
[2026-05-18T06:17:39.407+0000] {logging_mixin.py:190} INFO - [2026-05-18T06:17:39.406+0000] {dag.py:3239} INFO - Sync 1 DAGs
[2026-05-18T06:17:39.433+0000] {logging_mixin.py:190} INFO - [2026-05-18T06:17:39.433+0000] {dag.py:4180} INFO - Setting next_dagrun for example_dynamic_task_mapping to None, run_after=None
[2026-05-18T06:17:39.470+0000] {processor.py:208} INFO - Processing /home/noelsdavid/airflow_venv/lib/python3.12/site-packages/airflow/example_dags/example_dynamic_task_mapping.py took 0.118 seconds
[2026-05-18T06:18:38.230+0000] {processor.py:186} INFO - Started process (PID=8482) to work on /home/noelsdavid/airflow_venv/lib/python3.12/site-packages/airflow/example_dags/example_dynamic_task_mapping.py
[2026-05-18T06:18:38.232+0000] {processor.py:914} INFO - Processing file /home/noelsdavid/airflow_venv/lib/python3.12/site-packages/airflow/example_dags/example_dynamic_task_mapping.py for tasks to queue
[2026-05-18T06:18:38.236+0000] {logging_mixin.py:190} INFO - [2026-05-18T06:18:38.235+0000] {dagbag.py:588} INFO - Filling up the DagBag from /home/noelsdavid/airflow_venv/lib/python3.12/site-packages/airflow/example_dags/example_dynamic_task_mapping.py
[2026-05-18T06:18:38.248+0000] {processor.py:925} INFO - DAG(s) 'example_dynamic_task_mapping' retrieved from /home/noelsdavid/airflow_venv/lib/python3.12/site-packages/airflow/example_dags/example_dynamic_task_mapping.py
[2026-05-18T06:18:38.269+0000] {logging_mixin.py:190} INFO - [2026-05-18T06:18:38.269+0000] {dag.py:3239} INFO - Sync 1 DAGs
[2026-05-18T06:18:38.285+0000] {logging_mixin.py:190} INFO - [2026-05-18T06:18:38.285+0000] {dag.py:4180} INFO - Setting next_dagrun for example_dynamic_task_mapping to None, run_after=None
[2026-05-18T06:18:38.315+0000] {processor.py:208} INFO - Processing /home/noelsdavid/airflow_venv/lib/python3.12/site-packages/airflow/example_dags/example_dynamic_task_mapping.py took 0.094 seconds
[2026-05-18T06:19:38.259+0000] {processor.py:186} INFO - Started process (PID=8541) to work on /home/noelsdavid/airflow_venv/lib/python3.12/site-packages/airflow/example_dags/example_dynamic_task_mapping.py
[2026-05-18T06:19:38.261+0000] {processor.py:914} INFO - Processing file /home/noelsdavid/airflow_venv/lib/python3.12/site-packages/airflow/example_dags/example_dynamic_task_mapping.py for tasks to queue
[2026-05-18T06:19:38.265+0000] {logging_mixin.py:190} INFO - [2026-05-18T06:19:38.264+0000] {dagbag.py:588} INFO - Filling up the DagBag from /home/noelsdavid/airflow_venv/lib/python3.12/site-packages/airflow/example_dags/example_dynamic_task_mapping.py
[2026-05-18T06:19:38.277+0000] {processor.py:925} INFO - DAG(s) 'example_dynamic_task_mapping' retrieved from /home/noelsdavid/airflow_venv/lib/python3.12/site-packages/airflow/example_dags/example_dynamic_task_mapping.py
[2026-05-18T06:19:38.297+0000] {logging_mixin.py:190} INFO - [2026-05-18T06:19:38.297+0000] {dag.py:3239} INFO - Sync 1 DAGs
[2026-05-18T06:19:38.313+0000] {logging_mixin.py:190} INFO - [2026-05-18T06:19:38.312+0000] {dag.py:4180} INFO - Setting next_dagrun for example_dynamic_task_mapping to None, run_after=None
[2026-05-18T06:19:38.342+0000] {processor.py:208} INFO - Processing /home/noelsdavid/airflow_venv/lib/python3.12/site-packages/airflow/example_dags/example_dynamic_task_mapping.py took 0.091 seconds
[2026-05-18T06:20:42.750+0000] {processor.py:186} INFO - Started process (PID=8630) to work on /home/noelsdavid/airflow_venv/lib/python3.12/site-packages/airflow/example_dags/example_dynamic_task_mapping.py
[2026-05-18T06:20:42.752+0000] {processor.py:914} INFO - Processing file /home/noelsdavid/airflow_venv/lib/python3.12/site-packages/airflow/example_dags/example_dynamic_task_mapping.py for tasks to queue
[2026-05-18T06:20:42.754+0000] {logging_mixin.py:190} INFO - [2026-05-18T06:20:42.754+0000] {dagbag.py:588} INFO - Filling up the DagBag from /home/noelsdavid/airflow_venv/lib/python3.12/site-packages/airflow/example_dags/example_dynamic_task_mapping.py
[2026-05-18T06:20:42.769+0000] {processor.py:925} INFO - DAG(s) 'example_dynamic_task_mapping' retrieved from /home/noelsdavid/airflow_venv/lib/python3.12/site-packages/airflow/example_dags/example_dynamic_task_mapping.py
[2026-05-18T06:20:42.790+0000] {logging_mixin.py:190} INFO - [2026-05-18T06:20:42.790+0000] {dag.py:3239} INFO - Sync 1 DAGs
[2026-05-18T06:20:42.807+0000] {logging_mixin.py:190} INFO - [2026-05-18T06:20:42.807+0000] {dag.py:4180} INFO - Setting next_dagrun for example_dynamic_task_mapping to None, run_after=None
[2026-05-18T06:20:42.837+0000] {processor.py:208} INFO - Processing /home/noelsdavid/airflow_venv/lib/python3.12/site-packages/airflow/example_dags/example_dynamic_task_mapping.py took 0.096 seconds
[2026-05-18T06:21:45.516+0000] {processor.py:186} INFO - Started process (PID=8690) to work on /home/noelsdavid/airflow_venv/lib/python3.12/site-packages/airflow/example_dags/example_dynamic_task_mapping.py
[2026-05-18T06:21:45.522+0000] {processor.py:914} INFO - Processing file /home/noelsdavid/airflow_venv/lib/python3.12/site-packages/airflow/example_dags/example_dynamic_task_mapping.py for tasks to queue
[2026-05-18T06:21:45.525+0000] {logging_mixin.py:190} INFO - [2026-05-18T06:21:45.524+0000] {dagbag.py:588} INFO - Filling up the DagBag from /home/noelsdavid/airflow_venv/lib/python3.12/site-packages/airflow/example_dags/example_dynamic_task_mapping.py
[2026-05-18T06:21:45.564+0000] {processor.py:925} INFO - DAG(s) 'example_dynamic_task_mapping' retrieved from /home/noelsdavid/airflow_venv/lib/python3.12/site-packages/airflow/example_dags/example_dynamic_task_mapping.py
[2026-05-18T06:21:45.617+0000] {logging_mixin.py:190} INFO - [2026-05-18T06:21:45.616+0000] {dag.py:3239} INFO - Sync 1 DAGs
[2026-05-18T06:21:45.640+0000] {logging_mixin.py:190} INFO - [2026-05-18T06:21:45.640+0000] {dag.py:4180} INFO - Setting next_dagrun for example_dynamic_task_mapping to None, run_after=None
[2026-05-18T06:21:45.700+0000] {processor.py:208} INFO - Processing /home/noelsdavid/airflow_venv/lib/python3.12/site-packages/airflow/example_dags/example_dynamic_task_mapping.py took 0.194 seconds
[2026-05-18T06:22:50.521+0000] {processor.py:186} INFO - Started process (PID=8753) to work on /home/noelsdavid/airflow_venv/lib/python3.12/site-packages/airflow/example_dags/example_dynamic_task_mapping.py
[2026-05-18T06:22:50.524+0000] {processor.py:914} INFO - Processing file /home/noelsdavid/airflow_venv/lib/python3.12/site-packages/airflow/example_dags/example_dynamic_task_mapping.py for tasks to queue
[2026-05-18T06:22:50.526+0000] {logging_mixin.py:190} INFO - [2026-05-18T06:22:50.526+0000] {dagbag.py:588} INFO - Filling up the DagBag from /home/noelsdavid/airflow_venv/lib/python3.12/site-packages/airflow/example_dags/example_dynamic_task_mapping.py
[2026-05-18T06:22:50.538+0000] {processor.py:925} INFO - DAG(s) 'example_dynamic_task_mapping' retrieved from /home/noelsdavid/airflow_venv/lib/python3.12/site-packages/airflow/example_dags/example_dynamic_task_mapping.py
[2026-05-18T06:22:50.560+0000] {logging_mixin.py:190} INFO - [2026-05-18T06:22:50.560+0000] {dag.py:3239} INFO - Sync 1 DAGs
[2026-05-18T06:22:50.578+0000] {logging_mixin.py:190} INFO - [2026-05-18T06:22:50.577+0000] {dag.py:4180} INFO - Setting next_dagrun for example_dynamic_task_mapping to None, run_after=None
[2026-05-18T06:22:50.608+0000] {processor.py:208} INFO - Processing /home/noelsdavid/airflow_venv/lib/python3.12/site-packages/airflow/example_dags/example_dynamic_task_mapping.py took 0.095 seconds
[2026-05-18T06:23:54.042+0000] {processor.py:186} INFO - Started process (PID=8815) to work on /home/noelsdavid/airflow_venv/lib/python3.12/site-packages/airflow/example_dags/example_dynamic_task_mapping.py
[2026-05-18T06:23:54.055+0000] {processor.py:914} INFO - Processing file /home/noelsdavid/airflow_venv/lib/python3.12/site-packages/airflow/example_dags/example_dynamic_task_mapping.py for tasks to queue
[2026-05-18T06:23:54.058+0000] {logging_mixin.py:190} INFO - [2026-05-18T06:23:54.057+0000] {dagbag.py:588} INFO - Filling up the DagBag from /home/noelsdavid/airflow_venv/lib/python3.12/site-packages/airflow/example_dags/example_dynamic_task_mapping.py
[2026-05-18T06:23:54.072+0000] {processor.py:925} INFO - DAG(s) 'example_dynamic_task_mapping' retrieved from /home/noelsdavid/airflow_venv/lib/python3.12/site-packages/airflow/example_dags/example_dynamic_task_mapping.py
[2026-05-18T06:23:54.096+0000] {logging_mixin.py:190} INFO - [2026-05-18T06:23:54.095+0000] {dag.py:3239} INFO - Sync 1 DAGs
[2026-05-18T06:23:54.112+0000] {logging_mixin.py:190} INFO - [2026-05-18T06:23:54.112+0000] {dag.py:4180} INFO - Setting next_dagrun for example_dynamic_task_mapping to None, run_after=None
[2026-05-18T06:23:54.146+0000] {processor.py:208} INFO - Processing /home/noelsdavid/airflow_venv/lib/python3.12/site-packages/airflow/example_dags/example_dynamic_task_mapping.py took 0.113 seconds
[2026-05-18T06:25:00.750+0000] {processor.py:186} INFO - Started process (PID=8879) to work on /home/noelsdavid/airflow_venv/lib/python3.12/site-packages/airflow/example_dags/example_dynamic_task_mapping.py
[2026-05-18T06:25:00.753+0000] {processor.py:914} INFO - Processing file /home/noelsdavid/airflow_venv/lib/python3.12/site-packages/airflow/example_dags/example_dynamic_task_mapping.py for tasks to queue
[2026-05-18T06:25:00.756+0000] {logging_mixin.py:190} INFO - [2026-05-18T06:25:00.754+0000] {dagbag.py:588} INFO - Filling up the DagBag from /home/noelsdavid/airflow_venv/lib/python3.12/site-packages/airflow/example_dags/example_dynamic_task_mapping.py
[2026-05-18T06:25:00.769+0000] {processor.py:925} INFO - DAG(s) 'example_dynamic_task_mapping' retrieved from /home/noelsdavid/airflow_venv/lib/python3.12/site-packages/airflow/example_dags/example_dynamic_task_mapping.py
[2026-05-18T06:25:00.793+0000] {logging_mixin.py:190} INFO - [2026-05-18T06:25:00.792+0000] {dag.py:3239} INFO - Sync 1 DAGs
[2026-05-18T06:25:00.810+0000] {logging_mixin.py:190} INFO - [2026-05-18T06:25:00.809+0000] {dag.py:4180} INFO - Setting next_dagrun for example_dynamic_task_mapping to None, run_after=None
[2026-05-18T06:25:00.843+0000] {processor.py:208} INFO - Processing /home/noelsdavid/airflow_venv/lib/python3.12/site-packages/airflow/example_dags/example_dynamic_task_mapping.py took 0.102 seconds
[2026-05-18T06:26:05.795+0000] {processor.py:186} INFO - Started process (PID=8978) to work on /home/noelsdavid/airflow_venv/lib/python3.12/site-packages/airflow/example_dags/example_dynamic_task_mapping.py
[2026-05-18T06:26:05.797+0000] {processor.py:914} INFO - Processing file /home/noelsdavid/airflow_venv/lib/python3.12/site-packages/airflow/example_dags/example_dynamic_task_mapping.py for tasks to queue
[2026-05-18T06:26:05.799+0000] {logging_mixin.py:190} INFO - [2026-05-18T06:26:05.799+0000] {dagbag.py:588} INFO - Filling up the DagBag from /home/noelsdavid/airflow_venv/lib/python3.12/site-packages/airflow/example_dags/example_dynamic_task_mapping.py
[2026-05-18T06:26:05.811+0000] {processor.py:925} INFO - DAG(s) 'example_dynamic_task_mapping' retrieved from /home/noelsdavid/airflow_venv/lib/python3.12/site-packages/airflow/example_dags/example_dynamic_task_mapping.py
[2026-05-18T06:26:05.834+0000] {logging_mixin.py:190} INFO - [2026-05-18T06:26:05.834+0000] {dag.py:3239} INFO - Sync 1 DAGs
[2026-05-18T06:26:05.851+0000] {logging_mixin.py:190} INFO - [2026-05-18T06:26:05.851+0000] {dag.py:4180} INFO - Setting next_dagrun for example_dynamic_task_mapping to None, run_after=None
[2026-05-18T06:26:05.887+0000] {processor.py:208} INFO - Processing /home/noelsdavid/airflow_venv/lib/python3.12/site-packages/airflow/example_dags/example_dynamic_task_mapping.py took 0.100 seconds
[2026-05-18T06:27:22.016+0000] {processor.py:186} INFO - Started process (PID=9429) to work on /home/noelsdavid/airflow_venv/lib/python3.12/site-packages/airflow/example_dags/example_dynamic_task_mapping.py
[2026-05-18T06:27:22.018+0000] {processor.py:914} INFO - Processing file /home/noelsdavid/airflow_venv/lib/python3.12/site-packages/airflow/example_dags/example_dynamic_task_mapping.py for tasks to queue
[2026-05-18T06:27:22.020+0000] {logging_mixin.py:190} INFO - [2026-05-18T06:27:22.019+0000] {dagbag.py:588} INFO - Filling up the DagBag from /home/noelsdavid/airflow_venv/lib/python3.12/site-packages/airflow/example_dags/example_dynamic_task_mapping.py
[2026-05-18T06:27:22.032+0000] {processor.py:925} INFO - DAG(s) 'example_dynamic_task_mapping' retrieved from /home/noelsdavid/airflow_venv/lib/python3.12/site-packages/airflow/example_dags/example_dynamic_task_mapping.py
[2026-05-18T06:27:22.055+0000] {logging_mixin.py:190} INFO - [2026-05-18T06:27:22.055+0000] {dag.py:3239} INFO - Sync 1 DAGs
[2026-05-18T06:27:22.073+0000] {logging_mixin.py:190} INFO - [2026-05-18T06:27:22.073+0000] {dag.py:4180} INFO - Setting next_dagrun for example_dynamic_task_mapping to None, run_after=None
[2026-05-18T06:27:22.107+0000] {processor.py:208} INFO - Processing /home/noelsdavid/airflow_venv/lib/python3.12/site-packages/airflow/example_dags/example_dynamic_task_mapping.py took 0.099 seconds
[2026-05-18T06:28:36.373+0000] {processor.py:186} INFO - Started process (PID=9726) to work on /home/noelsdavid/airflow_venv/lib/python3.12/site-packages/airflow/example_dags/example_dynamic_task_mapping.py
[2026-05-18T06:28:36.376+0000] {processor.py:914} INFO - Processing file /home/noelsdavid/airflow_venv/lib/python3.12/site-packages/airflow/example_dags/example_dynamic_task_mapping.py for tasks to queue
[2026-05-18T06:28:36.379+0000] {logging_mixin.py:190} INFO - [2026-05-18T06:28:36.378+0000] {dagbag.py:588} INFO - Filling up the DagBag from /home/noelsdavid/airflow_venv/lib/python3.12/site-packages/airflow/example_dags/example_dynamic_task_mapping.py
[2026-05-18T06:28:36.393+0000] {processor.py:925} INFO - DAG(s) 'example_dynamic_task_mapping' retrieved from /home/noelsdavid/airflow_venv/lib/python3.12/site-packages/airflow/example_dags/example_dynamic_task_mapping.py
[2026-05-18T06:28:36.417+0000] {logging_mixin.py:190} INFO - [2026-05-18T06:28:36.416+0000] {dag.py:3239} INFO - Sync 1 DAGs
[2026-05-18T06:28:36.436+0000] {logging_mixin.py:190} INFO - [2026-05-18T06:28:36.436+0000] {dag.py:4180} INFO - Setting next_dagrun for example_dynamic_task_mapping to None, run_after=None
[2026-05-18T06:28:36.471+0000] {processor.py:208} INFO - Processing /home/noelsdavid/airflow_venv/lib/python3.12/site-packages/airflow/example_dags/example_dynamic_task_mapping.py took 0.107 seconds
[2026-05-18T06:29:47.611+0000] {processor.py:186} INFO - Started process (PID=9792) to work on /home/noelsdavid/airflow_venv/lib/python3.12/site-packages/airflow/example_dags/example_dynamic_task_mapping.py
[2026-05-18T06:29:47.614+0000] {processor.py:914} INFO - Processing file /home/noelsdavid/airflow_venv/lib/python3.12/site-packages/airflow/example_dags/example_dynamic_task_mapping.py for tasks to queue
[2026-05-18T06:29:47.616+0000] {logging_mixin.py:190} INFO - [2026-05-18T06:29:47.616+0000] {dagbag.py:588} INFO - Filling up the DagBag from /home/noelsdavid/airflow_venv/lib/python3.12/site-packages/airflow/example_dags/example_dynamic_task_mapping.py
[2026-05-18T06:29:47.630+0000] {processor.py:925} INFO - DAG(s) 'example_dynamic_task_mapping' retrieved from /home/noelsdavid/airflow_venv/lib/python3.12/site-packages/airflow/example_dags/example_dynamic_task_mapping.py
[2026-05-18T06:29:47.652+0000] {logging_mixin.py:190} INFO - [2026-05-18T06:29:47.652+0000] {dag.py:3239} INFO - Sync 1 DAGs
[2026-05-18T06:29:47.670+0000] {logging_mixin.py:190} INFO - [2026-05-18T06:29:47.670+0000] {dag.py:4180} INFO - Setting next_dagrun for example_dynamic_task_mapping to None, run_after=None
[2026-05-18T06:29:47.703+0000] {processor.py:208} INFO - Processing /home/noelsdavid/airflow_venv/lib/python3.12/site-packages/airflow/example_dags/example_dynamic_task_mapping.py took 0.100 seconds
[2026-05-18T06:30:52.163+0000] {processor.py:186} INFO - Started process (PID=9879) to work on /home/noelsdavid/airflow_venv/lib/python3.12/site-packages/airflow/example_dags/example_dynamic_task_mapping.py
[2026-05-18T06:30:52.166+0000] {processor.py:914} INFO - Processing file /home/noelsdavid/airflow_venv/lib/python3.12/site-packages/airflow/example_dags/example_dynamic_task_mapping.py for tasks to queue
[2026-05-18T06:30:52.168+0000] {logging_mixin.py:190} INFO - [2026-05-18T06:30:52.167+0000] {dagbag.py:588} INFO - Filling up the DagBag from /home/noelsdavid/airflow_venv/lib/python3.12/site-packages/airflow/example_dags/example_dynamic_task_mapping.py
[2026-05-18T06:30:52.183+0000] {processor.py:925} INFO - DAG(s) 'example_dynamic_task_mapping' retrieved from /home/noelsdavid/airflow_venv/lib/python3.12/site-packages/airflow/example_dags/example_dynamic_task_mapping.py
[2026-05-18T06:30:52.207+0000] {logging_mixin.py:190} INFO - [2026-05-18T06:30:52.206+0000] {dag.py:3239} INFO - Sync 1 DAGs
[2026-05-18T06:30:52.226+0000] {logging_mixin.py:190} INFO - [2026-05-18T06:30:52.225+0000] {dag.py:4180} INFO - Setting next_dagrun for example_dynamic_task_mapping to None, run_after=None
[2026-05-18T06:30:52.259+0000] {processor.py:208} INFO - Processing /home/noelsdavid/airflow_venv/lib/python3.12/site-packages/airflow/example_dags/example_dynamic_task_mapping.py took 0.104 seconds
[2026-05-18T06:31:56.691+0000] {processor.py:186} INFO - Started process (PID=9942) to work on /home/noelsdavid/airflow_venv/lib/python3.12/site-packages/airflow/example_dags/example_dynamic_task_mapping.py
[2026-05-18T06:31:56.693+0000] {processor.py:914} INFO - Processing file /home/noelsdavid/airflow_venv/lib/python3.12/site-packages/airflow/example_dags/example_dynamic_task_mapping.py for tasks to queue
[2026-05-18T06:31:56.696+0000] {logging_mixin.py:190} INFO - [2026-05-18T06:31:56.695+0000] {dagbag.py:588} INFO - Filling up the DagBag from /home/noelsdavid/airflow_venv/lib/python3.12/site-packages/airflow/example_dags/example_dynamic_task_mapping.py
[2026-05-18T06:31:56.708+0000] {processor.py:925} INFO - DAG(s) 'example_dynamic_task_mapping' retrieved from /home/noelsdavid/airflow_venv/lib/python3.12/site-packages/airflow/example_dags/example_dynamic_task_mapping.py
[2026-05-18T06:31:56.729+0000] {logging_mixin.py:190} INFO - [2026-05-18T06:31:56.729+0000] {dag.py:3239} INFO - Sync 1 DAGs
[2026-05-18T06:31:56.746+0000] {logging_mixin.py:190} INFO - [2026-05-18T06:31:56.746+0000] {dag.py:4180} INFO - Setting next_dagrun for example_dynamic_task_mapping to None, run_after=None
[2026-05-18T06:31:56.773+0000] {processor.py:208} INFO - Processing /home/noelsdavid/airflow_venv/lib/python3.12/site-packages/airflow/example_dags/example_dynamic_task_mapping.py took 0.090 seconds
[2026-05-18T06:32:55.215+0000] {processor.py:186} INFO - Started process (PID=10002) to work on /home/noelsdavid/airflow_venv/lib/python3.12/site-packages/airflow/example_dags/example_dynamic_task_mapping.py
[2026-05-18T06:32:55.217+0000] {processor.py:914} INFO - Processing file /home/noelsdavid/airflow_venv/lib/python3.12/site-packages/airflow/example_dags/example_dynamic_task_mapping.py for tasks to queue
[2026-05-18T06:32:55.219+0000] {logging_mixin.py:190} INFO - [2026-05-18T06:32:55.219+0000] {dagbag.py:588} INFO - Filling up the DagBag from /home/noelsdavid/airflow_venv/lib/python3.12/site-packages/airflow/example_dags/example_dynamic_task_mapping.py
[2026-05-18T06:32:55.232+0000] {processor.py:925} INFO - DAG(s) 'example_dynamic_task_mapping' retrieved from /home/noelsdavid/airflow_venv/lib/python3.12/site-packages/airflow/example_dags/example_dynamic_task_mapping.py
[2026-05-18T06:32:55.254+0000] {logging_mixin.py:190} INFO - [2026-05-18T06:32:55.254+0000] {dag.py:3239} INFO - Sync 1 DAGs
[2026-05-18T06:32:55.271+0000] {logging_mixin.py:190} INFO - [2026-05-18T06:32:55.271+0000] {dag.py:4180} INFO - Setting next_dagrun for example_dynamic_task_mapping to None, run_after=None
[2026-05-18T06:32:55.301+0000] {processor.py:208} INFO - Processing /home/noelsdavid/airflow_venv/lib/python3.12/site-packages/airflow/example_dags/example_dynamic_task_mapping.py took 0.093 seconds
[2026-05-18T06:34:03.170+0000] {processor.py:186} INFO - Started process (PID=10107) to work on /home/noelsdavid/airflow_venv/lib/python3.12/site-packages/airflow/example_dags/example_dynamic_task_mapping.py
[2026-05-18T06:34:03.172+0000] {processor.py:914} INFO - Processing file /home/noelsdavid/airflow_venv/lib/python3.12/site-packages/airflow/example_dags/example_dynamic_task_mapping.py for tasks to queue
[2026-05-18T06:34:03.174+0000] {logging_mixin.py:190} INFO - [2026-05-18T06:34:03.174+0000] {dagbag.py:588} INFO - Filling up the DagBag from /home/noelsdavid/airflow_venv/lib/python3.12/site-packages/airflow/example_dags/example_dynamic_task_mapping.py
[2026-05-18T06:34:03.188+0000] {processor.py:925} INFO - DAG(s) 'example_dynamic_task_mapping' retrieved from /home/noelsdavid/airflow_venv/lib/python3.12/site-packages/airflow/example_dags/example_dynamic_task_mapping.py
[2026-05-18T06:34:03.211+0000] {logging_mixin.py:190} INFO - [2026-05-18T06:34:03.210+0000] {dag.py:3239} INFO - Sync 1 DAGs
[2026-05-18T06:34:03.231+0000] {logging_mixin.py:190} INFO - [2026-05-18T06:34:03.230+0000] {dag.py:4180} INFO - Setting next_dagrun for example_dynamic_task_mapping to None, run_after=None
[2026-05-18T06:34:03.265+0000] {processor.py:208} INFO - Processing /home/noelsdavid/airflow_venv/lib/python3.12/site-packages/airflow/example_dags/example_dynamic_task_mapping.py took 0.103 seconds
[2026-05-18T06:35:05.084+0000] {processor.py:186} INFO - Started process (PID=10260) to work on /home/noelsdavid/airflow_venv/lib/python3.12/site-packages/airflow/example_dags/example_dynamic_task_mapping.py
[2026-05-18T06:35:05.094+0000] {processor.py:914} INFO - Processing file /home/noelsdavid/airflow_venv/lib/python3.12/site-packages/airflow/example_dags/example_dynamic_task_mapping.py for tasks to queue
[2026-05-18T06:35:05.096+0000] {logging_mixin.py:190} INFO - [2026-05-18T06:35:05.095+0000] {dagbag.py:588} INFO - Filling up the DagBag from /home/noelsdavid/airflow_venv/lib/python3.12/site-packages/airflow/example_dags/example_dynamic_task_mapping.py
[2026-05-18T06:35:05.109+0000] {processor.py:925} INFO - DAG(s) 'example_dynamic_task_mapping' retrieved from /home/noelsdavid/airflow_venv/lib/python3.12/site-packages/airflow/example_dags/example_dynamic_task_mapping.py
[2026-05-18T06:35:05.130+0000] {logging_mixin.py:190} INFO - [2026-05-18T06:35:05.129+0000] {dag.py:3239} INFO - Sync 1 DAGs
[2026-05-18T06:35:05.147+0000] {logging_mixin.py:190} INFO - [2026-05-18T06:35:05.147+0000] {dag.py:4180} INFO - Setting next_dagrun for example_dynamic_task_mapping to None, run_after=None
[2026-05-18T06:35:05.183+0000] {processor.py:208} INFO - Processing /home/noelsdavid/airflow_venv/lib/python3.12/site-packages/airflow/example_dags/example_dynamic_task_mapping.py took 0.108 seconds
[2026-05-18T06:36:11.726+0000] {processor.py:186} INFO - Started process (PID=10472) to work on /home/noelsdavid/airflow_venv/lib/python3.12/site-packages/airflow/example_dags/example_dynamic_task_mapping.py
[2026-05-18T06:36:11.763+0000] {processor.py:914} INFO - Processing file /home/noelsdavid/airflow_venv/lib/python3.12/site-packages/airflow/example_dags/example_dynamic_task_mapping.py for tasks to queue
[2026-05-18T06:36:11.765+0000] {logging_mixin.py:190} INFO - [2026-05-18T06:36:11.764+0000] {dagbag.py:588} INFO - Filling up the DagBag from /home/noelsdavid/airflow_venv/lib/python3.12/site-packages/airflow/example_dags/example_dynamic_task_mapping.py
[2026-05-18T06:36:11.777+0000] {processor.py:925} INFO - DAG(s) 'example_dynamic_task_mapping' retrieved from /home/noelsdavid/airflow_venv/lib/python3.12/site-packages/airflow/example_dags/example_dynamic_task_mapping.py
[2026-05-18T06:36:11.798+0000] {logging_mixin.py:190} INFO - [2026-05-18T06:36:11.798+0000] {dag.py:3239} INFO - Sync 1 DAGs
[2026-05-18T06:36:11.814+0000] {logging_mixin.py:190} INFO - [2026-05-18T06:36:11.814+0000] {dag.py:4180} INFO - Setting next_dagrun for example_dynamic_task_mapping to None, run_after=None
[2026-05-18T06:36:11.842+0000] {processor.py:208} INFO - Processing /home/noelsdavid/airflow_venv/lib/python3.12/site-packages/airflow/example_dags/example_dynamic_task_mapping.py took 0.128 seconds
[2026-05-18T06:37:11.924+0000] {processor.py:186} INFO - Started process (PID=10757) to work on /home/noelsdavid/airflow_venv/lib/python3.12/site-packages/airflow/example_dags/example_dynamic_task_mapping.py
[2026-05-18T06:37:11.930+0000] {processor.py:914} INFO - Processing file /home/noelsdavid/airflow_venv/lib/python3.12/site-packages/airflow/example_dags/example_dynamic_task_mapping.py for tasks to queue
[2026-05-18T06:37:11.939+0000] {logging_mixin.py:190} INFO - [2026-05-18T06:37:11.938+0000] {dagbag.py:588} INFO - Filling up the DagBag from /home/noelsdavid/airflow_venv/lib/python3.12/site-packages/airflow/example_dags/example_dynamic_task_mapping.py
[2026-05-18T06:37:11.976+0000] {processor.py:925} INFO - DAG(s) 'example_dynamic_task_mapping' retrieved from /home/noelsdavid/airflow_venv/lib/python3.12/site-packages/airflow/example_dags/example_dynamic_task_mapping.py
[2026-05-18T06:37:12.033+0000] {logging_mixin.py:190} INFO - [2026-05-18T06:37:12.033+0000] {dag.py:3239} INFO - Sync 1 DAGs
[2026-05-18T06:37:12.081+0000] {logging_mixin.py:190} INFO - [2026-05-18T06:37:12.081+0000] {dag.py:4180} INFO - Setting next_dagrun for example_dynamic_task_mapping to None, run_after=None
[2026-05-18T06:37:12.169+0000] {processor.py:208} INFO - Processing /home/noelsdavid/airflow_venv/lib/python3.12/site-packages/airflow/example_dags/example_dynamic_task_mapping.py took 0.295 seconds
[2026-05-18T06:38:20.321+0000] {processor.py:186} INFO - Started process (PID=11012) to work on /home/noelsdavid/airflow_venv/lib/python3.12/site-packages/airflow/example_dags/example_dynamic_task_mapping.py
[2026-05-18T06:38:20.323+0000] {processor.py:914} INFO - Processing file /home/noelsdavid/airflow_venv/lib/python3.12/site-packages/airflow/example_dags/example_dynamic_task_mapping.py for tasks to queue
[2026-05-18T06:38:20.325+0000] {logging_mixin.py:190} INFO - [2026-05-18T06:38:20.324+0000] {dagbag.py:588} INFO - Filling up the DagBag from /home/noelsdavid/airflow_venv/lib/python3.12/site-packages/airflow/example_dags/example_dynamic_task_mapping.py
[2026-05-18T06:38:20.338+0000] {processor.py:925} INFO - DAG(s) 'example_dynamic_task_mapping' retrieved from /home/noelsdavid/airflow_venv/lib/python3.12/site-packages/airflow/example_dags/example_dynamic_task_mapping.py
[2026-05-18T06:38:20.358+0000] {logging_mixin.py:190} INFO - [2026-05-18T06:38:20.358+0000] {dag.py:3239} INFO - Sync 1 DAGs
[2026-05-18T06:38:20.374+0000] {logging_mixin.py:190} INFO - [2026-05-18T06:38:20.374+0000] {dag.py:4180} INFO - Setting next_dagrun for example_dynamic_task_mapping to None, run_after=None
[2026-05-18T06:38:20.402+0000] {processor.py:208} INFO - Processing /home/noelsdavid/airflow_venv/lib/python3.12/site-packages/airflow/example_dags/example_dynamic_task_mapping.py took 0.090 seconds
[2026-05-18T06:39:22.984+0000] {processor.py:186} INFO - Started process (PID=11279) to work on /home/noelsdavid/airflow_venv/lib/python3.12/site-packages/airflow/example_dags/example_dynamic_task_mapping.py
[2026-05-18T06:39:22.986+0000] {processor.py:914} INFO - Processing file /home/noelsdavid/airflow_venv/lib/python3.12/site-packages/airflow/example_dags/example_dynamic_task_mapping.py for tasks to queue
[2026-05-18T06:39:22.988+0000] {logging_mixin.py:190} INFO - [2026-05-18T06:39:22.988+0000] {dagbag.py:588} INFO - Filling up the DagBag from /home/noelsdavid/airflow_venv/lib/python3.12/site-packages/airflow/example_dags/example_dynamic_task_mapping.py
[2026-05-18T06:39:23.002+0000] {processor.py:925} INFO - DAG(s) 'example_dynamic_task_mapping' retrieved from /home/noelsdavid/airflow_venv/lib/python3.12/site-packages/airflow/example_dags/example_dynamic_task_mapping.py
[2026-05-18T06:39:23.024+0000] {logging_mixin.py:190} INFO - [2026-05-18T06:39:23.024+0000] {dag.py:3239} INFO - Sync 1 DAGs
[2026-05-18T06:39:23.042+0000] {logging_mixin.py:190} INFO - [2026-05-18T06:39:23.041+0000] {dag.py:4180} INFO - Setting next_dagrun for example_dynamic_task_mapping to None, run_after=None
[2026-05-18T06:39:23.075+0000] {processor.py:208} INFO - Processing /home/noelsdavid/airflow_venv/lib/python3.12/site-packages/airflow/example_dags/example_dynamic_task_mapping.py took 0.099 seconds
[2026-05-18T06:40:32.168+0000] {processor.py:186} INFO - Started process (PID=11558) to work on /home/noelsdavid/airflow_venv/lib/python3.12/site-packages/airflow/example_dags/example_dynamic_task_mapping.py
[2026-05-18T06:40:32.178+0000] {processor.py:914} INFO - Processing file /home/noelsdavid/airflow_venv/lib/python3.12/site-packages/airflow/example_dags/example_dynamic_task_mapping.py for tasks to queue
[2026-05-18T06:40:32.180+0000] {logging_mixin.py:190} INFO - [2026-05-18T06:40:32.180+0000] {dagbag.py:588} INFO - Filling up the DagBag from /home/noelsdavid/airflow_venv/lib/python3.12/site-packages/airflow/example_dags/example_dynamic_task_mapping.py
[2026-05-18T06:40:32.193+0000] {processor.py:925} INFO - DAG(s) 'example_dynamic_task_mapping' retrieved from /home/noelsdavid/airflow_venv/lib/python3.12/site-packages/airflow/example_dags/example_dynamic_task_mapping.py
[2026-05-18T06:40:32.215+0000] {logging_mixin.py:190} INFO - [2026-05-18T06:40:32.214+0000] {dag.py:3239} INFO - Sync 1 DAGs
[2026-05-18T06:40:32.234+0000] {logging_mixin.py:190} INFO - [2026-05-18T06:40:32.234+0000] {dag.py:4180} INFO - Setting next_dagrun for example_dynamic_task_mapping to None, run_after=None
[2026-05-18T06:40:32.270+0000] {processor.py:208} INFO - Processing /home/noelsdavid/airflow_venv/lib/python3.12/site-packages/airflow/example_dags/example_dynamic_task_mapping.py took 0.110 seconds
[2026-05-18T06:41:45.046+0000] {processor.py:186} INFO - Started process (PID=12215) to work on /home/noelsdavid/airflow_venv/lib/python3.12/site-packages/airflow/example_dags/example_dynamic_task_mapping.py
[2026-05-18T06:41:45.049+0000] {processor.py:914} INFO - Processing file /home/noelsdavid/airflow_venv/lib/python3.12/site-packages/airflow/example_dags/example_dynamic_task_mapping.py for tasks to queue
[2026-05-18T06:41:45.052+0000] {logging_mixin.py:190} INFO - [2026-05-18T06:41:45.051+0000] {dagbag.py:588} INFO - Filling up the DagBag from /home/noelsdavid/airflow_venv/lib/python3.12/site-packages/airflow/example_dags/example_dynamic_task_mapping.py
[2026-05-18T06:41:45.071+0000] {processor.py:925} INFO - DAG(s) 'example_dynamic_task_mapping' retrieved from /home/noelsdavid/airflow_venv/lib/python3.12/site-packages/airflow/example_dags/example_dynamic_task_mapping.py
[2026-05-18T06:41:45.099+0000] {logging_mixin.py:190} INFO - [2026-05-18T06:41:45.098+0000] {dag.py:3239} INFO - Sync 1 DAGs
[2026-05-18T06:41:45.119+0000] {logging_mixin.py:190} INFO - [2026-05-18T06:41:45.118+0000] {dag.py:4180} INFO - Setting next_dagrun for example_dynamic_task_mapping to None, run_after=None
[2026-05-18T06:41:45.160+0000] {processor.py:208} INFO - Processing /home/noelsdavid/airflow_venv/lib/python3.12/site-packages/airflow/example_dags/example_dynamic_task_mapping.py took 0.126 seconds
[2026-05-18T06:42:59.265+0000] {processor.py:186} INFO - Started process (PID=12589) to work on /home/noelsdavid/airflow_venv/lib/python3.12/site-packages/airflow/example_dags/example_dynamic_task_mapping.py
[2026-05-18T06:42:59.273+0000] {processor.py:914} INFO - Processing file /home/noelsdavid/airflow_venv/lib/python3.12/site-packages/airflow/example_dags/example_dynamic_task_mapping.py for tasks to queue
[2026-05-18T06:42:59.280+0000] {logging_mixin.py:190} INFO - [2026-05-18T06:42:59.279+0000] {dagbag.py:588} INFO - Filling up the DagBag from /home/noelsdavid/airflow_venv/lib/python3.12/site-packages/airflow/example_dags/example_dynamic_task_mapping.py
[2026-05-18T06:42:59.377+0000] {processor.py:925} INFO - DAG(s) 'example_dynamic_task_mapping' retrieved from /home/noelsdavid/airflow_venv/lib/python3.12/site-packages/airflow/example_dags/example_dynamic_task_mapping.py
[2026-05-18T06:42:59.455+0000] {logging_mixin.py:190} INFO - [2026-05-18T06:42:59.455+0000] {dag.py:3239} INFO - Sync 1 DAGs
[2026-05-18T06:42:59.497+0000] {logging_mixin.py:190} INFO - [2026-05-18T06:42:59.497+0000] {dag.py:4180} INFO - Setting next_dagrun for example_dynamic_task_mapping to None, run_after=None
[2026-05-18T06:42:59.546+0000] {processor.py:208} INFO - Processing /home/noelsdavid/airflow_venv/lib/python3.12/site-packages/airflow/example_dags/example_dynamic_task_mapping.py took 0.326 seconds
[2026-05-18T06:44:36.998+0000] {processor.py:186} INFO - Started process (PID=13052) to work on /home/noelsdavid/airflow_venv/lib/python3.12/site-packages/airflow/example_dags/example_dynamic_task_mapping.py
[2026-05-18T06:44:37.001+0000] {processor.py:914} INFO - Processing file /home/noelsdavid/airflow_venv/lib/python3.12/site-packages/airflow/example_dags/example_dynamic_task_mapping.py for tasks to queue
[2026-05-18T06:44:37.005+0000] {logging_mixin.py:190} INFO - [2026-05-18T06:44:37.004+0000] {dagbag.py:588} INFO - Filling up the DagBag from /home/noelsdavid/airflow_venv/lib/python3.12/site-packages/airflow/example_dags/example_dynamic_task_mapping.py
[2026-05-18T06:44:37.023+0000] {processor.py:925} INFO - DAG(s) 'example_dynamic_task_mapping' retrieved from /home/noelsdavid/airflow_venv/lib/python3.12/site-packages/airflow/example_dags/example_dynamic_task_mapping.py
[2026-05-18T06:44:37.047+0000] {logging_mixin.py:190} INFO - [2026-05-18T06:44:37.047+0000] {dag.py:3239} INFO - Sync 1 DAGs
[2026-05-18T06:44:37.068+0000] {logging_mixin.py:190} INFO - [2026-05-18T06:44:37.068+0000] {dag.py:4180} INFO - Setting next_dagrun for example_dynamic_task_mapping to None, run_after=None
[2026-05-18T06:44:37.107+0000] {processor.py:208} INFO - Processing /home/noelsdavid/airflow_venv/lib/python3.12/site-packages/airflow/example_dags/example_dynamic_task_mapping.py took 0.118 seconds
[2026-05-18T06:45:49.383+0000] {processor.py:186} INFO - Started process (PID=13154) to work on /home/noelsdavid/airflow_venv/lib/python3.12/site-packages/airflow/example_dags/example_dynamic_task_mapping.py
[2026-05-18T06:45:49.385+0000] {processor.py:914} INFO - Processing file /home/noelsdavid/airflow_venv/lib/python3.12/site-packages/airflow/example_dags/example_dynamic_task_mapping.py for tasks to queue
[2026-05-18T06:45:49.387+0000] {logging_mixin.py:190} INFO - [2026-05-18T06:45:49.387+0000] {dagbag.py:588} INFO - Filling up the DagBag from /home/noelsdavid/airflow_venv/lib/python3.12/site-packages/airflow/example_dags/example_dynamic_task_mapping.py
[2026-05-18T06:45:49.400+0000] {processor.py:925} INFO - DAG(s) 'example_dynamic_task_mapping' retrieved from /home/noelsdavid/airflow_venv/lib/python3.12/site-packages/airflow/example_dags/example_dynamic_task_mapping.py
[2026-05-18T06:45:49.422+0000] {logging_mixin.py:190} INFO - [2026-05-18T06:45:49.421+0000] {dag.py:3239} INFO - Sync 1 DAGs
[2026-05-18T06:45:49.440+0000] {logging_mixin.py:190} INFO - [2026-05-18T06:45:49.440+0000] {dag.py:4180} INFO - Setting next_dagrun for example_dynamic_task_mapping to None, run_after=None
[2026-05-18T06:45:49.470+0000] {processor.py:208} INFO - Processing /home/noelsdavid/airflow_venv/lib/python3.12/site-packages/airflow/example_dags/example_dynamic_task_mapping.py took 0.096 seconds
[2026-05-18T06:46:58.855+0000] {processor.py:186} INFO - Started process (PID=13231) to work on /home/noelsdavid/airflow_venv/lib/python3.12/site-packages/airflow/example_dags/example_dynamic_task_mapping.py
[2026-05-18T06:46:58.857+0000] {processor.py:914} INFO - Processing file /home/noelsdavid/airflow_venv/lib/python3.12/site-packages/airflow/example_dags/example_dynamic_task_mapping.py for tasks to queue
[2026-05-18T06:46:58.860+0000] {logging_mixin.py:190} INFO - [2026-05-18T06:46:58.859+0000] {dagbag.py:588} INFO - Filling up the DagBag from /home/noelsdavid/airflow_venv/lib/python3.12/site-packages/airflow/example_dags/example_dynamic_task_mapping.py
[2026-05-18T06:46:58.875+0000] {processor.py:925} INFO - DAG(s) 'example_dynamic_task_mapping' retrieved from /home/noelsdavid/airflow_venv/lib/python3.12/site-packages/airflow/example_dags/example_dynamic_task_mapping.py
[2026-05-18T06:46:58.899+0000] {logging_mixin.py:190} INFO - [2026-05-18T06:46:58.899+0000] {dag.py:3239} INFO - Sync 1 DAGs
[2026-05-18T06:46:58.916+0000] {logging_mixin.py:190} INFO - [2026-05-18T06:46:58.916+0000] {dag.py:4180} INFO - Setting next_dagrun for example_dynamic_task_mapping to None, run_after=None
[2026-05-18T06:46:58.946+0000] {processor.py:208} INFO - Processing /home/noelsdavid/airflow_venv/lib/python3.12/site-packages/airflow/example_dags/example_dynamic_task_mapping.py took 0.100 seconds
[2026-05-18T06:48:03.448+0000] {processor.py:186} INFO - Started process (PID=13301) to work on /home/noelsdavid/airflow_venv/lib/python3.12/site-packages/airflow/example_dags/example_dynamic_task_mapping.py
[2026-05-18T06:48:03.450+0000] {processor.py:914} INFO - Processing file /home/noelsdavid/airflow_venv/lib/python3.12/site-packages/airflow/example_dags/example_dynamic_task_mapping.py for tasks to queue
[2026-05-18T06:48:03.452+0000] {logging_mixin.py:190} INFO - [2026-05-18T06:48:03.451+0000] {dagbag.py:588} INFO - Filling up the DagBag from /home/noelsdavid/airflow_venv/lib/python3.12/site-packages/airflow/example_dags/example_dynamic_task_mapping.py
[2026-05-18T06:48:03.466+0000] {processor.py:925} INFO - DAG(s) 'example_dynamic_task_mapping' retrieved from /home/noelsdavid/airflow_venv/lib/python3.12/site-packages/airflow/example_dags/example_dynamic_task_mapping.py
[2026-05-18T06:48:03.488+0000] {logging_mixin.py:190} INFO - [2026-05-18T06:48:03.488+0000] {dag.py:3239} INFO - Sync 1 DAGs
[2026-05-18T06:48:03.506+0000] {logging_mixin.py:190} INFO - [2026-05-18T06:48:03.506+0000] {dag.py:4180} INFO - Setting next_dagrun for example_dynamic_task_mapping to None, run_after=None
[2026-05-18T06:48:03.539+0000] {processor.py:208} INFO - Processing /home/noelsdavid/airflow_venv/lib/python3.12/site-packages/airflow/example_dags/example_dynamic_task_mapping.py took 0.102 seconds
[2026-05-18T06:49:10.049+0000] {processor.py:186} INFO - Started process (PID=13377) to work on /home/noelsdavid/airflow_venv/lib/python3.12/site-packages/airflow/example_dags/example_dynamic_task_mapping.py
[2026-05-18T06:49:10.051+0000] {processor.py:914} INFO - Processing file /home/noelsdavid/airflow_venv/lib/python3.12/site-packages/airflow/example_dags/example_dynamic_task_mapping.py for tasks to queue
[2026-05-18T06:49:10.053+0000] {logging_mixin.py:190} INFO - [2026-05-18T06:49:10.053+0000] {dagbag.py:588} INFO - Filling up the DagBag from /home/noelsdavid/airflow_venv/lib/python3.12/site-packages/airflow/example_dags/example_dynamic_task_mapping.py
[2026-05-18T06:49:10.066+0000] {processor.py:925} INFO - DAG(s) 'example_dynamic_task_mapping' retrieved from /home/noelsdavid/airflow_venv/lib/python3.12/site-packages/airflow/example_dags/example_dynamic_task_mapping.py
[2026-05-18T06:49:10.087+0000] {logging_mixin.py:190} INFO - [2026-05-18T06:49:10.087+0000] {dag.py:3239} INFO - Sync 1 DAGs
[2026-05-18T06:49:10.103+0000] {logging_mixin.py:190} INFO - [2026-05-18T06:49:10.103+0000] {dag.py:4180} INFO - Setting next_dagrun for example_dynamic_task_mapping to None, run_after=None
[2026-05-18T06:49:10.133+0000] {processor.py:208} INFO - Processing /home/noelsdavid/airflow_venv/lib/python3.12/site-packages/airflow/example_dags/example_dynamic_task_mapping.py took 0.094 seconds
[2026-05-18T06:50:17.544+0000] {processor.py:186} INFO - Started process (PID=13905) to work on /home/noelsdavid/airflow_venv/lib/python3.12/site-packages/airflow/example_dags/example_dynamic_task_mapping.py
[2026-05-18T06:50:17.546+0000] {processor.py:914} INFO - Processing file /home/noelsdavid/airflow_venv/lib/python3.12/site-packages/airflow/example_dags/example_dynamic_task_mapping.py for tasks to queue
[2026-05-18T06:50:17.548+0000] {logging_mixin.py:190} INFO - [2026-05-18T06:50:17.547+0000] {dagbag.py:588} INFO - Filling up the DagBag from /home/noelsdavid/airflow_venv/lib/python3.12/site-packages/airflow/example_dags/example_dynamic_task_mapping.py
[2026-05-18T06:50:17.563+0000] {processor.py:925} INFO - DAG(s) 'example_dynamic_task_mapping' retrieved from /home/noelsdavid/airflow_venv/lib/python3.12/site-packages/airflow/example_dags/example_dynamic_task_mapping.py
[2026-05-18T06:50:17.587+0000] {logging_mixin.py:190} INFO - [2026-05-18T06:50:17.587+0000] {dag.py:3239} INFO - Sync 1 DAGs
[2026-05-18T06:50:17.605+0000] {logging_mixin.py:190} INFO - [2026-05-18T06:50:17.604+0000] {dag.py:4180} INFO - Setting next_dagrun for example_dynamic_task_mapping to None, run_after=None
[2026-05-18T06:50:17.639+0000] {processor.py:208} INFO - Processing /home/noelsdavid/airflow_venv/lib/python3.12/site-packages/airflow/example_dags/example_dynamic_task_mapping.py took 0.105 seconds
[2026-05-18T06:51:28.385+0000] {processor.py:186} INFO - Started process (PID=14243) to work on /home/noelsdavid/airflow_venv/lib/python3.12/site-packages/airflow/example_dags/example_dynamic_task_mapping.py
[2026-05-18T06:51:28.387+0000] {processor.py:914} INFO - Processing file /home/noelsdavid/airflow_venv/lib/python3.12/site-packages/airflow/example_dags/example_dynamic_task_mapping.py for tasks to queue
[2026-05-18T06:51:28.390+0000] {logging_mixin.py:190} INFO - [2026-05-18T06:51:28.389+0000] {dagbag.py:588} INFO - Filling up the DagBag from /home/noelsdavid/airflow_venv/lib/python3.12/site-packages/airflow/example_dags/example_dynamic_task_mapping.py
[2026-05-18T06:51:28.402+0000] {processor.py:925} INFO - DAG(s) 'example_dynamic_task_mapping' retrieved from /home/noelsdavid/airflow_venv/lib/python3.12/site-packages/airflow/example_dags/example_dynamic_task_mapping.py
[2026-05-18T06:51:28.430+0000] {logging_mixin.py:190} INFO - [2026-05-18T06:51:28.430+0000] {dag.py:3239} INFO - Sync 1 DAGs
[2026-05-18T06:51:28.449+0000] {logging_mixin.py:190} INFO - [2026-05-18T06:51:28.449+0000] {dag.py:4180} INFO - Setting next_dagrun for example_dynamic_task_mapping to None, run_after=None
[2026-05-18T06:51:28.482+0000] {processor.py:208} INFO - Processing /home/noelsdavid/airflow_venv/lib/python3.12/site-packages/airflow/example_dags/example_dynamic_task_mapping.py took 0.107 seconds
[2026-05-18T06:52:37.626+0000] {processor.py:186} INFO - Started process (PID=14463) to work on /home/noelsdavid/airflow_venv/lib/python3.12/site-packages/airflow/example_dags/example_dynamic_task_mapping.py
[2026-05-18T06:52:37.629+0000] {processor.py:914} INFO - Processing file /home/noelsdavid/airflow_venv/lib/python3.12/site-packages/airflow/example_dags/example_dynamic_task_mapping.py for tasks to queue
[2026-05-18T06:52:37.631+0000] {logging_mixin.py:190} INFO - [2026-05-18T06:52:37.631+0000] {dagbag.py:588} INFO - Filling up the DagBag from /home/noelsdavid/airflow_venv/lib/python3.12/site-packages/airflow/example_dags/example_dynamic_task_mapping.py
[2026-05-18T06:52:37.645+0000] {processor.py:925} INFO - DAG(s) 'example_dynamic_task_mapping' retrieved from /home/noelsdavid/airflow_venv/lib/python3.12/site-packages/airflow/example_dags/example_dynamic_task_mapping.py
[2026-05-18T06:52:37.666+0000] {logging_mixin.py:190} INFO - [2026-05-18T06:52:37.666+0000] {dag.py:3239} INFO - Sync 1 DAGs
[2026-05-18T06:52:37.684+0000] {logging_mixin.py:190} INFO - [2026-05-18T06:52:37.684+0000] {dag.py:4180} INFO - Setting next_dagrun for example_dynamic_task_mapping to None, run_after=None
[2026-05-18T06:52:37.716+0000] {processor.py:208} INFO - Processing /home/noelsdavid/airflow_venv/lib/python3.12/site-packages/airflow/example_dags/example_dynamic_task_mapping.py took 0.100 seconds
[2026-05-18T06:53:52.009+0000] {processor.py:186} INFO - Started process (PID=14818) to work on /home/noelsdavid/airflow_venv/lib/python3.12/site-packages/airflow/example_dags/example_dynamic_task_mapping.py
[2026-05-18T06:53:52.011+0000] {processor.py:914} INFO - Processing file /home/noelsdavid/airflow_venv/lib/python3.12/site-packages/airflow/example_dags/example_dynamic_task_mapping.py for tasks to queue
[2026-05-18T06:53:52.013+0000] {logging_mixin.py:190} INFO - [2026-05-18T06:53:52.012+0000] {dagbag.py:588} INFO - Filling up the DagBag from /home/noelsdavid/airflow_venv/lib/python3.12/site-packages/airflow/example_dags/example_dynamic_task_mapping.py
[2026-05-18T06:53:52.026+0000] {processor.py:925} INFO - DAG(s) 'example_dynamic_task_mapping' retrieved from /home/noelsdavid/airflow_venv/lib/python3.12/site-packages/airflow/example_dags/example_dynamic_task_mapping.py
[2026-05-18T06:53:52.047+0000] {logging_mixin.py:190} INFO - [2026-05-18T06:53:52.046+0000] {dag.py:3239} INFO - Sync 1 DAGs
[2026-05-18T06:53:52.065+0000] {logging_mixin.py:190} INFO - [2026-05-18T06:53:52.064+0000] {dag.py:4180} INFO - Setting next_dagrun for example_dynamic_task_mapping to None, run_after=None
[2026-05-18T06:53:52.095+0000] {processor.py:208} INFO - Processing /home/noelsdavid/airflow_venv/lib/python3.12/site-packages/airflow/example_dags/example_dynamic_task_mapping.py took 0.097 seconds
[2026-05-18T06:55:02.838+0000] {processor.py:186} INFO - Started process (PID=15027) to work on /home/noelsdavid/airflow_venv/lib/python3.12/site-packages/airflow/example_dags/example_dynamic_task_mapping.py
[2026-05-18T06:55:02.841+0000] {processor.py:914} INFO - Processing file /home/noelsdavid/airflow_venv/lib/python3.12/site-packages/airflow/example_dags/example_dynamic_task_mapping.py for tasks to queue
[2026-05-18T06:55:02.843+0000] {logging_mixin.py:190} INFO - [2026-05-18T06:55:02.842+0000] {dagbag.py:588} INFO - Filling up the DagBag from /home/noelsdavid/airflow_venv/lib/python3.12/site-packages/airflow/example_dags/example_dynamic_task_mapping.py
[2026-05-18T06:55:02.855+0000] {processor.py:925} INFO - DAG(s) 'example_dynamic_task_mapping' retrieved from /home/noelsdavid/airflow_venv/lib/python3.12/site-packages/airflow/example_dags/example_dynamic_task_mapping.py
[2026-05-18T06:55:02.878+0000] {logging_mixin.py:190} INFO - [2026-05-18T06:55:02.877+0000] {dag.py:3239} INFO - Sync 1 DAGs
[2026-05-18T06:55:02.896+0000] {logging_mixin.py:190} INFO - [2026-05-18T06:55:02.896+0000] {dag.py:4180} INFO - Setting next_dagrun for example_dynamic_task_mapping to None, run_after=None
[2026-05-18T06:55:02.931+0000] {processor.py:208} INFO - Processing /home/noelsdavid/airflow_venv/lib/python3.12/site-packages/airflow/example_dags/example_dynamic_task_mapping.py took 0.102 seconds
[2026-05-18T06:56:22.470+0000] {processor.py:186} INFO - Started process (PID=15381) to work on /home/noelsdavid/airflow_venv/lib/python3.12/site-packages/airflow/example_dags/example_dynamic_task_mapping.py
[2026-05-18T06:56:22.472+0000] {processor.py:914} INFO - Processing file /home/noelsdavid/airflow_venv/lib/python3.12/site-packages/airflow/example_dags/example_dynamic_task_mapping.py for tasks to queue
[2026-05-18T06:56:22.474+0000] {logging_mixin.py:190} INFO - [2026-05-18T06:56:22.474+0000] {dagbag.py:588} INFO - Filling up the DagBag from /home/noelsdavid/airflow_venv/lib/python3.12/site-packages/airflow/example_dags/example_dynamic_task_mapping.py
[2026-05-18T06:56:22.488+0000] {processor.py:925} INFO - DAG(s) 'example_dynamic_task_mapping' retrieved from /home/noelsdavid/airflow_venv/lib/python3.12/site-packages/airflow/example_dags/example_dynamic_task_mapping.py
[2026-05-18T06:56:22.512+0000] {logging_mixin.py:190} INFO - [2026-05-18T06:56:22.512+0000] {dag.py:3239} INFO - Sync 1 DAGs
[2026-05-18T06:56:22.529+0000] {logging_mixin.py:190} INFO - [2026-05-18T06:56:22.528+0000] {dag.py:4180} INFO - Setting next_dagrun for example_dynamic_task_mapping to None, run_after=None
[2026-05-18T06:56:22.559+0000] {processor.py:208} INFO - Processing /home/noelsdavid/airflow_venv/lib/python3.12/site-packages/airflow/example_dags/example_dynamic_task_mapping.py took 0.099 seconds
[2026-05-18T06:57:39.903+0000] {processor.py:186} INFO - Started process (PID=15481) to work on /home/noelsdavid/airflow_venv/lib/python3.12/site-packages/airflow/example_dags/example_dynamic_task_mapping.py
[2026-05-18T06:57:39.939+0000] {processor.py:914} INFO - Processing file /home/noelsdavid/airflow_venv/lib/python3.12/site-packages/airflow/example_dags/example_dynamic_task_mapping.py for tasks to queue
[2026-05-18T06:57:39.943+0000] {logging_mixin.py:190} INFO - [2026-05-18T06:57:39.942+0000] {dagbag.py:588} INFO - Filling up the DagBag from /home/noelsdavid/airflow_venv/lib/python3.12/site-packages/airflow/example_dags/example_dynamic_task_mapping.py
[2026-05-18T06:57:39.971+0000] {processor.py:925} INFO - DAG(s) 'example_dynamic_task_mapping' retrieved from /home/noelsdavid/airflow_venv/lib/python3.12/site-packages/airflow/example_dags/example_dynamic_task_mapping.py
[2026-05-18T06:57:40.020+0000] {logging_mixin.py:190} INFO - [2026-05-18T06:57:40.020+0000] {dag.py:3239} INFO - Sync 1 DAGs
[2026-05-18T06:57:40.051+0000] {logging_mixin.py:190} INFO - [2026-05-18T06:57:40.050+0000] {dag.py:4180} INFO - Setting next_dagrun for example_dynamic_task_mapping to None, run_after=None
[2026-05-18T06:57:40.093+0000] {processor.py:208} INFO - Processing /home/noelsdavid/airflow_venv/lib/python3.12/site-packages/airflow/example_dags/example_dynamic_task_mapping.py took 0.210 seconds
[2026-05-18T06:58:53.839+0000] {processor.py:186} INFO - Started process (PID=15799) to work on /home/noelsdavid/airflow_venv/lib/python3.12/site-packages/airflow/example_dags/example_dynamic_task_mapping.py
[2026-05-18T06:58:53.862+0000] {processor.py:914} INFO - Processing file /home/noelsdavid/airflow_venv/lib/python3.12/site-packages/airflow/example_dags/example_dynamic_task_mapping.py for tasks to queue
[2026-05-18T06:58:53.865+0000] {logging_mixin.py:190} INFO - [2026-05-18T06:58:53.864+0000] {dagbag.py:588} INFO - Filling up the DagBag from /home/noelsdavid/airflow_venv/lib/python3.12/site-packages/airflow/example_dags/example_dynamic_task_mapping.py
[2026-05-18T06:58:53.885+0000] {processor.py:925} INFO - DAG(s) 'example_dynamic_task_mapping' retrieved from /home/noelsdavid/airflow_venv/lib/python3.12/site-packages/airflow/example_dags/example_dynamic_task_mapping.py
[2026-05-18T06:58:53.910+0000] {logging_mixin.py:190} INFO - [2026-05-18T06:58:53.910+0000] {dag.py:3239} INFO - Sync 1 DAGs
[2026-05-18T06:58:53.930+0000] {logging_mixin.py:190} INFO - [2026-05-18T06:58:53.930+0000] {dag.py:4180} INFO - Setting next_dagrun for example_dynamic_task_mapping to None, run_after=None
[2026-05-18T06:58:53.972+0000] {processor.py:208} INFO - Processing /home/noelsdavid/airflow_venv/lib/python3.12/site-packages/airflow/example_dags/example_dynamic_task_mapping.py took 0.144 seconds
[2026-05-18T07:00:15.548+0000] {processor.py:186} INFO - Started process (PID=16033) to work on /home/noelsdavid/airflow_venv/lib/python3.12/site-packages/airflow/example_dags/example_dynamic_task_mapping.py
[2026-05-18T07:00:15.551+0000] {processor.py:914} INFO - Processing file /home/noelsdavid/airflow_venv/lib/python3.12/site-packages/airflow/example_dags/example_dynamic_task_mapping.py for tasks to queue
[2026-05-18T07:00:15.553+0000] {logging_mixin.py:190} INFO - [2026-05-18T07:00:15.552+0000] {dagbag.py:588} INFO - Filling up the DagBag from /home/noelsdavid/airflow_venv/lib/python3.12/site-packages/airflow/example_dags/example_dynamic_task_mapping.py
[2026-05-18T07:00:15.569+0000] {processor.py:925} INFO - DAG(s) 'example_dynamic_task_mapping' retrieved from /home/noelsdavid/airflow_venv/lib/python3.12/site-packages/airflow/example_dags/example_dynamic_task_mapping.py
[2026-05-18T07:00:15.595+0000] {logging_mixin.py:190} INFO - [2026-05-18T07:00:15.595+0000] {dag.py:3239} INFO - Sync 1 DAGs
[2026-05-18T07:00:15.625+0000] {logging_mixin.py:190} INFO - [2026-05-18T07:00:15.624+0000] {dag.py:4180} INFO - Setting next_dagrun for example_dynamic_task_mapping to None, run_after=None
[2026-05-18T07:00:15.673+0000] {processor.py:208} INFO - Processing /home/noelsdavid/airflow_venv/lib/python3.12/site-packages/airflow/example_dags/example_dynamic_task_mapping.py took 0.138 seconds
[2026-05-18T07:01:31.431+0000] {processor.py:186} INFO - Started process (PID=16417) to work on /home/noelsdavid/airflow_venv/lib/python3.12/site-packages/airflow/example_dags/example_dynamic_task_mapping.py
[2026-05-18T07:01:31.433+0000] {processor.py:914} INFO - Processing file /home/noelsdavid/airflow_venv/lib/python3.12/site-packages/airflow/example_dags/example_dynamic_task_mapping.py for tasks to queue
[2026-05-18T07:01:31.435+0000] {logging_mixin.py:190} INFO - [2026-05-18T07:01:31.435+0000] {dagbag.py:588} INFO - Filling up the DagBag from /home/noelsdavid/airflow_venv/lib/python3.12/site-packages/airflow/example_dags/example_dynamic_task_mapping.py
[2026-05-18T07:01:31.449+0000] {processor.py:925} INFO - DAG(s) 'example_dynamic_task_mapping' retrieved from /home/noelsdavid/airflow_venv/lib/python3.12/site-packages/airflow/example_dags/example_dynamic_task_mapping.py
[2026-05-18T07:01:31.473+0000] {logging_mixin.py:190} INFO - [2026-05-18T07:01:31.473+0000] {dag.py:3239} INFO - Sync 1 DAGs
[2026-05-18T07:01:31.491+0000] {logging_mixin.py:190} INFO - [2026-05-18T07:01:31.490+0000] {dag.py:4180} INFO - Setting next_dagrun for example_dynamic_task_mapping to None, run_after=None
[2026-05-18T07:01:31.522+0000] {processor.py:208} INFO - Processing /home/noelsdavid/airflow_venv/lib/python3.12/site-packages/airflow/example_dags/example_dynamic_task_mapping.py took 0.101 seconds
[2026-05-18T07:02:42.798+0000] {processor.py:186} INFO - Started process (PID=16495) to work on /home/noelsdavid/airflow_venv/lib/python3.12/site-packages/airflow/example_dags/example_dynamic_task_mapping.py
[2026-05-18T07:02:42.801+0000] {processor.py:914} INFO - Processing file /home/noelsdavid/airflow_venv/lib/python3.12/site-packages/airflow/example_dags/example_dynamic_task_mapping.py for tasks to queue
[2026-05-18T07:02:42.803+0000] {logging_mixin.py:190} INFO - [2026-05-18T07:02:42.802+0000] {dagbag.py:588} INFO - Filling up the DagBag from /home/noelsdavid/airflow_venv/lib/python3.12/site-packages/airflow/example_dags/example_dynamic_task_mapping.py
[2026-05-18T07:02:42.815+0000] {processor.py:925} INFO - DAG(s) 'example_dynamic_task_mapping' retrieved from /home/noelsdavid/airflow_venv/lib/python3.12/site-packages/airflow/example_dags/example_dynamic_task_mapping.py
[2026-05-18T07:02:42.836+0000] {logging_mixin.py:190} INFO - [2026-05-18T07:02:42.836+0000] {dag.py:3239} INFO - Sync 1 DAGs
[2026-05-18T07:02:42.853+0000] {logging_mixin.py:190} INFO - [2026-05-18T07:02:42.853+0000] {dag.py:4180} INFO - Setting next_dagrun for example_dynamic_task_mapping to None, run_after=None
[2026-05-18T07:02:42.882+0000] {processor.py:208} INFO - Processing /home/noelsdavid/airflow_venv/lib/python3.12/site-packages/airflow/example_dags/example_dynamic_task_mapping.py took 0.094 seconds
[2026-05-18T07:03:55.686+0000] {processor.py:186} INFO - Started process (PID=16573) to work on /home/noelsdavid/airflow_venv/lib/python3.12/site-packages/airflow/example_dags/example_dynamic_task_mapping.py
[2026-05-18T07:03:55.689+0000] {processor.py:914} INFO - Processing file /home/noelsdavid/airflow_venv/lib/python3.12/site-packages/airflow/example_dags/example_dynamic_task_mapping.py for tasks to queue
[2026-05-18T07:03:55.691+0000] {logging_mixin.py:190} INFO - [2026-05-18T07:03:55.690+0000] {dagbag.py:588} INFO - Filling up the DagBag from /home/noelsdavid/airflow_venv/lib/python3.12/site-packages/airflow/example_dags/example_dynamic_task_mapping.py
[2026-05-18T07:03:55.704+0000] {processor.py:925} INFO - DAG(s) 'example_dynamic_task_mapping' retrieved from /home/noelsdavid/airflow_venv/lib/python3.12/site-packages/airflow/example_dags/example_dynamic_task_mapping.py
[2026-05-18T07:03:55.726+0000] {logging_mixin.py:190} INFO - [2026-05-18T07:03:55.726+0000] {dag.py:3239} INFO - Sync 1 DAGs
[2026-05-18T07:03:55.743+0000] {logging_mixin.py:190} INFO - [2026-05-18T07:03:55.742+0000] {dag.py:4180} INFO - Setting next_dagrun for example_dynamic_task_mapping to None, run_after=None
[2026-05-18T07:03:55.774+0000] {processor.py:208} INFO - Processing /home/noelsdavid/airflow_venv/lib/python3.12/site-packages/airflow/example_dags/example_dynamic_task_mapping.py took 0.097 seconds
[2026-05-18T07:05:03.812+0000] {processor.py:186} INFO - Started process (PID=16648) to work on /home/noelsdavid/airflow_venv/lib/python3.12/site-packages/airflow/example_dags/example_dynamic_task_mapping.py
[2026-05-18T07:05:03.815+0000] {processor.py:914} INFO - Processing file /home/noelsdavid/airflow_venv/lib/python3.12/site-packages/airflow/example_dags/example_dynamic_task_mapping.py for tasks to queue
[2026-05-18T07:05:03.817+0000] {logging_mixin.py:190} INFO - [2026-05-18T07:05:03.816+0000] {dagbag.py:588} INFO - Filling up the DagBag from /home/noelsdavid/airflow_venv/lib/python3.12/site-packages/airflow/example_dags/example_dynamic_task_mapping.py
[2026-05-18T07:05:03.831+0000] {processor.py:925} INFO - DAG(s) 'example_dynamic_task_mapping' retrieved from /home/noelsdavid/airflow_venv/lib/python3.12/site-packages/airflow/example_dags/example_dynamic_task_mapping.py
[2026-05-18T07:05:03.857+0000] {logging_mixin.py:190} INFO - [2026-05-18T07:05:03.856+0000] {dag.py:3239} INFO - Sync 1 DAGs
[2026-05-18T07:05:03.875+0000] {logging_mixin.py:190} INFO - [2026-05-18T07:05:03.875+0000] {dag.py:4180} INFO - Setting next_dagrun for example_dynamic_task_mapping to None, run_after=None
[2026-05-18T07:05:03.909+0000] {processor.py:208} INFO - Processing /home/noelsdavid/airflow_venv/lib/python3.12/site-packages/airflow/example_dags/example_dynamic_task_mapping.py took 0.107 seconds
[2026-05-18T07:06:23.248+0000] {processor.py:186} INFO - Started process (PID=16753) to work on /home/noelsdavid/airflow_venv/lib/python3.12/site-packages/airflow/example_dags/example_dynamic_task_mapping.py
[2026-05-18T07:06:23.250+0000] {processor.py:914} INFO - Processing file /home/noelsdavid/airflow_venv/lib/python3.12/site-packages/airflow/example_dags/example_dynamic_task_mapping.py for tasks to queue
[2026-05-18T07:06:23.252+0000] {logging_mixin.py:190} INFO - [2026-05-18T07:06:23.252+0000] {dagbag.py:588} INFO - Filling up the DagBag from /home/noelsdavid/airflow_venv/lib/python3.12/site-packages/airflow/example_dags/example_dynamic_task_mapping.py
[2026-05-18T07:06:23.265+0000] {processor.py:925} INFO - DAG(s) 'example_dynamic_task_mapping' retrieved from /home/noelsdavid/airflow_venv/lib/python3.12/site-packages/airflow/example_dags/example_dynamic_task_mapping.py
[2026-05-18T07:06:23.289+0000] {logging_mixin.py:190} INFO - [2026-05-18T07:06:23.288+0000] {dag.py:3239} INFO - Sync 1 DAGs
[2026-05-18T07:06:23.509+0000] {logging_mixin.py:190} INFO - [2026-05-18T07:06:23.509+0000] {dag.py:4180} INFO - Setting next_dagrun for example_dynamic_task_mapping to None, run_after=None
[2026-05-18T07:06:23.543+0000] {processor.py:208} INFO - Processing /home/noelsdavid/airflow_venv/lib/python3.12/site-packages/airflow/example_dags/example_dynamic_task_mapping.py took 0.305 seconds
[2026-05-18T07:07:39.941+0000] {processor.py:186} INFO - Started process (PID=16833) to work on /home/noelsdavid/airflow_venv/lib/python3.12/site-packages/airflow/example_dags/example_dynamic_task_mapping.py
[2026-05-18T07:07:39.943+0000] {processor.py:914} INFO - Processing file /home/noelsdavid/airflow_venv/lib/python3.12/site-packages/airflow/example_dags/example_dynamic_task_mapping.py for tasks to queue
[2026-05-18T07:07:39.946+0000] {logging_mixin.py:190} INFO - [2026-05-18T07:07:39.945+0000] {dagbag.py:588} INFO - Filling up the DagBag from /home/noelsdavid/airflow_venv/lib/python3.12/site-packages/airflow/example_dags/example_dynamic_task_mapping.py
[2026-05-18T07:07:39.960+0000] {processor.py:925} INFO - DAG(s) 'example_dynamic_task_mapping' retrieved from /home/noelsdavid/airflow_venv/lib/python3.12/site-packages/airflow/example_dags/example_dynamic_task_mapping.py
[2026-05-18T07:07:39.989+0000] {logging_mixin.py:190} INFO - [2026-05-18T07:07:39.988+0000] {dag.py:3239} INFO - Sync 1 DAGs
[2026-05-18T07:07:40.169+0000] {logging_mixin.py:190} INFO - [2026-05-18T07:07:40.168+0000] {dag.py:4180} INFO - Setting next_dagrun for example_dynamic_task_mapping to None, run_after=None
[2026-05-18T07:07:40.200+0000] {processor.py:208} INFO - Processing /home/noelsdavid/airflow_venv/lib/python3.12/site-packages/airflow/example_dags/example_dynamic_task_mapping.py took 0.268 seconds
[2026-05-18T07:09:01.055+0000] {processor.py:186} INFO - Started process (PID=16917) to work on /home/noelsdavid/airflow_venv/lib/python3.12/site-packages/airflow/example_dags/example_dynamic_task_mapping.py
[2026-05-18T07:09:01.058+0000] {processor.py:914} INFO - Processing file /home/noelsdavid/airflow_venv/lib/python3.12/site-packages/airflow/example_dags/example_dynamic_task_mapping.py for tasks to queue
[2026-05-18T07:09:01.060+0000] {logging_mixin.py:190} INFO - [2026-05-18T07:09:01.059+0000] {dagbag.py:588} INFO - Filling up the DagBag from /home/noelsdavid/airflow_venv/lib/python3.12/site-packages/airflow/example_dags/example_dynamic_task_mapping.py
[2026-05-18T07:09:01.075+0000] {processor.py:925} INFO - DAG(s) 'example_dynamic_task_mapping' retrieved from /home/noelsdavid/airflow_venv/lib/python3.12/site-packages/airflow/example_dags/example_dynamic_task_mapping.py
[2026-05-18T07:09:01.099+0000] {logging_mixin.py:190} INFO - [2026-05-18T07:09:01.099+0000] {dag.py:3239} INFO - Sync 1 DAGs
[2026-05-18T07:09:01.284+0000] {logging_mixin.py:190} INFO - [2026-05-18T07:09:01.284+0000] {dag.py:4180} INFO - Setting next_dagrun for example_dynamic_task_mapping to None, run_after=None
[2026-05-18T07:09:01.317+0000] {processor.py:208} INFO - Processing /home/noelsdavid/airflow_venv/lib/python3.12/site-packages/airflow/example_dags/example_dynamic_task_mapping.py took 0.272 seconds
[2026-05-18T07:10:23.171+0000] {processor.py:186} INFO - Started process (PID=17027) to work on /home/noelsdavid/airflow_venv/lib/python3.12/site-packages/airflow/example_dags/example_dynamic_task_mapping.py
[2026-05-18T07:10:23.173+0000] {processor.py:914} INFO - Processing file /home/noelsdavid/airflow_venv/lib/python3.12/site-packages/airflow/example_dags/example_dynamic_task_mapping.py for tasks to queue
[2026-05-18T07:10:23.175+0000] {logging_mixin.py:190} INFO - [2026-05-18T07:10:23.175+0000] {dagbag.py:588} INFO - Filling up the DagBag from /home/noelsdavid/airflow_venv/lib/python3.12/site-packages/airflow/example_dags/example_dynamic_task_mapping.py
[2026-05-18T07:10:23.188+0000] {processor.py:925} INFO - DAG(s) 'example_dynamic_task_mapping' retrieved from /home/noelsdavid/airflow_venv/lib/python3.12/site-packages/airflow/example_dags/example_dynamic_task_mapping.py
[2026-05-18T07:10:23.211+0000] {logging_mixin.py:190} INFO - [2026-05-18T07:10:23.211+0000] {dag.py:3239} INFO - Sync 1 DAGs
[2026-05-18T07:10:23.229+0000] {logging_mixin.py:190} INFO - [2026-05-18T07:10:23.229+0000] {dag.py:4180} INFO - Setting next_dagrun for example_dynamic_task_mapping to None, run_after=None
[2026-05-18T07:10:23.262+0000] {processor.py:208} INFO - Processing /home/noelsdavid/airflow_venv/lib/python3.12/site-packages/airflow/example_dags/example_dynamic_task_mapping.py took 0.101 seconds
[2026-05-18T07:11:36.729+0000] {processor.py:186} INFO - Started process (PID=17104) to work on /home/noelsdavid/airflow_venv/lib/python3.12/site-packages/airflow/example_dags/example_dynamic_task_mapping.py
[2026-05-18T07:11:36.731+0000] {processor.py:914} INFO - Processing file /home/noelsdavid/airflow_venv/lib/python3.12/site-packages/airflow/example_dags/example_dynamic_task_mapping.py for tasks to queue
[2026-05-18T07:11:36.733+0000] {logging_mixin.py:190} INFO - [2026-05-18T07:11:36.733+0000] {dagbag.py:588} INFO - Filling up the DagBag from /home/noelsdavid/airflow_venv/lib/python3.12/site-packages/airflow/example_dags/example_dynamic_task_mapping.py
[2026-05-18T07:11:36.747+0000] {processor.py:925} INFO - DAG(s) 'example_dynamic_task_mapping' retrieved from /home/noelsdavid/airflow_venv/lib/python3.12/site-packages/airflow/example_dags/example_dynamic_task_mapping.py
[2026-05-18T07:11:36.769+0000] {logging_mixin.py:190} INFO - [2026-05-18T07:11:36.768+0000] {dag.py:3239} INFO - Sync 1 DAGs
[2026-05-18T07:11:36.785+0000] {logging_mixin.py:190} INFO - [2026-05-18T07:11:36.785+0000] {dag.py:4180} INFO - Setting next_dagrun for example_dynamic_task_mapping to None, run_after=None
[2026-05-18T07:11:36.816+0000] {processor.py:208} INFO - Processing /home/noelsdavid/airflow_venv/lib/python3.12/site-packages/airflow/example_dags/example_dynamic_task_mapping.py took 0.097 seconds
[2026-05-18T07:12:50.467+0000] {processor.py:186} INFO - Started process (PID=17183) to work on /home/noelsdavid/airflow_venv/lib/python3.12/site-packages/airflow/example_dags/example_dynamic_task_mapping.py
[2026-05-18T07:12:50.483+0000] {processor.py:914} INFO - Processing file /home/noelsdavid/airflow_venv/lib/python3.12/site-packages/airflow/example_dags/example_dynamic_task_mapping.py for tasks to queue
[2026-05-18T07:12:50.485+0000] {logging_mixin.py:190} INFO - [2026-05-18T07:12:50.484+0000] {dagbag.py:588} INFO - Filling up the DagBag from /home/noelsdavid/airflow_venv/lib/python3.12/site-packages/airflow/example_dags/example_dynamic_task_mapping.py
[2026-05-18T07:12:50.499+0000] {processor.py:925} INFO - DAG(s) 'example_dynamic_task_mapping' retrieved from /home/noelsdavid/airflow_venv/lib/python3.12/site-packages/airflow/example_dags/example_dynamic_task_mapping.py
[2026-05-18T07:12:50.522+0000] {logging_mixin.py:190} INFO - [2026-05-18T07:12:50.522+0000] {dag.py:3239} INFO - Sync 1 DAGs
[2026-05-18T07:12:50.541+0000] {logging_mixin.py:190} INFO - [2026-05-18T07:12:50.541+0000] {dag.py:4180} INFO - Setting next_dagrun for example_dynamic_task_mapping to None, run_after=None
[2026-05-18T07:12:50.572+0000] {processor.py:208} INFO - Processing /home/noelsdavid/airflow_venv/lib/python3.12/site-packages/airflow/example_dags/example_dynamic_task_mapping.py took 0.115 seconds
[2026-05-18T07:14:06.781+0000] {processor.py:186} INFO - Started process (PID=17263) to work on /home/noelsdavid/airflow_venv/lib/python3.12/site-packages/airflow/example_dags/example_dynamic_task_mapping.py
[2026-05-18T07:14:06.784+0000] {processor.py:914} INFO - Processing file /home/noelsdavid/airflow_venv/lib/python3.12/site-packages/airflow/example_dags/example_dynamic_task_mapping.py for tasks to queue
[2026-05-18T07:14:06.786+0000] {logging_mixin.py:190} INFO - [2026-05-18T07:14:06.785+0000] {dagbag.py:588} INFO - Filling up the DagBag from /home/noelsdavid/airflow_venv/lib/python3.12/site-packages/airflow/example_dags/example_dynamic_task_mapping.py
[2026-05-18T07:14:06.799+0000] {processor.py:925} INFO - DAG(s) 'example_dynamic_task_mapping' retrieved from /home/noelsdavid/airflow_venv/lib/python3.12/site-packages/airflow/example_dags/example_dynamic_task_mapping.py
[2026-05-18T07:14:06.822+0000] {logging_mixin.py:190} INFO - [2026-05-18T07:14:06.822+0000] {dag.py:3239} INFO - Sync 1 DAGs
[2026-05-18T07:14:06.840+0000] {logging_mixin.py:190} INFO - [2026-05-18T07:14:06.840+0000] {dag.py:4180} INFO - Setting next_dagrun for example_dynamic_task_mapping to None, run_after=None
[2026-05-18T07:14:06.871+0000] {processor.py:208} INFO - Processing /home/noelsdavid/airflow_venv/lib/python3.12/site-packages/airflow/example_dags/example_dynamic_task_mapping.py took 0.102 seconds
[2026-05-18T07:15:16.042+0000] {processor.py:186} INFO - Started process (PID=17365) to work on /home/noelsdavid/airflow_venv/lib/python3.12/site-packages/airflow/example_dags/example_dynamic_task_mapping.py
[2026-05-18T07:15:16.045+0000] {processor.py:914} INFO - Processing file /home/noelsdavid/airflow_venv/lib/python3.12/site-packages/airflow/example_dags/example_dynamic_task_mapping.py for tasks to queue
[2026-05-18T07:15:16.048+0000] {logging_mixin.py:190} INFO - [2026-05-18T07:15:16.047+0000] {dagbag.py:588} INFO - Filling up the DagBag from /home/noelsdavid/airflow_venv/lib/python3.12/site-packages/airflow/example_dags/example_dynamic_task_mapping.py
[2026-05-18T07:15:16.062+0000] {processor.py:925} INFO - DAG(s) 'example_dynamic_task_mapping' retrieved from /home/noelsdavid/airflow_venv/lib/python3.12/site-packages/airflow/example_dags/example_dynamic_task_mapping.py
[2026-05-18T07:15:16.085+0000] {logging_mixin.py:190} INFO - [2026-05-18T07:15:16.085+0000] {dag.py:3239} INFO - Sync 1 DAGs
[2026-05-18T07:15:16.104+0000] {logging_mixin.py:190} INFO - [2026-05-18T07:15:16.104+0000] {dag.py:4180} INFO - Setting next_dagrun for example_dynamic_task_mapping to None, run_after=None
[2026-05-18T07:15:16.138+0000] {processor.py:208} INFO - Processing /home/noelsdavid/airflow_venv/lib/python3.12/site-packages/airflow/example_dags/example_dynamic_task_mapping.py took 0.105 seconds
[2026-05-18T07:16:33.982+0000] {processor.py:186} INFO - Started process (PID=17445) to work on /home/noelsdavid/airflow_venv/lib/python3.12/site-packages/airflow/example_dags/example_dynamic_task_mapping.py
[2026-05-18T07:16:33.984+0000] {processor.py:914} INFO - Processing file /home/noelsdavid/airflow_venv/lib/python3.12/site-packages/airflow/example_dags/example_dynamic_task_mapping.py for tasks to queue
[2026-05-18T07:16:33.986+0000] {logging_mixin.py:190} INFO - [2026-05-18T07:16:33.986+0000] {dagbag.py:588} INFO - Filling up the DagBag from /home/noelsdavid/airflow_venv/lib/python3.12/site-packages/airflow/example_dags/example_dynamic_task_mapping.py
[2026-05-18T07:16:33.999+0000] {processor.py:925} INFO - DAG(s) 'example_dynamic_task_mapping' retrieved from /home/noelsdavid/airflow_venv/lib/python3.12/site-packages/airflow/example_dags/example_dynamic_task_mapping.py
[2026-05-18T07:16:34.025+0000] {logging_mixin.py:190} INFO - [2026-05-18T07:16:34.025+0000] {dag.py:3239} INFO - Sync 1 DAGs
[2026-05-18T07:16:34.045+0000] {logging_mixin.py:190} INFO - [2026-05-18T07:16:34.044+0000] {dag.py:4180} INFO - Setting next_dagrun for example_dynamic_task_mapping to None, run_after=None
[2026-05-18T07:16:34.078+0000] {processor.py:208} INFO - Processing /home/noelsdavid/airflow_venv/lib/python3.12/site-packages/airflow/example_dags/example_dynamic_task_mapping.py took 0.106 seconds
[2026-05-18T07:17:51.308+0000] {processor.py:186} INFO - Started process (PID=17527) to work on /home/noelsdavid/airflow_venv/lib/python3.12/site-packages/airflow/example_dags/example_dynamic_task_mapping.py
[2026-05-18T07:17:51.311+0000] {processor.py:914} INFO - Processing file /home/noelsdavid/airflow_venv/lib/python3.12/site-packages/airflow/example_dags/example_dynamic_task_mapping.py for tasks to queue
[2026-05-18T07:17:51.313+0000] {logging_mixin.py:190} INFO - [2026-05-18T07:17:51.313+0000] {dagbag.py:588} INFO - Filling up the DagBag from /home/noelsdavid/airflow_venv/lib/python3.12/site-packages/airflow/example_dags/example_dynamic_task_mapping.py
[2026-05-18T07:17:51.327+0000] {processor.py:925} INFO - DAG(s) 'example_dynamic_task_mapping' retrieved from /home/noelsdavid/airflow_venv/lib/python3.12/site-packages/airflow/example_dags/example_dynamic_task_mapping.py
[2026-05-18T07:17:51.351+0000] {logging_mixin.py:190} INFO - [2026-05-18T07:17:51.351+0000] {dag.py:3239} INFO - Sync 1 DAGs
[2026-05-18T07:17:51.368+0000] {logging_mixin.py:190} INFO - [2026-05-18T07:17:51.368+0000] {dag.py:4180} INFO - Setting next_dagrun for example_dynamic_task_mapping to None, run_after=None
[2026-05-18T07:17:51.402+0000] {processor.py:208} INFO - Processing /home/noelsdavid/airflow_venv/lib/python3.12/site-packages/airflow/example_dags/example_dynamic_task_mapping.py took 0.104 seconds
[2026-05-18T07:18:57.529+0000] {processor.py:186} INFO - Started process (PID=17603) to work on /home/noelsdavid/airflow_venv/lib/python3.12/site-packages/airflow/example_dags/example_dynamic_task_mapping.py
[2026-05-18T07:18:57.532+0000] {processor.py:914} INFO - Processing file /home/noelsdavid/airflow_venv/lib/python3.12/site-packages/airflow/example_dags/example_dynamic_task_mapping.py for tasks to queue
[2026-05-18T07:18:57.534+0000] {logging_mixin.py:190} INFO - [2026-05-18T07:18:57.534+0000] {dagbag.py:588} INFO - Filling up the DagBag from /home/noelsdavid/airflow_venv/lib/python3.12/site-packages/airflow/example_dags/example_dynamic_task_mapping.py
[2026-05-18T07:18:57.547+0000] {processor.py:925} INFO - DAG(s) 'example_dynamic_task_mapping' retrieved from /home/noelsdavid/airflow_venv/lib/python3.12/site-packages/airflow/example_dags/example_dynamic_task_mapping.py
[2026-05-18T07:18:57.573+0000] {logging_mixin.py:190} INFO - [2026-05-18T07:18:57.572+0000] {dag.py:3239} INFO - Sync 1 DAGs
[2026-05-18T07:18:57.594+0000] {logging_mixin.py:190} INFO - [2026-05-18T07:18:57.593+0000] {dag.py:4180} INFO - Setting next_dagrun for example_dynamic_task_mapping to None, run_after=None
[2026-05-18T07:18:57.629+0000] {processor.py:208} INFO - Processing /home/noelsdavid/airflow_venv/lib/python3.12/site-packages/airflow/example_dags/example_dynamic_task_mapping.py took 0.109 seconds
[2026-05-18T07:20:09.462+0000] {processor.py:186} INFO - Started process (PID=17681) to work on /home/noelsdavid/airflow_venv/lib/python3.12/site-packages/airflow/example_dags/example_dynamic_task_mapping.py
[2026-05-18T07:20:09.465+0000] {processor.py:914} INFO - Processing file /home/noelsdavid/airflow_venv/lib/python3.12/site-packages/airflow/example_dags/example_dynamic_task_mapping.py for tasks to queue
[2026-05-18T07:20:09.467+0000] {logging_mixin.py:190} INFO - [2026-05-18T07:20:09.466+0000] {dagbag.py:588} INFO - Filling up the DagBag from /home/noelsdavid/airflow_venv/lib/python3.12/site-packages/airflow/example_dags/example_dynamic_task_mapping.py
[2026-05-18T07:20:09.480+0000] {processor.py:925} INFO - DAG(s) 'example_dynamic_task_mapping' retrieved from /home/noelsdavid/airflow_venv/lib/python3.12/site-packages/airflow/example_dags/example_dynamic_task_mapping.py
[2026-05-18T07:20:09.504+0000] {logging_mixin.py:190} INFO - [2026-05-18T07:20:09.503+0000] {dag.py:3239} INFO - Sync 1 DAGs
[2026-05-18T07:20:09.521+0000] {logging_mixin.py:190} INFO - [2026-05-18T07:20:09.521+0000] {dag.py:4180} INFO - Setting next_dagrun for example_dynamic_task_mapping to None, run_after=None
[2026-05-18T07:20:09.554+0000] {processor.py:208} INFO - Processing /home/noelsdavid/airflow_venv/lib/python3.12/site-packages/airflow/example_dags/example_dynamic_task_mapping.py took 0.102 seconds
[2026-05-18T07:21:22.415+0000] {processor.py:186} INFO - Started process (PID=17784) to work on /home/noelsdavid/airflow_venv/lib/python3.12/site-packages/airflow/example_dags/example_dynamic_task_mapping.py
[2026-05-18T07:21:22.429+0000] {processor.py:914} INFO - Processing file /home/noelsdavid/airflow_venv/lib/python3.12/site-packages/airflow/example_dags/example_dynamic_task_mapping.py for tasks to queue
[2026-05-18T07:21:22.431+0000] {logging_mixin.py:190} INFO - [2026-05-18T07:21:22.431+0000] {dagbag.py:588} INFO - Filling up the DagBag from /home/noelsdavid/airflow_venv/lib/python3.12/site-packages/airflow/example_dags/example_dynamic_task_mapping.py
[2026-05-18T07:21:22.445+0000] {processor.py:925} INFO - DAG(s) 'example_dynamic_task_mapping' retrieved from /home/noelsdavid/airflow_venv/lib/python3.12/site-packages/airflow/example_dags/example_dynamic_task_mapping.py
[2026-05-18T07:21:22.466+0000] {logging_mixin.py:190} INFO - [2026-05-18T07:21:22.466+0000] {dag.py:3239} INFO - Sync 1 DAGs
[2026-05-18T07:21:22.483+0000] {logging_mixin.py:190} INFO - [2026-05-18T07:21:22.483+0000] {dag.py:4180} INFO - Setting next_dagrun for example_dynamic_task_mapping to None, run_after=None
[2026-05-18T07:21:22.516+0000] {processor.py:208} INFO - Processing /home/noelsdavid/airflow_venv/lib/python3.12/site-packages/airflow/example_dags/example_dynamic_task_mapping.py took 0.110 seconds
[2026-05-18T07:22:33.879+0000] {processor.py:186} INFO - Started process (PID=17866) to work on /home/noelsdavid/airflow_venv/lib/python3.12/site-packages/airflow/example_dags/example_dynamic_task_mapping.py
[2026-05-18T07:22:33.881+0000] {processor.py:914} INFO - Processing file /home/noelsdavid/airflow_venv/lib/python3.12/site-packages/airflow/example_dags/example_dynamic_task_mapping.py for tasks to queue
[2026-05-18T07:22:33.883+0000] {logging_mixin.py:190} INFO - [2026-05-18T07:22:33.883+0000] {dagbag.py:588} INFO - Filling up the DagBag from /home/noelsdavid/airflow_venv/lib/python3.12/site-packages/airflow/example_dags/example_dynamic_task_mapping.py
[2026-05-18T07:22:33.896+0000] {processor.py:925} INFO - DAG(s) 'example_dynamic_task_mapping' retrieved from /home/noelsdavid/airflow_venv/lib/python3.12/site-packages/airflow/example_dags/example_dynamic_task_mapping.py
[2026-05-18T07:22:33.918+0000] {logging_mixin.py:190} INFO - [2026-05-18T07:22:33.918+0000] {dag.py:3239} INFO - Sync 1 DAGs
[2026-05-18T07:22:33.936+0000] {logging_mixin.py:190} INFO - [2026-05-18T07:22:33.936+0000] {dag.py:4180} INFO - Setting next_dagrun for example_dynamic_task_mapping to None, run_after=None
[2026-05-18T07:22:33.969+0000] {processor.py:208} INFO - Processing /home/noelsdavid/airflow_venv/lib/python3.12/site-packages/airflow/example_dags/example_dynamic_task_mapping.py took 0.099 seconds
[2026-05-18T07:23:47.494+0000] {processor.py:186} INFO - Started process (PID=17945) to work on /home/noelsdavid/airflow_venv/lib/python3.12/site-packages/airflow/example_dags/example_dynamic_task_mapping.py
[2026-05-18T07:23:47.511+0000] {processor.py:914} INFO - Processing file /home/noelsdavid/airflow_venv/lib/python3.12/site-packages/airflow/example_dags/example_dynamic_task_mapping.py for tasks to queue
[2026-05-18T07:23:47.513+0000] {logging_mixin.py:190} INFO - [2026-05-18T07:23:47.513+0000] {dagbag.py:588} INFO - Filling up the DagBag from /home/noelsdavid/airflow_venv/lib/python3.12/site-packages/airflow/example_dags/example_dynamic_task_mapping.py
[2026-05-18T07:23:47.527+0000] {processor.py:925} INFO - DAG(s) 'example_dynamic_task_mapping' retrieved from /home/noelsdavid/airflow_venv/lib/python3.12/site-packages/airflow/example_dags/example_dynamic_task_mapping.py
[2026-05-18T07:23:47.554+0000] {logging_mixin.py:190} INFO - [2026-05-18T07:23:47.553+0000] {dag.py:3239} INFO - Sync 1 DAGs
[2026-05-18T07:23:47.574+0000] {logging_mixin.py:190} INFO - [2026-05-18T07:23:47.573+0000] {dag.py:4180} INFO - Setting next_dagrun for example_dynamic_task_mapping to None, run_after=None
[2026-05-18T07:23:47.611+0000] {processor.py:208} INFO - Processing /home/noelsdavid/airflow_venv/lib/python3.12/site-packages/airflow/example_dags/example_dynamic_task_mapping.py took 0.128 seconds
[2026-05-18T07:25:00.117+0000] {processor.py:186} INFO - Started process (PID=18025) to work on /home/noelsdavid/airflow_venv/lib/python3.12/site-packages/airflow/example_dags/example_dynamic_task_mapping.py
[2026-05-18T07:25:00.119+0000] {processor.py:914} INFO - Processing file /home/noelsdavid/airflow_venv/lib/python3.12/site-packages/airflow/example_dags/example_dynamic_task_mapping.py for tasks to queue
[2026-05-18T07:25:00.121+0000] {logging_mixin.py:190} INFO - [2026-05-18T07:25:00.121+0000] {dagbag.py:588} INFO - Filling up the DagBag from /home/noelsdavid/airflow_venv/lib/python3.12/site-packages/airflow/example_dags/example_dynamic_task_mapping.py
[2026-05-18T07:25:00.134+0000] {processor.py:925} INFO - DAG(s) 'example_dynamic_task_mapping' retrieved from /home/noelsdavid/airflow_venv/lib/python3.12/site-packages/airflow/example_dags/example_dynamic_task_mapping.py
[2026-05-18T07:25:00.156+0000] {logging_mixin.py:190} INFO - [2026-05-18T07:25:00.156+0000] {dag.py:3239} INFO - Sync 1 DAGs
[2026-05-18T07:25:00.173+0000] {logging_mixin.py:190} INFO - [2026-05-18T07:25:00.173+0000] {dag.py:4180} INFO - Setting next_dagrun for example_dynamic_task_mapping to None, run_after=None
[2026-05-18T07:25:00.205+0000] {processor.py:208} INFO - Processing /home/noelsdavid/airflow_venv/lib/python3.12/site-packages/airflow/example_dags/example_dynamic_task_mapping.py took 0.100 seconds
[2026-05-18T07:26:05.483+0000] {processor.py:186} INFO - Started process (PID=18121) to work on /home/noelsdavid/airflow_venv/lib/python3.12/site-packages/airflow/example_dags/example_dynamic_task_mapping.py
[2026-05-18T07:26:05.486+0000] {processor.py:914} INFO - Processing file /home/noelsdavid/airflow_venv/lib/python3.12/site-packages/airflow/example_dags/example_dynamic_task_mapping.py for tasks to queue
[2026-05-18T07:26:05.488+0000] {logging_mixin.py:190} INFO - [2026-05-18T07:26:05.487+0000] {dagbag.py:588} INFO - Filling up the DagBag from /home/noelsdavid/airflow_venv/lib/python3.12/site-packages/airflow/example_dags/example_dynamic_task_mapping.py
[2026-05-18T07:26:05.501+0000] {processor.py:925} INFO - DAG(s) 'example_dynamic_task_mapping' retrieved from /home/noelsdavid/airflow_venv/lib/python3.12/site-packages/airflow/example_dags/example_dynamic_task_mapping.py
[2026-05-18T07:26:05.526+0000] {logging_mixin.py:190} INFO - [2026-05-18T07:26:05.526+0000] {dag.py:3239} INFO - Sync 1 DAGs
[2026-05-18T07:26:05.543+0000] {logging_mixin.py:190} INFO - [2026-05-18T07:26:05.543+0000] {dag.py:4180} INFO - Setting next_dagrun for example_dynamic_task_mapping to None, run_after=None
[2026-05-18T07:26:05.576+0000] {processor.py:208} INFO - Processing /home/noelsdavid/airflow_venv/lib/python3.12/site-packages/airflow/example_dags/example_dynamic_task_mapping.py took 0.103 seconds
[2026-05-18T07:27:16.318+0000] {processor.py:186} INFO - Started process (PID=18198) to work on /home/noelsdavid/airflow_venv/lib/python3.12/site-packages/airflow/example_dags/example_dynamic_task_mapping.py
[2026-05-18T07:27:16.321+0000] {processor.py:914} INFO - Processing file /home/noelsdavid/airflow_venv/lib/python3.12/site-packages/airflow/example_dags/example_dynamic_task_mapping.py for tasks to queue
[2026-05-18T07:27:16.323+0000] {logging_mixin.py:190} INFO - [2026-05-18T07:27:16.322+0000] {dagbag.py:588} INFO - Filling up the DagBag from /home/noelsdavid/airflow_venv/lib/python3.12/site-packages/airflow/example_dags/example_dynamic_task_mapping.py
[2026-05-18T07:27:16.338+0000] {processor.py:925} INFO - DAG(s) 'example_dynamic_task_mapping' retrieved from /home/noelsdavid/airflow_venv/lib/python3.12/site-packages/airflow/example_dags/example_dynamic_task_mapping.py
[2026-05-18T07:27:16.362+0000] {logging_mixin.py:190} INFO - [2026-05-18T07:27:16.361+0000] {dag.py:3239} INFO - Sync 1 DAGs
[2026-05-18T07:27:16.381+0000] {logging_mixin.py:190} INFO - [2026-05-18T07:27:16.381+0000] {dag.py:4180} INFO - Setting next_dagrun for example_dynamic_task_mapping to None, run_after=None
[2026-05-18T07:27:16.414+0000] {processor.py:208} INFO - Processing /home/noelsdavid/airflow_venv/lib/python3.12/site-packages/airflow/example_dags/example_dynamic_task_mapping.py took 0.106 seconds
[2026-05-18T07:28:26.911+0000] {processor.py:186} INFO - Started process (PID=18276) to work on /home/noelsdavid/airflow_venv/lib/python3.12/site-packages/airflow/example_dags/example_dynamic_task_mapping.py
[2026-05-18T07:28:26.914+0000] {processor.py:914} INFO - Processing file /home/noelsdavid/airflow_venv/lib/python3.12/site-packages/airflow/example_dags/example_dynamic_task_mapping.py for tasks to queue
[2026-05-18T07:28:26.916+0000] {logging_mixin.py:190} INFO - [2026-05-18T07:28:26.915+0000] {dagbag.py:588} INFO - Filling up the DagBag from /home/noelsdavid/airflow_venv/lib/python3.12/site-packages/airflow/example_dags/example_dynamic_task_mapping.py
[2026-05-18T07:28:26.931+0000] {processor.py:925} INFO - DAG(s) 'example_dynamic_task_mapping' retrieved from /home/noelsdavid/airflow_venv/lib/python3.12/site-packages/airflow/example_dags/example_dynamic_task_mapping.py
[2026-05-18T07:28:26.954+0000] {logging_mixin.py:190} INFO - [2026-05-18T07:28:26.954+0000] {dag.py:3239} INFO - Sync 1 DAGs
[2026-05-18T07:28:26.973+0000] {logging_mixin.py:190} INFO - [2026-05-18T07:28:26.972+0000] {dag.py:4180} INFO - Setting next_dagrun for example_dynamic_task_mapping to None, run_after=None
[2026-05-18T07:28:27.007+0000] {processor.py:208} INFO - Processing /home/noelsdavid/airflow_venv/lib/python3.12/site-packages/airflow/example_dags/example_dynamic_task_mapping.py took 0.105 seconds
[2026-05-18T07:29:39.641+0000] {processor.py:186} INFO - Started process (PID=18355) to work on /home/noelsdavid/airflow_venv/lib/python3.12/site-packages/airflow/example_dags/example_dynamic_task_mapping.py
[2026-05-18T07:29:39.663+0000] {processor.py:914} INFO - Processing file /home/noelsdavid/airflow_venv/lib/python3.12/site-packages/airflow/example_dags/example_dynamic_task_mapping.py for tasks to queue
[2026-05-18T07:29:39.665+0000] {logging_mixin.py:190} INFO - [2026-05-18T07:29:39.664+0000] {dagbag.py:588} INFO - Filling up the DagBag from /home/noelsdavid/airflow_venv/lib/python3.12/site-packages/airflow/example_dags/example_dynamic_task_mapping.py
[2026-05-18T07:29:39.679+0000] {processor.py:925} INFO - DAG(s) 'example_dynamic_task_mapping' retrieved from /home/noelsdavid/airflow_venv/lib/python3.12/site-packages/airflow/example_dags/example_dynamic_task_mapping.py
[2026-05-18T07:29:39.703+0000] {logging_mixin.py:190} INFO - [2026-05-18T07:29:39.702+0000] {dag.py:3239} INFO - Sync 1 DAGs
[2026-05-18T07:29:39.721+0000] {logging_mixin.py:190} INFO - [2026-05-18T07:29:39.720+0000] {dag.py:4180} INFO - Setting next_dagrun for example_dynamic_task_mapping to None, run_after=None
[2026-05-18T07:29:39.753+0000] {processor.py:208} INFO - Processing /home/noelsdavid/airflow_venv/lib/python3.12/site-packages/airflow/example_dags/example_dynamic_task_mapping.py took 0.121 seconds
[2026-05-18T07:30:50.506+0000] {processor.py:186} INFO - Started process (PID=18462) to work on /home/noelsdavid/airflow_venv/lib/python3.12/site-packages/airflow/example_dags/example_dynamic_task_mapping.py
[2026-05-18T07:30:50.508+0000] {processor.py:914} INFO - Processing file /home/noelsdavid/airflow_venv/lib/python3.12/site-packages/airflow/example_dags/example_dynamic_task_mapping.py for tasks to queue
[2026-05-18T07:30:50.510+0000] {logging_mixin.py:190} INFO - [2026-05-18T07:30:50.510+0000] {dagbag.py:588} INFO - Filling up the DagBag from /home/noelsdavid/airflow_venv/lib/python3.12/site-packages/airflow/example_dags/example_dynamic_task_mapping.py
[2026-05-18T07:30:50.523+0000] {processor.py:925} INFO - DAG(s) 'example_dynamic_task_mapping' retrieved from /home/noelsdavid/airflow_venv/lib/python3.12/site-packages/airflow/example_dags/example_dynamic_task_mapping.py
[2026-05-18T07:30:50.547+0000] {logging_mixin.py:190} INFO - [2026-05-18T07:30:50.547+0000] {dag.py:3239} INFO - Sync 1 DAGs
[2026-05-18T07:30:50.566+0000] {logging_mixin.py:190} INFO - [2026-05-18T07:30:50.566+0000] {dag.py:4180} INFO - Setting next_dagrun for example_dynamic_task_mapping to None, run_after=None
[2026-05-18T07:30:50.598+0000] {processor.py:208} INFO - Processing /home/noelsdavid/airflow_venv/lib/python3.12/site-packages/airflow/example_dags/example_dynamic_task_mapping.py took 0.102 seconds
[2026-05-18T07:32:01.815+0000] {processor.py:186} INFO - Started process (PID=18540) to work on /home/noelsdavid/airflow_venv/lib/python3.12/site-packages/airflow/example_dags/example_dynamic_task_mapping.py
[2026-05-18T07:32:01.838+0000] {processor.py:914} INFO - Processing file /home/noelsdavid/airflow_venv/lib/python3.12/site-packages/airflow/example_dags/example_dynamic_task_mapping.py for tasks to queue
[2026-05-18T07:32:01.840+0000] {logging_mixin.py:190} INFO - [2026-05-18T07:32:01.840+0000] {dagbag.py:588} INFO - Filling up the DagBag from /home/noelsdavid/airflow_venv/lib/python3.12/site-packages/airflow/example_dags/example_dynamic_task_mapping.py
[2026-05-18T07:32:01.854+0000] {processor.py:925} INFO - DAG(s) 'example_dynamic_task_mapping' retrieved from /home/noelsdavid/airflow_venv/lib/python3.12/site-packages/airflow/example_dags/example_dynamic_task_mapping.py
[2026-05-18T07:32:01.879+0000] {logging_mixin.py:190} INFO - [2026-05-18T07:32:01.879+0000] {dag.py:3239} INFO - Sync 1 DAGs
[2026-05-18T07:32:01.902+0000] {logging_mixin.py:190} INFO - [2026-05-18T07:32:01.901+0000] {dag.py:4180} INFO - Setting next_dagrun for example_dynamic_task_mapping to None, run_after=None
[2026-05-18T07:32:01.956+0000] {processor.py:208} INFO - Processing /home/noelsdavid/airflow_venv/lib/python3.12/site-packages/airflow/example_dags/example_dynamic_task_mapping.py took 0.153 seconds
[2026-05-18T07:33:10.100+0000] {processor.py:186} INFO - Started process (PID=18617) to work on /home/noelsdavid/airflow_venv/lib/python3.12/site-packages/airflow/example_dags/example_dynamic_task_mapping.py
[2026-05-18T07:33:10.118+0000] {processor.py:914} INFO - Processing file /home/noelsdavid/airflow_venv/lib/python3.12/site-packages/airflow/example_dags/example_dynamic_task_mapping.py for tasks to queue
[2026-05-18T07:33:10.121+0000] {logging_mixin.py:190} INFO - [2026-05-18T07:33:10.120+0000] {dagbag.py:588} INFO - Filling up the DagBag from /home/noelsdavid/airflow_venv/lib/python3.12/site-packages/airflow/example_dags/example_dynamic_task_mapping.py
[2026-05-18T07:33:10.133+0000] {processor.py:925} INFO - DAG(s) 'example_dynamic_task_mapping' retrieved from /home/noelsdavid/airflow_venv/lib/python3.12/site-packages/airflow/example_dags/example_dynamic_task_mapping.py
[2026-05-18T07:33:10.156+0000] {logging_mixin.py:190} INFO - [2026-05-18T07:33:10.156+0000] {dag.py:3239} INFO - Sync 1 DAGs
[2026-05-18T07:33:10.174+0000] {logging_mixin.py:190} INFO - [2026-05-18T07:33:10.174+0000] {dag.py:4180} INFO - Setting next_dagrun for example_dynamic_task_mapping to None, run_after=None
[2026-05-18T07:33:10.205+0000] {processor.py:208} INFO - Processing /home/noelsdavid/airflow_venv/lib/python3.12/site-packages/airflow/example_dags/example_dynamic_task_mapping.py took 0.115 seconds
[2026-05-18T07:34:18.879+0000] {processor.py:186} INFO - Started process (PID=18693) to work on /home/noelsdavid/airflow_venv/lib/python3.12/site-packages/airflow/example_dags/example_dynamic_task_mapping.py
[2026-05-18T07:34:18.883+0000] {processor.py:914} INFO - Processing file /home/noelsdavid/airflow_venv/lib/python3.12/site-packages/airflow/example_dags/example_dynamic_task_mapping.py for tasks to queue
[2026-05-18T07:34:18.885+0000] {logging_mixin.py:190} INFO - [2026-05-18T07:34:18.884+0000] {dagbag.py:588} INFO - Filling up the DagBag from /home/noelsdavid/airflow_venv/lib/python3.12/site-packages/airflow/example_dags/example_dynamic_task_mapping.py
[2026-05-18T07:34:18.899+0000] {processor.py:925} INFO - DAG(s) 'example_dynamic_task_mapping' retrieved from /home/noelsdavid/airflow_venv/lib/python3.12/site-packages/airflow/example_dags/example_dynamic_task_mapping.py
[2026-05-18T07:34:18.920+0000] {logging_mixin.py:190} INFO - [2026-05-18T07:34:18.920+0000] {dag.py:3239} INFO - Sync 1 DAGs
[2026-05-18T07:34:18.938+0000] {logging_mixin.py:190} INFO - [2026-05-18T07:34:18.938+0000] {dag.py:4180} INFO - Setting next_dagrun for example_dynamic_task_mapping to None, run_after=None
[2026-05-18T07:34:18.970+0000] {processor.py:208} INFO - Processing /home/noelsdavid/airflow_venv/lib/python3.12/site-packages/airflow/example_dags/example_dynamic_task_mapping.py took 0.102 seconds
[2026-05-18T07:35:34.246+0000] {processor.py:186} INFO - Started process (PID=18796) to work on /home/noelsdavid/airflow_venv/lib/python3.12/site-packages/airflow/example_dags/example_dynamic_task_mapping.py
[2026-05-18T07:35:34.248+0000] {processor.py:914} INFO - Processing file /home/noelsdavid/airflow_venv/lib/python3.12/site-packages/airflow/example_dags/example_dynamic_task_mapping.py for tasks to queue
[2026-05-18T07:35:34.251+0000] {logging_mixin.py:190} INFO - [2026-05-18T07:35:34.250+0000] {dagbag.py:588} INFO - Filling up the DagBag from /home/noelsdavid/airflow_venv/lib/python3.12/site-packages/airflow/example_dags/example_dynamic_task_mapping.py
[2026-05-18T07:35:34.264+0000] {processor.py:925} INFO - DAG(s) 'example_dynamic_task_mapping' retrieved from /home/noelsdavid/airflow_venv/lib/python3.12/site-packages/airflow/example_dags/example_dynamic_task_mapping.py
[2026-05-18T07:35:34.286+0000] {logging_mixin.py:190} INFO - [2026-05-18T07:35:34.285+0000] {dag.py:3239} INFO - Sync 1 DAGs
[2026-05-18T07:35:34.304+0000] {logging_mixin.py:190} INFO - [2026-05-18T07:35:34.304+0000] {dag.py:4180} INFO - Setting next_dagrun for example_dynamic_task_mapping to None, run_after=None
[2026-05-18T07:35:34.334+0000] {processor.py:208} INFO - Processing /home/noelsdavid/airflow_venv/lib/python3.12/site-packages/airflow/example_dags/example_dynamic_task_mapping.py took 0.098 seconds
[2026-05-18T07:36:43.157+0000] {processor.py:186} INFO - Started process (PID=18872) to work on /home/noelsdavid/airflow_venv/lib/python3.12/site-packages/airflow/example_dags/example_dynamic_task_mapping.py
[2026-05-18T07:36:43.160+0000] {processor.py:914} INFO - Processing file /home/noelsdavid/airflow_venv/lib/python3.12/site-packages/airflow/example_dags/example_dynamic_task_mapping.py for tasks to queue
[2026-05-18T07:36:43.162+0000] {logging_mixin.py:190} INFO - [2026-05-18T07:36:43.161+0000] {dagbag.py:588} INFO - Filling up the DagBag from /home/noelsdavid/airflow_venv/lib/python3.12/site-packages/airflow/example_dags/example_dynamic_task_mapping.py
[2026-05-18T07:36:43.176+0000] {processor.py:925} INFO - DAG(s) 'example_dynamic_task_mapping' retrieved from /home/noelsdavid/airflow_venv/lib/python3.12/site-packages/airflow/example_dags/example_dynamic_task_mapping.py
[2026-05-18T07:36:43.199+0000] {logging_mixin.py:190} INFO - [2026-05-18T07:36:43.199+0000] {dag.py:3239} INFO - Sync 1 DAGs
[2026-05-18T07:36:43.219+0000] {logging_mixin.py:190} INFO - [2026-05-18T07:36:43.218+0000] {dag.py:4180} INFO - Setting next_dagrun for example_dynamic_task_mapping to None, run_after=None
[2026-05-18T07:36:43.254+0000] {processor.py:208} INFO - Processing /home/noelsdavid/airflow_venv/lib/python3.12/site-packages/airflow/example_dags/example_dynamic_task_mapping.py took 0.107 seconds
[2026-05-18T07:37:52.966+0000] {processor.py:186} INFO - Started process (PID=18950) to work on /home/noelsdavid/airflow_venv/lib/python3.12/site-packages/airflow/example_dags/example_dynamic_task_mapping.py
[2026-05-18T07:37:52.968+0000] {processor.py:914} INFO - Processing file /home/noelsdavid/airflow_venv/lib/python3.12/site-packages/airflow/example_dags/example_dynamic_task_mapping.py for tasks to queue
[2026-05-18T07:37:52.970+0000] {logging_mixin.py:190} INFO - [2026-05-18T07:37:52.970+0000] {dagbag.py:588} INFO - Filling up the DagBag from /home/noelsdavid/airflow_venv/lib/python3.12/site-packages/airflow/example_dags/example_dynamic_task_mapping.py
[2026-05-18T07:37:52.983+0000] {processor.py:925} INFO - DAG(s) 'example_dynamic_task_mapping' retrieved from /home/noelsdavid/airflow_venv/lib/python3.12/site-packages/airflow/example_dags/example_dynamic_task_mapping.py
[2026-05-18T07:37:53.005+0000] {logging_mixin.py:190} INFO - [2026-05-18T07:37:53.004+0000] {dag.py:3239} INFO - Sync 1 DAGs
[2026-05-18T07:37:53.022+0000] {logging_mixin.py:190} INFO - [2026-05-18T07:37:53.022+0000] {dag.py:4180} INFO - Setting next_dagrun for example_dynamic_task_mapping to None, run_after=None
[2026-05-18T07:37:53.060+0000] {processor.py:208} INFO - Processing /home/noelsdavid/airflow_venv/lib/python3.12/site-packages/airflow/example_dags/example_dynamic_task_mapping.py took 0.104 seconds
[2026-05-18T07:39:02.627+0000] {processor.py:186} INFO - Started process (PID=19027) to work on /home/noelsdavid/airflow_venv/lib/python3.12/site-packages/airflow/example_dags/example_dynamic_task_mapping.py
[2026-05-18T07:39:02.630+0000] {processor.py:914} INFO - Processing file /home/noelsdavid/airflow_venv/lib/python3.12/site-packages/airflow/example_dags/example_dynamic_task_mapping.py for tasks to queue
[2026-05-18T07:39:02.632+0000] {logging_mixin.py:190} INFO - [2026-05-18T07:39:02.631+0000] {dagbag.py:588} INFO - Filling up the DagBag from /home/noelsdavid/airflow_venv/lib/python3.12/site-packages/airflow/example_dags/example_dynamic_task_mapping.py
[2026-05-18T07:39:02.646+0000] {processor.py:925} INFO - DAG(s) 'example_dynamic_task_mapping' retrieved from /home/noelsdavid/airflow_venv/lib/python3.12/site-packages/airflow/example_dags/example_dynamic_task_mapping.py
[2026-05-18T07:39:02.668+0000] {logging_mixin.py:190} INFO - [2026-05-18T07:39:02.668+0000] {dag.py:3239} INFO - Sync 1 DAGs
[2026-05-18T07:39:02.687+0000] {logging_mixin.py:190} INFO - [2026-05-18T07:39:02.686+0000] {dag.py:4180} INFO - Setting next_dagrun for example_dynamic_task_mapping to None, run_after=None
[2026-05-18T07:39:02.722+0000] {processor.py:208} INFO - Processing /home/noelsdavid/airflow_venv/lib/python3.12/site-packages/airflow/example_dags/example_dynamic_task_mapping.py took 0.105 seconds
[2026-05-18T07:40:16.183+0000] {processor.py:186} INFO - Started process (PID=19129) to work on /home/noelsdavid/airflow_venv/lib/python3.12/site-packages/airflow/example_dags/example_dynamic_task_mapping.py
[2026-05-18T07:40:16.185+0000] {processor.py:914} INFO - Processing file /home/noelsdavid/airflow_venv/lib/python3.12/site-packages/airflow/example_dags/example_dynamic_task_mapping.py for tasks to queue
[2026-05-18T07:40:16.187+0000] {logging_mixin.py:190} INFO - [2026-05-18T07:40:16.187+0000] {dagbag.py:588} INFO - Filling up the DagBag from /home/noelsdavid/airflow_venv/lib/python3.12/site-packages/airflow/example_dags/example_dynamic_task_mapping.py
[2026-05-18T07:40:16.201+0000] {processor.py:925} INFO - DAG(s) 'example_dynamic_task_mapping' retrieved from /home/noelsdavid/airflow_venv/lib/python3.12/site-packages/airflow/example_dags/example_dynamic_task_mapping.py
[2026-05-18T07:40:16.225+0000] {logging_mixin.py:190} INFO - [2026-05-18T07:40:16.224+0000] {dag.py:3239} INFO - Sync 1 DAGs
[2026-05-18T07:40:16.244+0000] {logging_mixin.py:190} INFO - [2026-05-18T07:40:16.244+0000] {dag.py:4180} INFO - Setting next_dagrun for example_dynamic_task_mapping to None, run_after=None
[2026-05-18T07:40:16.274+0000] {processor.py:208} INFO - Processing /home/noelsdavid/airflow_venv/lib/python3.12/site-packages/airflow/example_dags/example_dynamic_task_mapping.py took 0.101 seconds
