[2026-05-18T06:01:03.162+0000] {processor.py:186} INFO - Started process (PID=6937) to work on /home/noelsdavid/airflow_venv/lib/python3.12/site-packages/airflow/example_dags/example_dataset_alias_with_no_taskflow.py
[2026-05-18T06:01:03.163+0000] {processor.py:914} INFO - Processing file /home/noelsdavid/airflow_venv/lib/python3.12/site-packages/airflow/example_dags/example_dataset_alias_with_no_taskflow.py for tasks to queue
[2026-05-18T06:01:03.165+0000] {logging_mixin.py:190} INFO - [2026-05-18T06:01:03.165+0000] {dagbag.py:588} INFO - Filling up the DagBag from /home/noelsdavid/airflow_venv/lib/python3.12/site-packages/airflow/example_dags/example_dataset_alias_with_no_taskflow.py
[2026-05-18T06:01:03.190+0000] {processor.py:925} INFO - DAG(s) 'dataset_alias_example_alias_producer_with_no_taskflow', 'dataset_s3_bucket_producer_with_no_taskflow', 'dataset_alias_example_alias_consumer_with_no_taskflow', 'dataset_s3_bucket_consumer_with_no_taskflow' retrieved from /home/noelsdavid/airflow_venv/lib/python3.12/site-packages/airflow/example_dags/example_dataset_alias_with_no_taskflow.py
[2026-05-18T06:01:03.311+0000] {logging_mixin.py:190} INFO - [2026-05-18T06:01:03.310+0000] {override.py:1911} INFO - Created Permission View: can edit on DAG:dataset_alias_example_alias_producer_with_no_taskflow
[2026-05-18T06:01:03.327+0000] {logging_mixin.py:190} INFO - [2026-05-18T06:01:03.327+0000] {override.py:1911} INFO - Created Permission View: can delete on DAG:dataset_alias_example_alias_producer_with_no_taskflow
[2026-05-18T06:01:03.341+0000] {logging_mixin.py:190} INFO - [2026-05-18T06:01:03.340+0000] {override.py:1911} INFO - Created Permission View: can read on DAG:dataset_alias_example_alias_producer_with_no_taskflow
[2026-05-18T06:01:03.362+0000] {logging_mixin.py:190} INFO - [2026-05-18T06:01:03.361+0000] {override.py:1911} INFO - Created Permission View: can delete on DAG Run:dataset_alias_example_alias_producer_with_no_taskflow
[2026-05-18T06:01:03.375+0000] {logging_mixin.py:190} INFO - [2026-05-18T06:01:03.375+0000] {override.py:1911} INFO - Created Permission View: menu access on DAG Run:dataset_alias_example_alias_producer_with_no_taskflow
[2026-05-18T06:01:03.388+0000] {logging_mixin.py:190} INFO - [2026-05-18T06:01:03.388+0000] {override.py:1911} INFO - Created Permission View: can create on DAG Run:dataset_alias_example_alias_producer_with_no_taskflow
[2026-05-18T06:01:03.401+0000] {logging_mixin.py:190} INFO - [2026-05-18T06:01:03.400+0000] {override.py:1911} INFO - Created Permission View: can read on DAG Run:dataset_alias_example_alias_producer_with_no_taskflow
[2026-05-18T06:01:03.430+0000] {logging_mixin.py:190} INFO - [2026-05-18T06:01:03.429+0000] {override.py:1911} INFO - Created Permission View: can edit on DAG:dataset_s3_bucket_producer_with_no_taskflow
[2026-05-18T06:01:03.445+0000] {logging_mixin.py:190} INFO - [2026-05-18T06:01:03.444+0000] {override.py:1911} INFO - Created Permission View: can delete on DAG:dataset_s3_bucket_producer_with_no_taskflow
[2026-05-18T06:01:03.458+0000] {logging_mixin.py:190} INFO - [2026-05-18T06:01:03.457+0000] {override.py:1911} INFO - Created Permission View: can read on DAG:dataset_s3_bucket_producer_with_no_taskflow
[2026-05-18T06:01:03.480+0000] {logging_mixin.py:190} INFO - [2026-05-18T06:01:03.479+0000] {override.py:1911} INFO - Created Permission View: can delete on DAG Run:dataset_s3_bucket_producer_with_no_taskflow
[2026-05-18T06:01:03.493+0000] {logging_mixin.py:190} INFO - [2026-05-18T06:01:03.493+0000] {override.py:1911} INFO - Created Permission View: menu access on DAG Run:dataset_s3_bucket_producer_with_no_taskflow
[2026-05-18T06:01:03.506+0000] {logging_mixin.py:190} INFO - [2026-05-18T06:01:03.505+0000] {override.py:1911} INFO - Created Permission View: can create on DAG Run:dataset_s3_bucket_producer_with_no_taskflow
[2026-05-18T06:01:03.521+0000] {logging_mixin.py:190} INFO - [2026-05-18T06:01:03.521+0000] {override.py:1911} INFO - Created Permission View: can read on DAG Run:dataset_s3_bucket_producer_with_no_taskflow
[2026-05-18T06:01:03.550+0000] {logging_mixin.py:190} INFO - [2026-05-18T06:01:03.549+0000] {override.py:1911} INFO - Created Permission View: can edit on DAG:dataset_alias_example_alias_consumer_with_no_taskflow
[2026-05-18T06:01:03.563+0000] {logging_mixin.py:190} INFO - [2026-05-18T06:01:03.563+0000] {override.py:1911} INFO - Created Permission View: can delete on DAG:dataset_alias_example_alias_consumer_with_no_taskflow
[2026-05-18T06:01:03.577+0000] {logging_mixin.py:190} INFO - [2026-05-18T06:01:03.577+0000] {override.py:1911} INFO - Created Permission View: can read on DAG:dataset_alias_example_alias_consumer_with_no_taskflow
[2026-05-18T06:01:03.599+0000] {logging_mixin.py:190} INFO - [2026-05-18T06:01:03.599+0000] {override.py:1911} INFO - Created Permission View: can delete on DAG Run:dataset_alias_example_alias_consumer_with_no_taskflow
[2026-05-18T06:01:03.612+0000] {logging_mixin.py:190} INFO - [2026-05-18T06:01:03.612+0000] {override.py:1911} INFO - Created Permission View: menu access on DAG Run:dataset_alias_example_alias_consumer_with_no_taskflow
[2026-05-18T06:01:03.626+0000] {logging_mixin.py:190} INFO - [2026-05-18T06:01:03.626+0000] {override.py:1911} INFO - Created Permission View: can create on DAG Run:dataset_alias_example_alias_consumer_with_no_taskflow
[2026-05-18T06:01:03.639+0000] {logging_mixin.py:190} INFO - [2026-05-18T06:01:03.639+0000] {override.py:1911} INFO - Created Permission View: can read on DAG Run:dataset_alias_example_alias_consumer_with_no_taskflow
[2026-05-18T06:01:03.668+0000] {logging_mixin.py:190} INFO - [2026-05-18T06:01:03.667+0000] {override.py:1911} INFO - Created Permission View: can edit on DAG:dataset_s3_bucket_consumer_with_no_taskflow
[2026-05-18T06:01:03.684+0000] {logging_mixin.py:190} INFO - [2026-05-18T06:01:03.683+0000] {override.py:1911} INFO - Created Permission View: can delete on DAG:dataset_s3_bucket_consumer_with_no_taskflow
[2026-05-18T06:01:03.697+0000] {logging_mixin.py:190} INFO - [2026-05-18T06:01:03.696+0000] {override.py:1911} INFO - Created Permission View: can read on DAG:dataset_s3_bucket_consumer_with_no_taskflow
[2026-05-18T06:01:03.718+0000] {logging_mixin.py:190} INFO - [2026-05-18T06:01:03.718+0000] {override.py:1911} INFO - Created Permission View: can delete on DAG Run:dataset_s3_bucket_consumer_with_no_taskflow
[2026-05-18T06:01:03.731+0000] {logging_mixin.py:190} INFO - [2026-05-18T06:01:03.731+0000] {override.py:1911} INFO - Created Permission View: menu access on DAG Run:dataset_s3_bucket_consumer_with_no_taskflow
[2026-05-18T06:01:03.745+0000] {logging_mixin.py:190} INFO - [2026-05-18T06:01:03.744+0000] {override.py:1911} INFO - Created Permission View: can create on DAG Run:dataset_s3_bucket_consumer_with_no_taskflow
[2026-05-18T06:01:03.756+0000] {logging_mixin.py:190} INFO - [2026-05-18T06:01:03.756+0000] {override.py:1911} INFO - Created Permission View: can read on DAG Run:dataset_s3_bucket_consumer_with_no_taskflow
[2026-05-18T06:01:03.757+0000] {logging_mixin.py:190} INFO - [2026-05-18T06:01:03.757+0000] {dag.py:3239} INFO - Sync 4 DAGs
[2026-05-18T06:01:03.770+0000] {logging_mixin.py:190} INFO - [2026-05-18T06:01:03.770+0000] {dag.py:3262} INFO - Creating ORM DAG for dataset_s3_bucket_producer_with_no_taskflow
[2026-05-18T06:01:03.771+0000] {logging_mixin.py:190} INFO - [2026-05-18T06:01:03.770+0000] {dag.py:3262} INFO - Creating ORM DAG for dataset_alias_example_alias_consumer_with_no_taskflow
[2026-05-18T06:01:03.771+0000] {logging_mixin.py:190} INFO - [2026-05-18T06:01:03.771+0000] {dag.py:3262} INFO - Creating ORM DAG for dataset_alias_example_alias_producer_with_no_taskflow
[2026-05-18T06:01:03.772+0000] {logging_mixin.py:190} INFO - [2026-05-18T06:01:03.772+0000] {dag.py:3262} INFO - Creating ORM DAG for dataset_s3_bucket_consumer_with_no_taskflow
[2026-05-18T06:01:03.781+0000] {logging_mixin.py:190} INFO - [2026-05-18T06:01:03.781+0000] {dag.py:4180} INFO - Setting next_dagrun for dataset_alias_example_alias_consumer_with_no_taskflow to None, run_after=None
[2026-05-18T06:01:03.782+0000] {logging_mixin.py:190} INFO - [2026-05-18T06:01:03.782+0000] {dag.py:4180} INFO - Setting next_dagrun for dataset_alias_example_alias_producer_with_no_taskflow to None, run_after=None
[2026-05-18T06:01:03.782+0000] {logging_mixin.py:190} INFO - [2026-05-18T06:01:03.782+0000] {dag.py:4180} INFO - Setting next_dagrun for dataset_s3_bucket_consumer_with_no_taskflow to None, run_after=None
[2026-05-18T06:01:03.783+0000] {logging_mixin.py:190} INFO - [2026-05-18T06:01:03.783+0000] {dag.py:4180} INFO - Setting next_dagrun for dataset_s3_bucket_producer_with_no_taskflow to None, run_after=None
[2026-05-18T06:01:03.823+0000] {processor.py:208} INFO - Processing /home/noelsdavid/airflow_venv/lib/python3.12/site-packages/airflow/example_dags/example_dataset_alias_with_no_taskflow.py took 0.669 seconds
[2026-05-18T06:02:10.866+0000] {processor.py:186} INFO - Started process (PID=7001) to work on /home/noelsdavid/airflow_venv/lib/python3.12/site-packages/airflow/example_dags/example_dataset_alias_with_no_taskflow.py
[2026-05-18T06:02:10.886+0000] {processor.py:914} INFO - Processing file /home/noelsdavid/airflow_venv/lib/python3.12/site-packages/airflow/example_dags/example_dataset_alias_with_no_taskflow.py for tasks to queue
[2026-05-18T06:02:10.889+0000] {logging_mixin.py:190} INFO - [2026-05-18T06:02:10.888+0000] {dagbag.py:588} INFO - Filling up the DagBag from /home/noelsdavid/airflow_venv/lib/python3.12/site-packages/airflow/example_dags/example_dataset_alias_with_no_taskflow.py
[2026-05-18T06:02:10.923+0000] {processor.py:925} INFO - DAG(s) 'dataset_s3_bucket_producer_with_no_taskflow', 'dataset_alias_example_alias_consumer_with_no_taskflow', 'dataset_alias_example_alias_producer_with_no_taskflow', 'dataset_s3_bucket_consumer_with_no_taskflow' retrieved from /home/noelsdavid/airflow_venv/lib/python3.12/site-packages/airflow/example_dags/example_dataset_alias_with_no_taskflow.py
[2026-05-18T06:02:10.950+0000] {logging_mixin.py:190} INFO - [2026-05-18T06:02:10.950+0000] {dag.py:3239} INFO - Sync 4 DAGs
[2026-05-18T06:02:10.976+0000] {logging_mixin.py:190} INFO - [2026-05-18T06:02:10.976+0000] {dag.py:4180} INFO - Setting next_dagrun for dataset_alias_example_alias_consumer_with_no_taskflow to None, run_after=None
[2026-05-18T06:02:10.979+0000] {logging_mixin.py:190} INFO - [2026-05-18T06:02:10.979+0000] {dag.py:4180} INFO - Setting next_dagrun for dataset_alias_example_alias_producer_with_no_taskflow to None, run_after=None
[2026-05-18T06:02:10.980+0000] {logging_mixin.py:190} INFO - [2026-05-18T06:02:10.980+0000] {dag.py:4180} INFO - Setting next_dagrun for dataset_s3_bucket_consumer_with_no_taskflow to None, run_after=None
[2026-05-18T06:02:10.981+0000] {logging_mixin.py:190} INFO - [2026-05-18T06:02:10.981+0000] {dag.py:4180} INFO - Setting next_dagrun for dataset_s3_bucket_producer_with_no_taskflow to None, run_after=None
[2026-05-18T06:02:11.019+0000] {processor.py:208} INFO - Processing /home/noelsdavid/airflow_venv/lib/python3.12/site-packages/airflow/example_dags/example_dataset_alias_with_no_taskflow.py took 0.160 seconds
[2026-05-18T06:03:11.599+0000] {processor.py:186} INFO - Started process (PID=7060) to work on /home/noelsdavid/airflow_venv/lib/python3.12/site-packages/airflow/example_dags/example_dataset_alias_with_no_taskflow.py
[2026-05-18T06:03:11.614+0000] {processor.py:914} INFO - Processing file /home/noelsdavid/airflow_venv/lib/python3.12/site-packages/airflow/example_dags/example_dataset_alias_with_no_taskflow.py for tasks to queue
[2026-05-18T06:03:11.617+0000] {logging_mixin.py:190} INFO - [2026-05-18T06:03:11.616+0000] {dagbag.py:588} INFO - Filling up the DagBag from /home/noelsdavid/airflow_venv/lib/python3.12/site-packages/airflow/example_dags/example_dataset_alias_with_no_taskflow.py
[2026-05-18T06:03:11.653+0000] {processor.py:925} INFO - DAG(s) 'dataset_alias_example_alias_consumer_with_no_taskflow', 'dataset_s3_bucket_consumer_with_no_taskflow', 'dataset_alias_example_alias_producer_with_no_taskflow', 'dataset_s3_bucket_producer_with_no_taskflow' retrieved from /home/noelsdavid/airflow_venv/lib/python3.12/site-packages/airflow/example_dags/example_dataset_alias_with_no_taskflow.py
[2026-05-18T06:03:11.690+0000] {logging_mixin.py:190} INFO - [2026-05-18T06:03:11.689+0000] {dag.py:3239} INFO - Sync 4 DAGs
[2026-05-18T06:03:11.727+0000] {logging_mixin.py:190} INFO - [2026-05-18T06:03:11.727+0000] {dag.py:4180} INFO - Setting next_dagrun for dataset_alias_example_alias_consumer_with_no_taskflow to None, run_after=None
[2026-05-18T06:03:11.731+0000] {logging_mixin.py:190} INFO - [2026-05-18T06:03:11.731+0000] {dag.py:4180} INFO - Setting next_dagrun for dataset_alias_example_alias_producer_with_no_taskflow to None, run_after=None
[2026-05-18T06:03:11.733+0000] {logging_mixin.py:190} INFO - [2026-05-18T06:03:11.733+0000] {dag.py:4180} INFO - Setting next_dagrun for dataset_s3_bucket_consumer_with_no_taskflow to None, run_after=None
[2026-05-18T06:03:11.735+0000] {logging_mixin.py:190} INFO - [2026-05-18T06:03:11.735+0000] {dag.py:4180} INFO - Setting next_dagrun for dataset_s3_bucket_producer_with_no_taskflow to None, run_after=None
[2026-05-18T06:03:11.771+0000] {processor.py:208} INFO - Processing /home/noelsdavid/airflow_venv/lib/python3.12/site-packages/airflow/example_dags/example_dataset_alias_with_no_taskflow.py took 0.179 seconds
[2026-05-18T06:04:11.868+0000] {processor.py:186} INFO - Started process (PID=7120) to work on /home/noelsdavid/airflow_venv/lib/python3.12/site-packages/airflow/example_dags/example_dataset_alias_with_no_taskflow.py
[2026-05-18T06:04:11.870+0000] {processor.py:914} INFO - Processing file /home/noelsdavid/airflow_venv/lib/python3.12/site-packages/airflow/example_dags/example_dataset_alias_with_no_taskflow.py for tasks to queue
[2026-05-18T06:04:11.873+0000] {logging_mixin.py:190} INFO - [2026-05-18T06:04:11.873+0000] {dagbag.py:588} INFO - Filling up the DagBag from /home/noelsdavid/airflow_venv/lib/python3.12/site-packages/airflow/example_dags/example_dataset_alias_with_no_taskflow.py
[2026-05-18T06:04:11.907+0000] {processor.py:925} INFO - DAG(s) 'dataset_alias_example_alias_producer_with_no_taskflow', 'dataset_s3_bucket_consumer_with_no_taskflow', 'dataset_s3_bucket_producer_with_no_taskflow', 'dataset_alias_example_alias_consumer_with_no_taskflow' retrieved from /home/noelsdavid/airflow_venv/lib/python3.12/site-packages/airflow/example_dags/example_dataset_alias_with_no_taskflow.py
[2026-05-18T06:04:11.936+0000] {logging_mixin.py:190} INFO - [2026-05-18T06:04:11.936+0000] {dag.py:3239} INFO - Sync 4 DAGs
[2026-05-18T06:04:11.962+0000] {logging_mixin.py:190} INFO - [2026-05-18T06:04:11.961+0000] {dag.py:4180} INFO - Setting next_dagrun for dataset_alias_example_alias_consumer_with_no_taskflow to None, run_after=None
[2026-05-18T06:04:11.964+0000] {logging_mixin.py:190} INFO - [2026-05-18T06:04:11.964+0000] {dag.py:4180} INFO - Setting next_dagrun for dataset_alias_example_alias_producer_with_no_taskflow to None, run_after=None
[2026-05-18T06:04:11.966+0000] {logging_mixin.py:190} INFO - [2026-05-18T06:04:11.966+0000] {dag.py:4180} INFO - Setting next_dagrun for dataset_s3_bucket_consumer_with_no_taskflow to None, run_after=None
[2026-05-18T06:04:11.967+0000] {logging_mixin.py:190} INFO - [2026-05-18T06:04:11.967+0000] {dag.py:4180} INFO - Setting next_dagrun for dataset_s3_bucket_producer_with_no_taskflow to None, run_after=None
[2026-05-18T06:04:12.002+0000] {processor.py:208} INFO - Processing /home/noelsdavid/airflow_venv/lib/python3.12/site-packages/airflow/example_dags/example_dataset_alias_with_no_taskflow.py took 0.143 seconds
[2026-05-18T06:05:15.737+0000] {processor.py:186} INFO - Started process (PID=7207) to work on /home/noelsdavid/airflow_venv/lib/python3.12/site-packages/airflow/example_dags/example_dataset_alias_with_no_taskflow.py
[2026-05-18T06:05:15.750+0000] {processor.py:914} INFO - Processing file /home/noelsdavid/airflow_venv/lib/python3.12/site-packages/airflow/example_dags/example_dataset_alias_with_no_taskflow.py for tasks to queue
[2026-05-18T06:05:15.753+0000] {logging_mixin.py:190} INFO - [2026-05-18T06:05:15.753+0000] {dagbag.py:588} INFO - Filling up the DagBag from /home/noelsdavid/airflow_venv/lib/python3.12/site-packages/airflow/example_dags/example_dataset_alias_with_no_taskflow.py
[2026-05-18T06:05:15.785+0000] {processor.py:925} INFO - DAG(s) 'dataset_s3_bucket_producer_with_no_taskflow', 'dataset_alias_example_alias_producer_with_no_taskflow', 'dataset_alias_example_alias_consumer_with_no_taskflow', 'dataset_s3_bucket_consumer_with_no_taskflow' retrieved from /home/noelsdavid/airflow_venv/lib/python3.12/site-packages/airflow/example_dags/example_dataset_alias_with_no_taskflow.py
[2026-05-18T06:05:15.811+0000] {logging_mixin.py:190} INFO - [2026-05-18T06:05:15.810+0000] {dag.py:3239} INFO - Sync 4 DAGs
[2026-05-18T06:05:15.993+0000] {logging_mixin.py:190} INFO - [2026-05-18T06:05:15.993+0000] {dag.py:4180} INFO - Setting next_dagrun for dataset_alias_example_alias_consumer_with_no_taskflow to None, run_after=None
[2026-05-18T06:05:15.996+0000] {logging_mixin.py:190} INFO - [2026-05-18T06:05:15.996+0000] {dag.py:4180} INFO - Setting next_dagrun for dataset_alias_example_alias_producer_with_no_taskflow to None, run_after=None
[2026-05-18T06:05:15.997+0000] {logging_mixin.py:190} INFO - [2026-05-18T06:05:15.997+0000] {dag.py:4180} INFO - Setting next_dagrun for dataset_s3_bucket_consumer_with_no_taskflow to None, run_after=None
[2026-05-18T06:05:15.998+0000] {logging_mixin.py:190} INFO - [2026-05-18T06:05:15.998+0000] {dag.py:4180} INFO - Setting next_dagrun for dataset_s3_bucket_producer_with_no_taskflow to None, run_after=None
[2026-05-18T06:05:16.031+0000] {processor.py:208} INFO - Processing /home/noelsdavid/airflow_venv/lib/python3.12/site-packages/airflow/example_dags/example_dataset_alias_with_no_taskflow.py took 0.302 seconds
[2026-05-18T06:06:27.128+0000] {processor.py:186} INFO - Started process (PID=7273) to work on /home/noelsdavid/airflow_venv/lib/python3.12/site-packages/airflow/example_dags/example_dataset_alias_with_no_taskflow.py
[2026-05-18T06:06:27.130+0000] {processor.py:914} INFO - Processing file /home/noelsdavid/airflow_venv/lib/python3.12/site-packages/airflow/example_dags/example_dataset_alias_with_no_taskflow.py for tasks to queue
[2026-05-18T06:06:27.133+0000] {logging_mixin.py:190} INFO - [2026-05-18T06:06:27.133+0000] {dagbag.py:588} INFO - Filling up the DagBag from /home/noelsdavid/airflow_venv/lib/python3.12/site-packages/airflow/example_dags/example_dataset_alias_with_no_taskflow.py
[2026-05-18T06:06:27.165+0000] {processor.py:925} INFO - DAG(s) 'dataset_s3_bucket_producer_with_no_taskflow', 'dataset_alias_example_alias_consumer_with_no_taskflow', 'dataset_s3_bucket_consumer_with_no_taskflow', 'dataset_alias_example_alias_producer_with_no_taskflow' retrieved from /home/noelsdavid/airflow_venv/lib/python3.12/site-packages/airflow/example_dags/example_dataset_alias_with_no_taskflow.py
[2026-05-18T06:06:27.191+0000] {logging_mixin.py:190} INFO - [2026-05-18T06:06:27.191+0000] {dag.py:3239} INFO - Sync 4 DAGs
[2026-05-18T06:06:27.216+0000] {logging_mixin.py:190} INFO - [2026-05-18T06:06:27.216+0000] {dag.py:4180} INFO - Setting next_dagrun for dataset_alias_example_alias_consumer_with_no_taskflow to None, run_after=None
[2026-05-18T06:06:27.219+0000] {logging_mixin.py:190} INFO - [2026-05-18T06:06:27.219+0000] {dag.py:4180} INFO - Setting next_dagrun for dataset_alias_example_alias_producer_with_no_taskflow to None, run_after=None
[2026-05-18T06:06:27.220+0000] {logging_mixin.py:190} INFO - [2026-05-18T06:06:27.220+0000] {dag.py:4180} INFO - Setting next_dagrun for dataset_s3_bucket_consumer_with_no_taskflow to None, run_after=None
[2026-05-18T06:06:27.222+0000] {logging_mixin.py:190} INFO - [2026-05-18T06:06:27.221+0000] {dag.py:4180} INFO - Setting next_dagrun for dataset_s3_bucket_producer_with_no_taskflow to None, run_after=None
[2026-05-18T06:06:27.253+0000] {processor.py:208} INFO - Processing /home/noelsdavid/airflow_venv/lib/python3.12/site-packages/airflow/example_dags/example_dataset_alias_with_no_taskflow.py took 0.134 seconds
[2026-05-18T06:07:23.696+0000] {processor.py:186} INFO - Started process (PID=7330) to work on /home/noelsdavid/airflow_venv/lib/python3.12/site-packages/airflow/example_dags/example_dataset_alias_with_no_taskflow.py
[2026-05-18T06:07:23.700+0000] {processor.py:914} INFO - Processing file /home/noelsdavid/airflow_venv/lib/python3.12/site-packages/airflow/example_dags/example_dataset_alias_with_no_taskflow.py for tasks to queue
[2026-05-18T06:07:23.705+0000] {logging_mixin.py:190} INFO - [2026-05-18T06:07:23.704+0000] {dagbag.py:588} INFO - Filling up the DagBag from /home/noelsdavid/airflow_venv/lib/python3.12/site-packages/airflow/example_dags/example_dataset_alias_with_no_taskflow.py
[2026-05-18T06:07:23.740+0000] {processor.py:925} INFO - DAG(s) 'dataset_s3_bucket_producer_with_no_taskflow', 'dataset_alias_example_alias_consumer_with_no_taskflow', 'dataset_alias_example_alias_producer_with_no_taskflow', 'dataset_s3_bucket_consumer_with_no_taskflow' retrieved from /home/noelsdavid/airflow_venv/lib/python3.12/site-packages/airflow/example_dags/example_dataset_alias_with_no_taskflow.py
[2026-05-18T06:07:23.769+0000] {logging_mixin.py:190} INFO - [2026-05-18T06:07:23.769+0000] {dag.py:3239} INFO - Sync 4 DAGs
[2026-05-18T06:07:23.799+0000] {logging_mixin.py:190} INFO - [2026-05-18T06:07:23.799+0000] {dag.py:4180} INFO - Setting next_dagrun for dataset_alias_example_alias_consumer_with_no_taskflow to None, run_after=None
[2026-05-18T06:07:23.803+0000] {logging_mixin.py:190} INFO - [2026-05-18T06:07:23.802+0000] {dag.py:4180} INFO - Setting next_dagrun for dataset_alias_example_alias_producer_with_no_taskflow to None, run_after=None
[2026-05-18T06:07:23.804+0000] {logging_mixin.py:190} INFO - [2026-05-18T06:07:23.804+0000] {dag.py:4180} INFO - Setting next_dagrun for dataset_s3_bucket_consumer_with_no_taskflow to None, run_after=None
[2026-05-18T06:07:23.805+0000] {logging_mixin.py:190} INFO - [2026-05-18T06:07:23.805+0000] {dag.py:4180} INFO - Setting next_dagrun for dataset_s3_bucket_producer_with_no_taskflow to None, run_after=None
[2026-05-18T06:07:23.843+0000] {processor.py:208} INFO - Processing /home/noelsdavid/airflow_venv/lib/python3.12/site-packages/airflow/example_dags/example_dataset_alias_with_no_taskflow.py took 0.156 seconds
[2026-05-18T06:08:26.163+0000] {processor.py:186} INFO - Started process (PID=7389) to work on /home/noelsdavid/airflow_venv/lib/python3.12/site-packages/airflow/example_dags/example_dataset_alias_with_no_taskflow.py
[2026-05-18T06:08:26.165+0000] {processor.py:914} INFO - Processing file /home/noelsdavid/airflow_venv/lib/python3.12/site-packages/airflow/example_dags/example_dataset_alias_with_no_taskflow.py for tasks to queue
[2026-05-18T06:08:26.169+0000] {logging_mixin.py:190} INFO - [2026-05-18T06:08:26.168+0000] {dagbag.py:588} INFO - Filling up the DagBag from /home/noelsdavid/airflow_venv/lib/python3.12/site-packages/airflow/example_dags/example_dataset_alias_with_no_taskflow.py
[2026-05-18T06:08:26.201+0000] {processor.py:925} INFO - DAG(s) 'dataset_s3_bucket_consumer_with_no_taskflow', 'dataset_alias_example_alias_consumer_with_no_taskflow', 'dataset_s3_bucket_producer_with_no_taskflow', 'dataset_alias_example_alias_producer_with_no_taskflow' retrieved from /home/noelsdavid/airflow_venv/lib/python3.12/site-packages/airflow/example_dags/example_dataset_alias_with_no_taskflow.py
[2026-05-18T06:08:26.227+0000] {logging_mixin.py:190} INFO - [2026-05-18T06:08:26.227+0000] {dag.py:3239} INFO - Sync 4 DAGs
[2026-05-18T06:08:26.253+0000] {logging_mixin.py:190} INFO - [2026-05-18T06:08:26.252+0000] {dag.py:4180} INFO - Setting next_dagrun for dataset_alias_example_alias_consumer_with_no_taskflow to None, run_after=None
[2026-05-18T06:08:26.255+0000] {logging_mixin.py:190} INFO - [2026-05-18T06:08:26.255+0000] {dag.py:4180} INFO - Setting next_dagrun for dataset_alias_example_alias_producer_with_no_taskflow to None, run_after=None
[2026-05-18T06:08:26.258+0000] {logging_mixin.py:190} INFO - [2026-05-18T06:08:26.258+0000] {dag.py:4180} INFO - Setting next_dagrun for dataset_s3_bucket_consumer_with_no_taskflow to None, run_after=None
[2026-05-18T06:08:26.260+0000] {logging_mixin.py:190} INFO - [2026-05-18T06:08:26.259+0000] {dag.py:4180} INFO - Setting next_dagrun for dataset_s3_bucket_producer_with_no_taskflow to None, run_after=None
[2026-05-18T06:08:26.296+0000] {processor.py:208} INFO - Processing /home/noelsdavid/airflow_venv/lib/python3.12/site-packages/airflow/example_dags/example_dataset_alias_with_no_taskflow.py took 0.140 seconds
[2026-05-18T06:09:30.930+0000] {processor.py:186} INFO - Started process (PID=7451) to work on /home/noelsdavid/airflow_venv/lib/python3.12/site-packages/airflow/example_dags/example_dataset_alias_with_no_taskflow.py
[2026-05-18T06:09:30.932+0000] {processor.py:914} INFO - Processing file /home/noelsdavid/airflow_venv/lib/python3.12/site-packages/airflow/example_dags/example_dataset_alias_with_no_taskflow.py for tasks to queue
[2026-05-18T06:09:30.935+0000] {logging_mixin.py:190} INFO - [2026-05-18T06:09:30.935+0000] {dagbag.py:588} INFO - Filling up the DagBag from /home/noelsdavid/airflow_venv/lib/python3.12/site-packages/airflow/example_dags/example_dataset_alias_with_no_taskflow.py
[2026-05-18T06:09:30.968+0000] {processor.py:925} INFO - DAG(s) 'dataset_alias_example_alias_consumer_with_no_taskflow', 'dataset_alias_example_alias_producer_with_no_taskflow', 'dataset_s3_bucket_consumer_with_no_taskflow', 'dataset_s3_bucket_producer_with_no_taskflow' retrieved from /home/noelsdavid/airflow_venv/lib/python3.12/site-packages/airflow/example_dags/example_dataset_alias_with_no_taskflow.py
[2026-05-18T06:09:30.995+0000] {logging_mixin.py:190} INFO - [2026-05-18T06:09:30.994+0000] {dag.py:3239} INFO - Sync 4 DAGs
[2026-05-18T06:09:31.022+0000] {logging_mixin.py:190} INFO - [2026-05-18T06:09:31.021+0000] {dag.py:4180} INFO - Setting next_dagrun for dataset_alias_example_alias_consumer_with_no_taskflow to None, run_after=None
[2026-05-18T06:09:31.025+0000] {logging_mixin.py:190} INFO - [2026-05-18T06:09:31.024+0000] {dag.py:4180} INFO - Setting next_dagrun for dataset_alias_example_alias_producer_with_no_taskflow to None, run_after=None
[2026-05-18T06:09:31.026+0000] {logging_mixin.py:190} INFO - [2026-05-18T06:09:31.026+0000] {dag.py:4180} INFO - Setting next_dagrun for dataset_s3_bucket_consumer_with_no_taskflow to None, run_after=None
[2026-05-18T06:09:31.028+0000] {logging_mixin.py:190} INFO - [2026-05-18T06:09:31.027+0000] {dag.py:4180} INFO - Setting next_dagrun for dataset_s3_bucket_producer_with_no_taskflow to None, run_after=None
[2026-05-18T06:09:31.061+0000] {processor.py:208} INFO - Processing /home/noelsdavid/airflow_venv/lib/python3.12/site-packages/airflow/example_dags/example_dataset_alias_with_no_taskflow.py took 0.139 seconds
[2026-05-18T06:10:32.675+0000] {processor.py:186} INFO - Started process (PID=7536) to work on /home/noelsdavid/airflow_venv/lib/python3.12/site-packages/airflow/example_dags/example_dataset_alias_with_no_taskflow.py
[2026-05-18T06:10:32.684+0000] {processor.py:914} INFO - Processing file /home/noelsdavid/airflow_venv/lib/python3.12/site-packages/airflow/example_dags/example_dataset_alias_with_no_taskflow.py for tasks to queue
[2026-05-18T06:10:32.689+0000] {logging_mixin.py:190} INFO - [2026-05-18T06:10:32.688+0000] {dagbag.py:588} INFO - Filling up the DagBag from /home/noelsdavid/airflow_venv/lib/python3.12/site-packages/airflow/example_dags/example_dataset_alias_with_no_taskflow.py
[2026-05-18T06:10:32.722+0000] {processor.py:925} INFO - DAG(s) 'dataset_s3_bucket_producer_with_no_taskflow', 'dataset_alias_example_alias_consumer_with_no_taskflow', 'dataset_s3_bucket_consumer_with_no_taskflow', 'dataset_alias_example_alias_producer_with_no_taskflow' retrieved from /home/noelsdavid/airflow_venv/lib/python3.12/site-packages/airflow/example_dags/example_dataset_alias_with_no_taskflow.py
[2026-05-18T06:10:32.749+0000] {logging_mixin.py:190} INFO - [2026-05-18T06:10:32.749+0000] {dag.py:3239} INFO - Sync 4 DAGs
[2026-05-18T06:10:32.777+0000] {logging_mixin.py:190} INFO - [2026-05-18T06:10:32.777+0000] {dag.py:4180} INFO - Setting next_dagrun for dataset_alias_example_alias_consumer_with_no_taskflow to None, run_after=None
[2026-05-18T06:10:32.780+0000] {logging_mixin.py:190} INFO - [2026-05-18T06:10:32.779+0000] {dag.py:4180} INFO - Setting next_dagrun for dataset_alias_example_alias_producer_with_no_taskflow to None, run_after=None
[2026-05-18T06:10:32.781+0000] {logging_mixin.py:190} INFO - [2026-05-18T06:10:32.781+0000] {dag.py:4180} INFO - Setting next_dagrun for dataset_s3_bucket_consumer_with_no_taskflow to None, run_after=None
[2026-05-18T06:10:32.782+0000] {logging_mixin.py:190} INFO - [2026-05-18T06:10:32.782+0000] {dag.py:4180} INFO - Setting next_dagrun for dataset_s3_bucket_producer_with_no_taskflow to None, run_after=None
[2026-05-18T06:10:32.815+0000] {processor.py:208} INFO - Processing /home/noelsdavid/airflow_venv/lib/python3.12/site-packages/airflow/example_dags/example_dataset_alias_with_no_taskflow.py took 0.150 seconds
[2026-05-18T06:11:32.575+0000] {processor.py:186} INFO - Started process (PID=7595) to work on /home/noelsdavid/airflow_venv/lib/python3.12/site-packages/airflow/example_dags/example_dataset_alias_with_no_taskflow.py
[2026-05-18T06:11:32.613+0000] {processor.py:914} INFO - Processing file /home/noelsdavid/airflow_venv/lib/python3.12/site-packages/airflow/example_dags/example_dataset_alias_with_no_taskflow.py for tasks to queue
[2026-05-18T06:11:32.617+0000] {logging_mixin.py:190} INFO - [2026-05-18T06:11:32.616+0000] {dagbag.py:588} INFO - Filling up the DagBag from /home/noelsdavid/airflow_venv/lib/python3.12/site-packages/airflow/example_dags/example_dataset_alias_with_no_taskflow.py
[2026-05-18T06:11:32.650+0000] {processor.py:925} INFO - DAG(s) 'dataset_alias_example_alias_producer_with_no_taskflow', 'dataset_s3_bucket_consumer_with_no_taskflow', 'dataset_alias_example_alias_consumer_with_no_taskflow', 'dataset_s3_bucket_producer_with_no_taskflow' retrieved from /home/noelsdavid/airflow_venv/lib/python3.12/site-packages/airflow/example_dags/example_dataset_alias_with_no_taskflow.py
[2026-05-18T06:11:32.678+0000] {logging_mixin.py:190} INFO - [2026-05-18T06:11:32.678+0000] {dag.py:3239} INFO - Sync 4 DAGs
[2026-05-18T06:11:32.708+0000] {logging_mixin.py:190} INFO - [2026-05-18T06:11:32.707+0000] {dag.py:4180} INFO - Setting next_dagrun for dataset_alias_example_alias_consumer_with_no_taskflow to None, run_after=None
[2026-05-18T06:11:32.711+0000] {logging_mixin.py:190} INFO - [2026-05-18T06:11:32.710+0000] {dag.py:4180} INFO - Setting next_dagrun for dataset_alias_example_alias_producer_with_no_taskflow to None, run_after=None
[2026-05-18T06:11:32.712+0000] {logging_mixin.py:190} INFO - [2026-05-18T06:11:32.712+0000] {dag.py:4180} INFO - Setting next_dagrun for dataset_s3_bucket_consumer_with_no_taskflow to None, run_after=None
[2026-05-18T06:11:32.713+0000] {logging_mixin.py:190} INFO - [2026-05-18T06:11:32.713+0000] {dag.py:4180} INFO - Setting next_dagrun for dataset_s3_bucket_producer_with_no_taskflow to None, run_after=None
[2026-05-18T06:11:32.747+0000] {processor.py:208} INFO - Processing /home/noelsdavid/airflow_venv/lib/python3.12/site-packages/airflow/example_dags/example_dataset_alias_with_no_taskflow.py took 0.180 seconds
[2026-05-18T06:12:31.244+0000] {processor.py:186} INFO - Started process (PID=7652) to work on /home/noelsdavid/airflow_venv/lib/python3.12/site-packages/airflow/example_dags/example_dataset_alias_with_no_taskflow.py
[2026-05-18T06:12:31.246+0000] {processor.py:914} INFO - Processing file /home/noelsdavid/airflow_venv/lib/python3.12/site-packages/airflow/example_dags/example_dataset_alias_with_no_taskflow.py for tasks to queue
[2026-05-18T06:12:31.249+0000] {logging_mixin.py:190} INFO - [2026-05-18T06:12:31.248+0000] {dagbag.py:588} INFO - Filling up the DagBag from /home/noelsdavid/airflow_venv/lib/python3.12/site-packages/airflow/example_dags/example_dataset_alias_with_no_taskflow.py
[2026-05-18T06:12:31.280+0000] {processor.py:925} INFO - DAG(s) 'dataset_s3_bucket_producer_with_no_taskflow', 'dataset_alias_example_alias_producer_with_no_taskflow', 'dataset_s3_bucket_consumer_with_no_taskflow', 'dataset_alias_example_alias_consumer_with_no_taskflow' retrieved from /home/noelsdavid/airflow_venv/lib/python3.12/site-packages/airflow/example_dags/example_dataset_alias_with_no_taskflow.py
[2026-05-18T06:12:31.308+0000] {logging_mixin.py:190} INFO - [2026-05-18T06:12:31.308+0000] {dag.py:3239} INFO - Sync 4 DAGs
[2026-05-18T06:12:31.336+0000] {logging_mixin.py:190} INFO - [2026-05-18T06:12:31.336+0000] {dag.py:4180} INFO - Setting next_dagrun for dataset_alias_example_alias_consumer_with_no_taskflow to None, run_after=None
[2026-05-18T06:12:31.339+0000] {logging_mixin.py:190} INFO - [2026-05-18T06:12:31.339+0000] {dag.py:4180} INFO - Setting next_dagrun for dataset_alias_example_alias_producer_with_no_taskflow to None, run_after=None
[2026-05-18T06:12:31.341+0000] {logging_mixin.py:190} INFO - [2026-05-18T06:12:31.340+0000] {dag.py:4180} INFO - Setting next_dagrun for dataset_s3_bucket_consumer_with_no_taskflow to None, run_after=None
[2026-05-18T06:12:31.342+0000] {logging_mixin.py:190} INFO - [2026-05-18T06:12:31.342+0000] {dag.py:4180} INFO - Setting next_dagrun for dataset_s3_bucket_producer_with_no_taskflow to None, run_after=None
[2026-05-18T06:12:31.376+0000] {processor.py:208} INFO - Processing /home/noelsdavid/airflow_venv/lib/python3.12/site-packages/airflow/example_dags/example_dataset_alias_with_no_taskflow.py took 0.141 seconds
[2026-05-18T06:13:31.258+0000] {processor.py:186} INFO - Started process (PID=7711) to work on /home/noelsdavid/airflow_venv/lib/python3.12/site-packages/airflow/example_dags/example_dataset_alias_with_no_taskflow.py
[2026-05-18T06:13:31.277+0000] {processor.py:914} INFO - Processing file /home/noelsdavid/airflow_venv/lib/python3.12/site-packages/airflow/example_dags/example_dataset_alias_with_no_taskflow.py for tasks to queue
[2026-05-18T06:13:31.281+0000] {logging_mixin.py:190} INFO - [2026-05-18T06:13:31.280+0000] {dagbag.py:588} INFO - Filling up the DagBag from /home/noelsdavid/airflow_venv/lib/python3.12/site-packages/airflow/example_dags/example_dataset_alias_with_no_taskflow.py
[2026-05-18T06:13:31.314+0000] {processor.py:925} INFO - DAG(s) 'dataset_s3_bucket_producer_with_no_taskflow', 'dataset_s3_bucket_consumer_with_no_taskflow', 'dataset_alias_example_alias_producer_with_no_taskflow', 'dataset_alias_example_alias_consumer_with_no_taskflow' retrieved from /home/noelsdavid/airflow_venv/lib/python3.12/site-packages/airflow/example_dags/example_dataset_alias_with_no_taskflow.py
[2026-05-18T06:13:31.342+0000] {logging_mixin.py:190} INFO - [2026-05-18T06:13:31.342+0000] {dag.py:3239} INFO - Sync 4 DAGs
[2026-05-18T06:13:31.369+0000] {logging_mixin.py:190} INFO - [2026-05-18T06:13:31.368+0000] {dag.py:4180} INFO - Setting next_dagrun for dataset_alias_example_alias_consumer_with_no_taskflow to None, run_after=None
[2026-05-18T06:13:31.371+0000] {logging_mixin.py:190} INFO - [2026-05-18T06:13:31.371+0000] {dag.py:4180} INFO - Setting next_dagrun for dataset_alias_example_alias_producer_with_no_taskflow to None, run_after=None
[2026-05-18T06:13:31.373+0000] {logging_mixin.py:190} INFO - [2026-05-18T06:13:31.372+0000] {dag.py:4180} INFO - Setting next_dagrun for dataset_s3_bucket_consumer_with_no_taskflow to None, run_after=None
[2026-05-18T06:13:31.374+0000] {logging_mixin.py:190} INFO - [2026-05-18T06:13:31.373+0000] {dag.py:4180} INFO - Setting next_dagrun for dataset_s3_bucket_producer_with_no_taskflow to None, run_after=None
[2026-05-18T06:13:31.411+0000] {processor.py:208} INFO - Processing /home/noelsdavid/airflow_venv/lib/python3.12/site-packages/airflow/example_dags/example_dataset_alias_with_no_taskflow.py took 0.161 seconds
[2026-05-18T06:14:33.340+0000] {processor.py:186} INFO - Started process (PID=7771) to work on /home/noelsdavid/airflow_venv/lib/python3.12/site-packages/airflow/example_dags/example_dataset_alias_with_no_taskflow.py
[2026-05-18T06:14:33.342+0000] {processor.py:914} INFO - Processing file /home/noelsdavid/airflow_venv/lib/python3.12/site-packages/airflow/example_dags/example_dataset_alias_with_no_taskflow.py for tasks to queue
[2026-05-18T06:14:33.345+0000] {logging_mixin.py:190} INFO - [2026-05-18T06:14:33.344+0000] {dagbag.py:588} INFO - Filling up the DagBag from /home/noelsdavid/airflow_venv/lib/python3.12/site-packages/airflow/example_dags/example_dataset_alias_with_no_taskflow.py
[2026-05-18T06:14:33.377+0000] {processor.py:925} INFO - DAG(s) 'dataset_alias_example_alias_producer_with_no_taskflow', 'dataset_s3_bucket_consumer_with_no_taskflow', 'dataset_alias_example_alias_consumer_with_no_taskflow', 'dataset_s3_bucket_producer_with_no_taskflow' retrieved from /home/noelsdavid/airflow_venv/lib/python3.12/site-packages/airflow/example_dags/example_dataset_alias_with_no_taskflow.py
[2026-05-18T06:14:33.404+0000] {logging_mixin.py:190} INFO - [2026-05-18T06:14:33.404+0000] {dag.py:3239} INFO - Sync 4 DAGs
[2026-05-18T06:14:33.430+0000] {logging_mixin.py:190} INFO - [2026-05-18T06:14:33.430+0000] {dag.py:4180} INFO - Setting next_dagrun for dataset_alias_example_alias_consumer_with_no_taskflow to None, run_after=None
[2026-05-18T06:14:33.433+0000] {logging_mixin.py:190} INFO - [2026-05-18T06:14:33.433+0000] {dag.py:4180} INFO - Setting next_dagrun for dataset_alias_example_alias_producer_with_no_taskflow to None, run_after=None
[2026-05-18T06:14:33.435+0000] {logging_mixin.py:190} INFO - [2026-05-18T06:14:33.434+0000] {dag.py:4180} INFO - Setting next_dagrun for dataset_s3_bucket_consumer_with_no_taskflow to None, run_after=None
[2026-05-18T06:14:33.436+0000] {logging_mixin.py:190} INFO - [2026-05-18T06:14:33.436+0000] {dag.py:4180} INFO - Setting next_dagrun for dataset_s3_bucket_producer_with_no_taskflow to None, run_after=None
[2026-05-18T06:14:33.473+0000] {processor.py:208} INFO - Processing /home/noelsdavid/airflow_venv/lib/python3.12/site-packages/airflow/example_dags/example_dataset_alias_with_no_taskflow.py took 0.141 seconds
[2026-05-18T06:15:36.149+0000] {processor.py:186} INFO - Started process (PID=7917) to work on /home/noelsdavid/airflow_venv/lib/python3.12/site-packages/airflow/example_dags/example_dataset_alias_with_no_taskflow.py
[2026-05-18T06:15:36.151+0000] {processor.py:914} INFO - Processing file /home/noelsdavid/airflow_venv/lib/python3.12/site-packages/airflow/example_dags/example_dataset_alias_with_no_taskflow.py for tasks to queue
[2026-05-18T06:15:36.155+0000] {logging_mixin.py:190} INFO - [2026-05-18T06:15:36.154+0000] {dagbag.py:588} INFO - Filling up the DagBag from /home/noelsdavid/airflow_venv/lib/python3.12/site-packages/airflow/example_dags/example_dataset_alias_with_no_taskflow.py
[2026-05-18T06:15:36.191+0000] {processor.py:925} INFO - DAG(s) 'dataset_alias_example_alias_producer_with_no_taskflow', 'dataset_alias_example_alias_consumer_with_no_taskflow', 'dataset_s3_bucket_producer_with_no_taskflow', 'dataset_s3_bucket_consumer_with_no_taskflow' retrieved from /home/noelsdavid/airflow_venv/lib/python3.12/site-packages/airflow/example_dags/example_dataset_alias_with_no_taskflow.py
[2026-05-18T06:15:36.221+0000] {logging_mixin.py:190} INFO - [2026-05-18T06:15:36.221+0000] {dag.py:3239} INFO - Sync 4 DAGs
[2026-05-18T06:15:36.249+0000] {logging_mixin.py:190} INFO - [2026-05-18T06:15:36.249+0000] {dag.py:4180} INFO - Setting next_dagrun for dataset_alias_example_alias_consumer_with_no_taskflow to None, run_after=None
[2026-05-18T06:15:36.252+0000] {logging_mixin.py:190} INFO - [2026-05-18T06:15:36.251+0000] {dag.py:4180} INFO - Setting next_dagrun for dataset_alias_example_alias_producer_with_no_taskflow to None, run_after=None
[2026-05-18T06:15:36.253+0000] {logging_mixin.py:190} INFO - [2026-05-18T06:15:36.253+0000] {dag.py:4180} INFO - Setting next_dagrun for dataset_s3_bucket_consumer_with_no_taskflow to None, run_after=None
[2026-05-18T06:15:36.254+0000] {logging_mixin.py:190} INFO - [2026-05-18T06:15:36.254+0000] {dag.py:4180} INFO - Setting next_dagrun for dataset_s3_bucket_producer_with_no_taskflow to None, run_after=None
[2026-05-18T06:15:36.292+0000] {processor.py:208} INFO - Processing /home/noelsdavid/airflow_venv/lib/python3.12/site-packages/airflow/example_dags/example_dataset_alias_with_no_taskflow.py took 0.152 seconds
[2026-05-18T06:16:39.555+0000] {processor.py:186} INFO - Started process (PID=8058) to work on /home/noelsdavid/airflow_venv/lib/python3.12/site-packages/airflow/example_dags/example_dataset_alias_with_no_taskflow.py
[2026-05-18T06:16:39.579+0000] {processor.py:914} INFO - Processing file /home/noelsdavid/airflow_venv/lib/python3.12/site-packages/airflow/example_dags/example_dataset_alias_with_no_taskflow.py for tasks to queue
[2026-05-18T06:16:39.583+0000] {logging_mixin.py:190} INFO - [2026-05-18T06:16:39.582+0000] {dagbag.py:588} INFO - Filling up the DagBag from /home/noelsdavid/airflow_venv/lib/python3.12/site-packages/airflow/example_dags/example_dataset_alias_with_no_taskflow.py
[2026-05-18T06:16:39.615+0000] {processor.py:925} INFO - DAG(s) 'dataset_alias_example_alias_producer_with_no_taskflow', 'dataset_s3_bucket_consumer_with_no_taskflow', 'dataset_s3_bucket_producer_with_no_taskflow', 'dataset_alias_example_alias_consumer_with_no_taskflow' retrieved from /home/noelsdavid/airflow_venv/lib/python3.12/site-packages/airflow/example_dags/example_dataset_alias_with_no_taskflow.py
[2026-05-18T06:16:39.645+0000] {logging_mixin.py:190} INFO - [2026-05-18T06:16:39.644+0000] {dag.py:3239} INFO - Sync 4 DAGs
[2026-05-18T06:16:39.670+0000] {logging_mixin.py:190} INFO - [2026-05-18T06:16:39.670+0000] {dag.py:4180} INFO - Setting next_dagrun for dataset_alias_example_alias_consumer_with_no_taskflow to None, run_after=None
[2026-05-18T06:16:39.672+0000] {logging_mixin.py:190} INFO - [2026-05-18T06:16:39.672+0000] {dag.py:4180} INFO - Setting next_dagrun for dataset_alias_example_alias_producer_with_no_taskflow to None, run_after=None
[2026-05-18T06:16:39.674+0000] {logging_mixin.py:190} INFO - [2026-05-18T06:16:39.673+0000] {dag.py:4180} INFO - Setting next_dagrun for dataset_s3_bucket_consumer_with_no_taskflow to None, run_after=None
[2026-05-18T06:16:39.675+0000] {logging_mixin.py:190} INFO - [2026-05-18T06:16:39.675+0000] {dag.py:4180} INFO - Setting next_dagrun for dataset_s3_bucket_producer_with_no_taskflow to None, run_after=None
[2026-05-18T06:16:39.711+0000] {processor.py:208} INFO - Processing /home/noelsdavid/airflow_venv/lib/python3.12/site-packages/airflow/example_dags/example_dataset_alias_with_no_taskflow.py took 0.164 seconds
[2026-05-18T06:17:43.104+0000] {processor.py:186} INFO - Started process (PID=8372) to work on /home/noelsdavid/airflow_venv/lib/python3.12/site-packages/airflow/example_dags/example_dataset_alias_with_no_taskflow.py
[2026-05-18T06:17:43.107+0000] {processor.py:914} INFO - Processing file /home/noelsdavid/airflow_venv/lib/python3.12/site-packages/airflow/example_dags/example_dataset_alias_with_no_taskflow.py for tasks to queue
[2026-05-18T06:17:43.110+0000] {logging_mixin.py:190} INFO - [2026-05-18T06:17:43.109+0000] {dagbag.py:588} INFO - Filling up the DagBag from /home/noelsdavid/airflow_venv/lib/python3.12/site-packages/airflow/example_dags/example_dataset_alias_with_no_taskflow.py
[2026-05-18T06:17:43.141+0000] {processor.py:925} INFO - DAG(s) 'dataset_s3_bucket_producer_with_no_taskflow', 'dataset_alias_example_alias_consumer_with_no_taskflow', 'dataset_s3_bucket_consumer_with_no_taskflow', 'dataset_alias_example_alias_producer_with_no_taskflow' retrieved from /home/noelsdavid/airflow_venv/lib/python3.12/site-packages/airflow/example_dags/example_dataset_alias_with_no_taskflow.py
[2026-05-18T06:17:43.167+0000] {logging_mixin.py:190} INFO - [2026-05-18T06:17:43.167+0000] {dag.py:3239} INFO - Sync 4 DAGs
[2026-05-18T06:17:43.192+0000] {logging_mixin.py:190} INFO - [2026-05-18T06:17:43.192+0000] {dag.py:4180} INFO - Setting next_dagrun for dataset_alias_example_alias_consumer_with_no_taskflow to None, run_after=None
[2026-05-18T06:17:43.195+0000] {logging_mixin.py:190} INFO - [2026-05-18T06:17:43.194+0000] {dag.py:4180} INFO - Setting next_dagrun for dataset_alias_example_alias_producer_with_no_taskflow to None, run_after=None
[2026-05-18T06:17:43.196+0000] {logging_mixin.py:190} INFO - [2026-05-18T06:17:43.196+0000] {dag.py:4180} INFO - Setting next_dagrun for dataset_s3_bucket_consumer_with_no_taskflow to None, run_after=None
[2026-05-18T06:17:43.197+0000] {logging_mixin.py:190} INFO - [2026-05-18T06:17:43.197+0000] {dag.py:4180} INFO - Setting next_dagrun for dataset_s3_bucket_producer_with_no_taskflow to None, run_after=None
[2026-05-18T06:17:43.229+0000] {processor.py:208} INFO - Processing /home/noelsdavid/airflow_venv/lib/python3.12/site-packages/airflow/example_dags/example_dataset_alias_with_no_taskflow.py took 0.133 seconds
[2026-05-18T06:18:41.087+0000] {processor.py:186} INFO - Started process (PID=8485) to work on /home/noelsdavid/airflow_venv/lib/python3.12/site-packages/airflow/example_dags/example_dataset_alias_with_no_taskflow.py
[2026-05-18T06:18:41.090+0000] {processor.py:914} INFO - Processing file /home/noelsdavid/airflow_venv/lib/python3.12/site-packages/airflow/example_dags/example_dataset_alias_with_no_taskflow.py for tasks to queue
[2026-05-18T06:18:41.094+0000] {logging_mixin.py:190} INFO - [2026-05-18T06:18:41.093+0000] {dagbag.py:588} INFO - Filling up the DagBag from /home/noelsdavid/airflow_venv/lib/python3.12/site-packages/airflow/example_dags/example_dataset_alias_with_no_taskflow.py
[2026-05-18T06:18:41.125+0000] {processor.py:925} INFO - DAG(s) 'dataset_alias_example_alias_producer_with_no_taskflow', 'dataset_s3_bucket_consumer_with_no_taskflow', 'dataset_s3_bucket_producer_with_no_taskflow', 'dataset_alias_example_alias_consumer_with_no_taskflow' retrieved from /home/noelsdavid/airflow_venv/lib/python3.12/site-packages/airflow/example_dags/example_dataset_alias_with_no_taskflow.py
[2026-05-18T06:18:41.151+0000] {logging_mixin.py:190} INFO - [2026-05-18T06:18:41.151+0000] {dag.py:3239} INFO - Sync 4 DAGs
[2026-05-18T06:18:41.177+0000] {logging_mixin.py:190} INFO - [2026-05-18T06:18:41.177+0000] {dag.py:4180} INFO - Setting next_dagrun for dataset_alias_example_alias_consumer_with_no_taskflow to None, run_after=None
[2026-05-18T06:18:41.180+0000] {logging_mixin.py:190} INFO - [2026-05-18T06:18:41.180+0000] {dag.py:4180} INFO - Setting next_dagrun for dataset_alias_example_alias_producer_with_no_taskflow to None, run_after=None
[2026-05-18T06:18:41.181+0000] {logging_mixin.py:190} INFO - [2026-05-18T06:18:41.181+0000] {dag.py:4180} INFO - Setting next_dagrun for dataset_s3_bucket_consumer_with_no_taskflow to None, run_after=None
[2026-05-18T06:18:41.182+0000] {logging_mixin.py:190} INFO - [2026-05-18T06:18:41.182+0000] {dag.py:4180} INFO - Setting next_dagrun for dataset_s3_bucket_producer_with_no_taskflow to None, run_after=None
[2026-05-18T06:18:41.216+0000] {processor.py:208} INFO - Processing /home/noelsdavid/airflow_venv/lib/python3.12/site-packages/airflow/example_dags/example_dataset_alias_with_no_taskflow.py took 0.138 seconds
[2026-05-18T06:19:41.922+0000] {processor.py:186} INFO - Started process (PID=8544) to work on /home/noelsdavid/airflow_venv/lib/python3.12/site-packages/airflow/example_dags/example_dataset_alias_with_no_taskflow.py
[2026-05-18T06:19:41.925+0000] {processor.py:914} INFO - Processing file /home/noelsdavid/airflow_venv/lib/python3.12/site-packages/airflow/example_dags/example_dataset_alias_with_no_taskflow.py for tasks to queue
[2026-05-18T06:19:41.928+0000] {logging_mixin.py:190} INFO - [2026-05-18T06:19:41.928+0000] {dagbag.py:588} INFO - Filling up the DagBag from /home/noelsdavid/airflow_venv/lib/python3.12/site-packages/airflow/example_dags/example_dataset_alias_with_no_taskflow.py
[2026-05-18T06:19:41.961+0000] {processor.py:925} INFO - DAG(s) 'dataset_s3_bucket_consumer_with_no_taskflow', 'dataset_alias_example_alias_producer_with_no_taskflow', 'dataset_alias_example_alias_consumer_with_no_taskflow', 'dataset_s3_bucket_producer_with_no_taskflow' retrieved from /home/noelsdavid/airflow_venv/lib/python3.12/site-packages/airflow/example_dags/example_dataset_alias_with_no_taskflow.py
[2026-05-18T06:19:41.987+0000] {logging_mixin.py:190} INFO - [2026-05-18T06:19:41.987+0000] {dag.py:3239} INFO - Sync 4 DAGs
[2026-05-18T06:19:42.012+0000] {logging_mixin.py:190} INFO - [2026-05-18T06:19:42.012+0000] {dag.py:4180} INFO - Setting next_dagrun for dataset_alias_example_alias_consumer_with_no_taskflow to None, run_after=None
[2026-05-18T06:19:42.015+0000] {logging_mixin.py:190} INFO - [2026-05-18T06:19:42.015+0000] {dag.py:4180} INFO - Setting next_dagrun for dataset_alias_example_alias_producer_with_no_taskflow to None, run_after=None
[2026-05-18T06:19:42.016+0000] {logging_mixin.py:190} INFO - [2026-05-18T06:19:42.016+0000] {dag.py:4180} INFO - Setting next_dagrun for dataset_s3_bucket_consumer_with_no_taskflow to None, run_after=None
[2026-05-18T06:19:42.017+0000] {logging_mixin.py:190} INFO - [2026-05-18T06:19:42.017+0000] {dag.py:4180} INFO - Setting next_dagrun for dataset_s3_bucket_producer_with_no_taskflow to None, run_after=None
[2026-05-18T06:19:42.052+0000] {processor.py:208} INFO - Processing /home/noelsdavid/airflow_venv/lib/python3.12/site-packages/airflow/example_dags/example_dataset_alias_with_no_taskflow.py took 0.138 seconds
[2026-05-18T06:20:45.705+0000] {processor.py:186} INFO - Started process (PID=8633) to work on /home/noelsdavid/airflow_venv/lib/python3.12/site-packages/airflow/example_dags/example_dataset_alias_with_no_taskflow.py
[2026-05-18T06:20:45.708+0000] {processor.py:914} INFO - Processing file /home/noelsdavid/airflow_venv/lib/python3.12/site-packages/airflow/example_dags/example_dataset_alias_with_no_taskflow.py for tasks to queue
[2026-05-18T06:20:45.710+0000] {logging_mixin.py:190} INFO - [2026-05-18T06:20:45.709+0000] {dagbag.py:588} INFO - Filling up the DagBag from /home/noelsdavid/airflow_venv/lib/python3.12/site-packages/airflow/example_dags/example_dataset_alias_with_no_taskflow.py
[2026-05-18T06:20:45.749+0000] {processor.py:925} INFO - DAG(s) 'dataset_alias_example_alias_producer_with_no_taskflow', 'dataset_s3_bucket_producer_with_no_taskflow', 'dataset_s3_bucket_consumer_with_no_taskflow', 'dataset_alias_example_alias_consumer_with_no_taskflow' retrieved from /home/noelsdavid/airflow_venv/lib/python3.12/site-packages/airflow/example_dags/example_dataset_alias_with_no_taskflow.py
[2026-05-18T06:20:45.777+0000] {logging_mixin.py:190} INFO - [2026-05-18T06:20:45.777+0000] {dag.py:3239} INFO - Sync 4 DAGs
[2026-05-18T06:20:45.803+0000] {logging_mixin.py:190} INFO - [2026-05-18T06:20:45.803+0000] {dag.py:4180} INFO - Setting next_dagrun for dataset_alias_example_alias_consumer_with_no_taskflow to None, run_after=None
[2026-05-18T06:20:45.806+0000] {logging_mixin.py:190} INFO - [2026-05-18T06:20:45.806+0000] {dag.py:4180} INFO - Setting next_dagrun for dataset_alias_example_alias_producer_with_no_taskflow to None, run_after=None
[2026-05-18T06:20:45.808+0000] {logging_mixin.py:190} INFO - [2026-05-18T06:20:45.807+0000] {dag.py:4180} INFO - Setting next_dagrun for dataset_s3_bucket_consumer_with_no_taskflow to None, run_after=None
[2026-05-18T06:20:45.809+0000] {logging_mixin.py:190} INFO - [2026-05-18T06:20:45.809+0000] {dag.py:4180} INFO - Setting next_dagrun for dataset_s3_bucket_producer_with_no_taskflow to None, run_after=None
[2026-05-18T06:20:45.846+0000] {processor.py:208} INFO - Processing /home/noelsdavid/airflow_venv/lib/python3.12/site-packages/airflow/example_dags/example_dataset_alias_with_no_taskflow.py took 0.148 seconds
[2026-05-18T06:21:48.372+0000] {processor.py:186} INFO - Started process (PID=8693) to work on /home/noelsdavid/airflow_venv/lib/python3.12/site-packages/airflow/example_dags/example_dataset_alias_with_no_taskflow.py
[2026-05-18T06:21:48.381+0000] {processor.py:914} INFO - Processing file /home/noelsdavid/airflow_venv/lib/python3.12/site-packages/airflow/example_dags/example_dataset_alias_with_no_taskflow.py for tasks to queue
[2026-05-18T06:21:48.384+0000] {logging_mixin.py:190} INFO - [2026-05-18T06:21:48.383+0000] {dagbag.py:588} INFO - Filling up the DagBag from /home/noelsdavid/airflow_venv/lib/python3.12/site-packages/airflow/example_dags/example_dataset_alias_with_no_taskflow.py
[2026-05-18T06:21:48.459+0000] {processor.py:925} INFO - DAG(s) 'dataset_alias_example_alias_consumer_with_no_taskflow', 'dataset_alias_example_alias_producer_with_no_taskflow', 'dataset_s3_bucket_producer_with_no_taskflow', 'dataset_s3_bucket_consumer_with_no_taskflow' retrieved from /home/noelsdavid/airflow_venv/lib/python3.12/site-packages/airflow/example_dags/example_dataset_alias_with_no_taskflow.py
[2026-05-18T06:21:48.537+0000] {logging_mixin.py:190} INFO - [2026-05-18T06:21:48.535+0000] {dag.py:3239} INFO - Sync 4 DAGs
[2026-05-18T06:21:48.600+0000] {logging_mixin.py:190} INFO - [2026-05-18T06:21:48.600+0000] {dag.py:4180} INFO - Setting next_dagrun for dataset_alias_example_alias_consumer_with_no_taskflow to None, run_after=None
[2026-05-18T06:21:48.610+0000] {logging_mixin.py:190} INFO - [2026-05-18T06:21:48.610+0000] {dag.py:4180} INFO - Setting next_dagrun for dataset_alias_example_alias_producer_with_no_taskflow to None, run_after=None
[2026-05-18T06:21:48.614+0000] {logging_mixin.py:190} INFO - [2026-05-18T06:21:48.611+0000] {dag.py:4180} INFO - Setting next_dagrun for dataset_s3_bucket_consumer_with_no_taskflow to None, run_after=None
[2026-05-18T06:21:48.621+0000] {logging_mixin.py:190} INFO - [2026-05-18T06:21:48.621+0000] {dag.py:4180} INFO - Setting next_dagrun for dataset_s3_bucket_producer_with_no_taskflow to None, run_after=None
[2026-05-18T06:21:48.698+0000] {processor.py:208} INFO - Processing /home/noelsdavid/airflow_venv/lib/python3.12/site-packages/airflow/example_dags/example_dataset_alias_with_no_taskflow.py took 0.338 seconds
[2026-05-18T06:22:54.191+0000] {processor.py:186} INFO - Started process (PID=8756) to work on /home/noelsdavid/airflow_venv/lib/python3.12/site-packages/airflow/example_dags/example_dataset_alias_with_no_taskflow.py
[2026-05-18T06:22:54.194+0000] {processor.py:914} INFO - Processing file /home/noelsdavid/airflow_venv/lib/python3.12/site-packages/airflow/example_dags/example_dataset_alias_with_no_taskflow.py for tasks to queue
[2026-05-18T06:22:54.196+0000] {logging_mixin.py:190} INFO - [2026-05-18T06:22:54.195+0000] {dagbag.py:588} INFO - Filling up the DagBag from /home/noelsdavid/airflow_venv/lib/python3.12/site-packages/airflow/example_dags/example_dataset_alias_with_no_taskflow.py
[2026-05-18T06:22:54.230+0000] {processor.py:925} INFO - DAG(s) 'dataset_alias_example_alias_consumer_with_no_taskflow', 'dataset_s3_bucket_producer_with_no_taskflow', 'dataset_alias_example_alias_producer_with_no_taskflow', 'dataset_s3_bucket_consumer_with_no_taskflow' retrieved from /home/noelsdavid/airflow_venv/lib/python3.12/site-packages/airflow/example_dags/example_dataset_alias_with_no_taskflow.py
[2026-05-18T06:22:54.260+0000] {logging_mixin.py:190} INFO - [2026-05-18T06:22:54.259+0000] {dag.py:3239} INFO - Sync 4 DAGs
[2026-05-18T06:22:54.285+0000] {logging_mixin.py:190} INFO - [2026-05-18T06:22:54.285+0000] {dag.py:4180} INFO - Setting next_dagrun for dataset_alias_example_alias_consumer_with_no_taskflow to None, run_after=None
[2026-05-18T06:22:54.288+0000] {logging_mixin.py:190} INFO - [2026-05-18T06:22:54.288+0000] {dag.py:4180} INFO - Setting next_dagrun for dataset_alias_example_alias_producer_with_no_taskflow to None, run_after=None
[2026-05-18T06:22:54.289+0000] {logging_mixin.py:190} INFO - [2026-05-18T06:22:54.289+0000] {dag.py:4180} INFO - Setting next_dagrun for dataset_s3_bucket_consumer_with_no_taskflow to None, run_after=None
[2026-05-18T06:22:54.290+0000] {logging_mixin.py:190} INFO - [2026-05-18T06:22:54.290+0000] {dag.py:4180} INFO - Setting next_dagrun for dataset_s3_bucket_producer_with_no_taskflow to None, run_after=None
[2026-05-18T06:22:54.327+0000] {processor.py:208} INFO - Processing /home/noelsdavid/airflow_venv/lib/python3.12/site-packages/airflow/example_dags/example_dataset_alias_with_no_taskflow.py took 0.145 seconds
[2026-05-18T06:23:57.885+0000] {processor.py:186} INFO - Started process (PID=8818) to work on /home/noelsdavid/airflow_venv/lib/python3.12/site-packages/airflow/example_dags/example_dataset_alias_with_no_taskflow.py
[2026-05-18T06:23:57.888+0000] {processor.py:914} INFO - Processing file /home/noelsdavid/airflow_venv/lib/python3.12/site-packages/airflow/example_dags/example_dataset_alias_with_no_taskflow.py for tasks to queue
[2026-05-18T06:23:57.890+0000] {logging_mixin.py:190} INFO - [2026-05-18T06:23:57.889+0000] {dagbag.py:588} INFO - Filling up the DagBag from /home/noelsdavid/airflow_venv/lib/python3.12/site-packages/airflow/example_dags/example_dataset_alias_with_no_taskflow.py
[2026-05-18T06:23:57.922+0000] {processor.py:925} INFO - DAG(s) 'dataset_s3_bucket_producer_with_no_taskflow', 'dataset_s3_bucket_consumer_with_no_taskflow', 'dataset_alias_example_alias_consumer_with_no_taskflow', 'dataset_alias_example_alias_producer_with_no_taskflow' retrieved from /home/noelsdavid/airflow_venv/lib/python3.12/site-packages/airflow/example_dags/example_dataset_alias_with_no_taskflow.py
[2026-05-18T06:23:57.949+0000] {logging_mixin.py:190} INFO - [2026-05-18T06:23:57.949+0000] {dag.py:3239} INFO - Sync 4 DAGs
[2026-05-18T06:23:57.975+0000] {logging_mixin.py:190} INFO - [2026-05-18T06:23:57.975+0000] {dag.py:4180} INFO - Setting next_dagrun for dataset_alias_example_alias_consumer_with_no_taskflow to None, run_after=None
[2026-05-18T06:23:57.978+0000] {logging_mixin.py:190} INFO - [2026-05-18T06:23:57.978+0000] {dag.py:4180} INFO - Setting next_dagrun for dataset_alias_example_alias_producer_with_no_taskflow to None, run_after=None
[2026-05-18T06:23:57.979+0000] {logging_mixin.py:190} INFO - [2026-05-18T06:23:57.979+0000] {dag.py:4180} INFO - Setting next_dagrun for dataset_s3_bucket_consumer_with_no_taskflow to None, run_after=None
[2026-05-18T06:23:57.981+0000] {logging_mixin.py:190} INFO - [2026-05-18T06:23:57.980+0000] {dag.py:4180} INFO - Setting next_dagrun for dataset_s3_bucket_producer_with_no_taskflow to None, run_after=None
[2026-05-18T06:23:58.018+0000] {processor.py:208} INFO - Processing /home/noelsdavid/airflow_venv/lib/python3.12/site-packages/airflow/example_dags/example_dataset_alias_with_no_taskflow.py took 0.141 seconds
[2026-05-18T06:25:04.647+0000] {processor.py:186} INFO - Started process (PID=8882) to work on /home/noelsdavid/airflow_venv/lib/python3.12/site-packages/airflow/example_dags/example_dataset_alias_with_no_taskflow.py
[2026-05-18T06:25:04.650+0000] {processor.py:914} INFO - Processing file /home/noelsdavid/airflow_venv/lib/python3.12/site-packages/airflow/example_dags/example_dataset_alias_with_no_taskflow.py for tasks to queue
[2026-05-18T06:25:04.652+0000] {logging_mixin.py:190} INFO - [2026-05-18T06:25:04.651+0000] {dagbag.py:588} INFO - Filling up the DagBag from /home/noelsdavid/airflow_venv/lib/python3.12/site-packages/airflow/example_dags/example_dataset_alias_with_no_taskflow.py
[2026-05-18T06:25:04.685+0000] {processor.py:925} INFO - DAG(s) 'dataset_alias_example_alias_consumer_with_no_taskflow', 'dataset_s3_bucket_consumer_with_no_taskflow', 'dataset_alias_example_alias_producer_with_no_taskflow', 'dataset_s3_bucket_producer_with_no_taskflow' retrieved from /home/noelsdavid/airflow_venv/lib/python3.12/site-packages/airflow/example_dags/example_dataset_alias_with_no_taskflow.py
[2026-05-18T06:25:04.711+0000] {logging_mixin.py:190} INFO - [2026-05-18T06:25:04.711+0000] {dag.py:3239} INFO - Sync 4 DAGs
[2026-05-18T06:25:04.739+0000] {logging_mixin.py:190} INFO - [2026-05-18T06:25:04.738+0000] {dag.py:4180} INFO - Setting next_dagrun for dataset_alias_example_alias_consumer_with_no_taskflow to None, run_after=None
[2026-05-18T06:25:04.741+0000] {logging_mixin.py:190} INFO - [2026-05-18T06:25:04.741+0000] {dag.py:4180} INFO - Setting next_dagrun for dataset_alias_example_alias_producer_with_no_taskflow to None, run_after=None
[2026-05-18T06:25:04.742+0000] {logging_mixin.py:190} INFO - [2026-05-18T06:25:04.742+0000] {dag.py:4180} INFO - Setting next_dagrun for dataset_s3_bucket_consumer_with_no_taskflow to None, run_after=None
[2026-05-18T06:25:04.743+0000] {logging_mixin.py:190} INFO - [2026-05-18T06:25:04.743+0000] {dag.py:4180} INFO - Setting next_dagrun for dataset_s3_bucket_producer_with_no_taskflow to None, run_after=None
[2026-05-18T06:25:04.779+0000] {processor.py:208} INFO - Processing /home/noelsdavid/airflow_venv/lib/python3.12/site-packages/airflow/example_dags/example_dataset_alias_with_no_taskflow.py took 0.140 seconds
[2026-05-18T06:26:08.665+0000] {processor.py:186} INFO - Started process (PID=8996) to work on /home/noelsdavid/airflow_venv/lib/python3.12/site-packages/airflow/example_dags/example_dataset_alias_with_no_taskflow.py
[2026-05-18T06:26:08.668+0000] {processor.py:914} INFO - Processing file /home/noelsdavid/airflow_venv/lib/python3.12/site-packages/airflow/example_dags/example_dataset_alias_with_no_taskflow.py for tasks to queue
[2026-05-18T06:26:08.670+0000] {logging_mixin.py:190} INFO - [2026-05-18T06:26:08.669+0000] {dagbag.py:588} INFO - Filling up the DagBag from /home/noelsdavid/airflow_venv/lib/python3.12/site-packages/airflow/example_dags/example_dataset_alias_with_no_taskflow.py
[2026-05-18T06:26:08.703+0000] {processor.py:925} INFO - DAG(s) 'dataset_s3_bucket_producer_with_no_taskflow', 'dataset_s3_bucket_consumer_with_no_taskflow', 'dataset_alias_example_alias_producer_with_no_taskflow', 'dataset_alias_example_alias_consumer_with_no_taskflow' retrieved from /home/noelsdavid/airflow_venv/lib/python3.12/site-packages/airflow/example_dags/example_dataset_alias_with_no_taskflow.py
[2026-05-18T06:26:08.730+0000] {logging_mixin.py:190} INFO - [2026-05-18T06:26:08.730+0000] {dag.py:3239} INFO - Sync 4 DAGs
[2026-05-18T06:26:08.759+0000] {logging_mixin.py:190} INFO - [2026-05-18T06:26:08.758+0000] {dag.py:4180} INFO - Setting next_dagrun for dataset_alias_example_alias_consumer_with_no_taskflow to None, run_after=None
[2026-05-18T06:26:08.761+0000] {logging_mixin.py:190} INFO - [2026-05-18T06:26:08.761+0000] {dag.py:4180} INFO - Setting next_dagrun for dataset_alias_example_alias_producer_with_no_taskflow to None, run_after=None
[2026-05-18T06:26:08.762+0000] {logging_mixin.py:190} INFO - [2026-05-18T06:26:08.762+0000] {dag.py:4180} INFO - Setting next_dagrun for dataset_s3_bucket_consumer_with_no_taskflow to None, run_after=None
[2026-05-18T06:26:08.764+0000] {logging_mixin.py:190} INFO - [2026-05-18T06:26:08.763+0000] {dag.py:4180} INFO - Setting next_dagrun for dataset_s3_bucket_producer_with_no_taskflow to None, run_after=None
[2026-05-18T06:26:08.797+0000] {processor.py:208} INFO - Processing /home/noelsdavid/airflow_venv/lib/python3.12/site-packages/airflow/example_dags/example_dataset_alias_with_no_taskflow.py took 0.140 seconds
[2026-05-18T06:27:25.767+0000] {processor.py:186} INFO - Started process (PID=9458) to work on /home/noelsdavid/airflow_venv/lib/python3.12/site-packages/airflow/example_dags/example_dataset_alias_with_no_taskflow.py
[2026-05-18T06:27:25.818+0000] {processor.py:914} INFO - Processing file /home/noelsdavid/airflow_venv/lib/python3.12/site-packages/airflow/example_dags/example_dataset_alias_with_no_taskflow.py for tasks to queue
[2026-05-18T06:27:25.820+0000] {logging_mixin.py:190} INFO - [2026-05-18T06:27:25.819+0000] {dagbag.py:588} INFO - Filling up the DagBag from /home/noelsdavid/airflow_venv/lib/python3.12/site-packages/airflow/example_dags/example_dataset_alias_with_no_taskflow.py
[2026-05-18T06:27:25.852+0000] {processor.py:925} INFO - DAG(s) 'dataset_s3_bucket_consumer_with_no_taskflow', 'dataset_alias_example_alias_producer_with_no_taskflow', 'dataset_alias_example_alias_consumer_with_no_taskflow', 'dataset_s3_bucket_producer_with_no_taskflow' retrieved from /home/noelsdavid/airflow_venv/lib/python3.12/site-packages/airflow/example_dags/example_dataset_alias_with_no_taskflow.py
[2026-05-18T06:27:25.881+0000] {logging_mixin.py:190} INFO - [2026-05-18T06:27:25.880+0000] {dag.py:3239} INFO - Sync 4 DAGs
[2026-05-18T06:27:25.906+0000] {logging_mixin.py:190} INFO - [2026-05-18T06:27:25.906+0000] {dag.py:4180} INFO - Setting next_dagrun for dataset_alias_example_alias_consumer_with_no_taskflow to None, run_after=None
[2026-05-18T06:27:25.909+0000] {logging_mixin.py:190} INFO - [2026-05-18T06:27:25.908+0000] {dag.py:4180} INFO - Setting next_dagrun for dataset_alias_example_alias_producer_with_no_taskflow to None, run_after=None
[2026-05-18T06:27:25.910+0000] {logging_mixin.py:190} INFO - [2026-05-18T06:27:25.910+0000] {dag.py:4180} INFO - Setting next_dagrun for dataset_s3_bucket_consumer_with_no_taskflow to None, run_after=None
[2026-05-18T06:27:25.911+0000] {logging_mixin.py:190} INFO - [2026-05-18T06:27:25.911+0000] {dag.py:4180} INFO - Setting next_dagrun for dataset_s3_bucket_producer_with_no_taskflow to None, run_after=None
[2026-05-18T06:27:25.946+0000] {processor.py:208} INFO - Processing /home/noelsdavid/airflow_venv/lib/python3.12/site-packages/airflow/example_dags/example_dataset_alias_with_no_taskflow.py took 0.187 seconds
[2026-05-18T06:28:39.540+0000] {processor.py:186} INFO - Started process (PID=9731) to work on /home/noelsdavid/airflow_venv/lib/python3.12/site-packages/airflow/example_dags/example_dataset_alias_with_no_taskflow.py
[2026-05-18T06:28:39.565+0000] {processor.py:914} INFO - Processing file /home/noelsdavid/airflow_venv/lib/python3.12/site-packages/airflow/example_dags/example_dataset_alias_with_no_taskflow.py for tasks to queue
[2026-05-18T06:28:39.567+0000] {logging_mixin.py:190} INFO - [2026-05-18T06:28:39.566+0000] {dagbag.py:588} INFO - Filling up the DagBag from /home/noelsdavid/airflow_venv/lib/python3.12/site-packages/airflow/example_dags/example_dataset_alias_with_no_taskflow.py
[2026-05-18T06:28:39.607+0000] {processor.py:925} INFO - DAG(s) 'dataset_s3_bucket_consumer_with_no_taskflow', 'dataset_alias_example_alias_consumer_with_no_taskflow', 'dataset_alias_example_alias_producer_with_no_taskflow', 'dataset_s3_bucket_producer_with_no_taskflow' retrieved from /home/noelsdavid/airflow_venv/lib/python3.12/site-packages/airflow/example_dags/example_dataset_alias_with_no_taskflow.py
[2026-05-18T06:28:39.642+0000] {logging_mixin.py:190} INFO - [2026-05-18T06:28:39.641+0000] {dag.py:3239} INFO - Sync 4 DAGs
[2026-05-18T06:28:39.674+0000] {logging_mixin.py:190} INFO - [2026-05-18T06:28:39.674+0000] {dag.py:4180} INFO - Setting next_dagrun for dataset_alias_example_alias_consumer_with_no_taskflow to None, run_after=None
[2026-05-18T06:28:39.679+0000] {logging_mixin.py:190} INFO - [2026-05-18T06:28:39.678+0000] {dag.py:4180} INFO - Setting next_dagrun for dataset_alias_example_alias_producer_with_no_taskflow to None, run_after=None
[2026-05-18T06:28:39.681+0000] {logging_mixin.py:190} INFO - [2026-05-18T06:28:39.681+0000] {dag.py:4180} INFO - Setting next_dagrun for dataset_s3_bucket_consumer_with_no_taskflow to None, run_after=None
[2026-05-18T06:28:39.683+0000] {logging_mixin.py:190} INFO - [2026-05-18T06:28:39.682+0000] {dag.py:4180} INFO - Setting next_dagrun for dataset_s3_bucket_producer_with_no_taskflow to None, run_after=None
[2026-05-18T06:28:39.729+0000] {processor.py:208} INFO - Processing /home/noelsdavid/airflow_venv/lib/python3.12/site-packages/airflow/example_dags/example_dataset_alias_with_no_taskflow.py took 0.198 seconds
[2026-05-18T06:29:50.465+0000] {processor.py:186} INFO - Started process (PID=9795) to work on /home/noelsdavid/airflow_venv/lib/python3.12/site-packages/airflow/example_dags/example_dataset_alias_with_no_taskflow.py
[2026-05-18T06:29:50.467+0000] {processor.py:914} INFO - Processing file /home/noelsdavid/airflow_venv/lib/python3.12/site-packages/airflow/example_dags/example_dataset_alias_with_no_taskflow.py for tasks to queue
[2026-05-18T06:29:50.469+0000] {logging_mixin.py:190} INFO - [2026-05-18T06:29:50.469+0000] {dagbag.py:588} INFO - Filling up the DagBag from /home/noelsdavid/airflow_venv/lib/python3.12/site-packages/airflow/example_dags/example_dataset_alias_with_no_taskflow.py
[2026-05-18T06:29:50.504+0000] {processor.py:925} INFO - DAG(s) 'dataset_s3_bucket_consumer_with_no_taskflow', 'dataset_s3_bucket_producer_with_no_taskflow', 'dataset_alias_example_alias_producer_with_no_taskflow', 'dataset_alias_example_alias_consumer_with_no_taskflow' retrieved from /home/noelsdavid/airflow_venv/lib/python3.12/site-packages/airflow/example_dags/example_dataset_alias_with_no_taskflow.py
[2026-05-18T06:29:50.531+0000] {logging_mixin.py:190} INFO - [2026-05-18T06:29:50.530+0000] {dag.py:3239} INFO - Sync 4 DAGs
[2026-05-18T06:29:50.558+0000] {logging_mixin.py:190} INFO - [2026-05-18T06:29:50.557+0000] {dag.py:4180} INFO - Setting next_dagrun for dataset_alias_example_alias_consumer_with_no_taskflow to None, run_after=None
[2026-05-18T06:29:50.561+0000] {logging_mixin.py:190} INFO - [2026-05-18T06:29:50.561+0000] {dag.py:4180} INFO - Setting next_dagrun for dataset_alias_example_alias_producer_with_no_taskflow to None, run_after=None
[2026-05-18T06:29:50.563+0000] {logging_mixin.py:190} INFO - [2026-05-18T06:29:50.562+0000] {dag.py:4180} INFO - Setting next_dagrun for dataset_s3_bucket_consumer_with_no_taskflow to None, run_after=None
[2026-05-18T06:29:50.564+0000] {logging_mixin.py:190} INFO - [2026-05-18T06:29:50.564+0000] {dag.py:4180} INFO - Setting next_dagrun for dataset_s3_bucket_producer_with_no_taskflow to None, run_after=None
[2026-05-18T06:29:50.608+0000] {processor.py:208} INFO - Processing /home/noelsdavid/airflow_venv/lib/python3.12/site-packages/airflow/example_dags/example_dataset_alias_with_no_taskflow.py took 0.152 seconds
[2026-05-18T06:30:55.401+0000] {processor.py:186} INFO - Started process (PID=9882) to work on /home/noelsdavid/airflow_venv/lib/python3.12/site-packages/airflow/example_dags/example_dataset_alias_with_no_taskflow.py
[2026-05-18T06:30:55.404+0000] {processor.py:914} INFO - Processing file /home/noelsdavid/airflow_venv/lib/python3.12/site-packages/airflow/example_dags/example_dataset_alias_with_no_taskflow.py for tasks to queue
[2026-05-18T06:30:55.406+0000] {logging_mixin.py:190} INFO - [2026-05-18T06:30:55.405+0000] {dagbag.py:588} INFO - Filling up the DagBag from /home/noelsdavid/airflow_venv/lib/python3.12/site-packages/airflow/example_dags/example_dataset_alias_with_no_taskflow.py
[2026-05-18T06:30:55.441+0000] {processor.py:925} INFO - DAG(s) 'dataset_s3_bucket_consumer_with_no_taskflow', 'dataset_s3_bucket_producer_with_no_taskflow', 'dataset_alias_example_alias_consumer_with_no_taskflow', 'dataset_alias_example_alias_producer_with_no_taskflow' retrieved from /home/noelsdavid/airflow_venv/lib/python3.12/site-packages/airflow/example_dags/example_dataset_alias_with_no_taskflow.py
[2026-05-18T06:30:55.469+0000] {logging_mixin.py:190} INFO - [2026-05-18T06:30:55.468+0000] {dag.py:3239} INFO - Sync 4 DAGs
[2026-05-18T06:30:55.496+0000] {logging_mixin.py:190} INFO - [2026-05-18T06:30:55.495+0000] {dag.py:4180} INFO - Setting next_dagrun for dataset_alias_example_alias_consumer_with_no_taskflow to None, run_after=None
[2026-05-18T06:30:55.499+0000] {logging_mixin.py:190} INFO - [2026-05-18T06:30:55.498+0000] {dag.py:4180} INFO - Setting next_dagrun for dataset_alias_example_alias_producer_with_no_taskflow to None, run_after=None
[2026-05-18T06:30:55.500+0000] {logging_mixin.py:190} INFO - [2026-05-18T06:30:55.499+0000] {dag.py:4180} INFO - Setting next_dagrun for dataset_s3_bucket_consumer_with_no_taskflow to None, run_after=None
[2026-05-18T06:30:55.501+0000] {logging_mixin.py:190} INFO - [2026-05-18T06:30:55.501+0000] {dag.py:4180} INFO - Setting next_dagrun for dataset_s3_bucket_producer_with_no_taskflow to None, run_after=None
[2026-05-18T06:30:55.536+0000] {processor.py:208} INFO - Processing /home/noelsdavid/airflow_venv/lib/python3.12/site-packages/airflow/example_dags/example_dataset_alias_with_no_taskflow.py took 0.144 seconds
[2026-05-18T06:32:00.327+0000] {processor.py:186} INFO - Started process (PID=9945) to work on /home/noelsdavid/airflow_venv/lib/python3.12/site-packages/airflow/example_dags/example_dataset_alias_with_no_taskflow.py
[2026-05-18T06:32:00.330+0000] {processor.py:914} INFO - Processing file /home/noelsdavid/airflow_venv/lib/python3.12/site-packages/airflow/example_dags/example_dataset_alias_with_no_taskflow.py for tasks to queue
[2026-05-18T06:32:00.332+0000] {logging_mixin.py:190} INFO - [2026-05-18T06:32:00.331+0000] {dagbag.py:588} INFO - Filling up the DagBag from /home/noelsdavid/airflow_venv/lib/python3.12/site-packages/airflow/example_dags/example_dataset_alias_with_no_taskflow.py
[2026-05-18T06:32:00.363+0000] {processor.py:925} INFO - DAG(s) 'dataset_s3_bucket_consumer_with_no_taskflow', 'dataset_s3_bucket_producer_with_no_taskflow', 'dataset_alias_example_alias_consumer_with_no_taskflow', 'dataset_alias_example_alias_producer_with_no_taskflow' retrieved from /home/noelsdavid/airflow_venv/lib/python3.12/site-packages/airflow/example_dags/example_dataset_alias_with_no_taskflow.py
[2026-05-18T06:32:00.389+0000] {logging_mixin.py:190} INFO - [2026-05-18T06:32:00.388+0000] {dag.py:3239} INFO - Sync 4 DAGs
[2026-05-18T06:32:00.414+0000] {logging_mixin.py:190} INFO - [2026-05-18T06:32:00.414+0000] {dag.py:4180} INFO - Setting next_dagrun for dataset_alias_example_alias_consumer_with_no_taskflow to None, run_after=None
[2026-05-18T06:32:00.418+0000] {logging_mixin.py:190} INFO - [2026-05-18T06:32:00.417+0000] {dag.py:4180} INFO - Setting next_dagrun for dataset_alias_example_alias_producer_with_no_taskflow to None, run_after=None
[2026-05-18T06:32:00.419+0000] {logging_mixin.py:190} INFO - [2026-05-18T06:32:00.419+0000] {dag.py:4180} INFO - Setting next_dagrun for dataset_s3_bucket_consumer_with_no_taskflow to None, run_after=None
[2026-05-18T06:32:00.420+0000] {logging_mixin.py:190} INFO - [2026-05-18T06:32:00.420+0000] {dag.py:4180} INFO - Setting next_dagrun for dataset_s3_bucket_producer_with_no_taskflow to None, run_after=None
[2026-05-18T06:32:00.453+0000] {processor.py:208} INFO - Processing /home/noelsdavid/airflow_venv/lib/python3.12/site-packages/airflow/example_dags/example_dataset_alias_with_no_taskflow.py took 0.134 seconds
[2026-05-18T06:32:58.235+0000] {processor.py:186} INFO - Started process (PID=10005) to work on /home/noelsdavid/airflow_venv/lib/python3.12/site-packages/airflow/example_dags/example_dataset_alias_with_no_taskflow.py
[2026-05-18T06:32:58.245+0000] {processor.py:914} INFO - Processing file /home/noelsdavid/airflow_venv/lib/python3.12/site-packages/airflow/example_dags/example_dataset_alias_with_no_taskflow.py for tasks to queue
[2026-05-18T06:32:58.247+0000] {logging_mixin.py:190} INFO - [2026-05-18T06:32:58.247+0000] {dagbag.py:588} INFO - Filling up the DagBag from /home/noelsdavid/airflow_venv/lib/python3.12/site-packages/airflow/example_dags/example_dataset_alias_with_no_taskflow.py
[2026-05-18T06:32:58.279+0000] {processor.py:925} INFO - DAG(s) 'dataset_alias_example_alias_consumer_with_no_taskflow', 'dataset_s3_bucket_producer_with_no_taskflow', 'dataset_s3_bucket_consumer_with_no_taskflow', 'dataset_alias_example_alias_producer_with_no_taskflow' retrieved from /home/noelsdavid/airflow_venv/lib/python3.12/site-packages/airflow/example_dags/example_dataset_alias_with_no_taskflow.py
[2026-05-18T06:32:58.304+0000] {logging_mixin.py:190} INFO - [2026-05-18T06:32:58.304+0000] {dag.py:3239} INFO - Sync 4 DAGs
[2026-05-18T06:32:58.329+0000] {logging_mixin.py:190} INFO - [2026-05-18T06:32:58.329+0000] {dag.py:4180} INFO - Setting next_dagrun for dataset_alias_example_alias_consumer_with_no_taskflow to None, run_after=None
[2026-05-18T06:32:58.332+0000] {logging_mixin.py:190} INFO - [2026-05-18T06:32:58.332+0000] {dag.py:4180} INFO - Setting next_dagrun for dataset_alias_example_alias_producer_with_no_taskflow to None, run_after=None
[2026-05-18T06:32:58.333+0000] {logging_mixin.py:190} INFO - [2026-05-18T06:32:58.333+0000] {dag.py:4180} INFO - Setting next_dagrun for dataset_s3_bucket_consumer_with_no_taskflow to None, run_after=None
[2026-05-18T06:32:58.334+0000] {logging_mixin.py:190} INFO - [2026-05-18T06:32:58.334+0000] {dag.py:4180} INFO - Setting next_dagrun for dataset_s3_bucket_producer_with_no_taskflow to None, run_after=None
[2026-05-18T06:32:58.364+0000] {processor.py:208} INFO - Processing /home/noelsdavid/airflow_venv/lib/python3.12/site-packages/airflow/example_dags/example_dataset_alias_with_no_taskflow.py took 0.137 seconds
[2026-05-18T06:34:06.020+0000] {processor.py:186} INFO - Started process (PID=10140) to work on /home/noelsdavid/airflow_venv/lib/python3.12/site-packages/airflow/example_dags/example_dataset_alias_with_no_taskflow.py
[2026-05-18T06:34:06.022+0000] {processor.py:914} INFO - Processing file /home/noelsdavid/airflow_venv/lib/python3.12/site-packages/airflow/example_dags/example_dataset_alias_with_no_taskflow.py for tasks to queue
[2026-05-18T06:34:06.025+0000] {logging_mixin.py:190} INFO - [2026-05-18T06:34:06.024+0000] {dagbag.py:588} INFO - Filling up the DagBag from /home/noelsdavid/airflow_venv/lib/python3.12/site-packages/airflow/example_dags/example_dataset_alias_with_no_taskflow.py
[2026-05-18T06:34:06.062+0000] {processor.py:925} INFO - DAG(s) 'dataset_alias_example_alias_producer_with_no_taskflow', 'dataset_s3_bucket_producer_with_no_taskflow', 'dataset_s3_bucket_consumer_with_no_taskflow', 'dataset_alias_example_alias_consumer_with_no_taskflow' retrieved from /home/noelsdavid/airflow_venv/lib/python3.12/site-packages/airflow/example_dags/example_dataset_alias_with_no_taskflow.py
[2026-05-18T06:34:06.091+0000] {logging_mixin.py:190} INFO - [2026-05-18T06:34:06.091+0000] {dag.py:3239} INFO - Sync 4 DAGs
[2026-05-18T06:34:06.118+0000] {logging_mixin.py:190} INFO - [2026-05-18T06:34:06.118+0000] {dag.py:4180} INFO - Setting next_dagrun for dataset_alias_example_alias_consumer_with_no_taskflow to None, run_after=None
[2026-05-18T06:34:06.122+0000] {logging_mixin.py:190} INFO - [2026-05-18T06:34:06.121+0000] {dag.py:4180} INFO - Setting next_dagrun for dataset_alias_example_alias_producer_with_no_taskflow to None, run_after=None
[2026-05-18T06:34:06.123+0000] {logging_mixin.py:190} INFO - [2026-05-18T06:34:06.123+0000] {dag.py:4180} INFO - Setting next_dagrun for dataset_s3_bucket_consumer_with_no_taskflow to None, run_after=None
[2026-05-18T06:34:06.124+0000] {logging_mixin.py:190} INFO - [2026-05-18T06:34:06.124+0000] {dag.py:4180} INFO - Setting next_dagrun for dataset_s3_bucket_producer_with_no_taskflow to None, run_after=None
[2026-05-18T06:34:06.160+0000] {processor.py:208} INFO - Processing /home/noelsdavid/airflow_venv/lib/python3.12/site-packages/airflow/example_dags/example_dataset_alias_with_no_taskflow.py took 0.148 seconds
[2026-05-18T06:35:08.834+0000] {processor.py:186} INFO - Started process (PID=10264) to work on /home/noelsdavid/airflow_venv/lib/python3.12/site-packages/airflow/example_dags/example_dataset_alias_with_no_taskflow.py
[2026-05-18T06:35:08.837+0000] {processor.py:914} INFO - Processing file /home/noelsdavid/airflow_venv/lib/python3.12/site-packages/airflow/example_dags/example_dataset_alias_with_no_taskflow.py for tasks to queue
[2026-05-18T06:35:08.838+0000] {logging_mixin.py:190} INFO - [2026-05-18T06:35:08.838+0000] {dagbag.py:588} INFO - Filling up the DagBag from /home/noelsdavid/airflow_venv/lib/python3.12/site-packages/airflow/example_dags/example_dataset_alias_with_no_taskflow.py
[2026-05-18T06:35:08.871+0000] {processor.py:925} INFO - DAG(s) 'dataset_alias_example_alias_producer_with_no_taskflow', 'dataset_alias_example_alias_consumer_with_no_taskflow', 'dataset_s3_bucket_producer_with_no_taskflow', 'dataset_s3_bucket_consumer_with_no_taskflow' retrieved from /home/noelsdavid/airflow_venv/lib/python3.12/site-packages/airflow/example_dags/example_dataset_alias_with_no_taskflow.py
[2026-05-18T06:35:08.902+0000] {logging_mixin.py:190} INFO - [2026-05-18T06:35:08.901+0000] {dag.py:3239} INFO - Sync 4 DAGs
[2026-05-18T06:35:08.929+0000] {logging_mixin.py:190} INFO - [2026-05-18T06:35:08.929+0000] {dag.py:4180} INFO - Setting next_dagrun for dataset_alias_example_alias_consumer_with_no_taskflow to None, run_after=None
[2026-05-18T06:35:08.932+0000] {logging_mixin.py:190} INFO - [2026-05-18T06:35:08.932+0000] {dag.py:4180} INFO - Setting next_dagrun for dataset_alias_example_alias_producer_with_no_taskflow to None, run_after=None
[2026-05-18T06:35:08.934+0000] {logging_mixin.py:190} INFO - [2026-05-18T06:35:08.933+0000] {dag.py:4180} INFO - Setting next_dagrun for dataset_s3_bucket_consumer_with_no_taskflow to None, run_after=None
[2026-05-18T06:35:08.935+0000] {logging_mixin.py:190} INFO - [2026-05-18T06:35:08.935+0000] {dag.py:4180} INFO - Setting next_dagrun for dataset_s3_bucket_producer_with_no_taskflow to None, run_after=None
[2026-05-18T06:35:08.969+0000] {processor.py:208} INFO - Processing /home/noelsdavid/airflow_venv/lib/python3.12/site-packages/airflow/example_dags/example_dataset_alias_with_no_taskflow.py took 0.142 seconds
[2026-05-18T06:36:14.640+0000] {processor.py:186} INFO - Started process (PID=10475) to work on /home/noelsdavid/airflow_venv/lib/python3.12/site-packages/airflow/example_dags/example_dataset_alias_with_no_taskflow.py
[2026-05-18T06:36:14.643+0000] {processor.py:914} INFO - Processing file /home/noelsdavid/airflow_venv/lib/python3.12/site-packages/airflow/example_dags/example_dataset_alias_with_no_taskflow.py for tasks to queue
[2026-05-18T06:36:14.644+0000] {logging_mixin.py:190} INFO - [2026-05-18T06:36:14.644+0000] {dagbag.py:588} INFO - Filling up the DagBag from /home/noelsdavid/airflow_venv/lib/python3.12/site-packages/airflow/example_dags/example_dataset_alias_with_no_taskflow.py
[2026-05-18T06:36:14.678+0000] {processor.py:925} INFO - DAG(s) 'dataset_s3_bucket_consumer_with_no_taskflow', 'dataset_alias_example_alias_consumer_with_no_taskflow', 'dataset_s3_bucket_producer_with_no_taskflow', 'dataset_alias_example_alias_producer_with_no_taskflow' retrieved from /home/noelsdavid/airflow_venv/lib/python3.12/site-packages/airflow/example_dags/example_dataset_alias_with_no_taskflow.py
[2026-05-18T06:36:14.705+0000] {logging_mixin.py:190} INFO - [2026-05-18T06:36:14.705+0000] {dag.py:3239} INFO - Sync 4 DAGs
[2026-05-18T06:36:14.733+0000] {logging_mixin.py:190} INFO - [2026-05-18T06:36:14.733+0000] {dag.py:4180} INFO - Setting next_dagrun for dataset_alias_example_alias_consumer_with_no_taskflow to None, run_after=None
[2026-05-18T06:36:14.737+0000] {logging_mixin.py:190} INFO - [2026-05-18T06:36:14.736+0000] {dag.py:4180} INFO - Setting next_dagrun for dataset_alias_example_alias_producer_with_no_taskflow to None, run_after=None
[2026-05-18T06:36:14.738+0000] {logging_mixin.py:190} INFO - [2026-05-18T06:36:14.738+0000] {dag.py:4180} INFO - Setting next_dagrun for dataset_s3_bucket_consumer_with_no_taskflow to None, run_after=None
[2026-05-18T06:36:14.739+0000] {logging_mixin.py:190} INFO - [2026-05-18T06:36:14.739+0000] {dag.py:4180} INFO - Setting next_dagrun for dataset_s3_bucket_producer_with_no_taskflow to None, run_after=None
[2026-05-18T06:36:14.774+0000] {processor.py:208} INFO - Processing /home/noelsdavid/airflow_venv/lib/python3.12/site-packages/airflow/example_dags/example_dataset_alias_with_no_taskflow.py took 0.142 seconds
[2026-05-18T06:37:14.659+0000] {processor.py:186} INFO - Started process (PID=10783) to work on /home/noelsdavid/airflow_venv/lib/python3.12/site-packages/airflow/example_dags/example_dataset_alias_with_no_taskflow.py
[2026-05-18T06:37:14.662+0000] {processor.py:914} INFO - Processing file /home/noelsdavid/airflow_venv/lib/python3.12/site-packages/airflow/example_dags/example_dataset_alias_with_no_taskflow.py for tasks to queue
[2026-05-18T06:37:14.664+0000] {logging_mixin.py:190} INFO - [2026-05-18T06:37:14.663+0000] {dagbag.py:588} INFO - Filling up the DagBag from /home/noelsdavid/airflow_venv/lib/python3.12/site-packages/airflow/example_dags/example_dataset_alias_with_no_taskflow.py
[2026-05-18T06:37:14.701+0000] {processor.py:925} INFO - DAG(s) 'dataset_alias_example_alias_producer_with_no_taskflow', 'dataset_alias_example_alias_consumer_with_no_taskflow', 'dataset_s3_bucket_producer_with_no_taskflow', 'dataset_s3_bucket_consumer_with_no_taskflow' retrieved from /home/noelsdavid/airflow_venv/lib/python3.12/site-packages/airflow/example_dags/example_dataset_alias_with_no_taskflow.py
[2026-05-18T06:37:14.737+0000] {logging_mixin.py:190} INFO - [2026-05-18T06:37:14.736+0000] {dag.py:3239} INFO - Sync 4 DAGs
[2026-05-18T06:37:14.768+0000] {logging_mixin.py:190} INFO - [2026-05-18T06:37:14.767+0000] {dag.py:4180} INFO - Setting next_dagrun for dataset_alias_example_alias_consumer_with_no_taskflow to None, run_after=None
[2026-05-18T06:37:14.771+0000] {logging_mixin.py:190} INFO - [2026-05-18T06:37:14.771+0000] {dag.py:4180} INFO - Setting next_dagrun for dataset_alias_example_alias_producer_with_no_taskflow to None, run_after=None
[2026-05-18T06:37:14.773+0000] {logging_mixin.py:190} INFO - [2026-05-18T06:37:14.773+0000] {dag.py:4180} INFO - Setting next_dagrun for dataset_s3_bucket_consumer_with_no_taskflow to None, run_after=None
[2026-05-18T06:37:14.775+0000] {logging_mixin.py:190} INFO - [2026-05-18T06:37:14.775+0000] {dag.py:4180} INFO - Setting next_dagrun for dataset_s3_bucket_producer_with_no_taskflow to None, run_after=None
[2026-05-18T06:37:14.815+0000] {processor.py:208} INFO - Processing /home/noelsdavid/airflow_venv/lib/python3.12/site-packages/airflow/example_dags/example_dataset_alias_with_no_taskflow.py took 0.164 seconds
[2026-05-18T06:38:23.183+0000] {processor.py:186} INFO - Started process (PID=11030) to work on /home/noelsdavid/airflow_venv/lib/python3.12/site-packages/airflow/example_dags/example_dataset_alias_with_no_taskflow.py
[2026-05-18T06:38:23.186+0000] {processor.py:914} INFO - Processing file /home/noelsdavid/airflow_venv/lib/python3.12/site-packages/airflow/example_dags/example_dataset_alias_with_no_taskflow.py for tasks to queue
[2026-05-18T06:38:23.188+0000] {logging_mixin.py:190} INFO - [2026-05-18T06:38:23.187+0000] {dagbag.py:588} INFO - Filling up the DagBag from /home/noelsdavid/airflow_venv/lib/python3.12/site-packages/airflow/example_dags/example_dataset_alias_with_no_taskflow.py
[2026-05-18T06:38:23.219+0000] {processor.py:925} INFO - DAG(s) 'dataset_s3_bucket_producer_with_no_taskflow', 'dataset_alias_example_alias_consumer_with_no_taskflow', 'dataset_alias_example_alias_producer_with_no_taskflow', 'dataset_s3_bucket_consumer_with_no_taskflow' retrieved from /home/noelsdavid/airflow_venv/lib/python3.12/site-packages/airflow/example_dags/example_dataset_alias_with_no_taskflow.py
[2026-05-18T06:38:23.245+0000] {logging_mixin.py:190} INFO - [2026-05-18T06:38:23.245+0000] {dag.py:3239} INFO - Sync 4 DAGs
[2026-05-18T06:38:23.271+0000] {logging_mixin.py:190} INFO - [2026-05-18T06:38:23.271+0000] {dag.py:4180} INFO - Setting next_dagrun for dataset_alias_example_alias_consumer_with_no_taskflow to None, run_after=None
[2026-05-18T06:38:23.274+0000] {logging_mixin.py:190} INFO - [2026-05-18T06:38:23.274+0000] {dag.py:4180} INFO - Setting next_dagrun for dataset_alias_example_alias_producer_with_no_taskflow to None, run_after=None
[2026-05-18T06:38:23.275+0000] {logging_mixin.py:190} INFO - [2026-05-18T06:38:23.275+0000] {dag.py:4180} INFO - Setting next_dagrun for dataset_s3_bucket_consumer_with_no_taskflow to None, run_after=None
[2026-05-18T06:38:23.276+0000] {logging_mixin.py:190} INFO - [2026-05-18T06:38:23.276+0000] {dag.py:4180} INFO - Setting next_dagrun for dataset_s3_bucket_producer_with_no_taskflow to None, run_after=None
[2026-05-18T06:38:23.311+0000] {processor.py:208} INFO - Processing /home/noelsdavid/airflow_venv/lib/python3.12/site-packages/airflow/example_dags/example_dataset_alias_with_no_taskflow.py took 0.136 seconds
[2026-05-18T06:39:26.115+0000] {processor.py:186} INFO - Started process (PID=11282) to work on /home/noelsdavid/airflow_venv/lib/python3.12/site-packages/airflow/example_dags/example_dataset_alias_with_no_taskflow.py
[2026-05-18T06:39:26.118+0000] {processor.py:914} INFO - Processing file /home/noelsdavid/airflow_venv/lib/python3.12/site-packages/airflow/example_dags/example_dataset_alias_with_no_taskflow.py for tasks to queue
[2026-05-18T06:39:26.120+0000] {logging_mixin.py:190} INFO - [2026-05-18T06:39:26.119+0000] {dagbag.py:588} INFO - Filling up the DagBag from /home/noelsdavid/airflow_venv/lib/python3.12/site-packages/airflow/example_dags/example_dataset_alias_with_no_taskflow.py
[2026-05-18T06:39:26.154+0000] {processor.py:925} INFO - DAG(s) 'dataset_alias_example_alias_consumer_with_no_taskflow', 'dataset_s3_bucket_consumer_with_no_taskflow', 'dataset_alias_example_alias_producer_with_no_taskflow', 'dataset_s3_bucket_producer_with_no_taskflow' retrieved from /home/noelsdavid/airflow_venv/lib/python3.12/site-packages/airflow/example_dags/example_dataset_alias_with_no_taskflow.py
[2026-05-18T06:39:26.179+0000] {logging_mixin.py:190} INFO - [2026-05-18T06:39:26.179+0000] {dag.py:3239} INFO - Sync 4 DAGs
[2026-05-18T06:39:26.206+0000] {logging_mixin.py:190} INFO - [2026-05-18T06:39:26.206+0000] {dag.py:4180} INFO - Setting next_dagrun for dataset_alias_example_alias_consumer_with_no_taskflow to None, run_after=None
[2026-05-18T06:39:26.209+0000] {logging_mixin.py:190} INFO - [2026-05-18T06:39:26.208+0000] {dag.py:4180} INFO - Setting next_dagrun for dataset_alias_example_alias_producer_with_no_taskflow to None, run_after=None
[2026-05-18T06:39:26.210+0000] {logging_mixin.py:190} INFO - [2026-05-18T06:39:26.210+0000] {dag.py:4180} INFO - Setting next_dagrun for dataset_s3_bucket_consumer_with_no_taskflow to None, run_after=None
[2026-05-18T06:39:26.211+0000] {logging_mixin.py:190} INFO - [2026-05-18T06:39:26.211+0000] {dag.py:4180} INFO - Setting next_dagrun for dataset_s3_bucket_producer_with_no_taskflow to None, run_after=None
[2026-05-18T06:39:26.246+0000] {processor.py:208} INFO - Processing /home/noelsdavid/airflow_venv/lib/python3.12/site-packages/airflow/example_dags/example_dataset_alias_with_no_taskflow.py took 0.139 seconds
[2026-05-18T06:40:36.036+0000] {processor.py:186} INFO - Started process (PID=11561) to work on /home/noelsdavid/airflow_venv/lib/python3.12/site-packages/airflow/example_dags/example_dataset_alias_with_no_taskflow.py
[2026-05-18T06:40:36.039+0000] {processor.py:914} INFO - Processing file /home/noelsdavid/airflow_venv/lib/python3.12/site-packages/airflow/example_dags/example_dataset_alias_with_no_taskflow.py for tasks to queue
[2026-05-18T06:40:36.041+0000] {logging_mixin.py:190} INFO - [2026-05-18T06:40:36.040+0000] {dagbag.py:588} INFO - Filling up the DagBag from /home/noelsdavid/airflow_venv/lib/python3.12/site-packages/airflow/example_dags/example_dataset_alias_with_no_taskflow.py
[2026-05-18T06:40:36.073+0000] {processor.py:925} INFO - DAG(s) 'dataset_alias_example_alias_producer_with_no_taskflow', 'dataset_s3_bucket_producer_with_no_taskflow', 'dataset_s3_bucket_consumer_with_no_taskflow', 'dataset_alias_example_alias_consumer_with_no_taskflow' retrieved from /home/noelsdavid/airflow_venv/lib/python3.12/site-packages/airflow/example_dags/example_dataset_alias_with_no_taskflow.py
[2026-05-18T06:40:36.102+0000] {logging_mixin.py:190} INFO - [2026-05-18T06:40:36.102+0000] {dag.py:3239} INFO - Sync 4 DAGs
[2026-05-18T06:40:36.134+0000] {logging_mixin.py:190} INFO - [2026-05-18T06:40:36.133+0000] {dag.py:4180} INFO - Setting next_dagrun for dataset_alias_example_alias_consumer_with_no_taskflow to None, run_after=None
[2026-05-18T06:40:36.138+0000] {logging_mixin.py:190} INFO - [2026-05-18T06:40:36.138+0000] {dag.py:4180} INFO - Setting next_dagrun for dataset_alias_example_alias_producer_with_no_taskflow to None, run_after=None
[2026-05-18T06:40:36.140+0000] {logging_mixin.py:190} INFO - [2026-05-18T06:40:36.139+0000] {dag.py:4180} INFO - Setting next_dagrun for dataset_s3_bucket_consumer_with_no_taskflow to None, run_after=None
[2026-05-18T06:40:36.141+0000] {logging_mixin.py:190} INFO - [2026-05-18T06:40:36.141+0000] {dag.py:4180} INFO - Setting next_dagrun for dataset_s3_bucket_producer_with_no_taskflow to None, run_after=None
[2026-05-18T06:40:36.188+0000] {processor.py:208} INFO - Processing /home/noelsdavid/airflow_venv/lib/python3.12/site-packages/airflow/example_dags/example_dataset_alias_with_no_taskflow.py took 0.159 seconds
[2026-05-18T06:41:48.931+0000] {processor.py:186} INFO - Started process (PID=12238) to work on /home/noelsdavid/airflow_venv/lib/python3.12/site-packages/airflow/example_dags/example_dataset_alias_with_no_taskflow.py
[2026-05-18T06:41:48.933+0000] {processor.py:914} INFO - Processing file /home/noelsdavid/airflow_venv/lib/python3.12/site-packages/airflow/example_dags/example_dataset_alias_with_no_taskflow.py for tasks to queue
[2026-05-18T06:41:48.936+0000] {logging_mixin.py:190} INFO - [2026-05-18T06:41:48.935+0000] {dagbag.py:588} INFO - Filling up the DagBag from /home/noelsdavid/airflow_venv/lib/python3.12/site-packages/airflow/example_dags/example_dataset_alias_with_no_taskflow.py
[2026-05-18T06:41:48.969+0000] {processor.py:925} INFO - DAG(s) 'dataset_alias_example_alias_producer_with_no_taskflow', 'dataset_s3_bucket_producer_with_no_taskflow', 'dataset_s3_bucket_consumer_with_no_taskflow', 'dataset_alias_example_alias_consumer_with_no_taskflow' retrieved from /home/noelsdavid/airflow_venv/lib/python3.12/site-packages/airflow/example_dags/example_dataset_alias_with_no_taskflow.py
[2026-05-18T06:41:49.004+0000] {logging_mixin.py:190} INFO - [2026-05-18T06:41:49.004+0000] {dag.py:3239} INFO - Sync 4 DAGs
[2026-05-18T06:41:49.036+0000] {logging_mixin.py:190} INFO - [2026-05-18T06:41:49.035+0000] {dag.py:4180} INFO - Setting next_dagrun for dataset_alias_example_alias_consumer_with_no_taskflow to None, run_after=None
[2026-05-18T06:41:49.038+0000] {logging_mixin.py:190} INFO - [2026-05-18T06:41:49.038+0000] {dag.py:4180} INFO - Setting next_dagrun for dataset_alias_example_alias_producer_with_no_taskflow to None, run_after=None
[2026-05-18T06:41:49.040+0000] {logging_mixin.py:190} INFO - [2026-05-18T06:41:49.040+0000] {dag.py:4180} INFO - Setting next_dagrun for dataset_s3_bucket_consumer_with_no_taskflow to None, run_after=None
[2026-05-18T06:41:49.041+0000] {logging_mixin.py:190} INFO - [2026-05-18T06:41:49.041+0000] {dag.py:4180} INFO - Setting next_dagrun for dataset_s3_bucket_producer_with_no_taskflow to None, run_after=None
[2026-05-18T06:41:49.078+0000] {processor.py:208} INFO - Processing /home/noelsdavid/airflow_venv/lib/python3.12/site-packages/airflow/example_dags/example_dataset_alias_with_no_taskflow.py took 0.155 seconds
[2026-05-18T06:43:02.660+0000] {processor.py:186} INFO - Started process (PID=12606) to work on /home/noelsdavid/airflow_venv/lib/python3.12/site-packages/airflow/example_dags/example_dataset_alias_with_no_taskflow.py
[2026-05-18T06:43:02.664+0000] {processor.py:914} INFO - Processing file /home/noelsdavid/airflow_venv/lib/python3.12/site-packages/airflow/example_dags/example_dataset_alias_with_no_taskflow.py for tasks to queue
[2026-05-18T06:43:02.667+0000] {logging_mixin.py:190} INFO - [2026-05-18T06:43:02.666+0000] {dagbag.py:588} INFO - Filling up the DagBag from /home/noelsdavid/airflow_venv/lib/python3.12/site-packages/airflow/example_dags/example_dataset_alias_with_no_taskflow.py
[2026-05-18T06:43:02.717+0000] {processor.py:925} INFO - DAG(s) 'dataset_s3_bucket_producer_with_no_taskflow', 'dataset_s3_bucket_consumer_with_no_taskflow', 'dataset_alias_example_alias_consumer_with_no_taskflow', 'dataset_alias_example_alias_producer_with_no_taskflow' retrieved from /home/noelsdavid/airflow_venv/lib/python3.12/site-packages/airflow/example_dags/example_dataset_alias_with_no_taskflow.py
[2026-05-18T06:43:02.754+0000] {logging_mixin.py:190} INFO - [2026-05-18T06:43:02.753+0000] {dag.py:3239} INFO - Sync 4 DAGs
[2026-05-18T06:43:02.792+0000] {logging_mixin.py:190} INFO - [2026-05-18T06:43:02.791+0000] {dag.py:4180} INFO - Setting next_dagrun for dataset_alias_example_alias_consumer_with_no_taskflow to None, run_after=None
[2026-05-18T06:43:02.795+0000] {logging_mixin.py:190} INFO - [2026-05-18T06:43:02.795+0000] {dag.py:4180} INFO - Setting next_dagrun for dataset_alias_example_alias_producer_with_no_taskflow to None, run_after=None
[2026-05-18T06:43:02.797+0000] {logging_mixin.py:190} INFO - [2026-05-18T06:43:02.797+0000] {dag.py:4180} INFO - Setting next_dagrun for dataset_s3_bucket_consumer_with_no_taskflow to None, run_after=None
[2026-05-18T06:43:02.799+0000] {logging_mixin.py:190} INFO - [2026-05-18T06:43:02.799+0000] {dag.py:4180} INFO - Setting next_dagrun for dataset_s3_bucket_producer_with_no_taskflow to None, run_after=None
[2026-05-18T06:43:02.846+0000] {processor.py:208} INFO - Processing /home/noelsdavid/airflow_venv/lib/python3.12/site-packages/airflow/example_dags/example_dataset_alias_with_no_taskflow.py took 0.197 seconds
[2026-05-18T06:44:39.558+0000] {processor.py:186} INFO - Started process (PID=13055) to work on /home/noelsdavid/airflow_venv/lib/python3.12/site-packages/airflow/example_dags/example_dataset_alias_with_no_taskflow.py
[2026-05-18T06:44:39.560+0000] {processor.py:914} INFO - Processing file /home/noelsdavid/airflow_venv/lib/python3.12/site-packages/airflow/example_dags/example_dataset_alias_with_no_taskflow.py for tasks to queue
[2026-05-18T06:44:39.563+0000] {logging_mixin.py:190} INFO - [2026-05-18T06:44:39.562+0000] {dagbag.py:588} INFO - Filling up the DagBag from /home/noelsdavid/airflow_venv/lib/python3.12/site-packages/airflow/example_dags/example_dataset_alias_with_no_taskflow.py
[2026-05-18T06:44:39.596+0000] {processor.py:925} INFO - DAG(s) 'dataset_s3_bucket_consumer_with_no_taskflow', 'dataset_alias_example_alias_consumer_with_no_taskflow', 'dataset_alias_example_alias_producer_with_no_taskflow', 'dataset_s3_bucket_producer_with_no_taskflow' retrieved from /home/noelsdavid/airflow_venv/lib/python3.12/site-packages/airflow/example_dags/example_dataset_alias_with_no_taskflow.py
[2026-05-18T06:44:39.624+0000] {logging_mixin.py:190} INFO - [2026-05-18T06:44:39.624+0000] {dag.py:3239} INFO - Sync 4 DAGs
[2026-05-18T06:44:39.651+0000] {logging_mixin.py:190} INFO - [2026-05-18T06:44:39.651+0000] {dag.py:4180} INFO - Setting next_dagrun for dataset_alias_example_alias_consumer_with_no_taskflow to None, run_after=None
[2026-05-18T06:44:39.654+0000] {logging_mixin.py:190} INFO - [2026-05-18T06:44:39.654+0000] {dag.py:4180} INFO - Setting next_dagrun for dataset_alias_example_alias_producer_with_no_taskflow to None, run_after=None
[2026-05-18T06:44:39.655+0000] {logging_mixin.py:190} INFO - [2026-05-18T06:44:39.655+0000] {dag.py:4180} INFO - Setting next_dagrun for dataset_s3_bucket_consumer_with_no_taskflow to None, run_after=None
[2026-05-18T06:44:39.656+0000] {logging_mixin.py:190} INFO - [2026-05-18T06:44:39.656+0000] {dag.py:4180} INFO - Setting next_dagrun for dataset_s3_bucket_producer_with_no_taskflow to None, run_after=None
[2026-05-18T06:44:39.690+0000] {processor.py:208} INFO - Processing /home/noelsdavid/airflow_venv/lib/python3.12/site-packages/airflow/example_dags/example_dataset_alias_with_no_taskflow.py took 0.141 seconds
[2026-05-18T06:45:53.185+0000] {processor.py:186} INFO - Started process (PID=13157) to work on /home/noelsdavid/airflow_venv/lib/python3.12/site-packages/airflow/example_dags/example_dataset_alias_with_no_taskflow.py
[2026-05-18T06:45:53.188+0000] {processor.py:914} INFO - Processing file /home/noelsdavid/airflow_venv/lib/python3.12/site-packages/airflow/example_dags/example_dataset_alias_with_no_taskflow.py for tasks to queue
[2026-05-18T06:45:53.190+0000] {logging_mixin.py:190} INFO - [2026-05-18T06:45:53.189+0000] {dagbag.py:588} INFO - Filling up the DagBag from /home/noelsdavid/airflow_venv/lib/python3.12/site-packages/airflow/example_dags/example_dataset_alias_with_no_taskflow.py
[2026-05-18T06:45:53.224+0000] {processor.py:925} INFO - DAG(s) 'dataset_s3_bucket_consumer_with_no_taskflow', 'dataset_s3_bucket_producer_with_no_taskflow', 'dataset_alias_example_alias_consumer_with_no_taskflow', 'dataset_alias_example_alias_producer_with_no_taskflow' retrieved from /home/noelsdavid/airflow_venv/lib/python3.12/site-packages/airflow/example_dags/example_dataset_alias_with_no_taskflow.py
[2026-05-18T06:45:53.253+0000] {logging_mixin.py:190} INFO - [2026-05-18T06:45:53.253+0000] {dag.py:3239} INFO - Sync 4 DAGs
[2026-05-18T06:45:53.279+0000] {logging_mixin.py:190} INFO - [2026-05-18T06:45:53.279+0000] {dag.py:4180} INFO - Setting next_dagrun for dataset_alias_example_alias_consumer_with_no_taskflow to None, run_after=None
[2026-05-18T06:45:53.282+0000] {logging_mixin.py:190} INFO - [2026-05-18T06:45:53.282+0000] {dag.py:4180} INFO - Setting next_dagrun for dataset_alias_example_alias_producer_with_no_taskflow to None, run_after=None
[2026-05-18T06:45:53.283+0000] {logging_mixin.py:190} INFO - [2026-05-18T06:45:53.283+0000] {dag.py:4180} INFO - Setting next_dagrun for dataset_s3_bucket_consumer_with_no_taskflow to None, run_after=None
[2026-05-18T06:45:53.285+0000] {logging_mixin.py:190} INFO - [2026-05-18T06:45:53.284+0000] {dag.py:4180} INFO - Setting next_dagrun for dataset_s3_bucket_producer_with_no_taskflow to None, run_after=None
[2026-05-18T06:45:53.324+0000] {processor.py:208} INFO - Processing /home/noelsdavid/airflow_venv/lib/python3.12/site-packages/airflow/example_dags/example_dataset_alias_with_no_taskflow.py took 0.149 seconds
[2026-05-18T06:47:02.014+0000] {processor.py:186} INFO - Started process (PID=13234) to work on /home/noelsdavid/airflow_venv/lib/python3.12/site-packages/airflow/example_dags/example_dataset_alias_with_no_taskflow.py
[2026-05-18T06:47:02.018+0000] {processor.py:914} INFO - Processing file /home/noelsdavid/airflow_venv/lib/python3.12/site-packages/airflow/example_dags/example_dataset_alias_with_no_taskflow.py for tasks to queue
[2026-05-18T06:47:02.021+0000] {logging_mixin.py:190} INFO - [2026-05-18T06:47:02.020+0000] {dagbag.py:588} INFO - Filling up the DagBag from /home/noelsdavid/airflow_venv/lib/python3.12/site-packages/airflow/example_dags/example_dataset_alias_with_no_taskflow.py
[2026-05-18T06:47:02.070+0000] {processor.py:925} INFO - DAG(s) 'dataset_s3_bucket_producer_with_no_taskflow', 'dataset_alias_example_alias_producer_with_no_taskflow', 'dataset_s3_bucket_consumer_with_no_taskflow', 'dataset_alias_example_alias_consumer_with_no_taskflow' retrieved from /home/noelsdavid/airflow_venv/lib/python3.12/site-packages/airflow/example_dags/example_dataset_alias_with_no_taskflow.py
[2026-05-18T06:47:02.107+0000] {logging_mixin.py:190} INFO - [2026-05-18T06:47:02.106+0000] {dag.py:3239} INFO - Sync 4 DAGs
[2026-05-18T06:47:02.139+0000] {logging_mixin.py:190} INFO - [2026-05-18T06:47:02.138+0000] {dag.py:4180} INFO - Setting next_dagrun for dataset_alias_example_alias_consumer_with_no_taskflow to None, run_after=None
[2026-05-18T06:47:02.142+0000] {logging_mixin.py:190} INFO - [2026-05-18T06:47:02.141+0000] {dag.py:4180} INFO - Setting next_dagrun for dataset_alias_example_alias_producer_with_no_taskflow to None, run_after=None
[2026-05-18T06:47:02.145+0000] {logging_mixin.py:190} INFO - [2026-05-18T06:47:02.144+0000] {dag.py:4180} INFO - Setting next_dagrun for dataset_s3_bucket_consumer_with_no_taskflow to None, run_after=None
[2026-05-18T06:47:02.147+0000] {logging_mixin.py:190} INFO - [2026-05-18T06:47:02.147+0000] {dag.py:4180} INFO - Setting next_dagrun for dataset_s3_bucket_producer_with_no_taskflow to None, run_after=None
[2026-05-18T06:47:02.185+0000] {processor.py:208} INFO - Processing /home/noelsdavid/airflow_venv/lib/python3.12/site-packages/airflow/example_dags/example_dataset_alias_with_no_taskflow.py took 0.186 seconds
[2026-05-18T06:48:07.195+0000] {processor.py:186} INFO - Started process (PID=13304) to work on /home/noelsdavid/airflow_venv/lib/python3.12/site-packages/airflow/example_dags/example_dataset_alias_with_no_taskflow.py
[2026-05-18T06:48:07.197+0000] {processor.py:914} INFO - Processing file /home/noelsdavid/airflow_venv/lib/python3.12/site-packages/airflow/example_dags/example_dataset_alias_with_no_taskflow.py for tasks to queue
[2026-05-18T06:48:07.200+0000] {logging_mixin.py:190} INFO - [2026-05-18T06:48:07.199+0000] {dagbag.py:588} INFO - Filling up the DagBag from /home/noelsdavid/airflow_venv/lib/python3.12/site-packages/airflow/example_dags/example_dataset_alias_with_no_taskflow.py
[2026-05-18T06:48:07.237+0000] {processor.py:925} INFO - DAG(s) 'dataset_s3_bucket_consumer_with_no_taskflow', 'dataset_alias_example_alias_producer_with_no_taskflow', 'dataset_alias_example_alias_consumer_with_no_taskflow', 'dataset_s3_bucket_producer_with_no_taskflow' retrieved from /home/noelsdavid/airflow_venv/lib/python3.12/site-packages/airflow/example_dags/example_dataset_alias_with_no_taskflow.py
[2026-05-18T06:48:07.266+0000] {logging_mixin.py:190} INFO - [2026-05-18T06:48:07.266+0000] {dag.py:3239} INFO - Sync 4 DAGs
[2026-05-18T06:48:07.294+0000] {logging_mixin.py:190} INFO - [2026-05-18T06:48:07.294+0000] {dag.py:4180} INFO - Setting next_dagrun for dataset_alias_example_alias_consumer_with_no_taskflow to None, run_after=None
[2026-05-18T06:48:07.297+0000] {logging_mixin.py:190} INFO - [2026-05-18T06:48:07.297+0000] {dag.py:4180} INFO - Setting next_dagrun for dataset_alias_example_alias_producer_with_no_taskflow to None, run_after=None
[2026-05-18T06:48:07.299+0000] {logging_mixin.py:190} INFO - [2026-05-18T06:48:07.299+0000] {dag.py:4180} INFO - Setting next_dagrun for dataset_s3_bucket_consumer_with_no_taskflow to None, run_after=None
[2026-05-18T06:48:07.300+0000] {logging_mixin.py:190} INFO - [2026-05-18T06:48:07.300+0000] {dag.py:4180} INFO - Setting next_dagrun for dataset_s3_bucket_producer_with_no_taskflow to None, run_after=None
[2026-05-18T06:48:07.338+0000] {processor.py:208} INFO - Processing /home/noelsdavid/airflow_venv/lib/python3.12/site-packages/airflow/example_dags/example_dataset_alias_with_no_taskflow.py took 0.153 seconds
[2026-05-18T06:49:12.760+0000] {processor.py:186} INFO - Started process (PID=13380) to work on /home/noelsdavid/airflow_venv/lib/python3.12/site-packages/airflow/example_dags/example_dataset_alias_with_no_taskflow.py
[2026-05-18T06:49:12.769+0000] {processor.py:914} INFO - Processing file /home/noelsdavid/airflow_venv/lib/python3.12/site-packages/airflow/example_dags/example_dataset_alias_with_no_taskflow.py for tasks to queue
[2026-05-18T06:49:12.771+0000] {logging_mixin.py:190} INFO - [2026-05-18T06:49:12.771+0000] {dagbag.py:588} INFO - Filling up the DagBag from /home/noelsdavid/airflow_venv/lib/python3.12/site-packages/airflow/example_dags/example_dataset_alias_with_no_taskflow.py
[2026-05-18T06:49:12.806+0000] {processor.py:925} INFO - DAG(s) 'dataset_s3_bucket_producer_with_no_taskflow', 'dataset_s3_bucket_consumer_with_no_taskflow', 'dataset_alias_example_alias_producer_with_no_taskflow', 'dataset_alias_example_alias_consumer_with_no_taskflow' retrieved from /home/noelsdavid/airflow_venv/lib/python3.12/site-packages/airflow/example_dags/example_dataset_alias_with_no_taskflow.py
[2026-05-18T06:49:12.834+0000] {logging_mixin.py:190} INFO - [2026-05-18T06:49:12.833+0000] {dag.py:3239} INFO - Sync 4 DAGs
[2026-05-18T06:49:12.858+0000] {logging_mixin.py:190} INFO - [2026-05-18T06:49:12.858+0000] {dag.py:4180} INFO - Setting next_dagrun for dataset_alias_example_alias_consumer_with_no_taskflow to None, run_after=None
[2026-05-18T06:49:12.861+0000] {logging_mixin.py:190} INFO - [2026-05-18T06:49:12.861+0000] {dag.py:4180} INFO - Setting next_dagrun for dataset_alias_example_alias_producer_with_no_taskflow to None, run_after=None
[2026-05-18T06:49:12.863+0000] {logging_mixin.py:190} INFO - [2026-05-18T06:49:12.862+0000] {dag.py:4180} INFO - Setting next_dagrun for dataset_s3_bucket_consumer_with_no_taskflow to None, run_after=None
[2026-05-18T06:49:12.864+0000] {logging_mixin.py:190} INFO - [2026-05-18T06:49:12.864+0000] {dag.py:4180} INFO - Setting next_dagrun for dataset_s3_bucket_producer_with_no_taskflow to None, run_after=None
[2026-05-18T06:49:12.897+0000] {processor.py:208} INFO - Processing /home/noelsdavid/airflow_venv/lib/python3.12/site-packages/airflow/example_dags/example_dataset_alias_with_no_taskflow.py took 0.146 seconds
[2026-05-18T06:50:20.319+0000] {processor.py:186} INFO - Started process (PID=13929) to work on /home/noelsdavid/airflow_venv/lib/python3.12/site-packages/airflow/example_dags/example_dataset_alias_with_no_taskflow.py
[2026-05-18T06:50:20.322+0000] {processor.py:914} INFO - Processing file /home/noelsdavid/airflow_venv/lib/python3.12/site-packages/airflow/example_dags/example_dataset_alias_with_no_taskflow.py for tasks to queue
[2026-05-18T06:50:20.324+0000] {logging_mixin.py:190} INFO - [2026-05-18T06:50:20.323+0000] {dagbag.py:588} INFO - Filling up the DagBag from /home/noelsdavid/airflow_venv/lib/python3.12/site-packages/airflow/example_dags/example_dataset_alias_with_no_taskflow.py
[2026-05-18T06:50:20.356+0000] {processor.py:925} INFO - DAG(s) 'dataset_s3_bucket_consumer_with_no_taskflow', 'dataset_alias_example_alias_consumer_with_no_taskflow', 'dataset_alias_example_alias_producer_with_no_taskflow', 'dataset_s3_bucket_producer_with_no_taskflow' retrieved from /home/noelsdavid/airflow_venv/lib/python3.12/site-packages/airflow/example_dags/example_dataset_alias_with_no_taskflow.py
[2026-05-18T06:50:20.384+0000] {logging_mixin.py:190} INFO - [2026-05-18T06:50:20.383+0000] {dag.py:3239} INFO - Sync 4 DAGs
[2026-05-18T06:50:20.409+0000] {logging_mixin.py:190} INFO - [2026-05-18T06:50:20.409+0000] {dag.py:4180} INFO - Setting next_dagrun for dataset_alias_example_alias_consumer_with_no_taskflow to None, run_after=None
[2026-05-18T06:50:20.412+0000] {logging_mixin.py:190} INFO - [2026-05-18T06:50:20.412+0000] {dag.py:4180} INFO - Setting next_dagrun for dataset_alias_example_alias_producer_with_no_taskflow to None, run_after=None
[2026-05-18T06:50:20.414+0000] {logging_mixin.py:190} INFO - [2026-05-18T06:50:20.414+0000] {dag.py:4180} INFO - Setting next_dagrun for dataset_s3_bucket_consumer_with_no_taskflow to None, run_after=None
[2026-05-18T06:50:20.415+0000] {logging_mixin.py:190} INFO - [2026-05-18T06:50:20.415+0000] {dag.py:4180} INFO - Setting next_dagrun for dataset_s3_bucket_producer_with_no_taskflow to None, run_after=None
[2026-05-18T06:50:20.451+0000] {processor.py:208} INFO - Processing /home/noelsdavid/airflow_venv/lib/python3.12/site-packages/airflow/example_dags/example_dataset_alias_with_no_taskflow.py took 0.141 seconds
[2026-05-18T06:51:31.508+0000] {processor.py:186} INFO - Started process (PID=14247) to work on /home/noelsdavid/airflow_venv/lib/python3.12/site-packages/airflow/example_dags/example_dataset_alias_with_no_taskflow.py
[2026-05-18T06:51:31.511+0000] {processor.py:914} INFO - Processing file /home/noelsdavid/airflow_venv/lib/python3.12/site-packages/airflow/example_dags/example_dataset_alias_with_no_taskflow.py for tasks to queue
[2026-05-18T06:51:31.513+0000] {logging_mixin.py:190} INFO - [2026-05-18T06:51:31.512+0000] {dagbag.py:588} INFO - Filling up the DagBag from /home/noelsdavid/airflow_venv/lib/python3.12/site-packages/airflow/example_dags/example_dataset_alias_with_no_taskflow.py
[2026-05-18T06:51:31.546+0000] {processor.py:925} INFO - DAG(s) 'dataset_s3_bucket_consumer_with_no_taskflow', 'dataset_s3_bucket_producer_with_no_taskflow', 'dataset_alias_example_alias_producer_with_no_taskflow', 'dataset_alias_example_alias_consumer_with_no_taskflow' retrieved from /home/noelsdavid/airflow_venv/lib/python3.12/site-packages/airflow/example_dags/example_dataset_alias_with_no_taskflow.py
[2026-05-18T06:51:31.573+0000] {logging_mixin.py:190} INFO - [2026-05-18T06:51:31.573+0000] {dag.py:3239} INFO - Sync 4 DAGs
[2026-05-18T06:51:31.599+0000] {logging_mixin.py:190} INFO - [2026-05-18T06:51:31.599+0000] {dag.py:4180} INFO - Setting next_dagrun for dataset_alias_example_alias_consumer_with_no_taskflow to None, run_after=None
[2026-05-18T06:51:31.602+0000] {logging_mixin.py:190} INFO - [2026-05-18T06:51:31.602+0000] {dag.py:4180} INFO - Setting next_dagrun for dataset_alias_example_alias_producer_with_no_taskflow to None, run_after=None
[2026-05-18T06:51:31.604+0000] {logging_mixin.py:190} INFO - [2026-05-18T06:51:31.604+0000] {dag.py:4180} INFO - Setting next_dagrun for dataset_s3_bucket_consumer_with_no_taskflow to None, run_after=None
[2026-05-18T06:51:31.605+0000] {logging_mixin.py:190} INFO - [2026-05-18T06:51:31.605+0000] {dag.py:4180} INFO - Setting next_dagrun for dataset_s3_bucket_producer_with_no_taskflow to None, run_after=None
[2026-05-18T06:51:31.639+0000] {processor.py:208} INFO - Processing /home/noelsdavid/airflow_venv/lib/python3.12/site-packages/airflow/example_dags/example_dataset_alias_with_no_taskflow.py took 0.142 seconds
[2026-05-18T06:52:40.477+0000] {processor.py:186} INFO - Started process (PID=14480) to work on /home/noelsdavid/airflow_venv/lib/python3.12/site-packages/airflow/example_dags/example_dataset_alias_with_no_taskflow.py
[2026-05-18T06:52:40.480+0000] {processor.py:914} INFO - Processing file /home/noelsdavid/airflow_venv/lib/python3.12/site-packages/airflow/example_dags/example_dataset_alias_with_no_taskflow.py for tasks to queue
[2026-05-18T06:52:40.482+0000] {logging_mixin.py:190} INFO - [2026-05-18T06:52:40.481+0000] {dagbag.py:588} INFO - Filling up the DagBag from /home/noelsdavid/airflow_venv/lib/python3.12/site-packages/airflow/example_dags/example_dataset_alias_with_no_taskflow.py
[2026-05-18T06:52:40.516+0000] {processor.py:925} INFO - DAG(s) 'dataset_s3_bucket_consumer_with_no_taskflow', 'dataset_s3_bucket_producer_with_no_taskflow', 'dataset_alias_example_alias_producer_with_no_taskflow', 'dataset_alias_example_alias_consumer_with_no_taskflow' retrieved from /home/noelsdavid/airflow_venv/lib/python3.12/site-packages/airflow/example_dags/example_dataset_alias_with_no_taskflow.py
[2026-05-18T06:52:40.546+0000] {logging_mixin.py:190} INFO - [2026-05-18T06:52:40.545+0000] {dag.py:3239} INFO - Sync 4 DAGs
[2026-05-18T06:52:40.573+0000] {logging_mixin.py:190} INFO - [2026-05-18T06:52:40.573+0000] {dag.py:4180} INFO - Setting next_dagrun for dataset_alias_example_alias_consumer_with_no_taskflow to None, run_after=None
[2026-05-18T06:52:40.576+0000] {logging_mixin.py:190} INFO - [2026-05-18T06:52:40.576+0000] {dag.py:4180} INFO - Setting next_dagrun for dataset_alias_example_alias_producer_with_no_taskflow to None, run_after=None
[2026-05-18T06:52:40.577+0000] {logging_mixin.py:190} INFO - [2026-05-18T06:52:40.577+0000] {dag.py:4180} INFO - Setting next_dagrun for dataset_s3_bucket_consumer_with_no_taskflow to None, run_after=None
[2026-05-18T06:52:40.578+0000] {logging_mixin.py:190} INFO - [2026-05-18T06:52:40.578+0000] {dag.py:4180} INFO - Setting next_dagrun for dataset_s3_bucket_producer_with_no_taskflow to None, run_after=None
[2026-05-18T06:52:40.613+0000] {processor.py:208} INFO - Processing /home/noelsdavid/airflow_venv/lib/python3.12/site-packages/airflow/example_dags/example_dataset_alias_with_no_taskflow.py took 0.145 seconds
[2026-05-18T06:53:54.904+0000] {processor.py:186} INFO - Started process (PID=14835) to work on /home/noelsdavid/airflow_venv/lib/python3.12/site-packages/airflow/example_dags/example_dataset_alias_with_no_taskflow.py
[2026-05-18T06:53:54.907+0000] {processor.py:914} INFO - Processing file /home/noelsdavid/airflow_venv/lib/python3.12/site-packages/airflow/example_dags/example_dataset_alias_with_no_taskflow.py for tasks to queue
[2026-05-18T06:53:54.909+0000] {logging_mixin.py:190} INFO - [2026-05-18T06:53:54.909+0000] {dagbag.py:588} INFO - Filling up the DagBag from /home/noelsdavid/airflow_venv/lib/python3.12/site-packages/airflow/example_dags/example_dataset_alias_with_no_taskflow.py
[2026-05-18T06:53:54.943+0000] {processor.py:925} INFO - DAG(s) 'dataset_s3_bucket_consumer_with_no_taskflow', 'dataset_s3_bucket_producer_with_no_taskflow', 'dataset_alias_example_alias_producer_with_no_taskflow', 'dataset_alias_example_alias_consumer_with_no_taskflow' retrieved from /home/noelsdavid/airflow_venv/lib/python3.12/site-packages/airflow/example_dags/example_dataset_alias_with_no_taskflow.py
[2026-05-18T06:53:54.969+0000] {logging_mixin.py:190} INFO - [2026-05-18T06:53:54.969+0000] {dag.py:3239} INFO - Sync 4 DAGs
[2026-05-18T06:53:54.996+0000] {logging_mixin.py:190} INFO - [2026-05-18T06:53:54.996+0000] {dag.py:4180} INFO - Setting next_dagrun for dataset_alias_example_alias_consumer_with_no_taskflow to None, run_after=None
[2026-05-18T06:53:55.000+0000] {logging_mixin.py:190} INFO - [2026-05-18T06:53:54.999+0000] {dag.py:4180} INFO - Setting next_dagrun for dataset_alias_example_alias_producer_with_no_taskflow to None, run_after=None
[2026-05-18T06:53:55.001+0000] {logging_mixin.py:190} INFO - [2026-05-18T06:53:55.001+0000] {dag.py:4180} INFO - Setting next_dagrun for dataset_s3_bucket_consumer_with_no_taskflow to None, run_after=None
[2026-05-18T06:53:55.002+0000] {logging_mixin.py:190} INFO - [2026-05-18T06:53:55.002+0000] {dag.py:4180} INFO - Setting next_dagrun for dataset_s3_bucket_producer_with_no_taskflow to None, run_after=None
[2026-05-18T06:53:55.035+0000] {processor.py:208} INFO - Processing /home/noelsdavid/airflow_venv/lib/python3.12/site-packages/airflow/example_dags/example_dataset_alias_with_no_taskflow.py took 0.140 seconds
[2026-05-18T06:55:06.492+0000] {processor.py:186} INFO - Started process (PID=15039) to work on /home/noelsdavid/airflow_venv/lib/python3.12/site-packages/airflow/example_dags/example_dataset_alias_with_no_taskflow.py
[2026-05-18T06:55:06.495+0000] {processor.py:914} INFO - Processing file /home/noelsdavid/airflow_venv/lib/python3.12/site-packages/airflow/example_dags/example_dataset_alias_with_no_taskflow.py for tasks to queue
[2026-05-18T06:55:06.498+0000] {logging_mixin.py:190} INFO - [2026-05-18T06:55:06.497+0000] {dagbag.py:588} INFO - Filling up the DagBag from /home/noelsdavid/airflow_venv/lib/python3.12/site-packages/airflow/example_dags/example_dataset_alias_with_no_taskflow.py
[2026-05-18T06:55:06.554+0000] {processor.py:925} INFO - DAG(s) 'dataset_alias_example_alias_consumer_with_no_taskflow', 'dataset_s3_bucket_consumer_with_no_taskflow', 'dataset_s3_bucket_producer_with_no_taskflow', 'dataset_alias_example_alias_producer_with_no_taskflow' retrieved from /home/noelsdavid/airflow_venv/lib/python3.12/site-packages/airflow/example_dags/example_dataset_alias_with_no_taskflow.py
[2026-05-18T06:55:06.602+0000] {logging_mixin.py:190} INFO - [2026-05-18T06:55:06.601+0000] {dag.py:3239} INFO - Sync 4 DAGs
[2026-05-18T06:55:06.638+0000] {logging_mixin.py:190} INFO - [2026-05-18T06:55:06.637+0000] {dag.py:4180} INFO - Setting next_dagrun for dataset_alias_example_alias_consumer_with_no_taskflow to None, run_after=None
[2026-05-18T06:55:06.642+0000] {logging_mixin.py:190} INFO - [2026-05-18T06:55:06.642+0000] {dag.py:4180} INFO - Setting next_dagrun for dataset_alias_example_alias_producer_with_no_taskflow to None, run_after=None
[2026-05-18T06:55:06.644+0000] {logging_mixin.py:190} INFO - [2026-05-18T06:55:06.644+0000] {dag.py:4180} INFO - Setting next_dagrun for dataset_s3_bucket_consumer_with_no_taskflow to None, run_after=None
[2026-05-18T06:55:06.645+0000] {logging_mixin.py:190} INFO - [2026-05-18T06:55:06.645+0000] {dag.py:4180} INFO - Setting next_dagrun for dataset_s3_bucket_producer_with_no_taskflow to None, run_after=None
[2026-05-18T06:55:06.689+0000] {processor.py:208} INFO - Processing /home/noelsdavid/airflow_venv/lib/python3.12/site-packages/airflow/example_dags/example_dataset_alias_with_no_taskflow.py took 0.209 seconds
[2026-05-18T06:56:25.510+0000] {processor.py:186} INFO - Started process (PID=15393) to work on /home/noelsdavid/airflow_venv/lib/python3.12/site-packages/airflow/example_dags/example_dataset_alias_with_no_taskflow.py
[2026-05-18T06:56:25.513+0000] {processor.py:914} INFO - Processing file /home/noelsdavid/airflow_venv/lib/python3.12/site-packages/airflow/example_dags/example_dataset_alias_with_no_taskflow.py for tasks to queue
[2026-05-18T06:56:25.516+0000] {logging_mixin.py:190} INFO - [2026-05-18T06:56:25.515+0000] {dagbag.py:588} INFO - Filling up the DagBag from /home/noelsdavid/airflow_venv/lib/python3.12/site-packages/airflow/example_dags/example_dataset_alias_with_no_taskflow.py
[2026-05-18T06:56:25.552+0000] {processor.py:925} INFO - DAG(s) 'dataset_s3_bucket_producer_with_no_taskflow', 'dataset_alias_example_alias_producer_with_no_taskflow', 'dataset_alias_example_alias_consumer_with_no_taskflow', 'dataset_s3_bucket_consumer_with_no_taskflow' retrieved from /home/noelsdavid/airflow_venv/lib/python3.12/site-packages/airflow/example_dags/example_dataset_alias_with_no_taskflow.py
[2026-05-18T06:56:25.579+0000] {logging_mixin.py:190} INFO - [2026-05-18T06:56:25.579+0000] {dag.py:3239} INFO - Sync 4 DAGs
[2026-05-18T06:56:25.606+0000] {logging_mixin.py:190} INFO - [2026-05-18T06:56:25.606+0000] {dag.py:4180} INFO - Setting next_dagrun for dataset_alias_example_alias_consumer_with_no_taskflow to None, run_after=None
[2026-05-18T06:56:25.609+0000] {logging_mixin.py:190} INFO - [2026-05-18T06:56:25.609+0000] {dag.py:4180} INFO - Setting next_dagrun for dataset_alias_example_alias_producer_with_no_taskflow to None, run_after=None
[2026-05-18T06:56:25.610+0000] {logging_mixin.py:190} INFO - [2026-05-18T06:56:25.610+0000] {dag.py:4180} INFO - Setting next_dagrun for dataset_s3_bucket_consumer_with_no_taskflow to None, run_after=None
[2026-05-18T06:56:25.612+0000] {logging_mixin.py:190} INFO - [2026-05-18T06:56:25.611+0000] {dag.py:4180} INFO - Setting next_dagrun for dataset_s3_bucket_producer_with_no_taskflow to None, run_after=None
[2026-05-18T06:56:25.649+0000] {processor.py:208} INFO - Processing /home/noelsdavid/airflow_venv/lib/python3.12/site-packages/airflow/example_dags/example_dataset_alias_with_no_taskflow.py took 0.148 seconds
[2026-05-18T06:57:43.871+0000] {processor.py:186} INFO - Started process (PID=15513) to work on /home/noelsdavid/airflow_venv/lib/python3.12/site-packages/airflow/example_dags/example_dataset_alias_with_no_taskflow.py
[2026-05-18T06:57:43.875+0000] {processor.py:914} INFO - Processing file /home/noelsdavid/airflow_venv/lib/python3.12/site-packages/airflow/example_dags/example_dataset_alias_with_no_taskflow.py for tasks to queue
[2026-05-18T06:57:43.881+0000] {logging_mixin.py:190} INFO - [2026-05-18T06:57:43.877+0000] {dagbag.py:588} INFO - Filling up the DagBag from /home/noelsdavid/airflow_venv/lib/python3.12/site-packages/airflow/example_dags/example_dataset_alias_with_no_taskflow.py
[2026-05-18T06:57:43.972+0000] {processor.py:925} INFO - DAG(s) 'dataset_s3_bucket_producer_with_no_taskflow', 'dataset_s3_bucket_consumer_with_no_taskflow', 'dataset_alias_example_alias_producer_with_no_taskflow', 'dataset_alias_example_alias_consumer_with_no_taskflow' retrieved from /home/noelsdavid/airflow_venv/lib/python3.12/site-packages/airflow/example_dags/example_dataset_alias_with_no_taskflow.py
[2026-05-18T06:57:44.035+0000] {logging_mixin.py:190} INFO - [2026-05-18T06:57:44.034+0000] {dag.py:3239} INFO - Sync 4 DAGs
[2026-05-18T06:57:44.071+0000] {logging_mixin.py:190} INFO - [2026-05-18T06:57:44.071+0000] {dag.py:4180} INFO - Setting next_dagrun for dataset_alias_example_alias_consumer_with_no_taskflow to None, run_after=None
[2026-05-18T06:57:44.076+0000] {logging_mixin.py:190} INFO - [2026-05-18T06:57:44.075+0000] {dag.py:4180} INFO - Setting next_dagrun for dataset_alias_example_alias_producer_with_no_taskflow to None, run_after=None
[2026-05-18T06:57:44.077+0000] {logging_mixin.py:190} INFO - [2026-05-18T06:57:44.077+0000] {dag.py:4180} INFO - Setting next_dagrun for dataset_s3_bucket_consumer_with_no_taskflow to None, run_after=None
[2026-05-18T06:57:44.079+0000] {logging_mixin.py:190} INFO - [2026-05-18T06:57:44.079+0000] {dag.py:4180} INFO - Setting next_dagrun for dataset_s3_bucket_producer_with_no_taskflow to None, run_after=None
[2026-05-18T06:57:44.115+0000] {processor.py:208} INFO - Processing /home/noelsdavid/airflow_venv/lib/python3.12/site-packages/airflow/example_dags/example_dataset_alias_with_no_taskflow.py took 0.257 seconds
[2026-05-18T06:58:56.674+0000] {processor.py:186} INFO - Started process (PID=15802) to work on /home/noelsdavid/airflow_venv/lib/python3.12/site-packages/airflow/example_dags/example_dataset_alias_with_no_taskflow.py
[2026-05-18T06:58:56.677+0000] {processor.py:914} INFO - Processing file /home/noelsdavid/airflow_venv/lib/python3.12/site-packages/airflow/example_dags/example_dataset_alias_with_no_taskflow.py for tasks to queue
[2026-05-18T06:58:56.679+0000] {logging_mixin.py:190} INFO - [2026-05-18T06:58:56.679+0000] {dagbag.py:588} INFO - Filling up the DagBag from /home/noelsdavid/airflow_venv/lib/python3.12/site-packages/airflow/example_dags/example_dataset_alias_with_no_taskflow.py
[2026-05-18T06:58:56.713+0000] {processor.py:925} INFO - DAG(s) 'dataset_alias_example_alias_producer_with_no_taskflow', 'dataset_alias_example_alias_consumer_with_no_taskflow', 'dataset_s3_bucket_consumer_with_no_taskflow', 'dataset_s3_bucket_producer_with_no_taskflow' retrieved from /home/noelsdavid/airflow_venv/lib/python3.12/site-packages/airflow/example_dags/example_dataset_alias_with_no_taskflow.py
[2026-05-18T06:58:56.739+0000] {logging_mixin.py:190} INFO - [2026-05-18T06:58:56.739+0000] {dag.py:3239} INFO - Sync 4 DAGs
[2026-05-18T06:58:56.768+0000] {logging_mixin.py:190} INFO - [2026-05-18T06:58:56.768+0000] {dag.py:4180} INFO - Setting next_dagrun for dataset_alias_example_alias_consumer_with_no_taskflow to None, run_after=None
[2026-05-18T06:58:56.772+0000] {logging_mixin.py:190} INFO - [2026-05-18T06:58:56.771+0000] {dag.py:4180} INFO - Setting next_dagrun for dataset_alias_example_alias_producer_with_no_taskflow to None, run_after=None
[2026-05-18T06:58:56.773+0000] {logging_mixin.py:190} INFO - [2026-05-18T06:58:56.773+0000] {dag.py:4180} INFO - Setting next_dagrun for dataset_s3_bucket_consumer_with_no_taskflow to None, run_after=None
[2026-05-18T06:58:56.774+0000] {logging_mixin.py:190} INFO - [2026-05-18T06:58:56.774+0000] {dag.py:4180} INFO - Setting next_dagrun for dataset_s3_bucket_producer_with_no_taskflow to None, run_after=None
[2026-05-18T06:58:56.809+0000] {processor.py:208} INFO - Processing /home/noelsdavid/airflow_venv/lib/python3.12/site-packages/airflow/example_dags/example_dataset_alias_with_no_taskflow.py took 0.143 seconds
[2026-05-18T07:00:18.817+0000] {processor.py:186} INFO - Started process (PID=16107) to work on /home/noelsdavid/airflow_venv/lib/python3.12/site-packages/airflow/example_dags/example_dataset_alias_with_no_taskflow.py
[2026-05-18T07:00:18.820+0000] {processor.py:914} INFO - Processing file /home/noelsdavid/airflow_venv/lib/python3.12/site-packages/airflow/example_dags/example_dataset_alias_with_no_taskflow.py for tasks to queue
[2026-05-18T07:00:18.823+0000] {logging_mixin.py:190} INFO - [2026-05-18T07:00:18.822+0000] {dagbag.py:588} INFO - Filling up the DagBag from /home/noelsdavid/airflow_venv/lib/python3.12/site-packages/airflow/example_dags/example_dataset_alias_with_no_taskflow.py
[2026-05-18T07:00:18.865+0000] {processor.py:925} INFO - DAG(s) 'dataset_s3_bucket_consumer_with_no_taskflow', 'dataset_alias_example_alias_producer_with_no_taskflow', 'dataset_s3_bucket_producer_with_no_taskflow', 'dataset_alias_example_alias_consumer_with_no_taskflow' retrieved from /home/noelsdavid/airflow_venv/lib/python3.12/site-packages/airflow/example_dags/example_dataset_alias_with_no_taskflow.py
[2026-05-18T07:00:18.898+0000] {logging_mixin.py:190} INFO - [2026-05-18T07:00:18.897+0000] {dag.py:3239} INFO - Sync 4 DAGs
[2026-05-18T07:00:18.932+0000] {logging_mixin.py:190} INFO - [2026-05-18T07:00:18.931+0000] {dag.py:4180} INFO - Setting next_dagrun for dataset_alias_example_alias_consumer_with_no_taskflow to None, run_after=None
[2026-05-18T07:00:18.935+0000] {logging_mixin.py:190} INFO - [2026-05-18T07:00:18.935+0000] {dag.py:4180} INFO - Setting next_dagrun for dataset_alias_example_alias_producer_with_no_taskflow to None, run_after=None
[2026-05-18T07:00:18.937+0000] {logging_mixin.py:190} INFO - [2026-05-18T07:00:18.937+0000] {dag.py:4180} INFO - Setting next_dagrun for dataset_s3_bucket_consumer_with_no_taskflow to None, run_after=None
[2026-05-18T07:00:18.939+0000] {logging_mixin.py:190} INFO - [2026-05-18T07:00:18.939+0000] {dag.py:4180} INFO - Setting next_dagrun for dataset_s3_bucket_producer_with_no_taskflow to None, run_after=None
[2026-05-18T07:00:18.985+0000] {processor.py:208} INFO - Processing /home/noelsdavid/airflow_venv/lib/python3.12/site-packages/airflow/example_dags/example_dataset_alias_with_no_taskflow.py took 0.178 seconds
[2026-05-18T07:01:34.280+0000] {processor.py:186} INFO - Started process (PID=16420) to work on /home/noelsdavid/airflow_venv/lib/python3.12/site-packages/airflow/example_dags/example_dataset_alias_with_no_taskflow.py
[2026-05-18T07:01:34.283+0000] {processor.py:914} INFO - Processing file /home/noelsdavid/airflow_venv/lib/python3.12/site-packages/airflow/example_dags/example_dataset_alias_with_no_taskflow.py for tasks to queue
[2026-05-18T07:01:34.285+0000] {logging_mixin.py:190} INFO - [2026-05-18T07:01:34.284+0000] {dagbag.py:588} INFO - Filling up the DagBag from /home/noelsdavid/airflow_venv/lib/python3.12/site-packages/airflow/example_dags/example_dataset_alias_with_no_taskflow.py
[2026-05-18T07:01:34.320+0000] {processor.py:925} INFO - DAG(s) 'dataset_s3_bucket_producer_with_no_taskflow', 'dataset_alias_example_alias_consumer_with_no_taskflow', 'dataset_alias_example_alias_producer_with_no_taskflow', 'dataset_s3_bucket_consumer_with_no_taskflow' retrieved from /home/noelsdavid/airflow_venv/lib/python3.12/site-packages/airflow/example_dags/example_dataset_alias_with_no_taskflow.py
[2026-05-18T07:01:34.349+0000] {logging_mixin.py:190} INFO - [2026-05-18T07:01:34.348+0000] {dag.py:3239} INFO - Sync 4 DAGs
[2026-05-18T07:01:34.380+0000] {logging_mixin.py:190} INFO - [2026-05-18T07:01:34.380+0000] {dag.py:4180} INFO - Setting next_dagrun for dataset_alias_example_alias_consumer_with_no_taskflow to None, run_after=None
[2026-05-18T07:01:34.384+0000] {logging_mixin.py:190} INFO - [2026-05-18T07:01:34.383+0000] {dag.py:4180} INFO - Setting next_dagrun for dataset_alias_example_alias_producer_with_no_taskflow to None, run_after=None
[2026-05-18T07:01:34.386+0000] {logging_mixin.py:190} INFO - [2026-05-18T07:01:34.385+0000] {dag.py:4180} INFO - Setting next_dagrun for dataset_s3_bucket_consumer_with_no_taskflow to None, run_after=None
[2026-05-18T07:01:34.387+0000] {logging_mixin.py:190} INFO - [2026-05-18T07:01:34.387+0000] {dag.py:4180} INFO - Setting next_dagrun for dataset_s3_bucket_producer_with_no_taskflow to None, run_after=None
[2026-05-18T07:01:34.424+0000] {processor.py:208} INFO - Processing /home/noelsdavid/airflow_venv/lib/python3.12/site-packages/airflow/example_dags/example_dataset_alias_with_no_taskflow.py took 0.153 seconds
[2026-05-18T07:02:45.616+0000] {processor.py:186} INFO - Started process (PID=16498) to work on /home/noelsdavid/airflow_venv/lib/python3.12/site-packages/airflow/example_dags/example_dataset_alias_with_no_taskflow.py
[2026-05-18T07:02:45.619+0000] {processor.py:914} INFO - Processing file /home/noelsdavid/airflow_venv/lib/python3.12/site-packages/airflow/example_dags/example_dataset_alias_with_no_taskflow.py for tasks to queue
[2026-05-18T07:02:45.621+0000] {logging_mixin.py:190} INFO - [2026-05-18T07:02:45.620+0000] {dagbag.py:588} INFO - Filling up the DagBag from /home/noelsdavid/airflow_venv/lib/python3.12/site-packages/airflow/example_dags/example_dataset_alias_with_no_taskflow.py
[2026-05-18T07:02:45.654+0000] {processor.py:925} INFO - DAG(s) 'dataset_alias_example_alias_producer_with_no_taskflow', 'dataset_s3_bucket_producer_with_no_taskflow', 'dataset_alias_example_alias_consumer_with_no_taskflow', 'dataset_s3_bucket_consumer_with_no_taskflow' retrieved from /home/noelsdavid/airflow_venv/lib/python3.12/site-packages/airflow/example_dags/example_dataset_alias_with_no_taskflow.py
[2026-05-18T07:02:45.680+0000] {logging_mixin.py:190} INFO - [2026-05-18T07:02:45.679+0000] {dag.py:3239} INFO - Sync 4 DAGs
[2026-05-18T07:02:45.705+0000] {logging_mixin.py:190} INFO - [2026-05-18T07:02:45.705+0000] {dag.py:4180} INFO - Setting next_dagrun for dataset_alias_example_alias_consumer_with_no_taskflow to None, run_after=None
[2026-05-18T07:02:45.708+0000] {logging_mixin.py:190} INFO - [2026-05-18T07:02:45.708+0000] {dag.py:4180} INFO - Setting next_dagrun for dataset_alias_example_alias_producer_with_no_taskflow to None, run_after=None
[2026-05-18T07:02:45.710+0000] {logging_mixin.py:190} INFO - [2026-05-18T07:02:45.710+0000] {dag.py:4180} INFO - Setting next_dagrun for dataset_s3_bucket_consumer_with_no_taskflow to None, run_after=None
[2026-05-18T07:02:45.712+0000] {logging_mixin.py:190} INFO - [2026-05-18T07:02:45.711+0000] {dag.py:4180} INFO - Setting next_dagrun for dataset_s3_bucket_producer_with_no_taskflow to None, run_after=None
[2026-05-18T07:02:45.745+0000] {processor.py:208} INFO - Processing /home/noelsdavid/airflow_venv/lib/python3.12/site-packages/airflow/example_dags/example_dataset_alias_with_no_taskflow.py took 0.139 seconds
[2026-05-18T07:03:58.045+0000] {processor.py:186} INFO - Started process (PID=16576) to work on /home/noelsdavid/airflow_venv/lib/python3.12/site-packages/airflow/example_dags/example_dataset_alias_with_no_taskflow.py
[2026-05-18T07:03:58.048+0000] {processor.py:914} INFO - Processing file /home/noelsdavid/airflow_venv/lib/python3.12/site-packages/airflow/example_dags/example_dataset_alias_with_no_taskflow.py for tasks to queue
[2026-05-18T07:03:58.050+0000] {logging_mixin.py:190} INFO - [2026-05-18T07:03:58.049+0000] {dagbag.py:588} INFO - Filling up the DagBag from /home/noelsdavid/airflow_venv/lib/python3.12/site-packages/airflow/example_dags/example_dataset_alias_with_no_taskflow.py
[2026-05-18T07:03:58.084+0000] {processor.py:925} INFO - DAG(s) 'dataset_s3_bucket_producer_with_no_taskflow', 'dataset_alias_example_alias_producer_with_no_taskflow', 'dataset_s3_bucket_consumer_with_no_taskflow', 'dataset_alias_example_alias_consumer_with_no_taskflow' retrieved from /home/noelsdavid/airflow_venv/lib/python3.12/site-packages/airflow/example_dags/example_dataset_alias_with_no_taskflow.py
[2026-05-18T07:03:58.111+0000] {logging_mixin.py:190} INFO - [2026-05-18T07:03:58.111+0000] {dag.py:3239} INFO - Sync 4 DAGs
[2026-05-18T07:03:58.137+0000] {logging_mixin.py:190} INFO - [2026-05-18T07:03:58.136+0000] {dag.py:4180} INFO - Setting next_dagrun for dataset_alias_example_alias_consumer_with_no_taskflow to None, run_after=None
[2026-05-18T07:03:58.140+0000] {logging_mixin.py:190} INFO - [2026-05-18T07:03:58.139+0000] {dag.py:4180} INFO - Setting next_dagrun for dataset_alias_example_alias_producer_with_no_taskflow to None, run_after=None
[2026-05-18T07:03:58.141+0000] {logging_mixin.py:190} INFO - [2026-05-18T07:03:58.141+0000] {dag.py:4180} INFO - Setting next_dagrun for dataset_s3_bucket_consumer_with_no_taskflow to None, run_after=None
[2026-05-18T07:03:58.142+0000] {logging_mixin.py:190} INFO - [2026-05-18T07:03:58.142+0000] {dag.py:4180} INFO - Setting next_dagrun for dataset_s3_bucket_producer_with_no_taskflow to None, run_after=None
[2026-05-18T07:03:58.176+0000] {processor.py:208} INFO - Processing /home/noelsdavid/airflow_venv/lib/python3.12/site-packages/airflow/example_dags/example_dataset_alias_with_no_taskflow.py took 0.141 seconds
[2026-05-18T07:05:07.683+0000] {processor.py:186} INFO - Started process (PID=16651) to work on /home/noelsdavid/airflow_venv/lib/python3.12/site-packages/airflow/example_dags/example_dataset_alias_with_no_taskflow.py
[2026-05-18T07:05:07.686+0000] {processor.py:914} INFO - Processing file /home/noelsdavid/airflow_venv/lib/python3.12/site-packages/airflow/example_dags/example_dataset_alias_with_no_taskflow.py for tasks to queue
[2026-05-18T07:05:07.688+0000] {logging_mixin.py:190} INFO - [2026-05-18T07:05:07.688+0000] {dagbag.py:588} INFO - Filling up the DagBag from /home/noelsdavid/airflow_venv/lib/python3.12/site-packages/airflow/example_dags/example_dataset_alias_with_no_taskflow.py
[2026-05-18T07:05:07.727+0000] {processor.py:925} INFO - DAG(s) 'dataset_s3_bucket_producer_with_no_taskflow', 'dataset_s3_bucket_consumer_with_no_taskflow', 'dataset_alias_example_alias_consumer_with_no_taskflow', 'dataset_alias_example_alias_producer_with_no_taskflow' retrieved from /home/noelsdavid/airflow_venv/lib/python3.12/site-packages/airflow/example_dags/example_dataset_alias_with_no_taskflow.py
[2026-05-18T07:05:07.754+0000] {logging_mixin.py:190} INFO - [2026-05-18T07:05:07.754+0000] {dag.py:3239} INFO - Sync 4 DAGs
[2026-05-18T07:05:07.783+0000] {logging_mixin.py:190} INFO - [2026-05-18T07:05:07.782+0000] {dag.py:4180} INFO - Setting next_dagrun for dataset_alias_example_alias_consumer_with_no_taskflow to None, run_after=None
[2026-05-18T07:05:07.786+0000] {logging_mixin.py:190} INFO - [2026-05-18T07:05:07.785+0000] {dag.py:4180} INFO - Setting next_dagrun for dataset_alias_example_alias_producer_with_no_taskflow to None, run_after=None
[2026-05-18T07:05:07.787+0000] {logging_mixin.py:190} INFO - [2026-05-18T07:05:07.787+0000] {dag.py:4180} INFO - Setting next_dagrun for dataset_s3_bucket_consumer_with_no_taskflow to None, run_after=None
[2026-05-18T07:05:07.788+0000] {logging_mixin.py:190} INFO - [2026-05-18T07:05:07.788+0000] {dag.py:4180} INFO - Setting next_dagrun for dataset_s3_bucket_producer_with_no_taskflow to None, run_after=None
[2026-05-18T07:05:07.823+0000] {processor.py:208} INFO - Processing /home/noelsdavid/airflow_venv/lib/python3.12/site-packages/airflow/example_dags/example_dataset_alias_with_no_taskflow.py took 0.149 seconds
[2026-05-18T07:06:26.466+0000] {processor.py:186} INFO - Started process (PID=16756) to work on /home/noelsdavid/airflow_venv/lib/python3.12/site-packages/airflow/example_dags/example_dataset_alias_with_no_taskflow.py
[2026-05-18T07:06:26.469+0000] {processor.py:914} INFO - Processing file /home/noelsdavid/airflow_venv/lib/python3.12/site-packages/airflow/example_dags/example_dataset_alias_with_no_taskflow.py for tasks to queue
[2026-05-18T07:06:26.471+0000] {logging_mixin.py:190} INFO - [2026-05-18T07:06:26.470+0000] {dagbag.py:588} INFO - Filling up the DagBag from /home/noelsdavid/airflow_venv/lib/python3.12/site-packages/airflow/example_dags/example_dataset_alias_with_no_taskflow.py
[2026-05-18T07:06:26.505+0000] {processor.py:925} INFO - DAG(s) 'dataset_s3_bucket_consumer_with_no_taskflow', 'dataset_s3_bucket_producer_with_no_taskflow', 'dataset_alias_example_alias_producer_with_no_taskflow', 'dataset_alias_example_alias_consumer_with_no_taskflow' retrieved from /home/noelsdavid/airflow_venv/lib/python3.12/site-packages/airflow/example_dags/example_dataset_alias_with_no_taskflow.py
[2026-05-18T07:06:26.701+0000] {logging_mixin.py:190} INFO - [2026-05-18T07:06:26.701+0000] {dag.py:3239} INFO - Sync 4 DAGs
[2026-05-18T07:06:26.724+0000] {logging_mixin.py:190} INFO - [2026-05-18T07:06:26.724+0000] {dag.py:4180} INFO - Setting next_dagrun for dataset_alias_example_alias_consumer_with_no_taskflow to None, run_after=None
[2026-05-18T07:06:26.727+0000] {logging_mixin.py:190} INFO - [2026-05-18T07:06:26.727+0000] {dag.py:4180} INFO - Setting next_dagrun for dataset_alias_example_alias_producer_with_no_taskflow to None, run_after=None
[2026-05-18T07:06:26.729+0000] {logging_mixin.py:190} INFO - [2026-05-18T07:06:26.729+0000] {dag.py:4180} INFO - Setting next_dagrun for dataset_s3_bucket_consumer_with_no_taskflow to None, run_after=None
[2026-05-18T07:06:26.730+0000] {logging_mixin.py:190} INFO - [2026-05-18T07:06:26.730+0000] {dag.py:4180} INFO - Setting next_dagrun for dataset_s3_bucket_producer_with_no_taskflow to None, run_after=None
[2026-05-18T07:06:26.767+0000] {processor.py:208} INFO - Processing /home/noelsdavid/airflow_venv/lib/python3.12/site-packages/airflow/example_dags/example_dataset_alias_with_no_taskflow.py took 0.311 seconds
[2026-05-18T07:07:43.908+0000] {processor.py:186} INFO - Started process (PID=16838) to work on /home/noelsdavid/airflow_venv/lib/python3.12/site-packages/airflow/example_dags/example_dataset_alias_with_no_taskflow.py
[2026-05-18T07:07:43.929+0000] {processor.py:914} INFO - Processing file /home/noelsdavid/airflow_venv/lib/python3.12/site-packages/airflow/example_dags/example_dataset_alias_with_no_taskflow.py for tasks to queue
[2026-05-18T07:07:43.931+0000] {logging_mixin.py:190} INFO - [2026-05-18T07:07:43.931+0000] {dagbag.py:588} INFO - Filling up the DagBag from /home/noelsdavid/airflow_venv/lib/python3.12/site-packages/airflow/example_dags/example_dataset_alias_with_no_taskflow.py
[2026-05-18T07:07:43.970+0000] {processor.py:925} INFO - DAG(s) 'dataset_s3_bucket_producer_with_no_taskflow', 'dataset_s3_bucket_consumer_with_no_taskflow', 'dataset_alias_example_alias_consumer_with_no_taskflow', 'dataset_alias_example_alias_producer_with_no_taskflow' retrieved from /home/noelsdavid/airflow_venv/lib/python3.12/site-packages/airflow/example_dags/example_dataset_alias_with_no_taskflow.py
[2026-05-18T07:07:44.183+0000] {logging_mixin.py:190} INFO - [2026-05-18T07:07:44.183+0000] {dag.py:3239} INFO - Sync 4 DAGs
[2026-05-18T07:07:44.207+0000] {logging_mixin.py:190} INFO - [2026-05-18T07:07:44.206+0000] {dag.py:4180} INFO - Setting next_dagrun for dataset_alias_example_alias_consumer_with_no_taskflow to None, run_after=None
[2026-05-18T07:07:44.209+0000] {logging_mixin.py:190} INFO - [2026-05-18T07:07:44.209+0000] {dag.py:4180} INFO - Setting next_dagrun for dataset_alias_example_alias_producer_with_no_taskflow to None, run_after=None
[2026-05-18T07:07:44.211+0000] {logging_mixin.py:190} INFO - [2026-05-18T07:07:44.211+0000] {dag.py:4180} INFO - Setting next_dagrun for dataset_s3_bucket_consumer_with_no_taskflow to None, run_after=None
[2026-05-18T07:07:44.213+0000] {logging_mixin.py:190} INFO - [2026-05-18T07:07:44.212+0000] {dag.py:4180} INFO - Setting next_dagrun for dataset_s3_bucket_producer_with_no_taskflow to None, run_after=None
[2026-05-18T07:07:44.252+0000] {processor.py:208} INFO - Processing /home/noelsdavid/airflow_venv/lib/python3.12/site-packages/airflow/example_dags/example_dataset_alias_with_no_taskflow.py took 0.354 seconds
[2026-05-18T07:09:04.438+0000] {processor.py:186} INFO - Started process (PID=16920) to work on /home/noelsdavid/airflow_venv/lib/python3.12/site-packages/airflow/example_dags/example_dataset_alias_with_no_taskflow.py
[2026-05-18T07:09:04.441+0000] {processor.py:914} INFO - Processing file /home/noelsdavid/airflow_venv/lib/python3.12/site-packages/airflow/example_dags/example_dataset_alias_with_no_taskflow.py for tasks to queue
[2026-05-18T07:09:04.443+0000] {logging_mixin.py:190} INFO - [2026-05-18T07:09:04.442+0000] {dagbag.py:588} INFO - Filling up the DagBag from /home/noelsdavid/airflow_venv/lib/python3.12/site-packages/airflow/example_dags/example_dataset_alias_with_no_taskflow.py
[2026-05-18T07:09:04.485+0000] {processor.py:925} INFO - DAG(s) 'dataset_alias_example_alias_producer_with_no_taskflow', 'dataset_s3_bucket_consumer_with_no_taskflow', 'dataset_s3_bucket_producer_with_no_taskflow', 'dataset_alias_example_alias_consumer_with_no_taskflow' retrieved from /home/noelsdavid/airflow_venv/lib/python3.12/site-packages/airflow/example_dags/example_dataset_alias_with_no_taskflow.py
[2026-05-18T07:09:04.684+0000] {logging_mixin.py:190} INFO - [2026-05-18T07:09:04.684+0000] {dag.py:3239} INFO - Sync 4 DAGs
[2026-05-18T07:09:04.712+0000] {logging_mixin.py:190} INFO - [2026-05-18T07:09:04.711+0000] {dag.py:4180} INFO - Setting next_dagrun for dataset_alias_example_alias_consumer_with_no_taskflow to None, run_after=None
[2026-05-18T07:09:04.715+0000] {logging_mixin.py:190} INFO - [2026-05-18T07:09:04.715+0000] {dag.py:4180} INFO - Setting next_dagrun for dataset_alias_example_alias_producer_with_no_taskflow to None, run_after=None
[2026-05-18T07:09:04.718+0000] {logging_mixin.py:190} INFO - [2026-05-18T07:09:04.717+0000] {dag.py:4180} INFO - Setting next_dagrun for dataset_s3_bucket_consumer_with_no_taskflow to None, run_after=None
[2026-05-18T07:09:04.719+0000] {logging_mixin.py:190} INFO - [2026-05-18T07:09:04.719+0000] {dag.py:4180} INFO - Setting next_dagrun for dataset_s3_bucket_producer_with_no_taskflow to None, run_after=None
[2026-05-18T07:09:04.759+0000] {processor.py:208} INFO - Processing /home/noelsdavid/airflow_venv/lib/python3.12/site-packages/airflow/example_dags/example_dataset_alias_with_no_taskflow.py took 0.331 seconds
[2026-05-18T07:10:25.962+0000] {processor.py:186} INFO - Started process (PID=17030) to work on /home/noelsdavid/airflow_venv/lib/python3.12/site-packages/airflow/example_dags/example_dataset_alias_with_no_taskflow.py
[2026-05-18T07:10:25.984+0000] {processor.py:914} INFO - Processing file /home/noelsdavid/airflow_venv/lib/python3.12/site-packages/airflow/example_dags/example_dataset_alias_with_no_taskflow.py for tasks to queue
[2026-05-18T07:10:25.986+0000] {logging_mixin.py:190} INFO - [2026-05-18T07:10:25.985+0000] {dagbag.py:588} INFO - Filling up the DagBag from /home/noelsdavid/airflow_venv/lib/python3.12/site-packages/airflow/example_dags/example_dataset_alias_with_no_taskflow.py
[2026-05-18T07:10:26.028+0000] {processor.py:925} INFO - DAG(s) 'dataset_s3_bucket_producer_with_no_taskflow', 'dataset_s3_bucket_consumer_with_no_taskflow', 'dataset_alias_example_alias_producer_with_no_taskflow', 'dataset_alias_example_alias_consumer_with_no_taskflow' retrieved from /home/noelsdavid/airflow_venv/lib/python3.12/site-packages/airflow/example_dags/example_dataset_alias_with_no_taskflow.py
[2026-05-18T07:10:26.058+0000] {logging_mixin.py:190} INFO - [2026-05-18T07:10:26.057+0000] {dag.py:3239} INFO - Sync 4 DAGs
[2026-05-18T07:10:26.092+0000] {logging_mixin.py:190} INFO - [2026-05-18T07:10:26.091+0000] {dag.py:4180} INFO - Setting next_dagrun for dataset_alias_example_alias_consumer_with_no_taskflow to None, run_after=None
[2026-05-18T07:10:26.096+0000] {logging_mixin.py:190} INFO - [2026-05-18T07:10:26.096+0000] {dag.py:4180} INFO - Setting next_dagrun for dataset_alias_example_alias_producer_with_no_taskflow to None, run_after=None
[2026-05-18T07:10:26.098+0000] {logging_mixin.py:190} INFO - [2026-05-18T07:10:26.098+0000] {dag.py:4180} INFO - Setting next_dagrun for dataset_s3_bucket_consumer_with_no_taskflow to None, run_after=None
[2026-05-18T07:10:26.099+0000] {logging_mixin.py:190} INFO - [2026-05-18T07:10:26.099+0000] {dag.py:4180} INFO - Setting next_dagrun for dataset_s3_bucket_producer_with_no_taskflow to None, run_after=None
[2026-05-18T07:10:26.139+0000] {processor.py:208} INFO - Processing /home/noelsdavid/airflow_venv/lib/python3.12/site-packages/airflow/example_dags/example_dataset_alias_with_no_taskflow.py took 0.187 seconds
[2026-05-18T07:11:40.122+0000] {processor.py:186} INFO - Started process (PID=17109) to work on /home/noelsdavid/airflow_venv/lib/python3.12/site-packages/airflow/example_dags/example_dataset_alias_with_no_taskflow.py
[2026-05-18T07:11:40.126+0000] {processor.py:914} INFO - Processing file /home/noelsdavid/airflow_venv/lib/python3.12/site-packages/airflow/example_dags/example_dataset_alias_with_no_taskflow.py for tasks to queue
[2026-05-18T07:11:40.128+0000] {logging_mixin.py:190} INFO - [2026-05-18T07:11:40.127+0000] {dagbag.py:588} INFO - Filling up the DagBag from /home/noelsdavid/airflow_venv/lib/python3.12/site-packages/airflow/example_dags/example_dataset_alias_with_no_taskflow.py
[2026-05-18T07:11:40.162+0000] {processor.py:925} INFO - DAG(s) 'dataset_s3_bucket_producer_with_no_taskflow', 'dataset_alias_example_alias_consumer_with_no_taskflow', 'dataset_alias_example_alias_producer_with_no_taskflow', 'dataset_s3_bucket_consumer_with_no_taskflow' retrieved from /home/noelsdavid/airflow_venv/lib/python3.12/site-packages/airflow/example_dags/example_dataset_alias_with_no_taskflow.py
[2026-05-18T07:11:40.191+0000] {logging_mixin.py:190} INFO - [2026-05-18T07:11:40.191+0000] {dag.py:3239} INFO - Sync 4 DAGs
[2026-05-18T07:11:40.220+0000] {logging_mixin.py:190} INFO - [2026-05-18T07:11:40.220+0000] {dag.py:4180} INFO - Setting next_dagrun for dataset_alias_example_alias_consumer_with_no_taskflow to None, run_after=None
[2026-05-18T07:11:40.223+0000] {logging_mixin.py:190} INFO - [2026-05-18T07:11:40.223+0000] {dag.py:4180} INFO - Setting next_dagrun for dataset_alias_example_alias_producer_with_no_taskflow to None, run_after=None
[2026-05-18T07:11:40.224+0000] {logging_mixin.py:190} INFO - [2026-05-18T07:11:40.224+0000] {dag.py:4180} INFO - Setting next_dagrun for dataset_s3_bucket_consumer_with_no_taskflow to None, run_after=None
[2026-05-18T07:11:40.226+0000] {logging_mixin.py:190} INFO - [2026-05-18T07:11:40.226+0000] {dag.py:4180} INFO - Setting next_dagrun for dataset_s3_bucket_producer_with_no_taskflow to None, run_after=None
[2026-05-18T07:11:40.262+0000] {processor.py:208} INFO - Processing /home/noelsdavid/airflow_venv/lib/python3.12/site-packages/airflow/example_dags/example_dataset_alias_with_no_taskflow.py took 0.150 seconds
[2026-05-18T07:12:54.253+0000] {processor.py:186} INFO - Started process (PID=17186) to work on /home/noelsdavid/airflow_venv/lib/python3.12/site-packages/airflow/example_dags/example_dataset_alias_with_no_taskflow.py
[2026-05-18T07:12:54.256+0000] {processor.py:914} INFO - Processing file /home/noelsdavid/airflow_venv/lib/python3.12/site-packages/airflow/example_dags/example_dataset_alias_with_no_taskflow.py for tasks to queue
[2026-05-18T07:12:54.258+0000] {logging_mixin.py:190} INFO - [2026-05-18T07:12:54.257+0000] {dagbag.py:588} INFO - Filling up the DagBag from /home/noelsdavid/airflow_venv/lib/python3.12/site-packages/airflow/example_dags/example_dataset_alias_with_no_taskflow.py
[2026-05-18T07:12:54.295+0000] {processor.py:925} INFO - DAG(s) 'dataset_alias_example_alias_consumer_with_no_taskflow', 'dataset_s3_bucket_producer_with_no_taskflow', 'dataset_alias_example_alias_producer_with_no_taskflow', 'dataset_s3_bucket_consumer_with_no_taskflow' retrieved from /home/noelsdavid/airflow_venv/lib/python3.12/site-packages/airflow/example_dags/example_dataset_alias_with_no_taskflow.py
[2026-05-18T07:12:54.326+0000] {logging_mixin.py:190} INFO - [2026-05-18T07:12:54.325+0000] {dag.py:3239} INFO - Sync 4 DAGs
[2026-05-18T07:12:54.352+0000] {logging_mixin.py:190} INFO - [2026-05-18T07:12:54.352+0000] {dag.py:4180} INFO - Setting next_dagrun for dataset_alias_example_alias_consumer_with_no_taskflow to None, run_after=None
[2026-05-18T07:12:54.356+0000] {logging_mixin.py:190} INFO - [2026-05-18T07:12:54.355+0000] {dag.py:4180} INFO - Setting next_dagrun for dataset_alias_example_alias_producer_with_no_taskflow to None, run_after=None
[2026-05-18T07:12:54.357+0000] {logging_mixin.py:190} INFO - [2026-05-18T07:12:54.357+0000] {dag.py:4180} INFO - Setting next_dagrun for dataset_s3_bucket_consumer_with_no_taskflow to None, run_after=None
[2026-05-18T07:12:54.359+0000] {logging_mixin.py:190} INFO - [2026-05-18T07:12:54.358+0000] {dag.py:4180} INFO - Setting next_dagrun for dataset_s3_bucket_producer_with_no_taskflow to None, run_after=None
[2026-05-18T07:12:54.395+0000] {processor.py:208} INFO - Processing /home/noelsdavid/airflow_venv/lib/python3.12/site-packages/airflow/example_dags/example_dataset_alias_with_no_taskflow.py took 0.153 seconds
[2026-05-18T07:14:09.475+0000] {processor.py:186} INFO - Started process (PID=17266) to work on /home/noelsdavid/airflow_venv/lib/python3.12/site-packages/airflow/example_dags/example_dataset_alias_with_no_taskflow.py
[2026-05-18T07:14:09.499+0000] {processor.py:914} INFO - Processing file /home/noelsdavid/airflow_venv/lib/python3.12/site-packages/airflow/example_dags/example_dataset_alias_with_no_taskflow.py for tasks to queue
[2026-05-18T07:14:09.501+0000] {logging_mixin.py:190} INFO - [2026-05-18T07:14:09.501+0000] {dagbag.py:588} INFO - Filling up the DagBag from /home/noelsdavid/airflow_venv/lib/python3.12/site-packages/airflow/example_dags/example_dataset_alias_with_no_taskflow.py
[2026-05-18T07:14:09.535+0000] {processor.py:925} INFO - DAG(s) 'dataset_alias_example_alias_producer_with_no_taskflow', 'dataset_alias_example_alias_consumer_with_no_taskflow', 'dataset_s3_bucket_producer_with_no_taskflow', 'dataset_s3_bucket_consumer_with_no_taskflow' retrieved from /home/noelsdavid/airflow_venv/lib/python3.12/site-packages/airflow/example_dags/example_dataset_alias_with_no_taskflow.py
[2026-05-18T07:14:09.562+0000] {logging_mixin.py:190} INFO - [2026-05-18T07:14:09.561+0000] {dag.py:3239} INFO - Sync 4 DAGs
[2026-05-18T07:14:09.590+0000] {logging_mixin.py:190} INFO - [2026-05-18T07:14:09.589+0000] {dag.py:4180} INFO - Setting next_dagrun for dataset_alias_example_alias_consumer_with_no_taskflow to None, run_after=None
[2026-05-18T07:14:09.594+0000] {logging_mixin.py:190} INFO - [2026-05-18T07:14:09.594+0000] {dag.py:4180} INFO - Setting next_dagrun for dataset_alias_example_alias_producer_with_no_taskflow to None, run_after=None
[2026-05-18T07:14:09.596+0000] {logging_mixin.py:190} INFO - [2026-05-18T07:14:09.595+0000] {dag.py:4180} INFO - Setting next_dagrun for dataset_s3_bucket_consumer_with_no_taskflow to None, run_after=None
[2026-05-18T07:14:09.597+0000] {logging_mixin.py:190} INFO - [2026-05-18T07:14:09.597+0000] {dag.py:4180} INFO - Setting next_dagrun for dataset_s3_bucket_producer_with_no_taskflow to None, run_after=None
[2026-05-18T07:14:09.632+0000] {processor.py:208} INFO - Processing /home/noelsdavid/airflow_venv/lib/python3.12/site-packages/airflow/example_dags/example_dataset_alias_with_no_taskflow.py took 0.166 seconds
[2026-05-18T07:15:19.839+0000] {processor.py:186} INFO - Started process (PID=17368) to work on /home/noelsdavid/airflow_venv/lib/python3.12/site-packages/airflow/example_dags/example_dataset_alias_with_no_taskflow.py
[2026-05-18T07:15:19.841+0000] {processor.py:914} INFO - Processing file /home/noelsdavid/airflow_venv/lib/python3.12/site-packages/airflow/example_dags/example_dataset_alias_with_no_taskflow.py for tasks to queue
[2026-05-18T07:15:19.843+0000] {logging_mixin.py:190} INFO - [2026-05-18T07:15:19.843+0000] {dagbag.py:588} INFO - Filling up the DagBag from /home/noelsdavid/airflow_venv/lib/python3.12/site-packages/airflow/example_dags/example_dataset_alias_with_no_taskflow.py
[2026-05-18T07:15:19.877+0000] {processor.py:925} INFO - DAG(s) 'dataset_s3_bucket_producer_with_no_taskflow', 'dataset_alias_example_alias_producer_with_no_taskflow', 'dataset_s3_bucket_consumer_with_no_taskflow', 'dataset_alias_example_alias_consumer_with_no_taskflow' retrieved from /home/noelsdavid/airflow_venv/lib/python3.12/site-packages/airflow/example_dags/example_dataset_alias_with_no_taskflow.py
[2026-05-18T07:15:19.905+0000] {logging_mixin.py:190} INFO - [2026-05-18T07:15:19.905+0000] {dag.py:3239} INFO - Sync 4 DAGs
[2026-05-18T07:15:19.932+0000] {logging_mixin.py:190} INFO - [2026-05-18T07:15:19.932+0000] {dag.py:4180} INFO - Setting next_dagrun for dataset_alias_example_alias_consumer_with_no_taskflow to None, run_after=None
[2026-05-18T07:15:19.936+0000] {logging_mixin.py:190} INFO - [2026-05-18T07:15:19.936+0000] {dag.py:4180} INFO - Setting next_dagrun for dataset_alias_example_alias_producer_with_no_taskflow to None, run_after=None
[2026-05-18T07:15:19.938+0000] {logging_mixin.py:190} INFO - [2026-05-18T07:15:19.937+0000] {dag.py:4180} INFO - Setting next_dagrun for dataset_s3_bucket_consumer_with_no_taskflow to None, run_after=None
[2026-05-18T07:15:19.939+0000] {logging_mixin.py:190} INFO - [2026-05-18T07:15:19.939+0000] {dag.py:4180} INFO - Setting next_dagrun for dataset_s3_bucket_producer_with_no_taskflow to None, run_after=None
[2026-05-18T07:15:19.976+0000] {processor.py:208} INFO - Processing /home/noelsdavid/airflow_venv/lib/python3.12/site-packages/airflow/example_dags/example_dataset_alias_with_no_taskflow.py took 0.147 seconds
[2026-05-18T07:16:37.743+0000] {processor.py:186} INFO - Started process (PID=17448) to work on /home/noelsdavid/airflow_venv/lib/python3.12/site-packages/airflow/example_dags/example_dataset_alias_with_no_taskflow.py
[2026-05-18T07:16:37.745+0000] {processor.py:914} INFO - Processing file /home/noelsdavid/airflow_venv/lib/python3.12/site-packages/airflow/example_dags/example_dataset_alias_with_no_taskflow.py for tasks to queue
[2026-05-18T07:16:37.747+0000] {logging_mixin.py:190} INFO - [2026-05-18T07:16:37.746+0000] {dagbag.py:588} INFO - Filling up the DagBag from /home/noelsdavid/airflow_venv/lib/python3.12/site-packages/airflow/example_dags/example_dataset_alias_with_no_taskflow.py
[2026-05-18T07:16:37.783+0000] {processor.py:925} INFO - DAG(s) 'dataset_alias_example_alias_consumer_with_no_taskflow', 'dataset_alias_example_alias_producer_with_no_taskflow', 'dataset_s3_bucket_consumer_with_no_taskflow', 'dataset_s3_bucket_producer_with_no_taskflow' retrieved from /home/noelsdavid/airflow_venv/lib/python3.12/site-packages/airflow/example_dags/example_dataset_alias_with_no_taskflow.py
[2026-05-18T07:16:37.811+0000] {logging_mixin.py:190} INFO - [2026-05-18T07:16:37.811+0000] {dag.py:3239} INFO - Sync 4 DAGs
[2026-05-18T07:16:37.840+0000] {logging_mixin.py:190} INFO - [2026-05-18T07:16:37.840+0000] {dag.py:4180} INFO - Setting next_dagrun for dataset_alias_example_alias_consumer_with_no_taskflow to None, run_after=None
[2026-05-18T07:16:37.844+0000] {logging_mixin.py:190} INFO - [2026-05-18T07:16:37.843+0000] {dag.py:4180} INFO - Setting next_dagrun for dataset_alias_example_alias_producer_with_no_taskflow to None, run_after=None
[2026-05-18T07:16:37.845+0000] {logging_mixin.py:190} INFO - [2026-05-18T07:16:37.845+0000] {dag.py:4180} INFO - Setting next_dagrun for dataset_s3_bucket_consumer_with_no_taskflow to None, run_after=None
[2026-05-18T07:16:37.846+0000] {logging_mixin.py:190} INFO - [2026-05-18T07:16:37.846+0000] {dag.py:4180} INFO - Setting next_dagrun for dataset_s3_bucket_producer_with_no_taskflow to None, run_after=None
[2026-05-18T07:16:37.882+0000] {processor.py:208} INFO - Processing /home/noelsdavid/airflow_venv/lib/python3.12/site-packages/airflow/example_dags/example_dataset_alias_with_no_taskflow.py took 0.149 seconds
[2026-05-18T07:17:55.170+0000] {processor.py:186} INFO - Started process (PID=17530) to work on /home/noelsdavid/airflow_venv/lib/python3.12/site-packages/airflow/example_dags/example_dataset_alias_with_no_taskflow.py
[2026-05-18T07:17:55.173+0000] {processor.py:914} INFO - Processing file /home/noelsdavid/airflow_venv/lib/python3.12/site-packages/airflow/example_dags/example_dataset_alias_with_no_taskflow.py for tasks to queue
[2026-05-18T07:17:55.175+0000] {logging_mixin.py:190} INFO - [2026-05-18T07:17:55.174+0000] {dagbag.py:588} INFO - Filling up the DagBag from /home/noelsdavid/airflow_venv/lib/python3.12/site-packages/airflow/example_dags/example_dataset_alias_with_no_taskflow.py
[2026-05-18T07:17:55.210+0000] {processor.py:925} INFO - DAG(s) 'dataset_alias_example_alias_producer_with_no_taskflow', 'dataset_alias_example_alias_consumer_with_no_taskflow', 'dataset_s3_bucket_producer_with_no_taskflow', 'dataset_s3_bucket_consumer_with_no_taskflow' retrieved from /home/noelsdavid/airflow_venv/lib/python3.12/site-packages/airflow/example_dags/example_dataset_alias_with_no_taskflow.py
[2026-05-18T07:17:55.237+0000] {logging_mixin.py:190} INFO - [2026-05-18T07:17:55.237+0000] {dag.py:3239} INFO - Sync 4 DAGs
[2026-05-18T07:17:55.264+0000] {logging_mixin.py:190} INFO - [2026-05-18T07:17:55.264+0000] {dag.py:4180} INFO - Setting next_dagrun for dataset_alias_example_alias_consumer_with_no_taskflow to None, run_after=None
[2026-05-18T07:17:55.267+0000] {logging_mixin.py:190} INFO - [2026-05-18T07:17:55.267+0000] {dag.py:4180} INFO - Setting next_dagrun for dataset_alias_example_alias_producer_with_no_taskflow to None, run_after=None
[2026-05-18T07:17:55.269+0000] {logging_mixin.py:190} INFO - [2026-05-18T07:17:55.268+0000] {dag.py:4180} INFO - Setting next_dagrun for dataset_s3_bucket_consumer_with_no_taskflow to None, run_after=None
[2026-05-18T07:17:55.270+0000] {logging_mixin.py:190} INFO - [2026-05-18T07:17:55.270+0000] {dag.py:4180} INFO - Setting next_dagrun for dataset_s3_bucket_producer_with_no_taskflow to None, run_after=None
[2026-05-18T07:17:55.303+0000] {processor.py:208} INFO - Processing /home/noelsdavid/airflow_venv/lib/python3.12/site-packages/airflow/example_dags/example_dataset_alias_with_no_taskflow.py took 0.145 seconds
[2026-05-18T07:19:00.919+0000] {processor.py:186} INFO - Started process (PID=17606) to work on /home/noelsdavid/airflow_venv/lib/python3.12/site-packages/airflow/example_dags/example_dataset_alias_with_no_taskflow.py
[2026-05-18T07:19:00.922+0000] {processor.py:914} INFO - Processing file /home/noelsdavid/airflow_venv/lib/python3.12/site-packages/airflow/example_dags/example_dataset_alias_with_no_taskflow.py for tasks to queue
[2026-05-18T07:19:00.924+0000] {logging_mixin.py:190} INFO - [2026-05-18T07:19:00.923+0000] {dagbag.py:588} INFO - Filling up the DagBag from /home/noelsdavid/airflow_venv/lib/python3.12/site-packages/airflow/example_dags/example_dataset_alias_with_no_taskflow.py
[2026-05-18T07:19:00.959+0000] {processor.py:925} INFO - DAG(s) 'dataset_alias_example_alias_producer_with_no_taskflow', 'dataset_s3_bucket_producer_with_no_taskflow', 'dataset_s3_bucket_consumer_with_no_taskflow', 'dataset_alias_example_alias_consumer_with_no_taskflow' retrieved from /home/noelsdavid/airflow_venv/lib/python3.12/site-packages/airflow/example_dags/example_dataset_alias_with_no_taskflow.py
[2026-05-18T07:19:00.988+0000] {logging_mixin.py:190} INFO - [2026-05-18T07:19:00.988+0000] {dag.py:3239} INFO - Sync 4 DAGs
[2026-05-18T07:19:01.015+0000] {logging_mixin.py:190} INFO - [2026-05-18T07:19:01.014+0000] {dag.py:4180} INFO - Setting next_dagrun for dataset_alias_example_alias_consumer_with_no_taskflow to None, run_after=None
[2026-05-18T07:19:01.018+0000] {logging_mixin.py:190} INFO - [2026-05-18T07:19:01.017+0000] {dag.py:4180} INFO - Setting next_dagrun for dataset_alias_example_alias_producer_with_no_taskflow to None, run_after=None
[2026-05-18T07:19:01.019+0000] {logging_mixin.py:190} INFO - [2026-05-18T07:19:01.019+0000] {dag.py:4180} INFO - Setting next_dagrun for dataset_s3_bucket_consumer_with_no_taskflow to None, run_after=None
[2026-05-18T07:19:01.020+0000] {logging_mixin.py:190} INFO - [2026-05-18T07:19:01.020+0000] {dag.py:4180} INFO - Setting next_dagrun for dataset_s3_bucket_producer_with_no_taskflow to None, run_after=None
[2026-05-18T07:19:01.055+0000] {processor.py:208} INFO - Processing /home/noelsdavid/airflow_venv/lib/python3.12/site-packages/airflow/example_dags/example_dataset_alias_with_no_taskflow.py took 0.146 seconds
[2026-05-18T07:20:12.050+0000] {processor.py:186} INFO - Started process (PID=17684) to work on /home/noelsdavid/airflow_venv/lib/python3.12/site-packages/airflow/example_dags/example_dataset_alias_with_no_taskflow.py
[2026-05-18T07:20:12.052+0000] {processor.py:914} INFO - Processing file /home/noelsdavid/airflow_venv/lib/python3.12/site-packages/airflow/example_dags/example_dataset_alias_with_no_taskflow.py for tasks to queue
[2026-05-18T07:20:12.054+0000] {logging_mixin.py:190} INFO - [2026-05-18T07:20:12.054+0000] {dagbag.py:588} INFO - Filling up the DagBag from /home/noelsdavid/airflow_venv/lib/python3.12/site-packages/airflow/example_dags/example_dataset_alias_with_no_taskflow.py
[2026-05-18T07:20:12.089+0000] {processor.py:925} INFO - DAG(s) 'dataset_s3_bucket_producer_with_no_taskflow', 'dataset_alias_example_alias_consumer_with_no_taskflow', 'dataset_s3_bucket_consumer_with_no_taskflow', 'dataset_alias_example_alias_producer_with_no_taskflow' retrieved from /home/noelsdavid/airflow_venv/lib/python3.12/site-packages/airflow/example_dags/example_dataset_alias_with_no_taskflow.py
[2026-05-18T07:20:12.117+0000] {logging_mixin.py:190} INFO - [2026-05-18T07:20:12.117+0000] {dag.py:3239} INFO - Sync 4 DAGs
[2026-05-18T07:20:12.151+0000] {logging_mixin.py:190} INFO - [2026-05-18T07:20:12.151+0000] {dag.py:4180} INFO - Setting next_dagrun for dataset_alias_example_alias_consumer_with_no_taskflow to None, run_after=None
[2026-05-18T07:20:12.155+0000] {logging_mixin.py:190} INFO - [2026-05-18T07:20:12.154+0000] {dag.py:4180} INFO - Setting next_dagrun for dataset_alias_example_alias_producer_with_no_taskflow to None, run_after=None
[2026-05-18T07:20:12.156+0000] {logging_mixin.py:190} INFO - [2026-05-18T07:20:12.156+0000] {dag.py:4180} INFO - Setting next_dagrun for dataset_s3_bucket_consumer_with_no_taskflow to None, run_after=None
[2026-05-18T07:20:12.158+0000] {logging_mixin.py:190} INFO - [2026-05-18T07:20:12.157+0000] {dag.py:4180} INFO - Setting next_dagrun for dataset_s3_bucket_producer_with_no_taskflow to None, run_after=None
[2026-05-18T07:20:12.196+0000] {processor.py:208} INFO - Processing /home/noelsdavid/airflow_venv/lib/python3.12/site-packages/airflow/example_dags/example_dataset_alias_with_no_taskflow.py took 0.157 seconds
[2026-05-18T07:21:25.283+0000] {processor.py:186} INFO - Started process (PID=17791) to work on /home/noelsdavid/airflow_venv/lib/python3.12/site-packages/airflow/example_dags/example_dataset_alias_with_no_taskflow.py
[2026-05-18T07:21:25.285+0000] {processor.py:914} INFO - Processing file /home/noelsdavid/airflow_venv/lib/python3.12/site-packages/airflow/example_dags/example_dataset_alias_with_no_taskflow.py for tasks to queue
[2026-05-18T07:21:25.287+0000] {logging_mixin.py:190} INFO - [2026-05-18T07:21:25.286+0000] {dagbag.py:588} INFO - Filling up the DagBag from /home/noelsdavid/airflow_venv/lib/python3.12/site-packages/airflow/example_dags/example_dataset_alias_with_no_taskflow.py
[2026-05-18T07:21:25.320+0000] {processor.py:925} INFO - DAG(s) 'dataset_s3_bucket_producer_with_no_taskflow', 'dataset_alias_example_alias_producer_with_no_taskflow', 'dataset_s3_bucket_consumer_with_no_taskflow', 'dataset_alias_example_alias_consumer_with_no_taskflow' retrieved from /home/noelsdavid/airflow_venv/lib/python3.12/site-packages/airflow/example_dags/example_dataset_alias_with_no_taskflow.py
[2026-05-18T07:21:25.350+0000] {logging_mixin.py:190} INFO - [2026-05-18T07:21:25.350+0000] {dag.py:3239} INFO - Sync 4 DAGs
[2026-05-18T07:21:25.378+0000] {logging_mixin.py:190} INFO - [2026-05-18T07:21:25.377+0000] {dag.py:4180} INFO - Setting next_dagrun for dataset_alias_example_alias_consumer_with_no_taskflow to None, run_after=None
[2026-05-18T07:21:25.381+0000] {logging_mixin.py:190} INFO - [2026-05-18T07:21:25.380+0000] {dag.py:4180} INFO - Setting next_dagrun for dataset_alias_example_alias_producer_with_no_taskflow to None, run_after=None
[2026-05-18T07:21:25.382+0000] {logging_mixin.py:190} INFO - [2026-05-18T07:21:25.382+0000] {dag.py:4180} INFO - Setting next_dagrun for dataset_s3_bucket_consumer_with_no_taskflow to None, run_after=None
[2026-05-18T07:21:25.383+0000] {logging_mixin.py:190} INFO - [2026-05-18T07:21:25.383+0000] {dag.py:4180} INFO - Setting next_dagrun for dataset_s3_bucket_producer_with_no_taskflow to None, run_after=None
[2026-05-18T07:21:25.423+0000] {processor.py:208} INFO - Processing /home/noelsdavid/airflow_venv/lib/python3.12/site-packages/airflow/example_dags/example_dataset_alias_with_no_taskflow.py took 0.150 seconds
[2026-05-18T07:22:36.772+0000] {processor.py:186} INFO - Started process (PID=17869) to work on /home/noelsdavid/airflow_venv/lib/python3.12/site-packages/airflow/example_dags/example_dataset_alias_with_no_taskflow.py
[2026-05-18T07:22:36.774+0000] {processor.py:914} INFO - Processing file /home/noelsdavid/airflow_venv/lib/python3.12/site-packages/airflow/example_dags/example_dataset_alias_with_no_taskflow.py for tasks to queue
[2026-05-18T07:22:36.777+0000] {logging_mixin.py:190} INFO - [2026-05-18T07:22:36.776+0000] {dagbag.py:588} INFO - Filling up the DagBag from /home/noelsdavid/airflow_venv/lib/python3.12/site-packages/airflow/example_dags/example_dataset_alias_with_no_taskflow.py
[2026-05-18T07:22:36.810+0000] {processor.py:925} INFO - DAG(s) 'dataset_alias_example_alias_producer_with_no_taskflow', 'dataset_s3_bucket_consumer_with_no_taskflow', 'dataset_s3_bucket_producer_with_no_taskflow', 'dataset_alias_example_alias_consumer_with_no_taskflow' retrieved from /home/noelsdavid/airflow_venv/lib/python3.12/site-packages/airflow/example_dags/example_dataset_alias_with_no_taskflow.py
[2026-05-18T07:22:36.840+0000] {logging_mixin.py:190} INFO - [2026-05-18T07:22:36.839+0000] {dag.py:3239} INFO - Sync 4 DAGs
[2026-05-18T07:22:36.867+0000] {logging_mixin.py:190} INFO - [2026-05-18T07:22:36.867+0000] {dag.py:4180} INFO - Setting next_dagrun for dataset_alias_example_alias_consumer_with_no_taskflow to None, run_after=None
[2026-05-18T07:22:36.870+0000] {logging_mixin.py:190} INFO - [2026-05-18T07:22:36.870+0000] {dag.py:4180} INFO - Setting next_dagrun for dataset_alias_example_alias_producer_with_no_taskflow to None, run_after=None
[2026-05-18T07:22:36.872+0000] {logging_mixin.py:190} INFO - [2026-05-18T07:22:36.872+0000] {dag.py:4180} INFO - Setting next_dagrun for dataset_s3_bucket_consumer_with_no_taskflow to None, run_after=None
[2026-05-18T07:22:36.873+0000] {logging_mixin.py:190} INFO - [2026-05-18T07:22:36.873+0000] {dag.py:4180} INFO - Setting next_dagrun for dataset_s3_bucket_producer_with_no_taskflow to None, run_after=None
[2026-05-18T07:22:36.910+0000] {processor.py:208} INFO - Processing /home/noelsdavid/airflow_venv/lib/python3.12/site-packages/airflow/example_dags/example_dataset_alias_with_no_taskflow.py took 0.148 seconds
[2026-05-18T07:23:50.330+0000] {processor.py:186} INFO - Started process (PID=17948) to work on /home/noelsdavid/airflow_venv/lib/python3.12/site-packages/airflow/example_dags/example_dataset_alias_with_no_taskflow.py
[2026-05-18T07:23:50.333+0000] {processor.py:914} INFO - Processing file /home/noelsdavid/airflow_venv/lib/python3.12/site-packages/airflow/example_dags/example_dataset_alias_with_no_taskflow.py for tasks to queue
[2026-05-18T07:23:50.335+0000] {logging_mixin.py:190} INFO - [2026-05-18T07:23:50.335+0000] {dagbag.py:588} INFO - Filling up the DagBag from /home/noelsdavid/airflow_venv/lib/python3.12/site-packages/airflow/example_dags/example_dataset_alias_with_no_taskflow.py
[2026-05-18T07:23:50.372+0000] {processor.py:925} INFO - DAG(s) 'dataset_alias_example_alias_producer_with_no_taskflow', 'dataset_alias_example_alias_consumer_with_no_taskflow', 'dataset_s3_bucket_consumer_with_no_taskflow', 'dataset_s3_bucket_producer_with_no_taskflow' retrieved from /home/noelsdavid/airflow_venv/lib/python3.12/site-packages/airflow/example_dags/example_dataset_alias_with_no_taskflow.py
[2026-05-18T07:23:50.402+0000] {logging_mixin.py:190} INFO - [2026-05-18T07:23:50.401+0000] {dag.py:3239} INFO - Sync 4 DAGs
[2026-05-18T07:23:50.430+0000] {logging_mixin.py:190} INFO - [2026-05-18T07:23:50.429+0000] {dag.py:4180} INFO - Setting next_dagrun for dataset_alias_example_alias_consumer_with_no_taskflow to None, run_after=None
[2026-05-18T07:23:50.433+0000] {logging_mixin.py:190} INFO - [2026-05-18T07:23:50.433+0000] {dag.py:4180} INFO - Setting next_dagrun for dataset_alias_example_alias_producer_with_no_taskflow to None, run_after=None
[2026-05-18T07:23:50.435+0000] {logging_mixin.py:190} INFO - [2026-05-18T07:23:50.435+0000] {dag.py:4180} INFO - Setting next_dagrun for dataset_s3_bucket_consumer_with_no_taskflow to None, run_after=None
[2026-05-18T07:23:50.436+0000] {logging_mixin.py:190} INFO - [2026-05-18T07:23:50.436+0000] {dag.py:4180} INFO - Setting next_dagrun for dataset_s3_bucket_producer_with_no_taskflow to None, run_after=None
[2026-05-18T07:23:50.474+0000] {processor.py:208} INFO - Processing /home/noelsdavid/airflow_venv/lib/python3.12/site-packages/airflow/example_dags/example_dataset_alias_with_no_taskflow.py took 0.153 seconds
[2026-05-18T07:25:03.984+0000] {processor.py:186} INFO - Started process (PID=18028) to work on /home/noelsdavid/airflow_venv/lib/python3.12/site-packages/airflow/example_dags/example_dataset_alias_with_no_taskflow.py
[2026-05-18T07:25:04.009+0000] {processor.py:914} INFO - Processing file /home/noelsdavid/airflow_venv/lib/python3.12/site-packages/airflow/example_dags/example_dataset_alias_with_no_taskflow.py for tasks to queue
[2026-05-18T07:25:04.011+0000] {logging_mixin.py:190} INFO - [2026-05-18T07:25:04.010+0000] {dagbag.py:588} INFO - Filling up the DagBag from /home/noelsdavid/airflow_venv/lib/python3.12/site-packages/airflow/example_dags/example_dataset_alias_with_no_taskflow.py
[2026-05-18T07:25:04.051+0000] {processor.py:925} INFO - DAG(s) 'dataset_s3_bucket_consumer_with_no_taskflow', 'dataset_s3_bucket_producer_with_no_taskflow', 'dataset_alias_example_alias_producer_with_no_taskflow', 'dataset_alias_example_alias_consumer_with_no_taskflow' retrieved from /home/noelsdavid/airflow_venv/lib/python3.12/site-packages/airflow/example_dags/example_dataset_alias_with_no_taskflow.py
[2026-05-18T07:25:04.088+0000] {logging_mixin.py:190} INFO - [2026-05-18T07:25:04.087+0000] {dag.py:3239} INFO - Sync 4 DAGs
[2026-05-18T07:25:04.116+0000] {logging_mixin.py:190} INFO - [2026-05-18T07:25:04.115+0000] {dag.py:4180} INFO - Setting next_dagrun for dataset_alias_example_alias_consumer_with_no_taskflow to None, run_after=None
[2026-05-18T07:25:04.119+0000] {logging_mixin.py:190} INFO - [2026-05-18T07:25:04.119+0000] {dag.py:4180} INFO - Setting next_dagrun for dataset_alias_example_alias_producer_with_no_taskflow to None, run_after=None
[2026-05-18T07:25:04.120+0000] {logging_mixin.py:190} INFO - [2026-05-18T07:25:04.120+0000] {dag.py:4180} INFO - Setting next_dagrun for dataset_s3_bucket_consumer_with_no_taskflow to None, run_after=None
[2026-05-18T07:25:04.122+0000] {logging_mixin.py:190} INFO - [2026-05-18T07:25:04.122+0000] {dag.py:4180} INFO - Setting next_dagrun for dataset_s3_bucket_producer_with_no_taskflow to None, run_after=None
[2026-05-18T07:25:04.160+0000] {processor.py:208} INFO - Processing /home/noelsdavid/airflow_venv/lib/python3.12/site-packages/airflow/example_dags/example_dataset_alias_with_no_taskflow.py took 0.186 seconds
[2026-05-18T07:26:08.745+0000] {processor.py:186} INFO - Started process (PID=18124) to work on /home/noelsdavid/airflow_venv/lib/python3.12/site-packages/airflow/example_dags/example_dataset_alias_with_no_taskflow.py
[2026-05-18T07:26:08.748+0000] {processor.py:914} INFO - Processing file /home/noelsdavid/airflow_venv/lib/python3.12/site-packages/airflow/example_dags/example_dataset_alias_with_no_taskflow.py for tasks to queue
[2026-05-18T07:26:08.750+0000] {logging_mixin.py:190} INFO - [2026-05-18T07:26:08.749+0000] {dagbag.py:588} INFO - Filling up the DagBag from /home/noelsdavid/airflow_venv/lib/python3.12/site-packages/airflow/example_dags/example_dataset_alias_with_no_taskflow.py
[2026-05-18T07:26:08.786+0000] {processor.py:925} INFO - DAG(s) 'dataset_alias_example_alias_producer_with_no_taskflow', 'dataset_alias_example_alias_consumer_with_no_taskflow', 'dataset_s3_bucket_producer_with_no_taskflow', 'dataset_s3_bucket_consumer_with_no_taskflow' retrieved from /home/noelsdavid/airflow_venv/lib/python3.12/site-packages/airflow/example_dags/example_dataset_alias_with_no_taskflow.py
[2026-05-18T07:26:08.814+0000] {logging_mixin.py:190} INFO - [2026-05-18T07:26:08.813+0000] {dag.py:3239} INFO - Sync 4 DAGs
[2026-05-18T07:26:08.840+0000] {logging_mixin.py:190} INFO - [2026-05-18T07:26:08.840+0000] {dag.py:4180} INFO - Setting next_dagrun for dataset_alias_example_alias_consumer_with_no_taskflow to None, run_after=None
[2026-05-18T07:26:08.843+0000] {logging_mixin.py:190} INFO - [2026-05-18T07:26:08.843+0000] {dag.py:4180} INFO - Setting next_dagrun for dataset_alias_example_alias_producer_with_no_taskflow to None, run_after=None
[2026-05-18T07:26:08.845+0000] {logging_mixin.py:190} INFO - [2026-05-18T07:26:08.844+0000] {dag.py:4180} INFO - Setting next_dagrun for dataset_s3_bucket_consumer_with_no_taskflow to None, run_after=None
[2026-05-18T07:26:08.846+0000] {logging_mixin.py:190} INFO - [2026-05-18T07:26:08.846+0000] {dag.py:4180} INFO - Setting next_dagrun for dataset_s3_bucket_producer_with_no_taskflow to None, run_after=None
[2026-05-18T07:26:08.881+0000] {processor.py:208} INFO - Processing /home/noelsdavid/airflow_venv/lib/python3.12/site-packages/airflow/example_dags/example_dataset_alias_with_no_taskflow.py took 0.145 seconds
[2026-05-18T07:27:19.184+0000] {processor.py:186} INFO - Started process (PID=18201) to work on /home/noelsdavid/airflow_venv/lib/python3.12/site-packages/airflow/example_dags/example_dataset_alias_with_no_taskflow.py
[2026-05-18T07:27:19.200+0000] {processor.py:914} INFO - Processing file /home/noelsdavid/airflow_venv/lib/python3.12/site-packages/airflow/example_dags/example_dataset_alias_with_no_taskflow.py for tasks to queue
[2026-05-18T07:27:19.202+0000] {logging_mixin.py:190} INFO - [2026-05-18T07:27:19.201+0000] {dagbag.py:588} INFO - Filling up the DagBag from /home/noelsdavid/airflow_venv/lib/python3.12/site-packages/airflow/example_dags/example_dataset_alias_with_no_taskflow.py
[2026-05-18T07:27:19.235+0000] {processor.py:925} INFO - DAG(s) 'dataset_alias_example_alias_consumer_with_no_taskflow', 'dataset_s3_bucket_producer_with_no_taskflow', 'dataset_alias_example_alias_producer_with_no_taskflow', 'dataset_s3_bucket_consumer_with_no_taskflow' retrieved from /home/noelsdavid/airflow_venv/lib/python3.12/site-packages/airflow/example_dags/example_dataset_alias_with_no_taskflow.py
[2026-05-18T07:27:19.263+0000] {logging_mixin.py:190} INFO - [2026-05-18T07:27:19.263+0000] {dag.py:3239} INFO - Sync 4 DAGs
[2026-05-18T07:27:19.289+0000] {logging_mixin.py:190} INFO - [2026-05-18T07:27:19.289+0000] {dag.py:4180} INFO - Setting next_dagrun for dataset_alias_example_alias_consumer_with_no_taskflow to None, run_after=None
[2026-05-18T07:27:19.293+0000] {logging_mixin.py:190} INFO - [2026-05-18T07:27:19.292+0000] {dag.py:4180} INFO - Setting next_dagrun for dataset_alias_example_alias_producer_with_no_taskflow to None, run_after=None
[2026-05-18T07:27:19.294+0000] {logging_mixin.py:190} INFO - [2026-05-18T07:27:19.294+0000] {dag.py:4180} INFO - Setting next_dagrun for dataset_s3_bucket_consumer_with_no_taskflow to None, run_after=None
[2026-05-18T07:27:19.295+0000] {logging_mixin.py:190} INFO - [2026-05-18T07:27:19.295+0000] {dag.py:4180} INFO - Setting next_dagrun for dataset_s3_bucket_producer_with_no_taskflow to None, run_after=None
[2026-05-18T07:27:19.329+0000] {processor.py:208} INFO - Processing /home/noelsdavid/airflow_venv/lib/python3.12/site-packages/airflow/example_dags/example_dataset_alias_with_no_taskflow.py took 0.155 seconds
[2026-05-18T07:28:29.696+0000] {processor.py:186} INFO - Started process (PID=18279) to work on /home/noelsdavid/airflow_venv/lib/python3.12/site-packages/airflow/example_dags/example_dataset_alias_with_no_taskflow.py
[2026-05-18T07:28:29.699+0000] {processor.py:914} INFO - Processing file /home/noelsdavid/airflow_venv/lib/python3.12/site-packages/airflow/example_dags/example_dataset_alias_with_no_taskflow.py for tasks to queue
[2026-05-18T07:28:29.701+0000] {logging_mixin.py:190} INFO - [2026-05-18T07:28:29.700+0000] {dagbag.py:588} INFO - Filling up the DagBag from /home/noelsdavid/airflow_venv/lib/python3.12/site-packages/airflow/example_dags/example_dataset_alias_with_no_taskflow.py
[2026-05-18T07:28:29.736+0000] {processor.py:925} INFO - DAG(s) 'dataset_alias_example_alias_producer_with_no_taskflow', 'dataset_alias_example_alias_consumer_with_no_taskflow', 'dataset_s3_bucket_producer_with_no_taskflow', 'dataset_s3_bucket_consumer_with_no_taskflow' retrieved from /home/noelsdavid/airflow_venv/lib/python3.12/site-packages/airflow/example_dags/example_dataset_alias_with_no_taskflow.py
[2026-05-18T07:28:29.765+0000] {logging_mixin.py:190} INFO - [2026-05-18T07:28:29.764+0000] {dag.py:3239} INFO - Sync 4 DAGs
[2026-05-18T07:28:29.793+0000] {logging_mixin.py:190} INFO - [2026-05-18T07:28:29.792+0000] {dag.py:4180} INFO - Setting next_dagrun for dataset_alias_example_alias_consumer_with_no_taskflow to None, run_after=None
[2026-05-18T07:28:29.796+0000] {logging_mixin.py:190} INFO - [2026-05-18T07:28:29.796+0000] {dag.py:4180} INFO - Setting next_dagrun for dataset_alias_example_alias_producer_with_no_taskflow to None, run_after=None
[2026-05-18T07:28:29.798+0000] {logging_mixin.py:190} INFO - [2026-05-18T07:28:29.797+0000] {dag.py:4180} INFO - Setting next_dagrun for dataset_s3_bucket_consumer_with_no_taskflow to None, run_after=None
[2026-05-18T07:28:29.799+0000] {logging_mixin.py:190} INFO - [2026-05-18T07:28:29.799+0000] {dag.py:4180} INFO - Setting next_dagrun for dataset_s3_bucket_producer_with_no_taskflow to None, run_after=None
[2026-05-18T07:28:29.835+0000] {processor.py:208} INFO - Processing /home/noelsdavid/airflow_venv/lib/python3.12/site-packages/airflow/example_dags/example_dataset_alias_with_no_taskflow.py took 0.150 seconds
[2026-05-18T07:29:42.806+0000] {processor.py:186} INFO - Started process (PID=18358) to work on /home/noelsdavid/airflow_venv/lib/python3.12/site-packages/airflow/example_dags/example_dataset_alias_with_no_taskflow.py
[2026-05-18T07:29:42.810+0000] {processor.py:914} INFO - Processing file /home/noelsdavid/airflow_venv/lib/python3.12/site-packages/airflow/example_dags/example_dataset_alias_with_no_taskflow.py for tasks to queue
[2026-05-18T07:29:42.812+0000] {logging_mixin.py:190} INFO - [2026-05-18T07:29:42.811+0000] {dagbag.py:588} INFO - Filling up the DagBag from /home/noelsdavid/airflow_venv/lib/python3.12/site-packages/airflow/example_dags/example_dataset_alias_with_no_taskflow.py
[2026-05-18T07:29:42.845+0000] {processor.py:925} INFO - DAG(s) 'dataset_alias_example_alias_consumer_with_no_taskflow', 'dataset_alias_example_alias_producer_with_no_taskflow', 'dataset_s3_bucket_consumer_with_no_taskflow', 'dataset_s3_bucket_producer_with_no_taskflow' retrieved from /home/noelsdavid/airflow_venv/lib/python3.12/site-packages/airflow/example_dags/example_dataset_alias_with_no_taskflow.py
[2026-05-18T07:29:42.875+0000] {logging_mixin.py:190} INFO - [2026-05-18T07:29:42.875+0000] {dag.py:3239} INFO - Sync 4 DAGs
[2026-05-18T07:29:42.901+0000] {logging_mixin.py:190} INFO - [2026-05-18T07:29:42.901+0000] {dag.py:4180} INFO - Setting next_dagrun for dataset_alias_example_alias_consumer_with_no_taskflow to None, run_after=None
[2026-05-18T07:29:42.905+0000] {logging_mixin.py:190} INFO - [2026-05-18T07:29:42.905+0000] {dag.py:4180} INFO - Setting next_dagrun for dataset_alias_example_alias_producer_with_no_taskflow to None, run_after=None
[2026-05-18T07:29:42.907+0000] {logging_mixin.py:190} INFO - [2026-05-18T07:29:42.907+0000] {dag.py:4180} INFO - Setting next_dagrun for dataset_s3_bucket_consumer_with_no_taskflow to None, run_after=None
[2026-05-18T07:29:42.908+0000] {logging_mixin.py:190} INFO - [2026-05-18T07:29:42.908+0000] {dag.py:4180} INFO - Setting next_dagrun for dataset_s3_bucket_producer_with_no_taskflow to None, run_after=None
[2026-05-18T07:29:42.942+0000] {processor.py:208} INFO - Processing /home/noelsdavid/airflow_venv/lib/python3.12/site-packages/airflow/example_dags/example_dataset_alias_with_no_taskflow.py took 0.146 seconds
[2026-05-18T07:30:53.380+0000] {processor.py:186} INFO - Started process (PID=18465) to work on /home/noelsdavid/airflow_venv/lib/python3.12/site-packages/airflow/example_dags/example_dataset_alias_with_no_taskflow.py
[2026-05-18T07:30:53.383+0000] {processor.py:914} INFO - Processing file /home/noelsdavid/airflow_venv/lib/python3.12/site-packages/airflow/example_dags/example_dataset_alias_with_no_taskflow.py for tasks to queue
[2026-05-18T07:30:53.385+0000] {logging_mixin.py:190} INFO - [2026-05-18T07:30:53.385+0000] {dagbag.py:588} INFO - Filling up the DagBag from /home/noelsdavid/airflow_venv/lib/python3.12/site-packages/airflow/example_dags/example_dataset_alias_with_no_taskflow.py
[2026-05-18T07:30:53.422+0000] {processor.py:925} INFO - DAG(s) 'dataset_alias_example_alias_consumer_with_no_taskflow', 'dataset_s3_bucket_consumer_with_no_taskflow', 'dataset_s3_bucket_producer_with_no_taskflow', 'dataset_alias_example_alias_producer_with_no_taskflow' retrieved from /home/noelsdavid/airflow_venv/lib/python3.12/site-packages/airflow/example_dags/example_dataset_alias_with_no_taskflow.py
[2026-05-18T07:30:53.463+0000] {logging_mixin.py:190} INFO - [2026-05-18T07:30:53.462+0000] {dag.py:3239} INFO - Sync 4 DAGs
[2026-05-18T07:30:53.491+0000] {logging_mixin.py:190} INFO - [2026-05-18T07:30:53.490+0000] {dag.py:4180} INFO - Setting next_dagrun for dataset_alias_example_alias_consumer_with_no_taskflow to None, run_after=None
[2026-05-18T07:30:53.494+0000] {logging_mixin.py:190} INFO - [2026-05-18T07:30:53.494+0000] {dag.py:4180} INFO - Setting next_dagrun for dataset_alias_example_alias_producer_with_no_taskflow to None, run_after=None
[2026-05-18T07:30:53.495+0000] {logging_mixin.py:190} INFO - [2026-05-18T07:30:53.495+0000] {dag.py:4180} INFO - Setting next_dagrun for dataset_s3_bucket_consumer_with_no_taskflow to None, run_after=None
[2026-05-18T07:30:53.496+0000] {logging_mixin.py:190} INFO - [2026-05-18T07:30:53.496+0000] {dag.py:4180} INFO - Setting next_dagrun for dataset_s3_bucket_producer_with_no_taskflow to None, run_after=None
[2026-05-18T07:30:53.534+0000] {processor.py:208} INFO - Processing /home/noelsdavid/airflow_venv/lib/python3.12/site-packages/airflow/example_dags/example_dataset_alias_with_no_taskflow.py took 0.164 seconds
[2026-05-18T07:32:04.666+0000] {processor.py:186} INFO - Started process (PID=18543) to work on /home/noelsdavid/airflow_venv/lib/python3.12/site-packages/airflow/example_dags/example_dataset_alias_with_no_taskflow.py
[2026-05-18T07:32:04.669+0000] {processor.py:914} INFO - Processing file /home/noelsdavid/airflow_venv/lib/python3.12/site-packages/airflow/example_dags/example_dataset_alias_with_no_taskflow.py for tasks to queue
[2026-05-18T07:32:04.671+0000] {logging_mixin.py:190} INFO - [2026-05-18T07:32:04.670+0000] {dagbag.py:588} INFO - Filling up the DagBag from /home/noelsdavid/airflow_venv/lib/python3.12/site-packages/airflow/example_dags/example_dataset_alias_with_no_taskflow.py
[2026-05-18T07:32:04.714+0000] {processor.py:925} INFO - DAG(s) 'dataset_s3_bucket_consumer_with_no_taskflow', 'dataset_alias_example_alias_consumer_with_no_taskflow', 'dataset_alias_example_alias_producer_with_no_taskflow', 'dataset_s3_bucket_producer_with_no_taskflow' retrieved from /home/noelsdavid/airflow_venv/lib/python3.12/site-packages/airflow/example_dags/example_dataset_alias_with_no_taskflow.py
[2026-05-18T07:32:04.743+0000] {logging_mixin.py:190} INFO - [2026-05-18T07:32:04.743+0000] {dag.py:3239} INFO - Sync 4 DAGs
[2026-05-18T07:32:04.770+0000] {logging_mixin.py:190} INFO - [2026-05-18T07:32:04.770+0000] {dag.py:4180} INFO - Setting next_dagrun for dataset_alias_example_alias_consumer_with_no_taskflow to None, run_after=None
[2026-05-18T07:32:04.774+0000] {logging_mixin.py:190} INFO - [2026-05-18T07:32:04.773+0000] {dag.py:4180} INFO - Setting next_dagrun for dataset_alias_example_alias_producer_with_no_taskflow to None, run_after=None
[2026-05-18T07:32:04.775+0000] {logging_mixin.py:190} INFO - [2026-05-18T07:32:04.775+0000] {dag.py:4180} INFO - Setting next_dagrun for dataset_s3_bucket_consumer_with_no_taskflow to None, run_after=None
[2026-05-18T07:32:04.776+0000] {logging_mixin.py:190} INFO - [2026-05-18T07:32:04.776+0000] {dag.py:4180} INFO - Setting next_dagrun for dataset_s3_bucket_producer_with_no_taskflow to None, run_after=None
[2026-05-18T07:32:04.820+0000] {processor.py:208} INFO - Processing /home/noelsdavid/airflow_venv/lib/python3.12/site-packages/airflow/example_dags/example_dataset_alias_with_no_taskflow.py took 0.165 seconds
[2026-05-18T07:33:13.109+0000] {processor.py:186} INFO - Started process (PID=18620) to work on /home/noelsdavid/airflow_venv/lib/python3.12/site-packages/airflow/example_dags/example_dataset_alias_with_no_taskflow.py
[2026-05-18T07:33:13.112+0000] {processor.py:914} INFO - Processing file /home/noelsdavid/airflow_venv/lib/python3.12/site-packages/airflow/example_dags/example_dataset_alias_with_no_taskflow.py for tasks to queue
[2026-05-18T07:33:13.114+0000] {logging_mixin.py:190} INFO - [2026-05-18T07:33:13.113+0000] {dagbag.py:588} INFO - Filling up the DagBag from /home/noelsdavid/airflow_venv/lib/python3.12/site-packages/airflow/example_dags/example_dataset_alias_with_no_taskflow.py
[2026-05-18T07:33:13.153+0000] {processor.py:925} INFO - DAG(s) 'dataset_s3_bucket_consumer_with_no_taskflow', 'dataset_s3_bucket_producer_with_no_taskflow', 'dataset_alias_example_alias_consumer_with_no_taskflow', 'dataset_alias_example_alias_producer_with_no_taskflow' retrieved from /home/noelsdavid/airflow_venv/lib/python3.12/site-packages/airflow/example_dags/example_dataset_alias_with_no_taskflow.py
[2026-05-18T07:33:13.182+0000] {logging_mixin.py:190} INFO - [2026-05-18T07:33:13.182+0000] {dag.py:3239} INFO - Sync 4 DAGs
[2026-05-18T07:33:13.210+0000] {logging_mixin.py:190} INFO - [2026-05-18T07:33:13.210+0000] {dag.py:4180} INFO - Setting next_dagrun for dataset_alias_example_alias_consumer_with_no_taskflow to None, run_after=None
[2026-05-18T07:33:13.213+0000] {logging_mixin.py:190} INFO - [2026-05-18T07:33:13.213+0000] {dag.py:4180} INFO - Setting next_dagrun for dataset_alias_example_alias_producer_with_no_taskflow to None, run_after=None
[2026-05-18T07:33:13.215+0000] {logging_mixin.py:190} INFO - [2026-05-18T07:33:13.215+0000] {dag.py:4180} INFO - Setting next_dagrun for dataset_s3_bucket_consumer_with_no_taskflow to None, run_after=None
[2026-05-18T07:33:13.216+0000] {logging_mixin.py:190} INFO - [2026-05-18T07:33:13.216+0000] {dag.py:4180} INFO - Setting next_dagrun for dataset_s3_bucket_producer_with_no_taskflow to None, run_after=None
[2026-05-18T07:33:13.251+0000] {processor.py:208} INFO - Processing /home/noelsdavid/airflow_venv/lib/python3.12/site-packages/airflow/example_dags/example_dataset_alias_with_no_taskflow.py took 0.156 seconds
[2026-05-18T07:34:21.993+0000] {processor.py:186} INFO - Started process (PID=18696) to work on /home/noelsdavid/airflow_venv/lib/python3.12/site-packages/airflow/example_dags/example_dataset_alias_with_no_taskflow.py
[2026-05-18T07:34:21.997+0000] {processor.py:914} INFO - Processing file /home/noelsdavid/airflow_venv/lib/python3.12/site-packages/airflow/example_dags/example_dataset_alias_with_no_taskflow.py for tasks to queue
[2026-05-18T07:34:21.999+0000] {logging_mixin.py:190} INFO - [2026-05-18T07:34:21.998+0000] {dagbag.py:588} INFO - Filling up the DagBag from /home/noelsdavid/airflow_venv/lib/python3.12/site-packages/airflow/example_dags/example_dataset_alias_with_no_taskflow.py
[2026-05-18T07:34:22.035+0000] {processor.py:925} INFO - DAG(s) 'dataset_s3_bucket_producer_with_no_taskflow', 'dataset_alias_example_alias_producer_with_no_taskflow', 'dataset_s3_bucket_consumer_with_no_taskflow', 'dataset_alias_example_alias_consumer_with_no_taskflow' retrieved from /home/noelsdavid/airflow_venv/lib/python3.12/site-packages/airflow/example_dags/example_dataset_alias_with_no_taskflow.py
[2026-05-18T07:34:22.067+0000] {logging_mixin.py:190} INFO - [2026-05-18T07:34:22.067+0000] {dag.py:3239} INFO - Sync 4 DAGs
[2026-05-18T07:34:22.100+0000] {logging_mixin.py:190} INFO - [2026-05-18T07:34:22.099+0000] {dag.py:4180} INFO - Setting next_dagrun for dataset_alias_example_alias_consumer_with_no_taskflow to None, run_after=None
[2026-05-18T07:34:22.103+0000] {logging_mixin.py:190} INFO - [2026-05-18T07:34:22.103+0000] {dag.py:4180} INFO - Setting next_dagrun for dataset_alias_example_alias_producer_with_no_taskflow to None, run_after=None
[2026-05-18T07:34:22.105+0000] {logging_mixin.py:190} INFO - [2026-05-18T07:34:22.104+0000] {dag.py:4180} INFO - Setting next_dagrun for dataset_s3_bucket_consumer_with_no_taskflow to None, run_after=None
[2026-05-18T07:34:22.106+0000] {logging_mixin.py:190} INFO - [2026-05-18T07:34:22.106+0000] {dag.py:4180} INFO - Setting next_dagrun for dataset_s3_bucket_producer_with_no_taskflow to None, run_after=None
[2026-05-18T07:34:22.143+0000] {processor.py:208} INFO - Processing /home/noelsdavid/airflow_venv/lib/python3.12/site-packages/airflow/example_dags/example_dataset_alias_with_no_taskflow.py took 0.160 seconds
[2026-05-18T07:35:37.097+0000] {processor.py:186} INFO - Started process (PID=18799) to work on /home/noelsdavid/airflow_venv/lib/python3.12/site-packages/airflow/example_dags/example_dataset_alias_with_no_taskflow.py
[2026-05-18T07:35:37.099+0000] {processor.py:914} INFO - Processing file /home/noelsdavid/airflow_venv/lib/python3.12/site-packages/airflow/example_dags/example_dataset_alias_with_no_taskflow.py for tasks to queue
[2026-05-18T07:35:37.101+0000] {logging_mixin.py:190} INFO - [2026-05-18T07:35:37.101+0000] {dagbag.py:588} INFO - Filling up the DagBag from /home/noelsdavid/airflow_venv/lib/python3.12/site-packages/airflow/example_dags/example_dataset_alias_with_no_taskflow.py
[2026-05-18T07:35:37.135+0000] {processor.py:925} INFO - DAG(s) 'dataset_s3_bucket_producer_with_no_taskflow', 'dataset_alias_example_alias_producer_with_no_taskflow', 'dataset_s3_bucket_consumer_with_no_taskflow', 'dataset_alias_example_alias_consumer_with_no_taskflow' retrieved from /home/noelsdavid/airflow_venv/lib/python3.12/site-packages/airflow/example_dags/example_dataset_alias_with_no_taskflow.py
[2026-05-18T07:35:37.162+0000] {logging_mixin.py:190} INFO - [2026-05-18T07:35:37.162+0000] {dag.py:3239} INFO - Sync 4 DAGs
[2026-05-18T07:35:37.190+0000] {logging_mixin.py:190} INFO - [2026-05-18T07:35:37.190+0000] {dag.py:4180} INFO - Setting next_dagrun for dataset_alias_example_alias_consumer_with_no_taskflow to None, run_after=None
[2026-05-18T07:35:37.193+0000] {logging_mixin.py:190} INFO - [2026-05-18T07:35:37.193+0000] {dag.py:4180} INFO - Setting next_dagrun for dataset_alias_example_alias_producer_with_no_taskflow to None, run_after=None
[2026-05-18T07:35:37.194+0000] {logging_mixin.py:190} INFO - [2026-05-18T07:35:37.194+0000] {dag.py:4180} INFO - Setting next_dagrun for dataset_s3_bucket_consumer_with_no_taskflow to None, run_after=None
[2026-05-18T07:35:37.196+0000] {logging_mixin.py:190} INFO - [2026-05-18T07:35:37.195+0000] {dag.py:4180} INFO - Setting next_dagrun for dataset_s3_bucket_producer_with_no_taskflow to None, run_after=None
[2026-05-18T07:35:37.231+0000] {processor.py:208} INFO - Processing /home/noelsdavid/airflow_venv/lib/python3.12/site-packages/airflow/example_dags/example_dataset_alias_with_no_taskflow.py took 0.143 seconds
[2026-05-18T07:36:46.137+0000] {processor.py:186} INFO - Started process (PID=18875) to work on /home/noelsdavid/airflow_venv/lib/python3.12/site-packages/airflow/example_dags/example_dataset_alias_with_no_taskflow.py
[2026-05-18T07:36:46.139+0000] {processor.py:914} INFO - Processing file /home/noelsdavid/airflow_venv/lib/python3.12/site-packages/airflow/example_dags/example_dataset_alias_with_no_taskflow.py for tasks to queue
[2026-05-18T07:36:46.142+0000] {logging_mixin.py:190} INFO - [2026-05-18T07:36:46.141+0000] {dagbag.py:588} INFO - Filling up the DagBag from /home/noelsdavid/airflow_venv/lib/python3.12/site-packages/airflow/example_dags/example_dataset_alias_with_no_taskflow.py
[2026-05-18T07:36:46.176+0000] {processor.py:925} INFO - DAG(s) 'dataset_s3_bucket_consumer_with_no_taskflow', 'dataset_s3_bucket_producer_with_no_taskflow', 'dataset_alias_example_alias_producer_with_no_taskflow', 'dataset_alias_example_alias_consumer_with_no_taskflow' retrieved from /home/noelsdavid/airflow_venv/lib/python3.12/site-packages/airflow/example_dags/example_dataset_alias_with_no_taskflow.py
[2026-05-18T07:36:46.203+0000] {logging_mixin.py:190} INFO - [2026-05-18T07:36:46.203+0000] {dag.py:3239} INFO - Sync 4 DAGs
[2026-05-18T07:36:46.230+0000] {logging_mixin.py:190} INFO - [2026-05-18T07:36:46.230+0000] {dag.py:4180} INFO - Setting next_dagrun for dataset_alias_example_alias_consumer_with_no_taskflow to None, run_after=None
[2026-05-18T07:36:46.233+0000] {logging_mixin.py:190} INFO - [2026-05-18T07:36:46.233+0000] {dag.py:4180} INFO - Setting next_dagrun for dataset_alias_example_alias_producer_with_no_taskflow to None, run_after=None
[2026-05-18T07:36:46.235+0000] {logging_mixin.py:190} INFO - [2026-05-18T07:36:46.234+0000] {dag.py:4180} INFO - Setting next_dagrun for dataset_s3_bucket_consumer_with_no_taskflow to None, run_after=None
[2026-05-18T07:36:46.236+0000] {logging_mixin.py:190} INFO - [2026-05-18T07:36:46.236+0000] {dag.py:4180} INFO - Setting next_dagrun for dataset_s3_bucket_producer_with_no_taskflow to None, run_after=None
[2026-05-18T07:36:46.270+0000] {processor.py:208} INFO - Processing /home/noelsdavid/airflow_venv/lib/python3.12/site-packages/airflow/example_dags/example_dataset_alias_with_no_taskflow.py took 0.143 seconds
[2026-05-18T07:37:56.728+0000] {processor.py:186} INFO - Started process (PID=18953) to work on /home/noelsdavid/airflow_venv/lib/python3.12/site-packages/airflow/example_dags/example_dataset_alias_with_no_taskflow.py
[2026-05-18T07:37:56.731+0000] {processor.py:914} INFO - Processing file /home/noelsdavid/airflow_venv/lib/python3.12/site-packages/airflow/example_dags/example_dataset_alias_with_no_taskflow.py for tasks to queue
[2026-05-18T07:37:56.733+0000] {logging_mixin.py:190} INFO - [2026-05-18T07:37:56.732+0000] {dagbag.py:588} INFO - Filling up the DagBag from /home/noelsdavid/airflow_venv/lib/python3.12/site-packages/airflow/example_dags/example_dataset_alias_with_no_taskflow.py
[2026-05-18T07:37:56.767+0000] {processor.py:925} INFO - DAG(s) 'dataset_alias_example_alias_producer_with_no_taskflow', 'dataset_alias_example_alias_consumer_with_no_taskflow', 'dataset_s3_bucket_consumer_with_no_taskflow', 'dataset_s3_bucket_producer_with_no_taskflow' retrieved from /home/noelsdavid/airflow_venv/lib/python3.12/site-packages/airflow/example_dags/example_dataset_alias_with_no_taskflow.py
[2026-05-18T07:37:56.799+0000] {logging_mixin.py:190} INFO - [2026-05-18T07:37:56.798+0000] {dag.py:3239} INFO - Sync 4 DAGs
[2026-05-18T07:37:56.827+0000] {logging_mixin.py:190} INFO - [2026-05-18T07:37:56.827+0000] {dag.py:4180} INFO - Setting next_dagrun for dataset_alias_example_alias_consumer_with_no_taskflow to None, run_after=None
[2026-05-18T07:37:56.831+0000] {logging_mixin.py:190} INFO - [2026-05-18T07:37:56.831+0000] {dag.py:4180} INFO - Setting next_dagrun for dataset_alias_example_alias_producer_with_no_taskflow to None, run_after=None
[2026-05-18T07:37:56.833+0000] {logging_mixin.py:190} INFO - [2026-05-18T07:37:56.833+0000] {dag.py:4180} INFO - Setting next_dagrun for dataset_s3_bucket_consumer_with_no_taskflow to None, run_after=None
[2026-05-18T07:37:56.834+0000] {logging_mixin.py:190} INFO - [2026-05-18T07:37:56.834+0000] {dag.py:4180} INFO - Setting next_dagrun for dataset_s3_bucket_producer_with_no_taskflow to None, run_after=None
[2026-05-18T07:37:56.871+0000] {processor.py:208} INFO - Processing /home/noelsdavid/airflow_venv/lib/python3.12/site-packages/airflow/example_dags/example_dataset_alias_with_no_taskflow.py took 0.153 seconds
[2026-05-18T07:39:05.474+0000] {processor.py:186} INFO - Started process (PID=19030) to work on /home/noelsdavid/airflow_venv/lib/python3.12/site-packages/airflow/example_dags/example_dataset_alias_with_no_taskflow.py
[2026-05-18T07:39:05.477+0000] {processor.py:914} INFO - Processing file /home/noelsdavid/airflow_venv/lib/python3.12/site-packages/airflow/example_dags/example_dataset_alias_with_no_taskflow.py for tasks to queue
[2026-05-18T07:39:05.479+0000] {logging_mixin.py:190} INFO - [2026-05-18T07:39:05.478+0000] {dagbag.py:588} INFO - Filling up the DagBag from /home/noelsdavid/airflow_venv/lib/python3.12/site-packages/airflow/example_dags/example_dataset_alias_with_no_taskflow.py
[2026-05-18T07:39:05.517+0000] {processor.py:925} INFO - DAG(s) 'dataset_s3_bucket_producer_with_no_taskflow', 'dataset_s3_bucket_consumer_with_no_taskflow', 'dataset_alias_example_alias_producer_with_no_taskflow', 'dataset_alias_example_alias_consumer_with_no_taskflow' retrieved from /home/noelsdavid/airflow_venv/lib/python3.12/site-packages/airflow/example_dags/example_dataset_alias_with_no_taskflow.py
[2026-05-18T07:39:05.545+0000] {logging_mixin.py:190} INFO - [2026-05-18T07:39:05.544+0000] {dag.py:3239} INFO - Sync 4 DAGs
[2026-05-18T07:39:05.572+0000] {logging_mixin.py:190} INFO - [2026-05-18T07:39:05.572+0000] {dag.py:4180} INFO - Setting next_dagrun for dataset_alias_example_alias_consumer_with_no_taskflow to None, run_after=None
[2026-05-18T07:39:05.576+0000] {logging_mixin.py:190} INFO - [2026-05-18T07:39:05.575+0000] {dag.py:4180} INFO - Setting next_dagrun for dataset_alias_example_alias_producer_with_no_taskflow to None, run_after=None
[2026-05-18T07:39:05.577+0000] {logging_mixin.py:190} INFO - [2026-05-18T07:39:05.577+0000] {dag.py:4180} INFO - Setting next_dagrun for dataset_s3_bucket_consumer_with_no_taskflow to None, run_after=None
[2026-05-18T07:39:05.578+0000] {logging_mixin.py:190} INFO - [2026-05-18T07:39:05.578+0000] {dag.py:4180} INFO - Setting next_dagrun for dataset_s3_bucket_producer_with_no_taskflow to None, run_after=None
[2026-05-18T07:39:05.613+0000] {processor.py:208} INFO - Processing /home/noelsdavid/airflow_venv/lib/python3.12/site-packages/airflow/example_dags/example_dataset_alias_with_no_taskflow.py took 0.149 seconds
[2026-05-18T07:40:19.855+0000] {processor.py:186} INFO - Started process (PID=19132) to work on /home/noelsdavid/airflow_venv/lib/python3.12/site-packages/airflow/example_dags/example_dataset_alias_with_no_taskflow.py
[2026-05-18T07:40:19.857+0000] {processor.py:914} INFO - Processing file /home/noelsdavid/airflow_venv/lib/python3.12/site-packages/airflow/example_dags/example_dataset_alias_with_no_taskflow.py for tasks to queue
[2026-05-18T07:40:19.859+0000] {logging_mixin.py:190} INFO - [2026-05-18T07:40:19.859+0000] {dagbag.py:588} INFO - Filling up the DagBag from /home/noelsdavid/airflow_venv/lib/python3.12/site-packages/airflow/example_dags/example_dataset_alias_with_no_taskflow.py
[2026-05-18T07:40:19.897+0000] {processor.py:925} INFO - DAG(s) 'dataset_s3_bucket_producer_with_no_taskflow', 'dataset_alias_example_alias_consumer_with_no_taskflow', 'dataset_s3_bucket_consumer_with_no_taskflow', 'dataset_alias_example_alias_producer_with_no_taskflow' retrieved from /home/noelsdavid/airflow_venv/lib/python3.12/site-packages/airflow/example_dags/example_dataset_alias_with_no_taskflow.py
[2026-05-18T07:40:19.926+0000] {logging_mixin.py:190} INFO - [2026-05-18T07:40:19.926+0000] {dag.py:3239} INFO - Sync 4 DAGs
[2026-05-18T07:40:19.960+0000] {logging_mixin.py:190} INFO - [2026-05-18T07:40:19.960+0000] {dag.py:4180} INFO - Setting next_dagrun for dataset_alias_example_alias_consumer_with_no_taskflow to None, run_after=None
[2026-05-18T07:40:19.964+0000] {logging_mixin.py:190} INFO - [2026-05-18T07:40:19.963+0000] {dag.py:4180} INFO - Setting next_dagrun for dataset_alias_example_alias_producer_with_no_taskflow to None, run_after=None
[2026-05-18T07:40:19.965+0000] {logging_mixin.py:190} INFO - [2026-05-18T07:40:19.965+0000] {dag.py:4180} INFO - Setting next_dagrun for dataset_s3_bucket_consumer_with_no_taskflow to None, run_after=None
[2026-05-18T07:40:19.966+0000] {logging_mixin.py:190} INFO - [2026-05-18T07:40:19.966+0000] {dag.py:4180} INFO - Setting next_dagrun for dataset_s3_bucket_producer_with_no_taskflow to None, run_after=None
[2026-05-18T07:40:20.006+0000] {processor.py:208} INFO - Processing /home/noelsdavid/airflow_venv/lib/python3.12/site-packages/airflow/example_dags/example_dataset_alias_with_no_taskflow.py took 0.160 seconds
