[2026-05-18T06:01:15.823+0000] {processor.py:186} INFO - Started process (PID=6947) to work on /home/noelsdavid/airflow_venv/lib/python3.12/site-packages/airflow/example_dags/example_branch_labels.py
[2026-05-18T06:01:15.824+0000] {processor.py:914} INFO - Processing file /home/noelsdavid/airflow_venv/lib/python3.12/site-packages/airflow/example_dags/example_branch_labels.py for tasks to queue
[2026-05-18T06:01:15.826+0000] {logging_mixin.py:190} INFO - [2026-05-18T06:01:15.826+0000] {dagbag.py:588} INFO - Filling up the DagBag from /home/noelsdavid/airflow_venv/lib/python3.12/site-packages/airflow/example_dags/example_branch_labels.py
[2026-05-18T06:01:15.839+0000] {processor.py:925} INFO - DAG(s) 'example_branch_labels' retrieved from /home/noelsdavid/airflow_venv/lib/python3.12/site-packages/airflow/example_dags/example_branch_labels.py
[2026-05-18T06:01:15.976+0000] {logging_mixin.py:190} INFO - [2026-05-18T06:01:15.975+0000] {override.py:1911} INFO - Created Permission View: can edit on DAG:example_branch_labels
[2026-05-18T06:01:15.998+0000] {logging_mixin.py:190} INFO - [2026-05-18T06:01:15.997+0000] {override.py:1911} INFO - Created Permission View: can delete on DAG:example_branch_labels
[2026-05-18T06:01:16.014+0000] {logging_mixin.py:190} INFO - [2026-05-18T06:01:16.014+0000] {override.py:1911} INFO - Created Permission View: can read on DAG:example_branch_labels
[2026-05-18T06:01:16.039+0000] {logging_mixin.py:190} INFO - [2026-05-18T06:01:16.038+0000] {override.py:1911} INFO - Created Permission View: can delete on DAG Run:example_branch_labels
[2026-05-18T06:01:16.053+0000] {logging_mixin.py:190} INFO - [2026-05-18T06:01:16.053+0000] {override.py:1911} INFO - Created Permission View: menu access on DAG Run:example_branch_labels
[2026-05-18T06:01:16.068+0000] {logging_mixin.py:190} INFO - [2026-05-18T06:01:16.067+0000] {override.py:1911} INFO - Created Permission View: can create on DAG Run:example_branch_labels
[2026-05-18T06:01:16.082+0000] {logging_mixin.py:190} INFO - [2026-05-18T06:01:16.082+0000] {override.py:1911} INFO - Created Permission View: can read on DAG Run:example_branch_labels
[2026-05-18T06:01:16.083+0000] {logging_mixin.py:190} INFO - [2026-05-18T06:01:16.083+0000] {dag.py:3239} INFO - Sync 1 DAGs
[2026-05-18T06:01:16.096+0000] {logging_mixin.py:190} INFO - [2026-05-18T06:01:16.096+0000] {dag.py:3262} INFO - Creating ORM DAG for example_branch_labels
[2026-05-18T06:01:16.108+0000] {logging_mixin.py:190} INFO - [2026-05-18T06:01:16.108+0000] {dag.py:4180} INFO - Setting next_dagrun for example_branch_labels to 2026-05-17 00:00:00+00:00, run_after=2026-05-18 00:00:00+00:00
[2026-05-18T06:01:16.138+0000] {processor.py:208} INFO - Processing /home/noelsdavid/airflow_venv/lib/python3.12/site-packages/airflow/example_dags/example_branch_labels.py took 0.322 seconds
[2026-05-18T06:02:22.351+0000] {processor.py:186} INFO - Started process (PID=7013) to work on /home/noelsdavid/airflow_venv/lib/python3.12/site-packages/airflow/example_dags/example_branch_labels.py
[2026-05-18T06:02:22.364+0000] {processor.py:914} INFO - Processing file /home/noelsdavid/airflow_venv/lib/python3.12/site-packages/airflow/example_dags/example_branch_labels.py for tasks to queue
[2026-05-18T06:02:22.367+0000] {logging_mixin.py:190} INFO - [2026-05-18T06:02:22.366+0000] {dagbag.py:588} INFO - Filling up the DagBag from /home/noelsdavid/airflow_venv/lib/python3.12/site-packages/airflow/example_dags/example_branch_labels.py
[2026-05-18T06:02:22.381+0000] {processor.py:925} INFO - DAG(s) 'example_branch_labels' retrieved from /home/noelsdavid/airflow_venv/lib/python3.12/site-packages/airflow/example_dags/example_branch_labels.py
[2026-05-18T06:02:22.402+0000] {logging_mixin.py:190} INFO - [2026-05-18T06:02:22.402+0000] {dag.py:3239} INFO - Sync 1 DAGs
[2026-05-18T06:02:22.430+0000] {logging_mixin.py:190} INFO - [2026-05-18T06:02:22.429+0000] {dag.py:4180} INFO - Setting next_dagrun for example_branch_labels to 2026-05-17 00:00:00+00:00, run_after=2026-05-18 00:00:00+00:00
[2026-05-18T06:02:22.459+0000] {processor.py:208} INFO - Processing /home/noelsdavid/airflow_venv/lib/python3.12/site-packages/airflow/example_dags/example_branch_labels.py took 0.115 seconds
[2026-05-18T06:03:22.247+0000] {processor.py:186} INFO - Started process (PID=7070) to work on /home/noelsdavid/airflow_venv/lib/python3.12/site-packages/airflow/example_dags/example_branch_labels.py
[2026-05-18T06:03:22.249+0000] {processor.py:914} INFO - Processing file /home/noelsdavid/airflow_venv/lib/python3.12/site-packages/airflow/example_dags/example_branch_labels.py for tasks to queue
[2026-05-18T06:03:22.252+0000] {logging_mixin.py:190} INFO - [2026-05-18T06:03:22.251+0000] {dagbag.py:588} INFO - Filling up the DagBag from /home/noelsdavid/airflow_venv/lib/python3.12/site-packages/airflow/example_dags/example_branch_labels.py
[2026-05-18T06:03:22.265+0000] {processor.py:925} INFO - DAG(s) 'example_branch_labels' retrieved from /home/noelsdavid/airflow_venv/lib/python3.12/site-packages/airflow/example_dags/example_branch_labels.py
[2026-05-18T06:03:22.286+0000] {logging_mixin.py:190} INFO - [2026-05-18T06:03:22.285+0000] {dag.py:3239} INFO - Sync 1 DAGs
[2026-05-18T06:03:22.310+0000] {logging_mixin.py:190} INFO - [2026-05-18T06:03:22.310+0000] {dag.py:4180} INFO - Setting next_dagrun for example_branch_labels to 2026-05-17 00:00:00+00:00, run_after=2026-05-18 00:00:00+00:00
[2026-05-18T06:03:22.338+0000] {processor.py:208} INFO - Processing /home/noelsdavid/airflow_venv/lib/python3.12/site-packages/airflow/example_dags/example_branch_labels.py took 0.098 seconds
[2026-05-18T06:04:22.276+0000] {processor.py:186} INFO - Started process (PID=7130) to work on /home/noelsdavid/airflow_venv/lib/python3.12/site-packages/airflow/example_dags/example_branch_labels.py
[2026-05-18T06:04:22.279+0000] {processor.py:914} INFO - Processing file /home/noelsdavid/airflow_venv/lib/python3.12/site-packages/airflow/example_dags/example_branch_labels.py for tasks to queue
[2026-05-18T06:04:22.282+0000] {logging_mixin.py:190} INFO - [2026-05-18T06:04:22.281+0000] {dagbag.py:588} INFO - Filling up the DagBag from /home/noelsdavid/airflow_venv/lib/python3.12/site-packages/airflow/example_dags/example_branch_labels.py
[2026-05-18T06:04:22.297+0000] {processor.py:925} INFO - DAG(s) 'example_branch_labels' retrieved from /home/noelsdavid/airflow_venv/lib/python3.12/site-packages/airflow/example_dags/example_branch_labels.py
[2026-05-18T06:04:22.321+0000] {logging_mixin.py:190} INFO - [2026-05-18T06:04:22.321+0000] {dag.py:3239} INFO - Sync 1 DAGs
[2026-05-18T06:04:22.348+0000] {logging_mixin.py:190} INFO - [2026-05-18T06:04:22.348+0000] {dag.py:4180} INFO - Setting next_dagrun for example_branch_labels to 2026-05-17 00:00:00+00:00, run_after=2026-05-18 00:00:00+00:00
[2026-05-18T06:04:22.380+0000] {processor.py:208} INFO - Processing /home/noelsdavid/airflow_venv/lib/python3.12/site-packages/airflow/example_dags/example_branch_labels.py took 0.112 seconds
[2026-05-18T06:05:28.292+0000] {processor.py:186} INFO - Started process (PID=7217) to work on /home/noelsdavid/airflow_venv/lib/python3.12/site-packages/airflow/example_dags/example_branch_labels.py
[2026-05-18T06:05:28.295+0000] {processor.py:914} INFO - Processing file /home/noelsdavid/airflow_venv/lib/python3.12/site-packages/airflow/example_dags/example_branch_labels.py for tasks to queue
[2026-05-18T06:05:28.298+0000] {logging_mixin.py:190} INFO - [2026-05-18T06:05:28.297+0000] {dagbag.py:588} INFO - Filling up the DagBag from /home/noelsdavid/airflow_venv/lib/python3.12/site-packages/airflow/example_dags/example_branch_labels.py
[2026-05-18T06:05:28.312+0000] {processor.py:925} INFO - DAG(s) 'example_branch_labels' retrieved from /home/noelsdavid/airflow_venv/lib/python3.12/site-packages/airflow/example_dags/example_branch_labels.py
[2026-05-18T06:05:28.335+0000] {logging_mixin.py:190} INFO - [2026-05-18T06:05:28.334+0000] {dag.py:3239} INFO - Sync 1 DAGs
[2026-05-18T06:05:28.524+0000] {logging_mixin.py:190} INFO - [2026-05-18T06:05:28.524+0000] {dag.py:4180} INFO - Setting next_dagrun for example_branch_labels to 2026-05-17 00:00:00+00:00, run_after=2026-05-18 00:00:00+00:00
[2026-05-18T06:05:28.551+0000] {processor.py:208} INFO - Processing /home/noelsdavid/airflow_venv/lib/python3.12/site-packages/airflow/example_dags/example_branch_labels.py took 0.268 seconds
[2026-05-18T06:06:37.389+0000] {processor.py:186} INFO - Started process (PID=7283) to work on /home/noelsdavid/airflow_venv/lib/python3.12/site-packages/airflow/example_dags/example_branch_labels.py
[2026-05-18T06:06:37.392+0000] {processor.py:914} INFO - Processing file /home/noelsdavid/airflow_venv/lib/python3.12/site-packages/airflow/example_dags/example_branch_labels.py for tasks to queue
[2026-05-18T06:06:37.395+0000] {logging_mixin.py:190} INFO - [2026-05-18T06:06:37.394+0000] {dagbag.py:588} INFO - Filling up the DagBag from /home/noelsdavid/airflow_venv/lib/python3.12/site-packages/airflow/example_dags/example_branch_labels.py
[2026-05-18T06:06:37.410+0000] {processor.py:925} INFO - DAG(s) 'example_branch_labels' retrieved from /home/noelsdavid/airflow_venv/lib/python3.12/site-packages/airflow/example_dags/example_branch_labels.py
[2026-05-18T06:06:37.433+0000] {logging_mixin.py:190} INFO - [2026-05-18T06:06:37.433+0000] {dag.py:3239} INFO - Sync 1 DAGs
[2026-05-18T06:06:37.461+0000] {logging_mixin.py:190} INFO - [2026-05-18T06:06:37.461+0000] {dag.py:4180} INFO - Setting next_dagrun for example_branch_labels to 2026-05-17 00:00:00+00:00, run_after=2026-05-18 00:00:00+00:00
[2026-05-18T06:06:37.491+0000] {processor.py:208} INFO - Processing /home/noelsdavid/airflow_venv/lib/python3.12/site-packages/airflow/example_dags/example_branch_labels.py took 0.109 seconds
[2026-05-18T06:07:34.240+0000] {processor.py:186} INFO - Started process (PID=7342) to work on /home/noelsdavid/airflow_venv/lib/python3.12/site-packages/airflow/example_dags/example_branch_labels.py
[2026-05-18T06:07:34.244+0000] {processor.py:914} INFO - Processing file /home/noelsdavid/airflow_venv/lib/python3.12/site-packages/airflow/example_dags/example_branch_labels.py for tasks to queue
[2026-05-18T06:07:34.248+0000] {logging_mixin.py:190} INFO - [2026-05-18T06:07:34.248+0000] {dagbag.py:588} INFO - Filling up the DagBag from /home/noelsdavid/airflow_venv/lib/python3.12/site-packages/airflow/example_dags/example_branch_labels.py
[2026-05-18T06:07:34.266+0000] {processor.py:925} INFO - DAG(s) 'example_branch_labels' retrieved from /home/noelsdavid/airflow_venv/lib/python3.12/site-packages/airflow/example_dags/example_branch_labels.py
[2026-05-18T06:07:34.293+0000] {logging_mixin.py:190} INFO - [2026-05-18T06:07:34.293+0000] {dag.py:3239} INFO - Sync 1 DAGs
[2026-05-18T06:07:34.325+0000] {logging_mixin.py:190} INFO - [2026-05-18T06:07:34.324+0000] {dag.py:4180} INFO - Setting next_dagrun for example_branch_labels to 2026-05-17 00:00:00+00:00, run_after=2026-05-18 00:00:00+00:00
[2026-05-18T06:07:34.367+0000] {processor.py:208} INFO - Processing /home/noelsdavid/airflow_venv/lib/python3.12/site-packages/airflow/example_dags/example_branch_labels.py took 0.135 seconds
[2026-05-18T06:08:37.692+0000] {processor.py:186} INFO - Started process (PID=7399) to work on /home/noelsdavid/airflow_venv/lib/python3.12/site-packages/airflow/example_dags/example_branch_labels.py
[2026-05-18T06:08:37.695+0000] {processor.py:914} INFO - Processing file /home/noelsdavid/airflow_venv/lib/python3.12/site-packages/airflow/example_dags/example_branch_labels.py for tasks to queue
[2026-05-18T06:08:37.698+0000] {logging_mixin.py:190} INFO - [2026-05-18T06:08:37.698+0000] {dagbag.py:588} INFO - Filling up the DagBag from /home/noelsdavid/airflow_venv/lib/python3.12/site-packages/airflow/example_dags/example_branch_labels.py
[2026-05-18T06:08:37.713+0000] {processor.py:925} INFO - DAG(s) 'example_branch_labels' retrieved from /home/noelsdavid/airflow_venv/lib/python3.12/site-packages/airflow/example_dags/example_branch_labels.py
[2026-05-18T06:08:37.737+0000] {logging_mixin.py:190} INFO - [2026-05-18T06:08:37.737+0000] {dag.py:3239} INFO - Sync 1 DAGs
[2026-05-18T06:08:37.767+0000] {logging_mixin.py:190} INFO - [2026-05-18T06:08:37.767+0000] {dag.py:4180} INFO - Setting next_dagrun for example_branch_labels to 2026-05-17 00:00:00+00:00, run_after=2026-05-18 00:00:00+00:00
[2026-05-18T06:08:37.801+0000] {processor.py:208} INFO - Processing /home/noelsdavid/airflow_venv/lib/python3.12/site-packages/airflow/example_dags/example_branch_labels.py took 0.117 seconds
[2026-05-18T06:09:41.452+0000] {processor.py:186} INFO - Started process (PID=7461) to work on /home/noelsdavid/airflow_venv/lib/python3.12/site-packages/airflow/example_dags/example_branch_labels.py
[2026-05-18T06:09:41.454+0000] {processor.py:914} INFO - Processing file /home/noelsdavid/airflow_venv/lib/python3.12/site-packages/airflow/example_dags/example_branch_labels.py for tasks to queue
[2026-05-18T06:09:41.457+0000] {logging_mixin.py:190} INFO - [2026-05-18T06:09:41.457+0000] {dagbag.py:588} INFO - Filling up the DagBag from /home/noelsdavid/airflow_venv/lib/python3.12/site-packages/airflow/example_dags/example_branch_labels.py
[2026-05-18T06:09:41.472+0000] {processor.py:925} INFO - DAG(s) 'example_branch_labels' retrieved from /home/noelsdavid/airflow_venv/lib/python3.12/site-packages/airflow/example_dags/example_branch_labels.py
[2026-05-18T06:09:41.495+0000] {logging_mixin.py:190} INFO - [2026-05-18T06:09:41.495+0000] {dag.py:3239} INFO - Sync 1 DAGs
[2026-05-18T06:09:41.525+0000] {logging_mixin.py:190} INFO - [2026-05-18T06:09:41.524+0000] {dag.py:4180} INFO - Setting next_dagrun for example_branch_labels to 2026-05-17 00:00:00+00:00, run_after=2026-05-18 00:00:00+00:00
[2026-05-18T06:09:41.557+0000] {processor.py:208} INFO - Processing /home/noelsdavid/airflow_venv/lib/python3.12/site-packages/airflow/example_dags/example_branch_labels.py took 0.114 seconds
[2026-05-18T06:10:42.942+0000] {processor.py:186} INFO - Started process (PID=7546) to work on /home/noelsdavid/airflow_venv/lib/python3.12/site-packages/airflow/example_dags/example_branch_labels.py
[2026-05-18T06:10:42.961+0000] {processor.py:914} INFO - Processing file /home/noelsdavid/airflow_venv/lib/python3.12/site-packages/airflow/example_dags/example_branch_labels.py for tasks to queue
[2026-05-18T06:10:42.964+0000] {logging_mixin.py:190} INFO - [2026-05-18T06:10:42.963+0000] {dagbag.py:588} INFO - Filling up the DagBag from /home/noelsdavid/airflow_venv/lib/python3.12/site-packages/airflow/example_dags/example_branch_labels.py
[2026-05-18T06:10:42.978+0000] {processor.py:925} INFO - DAG(s) 'example_branch_labels' retrieved from /home/noelsdavid/airflow_venv/lib/python3.12/site-packages/airflow/example_dags/example_branch_labels.py
[2026-05-18T06:10:43.001+0000] {logging_mixin.py:190} INFO - [2026-05-18T06:10:43.000+0000] {dag.py:3239} INFO - Sync 1 DAGs
[2026-05-18T06:10:43.029+0000] {logging_mixin.py:190} INFO - [2026-05-18T06:10:43.029+0000] {dag.py:4180} INFO - Setting next_dagrun for example_branch_labels to 2026-05-17 00:00:00+00:00, run_after=2026-05-18 00:00:00+00:00
[2026-05-18T06:10:43.059+0000] {processor.py:208} INFO - Processing /home/noelsdavid/airflow_venv/lib/python3.12/site-packages/airflow/example_dags/example_branch_labels.py took 0.126 seconds
[2026-05-18T06:11:43.098+0000] {processor.py:186} INFO - Started process (PID=7605) to work on /home/noelsdavid/airflow_venv/lib/python3.12/site-packages/airflow/example_dags/example_branch_labels.py
[2026-05-18T06:11:43.100+0000] {processor.py:914} INFO - Processing file /home/noelsdavid/airflow_venv/lib/python3.12/site-packages/airflow/example_dags/example_branch_labels.py for tasks to queue
[2026-05-18T06:11:43.104+0000] {logging_mixin.py:190} INFO - [2026-05-18T06:11:43.103+0000] {dagbag.py:588} INFO - Filling up the DagBag from /home/noelsdavid/airflow_venv/lib/python3.12/site-packages/airflow/example_dags/example_branch_labels.py
[2026-05-18T06:11:43.118+0000] {processor.py:925} INFO - DAG(s) 'example_branch_labels' retrieved from /home/noelsdavid/airflow_venv/lib/python3.12/site-packages/airflow/example_dags/example_branch_labels.py
[2026-05-18T06:11:43.143+0000] {logging_mixin.py:190} INFO - [2026-05-18T06:11:43.142+0000] {dag.py:3239} INFO - Sync 1 DAGs
[2026-05-18T06:11:43.171+0000] {logging_mixin.py:190} INFO - [2026-05-18T06:11:43.171+0000] {dag.py:4180} INFO - Setting next_dagrun for example_branch_labels to 2026-05-17 00:00:00+00:00, run_after=2026-05-18 00:00:00+00:00
[2026-05-18T06:11:43.201+0000] {processor.py:208} INFO - Processing /home/noelsdavid/airflow_venv/lib/python3.12/site-packages/airflow/example_dags/example_branch_labels.py took 0.111 seconds
[2026-05-18T06:12:41.786+0000] {processor.py:186} INFO - Started process (PID=7662) to work on /home/noelsdavid/airflow_venv/lib/python3.12/site-packages/airflow/example_dags/example_branch_labels.py
[2026-05-18T06:12:41.788+0000] {processor.py:914} INFO - Processing file /home/noelsdavid/airflow_venv/lib/python3.12/site-packages/airflow/example_dags/example_branch_labels.py for tasks to queue
[2026-05-18T06:12:41.791+0000] {logging_mixin.py:190} INFO - [2026-05-18T06:12:41.791+0000] {dagbag.py:588} INFO - Filling up the DagBag from /home/noelsdavid/airflow_venv/lib/python3.12/site-packages/airflow/example_dags/example_branch_labels.py
[2026-05-18T06:12:41.807+0000] {processor.py:925} INFO - DAG(s) 'example_branch_labels' retrieved from /home/noelsdavid/airflow_venv/lib/python3.12/site-packages/airflow/example_dags/example_branch_labels.py
[2026-05-18T06:12:41.829+0000] {logging_mixin.py:190} INFO - [2026-05-18T06:12:41.829+0000] {dag.py:3239} INFO - Sync 1 DAGs
[2026-05-18T06:12:41.858+0000] {logging_mixin.py:190} INFO - [2026-05-18T06:12:41.857+0000] {dag.py:4180} INFO - Setting next_dagrun for example_branch_labels to 2026-05-17 00:00:00+00:00, run_after=2026-05-18 00:00:00+00:00
[2026-05-18T06:12:41.890+0000] {processor.py:208} INFO - Processing /home/noelsdavid/airflow_venv/lib/python3.12/site-packages/airflow/example_dags/example_branch_labels.py took 0.113 seconds
[2026-05-18T06:13:42.782+0000] {processor.py:186} INFO - Started process (PID=7721) to work on /home/noelsdavid/airflow_venv/lib/python3.12/site-packages/airflow/example_dags/example_branch_labels.py
[2026-05-18T06:13:42.784+0000] {processor.py:914} INFO - Processing file /home/noelsdavid/airflow_venv/lib/python3.12/site-packages/airflow/example_dags/example_branch_labels.py for tasks to queue
[2026-05-18T06:13:42.788+0000] {logging_mixin.py:190} INFO - [2026-05-18T06:13:42.787+0000] {dagbag.py:588} INFO - Filling up the DagBag from /home/noelsdavid/airflow_venv/lib/python3.12/site-packages/airflow/example_dags/example_branch_labels.py
[2026-05-18T06:13:42.803+0000] {processor.py:925} INFO - DAG(s) 'example_branch_labels' retrieved from /home/noelsdavid/airflow_venv/lib/python3.12/site-packages/airflow/example_dags/example_branch_labels.py
[2026-05-18T06:13:42.826+0000] {logging_mixin.py:190} INFO - [2026-05-18T06:13:42.826+0000] {dag.py:3239} INFO - Sync 1 DAGs
[2026-05-18T06:13:42.855+0000] {logging_mixin.py:190} INFO - [2026-05-18T06:13:42.854+0000] {dag.py:4180} INFO - Setting next_dagrun for example_branch_labels to 2026-05-17 00:00:00+00:00, run_after=2026-05-18 00:00:00+00:00
[2026-05-18T06:13:42.887+0000] {processor.py:208} INFO - Processing /home/noelsdavid/airflow_venv/lib/python3.12/site-packages/airflow/example_dags/example_branch_labels.py took 0.113 seconds
[2026-05-18T06:14:43.863+0000] {processor.py:186} INFO - Started process (PID=7781) to work on /home/noelsdavid/airflow_venv/lib/python3.12/site-packages/airflow/example_dags/example_branch_labels.py
[2026-05-18T06:14:43.866+0000] {processor.py:914} INFO - Processing file /home/noelsdavid/airflow_venv/lib/python3.12/site-packages/airflow/example_dags/example_branch_labels.py for tasks to queue
[2026-05-18T06:14:43.869+0000] {logging_mixin.py:190} INFO - [2026-05-18T06:14:43.869+0000] {dagbag.py:588} INFO - Filling up the DagBag from /home/noelsdavid/airflow_venv/lib/python3.12/site-packages/airflow/example_dags/example_branch_labels.py
[2026-05-18T06:14:43.884+0000] {processor.py:925} INFO - DAG(s) 'example_branch_labels' retrieved from /home/noelsdavid/airflow_venv/lib/python3.12/site-packages/airflow/example_dags/example_branch_labels.py
[2026-05-18T06:14:43.906+0000] {logging_mixin.py:190} INFO - [2026-05-18T06:14:43.906+0000] {dag.py:3239} INFO - Sync 1 DAGs
[2026-05-18T06:14:43.934+0000] {logging_mixin.py:190} INFO - [2026-05-18T06:14:43.934+0000] {dag.py:4180} INFO - Setting next_dagrun for example_branch_labels to 2026-05-17 00:00:00+00:00, run_after=2026-05-18 00:00:00+00:00
[2026-05-18T06:14:43.964+0000] {processor.py:208} INFO - Processing /home/noelsdavid/airflow_venv/lib/python3.12/site-packages/airflow/example_dags/example_branch_labels.py took 0.109 seconds
[2026-05-18T06:15:47.777+0000] {processor.py:186} INFO - Started process (PID=7981) to work on /home/noelsdavid/airflow_venv/lib/python3.12/site-packages/airflow/example_dags/example_branch_labels.py
[2026-05-18T06:15:47.779+0000] {processor.py:914} INFO - Processing file /home/noelsdavid/airflow_venv/lib/python3.12/site-packages/airflow/example_dags/example_branch_labels.py for tasks to queue
[2026-05-18T06:15:47.783+0000] {logging_mixin.py:190} INFO - [2026-05-18T06:15:47.782+0000] {dagbag.py:588} INFO - Filling up the DagBag from /home/noelsdavid/airflow_venv/lib/python3.12/site-packages/airflow/example_dags/example_branch_labels.py
[2026-05-18T06:15:47.799+0000] {processor.py:925} INFO - DAG(s) 'example_branch_labels' retrieved from /home/noelsdavid/airflow_venv/lib/python3.12/site-packages/airflow/example_dags/example_branch_labels.py
[2026-05-18T06:15:47.825+0000] {logging_mixin.py:190} INFO - [2026-05-18T06:15:47.824+0000] {dag.py:3239} INFO - Sync 1 DAGs
[2026-05-18T06:15:47.857+0000] {logging_mixin.py:190} INFO - [2026-05-18T06:15:47.856+0000] {dag.py:4180} INFO - Setting next_dagrun for example_branch_labels to 2026-05-17 00:00:00+00:00, run_after=2026-05-18 00:00:00+00:00
[2026-05-18T06:15:47.895+0000] {processor.py:208} INFO - Processing /home/noelsdavid/airflow_venv/lib/python3.12/site-packages/airflow/example_dags/example_branch_labels.py took 0.128 seconds
[2026-05-18T06:16:50.639+0000] {processor.py:186} INFO - Started process (PID=8121) to work on /home/noelsdavid/airflow_venv/lib/python3.12/site-packages/airflow/example_dags/example_branch_labels.py
[2026-05-18T06:16:50.642+0000] {processor.py:914} INFO - Processing file /home/noelsdavid/airflow_venv/lib/python3.12/site-packages/airflow/example_dags/example_branch_labels.py for tasks to queue
[2026-05-18T06:16:50.645+0000] {logging_mixin.py:190} INFO - [2026-05-18T06:16:50.644+0000] {dagbag.py:588} INFO - Filling up the DagBag from /home/noelsdavid/airflow_venv/lib/python3.12/site-packages/airflow/example_dags/example_branch_labels.py
[2026-05-18T06:16:50.661+0000] {processor.py:925} INFO - DAG(s) 'example_branch_labels' retrieved from /home/noelsdavid/airflow_venv/lib/python3.12/site-packages/airflow/example_dags/example_branch_labels.py
[2026-05-18T06:16:50.685+0000] {logging_mixin.py:190} INFO - [2026-05-18T06:16:50.685+0000] {dag.py:3239} INFO - Sync 1 DAGs
[2026-05-18T06:16:50.717+0000] {logging_mixin.py:190} INFO - [2026-05-18T06:16:50.717+0000] {dag.py:4180} INFO - Setting next_dagrun for example_branch_labels to 2026-05-17 00:00:00+00:00, run_after=2026-05-18 00:00:00+00:00
[2026-05-18T06:16:50.760+0000] {processor.py:208} INFO - Processing /home/noelsdavid/airflow_venv/lib/python3.12/site-packages/airflow/example_dags/example_branch_labels.py took 0.130 seconds
[2026-05-18T06:17:54.055+0000] {processor.py:186} INFO - Started process (PID=8382) to work on /home/noelsdavid/airflow_venv/lib/python3.12/site-packages/airflow/example_dags/example_branch_labels.py
[2026-05-18T06:17:54.057+0000] {processor.py:914} INFO - Processing file /home/noelsdavid/airflow_venv/lib/python3.12/site-packages/airflow/example_dags/example_branch_labels.py for tasks to queue
[2026-05-18T06:17:54.060+0000] {logging_mixin.py:190} INFO - [2026-05-18T06:17:54.059+0000] {dagbag.py:588} INFO - Filling up the DagBag from /home/noelsdavid/airflow_venv/lib/python3.12/site-packages/airflow/example_dags/example_branch_labels.py
[2026-05-18T06:17:54.074+0000] {processor.py:925} INFO - DAG(s) 'example_branch_labels' retrieved from /home/noelsdavid/airflow_venv/lib/python3.12/site-packages/airflow/example_dags/example_branch_labels.py
[2026-05-18T06:17:54.096+0000] {logging_mixin.py:190} INFO - [2026-05-18T06:17:54.095+0000] {dag.py:3239} INFO - Sync 1 DAGs
[2026-05-18T06:17:54.122+0000] {logging_mixin.py:190} INFO - [2026-05-18T06:17:54.121+0000] {dag.py:4180} INFO - Setting next_dagrun for example_branch_labels to 2026-05-17 00:00:00+00:00, run_after=2026-05-18 00:00:00+00:00
[2026-05-18T06:17:54.149+0000] {processor.py:208} INFO - Processing /home/noelsdavid/airflow_venv/lib/python3.12/site-packages/airflow/example_dags/example_branch_labels.py took 0.102 seconds
[2026-05-18T06:18:52.645+0000] {processor.py:186} INFO - Started process (PID=8495) to work on /home/noelsdavid/airflow_venv/lib/python3.12/site-packages/airflow/example_dags/example_branch_labels.py
[2026-05-18T06:18:52.648+0000] {processor.py:914} INFO - Processing file /home/noelsdavid/airflow_venv/lib/python3.12/site-packages/airflow/example_dags/example_branch_labels.py for tasks to queue
[2026-05-18T06:18:52.651+0000] {logging_mixin.py:190} INFO - [2026-05-18T06:18:52.650+0000] {dagbag.py:588} INFO - Filling up the DagBag from /home/noelsdavid/airflow_venv/lib/python3.12/site-packages/airflow/example_dags/example_branch_labels.py
[2026-05-18T06:18:52.667+0000] {processor.py:925} INFO - DAG(s) 'example_branch_labels' retrieved from /home/noelsdavid/airflow_venv/lib/python3.12/site-packages/airflow/example_dags/example_branch_labels.py
[2026-05-18T06:18:52.690+0000] {logging_mixin.py:190} INFO - [2026-05-18T06:18:52.689+0000] {dag.py:3239} INFO - Sync 1 DAGs
[2026-05-18T06:18:52.721+0000] {logging_mixin.py:190} INFO - [2026-05-18T06:18:52.720+0000] {dag.py:4180} INFO - Setting next_dagrun for example_branch_labels to 2026-05-17 00:00:00+00:00, run_after=2026-05-18 00:00:00+00:00
[2026-05-18T06:18:52.754+0000] {processor.py:208} INFO - Processing /home/noelsdavid/airflow_venv/lib/python3.12/site-packages/airflow/example_dags/example_branch_labels.py took 0.117 seconds
[2026-05-18T06:19:53.447+0000] {processor.py:186} INFO - Started process (PID=8554) to work on /home/noelsdavid/airflow_venv/lib/python3.12/site-packages/airflow/example_dags/example_branch_labels.py
[2026-05-18T06:19:53.472+0000] {processor.py:914} INFO - Processing file /home/noelsdavid/airflow_venv/lib/python3.12/site-packages/airflow/example_dags/example_branch_labels.py for tasks to queue
[2026-05-18T06:19:53.475+0000] {logging_mixin.py:190} INFO - [2026-05-18T06:19:53.474+0000] {dagbag.py:588} INFO - Filling up the DagBag from /home/noelsdavid/airflow_venv/lib/python3.12/site-packages/airflow/example_dags/example_branch_labels.py
[2026-05-18T06:19:53.489+0000] {processor.py:925} INFO - DAG(s) 'example_branch_labels' retrieved from /home/noelsdavid/airflow_venv/lib/python3.12/site-packages/airflow/example_dags/example_branch_labels.py
[2026-05-18T06:19:53.512+0000] {logging_mixin.py:190} INFO - [2026-05-18T06:19:53.511+0000] {dag.py:3239} INFO - Sync 1 DAGs
[2026-05-18T06:19:53.538+0000] {logging_mixin.py:190} INFO - [2026-05-18T06:19:53.537+0000] {dag.py:4180} INFO - Setting next_dagrun for example_branch_labels to 2026-05-17 00:00:00+00:00, run_after=2026-05-18 00:00:00+00:00
[2026-05-18T06:19:53.571+0000] {processor.py:208} INFO - Processing /home/noelsdavid/airflow_venv/lib/python3.12/site-packages/airflow/example_dags/example_branch_labels.py took 0.131 seconds
[2026-05-18T06:20:56.234+0000] {processor.py:186} INFO - Started process (PID=8643) to work on /home/noelsdavid/airflow_venv/lib/python3.12/site-packages/airflow/example_dags/example_branch_labels.py
[2026-05-18T06:20:56.236+0000] {processor.py:914} INFO - Processing file /home/noelsdavid/airflow_venv/lib/python3.12/site-packages/airflow/example_dags/example_branch_labels.py for tasks to queue
[2026-05-18T06:20:56.238+0000] {logging_mixin.py:190} INFO - [2026-05-18T06:20:56.237+0000] {dagbag.py:588} INFO - Filling up the DagBag from /home/noelsdavid/airflow_venv/lib/python3.12/site-packages/airflow/example_dags/example_branch_labels.py
[2026-05-18T06:20:56.252+0000] {processor.py:925} INFO - DAG(s) 'example_branch_labels' retrieved from /home/noelsdavid/airflow_venv/lib/python3.12/site-packages/airflow/example_dags/example_branch_labels.py
[2026-05-18T06:20:56.275+0000] {logging_mixin.py:190} INFO - [2026-05-18T06:20:56.274+0000] {dag.py:3239} INFO - Sync 1 DAGs
[2026-05-18T06:20:56.301+0000] {logging_mixin.py:190} INFO - [2026-05-18T06:20:56.301+0000] {dag.py:4180} INFO - Setting next_dagrun for example_branch_labels to 2026-05-17 00:00:00+00:00, run_after=2026-05-18 00:00:00+00:00
[2026-05-18T06:20:56.329+0000] {processor.py:208} INFO - Processing /home/noelsdavid/airflow_venv/lib/python3.12/site-packages/airflow/example_dags/example_branch_labels.py took 0.103 seconds
[2026-05-18T06:22:01.220+0000] {processor.py:186} INFO - Started process (PID=8705) to work on /home/noelsdavid/airflow_venv/lib/python3.12/site-packages/airflow/example_dags/example_branch_labels.py
[2026-05-18T06:22:01.222+0000] {processor.py:914} INFO - Processing file /home/noelsdavid/airflow_venv/lib/python3.12/site-packages/airflow/example_dags/example_branch_labels.py for tasks to queue
[2026-05-18T06:22:01.224+0000] {logging_mixin.py:190} INFO - [2026-05-18T06:22:01.223+0000] {dagbag.py:588} INFO - Filling up the DagBag from /home/noelsdavid/airflow_venv/lib/python3.12/site-packages/airflow/example_dags/example_branch_labels.py
[2026-05-18T06:22:01.239+0000] {processor.py:925} INFO - DAG(s) 'example_branch_labels' retrieved from /home/noelsdavid/airflow_venv/lib/python3.12/site-packages/airflow/example_dags/example_branch_labels.py
[2026-05-18T06:22:01.262+0000] {logging_mixin.py:190} INFO - [2026-05-18T06:22:01.262+0000] {dag.py:3239} INFO - Sync 1 DAGs
[2026-05-18T06:22:01.291+0000] {logging_mixin.py:190} INFO - [2026-05-18T06:22:01.291+0000] {dag.py:4180} INFO - Setting next_dagrun for example_branch_labels to 2026-05-17 00:00:00+00:00, run_after=2026-05-18 00:00:00+00:00
[2026-05-18T06:22:01.322+0000] {processor.py:208} INFO - Processing /home/noelsdavid/airflow_venv/lib/python3.12/site-packages/airflow/example_dags/example_branch_labels.py took 0.111 seconds
[2026-05-18T06:23:04.706+0000] {processor.py:186} INFO - Started process (PID=8766) to work on /home/noelsdavid/airflow_venv/lib/python3.12/site-packages/airflow/example_dags/example_branch_labels.py
[2026-05-18T06:23:04.709+0000] {processor.py:914} INFO - Processing file /home/noelsdavid/airflow_venv/lib/python3.12/site-packages/airflow/example_dags/example_branch_labels.py for tasks to queue
[2026-05-18T06:23:04.711+0000] {logging_mixin.py:190} INFO - [2026-05-18T06:23:04.710+0000] {dagbag.py:588} INFO - Filling up the DagBag from /home/noelsdavid/airflow_venv/lib/python3.12/site-packages/airflow/example_dags/example_branch_labels.py
[2026-05-18T06:23:04.725+0000] {processor.py:925} INFO - DAG(s) 'example_branch_labels' retrieved from /home/noelsdavid/airflow_venv/lib/python3.12/site-packages/airflow/example_dags/example_branch_labels.py
[2026-05-18T06:23:04.749+0000] {logging_mixin.py:190} INFO - [2026-05-18T06:23:04.748+0000] {dag.py:3239} INFO - Sync 1 DAGs
[2026-05-18T06:23:04.776+0000] {logging_mixin.py:190} INFO - [2026-05-18T06:23:04.776+0000] {dag.py:4180} INFO - Setting next_dagrun for example_branch_labels to 2026-05-17 00:00:00+00:00, run_after=2026-05-18 00:00:00+00:00
[2026-05-18T06:23:04.809+0000] {processor.py:208} INFO - Processing /home/noelsdavid/airflow_venv/lib/python3.12/site-packages/airflow/example_dags/example_branch_labels.py took 0.111 seconds
[2026-05-18T06:24:08.409+0000] {processor.py:186} INFO - Started process (PID=8828) to work on /home/noelsdavid/airflow_venv/lib/python3.12/site-packages/airflow/example_dags/example_branch_labels.py
[2026-05-18T06:24:08.412+0000] {processor.py:914} INFO - Processing file /home/noelsdavid/airflow_venv/lib/python3.12/site-packages/airflow/example_dags/example_branch_labels.py for tasks to queue
[2026-05-18T06:24:08.414+0000] {logging_mixin.py:190} INFO - [2026-05-18T06:24:08.413+0000] {dagbag.py:588} INFO - Filling up the DagBag from /home/noelsdavid/airflow_venv/lib/python3.12/site-packages/airflow/example_dags/example_branch_labels.py
[2026-05-18T06:24:08.428+0000] {processor.py:925} INFO - DAG(s) 'example_branch_labels' retrieved from /home/noelsdavid/airflow_venv/lib/python3.12/site-packages/airflow/example_dags/example_branch_labels.py
[2026-05-18T06:24:08.451+0000] {logging_mixin.py:190} INFO - [2026-05-18T06:24:08.451+0000] {dag.py:3239} INFO - Sync 1 DAGs
[2026-05-18T06:24:08.479+0000] {logging_mixin.py:190} INFO - [2026-05-18T06:24:08.479+0000] {dag.py:4180} INFO - Setting next_dagrun for example_branch_labels to 2026-05-17 00:00:00+00:00, run_after=2026-05-18 00:00:00+00:00
[2026-05-18T06:24:08.508+0000] {processor.py:208} INFO - Processing /home/noelsdavid/airflow_venv/lib/python3.12/site-packages/airflow/example_dags/example_branch_labels.py took 0.107 seconds
[2026-05-18T06:25:14.810+0000] {processor.py:186} INFO - Started process (PID=8916) to work on /home/noelsdavid/airflow_venv/lib/python3.12/site-packages/airflow/example_dags/example_branch_labels.py
[2026-05-18T06:25:14.813+0000] {processor.py:914} INFO - Processing file /home/noelsdavid/airflow_venv/lib/python3.12/site-packages/airflow/example_dags/example_branch_labels.py for tasks to queue
[2026-05-18T06:25:14.815+0000] {logging_mixin.py:190} INFO - [2026-05-18T06:25:14.814+0000] {dagbag.py:588} INFO - Filling up the DagBag from /home/noelsdavid/airflow_venv/lib/python3.12/site-packages/airflow/example_dags/example_branch_labels.py
[2026-05-18T06:25:14.830+0000] {processor.py:925} INFO - DAG(s) 'example_branch_labels' retrieved from /home/noelsdavid/airflow_venv/lib/python3.12/site-packages/airflow/example_dags/example_branch_labels.py
[2026-05-18T06:25:14.854+0000] {logging_mixin.py:190} INFO - [2026-05-18T06:25:14.854+0000] {dag.py:3239} INFO - Sync 1 DAGs
[2026-05-18T06:25:14.883+0000] {logging_mixin.py:190} INFO - [2026-05-18T06:25:14.883+0000] {dag.py:4180} INFO - Setting next_dagrun for example_branch_labels to 2026-05-17 00:00:00+00:00, run_after=2026-05-18 00:00:00+00:00
[2026-05-18T06:25:14.917+0000] {processor.py:208} INFO - Processing /home/noelsdavid/airflow_venv/lib/python3.12/site-packages/airflow/example_dags/example_branch_labels.py took 0.117 seconds
[2026-05-18T06:26:19.201+0000] {processor.py:186} INFO - Started process (PID=9033) to work on /home/noelsdavid/airflow_venv/lib/python3.12/site-packages/airflow/example_dags/example_branch_labels.py
[2026-05-18T06:26:19.204+0000] {processor.py:914} INFO - Processing file /home/noelsdavid/airflow_venv/lib/python3.12/site-packages/airflow/example_dags/example_branch_labels.py for tasks to queue
[2026-05-18T06:26:19.206+0000] {logging_mixin.py:190} INFO - [2026-05-18T06:26:19.205+0000] {dagbag.py:588} INFO - Filling up the DagBag from /home/noelsdavid/airflow_venv/lib/python3.12/site-packages/airflow/example_dags/example_branch_labels.py
[2026-05-18T06:26:19.222+0000] {processor.py:925} INFO - DAG(s) 'example_branch_labels' retrieved from /home/noelsdavid/airflow_venv/lib/python3.12/site-packages/airflow/example_dags/example_branch_labels.py
[2026-05-18T06:26:19.245+0000] {logging_mixin.py:190} INFO - [2026-05-18T06:26:19.245+0000] {dag.py:3239} INFO - Sync 1 DAGs
[2026-05-18T06:26:19.276+0000] {logging_mixin.py:190} INFO - [2026-05-18T06:26:19.275+0000] {dag.py:4180} INFO - Setting next_dagrun for example_branch_labels to 2026-05-17 00:00:00+00:00, run_after=2026-05-18 00:00:00+00:00
[2026-05-18T06:26:19.307+0000] {processor.py:208} INFO - Processing /home/noelsdavid/airflow_venv/lib/python3.12/site-packages/airflow/example_dags/example_branch_labels.py took 0.113 seconds
[2026-05-18T06:27:38.304+0000] {processor.py:186} INFO - Started process (PID=9562) to work on /home/noelsdavid/airflow_venv/lib/python3.12/site-packages/airflow/example_dags/example_branch_labels.py
[2026-05-18T06:27:38.307+0000] {processor.py:914} INFO - Processing file /home/noelsdavid/airflow_venv/lib/python3.12/site-packages/airflow/example_dags/example_branch_labels.py for tasks to queue
[2026-05-18T06:27:38.309+0000] {logging_mixin.py:190} INFO - [2026-05-18T06:27:38.309+0000] {dagbag.py:588} INFO - Filling up the DagBag from /home/noelsdavid/airflow_venv/lib/python3.12/site-packages/airflow/example_dags/example_branch_labels.py
[2026-05-18T06:27:38.324+0000] {processor.py:925} INFO - DAG(s) 'example_branch_labels' retrieved from /home/noelsdavid/airflow_venv/lib/python3.12/site-packages/airflow/example_dags/example_branch_labels.py
[2026-05-18T06:27:38.348+0000] {logging_mixin.py:190} INFO - [2026-05-18T06:27:38.348+0000] {dag.py:3239} INFO - Sync 1 DAGs
[2026-05-18T06:27:38.375+0000] {logging_mixin.py:190} INFO - [2026-05-18T06:27:38.375+0000] {dag.py:4180} INFO - Setting next_dagrun for example_branch_labels to 2026-05-17 00:00:00+00:00, run_after=2026-05-18 00:00:00+00:00
[2026-05-18T06:27:38.406+0000] {processor.py:208} INFO - Processing /home/noelsdavid/airflow_venv/lib/python3.12/site-packages/airflow/example_dags/example_branch_labels.py took 0.110 seconds
[2026-05-18T06:28:51.671+0000] {processor.py:186} INFO - Started process (PID=9741) to work on /home/noelsdavid/airflow_venv/lib/python3.12/site-packages/airflow/example_dags/example_branch_labels.py
[2026-05-18T06:28:51.680+0000] {processor.py:914} INFO - Processing file /home/noelsdavid/airflow_venv/lib/python3.12/site-packages/airflow/example_dags/example_branch_labels.py for tasks to queue
[2026-05-18T06:28:51.689+0000] {logging_mixin.py:190} INFO - [2026-05-18T06:28:51.688+0000] {dagbag.py:588} INFO - Filling up the DagBag from /home/noelsdavid/airflow_venv/lib/python3.12/site-packages/airflow/example_dags/example_branch_labels.py
[2026-05-18T06:28:51.742+0000] {processor.py:925} INFO - DAG(s) 'example_branch_labels' retrieved from /home/noelsdavid/airflow_venv/lib/python3.12/site-packages/airflow/example_dags/example_branch_labels.py
[2026-05-18T06:28:51.811+0000] {logging_mixin.py:190} INFO - [2026-05-18T06:28:51.808+0000] {dag.py:3239} INFO - Sync 1 DAGs
[2026-05-18T06:28:51.923+0000] {logging_mixin.py:190} INFO - [2026-05-18T06:28:51.921+0000] {dag.py:4180} INFO - Setting next_dagrun for example_branch_labels to 2026-05-17 00:00:00+00:00, run_after=2026-05-18 00:00:00+00:00
[2026-05-18T06:28:52.032+0000] {processor.py:208} INFO - Processing /home/noelsdavid/airflow_venv/lib/python3.12/site-packages/airflow/example_dags/example_branch_labels.py took 0.389 seconds
[2026-05-18T06:30:01.000+0000] {processor.py:186} INFO - Started process (PID=9807) to work on /home/noelsdavid/airflow_venv/lib/python3.12/site-packages/airflow/example_dags/example_branch_labels.py
[2026-05-18T06:30:01.004+0000] {processor.py:914} INFO - Processing file /home/noelsdavid/airflow_venv/lib/python3.12/site-packages/airflow/example_dags/example_branch_labels.py for tasks to queue
[2026-05-18T06:30:01.007+0000] {logging_mixin.py:190} INFO - [2026-05-18T06:30:01.006+0000] {dagbag.py:588} INFO - Filling up the DagBag from /home/noelsdavid/airflow_venv/lib/python3.12/site-packages/airflow/example_dags/example_branch_labels.py
[2026-05-18T06:30:01.023+0000] {processor.py:925} INFO - DAG(s) 'example_branch_labels' retrieved from /home/noelsdavid/airflow_venv/lib/python3.12/site-packages/airflow/example_dags/example_branch_labels.py
[2026-05-18T06:30:01.061+0000] {logging_mixin.py:190} INFO - [2026-05-18T06:30:01.061+0000] {dag.py:3239} INFO - Sync 1 DAGs
[2026-05-18T06:30:01.099+0000] {logging_mixin.py:190} INFO - [2026-05-18T06:30:01.099+0000] {dag.py:4180} INFO - Setting next_dagrun for example_branch_labels to 2026-05-17 00:00:00+00:00, run_after=2026-05-18 00:00:00+00:00
[2026-05-18T06:30:01.146+0000] {processor.py:208} INFO - Processing /home/noelsdavid/airflow_venv/lib/python3.12/site-packages/airflow/example_dags/example_branch_labels.py took 0.155 seconds
[2026-05-18T06:31:07.019+0000] {processor.py:186} INFO - Started process (PID=9892) to work on /home/noelsdavid/airflow_venv/lib/python3.12/site-packages/airflow/example_dags/example_branch_labels.py
[2026-05-18T06:31:07.022+0000] {processor.py:914} INFO - Processing file /home/noelsdavid/airflow_venv/lib/python3.12/site-packages/airflow/example_dags/example_branch_labels.py for tasks to queue
[2026-05-18T06:31:07.024+0000] {logging_mixin.py:190} INFO - [2026-05-18T06:31:07.023+0000] {dagbag.py:588} INFO - Filling up the DagBag from /home/noelsdavid/airflow_venv/lib/python3.12/site-packages/airflow/example_dags/example_branch_labels.py
[2026-05-18T06:31:07.040+0000] {processor.py:925} INFO - DAG(s) 'example_branch_labels' retrieved from /home/noelsdavid/airflow_venv/lib/python3.12/site-packages/airflow/example_dags/example_branch_labels.py
[2026-05-18T06:31:07.064+0000] {logging_mixin.py:190} INFO - [2026-05-18T06:31:07.063+0000] {dag.py:3239} INFO - Sync 1 DAGs
[2026-05-18T06:31:07.092+0000] {logging_mixin.py:190} INFO - [2026-05-18T06:31:07.092+0000] {dag.py:4180} INFO - Setting next_dagrun for example_branch_labels to 2026-05-17 00:00:00+00:00, run_after=2026-05-18 00:00:00+00:00
[2026-05-18T06:31:07.122+0000] {processor.py:208} INFO - Processing /home/noelsdavid/airflow_venv/lib/python3.12/site-packages/airflow/example_dags/example_branch_labels.py took 0.111 seconds
[2026-05-18T06:32:10.812+0000] {processor.py:186} INFO - Started process (PID=9955) to work on /home/noelsdavid/airflow_venv/lib/python3.12/site-packages/airflow/example_dags/example_branch_labels.py
[2026-05-18T06:32:10.814+0000] {processor.py:914} INFO - Processing file /home/noelsdavid/airflow_venv/lib/python3.12/site-packages/airflow/example_dags/example_branch_labels.py for tasks to queue
[2026-05-18T06:32:10.816+0000] {logging_mixin.py:190} INFO - [2026-05-18T06:32:10.815+0000] {dagbag.py:588} INFO - Filling up the DagBag from /home/noelsdavid/airflow_venv/lib/python3.12/site-packages/airflow/example_dags/example_branch_labels.py
[2026-05-18T06:32:10.830+0000] {processor.py:925} INFO - DAG(s) 'example_branch_labels' retrieved from /home/noelsdavid/airflow_venv/lib/python3.12/site-packages/airflow/example_dags/example_branch_labels.py
[2026-05-18T06:32:10.852+0000] {logging_mixin.py:190} INFO - [2026-05-18T06:32:10.852+0000] {dag.py:3239} INFO - Sync 1 DAGs
[2026-05-18T06:32:10.878+0000] {logging_mixin.py:190} INFO - [2026-05-18T06:32:10.878+0000] {dag.py:4180} INFO - Setting next_dagrun for example_branch_labels to 2026-05-17 00:00:00+00:00, run_after=2026-05-18 00:00:00+00:00
[2026-05-18T06:32:10.907+0000] {processor.py:208} INFO - Processing /home/noelsdavid/airflow_venv/lib/python3.12/site-packages/airflow/example_dags/example_branch_labels.py took 0.103 seconds
[2026-05-18T06:33:09.215+0000] {processor.py:186} INFO - Started process (PID=10015) to work on /home/noelsdavid/airflow_venv/lib/python3.12/site-packages/airflow/example_dags/example_branch_labels.py
[2026-05-18T06:33:09.237+0000] {processor.py:914} INFO - Processing file /home/noelsdavid/airflow_venv/lib/python3.12/site-packages/airflow/example_dags/example_branch_labels.py for tasks to queue
[2026-05-18T06:33:09.239+0000] {logging_mixin.py:190} INFO - [2026-05-18T06:33:09.239+0000] {dagbag.py:588} INFO - Filling up the DagBag from /home/noelsdavid/airflow_venv/lib/python3.12/site-packages/airflow/example_dags/example_branch_labels.py
[2026-05-18T06:33:09.254+0000] {processor.py:925} INFO - DAG(s) 'example_branch_labels' retrieved from /home/noelsdavid/airflow_venv/lib/python3.12/site-packages/airflow/example_dags/example_branch_labels.py
[2026-05-18T06:33:09.276+0000] {logging_mixin.py:190} INFO - [2026-05-18T06:33:09.276+0000] {dag.py:3239} INFO - Sync 1 DAGs
[2026-05-18T06:33:09.303+0000] {logging_mixin.py:190} INFO - [2026-05-18T06:33:09.303+0000] {dag.py:4180} INFO - Setting next_dagrun for example_branch_labels to 2026-05-17 00:00:00+00:00, run_after=2026-05-18 00:00:00+00:00
[2026-05-18T06:33:09.331+0000] {processor.py:208} INFO - Processing /home/noelsdavid/airflow_venv/lib/python3.12/site-packages/airflow/example_dags/example_branch_labels.py took 0.124 seconds
[2026-05-18T06:34:16.545+0000] {processor.py:186} INFO - Started process (PID=10150) to work on /home/noelsdavid/airflow_venv/lib/python3.12/site-packages/airflow/example_dags/example_branch_labels.py
[2026-05-18T06:34:16.547+0000] {processor.py:914} INFO - Processing file /home/noelsdavid/airflow_venv/lib/python3.12/site-packages/airflow/example_dags/example_branch_labels.py for tasks to queue
[2026-05-18T06:34:16.549+0000] {logging_mixin.py:190} INFO - [2026-05-18T06:34:16.548+0000] {dagbag.py:588} INFO - Filling up the DagBag from /home/noelsdavid/airflow_venv/lib/python3.12/site-packages/airflow/example_dags/example_branch_labels.py
[2026-05-18T06:34:16.563+0000] {processor.py:925} INFO - DAG(s) 'example_branch_labels' retrieved from /home/noelsdavid/airflow_venv/lib/python3.12/site-packages/airflow/example_dags/example_branch_labels.py
[2026-05-18T06:34:16.588+0000] {logging_mixin.py:190} INFO - [2026-05-18T06:34:16.588+0000] {dag.py:3239} INFO - Sync 1 DAGs
[2026-05-18T06:34:16.616+0000] {logging_mixin.py:190} INFO - [2026-05-18T06:34:16.616+0000] {dag.py:4180} INFO - Setting next_dagrun for example_branch_labels to 2026-05-17 00:00:00+00:00, run_after=2026-05-18 00:00:00+00:00
[2026-05-18T06:34:16.648+0000] {processor.py:208} INFO - Processing /home/noelsdavid/airflow_venv/lib/python3.12/site-packages/airflow/example_dags/example_branch_labels.py took 0.111 seconds
[2026-05-18T06:35:20.554+0000] {processor.py:186} INFO - Started process (PID=10357) to work on /home/noelsdavid/airflow_venv/lib/python3.12/site-packages/airflow/example_dags/example_branch_labels.py
[2026-05-18T06:35:20.557+0000] {processor.py:914} INFO - Processing file /home/noelsdavid/airflow_venv/lib/python3.12/site-packages/airflow/example_dags/example_branch_labels.py for tasks to queue
[2026-05-18T06:35:20.559+0000] {logging_mixin.py:190} INFO - [2026-05-18T06:35:20.558+0000] {dagbag.py:588} INFO - Filling up the DagBag from /home/noelsdavid/airflow_venv/lib/python3.12/site-packages/airflow/example_dags/example_branch_labels.py
[2026-05-18T06:35:20.574+0000] {processor.py:925} INFO - DAG(s) 'example_branch_labels' retrieved from /home/noelsdavid/airflow_venv/lib/python3.12/site-packages/airflow/example_dags/example_branch_labels.py
[2026-05-18T06:35:20.597+0000] {logging_mixin.py:190} INFO - [2026-05-18T06:35:20.596+0000] {dag.py:3239} INFO - Sync 1 DAGs
[2026-05-18T06:35:20.628+0000] {logging_mixin.py:190} INFO - [2026-05-18T06:35:20.628+0000] {dag.py:4180} INFO - Setting next_dagrun for example_branch_labels to 2026-05-17 00:00:00+00:00, run_after=2026-05-18 00:00:00+00:00
[2026-05-18T06:35:20.658+0000] {processor.py:208} INFO - Processing /home/noelsdavid/airflow_venv/lib/python3.12/site-packages/airflow/example_dags/example_branch_labels.py took 0.111 seconds
[2026-05-18T06:36:24.757+0000] {processor.py:186} INFO - Started process (PID=10518) to work on /home/noelsdavid/airflow_venv/lib/python3.12/site-packages/airflow/example_dags/example_branch_labels.py
[2026-05-18T06:36:24.760+0000] {processor.py:914} INFO - Processing file /home/noelsdavid/airflow_venv/lib/python3.12/site-packages/airflow/example_dags/example_branch_labels.py for tasks to queue
[2026-05-18T06:36:24.762+0000] {logging_mixin.py:190} INFO - [2026-05-18T06:36:24.761+0000] {dagbag.py:588} INFO - Filling up the DagBag from /home/noelsdavid/airflow_venv/lib/python3.12/site-packages/airflow/example_dags/example_branch_labels.py
[2026-05-18T06:36:24.776+0000] {processor.py:925} INFO - DAG(s) 'example_branch_labels' retrieved from /home/noelsdavid/airflow_venv/lib/python3.12/site-packages/airflow/example_dags/example_branch_labels.py
[2026-05-18T06:36:24.798+0000] {logging_mixin.py:190} INFO - [2026-05-18T06:36:24.798+0000] {dag.py:3239} INFO - Sync 1 DAGs
[2026-05-18T06:36:24.827+0000] {logging_mixin.py:190} INFO - [2026-05-18T06:36:24.827+0000] {dag.py:4180} INFO - Setting next_dagrun for example_branch_labels to 2026-05-17 00:00:00+00:00, run_after=2026-05-18 00:00:00+00:00
[2026-05-18T06:36:24.856+0000] {processor.py:208} INFO - Processing /home/noelsdavid/airflow_venv/lib/python3.12/site-packages/airflow/example_dags/example_branch_labels.py took 0.108 seconds
[2026-05-18T06:37:26.217+0000] {processor.py:186} INFO - Started process (PID=10839) to work on /home/noelsdavid/airflow_venv/lib/python3.12/site-packages/airflow/example_dags/example_branch_labels.py
[2026-05-18T06:37:26.220+0000] {processor.py:914} INFO - Processing file /home/noelsdavid/airflow_venv/lib/python3.12/site-packages/airflow/example_dags/example_branch_labels.py for tasks to queue
[2026-05-18T06:37:26.222+0000] {logging_mixin.py:190} INFO - [2026-05-18T06:37:26.221+0000] {dagbag.py:588} INFO - Filling up the DagBag from /home/noelsdavid/airflow_venv/lib/python3.12/site-packages/airflow/example_dags/example_branch_labels.py
[2026-05-18T06:37:26.235+0000] {processor.py:925} INFO - DAG(s) 'example_branch_labels' retrieved from /home/noelsdavid/airflow_venv/lib/python3.12/site-packages/airflow/example_dags/example_branch_labels.py
[2026-05-18T06:37:26.259+0000] {logging_mixin.py:190} INFO - [2026-05-18T06:37:26.259+0000] {dag.py:3239} INFO - Sync 1 DAGs
[2026-05-18T06:37:26.287+0000] {logging_mixin.py:190} INFO - [2026-05-18T06:37:26.286+0000] {dag.py:4180} INFO - Setting next_dagrun for example_branch_labels to 2026-05-17 00:00:00+00:00, run_after=2026-05-18 00:00:00+00:00
[2026-05-18T06:37:26.320+0000] {processor.py:208} INFO - Processing /home/noelsdavid/airflow_venv/lib/python3.12/site-packages/airflow/example_dags/example_branch_labels.py took 0.111 seconds
[2026-05-18T06:38:32.432+0000] {processor.py:186} INFO - Started process (PID=11067) to work on /home/noelsdavid/airflow_venv/lib/python3.12/site-packages/airflow/example_dags/example_branch_labels.py
[2026-05-18T06:38:32.434+0000] {processor.py:914} INFO - Processing file /home/noelsdavid/airflow_venv/lib/python3.12/site-packages/airflow/example_dags/example_branch_labels.py for tasks to queue
[2026-05-18T06:38:32.436+0000] {logging_mixin.py:190} INFO - [2026-05-18T06:38:32.435+0000] {dagbag.py:588} INFO - Filling up the DagBag from /home/noelsdavid/airflow_venv/lib/python3.12/site-packages/airflow/example_dags/example_branch_labels.py
[2026-05-18T06:38:32.450+0000] {processor.py:925} INFO - DAG(s) 'example_branch_labels' retrieved from /home/noelsdavid/airflow_venv/lib/python3.12/site-packages/airflow/example_dags/example_branch_labels.py
[2026-05-18T06:38:32.473+0000] {logging_mixin.py:190} INFO - [2026-05-18T06:38:32.473+0000] {dag.py:3239} INFO - Sync 1 DAGs
[2026-05-18T06:38:32.501+0000] {logging_mixin.py:190} INFO - [2026-05-18T06:38:32.500+0000] {dag.py:4180} INFO - Setting next_dagrun for example_branch_labels to 2026-05-17 00:00:00+00:00, run_after=2026-05-18 00:00:00+00:00
[2026-05-18T06:38:32.532+0000] {processor.py:208} INFO - Processing /home/noelsdavid/airflow_venv/lib/python3.12/site-packages/airflow/example_dags/example_branch_labels.py took 0.107 seconds
[2026-05-18T06:39:36.743+0000] {processor.py:186} INFO - Started process (PID=11292) to work on /home/noelsdavid/airflow_venv/lib/python3.12/site-packages/airflow/example_dags/example_branch_labels.py
[2026-05-18T06:39:36.746+0000] {processor.py:914} INFO - Processing file /home/noelsdavid/airflow_venv/lib/python3.12/site-packages/airflow/example_dags/example_branch_labels.py for tasks to queue
[2026-05-18T06:39:36.748+0000] {logging_mixin.py:190} INFO - [2026-05-18T06:39:36.747+0000] {dagbag.py:588} INFO - Filling up the DagBag from /home/noelsdavid/airflow_venv/lib/python3.12/site-packages/airflow/example_dags/example_branch_labels.py
[2026-05-18T06:39:36.762+0000] {processor.py:925} INFO - DAG(s) 'example_branch_labels' retrieved from /home/noelsdavid/airflow_venv/lib/python3.12/site-packages/airflow/example_dags/example_branch_labels.py
[2026-05-18T06:39:36.786+0000] {logging_mixin.py:190} INFO - [2026-05-18T06:39:36.786+0000] {dag.py:3239} INFO - Sync 1 DAGs
[2026-05-18T06:39:36.816+0000] {logging_mixin.py:190} INFO - [2026-05-18T06:39:36.816+0000] {dag.py:4180} INFO - Setting next_dagrun for example_branch_labels to 2026-05-17 00:00:00+00:00, run_after=2026-05-18 00:00:00+00:00
[2026-05-18T06:39:36.850+0000] {processor.py:208} INFO - Processing /home/noelsdavid/airflow_venv/lib/python3.12/site-packages/airflow/example_dags/example_branch_labels.py took 0.116 seconds
[2026-05-18T06:40:47.686+0000] {processor.py:186} INFO - Started process (PID=11604) to work on /home/noelsdavid/airflow_venv/lib/python3.12/site-packages/airflow/example_dags/example_branch_labels.py
[2026-05-18T06:40:47.690+0000] {processor.py:914} INFO - Processing file /home/noelsdavid/airflow_venv/lib/python3.12/site-packages/airflow/example_dags/example_branch_labels.py for tasks to queue
[2026-05-18T06:40:47.693+0000] {logging_mixin.py:190} INFO - [2026-05-18T06:40:47.693+0000] {dagbag.py:588} INFO - Filling up the DagBag from /home/noelsdavid/airflow_venv/lib/python3.12/site-packages/airflow/example_dags/example_branch_labels.py
[2026-05-18T06:40:47.709+0000] {processor.py:925} INFO - DAG(s) 'example_branch_labels' retrieved from /home/noelsdavid/airflow_venv/lib/python3.12/site-packages/airflow/example_dags/example_branch_labels.py
[2026-05-18T06:40:47.735+0000] {logging_mixin.py:190} INFO - [2026-05-18T06:40:47.735+0000] {dag.py:3239} INFO - Sync 1 DAGs
[2026-05-18T06:40:47.768+0000] {logging_mixin.py:190} INFO - [2026-05-18T06:40:47.768+0000] {dag.py:4180} INFO - Setting next_dagrun for example_branch_labels to 2026-05-17 00:00:00+00:00, run_after=2026-05-18 00:00:00+00:00
[2026-05-18T06:40:47.811+0000] {processor.py:208} INFO - Processing /home/noelsdavid/airflow_venv/lib/python3.12/site-packages/airflow/example_dags/example_branch_labels.py took 0.135 seconds
[2026-05-18T06:42:00.477+0000] {processor.py:186} INFO - Started process (PID=12284) to work on /home/noelsdavid/airflow_venv/lib/python3.12/site-packages/airflow/example_dags/example_branch_labels.py
[2026-05-18T06:42:00.480+0000] {processor.py:914} INFO - Processing file /home/noelsdavid/airflow_venv/lib/python3.12/site-packages/airflow/example_dags/example_branch_labels.py for tasks to queue
[2026-05-18T06:42:00.482+0000] {logging_mixin.py:190} INFO - [2026-05-18T06:42:00.482+0000] {dagbag.py:588} INFO - Filling up the DagBag from /home/noelsdavid/airflow_venv/lib/python3.12/site-packages/airflow/example_dags/example_branch_labels.py
[2026-05-18T06:42:00.497+0000] {processor.py:925} INFO - DAG(s) 'example_branch_labels' retrieved from /home/noelsdavid/airflow_venv/lib/python3.12/site-packages/airflow/example_dags/example_branch_labels.py
[2026-05-18T06:42:00.523+0000] {logging_mixin.py:190} INFO - [2026-05-18T06:42:00.522+0000] {dag.py:3239} INFO - Sync 1 DAGs
[2026-05-18T06:42:00.551+0000] {logging_mixin.py:190} INFO - [2026-05-18T06:42:00.551+0000] {dag.py:4180} INFO - Setting next_dagrun for example_branch_labels to 2026-05-17 00:00:00+00:00, run_after=2026-05-18 00:00:00+00:00
[2026-05-18T06:42:00.589+0000] {processor.py:208} INFO - Processing /home/noelsdavid/airflow_venv/lib/python3.12/site-packages/airflow/example_dags/example_branch_labels.py took 0.120 seconds
[2026-05-18T06:43:13.404+0000] {processor.py:186} INFO - Started process (PID=12655) to work on /home/noelsdavid/airflow_venv/lib/python3.12/site-packages/airflow/example_dags/example_branch_labels.py
[2026-05-18T06:43:13.406+0000] {processor.py:914} INFO - Processing file /home/noelsdavid/airflow_venv/lib/python3.12/site-packages/airflow/example_dags/example_branch_labels.py for tasks to queue
[2026-05-18T06:43:13.410+0000] {logging_mixin.py:190} INFO - [2026-05-18T06:43:13.408+0000] {dagbag.py:588} INFO - Filling up the DagBag from /home/noelsdavid/airflow_venv/lib/python3.12/site-packages/airflow/example_dags/example_branch_labels.py
[2026-05-18T06:43:13.425+0000] {processor.py:925} INFO - DAG(s) 'example_branch_labels' retrieved from /home/noelsdavid/airflow_venv/lib/python3.12/site-packages/airflow/example_dags/example_branch_labels.py
[2026-05-18T06:43:13.449+0000] {logging_mixin.py:190} INFO - [2026-05-18T06:43:13.448+0000] {dag.py:3239} INFO - Sync 1 DAGs
[2026-05-18T06:43:13.476+0000] {logging_mixin.py:190} INFO - [2026-05-18T06:43:13.476+0000] {dag.py:4180} INFO - Setting next_dagrun for example_branch_labels to 2026-05-17 00:00:00+00:00, run_after=2026-05-18 00:00:00+00:00
[2026-05-18T06:43:13.508+0000] {processor.py:208} INFO - Processing /home/noelsdavid/airflow_venv/lib/python3.12/site-packages/airflow/example_dags/example_branch_labels.py took 0.115 seconds
[2026-05-18T06:44:51.210+0000] {processor.py:186} INFO - Started process (PID=13065) to work on /home/noelsdavid/airflow_venv/lib/python3.12/site-packages/airflow/example_dags/example_branch_labels.py
[2026-05-18T06:44:51.214+0000] {processor.py:914} INFO - Processing file /home/noelsdavid/airflow_venv/lib/python3.12/site-packages/airflow/example_dags/example_branch_labels.py for tasks to queue
[2026-05-18T06:44:51.217+0000] {logging_mixin.py:190} INFO - [2026-05-18T06:44:51.216+0000] {dagbag.py:588} INFO - Filling up the DagBag from /home/noelsdavid/airflow_venv/lib/python3.12/site-packages/airflow/example_dags/example_branch_labels.py
[2026-05-18T06:44:51.235+0000] {processor.py:925} INFO - DAG(s) 'example_branch_labels' retrieved from /home/noelsdavid/airflow_venv/lib/python3.12/site-packages/airflow/example_dags/example_branch_labels.py
[2026-05-18T06:44:51.265+0000] {logging_mixin.py:190} INFO - [2026-05-18T06:44:51.265+0000] {dag.py:3239} INFO - Sync 1 DAGs
[2026-05-18T06:44:51.303+0000] {logging_mixin.py:190} INFO - [2026-05-18T06:44:51.302+0000] {dag.py:4180} INFO - Setting next_dagrun for example_branch_labels to 2026-05-17 00:00:00+00:00, run_after=2026-05-18 00:00:00+00:00
[2026-05-18T06:44:51.363+0000] {processor.py:208} INFO - Processing /home/noelsdavid/airflow_venv/lib/python3.12/site-packages/airflow/example_dags/example_branch_labels.py took 0.165 seconds
[2026-05-18T06:46:03.596+0000] {processor.py:186} INFO - Started process (PID=13167) to work on /home/noelsdavid/airflow_venv/lib/python3.12/site-packages/airflow/example_dags/example_branch_labels.py
[2026-05-18T06:46:03.598+0000] {processor.py:914} INFO - Processing file /home/noelsdavid/airflow_venv/lib/python3.12/site-packages/airflow/example_dags/example_branch_labels.py for tasks to queue
[2026-05-18T06:46:03.601+0000] {logging_mixin.py:190} INFO - [2026-05-18T06:46:03.600+0000] {dagbag.py:588} INFO - Filling up the DagBag from /home/noelsdavid/airflow_venv/lib/python3.12/site-packages/airflow/example_dags/example_branch_labels.py
[2026-05-18T06:46:03.615+0000] {processor.py:925} INFO - DAG(s) 'example_branch_labels' retrieved from /home/noelsdavid/airflow_venv/lib/python3.12/site-packages/airflow/example_dags/example_branch_labels.py
[2026-05-18T06:46:03.639+0000] {logging_mixin.py:190} INFO - [2026-05-18T06:46:03.638+0000] {dag.py:3239} INFO - Sync 1 DAGs
[2026-05-18T06:46:03.670+0000] {logging_mixin.py:190} INFO - [2026-05-18T06:46:03.670+0000] {dag.py:4180} INFO - Setting next_dagrun for example_branch_labels to 2026-05-17 00:00:00+00:00, run_after=2026-05-18 00:00:00+00:00
[2026-05-18T06:46:03.702+0000] {processor.py:208} INFO - Processing /home/noelsdavid/airflow_venv/lib/python3.12/site-packages/airflow/example_dags/example_branch_labels.py took 0.115 seconds
[2026-05-18T06:47:12.256+0000] {processor.py:186} INFO - Started process (PID=13244) to work on /home/noelsdavid/airflow_venv/lib/python3.12/site-packages/airflow/example_dags/example_branch_labels.py
[2026-05-18T06:47:12.269+0000] {processor.py:914} INFO - Processing file /home/noelsdavid/airflow_venv/lib/python3.12/site-packages/airflow/example_dags/example_branch_labels.py for tasks to queue
[2026-05-18T06:47:12.272+0000] {logging_mixin.py:190} INFO - [2026-05-18T06:47:12.270+0000] {dagbag.py:588} INFO - Filling up the DagBag from /home/noelsdavid/airflow_venv/lib/python3.12/site-packages/airflow/example_dags/example_branch_labels.py
[2026-05-18T06:47:12.286+0000] {processor.py:925} INFO - DAG(s) 'example_branch_labels' retrieved from /home/noelsdavid/airflow_venv/lib/python3.12/site-packages/airflow/example_dags/example_branch_labels.py
[2026-05-18T06:47:12.308+0000] {logging_mixin.py:190} INFO - [2026-05-18T06:47:12.308+0000] {dag.py:3239} INFO - Sync 1 DAGs
[2026-05-18T06:47:12.338+0000] {logging_mixin.py:190} INFO - [2026-05-18T06:47:12.338+0000] {dag.py:4180} INFO - Setting next_dagrun for example_branch_labels to 2026-05-17 00:00:00+00:00, run_after=2026-05-18 00:00:00+00:00
[2026-05-18T06:47:12.370+0000] {processor.py:208} INFO - Processing /home/noelsdavid/airflow_venv/lib/python3.12/site-packages/airflow/example_dags/example_branch_labels.py took 0.126 seconds
[2026-05-18T06:48:17.531+0000] {processor.py:186} INFO - Started process (PID=13316) to work on /home/noelsdavid/airflow_venv/lib/python3.12/site-packages/airflow/example_dags/example_branch_labels.py
[2026-05-18T06:48:17.534+0000] {processor.py:914} INFO - Processing file /home/noelsdavid/airflow_venv/lib/python3.12/site-packages/airflow/example_dags/example_branch_labels.py for tasks to queue
[2026-05-18T06:48:17.536+0000] {logging_mixin.py:190} INFO - [2026-05-18T06:48:17.535+0000] {dagbag.py:588} INFO - Filling up the DagBag from /home/noelsdavid/airflow_venv/lib/python3.12/site-packages/airflow/example_dags/example_branch_labels.py
[2026-05-18T06:48:17.550+0000] {processor.py:925} INFO - DAG(s) 'example_branch_labels' retrieved from /home/noelsdavid/airflow_venv/lib/python3.12/site-packages/airflow/example_dags/example_branch_labels.py
[2026-05-18T06:48:17.572+0000] {logging_mixin.py:190} INFO - [2026-05-18T06:48:17.572+0000] {dag.py:3239} INFO - Sync 1 DAGs
[2026-05-18T06:48:17.599+0000] {logging_mixin.py:190} INFO - [2026-05-18T06:48:17.598+0000] {dag.py:4180} INFO - Setting next_dagrun for example_branch_labels to 2026-05-17 00:00:00+00:00, run_after=2026-05-18 00:00:00+00:00
[2026-05-18T06:48:17.628+0000] {processor.py:208} INFO - Processing /home/noelsdavid/airflow_venv/lib/python3.12/site-packages/airflow/example_dags/example_branch_labels.py took 0.106 seconds
[2026-05-18T06:49:23.001+0000] {processor.py:186} INFO - Started process (PID=13390) to work on /home/noelsdavid/airflow_venv/lib/python3.12/site-packages/airflow/example_dags/example_branch_labels.py
[2026-05-18T06:49:23.003+0000] {processor.py:914} INFO - Processing file /home/noelsdavid/airflow_venv/lib/python3.12/site-packages/airflow/example_dags/example_branch_labels.py for tasks to queue
[2026-05-18T06:49:23.006+0000] {logging_mixin.py:190} INFO - [2026-05-18T06:49:23.004+0000] {dagbag.py:588} INFO - Filling up the DagBag from /home/noelsdavid/airflow_venv/lib/python3.12/site-packages/airflow/example_dags/example_branch_labels.py
[2026-05-18T06:49:23.019+0000] {processor.py:925} INFO - DAG(s) 'example_branch_labels' retrieved from /home/noelsdavid/airflow_venv/lib/python3.12/site-packages/airflow/example_dags/example_branch_labels.py
[2026-05-18T06:49:23.042+0000] {logging_mixin.py:190} INFO - [2026-05-18T06:49:23.042+0000] {dag.py:3239} INFO - Sync 1 DAGs
[2026-05-18T06:49:23.070+0000] {logging_mixin.py:190} INFO - [2026-05-18T06:49:23.070+0000] {dag.py:4180} INFO - Setting next_dagrun for example_branch_labels to 2026-05-17 00:00:00+00:00, run_after=2026-05-18 00:00:00+00:00
[2026-05-18T06:49:23.099+0000] {processor.py:208} INFO - Processing /home/noelsdavid/airflow_venv/lib/python3.12/site-packages/airflow/example_dags/example_branch_labels.py took 0.108 seconds
[2026-05-18T06:50:30.145+0000] {processor.py:186} INFO - Started process (PID=13959) to work on /home/noelsdavid/airflow_venv/lib/python3.12/site-packages/airflow/example_dags/example_branch_labels.py
[2026-05-18T06:50:30.148+0000] {processor.py:914} INFO - Processing file /home/noelsdavid/airflow_venv/lib/python3.12/site-packages/airflow/example_dags/example_branch_labels.py for tasks to queue
[2026-05-18T06:50:30.151+0000] {logging_mixin.py:190} INFO - [2026-05-18T06:50:30.149+0000] {dagbag.py:588} INFO - Filling up the DagBag from /home/noelsdavid/airflow_venv/lib/python3.12/site-packages/airflow/example_dags/example_branch_labels.py
[2026-05-18T06:50:30.165+0000] {processor.py:925} INFO - DAG(s) 'example_branch_labels' retrieved from /home/noelsdavid/airflow_venv/lib/python3.12/site-packages/airflow/example_dags/example_branch_labels.py
[2026-05-18T06:50:30.189+0000] {logging_mixin.py:190} INFO - [2026-05-18T06:50:30.188+0000] {dag.py:3239} INFO - Sync 1 DAGs
[2026-05-18T06:50:30.217+0000] {logging_mixin.py:190} INFO - [2026-05-18T06:50:30.217+0000] {dag.py:4180} INFO - Setting next_dagrun for example_branch_labels to 2026-05-17 00:00:00+00:00, run_after=2026-05-18 00:00:00+00:00
[2026-05-18T06:50:30.248+0000] {processor.py:208} INFO - Processing /home/noelsdavid/airflow_venv/lib/python3.12/site-packages/airflow/example_dags/example_branch_labels.py took 0.114 seconds
[2026-05-18T06:51:43.169+0000] {processor.py:186} INFO - Started process (PID=14271) to work on /home/noelsdavid/airflow_venv/lib/python3.12/site-packages/airflow/example_dags/example_branch_labels.py
[2026-05-18T06:51:43.172+0000] {processor.py:914} INFO - Processing file /home/noelsdavid/airflow_venv/lib/python3.12/site-packages/airflow/example_dags/example_branch_labels.py for tasks to queue
[2026-05-18T06:51:43.175+0000] {logging_mixin.py:190} INFO - [2026-05-18T06:51:43.174+0000] {dagbag.py:588} INFO - Filling up the DagBag from /home/noelsdavid/airflow_venv/lib/python3.12/site-packages/airflow/example_dags/example_branch_labels.py
[2026-05-18T06:51:43.193+0000] {processor.py:925} INFO - DAG(s) 'example_branch_labels' retrieved from /home/noelsdavid/airflow_venv/lib/python3.12/site-packages/airflow/example_dags/example_branch_labels.py
[2026-05-18T06:51:43.217+0000] {logging_mixin.py:190} INFO - [2026-05-18T06:51:43.217+0000] {dag.py:3239} INFO - Sync 1 DAGs
[2026-05-18T06:51:43.251+0000] {logging_mixin.py:190} INFO - [2026-05-18T06:51:43.250+0000] {dag.py:4180} INFO - Setting next_dagrun for example_branch_labels to 2026-05-17 00:00:00+00:00, run_after=2026-05-18 00:00:00+00:00
[2026-05-18T06:51:43.288+0000] {processor.py:208} INFO - Processing /home/noelsdavid/airflow_venv/lib/python3.12/site-packages/airflow/example_dags/example_branch_labels.py took 0.129 seconds
[2026-05-18T06:52:52.126+0000] {processor.py:186} INFO - Started process (PID=14547) to work on /home/noelsdavid/airflow_venv/lib/python3.12/site-packages/airflow/example_dags/example_branch_labels.py
[2026-05-18T06:52:52.129+0000] {processor.py:914} INFO - Processing file /home/noelsdavid/airflow_venv/lib/python3.12/site-packages/airflow/example_dags/example_branch_labels.py for tasks to queue
[2026-05-18T06:52:52.132+0000] {logging_mixin.py:190} INFO - [2026-05-18T06:52:52.131+0000] {dagbag.py:588} INFO - Filling up the DagBag from /home/noelsdavid/airflow_venv/lib/python3.12/site-packages/airflow/example_dags/example_branch_labels.py
[2026-05-18T06:52:52.146+0000] {processor.py:925} INFO - DAG(s) 'example_branch_labels' retrieved from /home/noelsdavid/airflow_venv/lib/python3.12/site-packages/airflow/example_dags/example_branch_labels.py
[2026-05-18T06:52:52.169+0000] {logging_mixin.py:190} INFO - [2026-05-18T06:52:52.168+0000] {dag.py:3239} INFO - Sync 1 DAGs
[2026-05-18T06:52:52.195+0000] {logging_mixin.py:190} INFO - [2026-05-18T06:52:52.195+0000] {dag.py:4180} INFO - Setting next_dagrun for example_branch_labels to 2026-05-17 00:00:00+00:00, run_after=2026-05-18 00:00:00+00:00
[2026-05-18T06:52:52.225+0000] {processor.py:208} INFO - Processing /home/noelsdavid/airflow_venv/lib/python3.12/site-packages/airflow/example_dags/example_branch_labels.py took 0.108 seconds
[2026-05-18T06:54:06.462+0000] {processor.py:186} INFO - Started process (PID=14895) to work on /home/noelsdavid/airflow_venv/lib/python3.12/site-packages/airflow/example_dags/example_branch_labels.py
[2026-05-18T06:54:06.465+0000] {processor.py:914} INFO - Processing file /home/noelsdavid/airflow_venv/lib/python3.12/site-packages/airflow/example_dags/example_branch_labels.py for tasks to queue
[2026-05-18T06:54:06.468+0000] {logging_mixin.py:190} INFO - [2026-05-18T06:54:06.468+0000] {dagbag.py:588} INFO - Filling up the DagBag from /home/noelsdavid/airflow_venv/lib/python3.12/site-packages/airflow/example_dags/example_branch_labels.py
[2026-05-18T06:54:06.486+0000] {processor.py:925} INFO - DAG(s) 'example_branch_labels' retrieved from /home/noelsdavid/airflow_venv/lib/python3.12/site-packages/airflow/example_dags/example_branch_labels.py
[2026-05-18T06:54:06.511+0000] {logging_mixin.py:190} INFO - [2026-05-18T06:54:06.510+0000] {dag.py:3239} INFO - Sync 1 DAGs
[2026-05-18T06:54:06.541+0000] {logging_mixin.py:190} INFO - [2026-05-18T06:54:06.541+0000] {dag.py:4180} INFO - Setting next_dagrun for example_branch_labels to 2026-05-17 00:00:00+00:00, run_after=2026-05-18 00:00:00+00:00
[2026-05-18T06:54:06.571+0000] {processor.py:208} INFO - Processing /home/noelsdavid/airflow_venv/lib/python3.12/site-packages/airflow/example_dags/example_branch_labels.py took 0.120 seconds
[2026-05-18T06:55:18.118+0000] {processor.py:186} INFO - Started process (PID=15073) to work on /home/noelsdavid/airflow_venv/lib/python3.12/site-packages/airflow/example_dags/example_branch_labels.py
[2026-05-18T06:55:18.120+0000] {processor.py:914} INFO - Processing file /home/noelsdavid/airflow_venv/lib/python3.12/site-packages/airflow/example_dags/example_branch_labels.py for tasks to queue
[2026-05-18T06:55:18.122+0000] {logging_mixin.py:190} INFO - [2026-05-18T06:55:18.121+0000] {dagbag.py:588} INFO - Filling up the DagBag from /home/noelsdavid/airflow_venv/lib/python3.12/site-packages/airflow/example_dags/example_branch_labels.py
[2026-05-18T06:55:18.137+0000] {processor.py:925} INFO - DAG(s) 'example_branch_labels' retrieved from /home/noelsdavid/airflow_venv/lib/python3.12/site-packages/airflow/example_dags/example_branch_labels.py
[2026-05-18T06:55:18.167+0000] {logging_mixin.py:190} INFO - [2026-05-18T06:55:18.166+0000] {dag.py:3239} INFO - Sync 1 DAGs
[2026-05-18T06:55:18.207+0000] {logging_mixin.py:190} INFO - [2026-05-18T06:55:18.207+0000] {dag.py:4180} INFO - Setting next_dagrun for example_branch_labels to 2026-05-17 00:00:00+00:00, run_after=2026-05-18 00:00:00+00:00
[2026-05-18T06:55:18.241+0000] {processor.py:208} INFO - Processing /home/noelsdavid/airflow_venv/lib/python3.12/site-packages/airflow/example_dags/example_branch_labels.py took 0.133 seconds
[2026-05-18T06:56:36.541+0000] {processor.py:186} INFO - Started process (PID=15409) to work on /home/noelsdavid/airflow_venv/lib/python3.12/site-packages/airflow/example_dags/example_branch_labels.py
[2026-05-18T06:56:36.544+0000] {processor.py:914} INFO - Processing file /home/noelsdavid/airflow_venv/lib/python3.12/site-packages/airflow/example_dags/example_branch_labels.py for tasks to queue
[2026-05-18T06:56:36.549+0000] {logging_mixin.py:190} INFO - [2026-05-18T06:56:36.547+0000] {dagbag.py:588} INFO - Filling up the DagBag from /home/noelsdavid/airflow_venv/lib/python3.12/site-packages/airflow/example_dags/example_branch_labels.py
[2026-05-18T06:56:36.579+0000] {processor.py:925} INFO - DAG(s) 'example_branch_labels' retrieved from /home/noelsdavid/airflow_venv/lib/python3.12/site-packages/airflow/example_dags/example_branch_labels.py
[2026-05-18T06:56:36.625+0000] {logging_mixin.py:190} INFO - [2026-05-18T06:56:36.624+0000] {dag.py:3239} INFO - Sync 1 DAGs
[2026-05-18T06:56:36.669+0000] {logging_mixin.py:190} INFO - [2026-05-18T06:56:36.669+0000] {dag.py:4180} INFO - Setting next_dagrun for example_branch_labels to 2026-05-17 00:00:00+00:00, run_after=2026-05-18 00:00:00+00:00
[2026-05-18T06:56:36.711+0000] {processor.py:208} INFO - Processing /home/noelsdavid/airflow_venv/lib/python3.12/site-packages/airflow/example_dags/example_branch_labels.py took 0.185 seconds
[2026-05-18T06:57:54.532+0000] {processor.py:186} INFO - Started process (PID=15571) to work on /home/noelsdavid/airflow_venv/lib/python3.12/site-packages/airflow/example_dags/example_branch_labels.py
[2026-05-18T06:57:54.536+0000] {processor.py:914} INFO - Processing file /home/noelsdavid/airflow_venv/lib/python3.12/site-packages/airflow/example_dags/example_branch_labels.py for tasks to queue
[2026-05-18T06:57:54.539+0000] {logging_mixin.py:190} INFO - [2026-05-18T06:57:54.538+0000] {dagbag.py:588} INFO - Filling up the DagBag from /home/noelsdavid/airflow_venv/lib/python3.12/site-packages/airflow/example_dags/example_branch_labels.py
[2026-05-18T06:57:54.555+0000] {processor.py:925} INFO - DAG(s) 'example_branch_labels' retrieved from /home/noelsdavid/airflow_venv/lib/python3.12/site-packages/airflow/example_dags/example_branch_labels.py
[2026-05-18T06:57:54.582+0000] {logging_mixin.py:190} INFO - [2026-05-18T06:57:54.581+0000] {dag.py:3239} INFO - Sync 1 DAGs
[2026-05-18T06:57:54.612+0000] {logging_mixin.py:190} INFO - [2026-05-18T06:57:54.611+0000] {dag.py:4180} INFO - Setting next_dagrun for example_branch_labels to 2026-05-17 00:00:00+00:00, run_after=2026-05-18 00:00:00+00:00
[2026-05-18T06:57:54.645+0000] {processor.py:208} INFO - Processing /home/noelsdavid/airflow_venv/lib/python3.12/site-packages/airflow/example_dags/example_branch_labels.py took 0.125 seconds
[2026-05-18T06:59:07.930+0000] {processor.py:186} INFO - Started process (PID=15822) to work on /home/noelsdavid/airflow_venv/lib/python3.12/site-packages/airflow/example_dags/example_branch_labels.py
[2026-05-18T06:59:07.933+0000] {processor.py:914} INFO - Processing file /home/noelsdavid/airflow_venv/lib/python3.12/site-packages/airflow/example_dags/example_branch_labels.py for tasks to queue
[2026-05-18T06:59:07.936+0000] {logging_mixin.py:190} INFO - [2026-05-18T06:59:07.935+0000] {dagbag.py:588} INFO - Filling up the DagBag from /home/noelsdavid/airflow_venv/lib/python3.12/site-packages/airflow/example_dags/example_branch_labels.py
[2026-05-18T06:59:07.957+0000] {processor.py:925} INFO - DAG(s) 'example_branch_labels' retrieved from /home/noelsdavid/airflow_venv/lib/python3.12/site-packages/airflow/example_dags/example_branch_labels.py
[2026-05-18T06:59:07.983+0000] {logging_mixin.py:190} INFO - [2026-05-18T06:59:07.983+0000] {dag.py:3239} INFO - Sync 1 DAGs
[2026-05-18T06:59:08.013+0000] {logging_mixin.py:190} INFO - [2026-05-18T06:59:08.013+0000] {dag.py:4180} INFO - Setting next_dagrun for example_branch_labels to 2026-05-17 00:00:00+00:00, run_after=2026-05-18 00:00:00+00:00
[2026-05-18T06:59:08.054+0000] {processor.py:208} INFO - Processing /home/noelsdavid/airflow_venv/lib/python3.12/site-packages/airflow/example_dags/example_branch_labels.py took 0.136 seconds
[2026-05-18T07:00:29.325+0000] {processor.py:186} INFO - Started process (PID=16181) to work on /home/noelsdavid/airflow_venv/lib/python3.12/site-packages/airflow/example_dags/example_branch_labels.py
[2026-05-18T07:00:29.328+0000] {processor.py:914} INFO - Processing file /home/noelsdavid/airflow_venv/lib/python3.12/site-packages/airflow/example_dags/example_branch_labels.py for tasks to queue
[2026-05-18T07:00:29.330+0000] {logging_mixin.py:190} INFO - [2026-05-18T07:00:29.329+0000] {dagbag.py:588} INFO - Filling up the DagBag from /home/noelsdavid/airflow_venv/lib/python3.12/site-packages/airflow/example_dags/example_branch_labels.py
[2026-05-18T07:00:29.345+0000] {processor.py:925} INFO - DAG(s) 'example_branch_labels' retrieved from /home/noelsdavid/airflow_venv/lib/python3.12/site-packages/airflow/example_dags/example_branch_labels.py
[2026-05-18T07:00:29.367+0000] {logging_mixin.py:190} INFO - [2026-05-18T07:00:29.367+0000] {dag.py:3239} INFO - Sync 1 DAGs
[2026-05-18T07:00:29.394+0000] {logging_mixin.py:190} INFO - [2026-05-18T07:00:29.393+0000] {dag.py:4180} INFO - Setting next_dagrun for example_branch_labels to 2026-05-17 00:00:00+00:00, run_after=2026-05-18 00:00:00+00:00
[2026-05-18T07:00:29.424+0000] {processor.py:208} INFO - Processing /home/noelsdavid/airflow_venv/lib/python3.12/site-packages/airflow/example_dags/example_branch_labels.py took 0.110 seconds
[2026-05-18T07:01:46.031+0000] {processor.py:186} INFO - Started process (PID=16430) to work on /home/noelsdavid/airflow_venv/lib/python3.12/site-packages/airflow/example_dags/example_branch_labels.py
[2026-05-18T07:01:46.045+0000] {processor.py:914} INFO - Processing file /home/noelsdavid/airflow_venv/lib/python3.12/site-packages/airflow/example_dags/example_branch_labels.py for tasks to queue
[2026-05-18T07:01:46.048+0000] {logging_mixin.py:190} INFO - [2026-05-18T07:01:46.047+0000] {dagbag.py:588} INFO - Filling up the DagBag from /home/noelsdavid/airflow_venv/lib/python3.12/site-packages/airflow/example_dags/example_branch_labels.py
[2026-05-18T07:01:46.063+0000] {processor.py:925} INFO - DAG(s) 'example_branch_labels' retrieved from /home/noelsdavid/airflow_venv/lib/python3.12/site-packages/airflow/example_dags/example_branch_labels.py
[2026-05-18T07:01:46.086+0000] {logging_mixin.py:190} INFO - [2026-05-18T07:01:46.086+0000] {dag.py:3239} INFO - Sync 1 DAGs
[2026-05-18T07:01:46.115+0000] {logging_mixin.py:190} INFO - [2026-05-18T07:01:46.114+0000] {dag.py:4180} INFO - Setting next_dagrun for example_branch_labels to 2026-05-17 00:00:00+00:00, run_after=2026-05-18 00:00:00+00:00
[2026-05-18T07:01:46.145+0000] {processor.py:208} INFO - Processing /home/noelsdavid/airflow_venv/lib/python3.12/site-packages/airflow/example_dags/example_branch_labels.py took 0.124 seconds
[2026-05-18T07:02:58.192+0000] {processor.py:186} INFO - Started process (PID=16508) to work on /home/noelsdavid/airflow_venv/lib/python3.12/site-packages/airflow/example_dags/example_branch_labels.py
[2026-05-18T07:02:58.206+0000] {processor.py:914} INFO - Processing file /home/noelsdavid/airflow_venv/lib/python3.12/site-packages/airflow/example_dags/example_branch_labels.py for tasks to queue
[2026-05-18T07:02:58.209+0000] {logging_mixin.py:190} INFO - [2026-05-18T07:02:58.208+0000] {dagbag.py:588} INFO - Filling up the DagBag from /home/noelsdavid/airflow_venv/lib/python3.12/site-packages/airflow/example_dags/example_branch_labels.py
[2026-05-18T07:02:58.223+0000] {processor.py:925} INFO - DAG(s) 'example_branch_labels' retrieved from /home/noelsdavid/airflow_venv/lib/python3.12/site-packages/airflow/example_dags/example_branch_labels.py
[2026-05-18T07:02:58.249+0000] {logging_mixin.py:190} INFO - [2026-05-18T07:02:58.248+0000] {dag.py:3239} INFO - Sync 1 DAGs
[2026-05-18T07:02:58.280+0000] {logging_mixin.py:190} INFO - [2026-05-18T07:02:58.279+0000] {dag.py:4180} INFO - Setting next_dagrun for example_branch_labels to 2026-05-17 00:00:00+00:00, run_after=2026-05-18 00:00:00+00:00
[2026-05-18T07:02:58.311+0000] {processor.py:208} INFO - Processing /home/noelsdavid/airflow_venv/lib/python3.12/site-packages/airflow/example_dags/example_branch_labels.py took 0.129 seconds
[2026-05-18T07:04:09.136+0000] {processor.py:186} INFO - Started process (PID=16586) to work on /home/noelsdavid/airflow_venv/lib/python3.12/site-packages/airflow/example_dags/example_branch_labels.py
[2026-05-18T07:04:09.138+0000] {processor.py:914} INFO - Processing file /home/noelsdavid/airflow_venv/lib/python3.12/site-packages/airflow/example_dags/example_branch_labels.py for tasks to queue
[2026-05-18T07:04:09.141+0000] {logging_mixin.py:190} INFO - [2026-05-18T07:04:09.140+0000] {dagbag.py:588} INFO - Filling up the DagBag from /home/noelsdavid/airflow_venv/lib/python3.12/site-packages/airflow/example_dags/example_branch_labels.py
[2026-05-18T07:04:09.156+0000] {processor.py:925} INFO - DAG(s) 'example_branch_labels' retrieved from /home/noelsdavid/airflow_venv/lib/python3.12/site-packages/airflow/example_dags/example_branch_labels.py
[2026-05-18T07:04:09.180+0000] {logging_mixin.py:190} INFO - [2026-05-18T07:04:09.180+0000] {dag.py:3239} INFO - Sync 1 DAGs
[2026-05-18T07:04:09.210+0000] {logging_mixin.py:190} INFO - [2026-05-18T07:04:09.209+0000] {dag.py:4180} INFO - Setting next_dagrun for example_branch_labels to 2026-05-17 00:00:00+00:00, run_after=2026-05-18 00:00:00+00:00
[2026-05-18T07:04:09.241+0000] {processor.py:208} INFO - Processing /home/noelsdavid/airflow_venv/lib/python3.12/site-packages/airflow/example_dags/example_branch_labels.py took 0.114 seconds
[2026-05-18T07:05:18.354+0000] {processor.py:186} INFO - Started process (PID=16687) to work on /home/noelsdavid/airflow_venv/lib/python3.12/site-packages/airflow/example_dags/example_branch_labels.py
[2026-05-18T07:05:18.367+0000] {processor.py:914} INFO - Processing file /home/noelsdavid/airflow_venv/lib/python3.12/site-packages/airflow/example_dags/example_branch_labels.py for tasks to queue
[2026-05-18T07:05:18.369+0000] {logging_mixin.py:190} INFO - [2026-05-18T07:05:18.369+0000] {dagbag.py:588} INFO - Filling up the DagBag from /home/noelsdavid/airflow_venv/lib/python3.12/site-packages/airflow/example_dags/example_branch_labels.py
[2026-05-18T07:05:18.384+0000] {processor.py:925} INFO - DAG(s) 'example_branch_labels' retrieved from /home/noelsdavid/airflow_venv/lib/python3.12/site-packages/airflow/example_dags/example_branch_labels.py
[2026-05-18T07:05:18.408+0000] {logging_mixin.py:190} INFO - [2026-05-18T07:05:18.408+0000] {dag.py:3239} INFO - Sync 1 DAGs
[2026-05-18T07:05:18.437+0000] {logging_mixin.py:190} INFO - [2026-05-18T07:05:18.437+0000] {dag.py:4180} INFO - Setting next_dagrun for example_branch_labels to 2026-05-17 00:00:00+00:00, run_after=2026-05-18 00:00:00+00:00
[2026-05-18T07:05:18.472+0000] {processor.py:208} INFO - Processing /home/noelsdavid/airflow_venv/lib/python3.12/site-packages/airflow/example_dags/example_branch_labels.py took 0.128 seconds
[2026-05-18T07:06:36.691+0000] {processor.py:186} INFO - Started process (PID=16768) to work on /home/noelsdavid/airflow_venv/lib/python3.12/site-packages/airflow/example_dags/example_branch_labels.py
[2026-05-18T07:06:36.694+0000] {processor.py:914} INFO - Processing file /home/noelsdavid/airflow_venv/lib/python3.12/site-packages/airflow/example_dags/example_branch_labels.py for tasks to queue
[2026-05-18T07:06:36.697+0000] {logging_mixin.py:190} INFO - [2026-05-18T07:06:36.696+0000] {dagbag.py:588} INFO - Filling up the DagBag from /home/noelsdavid/airflow_venv/lib/python3.12/site-packages/airflow/example_dags/example_branch_labels.py
[2026-05-18T07:06:36.711+0000] {processor.py:925} INFO - DAG(s) 'example_branch_labels' retrieved from /home/noelsdavid/airflow_venv/lib/python3.12/site-packages/airflow/example_dags/example_branch_labels.py
[2026-05-18T07:06:36.735+0000] {logging_mixin.py:190} INFO - [2026-05-18T07:06:36.735+0000] {dag.py:3239} INFO - Sync 1 DAGs
[2026-05-18T07:06:36.763+0000] {logging_mixin.py:190} INFO - [2026-05-18T07:06:36.763+0000] {dag.py:4180} INFO - Setting next_dagrun for example_branch_labels to 2026-05-17 00:00:00+00:00, run_after=2026-05-18 00:00:00+00:00
[2026-05-18T07:06:36.794+0000] {processor.py:208} INFO - Processing /home/noelsdavid/airflow_venv/lib/python3.12/site-packages/airflow/example_dags/example_branch_labels.py took 0.112 seconds
[2026-05-18T07:07:55.903+0000] {processor.py:186} INFO - Started process (PID=16848) to work on /home/noelsdavid/airflow_venv/lib/python3.12/site-packages/airflow/example_dags/example_branch_labels.py
[2026-05-18T07:07:55.917+0000] {processor.py:914} INFO - Processing file /home/noelsdavid/airflow_venv/lib/python3.12/site-packages/airflow/example_dags/example_branch_labels.py for tasks to queue
[2026-05-18T07:07:55.920+0000] {logging_mixin.py:190} INFO - [2026-05-18T07:07:55.919+0000] {dagbag.py:588} INFO - Filling up the DagBag from /home/noelsdavid/airflow_venv/lib/python3.12/site-packages/airflow/example_dags/example_branch_labels.py
[2026-05-18T07:07:55.935+0000] {processor.py:925} INFO - DAG(s) 'example_branch_labels' retrieved from /home/noelsdavid/airflow_venv/lib/python3.12/site-packages/airflow/example_dags/example_branch_labels.py
[2026-05-18T07:07:55.963+0000] {logging_mixin.py:190} INFO - [2026-05-18T07:07:55.962+0000] {dag.py:3239} INFO - Sync 1 DAGs
[2026-05-18T07:07:55.996+0000] {logging_mixin.py:190} INFO - [2026-05-18T07:07:55.996+0000] {dag.py:4180} INFO - Setting next_dagrun for example_branch_labels to 2026-05-17 00:00:00+00:00, run_after=2026-05-18 00:00:00+00:00
[2026-05-18T07:07:56.035+0000] {processor.py:208} INFO - Processing /home/noelsdavid/airflow_venv/lib/python3.12/site-packages/airflow/example_dags/example_branch_labels.py took 0.143 seconds
[2026-05-18T07:09:17.252+0000] {processor.py:186} INFO - Started process (PID=16930) to work on /home/noelsdavid/airflow_venv/lib/python3.12/site-packages/airflow/example_dags/example_branch_labels.py
[2026-05-18T07:09:17.254+0000] {processor.py:914} INFO - Processing file /home/noelsdavid/airflow_venv/lib/python3.12/site-packages/airflow/example_dags/example_branch_labels.py for tasks to queue
[2026-05-18T07:09:17.437+0000] {logging_mixin.py:190} INFO - [2026-05-18T07:09:17.436+0000] {dagbag.py:588} INFO - Filling up the DagBag from /home/noelsdavid/airflow_venv/lib/python3.12/site-packages/airflow/example_dags/example_branch_labels.py
[2026-05-18T07:09:17.447+0000] {processor.py:925} INFO - DAG(s) 'example_branch_labels' retrieved from /home/noelsdavid/airflow_venv/lib/python3.12/site-packages/airflow/example_dags/example_branch_labels.py
[2026-05-18T07:09:17.465+0000] {logging_mixin.py:190} INFO - [2026-05-18T07:09:17.465+0000] {dag.py:3239} INFO - Sync 1 DAGs
[2026-05-18T07:09:17.491+0000] {logging_mixin.py:190} INFO - [2026-05-18T07:09:17.491+0000] {dag.py:4180} INFO - Setting next_dagrun for example_branch_labels to 2026-05-17 00:00:00+00:00, run_after=2026-05-18 00:00:00+00:00
[2026-05-18T07:09:17.523+0000] {processor.py:208} INFO - Processing /home/noelsdavid/airflow_venv/lib/python3.12/site-packages/airflow/example_dags/example_branch_labels.py took 0.281 seconds
[2026-05-18T07:10:38.532+0000] {processor.py:186} INFO - Started process (PID=17040) to work on /home/noelsdavid/airflow_venv/lib/python3.12/site-packages/airflow/example_dags/example_branch_labels.py
[2026-05-18T07:10:38.534+0000] {processor.py:914} INFO - Processing file /home/noelsdavid/airflow_venv/lib/python3.12/site-packages/airflow/example_dags/example_branch_labels.py for tasks to queue
[2026-05-18T07:10:38.537+0000] {logging_mixin.py:190} INFO - [2026-05-18T07:10:38.536+0000] {dagbag.py:588} INFO - Filling up the DagBag from /home/noelsdavid/airflow_venv/lib/python3.12/site-packages/airflow/example_dags/example_branch_labels.py
[2026-05-18T07:10:38.554+0000] {processor.py:925} INFO - DAG(s) 'example_branch_labels' retrieved from /home/noelsdavid/airflow_venv/lib/python3.12/site-packages/airflow/example_dags/example_branch_labels.py
[2026-05-18T07:10:38.585+0000] {logging_mixin.py:190} INFO - [2026-05-18T07:10:38.584+0000] {dag.py:3239} INFO - Sync 1 DAGs
[2026-05-18T07:10:38.624+0000] {logging_mixin.py:190} INFO - [2026-05-18T07:10:38.624+0000] {dag.py:4180} INFO - Setting next_dagrun for example_branch_labels to 2026-05-17 00:00:00+00:00, run_after=2026-05-18 00:00:00+00:00
[2026-05-18T07:10:38.663+0000] {processor.py:208} INFO - Processing /home/noelsdavid/airflow_venv/lib/python3.12/site-packages/airflow/example_dags/example_branch_labels.py took 0.141 seconds
[2026-05-18T07:11:51.979+0000] {processor.py:186} INFO - Started process (PID=17119) to work on /home/noelsdavid/airflow_venv/lib/python3.12/site-packages/airflow/example_dags/example_branch_labels.py
[2026-05-18T07:11:51.982+0000] {processor.py:914} INFO - Processing file /home/noelsdavid/airflow_venv/lib/python3.12/site-packages/airflow/example_dags/example_branch_labels.py for tasks to queue
[2026-05-18T07:11:51.985+0000] {logging_mixin.py:190} INFO - [2026-05-18T07:11:51.984+0000] {dagbag.py:588} INFO - Filling up the DagBag from /home/noelsdavid/airflow_venv/lib/python3.12/site-packages/airflow/example_dags/example_branch_labels.py
[2026-05-18T07:11:52.000+0000] {processor.py:925} INFO - DAG(s) 'example_branch_labels' retrieved from /home/noelsdavid/airflow_venv/lib/python3.12/site-packages/airflow/example_dags/example_branch_labels.py
[2026-05-18T07:11:52.023+0000] {logging_mixin.py:190} INFO - [2026-05-18T07:11:52.023+0000] {dag.py:3239} INFO - Sync 1 DAGs
[2026-05-18T07:11:52.052+0000] {logging_mixin.py:190} INFO - [2026-05-18T07:11:52.051+0000] {dag.py:4180} INFO - Setting next_dagrun for example_branch_labels to 2026-05-17 00:00:00+00:00, run_after=2026-05-18 00:00:00+00:00
[2026-05-18T07:11:52.083+0000] {processor.py:208} INFO - Processing /home/noelsdavid/airflow_venv/lib/python3.12/site-packages/airflow/example_dags/example_branch_labels.py took 0.114 seconds
[2026-05-18T07:13:07.151+0000] {processor.py:186} INFO - Started process (PID=17198) to work on /home/noelsdavid/airflow_venv/lib/python3.12/site-packages/airflow/example_dags/example_branch_labels.py
[2026-05-18T07:13:07.157+0000] {processor.py:914} INFO - Processing file /home/noelsdavid/airflow_venv/lib/python3.12/site-packages/airflow/example_dags/example_branch_labels.py for tasks to queue
[2026-05-18T07:13:07.161+0000] {logging_mixin.py:190} INFO - [2026-05-18T07:13:07.160+0000] {dagbag.py:588} INFO - Filling up the DagBag from /home/noelsdavid/airflow_venv/lib/python3.12/site-packages/airflow/example_dags/example_branch_labels.py
[2026-05-18T07:13:07.177+0000] {processor.py:925} INFO - DAG(s) 'example_branch_labels' retrieved from /home/noelsdavid/airflow_venv/lib/python3.12/site-packages/airflow/example_dags/example_branch_labels.py
[2026-05-18T07:13:07.206+0000] {logging_mixin.py:190} INFO - [2026-05-18T07:13:07.205+0000] {dag.py:3239} INFO - Sync 1 DAGs
[2026-05-18T07:13:07.233+0000] {logging_mixin.py:190} INFO - [2026-05-18T07:13:07.233+0000] {dag.py:4180} INFO - Setting next_dagrun for example_branch_labels to 2026-05-17 00:00:00+00:00, run_after=2026-05-18 00:00:00+00:00
[2026-05-18T07:13:07.266+0000] {processor.py:208} INFO - Processing /home/noelsdavid/airflow_venv/lib/python3.12/site-packages/airflow/example_dags/example_branch_labels.py took 0.126 seconds
[2026-05-18T07:14:20.172+0000] {processor.py:186} INFO - Started process (PID=17278) to work on /home/noelsdavid/airflow_venv/lib/python3.12/site-packages/airflow/example_dags/example_branch_labels.py
[2026-05-18T07:14:20.189+0000] {processor.py:914} INFO - Processing file /home/noelsdavid/airflow_venv/lib/python3.12/site-packages/airflow/example_dags/example_branch_labels.py for tasks to queue
[2026-05-18T07:14:20.191+0000] {logging_mixin.py:190} INFO - [2026-05-18T07:14:20.191+0000] {dagbag.py:588} INFO - Filling up the DagBag from /home/noelsdavid/airflow_venv/lib/python3.12/site-packages/airflow/example_dags/example_branch_labels.py
[2026-05-18T07:14:20.208+0000] {processor.py:925} INFO - DAG(s) 'example_branch_labels' retrieved from /home/noelsdavid/airflow_venv/lib/python3.12/site-packages/airflow/example_dags/example_branch_labels.py
[2026-05-18T07:14:20.231+0000] {logging_mixin.py:190} INFO - [2026-05-18T07:14:20.231+0000] {dag.py:3239} INFO - Sync 1 DAGs
[2026-05-18T07:14:20.259+0000] {logging_mixin.py:190} INFO - [2026-05-18T07:14:20.258+0000] {dag.py:4180} INFO - Setting next_dagrun for example_branch_labels to 2026-05-17 00:00:00+00:00, run_after=2026-05-18 00:00:00+00:00
[2026-05-18T07:14:20.288+0000] {processor.py:208} INFO - Processing /home/noelsdavid/airflow_venv/lib/python3.12/site-packages/airflow/example_dags/example_branch_labels.py took 0.126 seconds
[2026-05-18T07:15:31.162+0000] {processor.py:186} INFO - Started process (PID=17380) to work on /home/noelsdavid/airflow_venv/lib/python3.12/site-packages/airflow/example_dags/example_branch_labels.py
[2026-05-18T07:15:31.165+0000] {processor.py:914} INFO - Processing file /home/noelsdavid/airflow_venv/lib/python3.12/site-packages/airflow/example_dags/example_branch_labels.py for tasks to queue
[2026-05-18T07:15:31.168+0000] {logging_mixin.py:190} INFO - [2026-05-18T07:15:31.167+0000] {dagbag.py:588} INFO - Filling up the DagBag from /home/noelsdavid/airflow_venv/lib/python3.12/site-packages/airflow/example_dags/example_branch_labels.py
[2026-05-18T07:15:31.182+0000] {processor.py:925} INFO - DAG(s) 'example_branch_labels' retrieved from /home/noelsdavid/airflow_venv/lib/python3.12/site-packages/airflow/example_dags/example_branch_labels.py
[2026-05-18T07:15:31.206+0000] {logging_mixin.py:190} INFO - [2026-05-18T07:15:31.206+0000] {dag.py:3239} INFO - Sync 1 DAGs
[2026-05-18T07:15:31.236+0000] {logging_mixin.py:190} INFO - [2026-05-18T07:15:31.236+0000] {dag.py:4180} INFO - Setting next_dagrun for example_branch_labels to 2026-05-17 00:00:00+00:00, run_after=2026-05-18 00:00:00+00:00
[2026-05-18T07:15:31.267+0000] {processor.py:208} INFO - Processing /home/noelsdavid/airflow_venv/lib/python3.12/site-packages/airflow/example_dags/example_branch_labels.py took 0.114 seconds
[2026-05-18T07:16:50.284+0000] {processor.py:186} INFO - Started process (PID=17460) to work on /home/noelsdavid/airflow_venv/lib/python3.12/site-packages/airflow/example_dags/example_branch_labels.py
[2026-05-18T07:16:50.287+0000] {processor.py:914} INFO - Processing file /home/noelsdavid/airflow_venv/lib/python3.12/site-packages/airflow/example_dags/example_branch_labels.py for tasks to queue
[2026-05-18T07:16:50.289+0000] {logging_mixin.py:190} INFO - [2026-05-18T07:16:50.289+0000] {dagbag.py:588} INFO - Filling up the DagBag from /home/noelsdavid/airflow_venv/lib/python3.12/site-packages/airflow/example_dags/example_branch_labels.py
[2026-05-18T07:16:50.304+0000] {processor.py:925} INFO - DAG(s) 'example_branch_labels' retrieved from /home/noelsdavid/airflow_venv/lib/python3.12/site-packages/airflow/example_dags/example_branch_labels.py
[2026-05-18T07:16:50.329+0000] {logging_mixin.py:190} INFO - [2026-05-18T07:16:50.329+0000] {dag.py:3239} INFO - Sync 1 DAGs
[2026-05-18T07:16:50.359+0000] {logging_mixin.py:190} INFO - [2026-05-18T07:16:50.358+0000] {dag.py:4180} INFO - Setting next_dagrun for example_branch_labels to 2026-05-17 00:00:00+00:00, run_after=2026-05-18 00:00:00+00:00
[2026-05-18T07:16:50.389+0000] {processor.py:208} INFO - Processing /home/noelsdavid/airflow_venv/lib/python3.12/site-packages/airflow/example_dags/example_branch_labels.py took 0.115 seconds
[2026-05-18T07:18:05.453+0000] {processor.py:186} INFO - Started process (PID=17542) to work on /home/noelsdavid/airflow_venv/lib/python3.12/site-packages/airflow/example_dags/example_branch_labels.py
[2026-05-18T07:18:05.469+0000] {processor.py:914} INFO - Processing file /home/noelsdavid/airflow_venv/lib/python3.12/site-packages/airflow/example_dags/example_branch_labels.py for tasks to queue
[2026-05-18T07:18:05.472+0000] {logging_mixin.py:190} INFO - [2026-05-18T07:18:05.471+0000] {dagbag.py:588} INFO - Filling up the DagBag from /home/noelsdavid/airflow_venv/lib/python3.12/site-packages/airflow/example_dags/example_branch_labels.py
[2026-05-18T07:18:05.487+0000] {processor.py:925} INFO - DAG(s) 'example_branch_labels' retrieved from /home/noelsdavid/airflow_venv/lib/python3.12/site-packages/airflow/example_dags/example_branch_labels.py
[2026-05-18T07:18:05.513+0000] {logging_mixin.py:190} INFO - [2026-05-18T07:18:05.513+0000] {dag.py:3239} INFO - Sync 1 DAGs
[2026-05-18T07:18:05.544+0000] {logging_mixin.py:190} INFO - [2026-05-18T07:18:05.544+0000] {dag.py:4180} INFO - Setting next_dagrun for example_branch_labels to 2026-05-17 00:00:00+00:00, run_after=2026-05-18 00:00:00+00:00
[2026-05-18T07:18:05.578+0000] {processor.py:208} INFO - Processing /home/noelsdavid/airflow_venv/lib/python3.12/site-packages/airflow/example_dags/example_branch_labels.py took 0.134 seconds
[2026-05-18T07:19:11.925+0000] {processor.py:186} INFO - Started process (PID=17616) to work on /home/noelsdavid/airflow_venv/lib/python3.12/site-packages/airflow/example_dags/example_branch_labels.py
[2026-05-18T07:19:11.928+0000] {processor.py:914} INFO - Processing file /home/noelsdavid/airflow_venv/lib/python3.12/site-packages/airflow/example_dags/example_branch_labels.py for tasks to queue
[2026-05-18T07:19:11.930+0000] {logging_mixin.py:190} INFO - [2026-05-18T07:19:11.929+0000] {dagbag.py:588} INFO - Filling up the DagBag from /home/noelsdavid/airflow_venv/lib/python3.12/site-packages/airflow/example_dags/example_branch_labels.py
[2026-05-18T07:19:11.944+0000] {processor.py:925} INFO - DAG(s) 'example_branch_labels' retrieved from /home/noelsdavid/airflow_venv/lib/python3.12/site-packages/airflow/example_dags/example_branch_labels.py
[2026-05-18T07:19:11.967+0000] {logging_mixin.py:190} INFO - [2026-05-18T07:19:11.967+0000] {dag.py:3239} INFO - Sync 1 DAGs
[2026-05-18T07:19:11.994+0000] {logging_mixin.py:190} INFO - [2026-05-18T07:19:11.994+0000] {dag.py:4180} INFO - Setting next_dagrun for example_branch_labels to 2026-05-17 00:00:00+00:00, run_after=2026-05-18 00:00:00+00:00
[2026-05-18T07:19:12.025+0000] {processor.py:208} INFO - Processing /home/noelsdavid/airflow_venv/lib/python3.12/site-packages/airflow/example_dags/example_branch_labels.py took 0.109 seconds
[2026-05-18T07:20:23.322+0000] {processor.py:186} INFO - Started process (PID=17718) to work on /home/noelsdavid/airflow_venv/lib/python3.12/site-packages/airflow/example_dags/example_branch_labels.py
[2026-05-18T07:20:23.324+0000] {processor.py:914} INFO - Processing file /home/noelsdavid/airflow_venv/lib/python3.12/site-packages/airflow/example_dags/example_branch_labels.py for tasks to queue
[2026-05-18T07:20:23.326+0000] {logging_mixin.py:190} INFO - [2026-05-18T07:20:23.326+0000] {dagbag.py:588} INFO - Filling up the DagBag from /home/noelsdavid/airflow_venv/lib/python3.12/site-packages/airflow/example_dags/example_branch_labels.py
[2026-05-18T07:20:23.342+0000] {processor.py:925} INFO - DAG(s) 'example_branch_labels' retrieved from /home/noelsdavid/airflow_venv/lib/python3.12/site-packages/airflow/example_dags/example_branch_labels.py
[2026-05-18T07:20:23.368+0000] {logging_mixin.py:190} INFO - [2026-05-18T07:20:23.368+0000] {dag.py:3239} INFO - Sync 1 DAGs
[2026-05-18T07:20:23.398+0000] {logging_mixin.py:190} INFO - [2026-05-18T07:20:23.398+0000] {dag.py:4180} INFO - Setting next_dagrun for example_branch_labels to 2026-05-17 00:00:00+00:00, run_after=2026-05-18 00:00:00+00:00
[2026-05-18T07:20:23.430+0000] {processor.py:208} INFO - Processing /home/noelsdavid/airflow_venv/lib/python3.12/site-packages/airflow/example_dags/example_branch_labels.py took 0.120 seconds
[2026-05-18T07:21:35.596+0000] {processor.py:186} INFO - Started process (PID=17801) to work on /home/noelsdavid/airflow_venv/lib/python3.12/site-packages/airflow/example_dags/example_branch_labels.py
[2026-05-18T07:21:35.598+0000] {processor.py:914} INFO - Processing file /home/noelsdavid/airflow_venv/lib/python3.12/site-packages/airflow/example_dags/example_branch_labels.py for tasks to queue
[2026-05-18T07:21:35.601+0000] {logging_mixin.py:190} INFO - [2026-05-18T07:21:35.600+0000] {dagbag.py:588} INFO - Filling up the DagBag from /home/noelsdavid/airflow_venv/lib/python3.12/site-packages/airflow/example_dags/example_branch_labels.py
[2026-05-18T07:21:35.616+0000] {processor.py:925} INFO - DAG(s) 'example_branch_labels' retrieved from /home/noelsdavid/airflow_venv/lib/python3.12/site-packages/airflow/example_dags/example_branch_labels.py
[2026-05-18T07:21:35.640+0000] {logging_mixin.py:190} INFO - [2026-05-18T07:21:35.639+0000] {dag.py:3239} INFO - Sync 1 DAGs
[2026-05-18T07:21:35.671+0000] {logging_mixin.py:190} INFO - [2026-05-18T07:21:35.671+0000] {dag.py:4180} INFO - Setting next_dagrun for example_branch_labels to 2026-05-17 00:00:00+00:00, run_after=2026-05-18 00:00:00+00:00
[2026-05-18T07:21:35.704+0000] {processor.py:208} INFO - Processing /home/noelsdavid/airflow_venv/lib/python3.12/site-packages/airflow/example_dags/example_branch_labels.py took 0.118 seconds
[2026-05-18T07:22:48.032+0000] {processor.py:186} INFO - Started process (PID=17879) to work on /home/noelsdavid/airflow_venv/lib/python3.12/site-packages/airflow/example_dags/example_branch_labels.py
[2026-05-18T07:22:48.034+0000] {processor.py:914} INFO - Processing file /home/noelsdavid/airflow_venv/lib/python3.12/site-packages/airflow/example_dags/example_branch_labels.py for tasks to queue
[2026-05-18T07:22:48.039+0000] {logging_mixin.py:190} INFO - [2026-05-18T07:22:48.038+0000] {dagbag.py:588} INFO - Filling up the DagBag from /home/noelsdavid/airflow_venv/lib/python3.12/site-packages/airflow/example_dags/example_branch_labels.py
[2026-05-18T07:22:48.058+0000] {processor.py:925} INFO - DAG(s) 'example_branch_labels' retrieved from /home/noelsdavid/airflow_venv/lib/python3.12/site-packages/airflow/example_dags/example_branch_labels.py
[2026-05-18T07:22:48.084+0000] {logging_mixin.py:190} INFO - [2026-05-18T07:22:48.083+0000] {dag.py:3239} INFO - Sync 1 DAGs
[2026-05-18T07:22:48.122+0000] {logging_mixin.py:190} INFO - [2026-05-18T07:22:48.122+0000] {dag.py:4180} INFO - Setting next_dagrun for example_branch_labels to 2026-05-17 00:00:00+00:00, run_after=2026-05-18 00:00:00+00:00
[2026-05-18T07:22:48.167+0000] {processor.py:208} INFO - Processing /home/noelsdavid/airflow_venv/lib/python3.12/site-packages/airflow/example_dags/example_branch_labels.py took 0.146 seconds
[2026-05-18T07:24:01.871+0000] {processor.py:186} INFO - Started process (PID=17958) to work on /home/noelsdavid/airflow_venv/lib/python3.12/site-packages/airflow/example_dags/example_branch_labels.py
[2026-05-18T07:24:01.875+0000] {processor.py:914} INFO - Processing file /home/noelsdavid/airflow_venv/lib/python3.12/site-packages/airflow/example_dags/example_branch_labels.py for tasks to queue
[2026-05-18T07:24:01.877+0000] {logging_mixin.py:190} INFO - [2026-05-18T07:24:01.877+0000] {dagbag.py:588} INFO - Filling up the DagBag from /home/noelsdavid/airflow_venv/lib/python3.12/site-packages/airflow/example_dags/example_branch_labels.py
[2026-05-18T07:24:01.893+0000] {processor.py:925} INFO - DAG(s) 'example_branch_labels' retrieved from /home/noelsdavid/airflow_venv/lib/python3.12/site-packages/airflow/example_dags/example_branch_labels.py
[2026-05-18T07:24:01.918+0000] {logging_mixin.py:190} INFO - [2026-05-18T07:24:01.917+0000] {dag.py:3239} INFO - Sync 1 DAGs
[2026-05-18T07:24:01.948+0000] {logging_mixin.py:190} INFO - [2026-05-18T07:24:01.947+0000] {dag.py:4180} INFO - Setting next_dagrun for example_branch_labels to 2026-05-17 00:00:00+00:00, run_after=2026-05-18 00:00:00+00:00
[2026-05-18T07:24:01.981+0000] {processor.py:208} INFO - Processing /home/noelsdavid/airflow_venv/lib/python3.12/site-packages/airflow/example_dags/example_branch_labels.py took 0.120 seconds
[2026-05-18T07:25:14.811+0000] {processor.py:186} INFO - Started process (PID=18062) to work on /home/noelsdavid/airflow_venv/lib/python3.12/site-packages/airflow/example_dags/example_branch_labels.py
[2026-05-18T07:25:14.814+0000] {processor.py:914} INFO - Processing file /home/noelsdavid/airflow_venv/lib/python3.12/site-packages/airflow/example_dags/example_branch_labels.py for tasks to queue
[2026-05-18T07:25:14.817+0000] {logging_mixin.py:190} INFO - [2026-05-18T07:25:14.816+0000] {dagbag.py:588} INFO - Filling up the DagBag from /home/noelsdavid/airflow_venv/lib/python3.12/site-packages/airflow/example_dags/example_branch_labels.py
[2026-05-18T07:25:14.831+0000] {processor.py:925} INFO - DAG(s) 'example_branch_labels' retrieved from /home/noelsdavid/airflow_venv/lib/python3.12/site-packages/airflow/example_dags/example_branch_labels.py
[2026-05-18T07:25:14.855+0000] {logging_mixin.py:190} INFO - [2026-05-18T07:25:14.855+0000] {dag.py:3239} INFO - Sync 1 DAGs
[2026-05-18T07:25:14.886+0000] {logging_mixin.py:190} INFO - [2026-05-18T07:25:14.886+0000] {dag.py:4180} INFO - Setting next_dagrun for example_branch_labels to 2026-05-17 00:00:00+00:00, run_after=2026-05-18 00:00:00+00:00
[2026-05-18T07:25:14.919+0000] {processor.py:208} INFO - Processing /home/noelsdavid/airflow_venv/lib/python3.12/site-packages/airflow/example_dags/example_branch_labels.py took 0.118 seconds
[2026-05-18T07:26:20.375+0000] {processor.py:186} INFO - Started process (PID=18134) to work on /home/noelsdavid/airflow_venv/lib/python3.12/site-packages/airflow/example_dags/example_branch_labels.py
[2026-05-18T07:26:20.377+0000] {processor.py:914} INFO - Processing file /home/noelsdavid/airflow_venv/lib/python3.12/site-packages/airflow/example_dags/example_branch_labels.py for tasks to queue
[2026-05-18T07:26:20.380+0000] {logging_mixin.py:190} INFO - [2026-05-18T07:26:20.379+0000] {dagbag.py:588} INFO - Filling up the DagBag from /home/noelsdavid/airflow_venv/lib/python3.12/site-packages/airflow/example_dags/example_branch_labels.py
[2026-05-18T07:26:20.396+0000] {processor.py:925} INFO - DAG(s) 'example_branch_labels' retrieved from /home/noelsdavid/airflow_venv/lib/python3.12/site-packages/airflow/example_dags/example_branch_labels.py
[2026-05-18T07:26:20.421+0000] {logging_mixin.py:190} INFO - [2026-05-18T07:26:20.420+0000] {dag.py:3239} INFO - Sync 1 DAGs
[2026-05-18T07:26:20.450+0000] {logging_mixin.py:190} INFO - [2026-05-18T07:26:20.450+0000] {dag.py:4180} INFO - Setting next_dagrun for example_branch_labels to 2026-05-17 00:00:00+00:00, run_after=2026-05-18 00:00:00+00:00
[2026-05-18T07:26:20.480+0000] {processor.py:208} INFO - Processing /home/noelsdavid/airflow_venv/lib/python3.12/site-packages/airflow/example_dags/example_branch_labels.py took 0.115 seconds
[2026-05-18T07:27:30.697+0000] {processor.py:186} INFO - Started process (PID=18211) to work on /home/noelsdavid/airflow_venv/lib/python3.12/site-packages/airflow/example_dags/example_branch_labels.py
[2026-05-18T07:27:30.699+0000] {processor.py:914} INFO - Processing file /home/noelsdavid/airflow_venv/lib/python3.12/site-packages/airflow/example_dags/example_branch_labels.py for tasks to queue
[2026-05-18T07:27:30.702+0000] {logging_mixin.py:190} INFO - [2026-05-18T07:27:30.702+0000] {dagbag.py:588} INFO - Filling up the DagBag from /home/noelsdavid/airflow_venv/lib/python3.12/site-packages/airflow/example_dags/example_branch_labels.py
[2026-05-18T07:27:30.717+0000] {processor.py:925} INFO - DAG(s) 'example_branch_labels' retrieved from /home/noelsdavid/airflow_venv/lib/python3.12/site-packages/airflow/example_dags/example_branch_labels.py
[2026-05-18T07:27:30.740+0000] {logging_mixin.py:190} INFO - [2026-05-18T07:27:30.740+0000] {dag.py:3239} INFO - Sync 1 DAGs
[2026-05-18T07:27:30.769+0000] {logging_mixin.py:190} INFO - [2026-05-18T07:27:30.769+0000] {dag.py:4180} INFO - Setting next_dagrun for example_branch_labels to 2026-05-17 00:00:00+00:00, run_after=2026-05-18 00:00:00+00:00
[2026-05-18T07:27:30.800+0000] {processor.py:208} INFO - Processing /home/noelsdavid/airflow_venv/lib/python3.12/site-packages/airflow/example_dags/example_branch_labels.py took 0.113 seconds
[2026-05-18T07:28:41.001+0000] {processor.py:186} INFO - Started process (PID=18289) to work on /home/noelsdavid/airflow_venv/lib/python3.12/site-packages/airflow/example_dags/example_branch_labels.py
[2026-05-18T07:28:41.018+0000] {processor.py:914} INFO - Processing file /home/noelsdavid/airflow_venv/lib/python3.12/site-packages/airflow/example_dags/example_branch_labels.py for tasks to queue
[2026-05-18T07:28:41.020+0000] {logging_mixin.py:190} INFO - [2026-05-18T07:28:41.020+0000] {dagbag.py:588} INFO - Filling up the DagBag from /home/noelsdavid/airflow_venv/lib/python3.12/site-packages/airflow/example_dags/example_branch_labels.py
[2026-05-18T07:28:41.037+0000] {processor.py:925} INFO - DAG(s) 'example_branch_labels' retrieved from /home/noelsdavid/airflow_venv/lib/python3.12/site-packages/airflow/example_dags/example_branch_labels.py
[2026-05-18T07:28:41.064+0000] {logging_mixin.py:190} INFO - [2026-05-18T07:28:41.064+0000] {dag.py:3239} INFO - Sync 1 DAGs
[2026-05-18T07:28:41.094+0000] {logging_mixin.py:190} INFO - [2026-05-18T07:28:41.093+0000] {dag.py:4180} INFO - Setting next_dagrun for example_branch_labels to 2026-05-17 00:00:00+00:00, run_after=2026-05-18 00:00:00+00:00
[2026-05-18T07:28:41.128+0000] {processor.py:208} INFO - Processing /home/noelsdavid/airflow_venv/lib/python3.12/site-packages/airflow/example_dags/example_branch_labels.py took 0.138 seconds
[2026-05-18T07:29:54.445+0000] {processor.py:186} INFO - Started process (PID=18368) to work on /home/noelsdavid/airflow_venv/lib/python3.12/site-packages/airflow/example_dags/example_branch_labels.py
[2026-05-18T07:29:54.447+0000] {processor.py:914} INFO - Processing file /home/noelsdavid/airflow_venv/lib/python3.12/site-packages/airflow/example_dags/example_branch_labels.py for tasks to queue
[2026-05-18T07:29:54.451+0000] {logging_mixin.py:190} INFO - [2026-05-18T07:29:54.450+0000] {dagbag.py:588} INFO - Filling up the DagBag from /home/noelsdavid/airflow_venv/lib/python3.12/site-packages/airflow/example_dags/example_branch_labels.py
[2026-05-18T07:29:54.465+0000] {processor.py:925} INFO - DAG(s) 'example_branch_labels' retrieved from /home/noelsdavid/airflow_venv/lib/python3.12/site-packages/airflow/example_dags/example_branch_labels.py
[2026-05-18T07:29:54.488+0000] {logging_mixin.py:190} INFO - [2026-05-18T07:29:54.488+0000] {dag.py:3239} INFO - Sync 1 DAGs
[2026-05-18T07:29:54.517+0000] {logging_mixin.py:190} INFO - [2026-05-18T07:29:54.517+0000] {dag.py:4180} INFO - Setting next_dagrun for example_branch_labels to 2026-05-17 00:00:00+00:00, run_after=2026-05-18 00:00:00+00:00
[2026-05-18T07:29:54.550+0000] {processor.py:208} INFO - Processing /home/noelsdavid/airflow_venv/lib/python3.12/site-packages/airflow/example_dags/example_branch_labels.py took 0.114 seconds
[2026-05-18T07:31:03.942+0000] {processor.py:186} INFO - Started process (PID=18477) to work on /home/noelsdavid/airflow_venv/lib/python3.12/site-packages/airflow/example_dags/example_branch_labels.py
[2026-05-18T07:31:03.944+0000] {processor.py:914} INFO - Processing file /home/noelsdavid/airflow_venv/lib/python3.12/site-packages/airflow/example_dags/example_branch_labels.py for tasks to queue
[2026-05-18T07:31:03.947+0000] {logging_mixin.py:190} INFO - [2026-05-18T07:31:03.947+0000] {dagbag.py:588} INFO - Filling up the DagBag from /home/noelsdavid/airflow_venv/lib/python3.12/site-packages/airflow/example_dags/example_branch_labels.py
[2026-05-18T07:31:03.962+0000] {processor.py:925} INFO - DAG(s) 'example_branch_labels' retrieved from /home/noelsdavid/airflow_venv/lib/python3.12/site-packages/airflow/example_dags/example_branch_labels.py
[2026-05-18T07:31:03.986+0000] {logging_mixin.py:190} INFO - [2026-05-18T07:31:03.985+0000] {dag.py:3239} INFO - Sync 1 DAGs
[2026-05-18T07:31:04.014+0000] {logging_mixin.py:190} INFO - [2026-05-18T07:31:04.014+0000] {dag.py:4180} INFO - Setting next_dagrun for example_branch_labels to 2026-05-17 00:00:00+00:00, run_after=2026-05-18 00:00:00+00:00
[2026-05-18T07:31:04.048+0000] {processor.py:208} INFO - Processing /home/noelsdavid/airflow_venv/lib/python3.12/site-packages/airflow/example_dags/example_branch_labels.py took 0.115 seconds
[2026-05-18T07:32:15.195+0000] {processor.py:186} INFO - Started process (PID=18555) to work on /home/noelsdavid/airflow_venv/lib/python3.12/site-packages/airflow/example_dags/example_branch_labels.py
[2026-05-18T07:32:15.198+0000] {processor.py:914} INFO - Processing file /home/noelsdavid/airflow_venv/lib/python3.12/site-packages/airflow/example_dags/example_branch_labels.py for tasks to queue
[2026-05-18T07:32:15.201+0000] {logging_mixin.py:190} INFO - [2026-05-18T07:32:15.200+0000] {dagbag.py:588} INFO - Filling up the DagBag from /home/noelsdavid/airflow_venv/lib/python3.12/site-packages/airflow/example_dags/example_branch_labels.py
[2026-05-18T07:32:15.216+0000] {processor.py:925} INFO - DAG(s) 'example_branch_labels' retrieved from /home/noelsdavid/airflow_venv/lib/python3.12/site-packages/airflow/example_dags/example_branch_labels.py
[2026-05-18T07:32:15.240+0000] {logging_mixin.py:190} INFO - [2026-05-18T07:32:15.239+0000] {dag.py:3239} INFO - Sync 1 DAGs
[2026-05-18T07:32:15.267+0000] {logging_mixin.py:190} INFO - [2026-05-18T07:32:15.267+0000] {dag.py:4180} INFO - Setting next_dagrun for example_branch_labels to 2026-05-17 00:00:00+00:00, run_after=2026-05-18 00:00:00+00:00
[2026-05-18T07:32:15.299+0000] {processor.py:208} INFO - Processing /home/noelsdavid/airflow_venv/lib/python3.12/site-packages/airflow/example_dags/example_branch_labels.py took 0.114 seconds
[2026-05-18T07:33:24.102+0000] {processor.py:186} INFO - Started process (PID=18632) to work on /home/noelsdavid/airflow_venv/lib/python3.12/site-packages/airflow/example_dags/example_branch_labels.py
[2026-05-18T07:33:24.104+0000] {processor.py:914} INFO - Processing file /home/noelsdavid/airflow_venv/lib/python3.12/site-packages/airflow/example_dags/example_branch_labels.py for tasks to queue
[2026-05-18T07:33:24.107+0000] {logging_mixin.py:190} INFO - [2026-05-18T07:33:24.106+0000] {dagbag.py:588} INFO - Filling up the DagBag from /home/noelsdavid/airflow_venv/lib/python3.12/site-packages/airflow/example_dags/example_branch_labels.py
[2026-05-18T07:33:24.121+0000] {processor.py:925} INFO - DAG(s) 'example_branch_labels' retrieved from /home/noelsdavid/airflow_venv/lib/python3.12/site-packages/airflow/example_dags/example_branch_labels.py
[2026-05-18T07:33:24.145+0000] {logging_mixin.py:190} INFO - [2026-05-18T07:33:24.144+0000] {dag.py:3239} INFO - Sync 1 DAGs
[2026-05-18T07:33:24.173+0000] {logging_mixin.py:190} INFO - [2026-05-18T07:33:24.173+0000] {dag.py:4180} INFO - Setting next_dagrun for example_branch_labels to 2026-05-17 00:00:00+00:00, run_after=2026-05-18 00:00:00+00:00
[2026-05-18T07:33:24.203+0000] {processor.py:208} INFO - Processing /home/noelsdavid/airflow_venv/lib/python3.12/site-packages/airflow/example_dags/example_branch_labels.py took 0.111 seconds
[2026-05-18T07:34:33.360+0000] {processor.py:186} INFO - Started process (PID=18706) to work on /home/noelsdavid/airflow_venv/lib/python3.12/site-packages/airflow/example_dags/example_branch_labels.py
[2026-05-18T07:34:33.376+0000] {processor.py:914} INFO - Processing file /home/noelsdavid/airflow_venv/lib/python3.12/site-packages/airflow/example_dags/example_branch_labels.py for tasks to queue
[2026-05-18T07:34:33.378+0000] {logging_mixin.py:190} INFO - [2026-05-18T07:34:33.378+0000] {dagbag.py:588} INFO - Filling up the DagBag from /home/noelsdavid/airflow_venv/lib/python3.12/site-packages/airflow/example_dags/example_branch_labels.py
[2026-05-18T07:34:33.393+0000] {processor.py:925} INFO - DAG(s) 'example_branch_labels' retrieved from /home/noelsdavid/airflow_venv/lib/python3.12/site-packages/airflow/example_dags/example_branch_labels.py
[2026-05-18T07:34:33.417+0000] {logging_mixin.py:190} INFO - [2026-05-18T07:34:33.416+0000] {dag.py:3239} INFO - Sync 1 DAGs
[2026-05-18T07:34:33.448+0000] {logging_mixin.py:190} INFO - [2026-05-18T07:34:33.448+0000] {dag.py:4180} INFO - Setting next_dagrun for example_branch_labels to 2026-05-17 00:00:00+00:00, run_after=2026-05-18 00:00:00+00:00
[2026-05-18T07:34:33.481+0000] {processor.py:208} INFO - Processing /home/noelsdavid/airflow_venv/lib/python3.12/site-packages/airflow/example_dags/example_branch_labels.py took 0.130 seconds
[2026-05-18T07:35:47.624+0000] {processor.py:186} INFO - Started process (PID=18809) to work on /home/noelsdavid/airflow_venv/lib/python3.12/site-packages/airflow/example_dags/example_branch_labels.py
[2026-05-18T07:35:47.626+0000] {processor.py:914} INFO - Processing file /home/noelsdavid/airflow_venv/lib/python3.12/site-packages/airflow/example_dags/example_branch_labels.py for tasks to queue
[2026-05-18T07:35:47.629+0000] {logging_mixin.py:190} INFO - [2026-05-18T07:35:47.628+0000] {dagbag.py:588} INFO - Filling up the DagBag from /home/noelsdavid/airflow_venv/lib/python3.12/site-packages/airflow/example_dags/example_branch_labels.py
[2026-05-18T07:35:47.643+0000] {processor.py:925} INFO - DAG(s) 'example_branch_labels' retrieved from /home/noelsdavid/airflow_venv/lib/python3.12/site-packages/airflow/example_dags/example_branch_labels.py
[2026-05-18T07:35:47.667+0000] {logging_mixin.py:190} INFO - [2026-05-18T07:35:47.666+0000] {dag.py:3239} INFO - Sync 1 DAGs
[2026-05-18T07:35:47.698+0000] {logging_mixin.py:190} INFO - [2026-05-18T07:35:47.697+0000] {dag.py:4180} INFO - Setting next_dagrun for example_branch_labels to 2026-05-17 00:00:00+00:00, run_after=2026-05-18 00:00:00+00:00
[2026-05-18T07:35:47.730+0000] {processor.py:208} INFO - Processing /home/noelsdavid/airflow_venv/lib/python3.12/site-packages/airflow/example_dags/example_branch_labels.py took 0.116 seconds
[2026-05-18T07:36:56.670+0000] {processor.py:186} INFO - Started process (PID=18885) to work on /home/noelsdavid/airflow_venv/lib/python3.12/site-packages/airflow/example_dags/example_branch_labels.py
[2026-05-18T07:36:56.673+0000] {processor.py:914} INFO - Processing file /home/noelsdavid/airflow_venv/lib/python3.12/site-packages/airflow/example_dags/example_branch_labels.py for tasks to queue
[2026-05-18T07:36:56.675+0000] {logging_mixin.py:190} INFO - [2026-05-18T07:36:56.675+0000] {dagbag.py:588} INFO - Filling up the DagBag from /home/noelsdavid/airflow_venv/lib/python3.12/site-packages/airflow/example_dags/example_branch_labels.py
[2026-05-18T07:36:56.690+0000] {processor.py:925} INFO - DAG(s) 'example_branch_labels' retrieved from /home/noelsdavid/airflow_venv/lib/python3.12/site-packages/airflow/example_dags/example_branch_labels.py
[2026-05-18T07:36:56.713+0000] {logging_mixin.py:190} INFO - [2026-05-18T07:36:56.713+0000] {dag.py:3239} INFO - Sync 1 DAGs
[2026-05-18T07:36:56.743+0000] {logging_mixin.py:190} INFO - [2026-05-18T07:36:56.742+0000] {dag.py:4180} INFO - Setting next_dagrun for example_branch_labels to 2026-05-17 00:00:00+00:00, run_after=2026-05-18 00:00:00+00:00
[2026-05-18T07:36:56.776+0000] {processor.py:208} INFO - Processing /home/noelsdavid/airflow_venv/lib/python3.12/site-packages/airflow/example_dags/example_branch_labels.py took 0.116 seconds
[2026-05-18T07:38:08.260+0000] {processor.py:186} INFO - Started process (PID=18963) to work on /home/noelsdavid/airflow_venv/lib/python3.12/site-packages/airflow/example_dags/example_branch_labels.py
[2026-05-18T07:38:08.263+0000] {processor.py:914} INFO - Processing file /home/noelsdavid/airflow_venv/lib/python3.12/site-packages/airflow/example_dags/example_branch_labels.py for tasks to queue
[2026-05-18T07:38:08.266+0000] {logging_mixin.py:190} INFO - [2026-05-18T07:38:08.266+0000] {dagbag.py:588} INFO - Filling up the DagBag from /home/noelsdavid/airflow_venv/lib/python3.12/site-packages/airflow/example_dags/example_branch_labels.py
[2026-05-18T07:38:08.287+0000] {processor.py:925} INFO - DAG(s) 'example_branch_labels' retrieved from /home/noelsdavid/airflow_venv/lib/python3.12/site-packages/airflow/example_dags/example_branch_labels.py
[2026-05-18T07:38:08.331+0000] {logging_mixin.py:190} INFO - [2026-05-18T07:38:08.330+0000] {dag.py:3239} INFO - Sync 1 DAGs
[2026-05-18T07:38:08.384+0000] {logging_mixin.py:190} INFO - [2026-05-18T07:38:08.384+0000] {dag.py:4180} INFO - Setting next_dagrun for example_branch_labels to 2026-05-17 00:00:00+00:00, run_after=2026-05-18 00:00:00+00:00
[2026-05-18T07:38:08.429+0000] {processor.py:208} INFO - Processing /home/noelsdavid/airflow_venv/lib/python3.12/site-packages/airflow/example_dags/example_branch_labels.py took 0.179 seconds
[2026-05-18T07:39:17.117+0000] {processor.py:186} INFO - Started process (PID=19040) to work on /home/noelsdavid/airflow_venv/lib/python3.12/site-packages/airflow/example_dags/example_branch_labels.py
[2026-05-18T07:39:17.119+0000] {processor.py:914} INFO - Processing file /home/noelsdavid/airflow_venv/lib/python3.12/site-packages/airflow/example_dags/example_branch_labels.py for tasks to queue
[2026-05-18T07:39:17.122+0000] {logging_mixin.py:190} INFO - [2026-05-18T07:39:17.122+0000] {dagbag.py:588} INFO - Filling up the DagBag from /home/noelsdavid/airflow_venv/lib/python3.12/site-packages/airflow/example_dags/example_branch_labels.py
[2026-05-18T07:39:17.138+0000] {processor.py:925} INFO - DAG(s) 'example_branch_labels' retrieved from /home/noelsdavid/airflow_venv/lib/python3.12/site-packages/airflow/example_dags/example_branch_labels.py
[2026-05-18T07:39:17.163+0000] {logging_mixin.py:190} INFO - [2026-05-18T07:39:17.163+0000] {dag.py:3239} INFO - Sync 1 DAGs
[2026-05-18T07:39:17.195+0000] {logging_mixin.py:190} INFO - [2026-05-18T07:39:17.195+0000] {dag.py:4180} INFO - Setting next_dagrun for example_branch_labels to 2026-05-17 00:00:00+00:00, run_after=2026-05-18 00:00:00+00:00
[2026-05-18T07:39:17.240+0000] {processor.py:208} INFO - Processing /home/noelsdavid/airflow_venv/lib/python3.12/site-packages/airflow/example_dags/example_branch_labels.py took 0.133 seconds
[2026-05-18T07:40:32.370+0000] {processor.py:186} INFO - Started process (PID=19142) to work on /home/noelsdavid/airflow_venv/lib/python3.12/site-packages/airflow/example_dags/example_branch_labels.py
[2026-05-18T07:40:32.389+0000] {processor.py:914} INFO - Processing file /home/noelsdavid/airflow_venv/lib/python3.12/site-packages/airflow/example_dags/example_branch_labels.py for tasks to queue
[2026-05-18T07:40:32.391+0000] {logging_mixin.py:190} INFO - [2026-05-18T07:40:32.391+0000] {dagbag.py:588} INFO - Filling up the DagBag from /home/noelsdavid/airflow_venv/lib/python3.12/site-packages/airflow/example_dags/example_branch_labels.py
[2026-05-18T07:40:32.406+0000] {processor.py:925} INFO - DAG(s) 'example_branch_labels' retrieved from /home/noelsdavid/airflow_venv/lib/python3.12/site-packages/airflow/example_dags/example_branch_labels.py
[2026-05-18T07:40:32.431+0000] {logging_mixin.py:190} INFO - [2026-05-18T07:40:32.431+0000] {dag.py:3239} INFO - Sync 1 DAGs
[2026-05-18T07:40:32.461+0000] {logging_mixin.py:190} INFO - [2026-05-18T07:40:32.461+0000] {dag.py:4180} INFO - Setting next_dagrun for example_branch_labels to 2026-05-17 00:00:00+00:00, run_after=2026-05-18 00:00:00+00:00
[2026-05-18T07:40:32.495+0000] {processor.py:208} INFO - Processing /home/noelsdavid/airflow_venv/lib/python3.12/site-packages/airflow/example_dags/example_branch_labels.py took 0.135 seconds
