[2026-05-18T06:01:00.292+0000] {processor.py:186} INFO - Started process (PID=6934) to work on /home/noelsdavid/airflow_venv/lib/python3.12/site-packages/airflow/example_dags/example_datasets.py
[2026-05-18T06:01:00.293+0000] {processor.py:914} INFO - Processing file /home/noelsdavid/airflow_venv/lib/python3.12/site-packages/airflow/example_dags/example_datasets.py for tasks to queue
[2026-05-18T06:01:00.296+0000] {logging_mixin.py:190} INFO - [2026-05-18T06:01:00.295+0000] {dagbag.py:588} INFO - Filling up the DagBag from /home/noelsdavid/airflow_venv/lib/python3.12/site-packages/airflow/example_dags/example_datasets.py
[2026-05-18T06:01:00.325+0000] {processor.py:925} INFO - DAG(s) 'dataset_produces_2', 'dataset_consumes_1_and_2', 'consume_1_or_both_2_and_3_with_dataset_expressions', 'dataset_consumes_unknown_never_scheduled', 'conditional_dataset_and_time_based_timetable', 'dataset_consumes_1_never_scheduled', 'consume_1_or_2_with_dataset_expressions', 'dataset_consumes_1', 'consume_1_and_2_with_dataset_expressions', 'dataset_produces_1' retrieved from /home/noelsdavid/airflow_venv/lib/python3.12/site-packages/airflow/example_dags/example_datasets.py
[2026-05-18T06:01:00.475+0000] {logging_mixin.py:190} INFO - [2026-05-18T06:01:00.474+0000] {override.py:1911} INFO - Created Permission View: can edit on DAG:dataset_produces_2
[2026-05-18T06:01:00.494+0000] {logging_mixin.py:190} INFO - [2026-05-18T06:01:00.493+0000] {override.py:1911} INFO - Created Permission View: can delete on DAG:dataset_produces_2
[2026-05-18T06:01:00.511+0000] {logging_mixin.py:190} INFO - [2026-05-18T06:01:00.510+0000] {override.py:1911} INFO - Created Permission View: can read on DAG:dataset_produces_2
[2026-05-18T06:01:00.541+0000] {logging_mixin.py:190} INFO - [2026-05-18T06:01:00.540+0000] {override.py:1911} INFO - Created Permission View: can delete on DAG Run:dataset_produces_2
[2026-05-18T06:01:00.559+0000] {logging_mixin.py:190} INFO - [2026-05-18T06:01:00.558+0000] {override.py:1911} INFO - Created Permission View: menu access on DAG Run:dataset_produces_2
[2026-05-18T06:01:00.577+0000] {logging_mixin.py:190} INFO - [2026-05-18T06:01:00.576+0000] {override.py:1911} INFO - Created Permission View: can create on DAG Run:dataset_produces_2
[2026-05-18T06:01:00.597+0000] {logging_mixin.py:190} INFO - [2026-05-18T06:01:00.597+0000] {override.py:1911} INFO - Created Permission View: can read on DAG Run:dataset_produces_2
[2026-05-18T06:01:00.633+0000] {logging_mixin.py:190} INFO - [2026-05-18T06:01:00.632+0000] {override.py:1911} INFO - Created Permission View: can edit on DAG:dataset_consumes_1_and_2
[2026-05-18T06:01:00.649+0000] {logging_mixin.py:190} INFO - [2026-05-18T06:01:00.648+0000] {override.py:1911} INFO - Created Permission View: can delete on DAG:dataset_consumes_1_and_2
[2026-05-18T06:01:00.664+0000] {logging_mixin.py:190} INFO - [2026-05-18T06:01:00.663+0000] {override.py:1911} INFO - Created Permission View: can read on DAG:dataset_consumes_1_and_2
[2026-05-18T06:01:00.694+0000] {logging_mixin.py:190} INFO - [2026-05-18T06:01:00.693+0000] {override.py:1911} INFO - Created Permission View: can delete on DAG Run:dataset_consumes_1_and_2
[2026-05-18T06:01:00.708+0000] {logging_mixin.py:190} INFO - [2026-05-18T06:01:00.707+0000] {override.py:1911} INFO - Created Permission View: menu access on DAG Run:dataset_consumes_1_and_2
[2026-05-18T06:01:00.722+0000] {logging_mixin.py:190} INFO - [2026-05-18T06:01:00.721+0000] {override.py:1911} INFO - Created Permission View: can create on DAG Run:dataset_consumes_1_and_2
[2026-05-18T06:01:00.736+0000] {logging_mixin.py:190} INFO - [2026-05-18T06:01:00.736+0000] {override.py:1911} INFO - Created Permission View: can read on DAG Run:dataset_consumes_1_and_2
[2026-05-18T06:01:00.766+0000] {logging_mixin.py:190} INFO - [2026-05-18T06:01:00.766+0000] {override.py:1911} INFO - Created Permission View: can edit on DAG:consume_1_or_both_2_and_3_with_dataset_expressions
[2026-05-18T06:01:00.780+0000] {logging_mixin.py:190} INFO - [2026-05-18T06:01:00.779+0000] {override.py:1911} INFO - Created Permission View: can delete on DAG:consume_1_or_both_2_and_3_with_dataset_expressions
[2026-05-18T06:01:00.794+0000] {logging_mixin.py:190} INFO - [2026-05-18T06:01:00.793+0000] {override.py:1911} INFO - Created Permission View: can read on DAG:consume_1_or_both_2_and_3_with_dataset_expressions
[2026-05-18T06:01:00.816+0000] {logging_mixin.py:190} INFO - [2026-05-18T06:01:00.816+0000] {override.py:1911} INFO - Created Permission View: can delete on DAG Run:consume_1_or_both_2_and_3_with_dataset_expressions
[2026-05-18T06:01:00.830+0000] {logging_mixin.py:190} INFO - [2026-05-18T06:01:00.830+0000] {override.py:1911} INFO - Created Permission View: menu access on DAG Run:consume_1_or_both_2_and_3_with_dataset_expressions
[2026-05-18T06:01:00.844+0000] {logging_mixin.py:190} INFO - [2026-05-18T06:01:00.843+0000] {override.py:1911} INFO - Created Permission View: can create on DAG Run:consume_1_or_both_2_and_3_with_dataset_expressions
[2026-05-18T06:01:00.857+0000] {logging_mixin.py:190} INFO - [2026-05-18T06:01:00.856+0000] {override.py:1911} INFO - Created Permission View: can read on DAG Run:consume_1_or_both_2_and_3_with_dataset_expressions
[2026-05-18T06:01:00.886+0000] {logging_mixin.py:190} INFO - [2026-05-18T06:01:00.886+0000] {override.py:1911} INFO - Created Permission View: can edit on DAG:dataset_consumes_unknown_never_scheduled
[2026-05-18T06:01:00.900+0000] {logging_mixin.py:190} INFO - [2026-05-18T06:01:00.900+0000] {override.py:1911} INFO - Created Permission View: can delete on DAG:dataset_consumes_unknown_never_scheduled
[2026-05-18T06:01:00.915+0000] {logging_mixin.py:190} INFO - [2026-05-18T06:01:00.914+0000] {override.py:1911} INFO - Created Permission View: can read on DAG:dataset_consumes_unknown_never_scheduled
[2026-05-18T06:01:00.941+0000] {logging_mixin.py:190} INFO - [2026-05-18T06:01:00.940+0000] {override.py:1911} INFO - Created Permission View: can delete on DAG Run:dataset_consumes_unknown_never_scheduled
[2026-05-18T06:01:00.955+0000] {logging_mixin.py:190} INFO - [2026-05-18T06:01:00.955+0000] {override.py:1911} INFO - Created Permission View: menu access on DAG Run:dataset_consumes_unknown_never_scheduled
[2026-05-18T06:01:00.969+0000] {logging_mixin.py:190} INFO - [2026-05-18T06:01:00.969+0000] {override.py:1911} INFO - Created Permission View: can create on DAG Run:dataset_consumes_unknown_never_scheduled
[2026-05-18T06:01:00.984+0000] {logging_mixin.py:190} INFO - [2026-05-18T06:01:00.984+0000] {override.py:1911} INFO - Created Permission View: can read on DAG Run:dataset_consumes_unknown_never_scheduled
[2026-05-18T06:01:01.018+0000] {logging_mixin.py:190} INFO - [2026-05-18T06:01:01.017+0000] {override.py:1911} INFO - Created Permission View: can edit on DAG:conditional_dataset_and_time_based_timetable
[2026-05-18T06:01:01.033+0000] {logging_mixin.py:190} INFO - [2026-05-18T06:01:01.032+0000] {override.py:1911} INFO - Created Permission View: can delete on DAG:conditional_dataset_and_time_based_timetable
[2026-05-18T06:01:01.048+0000] {logging_mixin.py:190} INFO - [2026-05-18T06:01:01.048+0000] {override.py:1911} INFO - Created Permission View: can read on DAG:conditional_dataset_and_time_based_timetable
[2026-05-18T06:01:01.075+0000] {logging_mixin.py:190} INFO - [2026-05-18T06:01:01.074+0000] {override.py:1911} INFO - Created Permission View: can delete on DAG Run:conditional_dataset_and_time_based_timetable
[2026-05-18T06:01:01.096+0000] {logging_mixin.py:190} INFO - [2026-05-18T06:01:01.095+0000] {override.py:1911} INFO - Created Permission View: menu access on DAG Run:conditional_dataset_and_time_based_timetable
[2026-05-18T06:01:01.113+0000] {logging_mixin.py:190} INFO - [2026-05-18T06:01:01.113+0000] {override.py:1911} INFO - Created Permission View: can create on DAG Run:conditional_dataset_and_time_based_timetable
[2026-05-18T06:01:01.128+0000] {logging_mixin.py:190} INFO - [2026-05-18T06:01:01.128+0000] {override.py:1911} INFO - Created Permission View: can read on DAG Run:conditional_dataset_and_time_based_timetable
[2026-05-18T06:01:01.168+0000] {logging_mixin.py:190} INFO - [2026-05-18T06:01:01.167+0000] {override.py:1911} INFO - Created Permission View: can edit on DAG:dataset_consumes_1_never_scheduled
[2026-05-18T06:01:01.182+0000] {logging_mixin.py:190} INFO - [2026-05-18T06:01:01.182+0000] {override.py:1911} INFO - Created Permission View: can delete on DAG:dataset_consumes_1_never_scheduled
[2026-05-18T06:01:01.200+0000] {logging_mixin.py:190} INFO - [2026-05-18T06:01:01.199+0000] {override.py:1911} INFO - Created Permission View: can read on DAG:dataset_consumes_1_never_scheduled
[2026-05-18T06:01:01.227+0000] {logging_mixin.py:190} INFO - [2026-05-18T06:01:01.226+0000] {override.py:1911} INFO - Created Permission View: can delete on DAG Run:dataset_consumes_1_never_scheduled
[2026-05-18T06:01:01.245+0000] {logging_mixin.py:190} INFO - [2026-05-18T06:01:01.245+0000] {override.py:1911} INFO - Created Permission View: menu access on DAG Run:dataset_consumes_1_never_scheduled
[2026-05-18T06:01:01.262+0000] {logging_mixin.py:190} INFO - [2026-05-18T06:01:01.262+0000] {override.py:1911} INFO - Created Permission View: can create on DAG Run:dataset_consumes_1_never_scheduled
[2026-05-18T06:01:01.278+0000] {logging_mixin.py:190} INFO - [2026-05-18T06:01:01.277+0000] {override.py:1911} INFO - Created Permission View: can read on DAG Run:dataset_consumes_1_never_scheduled
[2026-05-18T06:01:01.311+0000] {logging_mixin.py:190} INFO - [2026-05-18T06:01:01.310+0000] {override.py:1911} INFO - Created Permission View: can edit on DAG:consume_1_or_2_with_dataset_expressions
[2026-05-18T06:01:01.325+0000] {logging_mixin.py:190} INFO - [2026-05-18T06:01:01.324+0000] {override.py:1911} INFO - Created Permission View: can delete on DAG:consume_1_or_2_with_dataset_expressions
[2026-05-18T06:01:01.341+0000] {logging_mixin.py:190} INFO - [2026-05-18T06:01:01.340+0000] {override.py:1911} INFO - Created Permission View: can read on DAG:consume_1_or_2_with_dataset_expressions
[2026-05-18T06:01:01.370+0000] {logging_mixin.py:190} INFO - [2026-05-18T06:01:01.369+0000] {override.py:1911} INFO - Created Permission View: can delete on DAG Run:consume_1_or_2_with_dataset_expressions
[2026-05-18T06:01:01.388+0000] {logging_mixin.py:190} INFO - [2026-05-18T06:01:01.387+0000] {override.py:1911} INFO - Created Permission View: menu access on DAG Run:consume_1_or_2_with_dataset_expressions
[2026-05-18T06:01:01.407+0000] {logging_mixin.py:190} INFO - [2026-05-18T06:01:01.406+0000] {override.py:1911} INFO - Created Permission View: can create on DAG Run:consume_1_or_2_with_dataset_expressions
[2026-05-18T06:01:01.423+0000] {logging_mixin.py:190} INFO - [2026-05-18T06:01:01.422+0000] {override.py:1911} INFO - Created Permission View: can read on DAG Run:consume_1_or_2_with_dataset_expressions
[2026-05-18T06:01:01.464+0000] {logging_mixin.py:190} INFO - [2026-05-18T06:01:01.463+0000] {override.py:1911} INFO - Created Permission View: can edit on DAG:dataset_consumes_1
[2026-05-18T06:01:01.483+0000] {logging_mixin.py:190} INFO - [2026-05-18T06:01:01.482+0000] {override.py:1911} INFO - Created Permission View: can delete on DAG:dataset_consumes_1
[2026-05-18T06:01:01.506+0000] {logging_mixin.py:190} INFO - [2026-05-18T06:01:01.505+0000] {override.py:1911} INFO - Created Permission View: can read on DAG:dataset_consumes_1
[2026-05-18T06:01:01.541+0000] {logging_mixin.py:190} INFO - [2026-05-18T06:01:01.539+0000] {override.py:1911} INFO - Created Permission View: can delete on DAG Run:dataset_consumes_1
[2026-05-18T06:01:01.563+0000] {logging_mixin.py:190} INFO - [2026-05-18T06:01:01.563+0000] {override.py:1911} INFO - Created Permission View: menu access on DAG Run:dataset_consumes_1
[2026-05-18T06:01:01.589+0000] {logging_mixin.py:190} INFO - [2026-05-18T06:01:01.588+0000] {override.py:1911} INFO - Created Permission View: can create on DAG Run:dataset_consumes_1
[2026-05-18T06:01:01.611+0000] {logging_mixin.py:190} INFO - [2026-05-18T06:01:01.610+0000] {override.py:1911} INFO - Created Permission View: can read on DAG Run:dataset_consumes_1
[2026-05-18T06:01:01.662+0000] {logging_mixin.py:190} INFO - [2026-05-18T06:01:01.661+0000] {override.py:1911} INFO - Created Permission View: can edit on DAG:consume_1_and_2_with_dataset_expressions
[2026-05-18T06:01:01.689+0000] {logging_mixin.py:190} INFO - [2026-05-18T06:01:01.688+0000] {override.py:1911} INFO - Created Permission View: can delete on DAG:consume_1_and_2_with_dataset_expressions
[2026-05-18T06:01:01.716+0000] {logging_mixin.py:190} INFO - [2026-05-18T06:01:01.715+0000] {override.py:1911} INFO - Created Permission View: can read on DAG:consume_1_and_2_with_dataset_expressions
[2026-05-18T06:01:01.746+0000] {logging_mixin.py:190} INFO - [2026-05-18T06:01:01.745+0000] {override.py:1911} INFO - Created Permission View: can delete on DAG Run:consume_1_and_2_with_dataset_expressions
[2026-05-18T06:01:01.768+0000] {logging_mixin.py:190} INFO - [2026-05-18T06:01:01.767+0000] {override.py:1911} INFO - Created Permission View: menu access on DAG Run:consume_1_and_2_with_dataset_expressions
[2026-05-18T06:01:01.786+0000] {logging_mixin.py:190} INFO - [2026-05-18T06:01:01.785+0000] {override.py:1911} INFO - Created Permission View: can create on DAG Run:consume_1_and_2_with_dataset_expressions
[2026-05-18T06:01:01.806+0000] {logging_mixin.py:190} INFO - [2026-05-18T06:01:01.806+0000] {override.py:1911} INFO - Created Permission View: can read on DAG Run:consume_1_and_2_with_dataset_expressions
[2026-05-18T06:01:01.843+0000] {logging_mixin.py:190} INFO - [2026-05-18T06:01:01.842+0000] {override.py:1911} INFO - Created Permission View: can edit on DAG:dataset_produces_1
[2026-05-18T06:01:01.858+0000] {logging_mixin.py:190} INFO - [2026-05-18T06:01:01.858+0000] {override.py:1911} INFO - Created Permission View: can delete on DAG:dataset_produces_1
[2026-05-18T06:01:01.875+0000] {logging_mixin.py:190} INFO - [2026-05-18T06:01:01.874+0000] {override.py:1911} INFO - Created Permission View: can read on DAG:dataset_produces_1
[2026-05-18T06:01:01.904+0000] {logging_mixin.py:190} INFO - [2026-05-18T06:01:01.903+0000] {override.py:1911} INFO - Created Permission View: can delete on DAG Run:dataset_produces_1
[2026-05-18T06:01:01.924+0000] {logging_mixin.py:190} INFO - [2026-05-18T06:01:01.924+0000] {override.py:1911} INFO - Created Permission View: menu access on DAG Run:dataset_produces_1
[2026-05-18T06:01:01.941+0000] {logging_mixin.py:190} INFO - [2026-05-18T06:01:01.941+0000] {override.py:1911} INFO - Created Permission View: can create on DAG Run:dataset_produces_1
[2026-05-18T06:01:01.959+0000] {logging_mixin.py:190} INFO - [2026-05-18T06:01:01.959+0000] {override.py:1911} INFO - Created Permission View: can read on DAG Run:dataset_produces_1
[2026-05-18T06:01:01.960+0000] {logging_mixin.py:190} INFO - [2026-05-18T06:01:01.960+0000] {dag.py:3239} INFO - Sync 10 DAGs
[2026-05-18T06:01:01.977+0000] {logging_mixin.py:190} INFO - [2026-05-18T06:01:01.976+0000] {dag.py:3262} INFO - Creating ORM DAG for dataset_produces_2
[2026-05-18T06:01:01.977+0000] {logging_mixin.py:190} INFO - [2026-05-18T06:01:01.977+0000] {dag.py:3262} INFO - Creating ORM DAG for dataset_consumes_1_never_scheduled
[2026-05-18T06:01:01.978+0000] {logging_mixin.py:190} INFO - [2026-05-18T06:01:01.978+0000] {dag.py:3262} INFO - Creating ORM DAG for conditional_dataset_and_time_based_timetable
[2026-05-18T06:01:01.978+0000] {logging_mixin.py:190} INFO - [2026-05-18T06:01:01.978+0000] {dag.py:3262} INFO - Creating ORM DAG for dataset_produces_1
[2026-05-18T06:01:01.979+0000] {logging_mixin.py:190} INFO - [2026-05-18T06:01:01.979+0000] {dag.py:3262} INFO - Creating ORM DAG for consume_1_and_2_with_dataset_expressions
[2026-05-18T06:01:01.979+0000] {logging_mixin.py:190} INFO - [2026-05-18T06:01:01.979+0000] {dag.py:3262} INFO - Creating ORM DAG for dataset_consumes_unknown_never_scheduled
[2026-05-18T06:01:01.980+0000] {logging_mixin.py:190} INFO - [2026-05-18T06:01:01.980+0000] {dag.py:3262} INFO - Creating ORM DAG for dataset_consumes_1
[2026-05-18T06:01:01.980+0000] {logging_mixin.py:190} INFO - [2026-05-18T06:01:01.980+0000] {dag.py:3262} INFO - Creating ORM DAG for dataset_consumes_1_and_2
[2026-05-18T06:01:01.981+0000] {logging_mixin.py:190} INFO - [2026-05-18T06:01:01.981+0000] {dag.py:3262} INFO - Creating ORM DAG for consume_1_or_both_2_and_3_with_dataset_expressions
[2026-05-18T06:01:01.982+0000] {logging_mixin.py:190} INFO - [2026-05-18T06:01:01.981+0000] {dag.py:3262} INFO - Creating ORM DAG for consume_1_or_2_with_dataset_expressions
[2026-05-18T06:01:01.994+0000] {logging_mixin.py:190} INFO - [2026-05-18T06:01:01.993+0000] {dag.py:4180} INFO - Setting next_dagrun for conditional_dataset_and_time_based_timetable to 2026-05-13 01:00:00+00:00, run_after=2026-05-13 01:00:00+00:00
[2026-05-18T06:01:01.995+0000] {logging_mixin.py:190} INFO - [2026-05-18T06:01:01.994+0000] {dag.py:4180} INFO - Setting next_dagrun for consume_1_and_2_with_dataset_expressions to None, run_after=None
[2026-05-18T06:01:01.995+0000] {logging_mixin.py:190} INFO - [2026-05-18T06:01:01.995+0000] {dag.py:4180} INFO - Setting next_dagrun for consume_1_or_2_with_dataset_expressions to None, run_after=None
[2026-05-18T06:01:01.995+0000] {logging_mixin.py:190} INFO - [2026-05-18T06:01:01.995+0000] {dag.py:4180} INFO - Setting next_dagrun for consume_1_or_both_2_and_3_with_dataset_expressions to None, run_after=None
[2026-05-18T06:01:01.996+0000] {logging_mixin.py:190} INFO - [2026-05-18T06:01:01.996+0000] {dag.py:4180} INFO - Setting next_dagrun for dataset_consumes_1 to None, run_after=None
[2026-05-18T06:01:01.996+0000] {logging_mixin.py:190} INFO - [2026-05-18T06:01:01.996+0000] {dag.py:4180} INFO - Setting next_dagrun for dataset_consumes_1_and_2 to None, run_after=None
[2026-05-18T06:01:01.997+0000] {logging_mixin.py:190} INFO - [2026-05-18T06:01:01.997+0000] {dag.py:4180} INFO - Setting next_dagrun for dataset_consumes_1_never_scheduled to None, run_after=None
[2026-05-18T06:01:01.998+0000] {logging_mixin.py:190} INFO - [2026-05-18T06:01:01.998+0000] {dag.py:4180} INFO - Setting next_dagrun for dataset_consumes_unknown_never_scheduled to None, run_after=None
[2026-05-18T06:01:02.000+0000] {logging_mixin.py:190} INFO - [2026-05-18T06:01:01.999+0000] {dag.py:4180} INFO - Setting next_dagrun for dataset_produces_1 to 2026-05-17 00:00:00+00:00, run_after=2026-05-18 00:00:00+00:00
[2026-05-18T06:01:02.001+0000] {logging_mixin.py:190} INFO - [2026-05-18T06:01:02.001+0000] {dag.py:4180} INFO - Setting next_dagrun for dataset_produces_2 to None, run_after=None
[2026-05-18T06:01:02.050+0000] {processor.py:208} INFO - Processing /home/noelsdavid/airflow_venv/lib/python3.12/site-packages/airflow/example_dags/example_datasets.py took 1.765 seconds
[2026-05-18T06:02:10.556+0000] {processor.py:186} INFO - Started process (PID=7000) to work on /home/noelsdavid/airflow_venv/lib/python3.12/site-packages/airflow/example_dags/example_datasets.py
[2026-05-18T06:02:10.559+0000] {processor.py:914} INFO - Processing file /home/noelsdavid/airflow_venv/lib/python3.12/site-packages/airflow/example_dags/example_datasets.py for tasks to queue
[2026-05-18T06:02:10.562+0000] {logging_mixin.py:190} INFO - [2026-05-18T06:02:10.561+0000] {dagbag.py:588} INFO - Filling up the DagBag from /home/noelsdavid/airflow_venv/lib/python3.12/site-packages/airflow/example_dags/example_datasets.py
[2026-05-18T06:02:10.584+0000] {processor.py:925} INFO - DAG(s) 'dataset_consumes_1', 'dataset_consumes_unknown_never_scheduled', 'dataset_produces_1', 'consume_1_or_2_with_dataset_expressions', 'dataset_produces_2', 'consume_1_and_2_with_dataset_expressions', 'dataset_consumes_1_never_scheduled', 'dataset_consumes_1_and_2', 'conditional_dataset_and_time_based_timetable', 'consume_1_or_both_2_and_3_with_dataset_expressions' retrieved from /home/noelsdavid/airflow_venv/lib/python3.12/site-packages/airflow/example_dags/example_datasets.py
[2026-05-18T06:02:10.638+0000] {logging_mixin.py:190} INFO - [2026-05-18T06:02:10.638+0000] {dag.py:3239} INFO - Sync 10 DAGs
[2026-05-18T06:02:10.670+0000] {logging_mixin.py:190} INFO - [2026-05-18T06:02:10.670+0000] {dag.py:4180} INFO - Setting next_dagrun for conditional_dataset_and_time_based_timetable to 2026-05-13 01:00:00+00:00, run_after=2026-05-13 01:00:00+00:00
[2026-05-18T06:02:10.674+0000] {logging_mixin.py:190} INFO - [2026-05-18T06:02:10.674+0000] {dag.py:4180} INFO - Setting next_dagrun for consume_1_and_2_with_dataset_expressions to None, run_after=None
[2026-05-18T06:02:10.676+0000] {logging_mixin.py:190} INFO - [2026-05-18T06:02:10.676+0000] {dag.py:4180} INFO - Setting next_dagrun for consume_1_or_2_with_dataset_expressions to None, run_after=None
[2026-05-18T06:02:10.677+0000] {logging_mixin.py:190} INFO - [2026-05-18T06:02:10.677+0000] {dag.py:4180} INFO - Setting next_dagrun for consume_1_or_both_2_and_3_with_dataset_expressions to None, run_after=None
[2026-05-18T06:02:10.678+0000] {logging_mixin.py:190} INFO - [2026-05-18T06:02:10.678+0000] {dag.py:4180} INFO - Setting next_dagrun for dataset_consumes_1 to None, run_after=None
[2026-05-18T06:02:10.679+0000] {logging_mixin.py:190} INFO - [2026-05-18T06:02:10.679+0000] {dag.py:4180} INFO - Setting next_dagrun for dataset_consumes_1_and_2 to None, run_after=None
[2026-05-18T06:02:10.681+0000] {logging_mixin.py:190} INFO - [2026-05-18T06:02:10.680+0000] {dag.py:4180} INFO - Setting next_dagrun for dataset_consumes_1_never_scheduled to None, run_after=None
[2026-05-18T06:02:10.683+0000] {logging_mixin.py:190} INFO - [2026-05-18T06:02:10.682+0000] {dag.py:4180} INFO - Setting next_dagrun for dataset_consumes_unknown_never_scheduled to None, run_after=None
[2026-05-18T06:02:10.686+0000] {logging_mixin.py:190} INFO - [2026-05-18T06:02:10.686+0000] {dag.py:4180} INFO - Setting next_dagrun for dataset_produces_1 to 2026-05-17 00:00:00+00:00, run_after=2026-05-18 00:00:00+00:00
[2026-05-18T06:02:10.688+0000] {logging_mixin.py:190} INFO - [2026-05-18T06:02:10.688+0000] {dag.py:4180} INFO - Setting next_dagrun for dataset_produces_2 to None, run_after=None
[2026-05-18T06:02:10.731+0000] {processor.py:208} INFO - Processing /home/noelsdavid/airflow_venv/lib/python3.12/site-packages/airflow/example_dags/example_datasets.py took 0.182 seconds
[2026-05-18T06:03:10.350+0000] {processor.py:186} INFO - Started process (PID=7059) to work on /home/noelsdavid/airflow_venv/lib/python3.12/site-packages/airflow/example_dags/example_datasets.py
[2026-05-18T06:03:10.353+0000] {processor.py:914} INFO - Processing file /home/noelsdavid/airflow_venv/lib/python3.12/site-packages/airflow/example_dags/example_datasets.py for tasks to queue
[2026-05-18T06:03:10.356+0000] {logging_mixin.py:190} INFO - [2026-05-18T06:03:10.355+0000] {dagbag.py:588} INFO - Filling up the DagBag from /home/noelsdavid/airflow_venv/lib/python3.12/site-packages/airflow/example_dags/example_datasets.py
[2026-05-18T06:03:10.377+0000] {processor.py:925} INFO - DAG(s) 'dataset_consumes_unknown_never_scheduled', 'consume_1_or_both_2_and_3_with_dataset_expressions', 'dataset_consumes_1', 'dataset_produces_1', 'dataset_consumes_1_and_2', 'conditional_dataset_and_time_based_timetable', 'consume_1_or_2_with_dataset_expressions', 'dataset_consumes_1_never_scheduled', 'consume_1_and_2_with_dataset_expressions', 'dataset_produces_2' retrieved from /home/noelsdavid/airflow_venv/lib/python3.12/site-packages/airflow/example_dags/example_datasets.py
[2026-05-18T06:03:10.419+0000] {logging_mixin.py:190} INFO - [2026-05-18T06:03:10.419+0000] {dag.py:3239} INFO - Sync 10 DAGs
[2026-05-18T06:03:10.448+0000] {logging_mixin.py:190} INFO - [2026-05-18T06:03:10.448+0000] {dag.py:4180} INFO - Setting next_dagrun for conditional_dataset_and_time_based_timetable to 2026-05-13 01:00:00+00:00, run_after=2026-05-13 01:00:00+00:00
[2026-05-18T06:03:10.452+0000] {logging_mixin.py:190} INFO - [2026-05-18T06:03:10.452+0000] {dag.py:4180} INFO - Setting next_dagrun for consume_1_and_2_with_dataset_expressions to None, run_after=None
[2026-05-18T06:03:10.453+0000] {logging_mixin.py:190} INFO - [2026-05-18T06:03:10.453+0000] {dag.py:4180} INFO - Setting next_dagrun for consume_1_or_2_with_dataset_expressions to None, run_after=None
[2026-05-18T06:03:10.454+0000] {logging_mixin.py:190} INFO - [2026-05-18T06:03:10.454+0000] {dag.py:4180} INFO - Setting next_dagrun for consume_1_or_both_2_and_3_with_dataset_expressions to None, run_after=None
[2026-05-18T06:03:10.455+0000] {logging_mixin.py:190} INFO - [2026-05-18T06:03:10.455+0000] {dag.py:4180} INFO - Setting next_dagrun for dataset_consumes_1 to None, run_after=None
[2026-05-18T06:03:10.456+0000] {logging_mixin.py:190} INFO - [2026-05-18T06:03:10.456+0000] {dag.py:4180} INFO - Setting next_dagrun for dataset_consumes_1_and_2 to None, run_after=None
[2026-05-18T06:03:10.457+0000] {logging_mixin.py:190} INFO - [2026-05-18T06:03:10.457+0000] {dag.py:4180} INFO - Setting next_dagrun for dataset_consumes_1_never_scheduled to None, run_after=None
[2026-05-18T06:03:10.458+0000] {logging_mixin.py:190} INFO - [2026-05-18T06:03:10.458+0000] {dag.py:4180} INFO - Setting next_dagrun for dataset_consumes_unknown_never_scheduled to None, run_after=None
[2026-05-18T06:03:10.460+0000] {logging_mixin.py:190} INFO - [2026-05-18T06:03:10.460+0000] {dag.py:4180} INFO - Setting next_dagrun for dataset_produces_1 to 2026-05-17 00:00:00+00:00, run_after=2026-05-18 00:00:00+00:00
[2026-05-18T06:03:10.461+0000] {logging_mixin.py:190} INFO - [2026-05-18T06:03:10.461+0000] {dag.py:4180} INFO - Setting next_dagrun for dataset_produces_2 to None, run_after=None
[2026-05-18T06:03:10.498+0000] {processor.py:208} INFO - Processing /home/noelsdavid/airflow_venv/lib/python3.12/site-packages/airflow/example_dags/example_datasets.py took 0.156 seconds
[2026-05-18T06:04:10.602+0000] {processor.py:186} INFO - Started process (PID=7119) to work on /home/noelsdavid/airflow_venv/lib/python3.12/site-packages/airflow/example_dags/example_datasets.py
[2026-05-18T06:04:10.623+0000] {processor.py:914} INFO - Processing file /home/noelsdavid/airflow_venv/lib/python3.12/site-packages/airflow/example_dags/example_datasets.py for tasks to queue
[2026-05-18T06:04:10.626+0000] {logging_mixin.py:190} INFO - [2026-05-18T06:04:10.625+0000] {dagbag.py:588} INFO - Filling up the DagBag from /home/noelsdavid/airflow_venv/lib/python3.12/site-packages/airflow/example_dags/example_datasets.py
[2026-05-18T06:04:10.648+0000] {processor.py:925} INFO - DAG(s) 'dataset_consumes_unknown_never_scheduled', 'dataset_produces_2', 'consume_1_or_both_2_and_3_with_dataset_expressions', 'consume_1_and_2_with_dataset_expressions', 'dataset_consumes_1', 'conditional_dataset_and_time_based_timetable', 'consume_1_or_2_with_dataset_expressions', 'dataset_produces_1', 'dataset_consumes_1_never_scheduled', 'dataset_consumes_1_and_2' retrieved from /home/noelsdavid/airflow_venv/lib/python3.12/site-packages/airflow/example_dags/example_datasets.py
[2026-05-18T06:04:10.693+0000] {logging_mixin.py:190} INFO - [2026-05-18T06:04:10.693+0000] {dag.py:3239} INFO - Sync 10 DAGs
[2026-05-18T06:04:10.721+0000] {logging_mixin.py:190} INFO - [2026-05-18T06:04:10.721+0000] {dag.py:4180} INFO - Setting next_dagrun for conditional_dataset_and_time_based_timetable to 2026-05-13 01:00:00+00:00, run_after=2026-05-13 01:00:00+00:00
[2026-05-18T06:04:10.726+0000] {logging_mixin.py:190} INFO - [2026-05-18T06:04:10.725+0000] {dag.py:4180} INFO - Setting next_dagrun for consume_1_and_2_with_dataset_expressions to None, run_after=None
[2026-05-18T06:04:10.727+0000] {logging_mixin.py:190} INFO - [2026-05-18T06:04:10.727+0000] {dag.py:4180} INFO - Setting next_dagrun for consume_1_or_2_with_dataset_expressions to None, run_after=None
[2026-05-18T06:04:10.728+0000] {logging_mixin.py:190} INFO - [2026-05-18T06:04:10.728+0000] {dag.py:4180} INFO - Setting next_dagrun for consume_1_or_both_2_and_3_with_dataset_expressions to None, run_after=None
[2026-05-18T06:04:10.730+0000] {logging_mixin.py:190} INFO - [2026-05-18T06:04:10.729+0000] {dag.py:4180} INFO - Setting next_dagrun for dataset_consumes_1 to None, run_after=None
[2026-05-18T06:04:10.731+0000] {logging_mixin.py:190} INFO - [2026-05-18T06:04:10.730+0000] {dag.py:4180} INFO - Setting next_dagrun for dataset_consumes_1_and_2 to None, run_after=None
[2026-05-18T06:04:10.732+0000] {logging_mixin.py:190} INFO - [2026-05-18T06:04:10.731+0000] {dag.py:4180} INFO - Setting next_dagrun for dataset_consumes_1_never_scheduled to None, run_after=None
[2026-05-18T06:04:10.733+0000] {logging_mixin.py:190} INFO - [2026-05-18T06:04:10.732+0000] {dag.py:4180} INFO - Setting next_dagrun for dataset_consumes_unknown_never_scheduled to None, run_after=None
[2026-05-18T06:04:10.735+0000] {logging_mixin.py:190} INFO - [2026-05-18T06:04:10.735+0000] {dag.py:4180} INFO - Setting next_dagrun for dataset_produces_1 to 2026-05-17 00:00:00+00:00, run_after=2026-05-18 00:00:00+00:00
[2026-05-18T06:04:10.736+0000] {logging_mixin.py:190} INFO - [2026-05-18T06:04:10.736+0000] {dag.py:4180} INFO - Setting next_dagrun for dataset_produces_2 to None, run_after=None
[2026-05-18T06:04:10.783+0000] {processor.py:208} INFO - Processing /home/noelsdavid/airflow_venv/lib/python3.12/site-packages/airflow/example_dags/example_datasets.py took 0.189 seconds
[2026-05-18T06:05:14.291+0000] {processor.py:186} INFO - Started process (PID=7206) to work on /home/noelsdavid/airflow_venv/lib/python3.12/site-packages/airflow/example_dags/example_datasets.py
[2026-05-18T06:05:14.294+0000] {processor.py:914} INFO - Processing file /home/noelsdavid/airflow_venv/lib/python3.12/site-packages/airflow/example_dags/example_datasets.py for tasks to queue
[2026-05-18T06:05:14.297+0000] {logging_mixin.py:190} INFO - [2026-05-18T06:05:14.296+0000] {dagbag.py:588} INFO - Filling up the DagBag from /home/noelsdavid/airflow_venv/lib/python3.12/site-packages/airflow/example_dags/example_datasets.py
[2026-05-18T06:05:14.317+0000] {processor.py:925} INFO - DAG(s) 'conditional_dataset_and_time_based_timetable', 'dataset_consumes_unknown_never_scheduled', 'dataset_produces_2', 'consume_1_and_2_with_dataset_expressions', 'dataset_consumes_1_never_scheduled', 'dataset_consumes_1', 'consume_1_or_both_2_and_3_with_dataset_expressions', 'consume_1_or_2_with_dataset_expressions', 'dataset_produces_1', 'dataset_consumes_1_and_2' retrieved from /home/noelsdavid/airflow_venv/lib/python3.12/site-packages/airflow/example_dags/example_datasets.py
[2026-05-18T06:05:14.361+0000] {logging_mixin.py:190} INFO - [2026-05-18T06:05:14.360+0000] {dag.py:3239} INFO - Sync 10 DAGs
[2026-05-18T06:05:14.554+0000] {logging_mixin.py:190} INFO - [2026-05-18T06:05:14.553+0000] {dag.py:4180} INFO - Setting next_dagrun for conditional_dataset_and_time_based_timetable to 2026-05-13 01:00:00+00:00, run_after=2026-05-13 01:00:00+00:00
[2026-05-18T06:05:14.559+0000] {logging_mixin.py:190} INFO - [2026-05-18T06:05:14.559+0000] {dag.py:4180} INFO - Setting next_dagrun for consume_1_and_2_with_dataset_expressions to None, run_after=None
[2026-05-18T06:05:14.560+0000] {logging_mixin.py:190} INFO - [2026-05-18T06:05:14.560+0000] {dag.py:4180} INFO - Setting next_dagrun for consume_1_or_2_with_dataset_expressions to None, run_after=None
[2026-05-18T06:05:14.562+0000] {logging_mixin.py:190} INFO - [2026-05-18T06:05:14.561+0000] {dag.py:4180} INFO - Setting next_dagrun for consume_1_or_both_2_and_3_with_dataset_expressions to None, run_after=None
[2026-05-18T06:05:14.563+0000] {logging_mixin.py:190} INFO - [2026-05-18T06:05:14.563+0000] {dag.py:4180} INFO - Setting next_dagrun for dataset_consumes_1 to None, run_after=None
[2026-05-18T06:05:14.564+0000] {logging_mixin.py:190} INFO - [2026-05-18T06:05:14.564+0000] {dag.py:4180} INFO - Setting next_dagrun for dataset_consumes_1_and_2 to None, run_after=None
[2026-05-18T06:05:14.565+0000] {logging_mixin.py:190} INFO - [2026-05-18T06:05:14.565+0000] {dag.py:4180} INFO - Setting next_dagrun for dataset_consumes_1_never_scheduled to None, run_after=None
[2026-05-18T06:05:14.566+0000] {logging_mixin.py:190} INFO - [2026-05-18T06:05:14.566+0000] {dag.py:4180} INFO - Setting next_dagrun for dataset_consumes_unknown_never_scheduled to None, run_after=None
[2026-05-18T06:05:14.568+0000] {logging_mixin.py:190} INFO - [2026-05-18T06:05:14.568+0000] {dag.py:4180} INFO - Setting next_dagrun for dataset_produces_1 to 2026-05-17 00:00:00+00:00, run_after=2026-05-18 00:00:00+00:00
[2026-05-18T06:05:14.570+0000] {logging_mixin.py:190} INFO - [2026-05-18T06:05:14.569+0000] {dag.py:4180} INFO - Setting next_dagrun for dataset_produces_2 to None, run_after=None
[2026-05-18T06:05:14.610+0000] {processor.py:208} INFO - Processing /home/noelsdavid/airflow_venv/lib/python3.12/site-packages/airflow/example_dags/example_datasets.py took 0.327 seconds
[2026-05-18T06:06:26.764+0000] {processor.py:186} INFO - Started process (PID=7272) to work on /home/noelsdavid/airflow_venv/lib/python3.12/site-packages/airflow/example_dags/example_datasets.py
[2026-05-18T06:06:26.766+0000] {processor.py:914} INFO - Processing file /home/noelsdavid/airflow_venv/lib/python3.12/site-packages/airflow/example_dags/example_datasets.py for tasks to queue
[2026-05-18T06:06:26.769+0000] {logging_mixin.py:190} INFO - [2026-05-18T06:06:26.768+0000] {dagbag.py:588} INFO - Filling up the DagBag from /home/noelsdavid/airflow_venv/lib/python3.12/site-packages/airflow/example_dags/example_datasets.py
[2026-05-18T06:06:26.791+0000] {processor.py:925} INFO - DAG(s) 'conditional_dataset_and_time_based_timetable', 'consume_1_and_2_with_dataset_expressions', 'dataset_consumes_unknown_never_scheduled', 'dataset_consumes_1_and_2', 'consume_1_or_2_with_dataset_expressions', 'dataset_produces_2', 'consume_1_or_both_2_and_3_with_dataset_expressions', 'dataset_consumes_1_never_scheduled', 'dataset_produces_1', 'dataset_consumes_1' retrieved from /home/noelsdavid/airflow_venv/lib/python3.12/site-packages/airflow/example_dags/example_datasets.py
[2026-05-18T06:06:26.836+0000] {logging_mixin.py:190} INFO - [2026-05-18T06:06:26.836+0000] {dag.py:3239} INFO - Sync 10 DAGs
[2026-05-18T06:06:26.868+0000] {logging_mixin.py:190} INFO - [2026-05-18T06:06:26.867+0000] {dag.py:4180} INFO - Setting next_dagrun for conditional_dataset_and_time_based_timetable to 2026-05-13 01:00:00+00:00, run_after=2026-05-13 01:00:00+00:00
[2026-05-18T06:06:26.872+0000] {logging_mixin.py:190} INFO - [2026-05-18T06:06:26.872+0000] {dag.py:4180} INFO - Setting next_dagrun for consume_1_and_2_with_dataset_expressions to None, run_after=None
[2026-05-18T06:06:26.874+0000] {logging_mixin.py:190} INFO - [2026-05-18T06:06:26.874+0000] {dag.py:4180} INFO - Setting next_dagrun for consume_1_or_2_with_dataset_expressions to None, run_after=None
[2026-05-18T06:06:26.875+0000] {logging_mixin.py:190} INFO - [2026-05-18T06:06:26.875+0000] {dag.py:4180} INFO - Setting next_dagrun for consume_1_or_both_2_and_3_with_dataset_expressions to None, run_after=None
[2026-05-18T06:06:26.876+0000] {logging_mixin.py:190} INFO - [2026-05-18T06:06:26.876+0000] {dag.py:4180} INFO - Setting next_dagrun for dataset_consumes_1 to None, run_after=None
[2026-05-18T06:06:26.877+0000] {logging_mixin.py:190} INFO - [2026-05-18T06:06:26.877+0000] {dag.py:4180} INFO - Setting next_dagrun for dataset_consumes_1_and_2 to None, run_after=None
[2026-05-18T06:06:26.878+0000] {logging_mixin.py:190} INFO - [2026-05-18T06:06:26.878+0000] {dag.py:4180} INFO - Setting next_dagrun for dataset_consumes_1_never_scheduled to None, run_after=None
[2026-05-18T06:06:26.879+0000] {logging_mixin.py:190} INFO - [2026-05-18T06:06:26.879+0000] {dag.py:4180} INFO - Setting next_dagrun for dataset_consumes_unknown_never_scheduled to None, run_after=None
[2026-05-18T06:06:26.881+0000] {logging_mixin.py:190} INFO - [2026-05-18T06:06:26.881+0000] {dag.py:4180} INFO - Setting next_dagrun for dataset_produces_1 to 2026-05-17 00:00:00+00:00, run_after=2026-05-18 00:00:00+00:00
[2026-05-18T06:06:26.882+0000] {logging_mixin.py:190} INFO - [2026-05-18T06:06:26.882+0000] {dag.py:4180} INFO - Setting next_dagrun for dataset_produces_2 to None, run_after=None
[2026-05-18T06:06:26.923+0000] {processor.py:208} INFO - Processing /home/noelsdavid/airflow_venv/lib/python3.12/site-packages/airflow/example_dags/example_datasets.py took 0.167 seconds
[2026-05-18T06:07:22.347+0000] {processor.py:186} INFO - Started process (PID=7329) to work on /home/noelsdavid/airflow_venv/lib/python3.12/site-packages/airflow/example_dags/example_datasets.py
[2026-05-18T06:07:22.369+0000] {processor.py:914} INFO - Processing file /home/noelsdavid/airflow_venv/lib/python3.12/site-packages/airflow/example_dags/example_datasets.py for tasks to queue
[2026-05-18T06:07:22.373+0000] {logging_mixin.py:190} INFO - [2026-05-18T06:07:22.372+0000] {dagbag.py:588} INFO - Filling up the DagBag from /home/noelsdavid/airflow_venv/lib/python3.12/site-packages/airflow/example_dags/example_datasets.py
[2026-05-18T06:07:22.399+0000] {processor.py:925} INFO - DAG(s) 'consume_1_and_2_with_dataset_expressions', 'consume_1_or_both_2_and_3_with_dataset_expressions', 'conditional_dataset_and_time_based_timetable', 'dataset_consumes_1_never_scheduled', 'dataset_produces_2', 'dataset_consumes_unknown_never_scheduled', 'dataset_consumes_1', 'dataset_consumes_1_and_2', 'consume_1_or_2_with_dataset_expressions', 'dataset_produces_1' retrieved from /home/noelsdavid/airflow_venv/lib/python3.12/site-packages/airflow/example_dags/example_datasets.py
[2026-05-18T06:07:22.456+0000] {logging_mixin.py:190} INFO - [2026-05-18T06:07:22.456+0000] {dag.py:3239} INFO - Sync 10 DAGs
[2026-05-18T06:07:22.501+0000] {logging_mixin.py:190} INFO - [2026-05-18T06:07:22.501+0000] {dag.py:4180} INFO - Setting next_dagrun for conditional_dataset_and_time_based_timetable to 2026-05-13 01:00:00+00:00, run_after=2026-05-13 01:00:00+00:00
[2026-05-18T06:07:22.508+0000] {logging_mixin.py:190} INFO - [2026-05-18T06:07:22.507+0000] {dag.py:4180} INFO - Setting next_dagrun for consume_1_and_2_with_dataset_expressions to None, run_after=None
[2026-05-18T06:07:22.510+0000] {logging_mixin.py:190} INFO - [2026-05-18T06:07:22.510+0000] {dag.py:4180} INFO - Setting next_dagrun for consume_1_or_2_with_dataset_expressions to None, run_after=None
[2026-05-18T06:07:22.512+0000] {logging_mixin.py:190} INFO - [2026-05-18T06:07:22.511+0000] {dag.py:4180} INFO - Setting next_dagrun for consume_1_or_both_2_and_3_with_dataset_expressions to None, run_after=None
[2026-05-18T06:07:22.513+0000] {logging_mixin.py:190} INFO - [2026-05-18T06:07:22.513+0000] {dag.py:4180} INFO - Setting next_dagrun for dataset_consumes_1 to None, run_after=None
[2026-05-18T06:07:22.516+0000] {logging_mixin.py:190} INFO - [2026-05-18T06:07:22.515+0000] {dag.py:4180} INFO - Setting next_dagrun for dataset_consumes_1_and_2 to None, run_after=None
[2026-05-18T06:07:22.517+0000] {logging_mixin.py:190} INFO - [2026-05-18T06:07:22.517+0000] {dag.py:4180} INFO - Setting next_dagrun for dataset_consumes_1_never_scheduled to None, run_after=None
[2026-05-18T06:07:22.519+0000] {logging_mixin.py:190} INFO - [2026-05-18T06:07:22.518+0000] {dag.py:4180} INFO - Setting next_dagrun for dataset_consumes_unknown_never_scheduled to None, run_after=None
[2026-05-18T06:07:22.521+0000] {logging_mixin.py:190} INFO - [2026-05-18T06:07:22.521+0000] {dag.py:4180} INFO - Setting next_dagrun for dataset_produces_1 to 2026-05-17 00:00:00+00:00, run_after=2026-05-18 00:00:00+00:00
[2026-05-18T06:07:22.523+0000] {logging_mixin.py:190} INFO - [2026-05-18T06:07:22.522+0000] {dag.py:4180} INFO - Setting next_dagrun for dataset_produces_2 to None, run_after=None
[2026-05-18T06:07:22.580+0000] {processor.py:208} INFO - Processing /home/noelsdavid/airflow_venv/lib/python3.12/site-packages/airflow/example_dags/example_datasets.py took 0.246 seconds
[2026-05-18T06:08:24.914+0000] {processor.py:186} INFO - Started process (PID=7388) to work on /home/noelsdavid/airflow_venv/lib/python3.12/site-packages/airflow/example_dags/example_datasets.py
[2026-05-18T06:08:24.938+0000] {processor.py:914} INFO - Processing file /home/noelsdavid/airflow_venv/lib/python3.12/site-packages/airflow/example_dags/example_datasets.py for tasks to queue
[2026-05-18T06:08:24.941+0000] {logging_mixin.py:190} INFO - [2026-05-18T06:08:24.940+0000] {dagbag.py:588} INFO - Filling up the DagBag from /home/noelsdavid/airflow_venv/lib/python3.12/site-packages/airflow/example_dags/example_datasets.py
[2026-05-18T06:08:24.964+0000] {processor.py:925} INFO - DAG(s) 'consume_1_and_2_with_dataset_expressions', 'dataset_produces_2', 'consume_1_or_2_with_dataset_expressions', 'dataset_consumes_1_and_2', 'conditional_dataset_and_time_based_timetable', 'dataset_consumes_1', 'dataset_consumes_1_never_scheduled', 'consume_1_or_both_2_and_3_with_dataset_expressions', 'dataset_consumes_unknown_never_scheduled', 'dataset_produces_1' retrieved from /home/noelsdavid/airflow_venv/lib/python3.12/site-packages/airflow/example_dags/example_datasets.py
[2026-05-18T06:08:25.012+0000] {logging_mixin.py:190} INFO - [2026-05-18T06:08:25.012+0000] {dag.py:3239} INFO - Sync 10 DAGs
[2026-05-18T06:08:25.042+0000] {logging_mixin.py:190} INFO - [2026-05-18T06:08:25.042+0000] {dag.py:4180} INFO - Setting next_dagrun for conditional_dataset_and_time_based_timetable to 2026-05-13 01:00:00+00:00, run_after=2026-05-13 01:00:00+00:00
[2026-05-18T06:08:25.048+0000] {logging_mixin.py:190} INFO - [2026-05-18T06:08:25.048+0000] {dag.py:4180} INFO - Setting next_dagrun for consume_1_and_2_with_dataset_expressions to None, run_after=None
[2026-05-18T06:08:25.049+0000] {logging_mixin.py:190} INFO - [2026-05-18T06:08:25.049+0000] {dag.py:4180} INFO - Setting next_dagrun for consume_1_or_2_with_dataset_expressions to None, run_after=None
[2026-05-18T06:08:25.051+0000] {logging_mixin.py:190} INFO - [2026-05-18T06:08:25.050+0000] {dag.py:4180} INFO - Setting next_dagrun for consume_1_or_both_2_and_3_with_dataset_expressions to None, run_after=None
[2026-05-18T06:08:25.052+0000] {logging_mixin.py:190} INFO - [2026-05-18T06:08:25.051+0000] {dag.py:4180} INFO - Setting next_dagrun for dataset_consumes_1 to None, run_after=None
[2026-05-18T06:08:25.052+0000] {logging_mixin.py:190} INFO - [2026-05-18T06:08:25.052+0000] {dag.py:4180} INFO - Setting next_dagrun for dataset_consumes_1_and_2 to None, run_after=None
[2026-05-18T06:08:25.053+0000] {logging_mixin.py:190} INFO - [2026-05-18T06:08:25.053+0000] {dag.py:4180} INFO - Setting next_dagrun for dataset_consumes_1_never_scheduled to None, run_after=None
[2026-05-18T06:08:25.054+0000] {logging_mixin.py:190} INFO - [2026-05-18T06:08:25.054+0000] {dag.py:4180} INFO - Setting next_dagrun for dataset_consumes_unknown_never_scheduled to None, run_after=None
[2026-05-18T06:08:25.057+0000] {logging_mixin.py:190} INFO - [2026-05-18T06:08:25.056+0000] {dag.py:4180} INFO - Setting next_dagrun for dataset_produces_1 to 2026-05-17 00:00:00+00:00, run_after=2026-05-18 00:00:00+00:00
[2026-05-18T06:08:25.058+0000] {logging_mixin.py:190} INFO - [2026-05-18T06:08:25.058+0000] {dag.py:4180} INFO - Setting next_dagrun for dataset_produces_2 to None, run_after=None
[2026-05-18T06:08:25.099+0000] {processor.py:208} INFO - Processing /home/noelsdavid/airflow_venv/lib/python3.12/site-packages/airflow/example_dags/example_datasets.py took 0.193 seconds
[2026-05-18T06:09:29.686+0000] {processor.py:186} INFO - Started process (PID=7450) to work on /home/noelsdavid/airflow_venv/lib/python3.12/site-packages/airflow/example_dags/example_datasets.py
[2026-05-18T06:09:29.689+0000] {processor.py:914} INFO - Processing file /home/noelsdavid/airflow_venv/lib/python3.12/site-packages/airflow/example_dags/example_datasets.py for tasks to queue
[2026-05-18T06:09:29.693+0000] {logging_mixin.py:190} INFO - [2026-05-18T06:09:29.692+0000] {dagbag.py:588} INFO - Filling up the DagBag from /home/noelsdavid/airflow_venv/lib/python3.12/site-packages/airflow/example_dags/example_datasets.py
[2026-05-18T06:09:29.715+0000] {processor.py:925} INFO - DAG(s) 'consume_1_or_both_2_and_3_with_dataset_expressions', 'conditional_dataset_and_time_based_timetable', 'dataset_consumes_1', 'consume_1_or_2_with_dataset_expressions', 'dataset_consumes_unknown_never_scheduled', 'dataset_consumes_1_and_2', 'dataset_produces_2', 'dataset_consumes_1_never_scheduled', 'dataset_produces_1', 'consume_1_and_2_with_dataset_expressions' retrieved from /home/noelsdavid/airflow_venv/lib/python3.12/site-packages/airflow/example_dags/example_datasets.py
[2026-05-18T06:09:29.763+0000] {logging_mixin.py:190} INFO - [2026-05-18T06:09:29.762+0000] {dag.py:3239} INFO - Sync 10 DAGs
[2026-05-18T06:09:29.796+0000] {logging_mixin.py:190} INFO - [2026-05-18T06:09:29.796+0000] {dag.py:4180} INFO - Setting next_dagrun for conditional_dataset_and_time_based_timetable to 2026-05-13 01:00:00+00:00, run_after=2026-05-13 01:00:00+00:00
[2026-05-18T06:09:29.801+0000] {logging_mixin.py:190} INFO - [2026-05-18T06:09:29.801+0000] {dag.py:4180} INFO - Setting next_dagrun for consume_1_and_2_with_dataset_expressions to None, run_after=None
[2026-05-18T06:09:29.803+0000] {logging_mixin.py:190} INFO - [2026-05-18T06:09:29.802+0000] {dag.py:4180} INFO - Setting next_dagrun for consume_1_or_2_with_dataset_expressions to None, run_after=None
[2026-05-18T06:09:29.804+0000] {logging_mixin.py:190} INFO - [2026-05-18T06:09:29.803+0000] {dag.py:4180} INFO - Setting next_dagrun for consume_1_or_both_2_and_3_with_dataset_expressions to None, run_after=None
[2026-05-18T06:09:29.805+0000] {logging_mixin.py:190} INFO - [2026-05-18T06:09:29.805+0000] {dag.py:4180} INFO - Setting next_dagrun for dataset_consumes_1 to None, run_after=None
[2026-05-18T06:09:29.806+0000] {logging_mixin.py:190} INFO - [2026-05-18T06:09:29.806+0000] {dag.py:4180} INFO - Setting next_dagrun for dataset_consumes_1_and_2 to None, run_after=None
[2026-05-18T06:09:29.807+0000] {logging_mixin.py:190} INFO - [2026-05-18T06:09:29.807+0000] {dag.py:4180} INFO - Setting next_dagrun for dataset_consumes_1_never_scheduled to None, run_after=None
[2026-05-18T06:09:29.808+0000] {logging_mixin.py:190} INFO - [2026-05-18T06:09:29.808+0000] {dag.py:4180} INFO - Setting next_dagrun for dataset_consumes_unknown_never_scheduled to None, run_after=None
[2026-05-18T06:09:29.810+0000] {logging_mixin.py:190} INFO - [2026-05-18T06:09:29.810+0000] {dag.py:4180} INFO - Setting next_dagrun for dataset_produces_1 to 2026-05-17 00:00:00+00:00, run_after=2026-05-18 00:00:00+00:00
[2026-05-18T06:09:29.811+0000] {logging_mixin.py:190} INFO - [2026-05-18T06:09:29.811+0000] {dag.py:4180} INFO - Setting next_dagrun for dataset_produces_2 to None, run_after=None
[2026-05-18T06:09:29.856+0000] {processor.py:208} INFO - Processing /home/noelsdavid/airflow_venv/lib/python3.12/site-packages/airflow/example_dags/example_datasets.py took 0.178 seconds
[2026-05-18T06:10:31.410+0000] {processor.py:186} INFO - Started process (PID=7535) to work on /home/noelsdavid/airflow_venv/lib/python3.12/site-packages/airflow/example_dags/example_datasets.py
[2026-05-18T06:10:31.412+0000] {processor.py:914} INFO - Processing file /home/noelsdavid/airflow_venv/lib/python3.12/site-packages/airflow/example_dags/example_datasets.py for tasks to queue
[2026-05-18T06:10:31.416+0000] {logging_mixin.py:190} INFO - [2026-05-18T06:10:31.415+0000] {dagbag.py:588} INFO - Filling up the DagBag from /home/noelsdavid/airflow_venv/lib/python3.12/site-packages/airflow/example_dags/example_datasets.py
[2026-05-18T06:10:31.437+0000] {processor.py:925} INFO - DAG(s) 'dataset_produces_1', 'consume_1_or_both_2_and_3_with_dataset_expressions', 'dataset_produces_2', 'dataset_consumes_unknown_never_scheduled', 'consume_1_and_2_with_dataset_expressions', 'consume_1_or_2_with_dataset_expressions', 'dataset_consumes_1_and_2', 'conditional_dataset_and_time_based_timetable', 'dataset_consumes_1_never_scheduled', 'dataset_consumes_1' retrieved from /home/noelsdavid/airflow_venv/lib/python3.12/site-packages/airflow/example_dags/example_datasets.py
[2026-05-18T06:10:31.483+0000] {logging_mixin.py:190} INFO - [2026-05-18T06:10:31.482+0000] {dag.py:3239} INFO - Sync 10 DAGs
[2026-05-18T06:10:31.516+0000] {logging_mixin.py:190} INFO - [2026-05-18T06:10:31.515+0000] {dag.py:4180} INFO - Setting next_dagrun for conditional_dataset_and_time_based_timetable to 2026-05-13 01:00:00+00:00, run_after=2026-05-13 01:00:00+00:00
[2026-05-18T06:10:31.520+0000] {logging_mixin.py:190} INFO - [2026-05-18T06:10:31.520+0000] {dag.py:4180} INFO - Setting next_dagrun for consume_1_and_2_with_dataset_expressions to None, run_after=None
[2026-05-18T06:10:31.522+0000] {logging_mixin.py:190} INFO - [2026-05-18T06:10:31.522+0000] {dag.py:4180} INFO - Setting next_dagrun for consume_1_or_2_with_dataset_expressions to None, run_after=None
[2026-05-18T06:10:31.523+0000] {logging_mixin.py:190} INFO - [2026-05-18T06:10:31.523+0000] {dag.py:4180} INFO - Setting next_dagrun for consume_1_or_both_2_and_3_with_dataset_expressions to None, run_after=None
[2026-05-18T06:10:31.525+0000] {logging_mixin.py:190} INFO - [2026-05-18T06:10:31.524+0000] {dag.py:4180} INFO - Setting next_dagrun for dataset_consumes_1 to None, run_after=None
[2026-05-18T06:10:31.526+0000] {logging_mixin.py:190} INFO - [2026-05-18T06:10:31.525+0000] {dag.py:4180} INFO - Setting next_dagrun for dataset_consumes_1_and_2 to None, run_after=None
[2026-05-18T06:10:31.527+0000] {logging_mixin.py:190} INFO - [2026-05-18T06:10:31.527+0000] {dag.py:4180} INFO - Setting next_dagrun for dataset_consumes_1_never_scheduled to None, run_after=None
[2026-05-18T06:10:31.528+0000] {logging_mixin.py:190} INFO - [2026-05-18T06:10:31.528+0000] {dag.py:4180} INFO - Setting next_dagrun for dataset_consumes_unknown_never_scheduled to None, run_after=None
[2026-05-18T06:10:31.530+0000] {logging_mixin.py:190} INFO - [2026-05-18T06:10:31.530+0000] {dag.py:4180} INFO - Setting next_dagrun for dataset_produces_1 to 2026-05-17 00:00:00+00:00, run_after=2026-05-18 00:00:00+00:00
[2026-05-18T06:10:31.531+0000] {logging_mixin.py:190} INFO - [2026-05-18T06:10:31.531+0000] {dag.py:4180} INFO - Setting next_dagrun for dataset_produces_2 to None, run_after=None
[2026-05-18T06:10:31.578+0000] {processor.py:208} INFO - Processing /home/noelsdavid/airflow_venv/lib/python3.12/site-packages/airflow/example_dags/example_datasets.py took 0.175 seconds
[2026-05-18T06:11:31.330+0000] {processor.py:186} INFO - Started process (PID=7594) to work on /home/noelsdavid/airflow_venv/lib/python3.12/site-packages/airflow/example_dags/example_datasets.py
[2026-05-18T06:11:31.332+0000] {processor.py:914} INFO - Processing file /home/noelsdavid/airflow_venv/lib/python3.12/site-packages/airflow/example_dags/example_datasets.py for tasks to queue
[2026-05-18T06:11:31.335+0000] {logging_mixin.py:190} INFO - [2026-05-18T06:11:31.335+0000] {dagbag.py:588} INFO - Filling up the DagBag from /home/noelsdavid/airflow_venv/lib/python3.12/site-packages/airflow/example_dags/example_datasets.py
[2026-05-18T06:11:31.358+0000] {processor.py:925} INFO - DAG(s) 'dataset_consumes_1_and_2', 'dataset_consumes_unknown_never_scheduled', 'dataset_consumes_1', 'consume_1_and_2_with_dataset_expressions', 'conditional_dataset_and_time_based_timetable', 'dataset_produces_2', 'dataset_consumes_1_never_scheduled', 'consume_1_or_both_2_and_3_with_dataset_expressions', 'dataset_produces_1', 'consume_1_or_2_with_dataset_expressions' retrieved from /home/noelsdavid/airflow_venv/lib/python3.12/site-packages/airflow/example_dags/example_datasets.py
[2026-05-18T06:11:31.408+0000] {logging_mixin.py:190} INFO - [2026-05-18T06:11:31.407+0000] {dag.py:3239} INFO - Sync 10 DAGs
[2026-05-18T06:11:31.438+0000] {logging_mixin.py:190} INFO - [2026-05-18T06:11:31.437+0000] {dag.py:4180} INFO - Setting next_dagrun for conditional_dataset_and_time_based_timetable to 2026-05-13 01:00:00+00:00, run_after=2026-05-13 01:00:00+00:00
[2026-05-18T06:11:31.442+0000] {logging_mixin.py:190} INFO - [2026-05-18T06:11:31.442+0000] {dag.py:4180} INFO - Setting next_dagrun for consume_1_and_2_with_dataset_expressions to None, run_after=None
[2026-05-18T06:11:31.444+0000] {logging_mixin.py:190} INFO - [2026-05-18T06:11:31.443+0000] {dag.py:4180} INFO - Setting next_dagrun for consume_1_or_2_with_dataset_expressions to None, run_after=None
[2026-05-18T06:11:31.445+0000] {logging_mixin.py:190} INFO - [2026-05-18T06:11:31.445+0000] {dag.py:4180} INFO - Setting next_dagrun for consume_1_or_both_2_and_3_with_dataset_expressions to None, run_after=None
[2026-05-18T06:11:31.446+0000] {logging_mixin.py:190} INFO - [2026-05-18T06:11:31.446+0000] {dag.py:4180} INFO - Setting next_dagrun for dataset_consumes_1 to None, run_after=None
[2026-05-18T06:11:31.447+0000] {logging_mixin.py:190} INFO - [2026-05-18T06:11:31.447+0000] {dag.py:4180} INFO - Setting next_dagrun for dataset_consumes_1_and_2 to None, run_after=None
[2026-05-18T06:11:31.448+0000] {logging_mixin.py:190} INFO - [2026-05-18T06:11:31.448+0000] {dag.py:4180} INFO - Setting next_dagrun for dataset_consumes_1_never_scheduled to None, run_after=None
[2026-05-18T06:11:31.449+0000] {logging_mixin.py:190} INFO - [2026-05-18T06:11:31.449+0000] {dag.py:4180} INFO - Setting next_dagrun for dataset_consumes_unknown_never_scheduled to None, run_after=None
[2026-05-18T06:11:31.452+0000] {logging_mixin.py:190} INFO - [2026-05-18T06:11:31.452+0000] {dag.py:4180} INFO - Setting next_dagrun for dataset_produces_1 to 2026-05-17 00:00:00+00:00, run_after=2026-05-18 00:00:00+00:00
[2026-05-18T06:11:31.453+0000] {logging_mixin.py:190} INFO - [2026-05-18T06:11:31.453+0000] {dag.py:4180} INFO - Setting next_dagrun for dataset_produces_2 to None, run_after=None
[2026-05-18T06:11:31.494+0000] {processor.py:208} INFO - Processing /home/noelsdavid/airflow_venv/lib/python3.12/site-packages/airflow/example_dags/example_datasets.py took 0.173 seconds
[2026-05-18T06:12:29.997+0000] {processor.py:186} INFO - Started process (PID=7651) to work on /home/noelsdavid/airflow_venv/lib/python3.12/site-packages/airflow/example_dags/example_datasets.py
[2026-05-18T06:12:29.999+0000] {processor.py:914} INFO - Processing file /home/noelsdavid/airflow_venv/lib/python3.12/site-packages/airflow/example_dags/example_datasets.py for tasks to queue
[2026-05-18T06:12:30.002+0000] {logging_mixin.py:190} INFO - [2026-05-18T06:12:30.001+0000] {dagbag.py:588} INFO - Filling up the DagBag from /home/noelsdavid/airflow_venv/lib/python3.12/site-packages/airflow/example_dags/example_datasets.py
[2026-05-18T06:12:30.023+0000] {processor.py:925} INFO - DAG(s) 'dataset_consumes_1', 'dataset_consumes_1_and_2', 'consume_1_or_2_with_dataset_expressions', 'consume_1_and_2_with_dataset_expressions', 'conditional_dataset_and_time_based_timetable', 'dataset_produces_1', 'dataset_produces_2', 'consume_1_or_both_2_and_3_with_dataset_expressions', 'dataset_consumes_1_never_scheduled', 'dataset_consumes_unknown_never_scheduled' retrieved from /home/noelsdavid/airflow_venv/lib/python3.12/site-packages/airflow/example_dags/example_datasets.py
[2026-05-18T06:12:30.067+0000] {logging_mixin.py:190} INFO - [2026-05-18T06:12:30.067+0000] {dag.py:3239} INFO - Sync 10 DAGs
[2026-05-18T06:12:30.099+0000] {logging_mixin.py:190} INFO - [2026-05-18T06:12:30.098+0000] {dag.py:4180} INFO - Setting next_dagrun for conditional_dataset_and_time_based_timetable to 2026-05-13 01:00:00+00:00, run_after=2026-05-13 01:00:00+00:00
[2026-05-18T06:12:30.103+0000] {logging_mixin.py:190} INFO - [2026-05-18T06:12:30.103+0000] {dag.py:4180} INFO - Setting next_dagrun for consume_1_and_2_with_dataset_expressions to None, run_after=None
[2026-05-18T06:12:30.105+0000] {logging_mixin.py:190} INFO - [2026-05-18T06:12:30.104+0000] {dag.py:4180} INFO - Setting next_dagrun for consume_1_or_2_with_dataset_expressions to None, run_after=None
[2026-05-18T06:12:30.106+0000] {logging_mixin.py:190} INFO - [2026-05-18T06:12:30.105+0000] {dag.py:4180} INFO - Setting next_dagrun for consume_1_or_both_2_and_3_with_dataset_expressions to None, run_after=None
[2026-05-18T06:12:30.107+0000] {logging_mixin.py:190} INFO - [2026-05-18T06:12:30.107+0000] {dag.py:4180} INFO - Setting next_dagrun for dataset_consumes_1 to None, run_after=None
[2026-05-18T06:12:30.108+0000] {logging_mixin.py:190} INFO - [2026-05-18T06:12:30.108+0000] {dag.py:4180} INFO - Setting next_dagrun for dataset_consumes_1_and_2 to None, run_after=None
[2026-05-18T06:12:30.109+0000] {logging_mixin.py:190} INFO - [2026-05-18T06:12:30.109+0000] {dag.py:4180} INFO - Setting next_dagrun for dataset_consumes_1_never_scheduled to None, run_after=None
[2026-05-18T06:12:30.110+0000] {logging_mixin.py:190} INFO - [2026-05-18T06:12:30.110+0000] {dag.py:4180} INFO - Setting next_dagrun for dataset_consumes_unknown_never_scheduled to None, run_after=None
[2026-05-18T06:12:30.112+0000] {logging_mixin.py:190} INFO - [2026-05-18T06:12:30.112+0000] {dag.py:4180} INFO - Setting next_dagrun for dataset_produces_1 to 2026-05-17 00:00:00+00:00, run_after=2026-05-18 00:00:00+00:00
[2026-05-18T06:12:30.113+0000] {logging_mixin.py:190} INFO - [2026-05-18T06:12:30.113+0000] {dag.py:4180} INFO - Setting next_dagrun for dataset_produces_2 to None, run_after=None
[2026-05-18T06:12:30.157+0000] {processor.py:208} INFO - Processing /home/noelsdavid/airflow_venv/lib/python3.12/site-packages/airflow/example_dags/example_datasets.py took 0.169 seconds
[2026-05-18T06:13:30.013+0000] {processor.py:186} INFO - Started process (PID=7710) to work on /home/noelsdavid/airflow_venv/lib/python3.12/site-packages/airflow/example_dags/example_datasets.py
[2026-05-18T06:13:30.015+0000] {processor.py:914} INFO - Processing file /home/noelsdavid/airflow_venv/lib/python3.12/site-packages/airflow/example_dags/example_datasets.py for tasks to queue
[2026-05-18T06:13:30.019+0000] {logging_mixin.py:190} INFO - [2026-05-18T06:13:30.018+0000] {dagbag.py:588} INFO - Filling up the DagBag from /home/noelsdavid/airflow_venv/lib/python3.12/site-packages/airflow/example_dags/example_datasets.py
[2026-05-18T06:13:30.042+0000] {processor.py:925} INFO - DAG(s) 'dataset_consumes_1_and_2', 'consume_1_or_both_2_and_3_with_dataset_expressions', 'dataset_consumes_unknown_never_scheduled', 'dataset_consumes_1_never_scheduled', 'dataset_produces_1', 'conditional_dataset_and_time_based_timetable', 'consume_1_and_2_with_dataset_expressions', 'dataset_produces_2', 'consume_1_or_2_with_dataset_expressions', 'dataset_consumes_1' retrieved from /home/noelsdavid/airflow_venv/lib/python3.12/site-packages/airflow/example_dags/example_datasets.py
[2026-05-18T06:13:30.090+0000] {logging_mixin.py:190} INFO - [2026-05-18T06:13:30.090+0000] {dag.py:3239} INFO - Sync 10 DAGs
[2026-05-18T06:13:30.120+0000] {logging_mixin.py:190} INFO - [2026-05-18T06:13:30.120+0000] {dag.py:4180} INFO - Setting next_dagrun for conditional_dataset_and_time_based_timetable to 2026-05-13 01:00:00+00:00, run_after=2026-05-13 01:00:00+00:00
[2026-05-18T06:13:30.125+0000] {logging_mixin.py:190} INFO - [2026-05-18T06:13:30.124+0000] {dag.py:4180} INFO - Setting next_dagrun for consume_1_and_2_with_dataset_expressions to None, run_after=None
[2026-05-18T06:13:30.128+0000] {logging_mixin.py:190} INFO - [2026-05-18T06:13:30.128+0000] {dag.py:4180} INFO - Setting next_dagrun for consume_1_or_2_with_dataset_expressions to None, run_after=None
[2026-05-18T06:13:30.129+0000] {logging_mixin.py:190} INFO - [2026-05-18T06:13:30.129+0000] {dag.py:4180} INFO - Setting next_dagrun for consume_1_or_both_2_and_3_with_dataset_expressions to None, run_after=None
[2026-05-18T06:13:30.131+0000] {logging_mixin.py:190} INFO - [2026-05-18T06:13:30.130+0000] {dag.py:4180} INFO - Setting next_dagrun for dataset_consumes_1 to None, run_after=None
[2026-05-18T06:13:30.132+0000] {logging_mixin.py:190} INFO - [2026-05-18T06:13:30.132+0000] {dag.py:4180} INFO - Setting next_dagrun for dataset_consumes_1_and_2 to None, run_after=None
[2026-05-18T06:13:30.133+0000] {logging_mixin.py:190} INFO - [2026-05-18T06:13:30.133+0000] {dag.py:4180} INFO - Setting next_dagrun for dataset_consumes_1_never_scheduled to None, run_after=None
[2026-05-18T06:13:30.134+0000] {logging_mixin.py:190} INFO - [2026-05-18T06:13:30.134+0000] {dag.py:4180} INFO - Setting next_dagrun for dataset_consumes_unknown_never_scheduled to None, run_after=None
[2026-05-18T06:13:30.136+0000] {logging_mixin.py:190} INFO - [2026-05-18T06:13:30.136+0000] {dag.py:4180} INFO - Setting next_dagrun for dataset_produces_1 to 2026-05-17 00:00:00+00:00, run_after=2026-05-18 00:00:00+00:00
[2026-05-18T06:13:30.138+0000] {logging_mixin.py:190} INFO - [2026-05-18T06:13:30.137+0000] {dag.py:4180} INFO - Setting next_dagrun for dataset_produces_2 to None, run_after=None
[2026-05-18T06:13:30.184+0000] {processor.py:208} INFO - Processing /home/noelsdavid/airflow_venv/lib/python3.12/site-packages/airflow/example_dags/example_datasets.py took 0.180 seconds
[2026-05-18T06:14:32.094+0000] {processor.py:186} INFO - Started process (PID=7770) to work on /home/noelsdavid/airflow_venv/lib/python3.12/site-packages/airflow/example_dags/example_datasets.py
[2026-05-18T06:14:32.097+0000] {processor.py:914} INFO - Processing file /home/noelsdavid/airflow_venv/lib/python3.12/site-packages/airflow/example_dags/example_datasets.py for tasks to queue
[2026-05-18T06:14:32.100+0000] {logging_mixin.py:190} INFO - [2026-05-18T06:14:32.099+0000] {dagbag.py:588} INFO - Filling up the DagBag from /home/noelsdavid/airflow_venv/lib/python3.12/site-packages/airflow/example_dags/example_datasets.py
[2026-05-18T06:14:32.121+0000] {processor.py:925} INFO - DAG(s) 'conditional_dataset_and_time_based_timetable', 'dataset_consumes_1', 'dataset_consumes_1_never_scheduled', 'dataset_consumes_1_and_2', 'dataset_produces_1', 'consume_1_or_2_with_dataset_expressions', 'consume_1_or_both_2_and_3_with_dataset_expressions', 'dataset_produces_2', 'dataset_consumes_unknown_never_scheduled', 'consume_1_and_2_with_dataset_expressions' retrieved from /home/noelsdavid/airflow_venv/lib/python3.12/site-packages/airflow/example_dags/example_datasets.py
[2026-05-18T06:14:32.167+0000] {logging_mixin.py:190} INFO - [2026-05-18T06:14:32.167+0000] {dag.py:3239} INFO - Sync 10 DAGs
[2026-05-18T06:14:32.196+0000] {logging_mixin.py:190} INFO - [2026-05-18T06:14:32.196+0000] {dag.py:4180} INFO - Setting next_dagrun for conditional_dataset_and_time_based_timetable to 2026-05-13 01:00:00+00:00, run_after=2026-05-13 01:00:00+00:00
[2026-05-18T06:14:32.201+0000] {logging_mixin.py:190} INFO - [2026-05-18T06:14:32.200+0000] {dag.py:4180} INFO - Setting next_dagrun for consume_1_and_2_with_dataset_expressions to None, run_after=None
[2026-05-18T06:14:32.202+0000] {logging_mixin.py:190} INFO - [2026-05-18T06:14:32.202+0000] {dag.py:4180} INFO - Setting next_dagrun for consume_1_or_2_with_dataset_expressions to None, run_after=None
[2026-05-18T06:14:32.203+0000] {logging_mixin.py:190} INFO - [2026-05-18T06:14:32.203+0000] {dag.py:4180} INFO - Setting next_dagrun for consume_1_or_both_2_and_3_with_dataset_expressions to None, run_after=None
[2026-05-18T06:14:32.204+0000] {logging_mixin.py:190} INFO - [2026-05-18T06:14:32.204+0000] {dag.py:4180} INFO - Setting next_dagrun for dataset_consumes_1 to None, run_after=None
[2026-05-18T06:14:32.205+0000] {logging_mixin.py:190} INFO - [2026-05-18T06:14:32.205+0000] {dag.py:4180} INFO - Setting next_dagrun for dataset_consumes_1_and_2 to None, run_after=None
[2026-05-18T06:14:32.206+0000] {logging_mixin.py:190} INFO - [2026-05-18T06:14:32.206+0000] {dag.py:4180} INFO - Setting next_dagrun for dataset_consumes_1_never_scheduled to None, run_after=None
[2026-05-18T06:14:32.207+0000] {logging_mixin.py:190} INFO - [2026-05-18T06:14:32.207+0000] {dag.py:4180} INFO - Setting next_dagrun for dataset_consumes_unknown_never_scheduled to None, run_after=None
[2026-05-18T06:14:32.210+0000] {logging_mixin.py:190} INFO - [2026-05-18T06:14:32.209+0000] {dag.py:4180} INFO - Setting next_dagrun for dataset_produces_1 to 2026-05-17 00:00:00+00:00, run_after=2026-05-18 00:00:00+00:00
[2026-05-18T06:14:32.211+0000] {logging_mixin.py:190} INFO - [2026-05-18T06:14:32.211+0000] {dag.py:4180} INFO - Setting next_dagrun for dataset_produces_2 to None, run_after=None
[2026-05-18T06:14:32.255+0000] {processor.py:208} INFO - Processing /home/noelsdavid/airflow_venv/lib/python3.12/site-packages/airflow/example_dags/example_datasets.py took 0.169 seconds
[2026-05-18T06:15:34.805+0000] {processor.py:186} INFO - Started process (PID=7891) to work on /home/noelsdavid/airflow_venv/lib/python3.12/site-packages/airflow/example_dags/example_datasets.py
[2026-05-18T06:15:34.808+0000] {processor.py:914} INFO - Processing file /home/noelsdavid/airflow_venv/lib/python3.12/site-packages/airflow/example_dags/example_datasets.py for tasks to queue
[2026-05-18T06:15:34.813+0000] {logging_mixin.py:190} INFO - [2026-05-18T06:15:34.812+0000] {dagbag.py:588} INFO - Filling up the DagBag from /home/noelsdavid/airflow_venv/lib/python3.12/site-packages/airflow/example_dags/example_datasets.py
[2026-05-18T06:15:34.842+0000] {processor.py:925} INFO - DAG(s) 'conditional_dataset_and_time_based_timetable', 'dataset_produces_1', 'dataset_produces_2', 'dataset_consumes_1_and_2', 'consume_1_or_both_2_and_3_with_dataset_expressions', 'dataset_consumes_unknown_never_scheduled', 'dataset_consumes_1', 'consume_1_and_2_with_dataset_expressions', 'dataset_consumes_1_never_scheduled', 'consume_1_or_2_with_dataset_expressions' retrieved from /home/noelsdavid/airflow_venv/lib/python3.12/site-packages/airflow/example_dags/example_datasets.py
[2026-05-18T06:15:34.903+0000] {logging_mixin.py:190} INFO - [2026-05-18T06:15:34.903+0000] {dag.py:3239} INFO - Sync 10 DAGs
[2026-05-18T06:15:34.940+0000] {logging_mixin.py:190} INFO - [2026-05-18T06:15:34.940+0000] {dag.py:4180} INFO - Setting next_dagrun for conditional_dataset_and_time_based_timetable to 2026-05-13 01:00:00+00:00, run_after=2026-05-13 01:00:00+00:00
[2026-05-18T06:15:34.948+0000] {logging_mixin.py:190} INFO - [2026-05-18T06:15:34.948+0000] {dag.py:4180} INFO - Setting next_dagrun for consume_1_and_2_with_dataset_expressions to None, run_after=None
[2026-05-18T06:15:34.950+0000] {logging_mixin.py:190} INFO - [2026-05-18T06:15:34.950+0000] {dag.py:4180} INFO - Setting next_dagrun for consume_1_or_2_with_dataset_expressions to None, run_after=None
[2026-05-18T06:15:34.951+0000] {logging_mixin.py:190} INFO - [2026-05-18T06:15:34.951+0000] {dag.py:4180} INFO - Setting next_dagrun for consume_1_or_both_2_and_3_with_dataset_expressions to None, run_after=None
[2026-05-18T06:15:34.953+0000] {logging_mixin.py:190} INFO - [2026-05-18T06:15:34.953+0000] {dag.py:4180} INFO - Setting next_dagrun for dataset_consumes_1 to None, run_after=None
[2026-05-18T06:15:34.954+0000] {logging_mixin.py:190} INFO - [2026-05-18T06:15:34.954+0000] {dag.py:4180} INFO - Setting next_dagrun for dataset_consumes_1_and_2 to None, run_after=None
[2026-05-18T06:15:34.956+0000] {logging_mixin.py:190} INFO - [2026-05-18T06:15:34.956+0000] {dag.py:4180} INFO - Setting next_dagrun for dataset_consumes_1_never_scheduled to None, run_after=None
[2026-05-18T06:15:34.957+0000] {logging_mixin.py:190} INFO - [2026-05-18T06:15:34.957+0000] {dag.py:4180} INFO - Setting next_dagrun for dataset_consumes_unknown_never_scheduled to None, run_after=None
[2026-05-18T06:15:34.960+0000] {logging_mixin.py:190} INFO - [2026-05-18T06:15:34.959+0000] {dag.py:4180} INFO - Setting next_dagrun for dataset_produces_1 to 2026-05-17 00:00:00+00:00, run_after=2026-05-18 00:00:00+00:00
[2026-05-18T06:15:34.961+0000] {logging_mixin.py:190} INFO - [2026-05-18T06:15:34.961+0000] {dag.py:4180} INFO - Setting next_dagrun for dataset_produces_2 to None, run_after=None
[2026-05-18T06:15:35.011+0000] {processor.py:208} INFO - Processing /home/noelsdavid/airflow_venv/lib/python3.12/site-packages/airflow/example_dags/example_datasets.py took 0.221 seconds
[2026-05-18T06:16:38.306+0000] {processor.py:186} INFO - Started process (PID=8057) to work on /home/noelsdavid/airflow_venv/lib/python3.12/site-packages/airflow/example_dags/example_datasets.py
[2026-05-18T06:16:38.308+0000] {processor.py:914} INFO - Processing file /home/noelsdavid/airflow_venv/lib/python3.12/site-packages/airflow/example_dags/example_datasets.py for tasks to queue
[2026-05-18T06:16:38.312+0000] {logging_mixin.py:190} INFO - [2026-05-18T06:16:38.311+0000] {dagbag.py:588} INFO - Filling up the DagBag from /home/noelsdavid/airflow_venv/lib/python3.12/site-packages/airflow/example_dags/example_datasets.py
[2026-05-18T06:16:38.333+0000] {processor.py:925} INFO - DAG(s) 'dataset_produces_1', 'consume_1_or_both_2_and_3_with_dataset_expressions', 'dataset_consumes_1_and_2', 'dataset_consumes_1_never_scheduled', 'consume_1_and_2_with_dataset_expressions', 'dataset_consumes_unknown_never_scheduled', 'conditional_dataset_and_time_based_timetable', 'consume_1_or_2_with_dataset_expressions', 'dataset_produces_2', 'dataset_consumes_1' retrieved from /home/noelsdavid/airflow_venv/lib/python3.12/site-packages/airflow/example_dags/example_datasets.py
[2026-05-18T06:16:38.381+0000] {logging_mixin.py:190} INFO - [2026-05-18T06:16:38.381+0000] {dag.py:3239} INFO - Sync 10 DAGs
[2026-05-18T06:16:38.412+0000] {logging_mixin.py:190} INFO - [2026-05-18T06:16:38.412+0000] {dag.py:4180} INFO - Setting next_dagrun for conditional_dataset_and_time_based_timetable to 2026-05-13 01:00:00+00:00, run_after=2026-05-13 01:00:00+00:00
[2026-05-18T06:16:38.416+0000] {logging_mixin.py:190} INFO - [2026-05-18T06:16:38.416+0000] {dag.py:4180} INFO - Setting next_dagrun for consume_1_and_2_with_dataset_expressions to None, run_after=None
[2026-05-18T06:16:38.417+0000] {logging_mixin.py:190} INFO - [2026-05-18T06:16:38.417+0000] {dag.py:4180} INFO - Setting next_dagrun for consume_1_or_2_with_dataset_expressions to None, run_after=None
[2026-05-18T06:16:38.418+0000] {logging_mixin.py:190} INFO - [2026-05-18T06:16:38.418+0000] {dag.py:4180} INFO - Setting next_dagrun for consume_1_or_both_2_and_3_with_dataset_expressions to None, run_after=None
[2026-05-18T06:16:38.419+0000] {logging_mixin.py:190} INFO - [2026-05-18T06:16:38.419+0000] {dag.py:4180} INFO - Setting next_dagrun for dataset_consumes_1 to None, run_after=None
[2026-05-18T06:16:38.420+0000] {logging_mixin.py:190} INFO - [2026-05-18T06:16:38.420+0000] {dag.py:4180} INFO - Setting next_dagrun for dataset_consumes_1_and_2 to None, run_after=None
[2026-05-18T06:16:38.421+0000] {logging_mixin.py:190} INFO - [2026-05-18T06:16:38.421+0000] {dag.py:4180} INFO - Setting next_dagrun for dataset_consumes_1_never_scheduled to None, run_after=None
[2026-05-18T06:16:38.422+0000] {logging_mixin.py:190} INFO - [2026-05-18T06:16:38.422+0000] {dag.py:4180} INFO - Setting next_dagrun for dataset_consumes_unknown_never_scheduled to None, run_after=None
[2026-05-18T06:16:38.425+0000] {logging_mixin.py:190} INFO - [2026-05-18T06:16:38.424+0000] {dag.py:4180} INFO - Setting next_dagrun for dataset_produces_1 to 2026-05-17 00:00:00+00:00, run_after=2026-05-18 00:00:00+00:00
[2026-05-18T06:16:38.426+0000] {logging_mixin.py:190} INFO - [2026-05-18T06:16:38.426+0000] {dag.py:4180} INFO - Setting next_dagrun for dataset_produces_2 to None, run_after=None
[2026-05-18T06:16:38.466+0000] {processor.py:208} INFO - Processing /home/noelsdavid/airflow_venv/lib/python3.12/site-packages/airflow/example_dags/example_datasets.py took 0.169 seconds
[2026-05-18T06:17:41.855+0000] {processor.py:186} INFO - Started process (PID=8371) to work on /home/noelsdavid/airflow_venv/lib/python3.12/site-packages/airflow/example_dags/example_datasets.py
[2026-05-18T06:17:41.869+0000] {processor.py:914} INFO - Processing file /home/noelsdavid/airflow_venv/lib/python3.12/site-packages/airflow/example_dags/example_datasets.py for tasks to queue
[2026-05-18T06:17:41.872+0000] {logging_mixin.py:190} INFO - [2026-05-18T06:17:41.872+0000] {dagbag.py:588} INFO - Filling up the DagBag from /home/noelsdavid/airflow_venv/lib/python3.12/site-packages/airflow/example_dags/example_datasets.py
[2026-05-18T06:17:41.896+0000] {processor.py:925} INFO - DAG(s) 'consume_1_or_2_with_dataset_expressions', 'consume_1_or_both_2_and_3_with_dataset_expressions', 'dataset_produces_2', 'conditional_dataset_and_time_based_timetable', 'consume_1_and_2_with_dataset_expressions', 'dataset_consumes_1_and_2', 'dataset_consumes_1', 'dataset_consumes_1_never_scheduled', 'dataset_consumes_unknown_never_scheduled', 'dataset_produces_1' retrieved from /home/noelsdavid/airflow_venv/lib/python3.12/site-packages/airflow/example_dags/example_datasets.py
[2026-05-18T06:17:41.942+0000] {logging_mixin.py:190} INFO - [2026-05-18T06:17:41.941+0000] {dag.py:3239} INFO - Sync 10 DAGs
[2026-05-18T06:17:41.971+0000] {logging_mixin.py:190} INFO - [2026-05-18T06:17:41.971+0000] {dag.py:4180} INFO - Setting next_dagrun for conditional_dataset_and_time_based_timetable to 2026-05-13 01:00:00+00:00, run_after=2026-05-13 01:00:00+00:00
[2026-05-18T06:17:41.975+0000] {logging_mixin.py:190} INFO - [2026-05-18T06:17:41.975+0000] {dag.py:4180} INFO - Setting next_dagrun for consume_1_and_2_with_dataset_expressions to None, run_after=None
[2026-05-18T06:17:41.977+0000] {logging_mixin.py:190} INFO - [2026-05-18T06:17:41.976+0000] {dag.py:4180} INFO - Setting next_dagrun for consume_1_or_2_with_dataset_expressions to None, run_after=None
[2026-05-18T06:17:41.978+0000] {logging_mixin.py:190} INFO - [2026-05-18T06:17:41.978+0000] {dag.py:4180} INFO - Setting next_dagrun for consume_1_or_both_2_and_3_with_dataset_expressions to None, run_after=None
[2026-05-18T06:17:41.979+0000] {logging_mixin.py:190} INFO - [2026-05-18T06:17:41.979+0000] {dag.py:4180} INFO - Setting next_dagrun for dataset_consumes_1 to None, run_after=None
[2026-05-18T06:17:41.980+0000] {logging_mixin.py:190} INFO - [2026-05-18T06:17:41.980+0000] {dag.py:4180} INFO - Setting next_dagrun for dataset_consumes_1_and_2 to None, run_after=None
[2026-05-18T06:17:41.981+0000] {logging_mixin.py:190} INFO - [2026-05-18T06:17:41.981+0000] {dag.py:4180} INFO - Setting next_dagrun for dataset_consumes_1_never_scheduled to None, run_after=None
[2026-05-18T06:17:41.982+0000] {logging_mixin.py:190} INFO - [2026-05-18T06:17:41.982+0000] {dag.py:4180} INFO - Setting next_dagrun for dataset_consumes_unknown_never_scheduled to None, run_after=None
[2026-05-18T06:17:41.984+0000] {logging_mixin.py:190} INFO - [2026-05-18T06:17:41.984+0000] {dag.py:4180} INFO - Setting next_dagrun for dataset_produces_1 to 2026-05-17 00:00:00+00:00, run_after=2026-05-18 00:00:00+00:00
[2026-05-18T06:17:41.985+0000] {logging_mixin.py:190} INFO - [2026-05-18T06:17:41.985+0000] {dag.py:4180} INFO - Setting next_dagrun for dataset_produces_2 to None, run_after=None
[2026-05-18T06:17:42.032+0000] {processor.py:208} INFO - Processing /home/noelsdavid/airflow_venv/lib/python3.12/site-packages/airflow/example_dags/example_datasets.py took 0.185 seconds
[2026-05-18T06:18:40.030+0000] {processor.py:186} INFO - Started process (PID=8484) to work on /home/noelsdavid/airflow_venv/lib/python3.12/site-packages/airflow/example_dags/example_datasets.py
[2026-05-18T06:18:40.043+0000] {processor.py:914} INFO - Processing file /home/noelsdavid/airflow_venv/lib/python3.12/site-packages/airflow/example_dags/example_datasets.py for tasks to queue
[2026-05-18T06:18:40.047+0000] {logging_mixin.py:190} INFO - [2026-05-18T06:18:40.046+0000] {dagbag.py:588} INFO - Filling up the DagBag from /home/noelsdavid/airflow_venv/lib/python3.12/site-packages/airflow/example_dags/example_datasets.py
[2026-05-18T06:18:40.071+0000] {processor.py:925} INFO - DAG(s) 'dataset_consumes_unknown_never_scheduled', 'dataset_produces_2', 'dataset_produces_1', 'dataset_consumes_1_and_2', 'consume_1_or_both_2_and_3_with_dataset_expressions', 'consume_1_and_2_with_dataset_expressions', 'dataset_consumes_1', 'conditional_dataset_and_time_based_timetable', 'consume_1_or_2_with_dataset_expressions', 'dataset_consumes_1_never_scheduled' retrieved from /home/noelsdavid/airflow_venv/lib/python3.12/site-packages/airflow/example_dags/example_datasets.py
[2026-05-18T06:18:40.118+0000] {logging_mixin.py:190} INFO - [2026-05-18T06:18:40.118+0000] {dag.py:3239} INFO - Sync 10 DAGs
[2026-05-18T06:18:40.150+0000] {logging_mixin.py:190} INFO - [2026-05-18T06:18:40.150+0000] {dag.py:4180} INFO - Setting next_dagrun for conditional_dataset_and_time_based_timetable to 2026-05-13 01:00:00+00:00, run_after=2026-05-13 01:00:00+00:00
[2026-05-18T06:18:40.154+0000] {logging_mixin.py:190} INFO - [2026-05-18T06:18:40.154+0000] {dag.py:4180} INFO - Setting next_dagrun for consume_1_and_2_with_dataset_expressions to None, run_after=None
[2026-05-18T06:18:40.156+0000] {logging_mixin.py:190} INFO - [2026-05-18T06:18:40.156+0000] {dag.py:4180} INFO - Setting next_dagrun for consume_1_or_2_with_dataset_expressions to None, run_after=None
[2026-05-18T06:18:40.157+0000] {logging_mixin.py:190} INFO - [2026-05-18T06:18:40.157+0000] {dag.py:4180} INFO - Setting next_dagrun for consume_1_or_both_2_and_3_with_dataset_expressions to None, run_after=None
[2026-05-18T06:18:40.159+0000] {logging_mixin.py:190} INFO - [2026-05-18T06:18:40.158+0000] {dag.py:4180} INFO - Setting next_dagrun for dataset_consumes_1 to None, run_after=None
[2026-05-18T06:18:40.160+0000] {logging_mixin.py:190} INFO - [2026-05-18T06:18:40.159+0000] {dag.py:4180} INFO - Setting next_dagrun for dataset_consumes_1_and_2 to None, run_after=None
[2026-05-18T06:18:40.161+0000] {logging_mixin.py:190} INFO - [2026-05-18T06:18:40.160+0000] {dag.py:4180} INFO - Setting next_dagrun for dataset_consumes_1_never_scheduled to None, run_after=None
[2026-05-18T06:18:40.162+0000] {logging_mixin.py:190} INFO - [2026-05-18T06:18:40.161+0000] {dag.py:4180} INFO - Setting next_dagrun for dataset_consumes_unknown_never_scheduled to None, run_after=None
[2026-05-18T06:18:40.164+0000] {logging_mixin.py:190} INFO - [2026-05-18T06:18:40.164+0000] {dag.py:4180} INFO - Setting next_dagrun for dataset_produces_1 to 2026-05-17 00:00:00+00:00, run_after=2026-05-18 00:00:00+00:00
[2026-05-18T06:18:40.165+0000] {logging_mixin.py:190} INFO - [2026-05-18T06:18:40.165+0000] {dag.py:4180} INFO - Setting next_dagrun for dataset_produces_2 to None, run_after=None
[2026-05-18T06:18:40.214+0000] {processor.py:208} INFO - Processing /home/noelsdavid/airflow_venv/lib/python3.12/site-packages/airflow/example_dags/example_datasets.py took 0.193 seconds
[2026-05-18T06:19:40.672+0000] {processor.py:186} INFO - Started process (PID=8543) to work on /home/noelsdavid/airflow_venv/lib/python3.12/site-packages/airflow/example_dags/example_datasets.py
[2026-05-18T06:19:40.675+0000] {processor.py:914} INFO - Processing file /home/noelsdavid/airflow_venv/lib/python3.12/site-packages/airflow/example_dags/example_datasets.py for tasks to queue
[2026-05-18T06:19:40.678+0000] {logging_mixin.py:190} INFO - [2026-05-18T06:19:40.677+0000] {dagbag.py:588} INFO - Filling up the DagBag from /home/noelsdavid/airflow_venv/lib/python3.12/site-packages/airflow/example_dags/example_datasets.py
[2026-05-18T06:19:40.701+0000] {processor.py:925} INFO - DAG(s) 'dataset_consumes_1_and_2', 'consume_1_or_2_with_dataset_expressions', 'consume_1_or_both_2_and_3_with_dataset_expressions', 'dataset_consumes_1_never_scheduled', 'dataset_consumes_unknown_never_scheduled', 'dataset_consumes_1', 'consume_1_and_2_with_dataset_expressions', 'conditional_dataset_and_time_based_timetable', 'dataset_produces_1', 'dataset_produces_2' retrieved from /home/noelsdavid/airflow_venv/lib/python3.12/site-packages/airflow/example_dags/example_datasets.py
[2026-05-18T06:19:40.746+0000] {logging_mixin.py:190} INFO - [2026-05-18T06:19:40.746+0000] {dag.py:3239} INFO - Sync 10 DAGs
[2026-05-18T06:19:40.777+0000] {logging_mixin.py:190} INFO - [2026-05-18T06:19:40.776+0000] {dag.py:4180} INFO - Setting next_dagrun for conditional_dataset_and_time_based_timetable to 2026-05-13 01:00:00+00:00, run_after=2026-05-13 01:00:00+00:00
[2026-05-18T06:19:40.781+0000] {logging_mixin.py:190} INFO - [2026-05-18T06:19:40.781+0000] {dag.py:4180} INFO - Setting next_dagrun for consume_1_and_2_with_dataset_expressions to None, run_after=None
[2026-05-18T06:19:40.783+0000] {logging_mixin.py:190} INFO - [2026-05-18T06:19:40.783+0000] {dag.py:4180} INFO - Setting next_dagrun for consume_1_or_2_with_dataset_expressions to None, run_after=None
[2026-05-18T06:19:40.785+0000] {logging_mixin.py:190} INFO - [2026-05-18T06:19:40.784+0000] {dag.py:4180} INFO - Setting next_dagrun for consume_1_or_both_2_and_3_with_dataset_expressions to None, run_after=None
[2026-05-18T06:19:40.786+0000] {logging_mixin.py:190} INFO - [2026-05-18T06:19:40.786+0000] {dag.py:4180} INFO - Setting next_dagrun for dataset_consumes_1 to None, run_after=None
[2026-05-18T06:19:40.787+0000] {logging_mixin.py:190} INFO - [2026-05-18T06:19:40.787+0000] {dag.py:4180} INFO - Setting next_dagrun for dataset_consumes_1_and_2 to None, run_after=None
[2026-05-18T06:19:40.788+0000] {logging_mixin.py:190} INFO - [2026-05-18T06:19:40.788+0000] {dag.py:4180} INFO - Setting next_dagrun for dataset_consumes_1_never_scheduled to None, run_after=None
[2026-05-18T06:19:40.790+0000] {logging_mixin.py:190} INFO - [2026-05-18T06:19:40.790+0000] {dag.py:4180} INFO - Setting next_dagrun for dataset_consumes_unknown_never_scheduled to None, run_after=None
[2026-05-18T06:19:40.793+0000] {logging_mixin.py:190} INFO - [2026-05-18T06:19:40.793+0000] {dag.py:4180} INFO - Setting next_dagrun for dataset_produces_1 to 2026-05-17 00:00:00+00:00, run_after=2026-05-18 00:00:00+00:00
[2026-05-18T06:19:40.795+0000] {logging_mixin.py:190} INFO - [2026-05-18T06:19:40.794+0000] {dag.py:4180} INFO - Setting next_dagrun for dataset_produces_2 to None, run_after=None
[2026-05-18T06:19:40.839+0000] {processor.py:208} INFO - Processing /home/noelsdavid/airflow_venv/lib/python3.12/site-packages/airflow/example_dags/example_datasets.py took 0.175 seconds
[2026-05-18T06:20:45.242+0000] {processor.py:186} INFO - Started process (PID=8632) to work on /home/noelsdavid/airflow_venv/lib/python3.12/site-packages/airflow/example_dags/example_datasets.py
[2026-05-18T06:20:45.245+0000] {processor.py:914} INFO - Processing file /home/noelsdavid/airflow_venv/lib/python3.12/site-packages/airflow/example_dags/example_datasets.py for tasks to queue
[2026-05-18T06:20:45.247+0000] {logging_mixin.py:190} INFO - [2026-05-18T06:20:45.246+0000] {dagbag.py:588} INFO - Filling up the DagBag from /home/noelsdavid/airflow_venv/lib/python3.12/site-packages/airflow/example_dags/example_datasets.py
[2026-05-18T06:20:45.272+0000] {processor.py:925} INFO - DAG(s) 'consume_1_or_2_with_dataset_expressions', 'dataset_consumes_1_never_scheduled', 'dataset_produces_1', 'consume_1_or_both_2_and_3_with_dataset_expressions', 'dataset_consumes_1', 'dataset_produces_2', 'conditional_dataset_and_time_based_timetable', 'consume_1_and_2_with_dataset_expressions', 'dataset_consumes_1_and_2', 'dataset_consumes_unknown_never_scheduled' retrieved from /home/noelsdavid/airflow_venv/lib/python3.12/site-packages/airflow/example_dags/example_datasets.py
[2026-05-18T06:20:45.317+0000] {logging_mixin.py:190} INFO - [2026-05-18T06:20:45.317+0000] {dag.py:3239} INFO - Sync 10 DAGs
[2026-05-18T06:20:45.348+0000] {logging_mixin.py:190} INFO - [2026-05-18T06:20:45.348+0000] {dag.py:4180} INFO - Setting next_dagrun for conditional_dataset_and_time_based_timetable to 2026-05-13 01:00:00+00:00, run_after=2026-05-13 01:00:00+00:00
[2026-05-18T06:20:45.352+0000] {logging_mixin.py:190} INFO - [2026-05-18T06:20:45.352+0000] {dag.py:4180} INFO - Setting next_dagrun for consume_1_and_2_with_dataset_expressions to None, run_after=None
[2026-05-18T06:20:45.353+0000] {logging_mixin.py:190} INFO - [2026-05-18T06:20:45.353+0000] {dag.py:4180} INFO - Setting next_dagrun for consume_1_or_2_with_dataset_expressions to None, run_after=None
[2026-05-18T06:20:45.355+0000] {logging_mixin.py:190} INFO - [2026-05-18T06:20:45.355+0000] {dag.py:4180} INFO - Setting next_dagrun for consume_1_or_both_2_and_3_with_dataset_expressions to None, run_after=None
[2026-05-18T06:20:45.356+0000] {logging_mixin.py:190} INFO - [2026-05-18T06:20:45.356+0000] {dag.py:4180} INFO - Setting next_dagrun for dataset_consumes_1 to None, run_after=None
[2026-05-18T06:20:45.358+0000] {logging_mixin.py:190} INFO - [2026-05-18T06:20:45.357+0000] {dag.py:4180} INFO - Setting next_dagrun for dataset_consumes_1_and_2 to None, run_after=None
[2026-05-18T06:20:45.359+0000] {logging_mixin.py:190} INFO - [2026-05-18T06:20:45.359+0000] {dag.py:4180} INFO - Setting next_dagrun for dataset_consumes_1_never_scheduled to None, run_after=None
[2026-05-18T06:20:45.360+0000] {logging_mixin.py:190} INFO - [2026-05-18T06:20:45.360+0000] {dag.py:4180} INFO - Setting next_dagrun for dataset_consumes_unknown_never_scheduled to None, run_after=None
[2026-05-18T06:20:45.363+0000] {logging_mixin.py:190} INFO - [2026-05-18T06:20:45.363+0000] {dag.py:4180} INFO - Setting next_dagrun for dataset_produces_1 to 2026-05-17 00:00:00+00:00, run_after=2026-05-18 00:00:00+00:00
[2026-05-18T06:20:45.365+0000] {logging_mixin.py:190} INFO - [2026-05-18T06:20:45.365+0000] {dag.py:4180} INFO - Setting next_dagrun for dataset_produces_2 to None, run_after=None
[2026-05-18T06:20:45.430+0000] {processor.py:208} INFO - Processing /home/noelsdavid/airflow_venv/lib/python3.12/site-packages/airflow/example_dags/example_datasets.py took 0.196 seconds
[2026-05-18T06:21:47.334+0000] {processor.py:186} INFO - Started process (PID=8692) to work on /home/noelsdavid/airflow_venv/lib/python3.12/site-packages/airflow/example_dags/example_datasets.py
[2026-05-18T06:21:47.356+0000] {processor.py:914} INFO - Processing file /home/noelsdavid/airflow_venv/lib/python3.12/site-packages/airflow/example_dags/example_datasets.py for tasks to queue
[2026-05-18T06:21:47.359+0000] {logging_mixin.py:190} INFO - [2026-05-18T06:21:47.358+0000] {dagbag.py:588} INFO - Filling up the DagBag from /home/noelsdavid/airflow_venv/lib/python3.12/site-packages/airflow/example_dags/example_datasets.py
[2026-05-18T06:21:47.389+0000] {processor.py:925} INFO - DAG(s) 'dataset_consumes_1_and_2', 'consume_1_or_both_2_and_3_with_dataset_expressions', 'dataset_produces_1', 'dataset_produces_2', 'consume_1_or_2_with_dataset_expressions', 'consume_1_and_2_with_dataset_expressions', 'dataset_consumes_1_never_scheduled', 'dataset_consumes_1', 'dataset_consumes_unknown_never_scheduled', 'conditional_dataset_and_time_based_timetable' retrieved from /home/noelsdavid/airflow_venv/lib/python3.12/site-packages/airflow/example_dags/example_datasets.py
[2026-05-18T06:21:47.452+0000] {logging_mixin.py:190} INFO - [2026-05-18T06:21:47.452+0000] {dag.py:3239} INFO - Sync 10 DAGs
[2026-05-18T06:21:47.511+0000] {logging_mixin.py:190} INFO - [2026-05-18T06:21:47.510+0000] {dag.py:4180} INFO - Setting next_dagrun for conditional_dataset_and_time_based_timetable to 2026-05-13 01:00:00+00:00, run_after=2026-05-13 01:00:00+00:00
[2026-05-18T06:21:47.524+0000] {logging_mixin.py:190} INFO - [2026-05-18T06:21:47.522+0000] {dag.py:4180} INFO - Setting next_dagrun for consume_1_and_2_with_dataset_expressions to None, run_after=None
[2026-05-18T06:21:47.525+0000] {logging_mixin.py:190} INFO - [2026-05-18T06:21:47.525+0000] {dag.py:4180} INFO - Setting next_dagrun for consume_1_or_2_with_dataset_expressions to None, run_after=None
[2026-05-18T06:21:47.530+0000] {logging_mixin.py:190} INFO - [2026-05-18T06:21:47.529+0000] {dag.py:4180} INFO - Setting next_dagrun for consume_1_or_both_2_and_3_with_dataset_expressions to None, run_after=None
[2026-05-18T06:21:47.534+0000] {logging_mixin.py:190} INFO - [2026-05-18T06:21:47.533+0000] {dag.py:4180} INFO - Setting next_dagrun for dataset_consumes_1 to None, run_after=None
[2026-05-18T06:21:47.536+0000] {logging_mixin.py:190} INFO - [2026-05-18T06:21:47.536+0000] {dag.py:4180} INFO - Setting next_dagrun for dataset_consumes_1_and_2 to None, run_after=None
[2026-05-18T06:21:47.539+0000] {logging_mixin.py:190} INFO - [2026-05-18T06:21:47.538+0000] {dag.py:4180} INFO - Setting next_dagrun for dataset_consumes_1_never_scheduled to None, run_after=None
[2026-05-18T06:21:47.541+0000] {logging_mixin.py:190} INFO - [2026-05-18T06:21:47.541+0000] {dag.py:4180} INFO - Setting next_dagrun for dataset_consumes_unknown_never_scheduled to None, run_after=None
[2026-05-18T06:21:47.544+0000] {logging_mixin.py:190} INFO - [2026-05-18T06:21:47.544+0000] {dag.py:4180} INFO - Setting next_dagrun for dataset_produces_1 to 2026-05-17 00:00:00+00:00, run_after=2026-05-18 00:00:00+00:00
[2026-05-18T06:21:47.548+0000] {logging_mixin.py:190} INFO - [2026-05-18T06:21:47.547+0000] {dag.py:4180} INFO - Setting next_dagrun for dataset_produces_2 to None, run_after=None
[2026-05-18T06:21:47.616+0000] {processor.py:208} INFO - Processing /home/noelsdavid/airflow_venv/lib/python3.12/site-packages/airflow/example_dags/example_datasets.py took 0.291 seconds
[2026-05-18T06:22:52.944+0000] {processor.py:186} INFO - Started process (PID=8755) to work on /home/noelsdavid/airflow_venv/lib/python3.12/site-packages/airflow/example_dags/example_datasets.py
[2026-05-18T06:22:52.947+0000] {processor.py:914} INFO - Processing file /home/noelsdavid/airflow_venv/lib/python3.12/site-packages/airflow/example_dags/example_datasets.py for tasks to queue
[2026-05-18T06:22:52.949+0000] {logging_mixin.py:190} INFO - [2026-05-18T06:22:52.948+0000] {dagbag.py:588} INFO - Filling up the DagBag from /home/noelsdavid/airflow_venv/lib/python3.12/site-packages/airflow/example_dags/example_datasets.py
[2026-05-18T06:22:52.970+0000] {processor.py:925} INFO - DAG(s) 'dataset_produces_2', 'consume_1_or_2_with_dataset_expressions', 'dataset_consumes_1_and_2', 'consume_1_or_both_2_and_3_with_dataset_expressions', 'dataset_consumes_1_never_scheduled', 'dataset_produces_1', 'dataset_consumes_1', 'conditional_dataset_and_time_based_timetable', 'dataset_consumes_unknown_never_scheduled', 'consume_1_and_2_with_dataset_expressions' retrieved from /home/noelsdavid/airflow_venv/lib/python3.12/site-packages/airflow/example_dags/example_datasets.py
[2026-05-18T06:22:53.013+0000] {logging_mixin.py:190} INFO - [2026-05-18T06:22:53.013+0000] {dag.py:3239} INFO - Sync 10 DAGs
[2026-05-18T06:22:53.045+0000] {logging_mixin.py:190} INFO - [2026-05-18T06:22:53.045+0000] {dag.py:4180} INFO - Setting next_dagrun for conditional_dataset_and_time_based_timetable to 2026-05-13 01:00:00+00:00, run_after=2026-05-13 01:00:00+00:00
[2026-05-18T06:22:53.049+0000] {logging_mixin.py:190} INFO - [2026-05-18T06:22:53.049+0000] {dag.py:4180} INFO - Setting next_dagrun for consume_1_and_2_with_dataset_expressions to None, run_after=None
[2026-05-18T06:22:53.050+0000] {logging_mixin.py:190} INFO - [2026-05-18T06:22:53.050+0000] {dag.py:4180} INFO - Setting next_dagrun for consume_1_or_2_with_dataset_expressions to None, run_after=None
[2026-05-18T06:22:53.051+0000] {logging_mixin.py:190} INFO - [2026-05-18T06:22:53.051+0000] {dag.py:4180} INFO - Setting next_dagrun for consume_1_or_both_2_and_3_with_dataset_expressions to None, run_after=None
[2026-05-18T06:22:53.053+0000] {logging_mixin.py:190} INFO - [2026-05-18T06:22:53.053+0000] {dag.py:4180} INFO - Setting next_dagrun for dataset_consumes_1 to None, run_after=None
[2026-05-18T06:22:53.054+0000] {logging_mixin.py:190} INFO - [2026-05-18T06:22:53.054+0000] {dag.py:4180} INFO - Setting next_dagrun for dataset_consumes_1_and_2 to None, run_after=None
[2026-05-18T06:22:53.055+0000] {logging_mixin.py:190} INFO - [2026-05-18T06:22:53.055+0000] {dag.py:4180} INFO - Setting next_dagrun for dataset_consumes_1_never_scheduled to None, run_after=None
[2026-05-18T06:22:53.056+0000] {logging_mixin.py:190} INFO - [2026-05-18T06:22:53.056+0000] {dag.py:4180} INFO - Setting next_dagrun for dataset_consumes_unknown_never_scheduled to None, run_after=None
[2026-05-18T06:22:53.058+0000] {logging_mixin.py:190} INFO - [2026-05-18T06:22:53.058+0000] {dag.py:4180} INFO - Setting next_dagrun for dataset_produces_1 to 2026-05-17 00:00:00+00:00, run_after=2026-05-18 00:00:00+00:00
[2026-05-18T06:22:53.059+0000] {logging_mixin.py:190} INFO - [2026-05-18T06:22:53.059+0000] {dag.py:4180} INFO - Setting next_dagrun for dataset_produces_2 to None, run_after=None
[2026-05-18T06:22:53.102+0000] {processor.py:208} INFO - Processing /home/noelsdavid/airflow_venv/lib/python3.12/site-packages/airflow/example_dags/example_datasets.py took 0.165 seconds
[2026-05-18T06:23:56.539+0000] {processor.py:186} INFO - Started process (PID=8817) to work on /home/noelsdavid/airflow_venv/lib/python3.12/site-packages/airflow/example_dags/example_datasets.py
[2026-05-18T06:23:56.556+0000] {processor.py:914} INFO - Processing file /home/noelsdavid/airflow_venv/lib/python3.12/site-packages/airflow/example_dags/example_datasets.py for tasks to queue
[2026-05-18T06:23:56.558+0000] {logging_mixin.py:190} INFO - [2026-05-18T06:23:56.557+0000] {dagbag.py:588} INFO - Filling up the DagBag from /home/noelsdavid/airflow_venv/lib/python3.12/site-packages/airflow/example_dags/example_datasets.py
[2026-05-18T06:23:56.583+0000] {processor.py:925} INFO - DAG(s) 'consume_1_and_2_with_dataset_expressions', 'conditional_dataset_and_time_based_timetable', 'dataset_produces_1', 'dataset_consumes_1', 'consume_1_or_both_2_and_3_with_dataset_expressions', 'consume_1_or_2_with_dataset_expressions', 'dataset_produces_2', 'dataset_consumes_1_and_2', 'dataset_consumes_unknown_never_scheduled', 'dataset_consumes_1_never_scheduled' retrieved from /home/noelsdavid/airflow_venv/lib/python3.12/site-packages/airflow/example_dags/example_datasets.py
[2026-05-18T06:23:56.632+0000] {logging_mixin.py:190} INFO - [2026-05-18T06:23:56.631+0000] {dag.py:3239} INFO - Sync 10 DAGs
[2026-05-18T06:23:56.665+0000] {logging_mixin.py:190} INFO - [2026-05-18T06:23:56.664+0000] {dag.py:4180} INFO - Setting next_dagrun for conditional_dataset_and_time_based_timetable to 2026-05-13 01:00:00+00:00, run_after=2026-05-13 01:00:00+00:00
[2026-05-18T06:23:56.670+0000] {logging_mixin.py:190} INFO - [2026-05-18T06:23:56.669+0000] {dag.py:4180} INFO - Setting next_dagrun for consume_1_and_2_with_dataset_expressions to None, run_after=None
[2026-05-18T06:23:56.671+0000] {logging_mixin.py:190} INFO - [2026-05-18T06:23:56.671+0000] {dag.py:4180} INFO - Setting next_dagrun for consume_1_or_2_with_dataset_expressions to None, run_after=None
[2026-05-18T06:23:56.672+0000] {logging_mixin.py:190} INFO - [2026-05-18T06:23:56.672+0000] {dag.py:4180} INFO - Setting next_dagrun for consume_1_or_both_2_and_3_with_dataset_expressions to None, run_after=None
[2026-05-18T06:23:56.673+0000] {logging_mixin.py:190} INFO - [2026-05-18T06:23:56.673+0000] {dag.py:4180} INFO - Setting next_dagrun for dataset_consumes_1 to None, run_after=None
[2026-05-18T06:23:56.674+0000] {logging_mixin.py:190} INFO - [2026-05-18T06:23:56.674+0000] {dag.py:4180} INFO - Setting next_dagrun for dataset_consumes_1_and_2 to None, run_after=None
[2026-05-18T06:23:56.675+0000] {logging_mixin.py:190} INFO - [2026-05-18T06:23:56.675+0000] {dag.py:4180} INFO - Setting next_dagrun for dataset_consumes_1_never_scheduled to None, run_after=None
[2026-05-18T06:23:56.676+0000] {logging_mixin.py:190} INFO - [2026-05-18T06:23:56.676+0000] {dag.py:4180} INFO - Setting next_dagrun for dataset_consumes_unknown_never_scheduled to None, run_after=None
[2026-05-18T06:23:56.679+0000] {logging_mixin.py:190} INFO - [2026-05-18T06:23:56.678+0000] {dag.py:4180} INFO - Setting next_dagrun for dataset_produces_1 to 2026-05-17 00:00:00+00:00, run_after=2026-05-18 00:00:00+00:00
[2026-05-18T06:23:56.680+0000] {logging_mixin.py:190} INFO - [2026-05-18T06:23:56.680+0000] {dag.py:4180} INFO - Setting next_dagrun for dataset_produces_2 to None, run_after=None
[2026-05-18T06:23:56.728+0000] {processor.py:208} INFO - Processing /home/noelsdavid/airflow_venv/lib/python3.12/site-packages/airflow/example_dags/example_datasets.py took 0.198 seconds
[2026-05-18T06:25:03.298+0000] {processor.py:186} INFO - Started process (PID=8881) to work on /home/noelsdavid/airflow_venv/lib/python3.12/site-packages/airflow/example_dags/example_datasets.py
[2026-05-18T06:25:03.301+0000] {processor.py:914} INFO - Processing file /home/noelsdavid/airflow_venv/lib/python3.12/site-packages/airflow/example_dags/example_datasets.py for tasks to queue
[2026-05-18T06:25:03.303+0000] {logging_mixin.py:190} INFO - [2026-05-18T06:25:03.302+0000] {dagbag.py:588} INFO - Filling up the DagBag from /home/noelsdavid/airflow_venv/lib/python3.12/site-packages/airflow/example_dags/example_datasets.py
[2026-05-18T06:25:03.325+0000] {processor.py:925} INFO - DAG(s) 'dataset_consumes_unknown_never_scheduled', 'consume_1_and_2_with_dataset_expressions', 'consume_1_or_2_with_dataset_expressions', 'dataset_consumes_1_never_scheduled', 'dataset_consumes_1_and_2', 'consume_1_or_both_2_and_3_with_dataset_expressions', 'conditional_dataset_and_time_based_timetable', 'dataset_produces_2', 'dataset_consumes_1', 'dataset_produces_1' retrieved from /home/noelsdavid/airflow_venv/lib/python3.12/site-packages/airflow/example_dags/example_datasets.py
[2026-05-18T06:25:03.382+0000] {logging_mixin.py:190} INFO - [2026-05-18T06:25:03.381+0000] {dag.py:3239} INFO - Sync 10 DAGs
[2026-05-18T06:25:03.428+0000] {logging_mixin.py:190} INFO - [2026-05-18T06:25:03.427+0000] {dag.py:4180} INFO - Setting next_dagrun for conditional_dataset_and_time_based_timetable to 2026-05-13 01:00:00+00:00, run_after=2026-05-13 01:00:00+00:00
[2026-05-18T06:25:03.432+0000] {logging_mixin.py:190} INFO - [2026-05-18T06:25:03.432+0000] {dag.py:4180} INFO - Setting next_dagrun for consume_1_and_2_with_dataset_expressions to None, run_after=None
[2026-05-18T06:25:03.434+0000] {logging_mixin.py:190} INFO - [2026-05-18T06:25:03.433+0000] {dag.py:4180} INFO - Setting next_dagrun for consume_1_or_2_with_dataset_expressions to None, run_after=None
[2026-05-18T06:25:03.435+0000] {logging_mixin.py:190} INFO - [2026-05-18T06:25:03.435+0000] {dag.py:4180} INFO - Setting next_dagrun for consume_1_or_both_2_and_3_with_dataset_expressions to None, run_after=None
[2026-05-18T06:25:03.437+0000] {logging_mixin.py:190} INFO - [2026-05-18T06:25:03.437+0000] {dag.py:4180} INFO - Setting next_dagrun for dataset_consumes_1 to None, run_after=None
[2026-05-18T06:25:03.439+0000] {logging_mixin.py:190} INFO - [2026-05-18T06:25:03.438+0000] {dag.py:4180} INFO - Setting next_dagrun for dataset_consumes_1_and_2 to None, run_after=None
[2026-05-18T06:25:03.440+0000] {logging_mixin.py:190} INFO - [2026-05-18T06:25:03.440+0000] {dag.py:4180} INFO - Setting next_dagrun for dataset_consumes_1_never_scheduled to None, run_after=None
[2026-05-18T06:25:03.442+0000] {logging_mixin.py:190} INFO - [2026-05-18T06:25:03.442+0000] {dag.py:4180} INFO - Setting next_dagrun for dataset_consumes_unknown_never_scheduled to None, run_after=None
[2026-05-18T06:25:03.447+0000] {logging_mixin.py:190} INFO - [2026-05-18T06:25:03.446+0000] {dag.py:4180} INFO - Setting next_dagrun for dataset_produces_1 to 2026-05-17 00:00:00+00:00, run_after=2026-05-18 00:00:00+00:00
[2026-05-18T06:25:03.449+0000] {logging_mixin.py:190} INFO - [2026-05-18T06:25:03.449+0000] {dag.py:4180} INFO - Setting next_dagrun for dataset_produces_2 to None, run_after=None
[2026-05-18T06:25:03.502+0000] {processor.py:208} INFO - Processing /home/noelsdavid/airflow_venv/lib/python3.12/site-packages/airflow/example_dags/example_datasets.py took 0.212 seconds
[2026-05-18T06:26:07.394+0000] {processor.py:186} INFO - Started process (PID=8995) to work on /home/noelsdavid/airflow_venv/lib/python3.12/site-packages/airflow/example_dags/example_datasets.py
[2026-05-18T06:26:07.396+0000] {processor.py:914} INFO - Processing file /home/noelsdavid/airflow_venv/lib/python3.12/site-packages/airflow/example_dags/example_datasets.py for tasks to queue
[2026-05-18T06:26:07.398+0000] {logging_mixin.py:190} INFO - [2026-05-18T06:26:07.398+0000] {dagbag.py:588} INFO - Filling up the DagBag from /home/noelsdavid/airflow_venv/lib/python3.12/site-packages/airflow/example_dags/example_datasets.py
[2026-05-18T06:26:07.420+0000] {processor.py:925} INFO - DAG(s) 'consume_1_and_2_with_dataset_expressions', 'dataset_consumes_1_and_2', 'dataset_consumes_1_never_scheduled', 'dataset_consumes_1', 'dataset_consumes_unknown_never_scheduled', 'consume_1_or_2_with_dataset_expressions', 'conditional_dataset_and_time_based_timetable', 'dataset_produces_2', 'dataset_produces_1', 'consume_1_or_both_2_and_3_with_dataset_expressions' retrieved from /home/noelsdavid/airflow_venv/lib/python3.12/site-packages/airflow/example_dags/example_datasets.py
[2026-05-18T06:26:07.470+0000] {logging_mixin.py:190} INFO - [2026-05-18T06:26:07.469+0000] {dag.py:3239} INFO - Sync 10 DAGs
[2026-05-18T06:26:07.506+0000] {logging_mixin.py:190} INFO - [2026-05-18T06:26:07.506+0000] {dag.py:4180} INFO - Setting next_dagrun for conditional_dataset_and_time_based_timetable to 2026-05-13 01:00:00+00:00, run_after=2026-05-13 01:00:00+00:00
[2026-05-18T06:26:07.511+0000] {logging_mixin.py:190} INFO - [2026-05-18T06:26:07.511+0000] {dag.py:4180} INFO - Setting next_dagrun for consume_1_and_2_with_dataset_expressions to None, run_after=None
[2026-05-18T06:26:07.515+0000] {logging_mixin.py:190} INFO - [2026-05-18T06:26:07.515+0000] {dag.py:4180} INFO - Setting next_dagrun for consume_1_or_2_with_dataset_expressions to None, run_after=None
[2026-05-18T06:26:07.517+0000] {logging_mixin.py:190} INFO - [2026-05-18T06:26:07.516+0000] {dag.py:4180} INFO - Setting next_dagrun for consume_1_or_both_2_and_3_with_dataset_expressions to None, run_after=None
[2026-05-18T06:26:07.518+0000] {logging_mixin.py:190} INFO - [2026-05-18T06:26:07.518+0000] {dag.py:4180} INFO - Setting next_dagrun for dataset_consumes_1 to None, run_after=None
[2026-05-18T06:26:07.520+0000] {logging_mixin.py:190} INFO - [2026-05-18T06:26:07.519+0000] {dag.py:4180} INFO - Setting next_dagrun for dataset_consumes_1_and_2 to None, run_after=None
[2026-05-18T06:26:07.521+0000] {logging_mixin.py:190} INFO - [2026-05-18T06:26:07.521+0000] {dag.py:4180} INFO - Setting next_dagrun for dataset_consumes_1_never_scheduled to None, run_after=None
[2026-05-18T06:26:07.522+0000] {logging_mixin.py:190} INFO - [2026-05-18T06:26:07.522+0000] {dag.py:4180} INFO - Setting next_dagrun for dataset_consumes_unknown_never_scheduled to None, run_after=None
[2026-05-18T06:26:07.525+0000] {logging_mixin.py:190} INFO - [2026-05-18T06:26:07.525+0000] {dag.py:4180} INFO - Setting next_dagrun for dataset_produces_1 to 2026-05-17 00:00:00+00:00, run_after=2026-05-18 00:00:00+00:00
[2026-05-18T06:26:07.527+0000] {logging_mixin.py:190} INFO - [2026-05-18T06:26:07.527+0000] {dag.py:4180} INFO - Setting next_dagrun for dataset_produces_2 to None, run_after=None
[2026-05-18T06:26:07.576+0000] {processor.py:208} INFO - Processing /home/noelsdavid/airflow_venv/lib/python3.12/site-packages/airflow/example_dags/example_datasets.py took 0.191 seconds
[2026-05-18T06:27:24.517+0000] {processor.py:186} INFO - Started process (PID=9446) to work on /home/noelsdavid/airflow_venv/lib/python3.12/site-packages/airflow/example_dags/example_datasets.py
[2026-05-18T06:27:24.519+0000] {processor.py:914} INFO - Processing file /home/noelsdavid/airflow_venv/lib/python3.12/site-packages/airflow/example_dags/example_datasets.py for tasks to queue
[2026-05-18T06:27:24.521+0000] {logging_mixin.py:190} INFO - [2026-05-18T06:27:24.521+0000] {dagbag.py:588} INFO - Filling up the DagBag from /home/noelsdavid/airflow_venv/lib/python3.12/site-packages/airflow/example_dags/example_datasets.py
[2026-05-18T06:27:24.542+0000] {processor.py:925} INFO - DAG(s) 'dataset_consumes_1_never_scheduled', 'consume_1_or_2_with_dataset_expressions', 'conditional_dataset_and_time_based_timetable', 'consume_1_and_2_with_dataset_expressions', 'dataset_produces_1', 'consume_1_or_both_2_and_3_with_dataset_expressions', 'dataset_consumes_unknown_never_scheduled', 'dataset_consumes_1', 'dataset_consumes_1_and_2', 'dataset_produces_2' retrieved from /home/noelsdavid/airflow_venv/lib/python3.12/site-packages/airflow/example_dags/example_datasets.py
[2026-05-18T06:27:24.589+0000] {logging_mixin.py:190} INFO - [2026-05-18T06:27:24.588+0000] {dag.py:3239} INFO - Sync 10 DAGs
[2026-05-18T06:27:24.618+0000] {logging_mixin.py:190} INFO - [2026-05-18T06:27:24.618+0000] {dag.py:4180} INFO - Setting next_dagrun for conditional_dataset_and_time_based_timetable to 2026-05-13 01:00:00+00:00, run_after=2026-05-13 01:00:00+00:00
[2026-05-18T06:27:24.623+0000] {logging_mixin.py:190} INFO - [2026-05-18T06:27:24.623+0000] {dag.py:4180} INFO - Setting next_dagrun for consume_1_and_2_with_dataset_expressions to None, run_after=None
[2026-05-18T06:27:24.624+0000] {logging_mixin.py:190} INFO - [2026-05-18T06:27:24.624+0000] {dag.py:4180} INFO - Setting next_dagrun for consume_1_or_2_with_dataset_expressions to None, run_after=None
[2026-05-18T06:27:24.625+0000] {logging_mixin.py:190} INFO - [2026-05-18T06:27:24.625+0000] {dag.py:4180} INFO - Setting next_dagrun for consume_1_or_both_2_and_3_with_dataset_expressions to None, run_after=None
[2026-05-18T06:27:24.627+0000] {logging_mixin.py:190} INFO - [2026-05-18T06:27:24.626+0000] {dag.py:4180} INFO - Setting next_dagrun for dataset_consumes_1 to None, run_after=None
[2026-05-18T06:27:24.628+0000] {logging_mixin.py:190} INFO - [2026-05-18T06:27:24.627+0000] {dag.py:4180} INFO - Setting next_dagrun for dataset_consumes_1_and_2 to None, run_after=None
[2026-05-18T06:27:24.629+0000] {logging_mixin.py:190} INFO - [2026-05-18T06:27:24.629+0000] {dag.py:4180} INFO - Setting next_dagrun for dataset_consumes_1_never_scheduled to None, run_after=None
[2026-05-18T06:27:24.630+0000] {logging_mixin.py:190} INFO - [2026-05-18T06:27:24.630+0000] {dag.py:4180} INFO - Setting next_dagrun for dataset_consumes_unknown_never_scheduled to None, run_after=None
[2026-05-18T06:27:24.633+0000] {logging_mixin.py:190} INFO - [2026-05-18T06:27:24.632+0000] {dag.py:4180} INFO - Setting next_dagrun for dataset_produces_1 to 2026-05-17 00:00:00+00:00, run_after=2026-05-18 00:00:00+00:00
[2026-05-18T06:27:24.634+0000] {logging_mixin.py:190} INFO - [2026-05-18T06:27:24.633+0000] {dag.py:4180} INFO - Setting next_dagrun for dataset_produces_2 to None, run_after=None
[2026-05-18T06:27:24.677+0000] {processor.py:208} INFO - Processing /home/noelsdavid/airflow_venv/lib/python3.12/site-packages/airflow/example_dags/example_datasets.py took 0.169 seconds
[2026-05-18T06:28:38.173+0000] {processor.py:186} INFO - Started process (PID=9730) to work on /home/noelsdavid/airflow_venv/lib/python3.12/site-packages/airflow/example_dags/example_datasets.py
[2026-05-18T06:28:38.176+0000] {processor.py:914} INFO - Processing file /home/noelsdavid/airflow_venv/lib/python3.12/site-packages/airflow/example_dags/example_datasets.py for tasks to queue
[2026-05-18T06:28:38.178+0000] {logging_mixin.py:190} INFO - [2026-05-18T06:28:38.177+0000] {dagbag.py:588} INFO - Filling up the DagBag from /home/noelsdavid/airflow_venv/lib/python3.12/site-packages/airflow/example_dags/example_datasets.py
[2026-05-18T06:28:38.203+0000] {processor.py:925} INFO - DAG(s) 'consume_1_or_2_with_dataset_expressions', 'conditional_dataset_and_time_based_timetable', 'consume_1_or_both_2_and_3_with_dataset_expressions', 'dataset_consumes_1_and_2', 'dataset_consumes_1_never_scheduled', 'consume_1_and_2_with_dataset_expressions', 'dataset_consumes_1', 'dataset_produces_1', 'dataset_consumes_unknown_never_scheduled', 'dataset_produces_2' retrieved from /home/noelsdavid/airflow_venv/lib/python3.12/site-packages/airflow/example_dags/example_datasets.py
[2026-05-18T06:28:38.259+0000] {logging_mixin.py:190} INFO - [2026-05-18T06:28:38.258+0000] {dag.py:3239} INFO - Sync 10 DAGs
[2026-05-18T06:28:38.294+0000] {logging_mixin.py:190} INFO - [2026-05-18T06:28:38.294+0000] {dag.py:4180} INFO - Setting next_dagrun for conditional_dataset_and_time_based_timetable to 2026-05-13 01:00:00+00:00, run_after=2026-05-13 01:00:00+00:00
[2026-05-18T06:28:38.299+0000] {logging_mixin.py:190} INFO - [2026-05-18T06:28:38.299+0000] {dag.py:4180} INFO - Setting next_dagrun for consume_1_and_2_with_dataset_expressions to None, run_after=None
[2026-05-18T06:28:38.300+0000] {logging_mixin.py:190} INFO - [2026-05-18T06:28:38.300+0000] {dag.py:4180} INFO - Setting next_dagrun for consume_1_or_2_with_dataset_expressions to None, run_after=None
[2026-05-18T06:28:38.302+0000] {logging_mixin.py:190} INFO - [2026-05-18T06:28:38.302+0000] {dag.py:4180} INFO - Setting next_dagrun for consume_1_or_both_2_and_3_with_dataset_expressions to None, run_after=None
[2026-05-18T06:28:38.304+0000] {logging_mixin.py:190} INFO - [2026-05-18T06:28:38.304+0000] {dag.py:4180} INFO - Setting next_dagrun for dataset_consumes_1 to None, run_after=None
[2026-05-18T06:28:38.305+0000] {logging_mixin.py:190} INFO - [2026-05-18T06:28:38.305+0000] {dag.py:4180} INFO - Setting next_dagrun for dataset_consumes_1_and_2 to None, run_after=None
[2026-05-18T06:28:38.307+0000] {logging_mixin.py:190} INFO - [2026-05-18T06:28:38.306+0000] {dag.py:4180} INFO - Setting next_dagrun for dataset_consumes_1_never_scheduled to None, run_after=None
[2026-05-18T06:28:38.308+0000] {logging_mixin.py:190} INFO - [2026-05-18T06:28:38.307+0000] {dag.py:4180} INFO - Setting next_dagrun for dataset_consumes_unknown_never_scheduled to None, run_after=None
[2026-05-18T06:28:38.310+0000] {logging_mixin.py:190} INFO - [2026-05-18T06:28:38.310+0000] {dag.py:4180} INFO - Setting next_dagrun for dataset_produces_1 to 2026-05-17 00:00:00+00:00, run_after=2026-05-18 00:00:00+00:00
[2026-05-18T06:28:38.311+0000] {logging_mixin.py:190} INFO - [2026-05-18T06:28:38.311+0000] {dag.py:4180} INFO - Setting next_dagrun for dataset_produces_2 to None, run_after=None
[2026-05-18T06:28:38.360+0000] {processor.py:208} INFO - Processing /home/noelsdavid/airflow_venv/lib/python3.12/site-packages/airflow/example_dags/example_datasets.py took 0.198 seconds
[2026-05-18T06:29:49.965+0000] {processor.py:186} INFO - Started process (PID=9794) to work on /home/noelsdavid/airflow_venv/lib/python3.12/site-packages/airflow/example_dags/example_datasets.py
[2026-05-18T06:29:49.968+0000] {processor.py:914} INFO - Processing file /home/noelsdavid/airflow_venv/lib/python3.12/site-packages/airflow/example_dags/example_datasets.py for tasks to queue
[2026-05-18T06:29:49.970+0000] {logging_mixin.py:190} INFO - [2026-05-18T06:29:49.969+0000] {dagbag.py:588} INFO - Filling up the DagBag from /home/noelsdavid/airflow_venv/lib/python3.12/site-packages/airflow/example_dags/example_datasets.py
[2026-05-18T06:29:49.994+0000] {processor.py:925} INFO - DAG(s) 'dataset_produces_2', 'consume_1_or_both_2_and_3_with_dataset_expressions', 'consume_1_and_2_with_dataset_expressions', 'dataset_consumes_unknown_never_scheduled', 'dataset_consumes_1_and_2', 'dataset_consumes_1', 'dataset_produces_1', 'conditional_dataset_and_time_based_timetable', 'dataset_consumes_1_never_scheduled', 'consume_1_or_2_with_dataset_expressions' retrieved from /home/noelsdavid/airflow_venv/lib/python3.12/site-packages/airflow/example_dags/example_datasets.py
[2026-05-18T06:29:50.050+0000] {logging_mixin.py:190} INFO - [2026-05-18T06:29:50.049+0000] {dag.py:3239} INFO - Sync 10 DAGs
[2026-05-18T06:29:50.083+0000] {logging_mixin.py:190} INFO - [2026-05-18T06:29:50.083+0000] {dag.py:4180} INFO - Setting next_dagrun for conditional_dataset_and_time_based_timetable to 2026-05-13 01:00:00+00:00, run_after=2026-05-13 01:00:00+00:00
[2026-05-18T06:29:50.088+0000] {logging_mixin.py:190} INFO - [2026-05-18T06:29:50.087+0000] {dag.py:4180} INFO - Setting next_dagrun for consume_1_and_2_with_dataset_expressions to None, run_after=None
[2026-05-18T06:29:50.089+0000] {logging_mixin.py:190} INFO - [2026-05-18T06:29:50.089+0000] {dag.py:4180} INFO - Setting next_dagrun for consume_1_or_2_with_dataset_expressions to None, run_after=None
[2026-05-18T06:29:50.090+0000] {logging_mixin.py:190} INFO - [2026-05-18T06:29:50.090+0000] {dag.py:4180} INFO - Setting next_dagrun for consume_1_or_both_2_and_3_with_dataset_expressions to None, run_after=None
[2026-05-18T06:29:50.092+0000] {logging_mixin.py:190} INFO - [2026-05-18T06:29:50.092+0000] {dag.py:4180} INFO - Setting next_dagrun for dataset_consumes_1 to None, run_after=None
[2026-05-18T06:29:50.093+0000] {logging_mixin.py:190} INFO - [2026-05-18T06:29:50.093+0000] {dag.py:4180} INFO - Setting next_dagrun for dataset_consumes_1_and_2 to None, run_after=None
[2026-05-18T06:29:50.094+0000] {logging_mixin.py:190} INFO - [2026-05-18T06:29:50.094+0000] {dag.py:4180} INFO - Setting next_dagrun for dataset_consumes_1_never_scheduled to None, run_after=None
[2026-05-18T06:29:50.095+0000] {logging_mixin.py:190} INFO - [2026-05-18T06:29:50.095+0000] {dag.py:4180} INFO - Setting next_dagrun for dataset_consumes_unknown_never_scheduled to None, run_after=None
[2026-05-18T06:29:50.097+0000] {logging_mixin.py:190} INFO - [2026-05-18T06:29:50.097+0000] {dag.py:4180} INFO - Setting next_dagrun for dataset_produces_1 to 2026-05-17 00:00:00+00:00, run_after=2026-05-18 00:00:00+00:00
[2026-05-18T06:29:50.098+0000] {logging_mixin.py:190} INFO - [2026-05-18T06:29:50.098+0000] {dag.py:4180} INFO - Setting next_dagrun for dataset_produces_2 to None, run_after=None
[2026-05-18T06:29:50.147+0000] {processor.py:208} INFO - Processing /home/noelsdavid/airflow_venv/lib/python3.12/site-packages/airflow/example_dags/example_datasets.py took 0.190 seconds
[2026-05-18T06:30:54.154+0000] {processor.py:186} INFO - Started process (PID=9881) to work on /home/noelsdavid/airflow_venv/lib/python3.12/site-packages/airflow/example_dags/example_datasets.py
[2026-05-18T06:30:54.157+0000] {processor.py:914} INFO - Processing file /home/noelsdavid/airflow_venv/lib/python3.12/site-packages/airflow/example_dags/example_datasets.py for tasks to queue
[2026-05-18T06:30:54.159+0000] {logging_mixin.py:190} INFO - [2026-05-18T06:30:54.158+0000] {dagbag.py:588} INFO - Filling up the DagBag from /home/noelsdavid/airflow_venv/lib/python3.12/site-packages/airflow/example_dags/example_datasets.py
[2026-05-18T06:30:54.181+0000] {processor.py:925} INFO - DAG(s) 'dataset_produces_1', 'dataset_consumes_1_never_scheduled', 'dataset_consumes_unknown_never_scheduled', 'dataset_consumes_1', 'consume_1_or_2_with_dataset_expressions', 'dataset_consumes_1_and_2', 'consume_1_or_both_2_and_3_with_dataset_expressions', 'conditional_dataset_and_time_based_timetable', 'dataset_produces_2', 'consume_1_and_2_with_dataset_expressions' retrieved from /home/noelsdavid/airflow_venv/lib/python3.12/site-packages/airflow/example_dags/example_datasets.py
[2026-05-18T06:30:54.229+0000] {logging_mixin.py:190} INFO - [2026-05-18T06:30:54.228+0000] {dag.py:3239} INFO - Sync 10 DAGs
[2026-05-18T06:30:54.259+0000] {logging_mixin.py:190} INFO - [2026-05-18T06:30:54.259+0000] {dag.py:4180} INFO - Setting next_dagrun for conditional_dataset_and_time_based_timetable to 2026-05-13 01:00:00+00:00, run_after=2026-05-13 01:00:00+00:00
[2026-05-18T06:30:54.263+0000] {logging_mixin.py:190} INFO - [2026-05-18T06:30:54.263+0000] {dag.py:4180} INFO - Setting next_dagrun for consume_1_and_2_with_dataset_expressions to None, run_after=None
[2026-05-18T06:30:54.265+0000] {logging_mixin.py:190} INFO - [2026-05-18T06:30:54.264+0000] {dag.py:4180} INFO - Setting next_dagrun for consume_1_or_2_with_dataset_expressions to None, run_after=None
[2026-05-18T06:30:54.266+0000] {logging_mixin.py:190} INFO - [2026-05-18T06:30:54.266+0000] {dag.py:4180} INFO - Setting next_dagrun for consume_1_or_both_2_and_3_with_dataset_expressions to None, run_after=None
[2026-05-18T06:30:54.267+0000] {logging_mixin.py:190} INFO - [2026-05-18T06:30:54.267+0000] {dag.py:4180} INFO - Setting next_dagrun for dataset_consumes_1 to None, run_after=None
[2026-05-18T06:30:54.268+0000] {logging_mixin.py:190} INFO - [2026-05-18T06:30:54.268+0000] {dag.py:4180} INFO - Setting next_dagrun for dataset_consumes_1_and_2 to None, run_after=None
[2026-05-18T06:30:54.269+0000] {logging_mixin.py:190} INFO - [2026-05-18T06:30:54.269+0000] {dag.py:4180} INFO - Setting next_dagrun for dataset_consumes_1_never_scheduled to None, run_after=None
[2026-05-18T06:30:54.270+0000] {logging_mixin.py:190} INFO - [2026-05-18T06:30:54.270+0000] {dag.py:4180} INFO - Setting next_dagrun for dataset_consumes_unknown_never_scheduled to None, run_after=None
[2026-05-18T06:30:54.272+0000] {logging_mixin.py:190} INFO - [2026-05-18T06:30:54.272+0000] {dag.py:4180} INFO - Setting next_dagrun for dataset_produces_1 to 2026-05-17 00:00:00+00:00, run_after=2026-05-18 00:00:00+00:00
[2026-05-18T06:30:54.274+0000] {logging_mixin.py:190} INFO - [2026-05-18T06:30:54.273+0000] {dag.py:4180} INFO - Setting next_dagrun for dataset_produces_2 to None, run_after=None
[2026-05-18T06:30:54.315+0000] {processor.py:208} INFO - Processing /home/noelsdavid/airflow_venv/lib/python3.12/site-packages/airflow/example_dags/example_datasets.py took 0.169 seconds
[2026-05-18T06:31:59.082+0000] {processor.py:186} INFO - Started process (PID=9944) to work on /home/noelsdavid/airflow_venv/lib/python3.12/site-packages/airflow/example_dags/example_datasets.py
[2026-05-18T06:31:59.089+0000] {processor.py:914} INFO - Processing file /home/noelsdavid/airflow_venv/lib/python3.12/site-packages/airflow/example_dags/example_datasets.py for tasks to queue
[2026-05-18T06:31:59.091+0000] {logging_mixin.py:190} INFO - [2026-05-18T06:31:59.091+0000] {dagbag.py:588} INFO - Filling up the DagBag from /home/noelsdavid/airflow_venv/lib/python3.12/site-packages/airflow/example_dags/example_datasets.py
[2026-05-18T06:31:59.113+0000] {processor.py:925} INFO - DAG(s) 'conditional_dataset_and_time_based_timetable', 'dataset_consumes_1', 'dataset_consumes_unknown_never_scheduled', 'dataset_produces_2', 'consume_1_and_2_with_dataset_expressions', 'dataset_consumes_1_never_scheduled', 'dataset_consumes_1_and_2', 'consume_1_or_both_2_and_3_with_dataset_expressions', 'dataset_produces_1', 'consume_1_or_2_with_dataset_expressions' retrieved from /home/noelsdavid/airflow_venv/lib/python3.12/site-packages/airflow/example_dags/example_datasets.py
[2026-05-18T06:31:59.155+0000] {logging_mixin.py:190} INFO - [2026-05-18T06:31:59.155+0000] {dag.py:3239} INFO - Sync 10 DAGs
[2026-05-18T06:31:59.184+0000] {logging_mixin.py:190} INFO - [2026-05-18T06:31:59.183+0000] {dag.py:4180} INFO - Setting next_dagrun for conditional_dataset_and_time_based_timetable to 2026-05-13 01:00:00+00:00, run_after=2026-05-13 01:00:00+00:00
[2026-05-18T06:31:59.188+0000] {logging_mixin.py:190} INFO - [2026-05-18T06:31:59.187+0000] {dag.py:4180} INFO - Setting next_dagrun for consume_1_and_2_with_dataset_expressions to None, run_after=None
[2026-05-18T06:31:59.189+0000] {logging_mixin.py:190} INFO - [2026-05-18T06:31:59.189+0000] {dag.py:4180} INFO - Setting next_dagrun for consume_1_or_2_with_dataset_expressions to None, run_after=None
[2026-05-18T06:31:59.190+0000] {logging_mixin.py:190} INFO - [2026-05-18T06:31:59.190+0000] {dag.py:4180} INFO - Setting next_dagrun for consume_1_or_both_2_and_3_with_dataset_expressions to None, run_after=None
[2026-05-18T06:31:59.191+0000] {logging_mixin.py:190} INFO - [2026-05-18T06:31:59.191+0000] {dag.py:4180} INFO - Setting next_dagrun for dataset_consumes_1 to None, run_after=None
[2026-05-18T06:31:59.192+0000] {logging_mixin.py:190} INFO - [2026-05-18T06:31:59.192+0000] {dag.py:4180} INFO - Setting next_dagrun for dataset_consumes_1_and_2 to None, run_after=None
[2026-05-18T06:31:59.193+0000] {logging_mixin.py:190} INFO - [2026-05-18T06:31:59.193+0000] {dag.py:4180} INFO - Setting next_dagrun for dataset_consumes_1_never_scheduled to None, run_after=None
[2026-05-18T06:31:59.194+0000] {logging_mixin.py:190} INFO - [2026-05-18T06:31:59.194+0000] {dag.py:4180} INFO - Setting next_dagrun for dataset_consumes_unknown_never_scheduled to None, run_after=None
[2026-05-18T06:31:59.196+0000] {logging_mixin.py:190} INFO - [2026-05-18T06:31:59.196+0000] {dag.py:4180} INFO - Setting next_dagrun for dataset_produces_1 to 2026-05-17 00:00:00+00:00, run_after=2026-05-18 00:00:00+00:00
[2026-05-18T06:31:59.197+0000] {logging_mixin.py:190} INFO - [2026-05-18T06:31:59.197+0000] {dag.py:4180} INFO - Setting next_dagrun for dataset_produces_2 to None, run_after=None
[2026-05-18T06:31:59.237+0000] {processor.py:208} INFO - Processing /home/noelsdavid/airflow_venv/lib/python3.12/site-packages/airflow/example_dags/example_datasets.py took 0.163 seconds
[2026-05-18T06:32:57.609+0000] {processor.py:186} INFO - Started process (PID=10004) to work on /home/noelsdavid/airflow_venv/lib/python3.12/site-packages/airflow/example_dags/example_datasets.py
[2026-05-18T06:32:57.611+0000] {processor.py:914} INFO - Processing file /home/noelsdavid/airflow_venv/lib/python3.12/site-packages/airflow/example_dags/example_datasets.py for tasks to queue
[2026-05-18T06:32:57.613+0000] {logging_mixin.py:190} INFO - [2026-05-18T06:32:57.613+0000] {dagbag.py:588} INFO - Filling up the DagBag from /home/noelsdavid/airflow_venv/lib/python3.12/site-packages/airflow/example_dags/example_datasets.py
[2026-05-18T06:32:57.634+0000] {processor.py:925} INFO - DAG(s) 'dataset_consumes_1', 'dataset_consumes_1_never_scheduled', 'consume_1_and_2_with_dataset_expressions', 'dataset_consumes_unknown_never_scheduled', 'conditional_dataset_and_time_based_timetable', 'dataset_produces_2', 'consume_1_or_2_with_dataset_expressions', 'consume_1_or_both_2_and_3_with_dataset_expressions', 'dataset_consumes_1_and_2', 'dataset_produces_1' retrieved from /home/noelsdavid/airflow_venv/lib/python3.12/site-packages/airflow/example_dags/example_datasets.py
[2026-05-18T06:32:57.678+0000] {logging_mixin.py:190} INFO - [2026-05-18T06:32:57.678+0000] {dag.py:3239} INFO - Sync 10 DAGs
[2026-05-18T06:32:57.708+0000] {logging_mixin.py:190} INFO - [2026-05-18T06:32:57.707+0000] {dag.py:4180} INFO - Setting next_dagrun for conditional_dataset_and_time_based_timetable to 2026-05-13 01:00:00+00:00, run_after=2026-05-13 01:00:00+00:00
[2026-05-18T06:32:57.712+0000] {logging_mixin.py:190} INFO - [2026-05-18T06:32:57.712+0000] {dag.py:4180} INFO - Setting next_dagrun for consume_1_and_2_with_dataset_expressions to None, run_after=None
[2026-05-18T06:32:57.713+0000] {logging_mixin.py:190} INFO - [2026-05-18T06:32:57.713+0000] {dag.py:4180} INFO - Setting next_dagrun for consume_1_or_2_with_dataset_expressions to None, run_after=None
[2026-05-18T06:32:57.714+0000] {logging_mixin.py:190} INFO - [2026-05-18T06:32:57.714+0000] {dag.py:4180} INFO - Setting next_dagrun for consume_1_or_both_2_and_3_with_dataset_expressions to None, run_after=None
[2026-05-18T06:32:57.715+0000] {logging_mixin.py:190} INFO - [2026-05-18T06:32:57.715+0000] {dag.py:4180} INFO - Setting next_dagrun for dataset_consumes_1 to None, run_after=None
[2026-05-18T06:32:57.716+0000] {logging_mixin.py:190} INFO - [2026-05-18T06:32:57.716+0000] {dag.py:4180} INFO - Setting next_dagrun for dataset_consumes_1_and_2 to None, run_after=None
[2026-05-18T06:32:57.717+0000] {logging_mixin.py:190} INFO - [2026-05-18T06:32:57.717+0000] {dag.py:4180} INFO - Setting next_dagrun for dataset_consumes_1_never_scheduled to None, run_after=None
[2026-05-18T06:32:57.718+0000] {logging_mixin.py:190} INFO - [2026-05-18T06:32:57.718+0000] {dag.py:4180} INFO - Setting next_dagrun for dataset_consumes_unknown_never_scheduled to None, run_after=None
[2026-05-18T06:32:57.721+0000] {logging_mixin.py:190} INFO - [2026-05-18T06:32:57.720+0000] {dag.py:4180} INFO - Setting next_dagrun for dataset_produces_1 to 2026-05-17 00:00:00+00:00, run_after=2026-05-18 00:00:00+00:00
[2026-05-18T06:32:57.722+0000] {logging_mixin.py:190} INFO - [2026-05-18T06:32:57.721+0000] {dag.py:4180} INFO - Setting next_dagrun for dataset_produces_2 to None, run_after=None
[2026-05-18T06:32:57.761+0000] {processor.py:208} INFO - Processing /home/noelsdavid/airflow_venv/lib/python3.12/site-packages/airflow/example_dags/example_datasets.py took 0.160 seconds
[2026-05-18T06:34:05.245+0000] {processor.py:186} INFO - Started process (PID=10139) to work on /home/noelsdavid/airflow_venv/lib/python3.12/site-packages/airflow/example_dags/example_datasets.py
[2026-05-18T06:34:05.247+0000] {processor.py:914} INFO - Processing file /home/noelsdavid/airflow_venv/lib/python3.12/site-packages/airflow/example_dags/example_datasets.py for tasks to queue
[2026-05-18T06:34:05.249+0000] {logging_mixin.py:190} INFO - [2026-05-18T06:34:05.249+0000] {dagbag.py:588} INFO - Filling up the DagBag from /home/noelsdavid/airflow_venv/lib/python3.12/site-packages/airflow/example_dags/example_datasets.py
[2026-05-18T06:34:05.272+0000] {processor.py:925} INFO - DAG(s) 'dataset_consumes_1_and_2', 'dataset_consumes_1', 'consume_1_or_2_with_dataset_expressions', 'dataset_produces_1', 'conditional_dataset_and_time_based_timetable', 'consume_1_or_both_2_and_3_with_dataset_expressions', 'dataset_consumes_unknown_never_scheduled', 'consume_1_and_2_with_dataset_expressions', 'dataset_consumes_1_never_scheduled', 'dataset_produces_2' retrieved from /home/noelsdavid/airflow_venv/lib/python3.12/site-packages/airflow/example_dags/example_datasets.py
[2026-05-18T06:34:05.346+0000] {logging_mixin.py:190} INFO - [2026-05-18T06:34:05.346+0000] {dag.py:3239} INFO - Sync 10 DAGs
[2026-05-18T06:34:05.396+0000] {logging_mixin.py:190} INFO - [2026-05-18T06:34:05.395+0000] {dag.py:4180} INFO - Setting next_dagrun for conditional_dataset_and_time_based_timetable to 2026-05-13 01:00:00+00:00, run_after=2026-05-13 01:00:00+00:00
[2026-05-18T06:34:05.401+0000] {logging_mixin.py:190} INFO - [2026-05-18T06:34:05.401+0000] {dag.py:4180} INFO - Setting next_dagrun for consume_1_and_2_with_dataset_expressions to None, run_after=None
[2026-05-18T06:34:05.402+0000] {logging_mixin.py:190} INFO - [2026-05-18T06:34:05.402+0000] {dag.py:4180} INFO - Setting next_dagrun for consume_1_or_2_with_dataset_expressions to None, run_after=None
[2026-05-18T06:34:05.403+0000] {logging_mixin.py:190} INFO - [2026-05-18T06:34:05.403+0000] {dag.py:4180} INFO - Setting next_dagrun for consume_1_or_both_2_and_3_with_dataset_expressions to None, run_after=None
[2026-05-18T06:34:05.405+0000] {logging_mixin.py:190} INFO - [2026-05-18T06:34:05.404+0000] {dag.py:4180} INFO - Setting next_dagrun for dataset_consumes_1 to None, run_after=None
[2026-05-18T06:34:05.406+0000] {logging_mixin.py:190} INFO - [2026-05-18T06:34:05.406+0000] {dag.py:4180} INFO - Setting next_dagrun for dataset_consumes_1_and_2 to None, run_after=None
[2026-05-18T06:34:05.407+0000] {logging_mixin.py:190} INFO - [2026-05-18T06:34:05.407+0000] {dag.py:4180} INFO - Setting next_dagrun for dataset_consumes_1_never_scheduled to None, run_after=None
[2026-05-18T06:34:05.409+0000] {logging_mixin.py:190} INFO - [2026-05-18T06:34:05.409+0000] {dag.py:4180} INFO - Setting next_dagrun for dataset_consumes_unknown_never_scheduled to None, run_after=None
[2026-05-18T06:34:05.412+0000] {logging_mixin.py:190} INFO - [2026-05-18T06:34:05.411+0000] {dag.py:4180} INFO - Setting next_dagrun for dataset_produces_1 to 2026-05-17 00:00:00+00:00, run_after=2026-05-18 00:00:00+00:00
[2026-05-18T06:34:05.413+0000] {logging_mixin.py:190} INFO - [2026-05-18T06:34:05.413+0000] {dag.py:4180} INFO - Setting next_dagrun for dataset_produces_2 to None, run_after=None
[2026-05-18T06:34:05.469+0000] {processor.py:208} INFO - Processing /home/noelsdavid/airflow_venv/lib/python3.12/site-packages/airflow/example_dags/example_datasets.py took 0.234 seconds
[2026-05-18T06:35:07.587+0000] {processor.py:186} INFO - Started process (PID=10263) to work on /home/noelsdavid/airflow_venv/lib/python3.12/site-packages/airflow/example_dags/example_datasets.py
[2026-05-18T06:35:07.589+0000] {processor.py:914} INFO - Processing file /home/noelsdavid/airflow_venv/lib/python3.12/site-packages/airflow/example_dags/example_datasets.py for tasks to queue
[2026-05-18T06:35:07.591+0000] {logging_mixin.py:190} INFO - [2026-05-18T06:35:07.591+0000] {dagbag.py:588} INFO - Filling up the DagBag from /home/noelsdavid/airflow_venv/lib/python3.12/site-packages/airflow/example_dags/example_datasets.py
[2026-05-18T06:35:07.613+0000] {processor.py:925} INFO - DAG(s) 'dataset_consumes_1', 'dataset_consumes_1_and_2', 'consume_1_or_2_with_dataset_expressions', 'consume_1_or_both_2_and_3_with_dataset_expressions', 'conditional_dataset_and_time_based_timetable', 'dataset_consumes_unknown_never_scheduled', 'dataset_produces_2', 'dataset_produces_1', 'consume_1_and_2_with_dataset_expressions', 'dataset_consumes_1_never_scheduled' retrieved from /home/noelsdavid/airflow_venv/lib/python3.12/site-packages/airflow/example_dags/example_datasets.py
[2026-05-18T06:35:07.658+0000] {logging_mixin.py:190} INFO - [2026-05-18T06:35:07.658+0000] {dag.py:3239} INFO - Sync 10 DAGs
[2026-05-18T06:35:07.689+0000] {logging_mixin.py:190} INFO - [2026-05-18T06:35:07.689+0000] {dag.py:4180} INFO - Setting next_dagrun for conditional_dataset_and_time_based_timetable to 2026-05-13 01:00:00+00:00, run_after=2026-05-13 01:00:00+00:00
[2026-05-18T06:35:07.693+0000] {logging_mixin.py:190} INFO - [2026-05-18T06:35:07.693+0000] {dag.py:4180} INFO - Setting next_dagrun for consume_1_and_2_with_dataset_expressions to None, run_after=None
[2026-05-18T06:35:07.694+0000] {logging_mixin.py:190} INFO - [2026-05-18T06:35:07.694+0000] {dag.py:4180} INFO - Setting next_dagrun for consume_1_or_2_with_dataset_expressions to None, run_after=None
[2026-05-18T06:35:07.696+0000] {logging_mixin.py:190} INFO - [2026-05-18T06:35:07.695+0000] {dag.py:4180} INFO - Setting next_dagrun for consume_1_or_both_2_and_3_with_dataset_expressions to None, run_after=None
[2026-05-18T06:35:07.697+0000] {logging_mixin.py:190} INFO - [2026-05-18T06:35:07.697+0000] {dag.py:4180} INFO - Setting next_dagrun for dataset_consumes_1 to None, run_after=None
[2026-05-18T06:35:07.698+0000] {logging_mixin.py:190} INFO - [2026-05-18T06:35:07.698+0000] {dag.py:4180} INFO - Setting next_dagrun for dataset_consumes_1_and_2 to None, run_after=None
[2026-05-18T06:35:07.699+0000] {logging_mixin.py:190} INFO - [2026-05-18T06:35:07.699+0000] {dag.py:4180} INFO - Setting next_dagrun for dataset_consumes_1_never_scheduled to None, run_after=None
[2026-05-18T06:35:07.700+0000] {logging_mixin.py:190} INFO - [2026-05-18T06:35:07.700+0000] {dag.py:4180} INFO - Setting next_dagrun for dataset_consumes_unknown_never_scheduled to None, run_after=None
[2026-05-18T06:35:07.703+0000] {logging_mixin.py:190} INFO - [2026-05-18T06:35:07.702+0000] {dag.py:4180} INFO - Setting next_dagrun for dataset_produces_1 to 2026-05-17 00:00:00+00:00, run_after=2026-05-18 00:00:00+00:00
[2026-05-18T06:35:07.704+0000] {logging_mixin.py:190} INFO - [2026-05-18T06:35:07.704+0000] {dag.py:4180} INFO - Setting next_dagrun for dataset_produces_2 to None, run_after=None
[2026-05-18T06:35:07.744+0000] {processor.py:208} INFO - Processing /home/noelsdavid/airflow_venv/lib/python3.12/site-packages/airflow/example_dags/example_datasets.py took 0.165 seconds
[2026-05-18T06:36:13.394+0000] {processor.py:186} INFO - Started process (PID=10474) to work on /home/noelsdavid/airflow_venv/lib/python3.12/site-packages/airflow/example_dags/example_datasets.py
[2026-05-18T06:36:13.397+0000] {processor.py:914} INFO - Processing file /home/noelsdavid/airflow_venv/lib/python3.12/site-packages/airflow/example_dags/example_datasets.py for tasks to queue
[2026-05-18T06:36:13.399+0000] {logging_mixin.py:190} INFO - [2026-05-18T06:36:13.398+0000] {dagbag.py:588} INFO - Filling up the DagBag from /home/noelsdavid/airflow_venv/lib/python3.12/site-packages/airflow/example_dags/example_datasets.py
[2026-05-18T06:36:13.421+0000] {processor.py:925} INFO - DAG(s) 'dataset_consumes_1_and_2', 'consume_1_or_2_with_dataset_expressions', 'conditional_dataset_and_time_based_timetable', 'dataset_consumes_1_never_scheduled', 'consume_1_and_2_with_dataset_expressions', 'dataset_produces_1', 'dataset_produces_2', 'consume_1_or_both_2_and_3_with_dataset_expressions', 'dataset_consumes_1', 'dataset_consumes_unknown_never_scheduled' retrieved from /home/noelsdavid/airflow_venv/lib/python3.12/site-packages/airflow/example_dags/example_datasets.py
[2026-05-18T06:36:13.463+0000] {logging_mixin.py:190} INFO - [2026-05-18T06:36:13.463+0000] {dag.py:3239} INFO - Sync 10 DAGs
[2026-05-18T06:36:13.496+0000] {logging_mixin.py:190} INFO - [2026-05-18T06:36:13.495+0000] {dag.py:4180} INFO - Setting next_dagrun for conditional_dataset_and_time_based_timetable to 2026-05-13 01:00:00+00:00, run_after=2026-05-13 01:00:00+00:00
[2026-05-18T06:36:13.500+0000] {logging_mixin.py:190} INFO - [2026-05-18T06:36:13.499+0000] {dag.py:4180} INFO - Setting next_dagrun for consume_1_and_2_with_dataset_expressions to None, run_after=None
[2026-05-18T06:36:13.501+0000] {logging_mixin.py:190} INFO - [2026-05-18T06:36:13.501+0000] {dag.py:4180} INFO - Setting next_dagrun for consume_1_or_2_with_dataset_expressions to None, run_after=None
[2026-05-18T06:36:13.502+0000] {logging_mixin.py:190} INFO - [2026-05-18T06:36:13.502+0000] {dag.py:4180} INFO - Setting next_dagrun for consume_1_or_both_2_and_3_with_dataset_expressions to None, run_after=None
[2026-05-18T06:36:13.503+0000] {logging_mixin.py:190} INFO - [2026-05-18T06:36:13.503+0000] {dag.py:4180} INFO - Setting next_dagrun for dataset_consumes_1 to None, run_after=None
[2026-05-18T06:36:13.504+0000] {logging_mixin.py:190} INFO - [2026-05-18T06:36:13.504+0000] {dag.py:4180} INFO - Setting next_dagrun for dataset_consumes_1_and_2 to None, run_after=None
[2026-05-18T06:36:13.505+0000] {logging_mixin.py:190} INFO - [2026-05-18T06:36:13.505+0000] {dag.py:4180} INFO - Setting next_dagrun for dataset_consumes_1_never_scheduled to None, run_after=None
[2026-05-18T06:36:13.506+0000] {logging_mixin.py:190} INFO - [2026-05-18T06:36:13.506+0000] {dag.py:4180} INFO - Setting next_dagrun for dataset_consumes_unknown_never_scheduled to None, run_after=None
[2026-05-18T06:36:13.509+0000] {logging_mixin.py:190} INFO - [2026-05-18T06:36:13.508+0000] {dag.py:4180} INFO - Setting next_dagrun for dataset_produces_1 to 2026-05-17 00:00:00+00:00, run_after=2026-05-18 00:00:00+00:00
[2026-05-18T06:36:13.510+0000] {logging_mixin.py:190} INFO - [2026-05-18T06:36:13.509+0000] {dag.py:4180} INFO - Setting next_dagrun for dataset_produces_2 to None, run_after=None
[2026-05-18T06:36:13.550+0000] {processor.py:208} INFO - Processing /home/noelsdavid/airflow_venv/lib/python3.12/site-packages/airflow/example_dags/example_datasets.py took 0.164 seconds
[2026-05-18T06:37:14.182+0000] {processor.py:186} INFO - Started process (PID=10782) to work on /home/noelsdavid/airflow_venv/lib/python3.12/site-packages/airflow/example_dags/example_datasets.py
[2026-05-18T06:37:14.203+0000] {processor.py:914} INFO - Processing file /home/noelsdavid/airflow_venv/lib/python3.12/site-packages/airflow/example_dags/example_datasets.py for tasks to queue
[2026-05-18T06:37:14.205+0000] {logging_mixin.py:190} INFO - [2026-05-18T06:37:14.204+0000] {dagbag.py:588} INFO - Filling up the DagBag from /home/noelsdavid/airflow_venv/lib/python3.12/site-packages/airflow/example_dags/example_datasets.py
[2026-05-18T06:37:14.230+0000] {processor.py:925} INFO - DAG(s) 'dataset_consumes_1_and_2', 'consume_1_or_2_with_dataset_expressions', 'consume_1_or_both_2_and_3_with_dataset_expressions', 'dataset_consumes_1', 'consume_1_and_2_with_dataset_expressions', 'dataset_consumes_1_never_scheduled', 'dataset_consumes_unknown_never_scheduled', 'dataset_produces_1', 'conditional_dataset_and_time_based_timetable', 'dataset_produces_2' retrieved from /home/noelsdavid/airflow_venv/lib/python3.12/site-packages/airflow/example_dags/example_datasets.py
[2026-05-18T06:37:14.281+0000] {logging_mixin.py:190} INFO - [2026-05-18T06:37:14.281+0000] {dag.py:3239} INFO - Sync 10 DAGs
[2026-05-18T06:37:14.317+0000] {logging_mixin.py:190} INFO - [2026-05-18T06:37:14.317+0000] {dag.py:4180} INFO - Setting next_dagrun for conditional_dataset_and_time_based_timetable to 2026-05-13 01:00:00+00:00, run_after=2026-05-13 01:00:00+00:00
[2026-05-18T06:37:14.323+0000] {logging_mixin.py:190} INFO - [2026-05-18T06:37:14.323+0000] {dag.py:4180} INFO - Setting next_dagrun for consume_1_and_2_with_dataset_expressions to None, run_after=None
[2026-05-18T06:37:14.324+0000] {logging_mixin.py:190} INFO - [2026-05-18T06:37:14.324+0000] {dag.py:4180} INFO - Setting next_dagrun for consume_1_or_2_with_dataset_expressions to None, run_after=None
[2026-05-18T06:37:14.326+0000] {logging_mixin.py:190} INFO - [2026-05-18T06:37:14.326+0000] {dag.py:4180} INFO - Setting next_dagrun for consume_1_or_both_2_and_3_with_dataset_expressions to None, run_after=None
[2026-05-18T06:37:14.331+0000] {logging_mixin.py:190} INFO - [2026-05-18T06:37:14.330+0000] {dag.py:4180} INFO - Setting next_dagrun for dataset_consumes_1 to None, run_after=None
[2026-05-18T06:37:14.333+0000] {logging_mixin.py:190} INFO - [2026-05-18T06:37:14.333+0000] {dag.py:4180} INFO - Setting next_dagrun for dataset_consumes_1_and_2 to None, run_after=None
[2026-05-18T06:37:14.335+0000] {logging_mixin.py:190} INFO - [2026-05-18T06:37:14.334+0000] {dag.py:4180} INFO - Setting next_dagrun for dataset_consumes_1_never_scheduled to None, run_after=None
[2026-05-18T06:37:14.336+0000] {logging_mixin.py:190} INFO - [2026-05-18T06:37:14.336+0000] {dag.py:4180} INFO - Setting next_dagrun for dataset_consumes_unknown_never_scheduled to None, run_after=None
[2026-05-18T06:37:14.338+0000] {logging_mixin.py:190} INFO - [2026-05-18T06:37:14.338+0000] {dag.py:4180} INFO - Setting next_dagrun for dataset_produces_1 to 2026-05-17 00:00:00+00:00, run_after=2026-05-18 00:00:00+00:00
[2026-05-18T06:37:14.340+0000] {logging_mixin.py:190} INFO - [2026-05-18T06:37:14.339+0000] {dag.py:4180} INFO - Setting next_dagrun for dataset_produces_2 to None, run_after=None
[2026-05-18T06:37:14.384+0000] {processor.py:208} INFO - Processing /home/noelsdavid/airflow_venv/lib/python3.12/site-packages/airflow/example_dags/example_datasets.py took 0.210 seconds
[2026-05-18T06:38:21.920+0000] {processor.py:186} INFO - Started process (PID=11029) to work on /home/noelsdavid/airflow_venv/lib/python3.12/site-packages/airflow/example_dags/example_datasets.py
[2026-05-18T06:38:21.922+0000] {processor.py:914} INFO - Processing file /home/noelsdavid/airflow_venv/lib/python3.12/site-packages/airflow/example_dags/example_datasets.py for tasks to queue
[2026-05-18T06:38:21.924+0000] {logging_mixin.py:190} INFO - [2026-05-18T06:38:21.924+0000] {dagbag.py:588} INFO - Filling up the DagBag from /home/noelsdavid/airflow_venv/lib/python3.12/site-packages/airflow/example_dags/example_datasets.py
[2026-05-18T06:38:21.947+0000] {processor.py:925} INFO - DAG(s) 'dataset_produces_1', 'consume_1_or_2_with_dataset_expressions', 'dataset_consumes_1_never_scheduled', 'dataset_consumes_1_and_2', 'consume_1_or_both_2_and_3_with_dataset_expressions', 'conditional_dataset_and_time_based_timetable', 'dataset_consumes_1', 'consume_1_and_2_with_dataset_expressions', 'dataset_produces_2', 'dataset_consumes_unknown_never_scheduled' retrieved from /home/noelsdavid/airflow_venv/lib/python3.12/site-packages/airflow/example_dags/example_datasets.py
[2026-05-18T06:38:21.993+0000] {logging_mixin.py:190} INFO - [2026-05-18T06:38:21.992+0000] {dag.py:3239} INFO - Sync 10 DAGs
[2026-05-18T06:38:22.024+0000] {logging_mixin.py:190} INFO - [2026-05-18T06:38:22.024+0000] {dag.py:4180} INFO - Setting next_dagrun for conditional_dataset_and_time_based_timetable to 2026-05-13 01:00:00+00:00, run_after=2026-05-13 01:00:00+00:00
[2026-05-18T06:38:22.029+0000] {logging_mixin.py:190} INFO - [2026-05-18T06:38:22.028+0000] {dag.py:4180} INFO - Setting next_dagrun for consume_1_and_2_with_dataset_expressions to None, run_after=None
[2026-05-18T06:38:22.030+0000] {logging_mixin.py:190} INFO - [2026-05-18T06:38:22.030+0000] {dag.py:4180} INFO - Setting next_dagrun for consume_1_or_2_with_dataset_expressions to None, run_after=None
[2026-05-18T06:38:22.031+0000] {logging_mixin.py:190} INFO - [2026-05-18T06:38:22.031+0000] {dag.py:4180} INFO - Setting next_dagrun for consume_1_or_both_2_and_3_with_dataset_expressions to None, run_after=None
[2026-05-18T06:38:22.034+0000] {logging_mixin.py:190} INFO - [2026-05-18T06:38:22.034+0000] {dag.py:4180} INFO - Setting next_dagrun for dataset_consumes_1 to None, run_after=None
[2026-05-18T06:38:22.035+0000] {logging_mixin.py:190} INFO - [2026-05-18T06:38:22.035+0000] {dag.py:4180} INFO - Setting next_dagrun for dataset_consumes_1_and_2 to None, run_after=None
[2026-05-18T06:38:22.036+0000] {logging_mixin.py:190} INFO - [2026-05-18T06:38:22.036+0000] {dag.py:4180} INFO - Setting next_dagrun for dataset_consumes_1_never_scheduled to None, run_after=None
[2026-05-18T06:38:22.037+0000] {logging_mixin.py:190} INFO - [2026-05-18T06:38:22.037+0000] {dag.py:4180} INFO - Setting next_dagrun for dataset_consumes_unknown_never_scheduled to None, run_after=None
[2026-05-18T06:38:22.039+0000] {logging_mixin.py:190} INFO - [2026-05-18T06:38:22.039+0000] {dag.py:4180} INFO - Setting next_dagrun for dataset_produces_1 to 2026-05-17 00:00:00+00:00, run_after=2026-05-18 00:00:00+00:00
[2026-05-18T06:38:22.040+0000] {logging_mixin.py:190} INFO - [2026-05-18T06:38:22.040+0000] {dag.py:4180} INFO - Setting next_dagrun for dataset_produces_2 to None, run_after=None
[2026-05-18T06:38:22.082+0000] {processor.py:208} INFO - Processing /home/noelsdavid/airflow_venv/lib/python3.12/site-packages/airflow/example_dags/example_datasets.py took 0.170 seconds
[2026-05-18T06:39:24.845+0000] {processor.py:186} INFO - Started process (PID=11281) to work on /home/noelsdavid/airflow_venv/lib/python3.12/site-packages/airflow/example_dags/example_datasets.py
[2026-05-18T06:39:24.847+0000] {processor.py:914} INFO - Processing file /home/noelsdavid/airflow_venv/lib/python3.12/site-packages/airflow/example_dags/example_datasets.py for tasks to queue
[2026-05-18T06:39:24.849+0000] {logging_mixin.py:190} INFO - [2026-05-18T06:39:24.848+0000] {dagbag.py:588} INFO - Filling up the DagBag from /home/noelsdavid/airflow_venv/lib/python3.12/site-packages/airflow/example_dags/example_datasets.py
[2026-05-18T06:39:24.872+0000] {processor.py:925} INFO - DAG(s) 'dataset_consumes_1_and_2', 'consume_1_or_2_with_dataset_expressions', 'dataset_consumes_1', 'conditional_dataset_and_time_based_timetable', 'dataset_consumes_1_never_scheduled', 'dataset_produces_2', 'dataset_produces_1', 'consume_1_or_both_2_and_3_with_dataset_expressions', 'consume_1_and_2_with_dataset_expressions', 'dataset_consumes_unknown_never_scheduled' retrieved from /home/noelsdavid/airflow_venv/lib/python3.12/site-packages/airflow/example_dags/example_datasets.py
[2026-05-18T06:39:24.920+0000] {logging_mixin.py:190} INFO - [2026-05-18T06:39:24.919+0000] {dag.py:3239} INFO - Sync 10 DAGs
[2026-05-18T06:39:24.953+0000] {logging_mixin.py:190} INFO - [2026-05-18T06:39:24.952+0000] {dag.py:4180} INFO - Setting next_dagrun for conditional_dataset_and_time_based_timetable to 2026-05-13 01:00:00+00:00, run_after=2026-05-13 01:00:00+00:00
[2026-05-18T06:39:24.958+0000] {logging_mixin.py:190} INFO - [2026-05-18T06:39:24.957+0000] {dag.py:4180} INFO - Setting next_dagrun for consume_1_and_2_with_dataset_expressions to None, run_after=None
[2026-05-18T06:39:24.959+0000] {logging_mixin.py:190} INFO - [2026-05-18T06:39:24.959+0000] {dag.py:4180} INFO - Setting next_dagrun for consume_1_or_2_with_dataset_expressions to None, run_after=None
[2026-05-18T06:39:24.961+0000] {logging_mixin.py:190} INFO - [2026-05-18T06:39:24.961+0000] {dag.py:4180} INFO - Setting next_dagrun for consume_1_or_both_2_and_3_with_dataset_expressions to None, run_after=None
[2026-05-18T06:39:24.963+0000] {logging_mixin.py:190} INFO - [2026-05-18T06:39:24.962+0000] {dag.py:4180} INFO - Setting next_dagrun for dataset_consumes_1 to None, run_after=None
[2026-05-18T06:39:24.964+0000] {logging_mixin.py:190} INFO - [2026-05-18T06:39:24.964+0000] {dag.py:4180} INFO - Setting next_dagrun for dataset_consumes_1_and_2 to None, run_after=None
[2026-05-18T06:39:24.965+0000] {logging_mixin.py:190} INFO - [2026-05-18T06:39:24.965+0000] {dag.py:4180} INFO - Setting next_dagrun for dataset_consumes_1_never_scheduled to None, run_after=None
[2026-05-18T06:39:24.966+0000] {logging_mixin.py:190} INFO - [2026-05-18T06:39:24.966+0000] {dag.py:4180} INFO - Setting next_dagrun for dataset_consumes_unknown_never_scheduled to None, run_after=None
[2026-05-18T06:39:24.968+0000] {logging_mixin.py:190} INFO - [2026-05-18T06:39:24.968+0000] {dag.py:4180} INFO - Setting next_dagrun for dataset_produces_1 to 2026-05-17 00:00:00+00:00, run_after=2026-05-18 00:00:00+00:00
[2026-05-18T06:39:24.970+0000] {logging_mixin.py:190} INFO - [2026-05-18T06:39:24.969+0000] {dag.py:4180} INFO - Setting next_dagrun for dataset_produces_2 to None, run_after=None
[2026-05-18T06:39:25.025+0000] {processor.py:208} INFO - Processing /home/noelsdavid/airflow_venv/lib/python3.12/site-packages/airflow/example_dags/example_datasets.py took 0.188 seconds
[2026-05-18T06:40:34.687+0000] {processor.py:186} INFO - Started process (PID=11560) to work on /home/noelsdavid/airflow_venv/lib/python3.12/site-packages/airflow/example_dags/example_datasets.py
[2026-05-18T06:40:34.689+0000] {processor.py:914} INFO - Processing file /home/noelsdavid/airflow_venv/lib/python3.12/site-packages/airflow/example_dags/example_datasets.py for tasks to queue
[2026-05-18T06:40:34.691+0000] {logging_mixin.py:190} INFO - [2026-05-18T06:40:34.691+0000] {dagbag.py:588} INFO - Filling up the DagBag from /home/noelsdavid/airflow_venv/lib/python3.12/site-packages/airflow/example_dags/example_datasets.py
[2026-05-18T06:40:34.714+0000] {processor.py:925} INFO - DAG(s) 'dataset_consumes_1_never_scheduled', 'dataset_consumes_unknown_never_scheduled', 'consume_1_or_both_2_and_3_with_dataset_expressions', 'dataset_consumes_1_and_2', 'consume_1_and_2_with_dataset_expressions', 'conditional_dataset_and_time_based_timetable', 'dataset_consumes_1', 'consume_1_or_2_with_dataset_expressions', 'dataset_produces_2', 'dataset_produces_1' retrieved from /home/noelsdavid/airflow_venv/lib/python3.12/site-packages/airflow/example_dags/example_datasets.py
[2026-05-18T06:40:34.772+0000] {logging_mixin.py:190} INFO - [2026-05-18T06:40:34.771+0000] {dag.py:3239} INFO - Sync 10 DAGs
[2026-05-18T06:40:34.816+0000] {logging_mixin.py:190} INFO - [2026-05-18T06:40:34.816+0000] {dag.py:4180} INFO - Setting next_dagrun for conditional_dataset_and_time_based_timetable to 2026-05-13 01:00:00+00:00, run_after=2026-05-13 01:00:00+00:00
[2026-05-18T06:40:34.823+0000] {logging_mixin.py:190} INFO - [2026-05-18T06:40:34.822+0000] {dag.py:4180} INFO - Setting next_dagrun for consume_1_and_2_with_dataset_expressions to None, run_after=None
[2026-05-18T06:40:34.825+0000] {logging_mixin.py:190} INFO - [2026-05-18T06:40:34.825+0000] {dag.py:4180} INFO - Setting next_dagrun for consume_1_or_2_with_dataset_expressions to None, run_after=None
[2026-05-18T06:40:34.827+0000] {logging_mixin.py:190} INFO - [2026-05-18T06:40:34.826+0000] {dag.py:4180} INFO - Setting next_dagrun for consume_1_or_both_2_and_3_with_dataset_expressions to None, run_after=None
[2026-05-18T06:40:34.828+0000] {logging_mixin.py:190} INFO - [2026-05-18T06:40:34.828+0000] {dag.py:4180} INFO - Setting next_dagrun for dataset_consumes_1 to None, run_after=None
[2026-05-18T06:40:34.829+0000] {logging_mixin.py:190} INFO - [2026-05-18T06:40:34.829+0000] {dag.py:4180} INFO - Setting next_dagrun for dataset_consumes_1_and_2 to None, run_after=None
[2026-05-18T06:40:34.830+0000] {logging_mixin.py:190} INFO - [2026-05-18T06:40:34.830+0000] {dag.py:4180} INFO - Setting next_dagrun for dataset_consumes_1_never_scheduled to None, run_after=None
[2026-05-18T06:40:34.831+0000] {logging_mixin.py:190} INFO - [2026-05-18T06:40:34.831+0000] {dag.py:4180} INFO - Setting next_dagrun for dataset_consumes_unknown_never_scheduled to None, run_after=None
[2026-05-18T06:40:34.834+0000] {logging_mixin.py:190} INFO - [2026-05-18T06:40:34.833+0000] {dag.py:4180} INFO - Setting next_dagrun for dataset_produces_1 to 2026-05-17 00:00:00+00:00, run_after=2026-05-18 00:00:00+00:00
[2026-05-18T06:40:34.835+0000] {logging_mixin.py:190} INFO - [2026-05-18T06:40:34.835+0000] {dag.py:4180} INFO - Setting next_dagrun for dataset_produces_2 to None, run_after=None
[2026-05-18T06:40:34.891+0000] {processor.py:208} INFO - Processing /home/noelsdavid/airflow_venv/lib/python3.12/site-packages/airflow/example_dags/example_datasets.py took 0.212 seconds
[2026-05-18T06:41:47.583+0000] {processor.py:186} INFO - Started process (PID=12228) to work on /home/noelsdavid/airflow_venv/lib/python3.12/site-packages/airflow/example_dags/example_datasets.py
[2026-05-18T06:41:47.623+0000] {processor.py:914} INFO - Processing file /home/noelsdavid/airflow_venv/lib/python3.12/site-packages/airflow/example_dags/example_datasets.py for tasks to queue
[2026-05-18T06:41:47.625+0000] {logging_mixin.py:190} INFO - [2026-05-18T06:41:47.624+0000] {dagbag.py:588} INFO - Filling up the DagBag from /home/noelsdavid/airflow_venv/lib/python3.12/site-packages/airflow/example_dags/example_datasets.py
[2026-05-18T06:41:47.652+0000] {processor.py:925} INFO - DAG(s) 'dataset_produces_1', 'dataset_consumes_1_and_2', 'consume_1_and_2_with_dataset_expressions', 'consume_1_or_both_2_and_3_with_dataset_expressions', 'dataset_consumes_1_never_scheduled', 'conditional_dataset_and_time_based_timetable', 'consume_1_or_2_with_dataset_expressions', 'dataset_consumes_unknown_never_scheduled', 'dataset_consumes_1', 'dataset_produces_2' retrieved from /home/noelsdavid/airflow_venv/lib/python3.12/site-packages/airflow/example_dags/example_datasets.py
[2026-05-18T06:41:47.712+0000] {logging_mixin.py:190} INFO - [2026-05-18T06:41:47.712+0000] {dag.py:3239} INFO - Sync 10 DAGs
[2026-05-18T06:41:47.747+0000] {logging_mixin.py:190} INFO - [2026-05-18T06:41:47.747+0000] {dag.py:4180} INFO - Setting next_dagrun for conditional_dataset_and_time_based_timetable to 2026-05-13 01:00:00+00:00, run_after=2026-05-13 01:00:00+00:00
[2026-05-18T06:41:47.752+0000] {logging_mixin.py:190} INFO - [2026-05-18T06:41:47.752+0000] {dag.py:4180} INFO - Setting next_dagrun for consume_1_and_2_with_dataset_expressions to None, run_after=None
[2026-05-18T06:41:47.754+0000] {logging_mixin.py:190} INFO - [2026-05-18T06:41:47.753+0000] {dag.py:4180} INFO - Setting next_dagrun for consume_1_or_2_with_dataset_expressions to None, run_after=None
[2026-05-18T06:41:47.756+0000] {logging_mixin.py:190} INFO - [2026-05-18T06:41:47.756+0000] {dag.py:4180} INFO - Setting next_dagrun for consume_1_or_both_2_and_3_with_dataset_expressions to None, run_after=None
[2026-05-18T06:41:47.758+0000] {logging_mixin.py:190} INFO - [2026-05-18T06:41:47.758+0000] {dag.py:4180} INFO - Setting next_dagrun for dataset_consumes_1 to None, run_after=None
[2026-05-18T06:41:47.759+0000] {logging_mixin.py:190} INFO - [2026-05-18T06:41:47.759+0000] {dag.py:4180} INFO - Setting next_dagrun for dataset_consumes_1_and_2 to None, run_after=None
[2026-05-18T06:41:47.761+0000] {logging_mixin.py:190} INFO - [2026-05-18T06:41:47.760+0000] {dag.py:4180} INFO - Setting next_dagrun for dataset_consumes_1_never_scheduled to None, run_after=None
[2026-05-18T06:41:47.762+0000] {logging_mixin.py:190} INFO - [2026-05-18T06:41:47.762+0000] {dag.py:4180} INFO - Setting next_dagrun for dataset_consumes_unknown_never_scheduled to None, run_after=None
[2026-05-18T06:41:47.764+0000] {logging_mixin.py:190} INFO - [2026-05-18T06:41:47.764+0000] {dag.py:4180} INFO - Setting next_dagrun for dataset_produces_1 to 2026-05-17 00:00:00+00:00, run_after=2026-05-18 00:00:00+00:00
[2026-05-18T06:41:47.766+0000] {logging_mixin.py:190} INFO - [2026-05-18T06:41:47.765+0000] {dag.py:4180} INFO - Setting next_dagrun for dataset_produces_2 to None, run_after=None
[2026-05-18T06:41:47.811+0000] {processor.py:208} INFO - Processing /home/noelsdavid/airflow_venv/lib/python3.12/site-packages/airflow/example_dags/example_datasets.py took 0.237 seconds
[2026-05-18T06:43:01.929+0000] {processor.py:186} INFO - Started process (PID=12603) to work on /home/noelsdavid/airflow_venv/lib/python3.12/site-packages/airflow/example_dags/example_datasets.py
[2026-05-18T06:43:01.933+0000] {processor.py:914} INFO - Processing file /home/noelsdavid/airflow_venv/lib/python3.12/site-packages/airflow/example_dags/example_datasets.py for tasks to queue
[2026-05-18T06:43:01.936+0000] {logging_mixin.py:190} INFO - [2026-05-18T06:43:01.935+0000] {dagbag.py:588} INFO - Filling up the DagBag from /home/noelsdavid/airflow_venv/lib/python3.12/site-packages/airflow/example_dags/example_datasets.py
[2026-05-18T06:43:01.960+0000] {processor.py:925} INFO - DAG(s) 'dataset_consumes_1', 'conditional_dataset_and_time_based_timetable', 'dataset_consumes_1_and_2', 'dataset_consumes_1_never_scheduled', 'consume_1_or_2_with_dataset_expressions', 'consume_1_or_both_2_and_3_with_dataset_expressions', 'dataset_produces_1', 'dataset_produces_2', 'dataset_consumes_unknown_never_scheduled', 'consume_1_and_2_with_dataset_expressions' retrieved from /home/noelsdavid/airflow_venv/lib/python3.12/site-packages/airflow/example_dags/example_datasets.py
[2026-05-18T06:43:02.015+0000] {logging_mixin.py:190} INFO - [2026-05-18T06:43:02.014+0000] {dag.py:3239} INFO - Sync 10 DAGs
[2026-05-18T06:43:02.054+0000] {logging_mixin.py:190} INFO - [2026-05-18T06:43:02.053+0000] {dag.py:4180} INFO - Setting next_dagrun for conditional_dataset_and_time_based_timetable to 2026-05-13 01:00:00+00:00, run_after=2026-05-13 01:00:00+00:00
[2026-05-18T06:43:02.062+0000] {logging_mixin.py:190} INFO - [2026-05-18T06:43:02.061+0000] {dag.py:4180} INFO - Setting next_dagrun for consume_1_and_2_with_dataset_expressions to None, run_after=None
[2026-05-18T06:43:02.064+0000] {logging_mixin.py:190} INFO - [2026-05-18T06:43:02.064+0000] {dag.py:4180} INFO - Setting next_dagrun for consume_1_or_2_with_dataset_expressions to None, run_after=None
[2026-05-18T06:43:02.066+0000] {logging_mixin.py:190} INFO - [2026-05-18T06:43:02.065+0000] {dag.py:4180} INFO - Setting next_dagrun for consume_1_or_both_2_and_3_with_dataset_expressions to None, run_after=None
[2026-05-18T06:43:02.067+0000] {logging_mixin.py:190} INFO - [2026-05-18T06:43:02.067+0000] {dag.py:4180} INFO - Setting next_dagrun for dataset_consumes_1 to None, run_after=None
[2026-05-18T06:43:02.068+0000] {logging_mixin.py:190} INFO - [2026-05-18T06:43:02.068+0000] {dag.py:4180} INFO - Setting next_dagrun for dataset_consumes_1_and_2 to None, run_after=None
[2026-05-18T06:43:02.069+0000] {logging_mixin.py:190} INFO - [2026-05-18T06:43:02.069+0000] {dag.py:4180} INFO - Setting next_dagrun for dataset_consumes_1_never_scheduled to None, run_after=None
[2026-05-18T06:43:02.070+0000] {logging_mixin.py:190} INFO - [2026-05-18T06:43:02.070+0000] {dag.py:4180} INFO - Setting next_dagrun for dataset_consumes_unknown_never_scheduled to None, run_after=None
[2026-05-18T06:43:02.073+0000] {logging_mixin.py:190} INFO - [2026-05-18T06:43:02.073+0000] {dag.py:4180} INFO - Setting next_dagrun for dataset_produces_1 to 2026-05-17 00:00:00+00:00, run_after=2026-05-18 00:00:00+00:00
[2026-05-18T06:43:02.074+0000] {logging_mixin.py:190} INFO - [2026-05-18T06:43:02.074+0000] {dag.py:4180} INFO - Setting next_dagrun for dataset_produces_2 to None, run_after=None
[2026-05-18T06:43:02.139+0000] {processor.py:208} INFO - Processing /home/noelsdavid/airflow_venv/lib/python3.12/site-packages/airflow/example_dags/example_datasets.py took 0.222 seconds
[2026-05-18T06:44:38.290+0000] {processor.py:186} INFO - Started process (PID=13054) to work on /home/noelsdavid/airflow_venv/lib/python3.12/site-packages/airflow/example_dags/example_datasets.py
[2026-05-18T06:44:38.294+0000] {processor.py:914} INFO - Processing file /home/noelsdavid/airflow_venv/lib/python3.12/site-packages/airflow/example_dags/example_datasets.py for tasks to queue
[2026-05-18T06:44:38.296+0000] {logging_mixin.py:190} INFO - [2026-05-18T06:44:38.295+0000] {dagbag.py:588} INFO - Filling up the DagBag from /home/noelsdavid/airflow_venv/lib/python3.12/site-packages/airflow/example_dags/example_datasets.py
[2026-05-18T06:44:38.322+0000] {processor.py:925} INFO - DAG(s) 'consume_1_or_2_with_dataset_expressions', 'dataset_produces_1', 'dataset_consumes_1_and_2', 'consume_1_and_2_with_dataset_expressions', 'dataset_consumes_unknown_never_scheduled', 'dataset_consumes_1_never_scheduled', 'dataset_consumes_1', 'consume_1_or_both_2_and_3_with_dataset_expressions', 'dataset_produces_2', 'conditional_dataset_and_time_based_timetable' retrieved from /home/noelsdavid/airflow_venv/lib/python3.12/site-packages/airflow/example_dags/example_datasets.py
[2026-05-18T06:44:38.375+0000] {logging_mixin.py:190} INFO - [2026-05-18T06:44:38.374+0000] {dag.py:3239} INFO - Sync 10 DAGs
[2026-05-18T06:44:38.406+0000] {logging_mixin.py:190} INFO - [2026-05-18T06:44:38.405+0000] {dag.py:4180} INFO - Setting next_dagrun for conditional_dataset_and_time_based_timetable to 2026-05-13 01:00:00+00:00, run_after=2026-05-13 01:00:00+00:00
[2026-05-18T06:44:38.410+0000] {logging_mixin.py:190} INFO - [2026-05-18T06:44:38.410+0000] {dag.py:4180} INFO - Setting next_dagrun for consume_1_and_2_with_dataset_expressions to None, run_after=None
[2026-05-18T06:44:38.412+0000] {logging_mixin.py:190} INFO - [2026-05-18T06:44:38.411+0000] {dag.py:4180} INFO - Setting next_dagrun for consume_1_or_2_with_dataset_expressions to None, run_after=None
[2026-05-18T06:44:38.413+0000] {logging_mixin.py:190} INFO - [2026-05-18T06:44:38.413+0000] {dag.py:4180} INFO - Setting next_dagrun for consume_1_or_both_2_and_3_with_dataset_expressions to None, run_after=None
[2026-05-18T06:44:38.414+0000] {logging_mixin.py:190} INFO - [2026-05-18T06:44:38.414+0000] {dag.py:4180} INFO - Setting next_dagrun for dataset_consumes_1 to None, run_after=None
[2026-05-18T06:44:38.415+0000] {logging_mixin.py:190} INFO - [2026-05-18T06:44:38.415+0000] {dag.py:4180} INFO - Setting next_dagrun for dataset_consumes_1_and_2 to None, run_after=None
[2026-05-18T06:44:38.416+0000] {logging_mixin.py:190} INFO - [2026-05-18T06:44:38.416+0000] {dag.py:4180} INFO - Setting next_dagrun for dataset_consumes_1_never_scheduled to None, run_after=None
[2026-05-18T06:44:38.417+0000] {logging_mixin.py:190} INFO - [2026-05-18T06:44:38.417+0000] {dag.py:4180} INFO - Setting next_dagrun for dataset_consumes_unknown_never_scheduled to None, run_after=None
[2026-05-18T06:44:38.419+0000] {logging_mixin.py:190} INFO - [2026-05-18T06:44:38.419+0000] {dag.py:4180} INFO - Setting next_dagrun for dataset_produces_1 to 2026-05-17 00:00:00+00:00, run_after=2026-05-18 00:00:00+00:00
[2026-05-18T06:44:38.421+0000] {logging_mixin.py:190} INFO - [2026-05-18T06:44:38.421+0000] {dag.py:4180} INFO - Setting next_dagrun for dataset_produces_2 to None, run_after=None
[2026-05-18T06:44:38.468+0000] {processor.py:208} INFO - Processing /home/noelsdavid/airflow_venv/lib/python3.12/site-packages/airflow/example_dags/example_datasets.py took 0.188 seconds
[2026-05-18T06:45:51.840+0000] {processor.py:186} INFO - Started process (PID=13156) to work on /home/noelsdavid/airflow_venv/lib/python3.12/site-packages/airflow/example_dags/example_datasets.py
[2026-05-18T06:45:51.844+0000] {processor.py:914} INFO - Processing file /home/noelsdavid/airflow_venv/lib/python3.12/site-packages/airflow/example_dags/example_datasets.py for tasks to queue
[2026-05-18T06:45:51.846+0000] {logging_mixin.py:190} INFO - [2026-05-18T06:45:51.845+0000] {dagbag.py:588} INFO - Filling up the DagBag from /home/noelsdavid/airflow_venv/lib/python3.12/site-packages/airflow/example_dags/example_datasets.py
[2026-05-18T06:45:51.875+0000] {processor.py:925} INFO - DAG(s) 'dataset_consumes_unknown_never_scheduled', 'dataset_produces_2', 'dataset_consumes_1', 'consume_1_or_both_2_and_3_with_dataset_expressions', 'dataset_produces_1', 'consume_1_and_2_with_dataset_expressions', 'consume_1_or_2_with_dataset_expressions', 'dataset_consumes_1_and_2', 'conditional_dataset_and_time_based_timetable', 'dataset_consumes_1_never_scheduled' retrieved from /home/noelsdavid/airflow_venv/lib/python3.12/site-packages/airflow/example_dags/example_datasets.py
[2026-05-18T06:45:51.936+0000] {logging_mixin.py:190} INFO - [2026-05-18T06:45:51.936+0000] {dag.py:3239} INFO - Sync 10 DAGs
[2026-05-18T06:45:51.977+0000] {logging_mixin.py:190} INFO - [2026-05-18T06:45:51.976+0000] {dag.py:4180} INFO - Setting next_dagrun for conditional_dataset_and_time_based_timetable to 2026-05-13 01:00:00+00:00, run_after=2026-05-13 01:00:00+00:00
[2026-05-18T06:45:51.982+0000] {logging_mixin.py:190} INFO - [2026-05-18T06:45:51.981+0000] {dag.py:4180} INFO - Setting next_dagrun for consume_1_and_2_with_dataset_expressions to None, run_after=None
[2026-05-18T06:45:51.984+0000] {logging_mixin.py:190} INFO - [2026-05-18T06:45:51.983+0000] {dag.py:4180} INFO - Setting next_dagrun for consume_1_or_2_with_dataset_expressions to None, run_after=None
[2026-05-18T06:45:51.985+0000] {logging_mixin.py:190} INFO - [2026-05-18T06:45:51.985+0000] {dag.py:4180} INFO - Setting next_dagrun for consume_1_or_both_2_and_3_with_dataset_expressions to None, run_after=None
[2026-05-18T06:45:51.986+0000] {logging_mixin.py:190} INFO - [2026-05-18T06:45:51.986+0000] {dag.py:4180} INFO - Setting next_dagrun for dataset_consumes_1 to None, run_after=None
[2026-05-18T06:45:51.988+0000] {logging_mixin.py:190} INFO - [2026-05-18T06:45:51.988+0000] {dag.py:4180} INFO - Setting next_dagrun for dataset_consumes_1_and_2 to None, run_after=None
[2026-05-18T06:45:51.989+0000] {logging_mixin.py:190} INFO - [2026-05-18T06:45:51.989+0000] {dag.py:4180} INFO - Setting next_dagrun for dataset_consumes_1_never_scheduled to None, run_after=None
[2026-05-18T06:45:51.990+0000] {logging_mixin.py:190} INFO - [2026-05-18T06:45:51.990+0000] {dag.py:4180} INFO - Setting next_dagrun for dataset_consumes_unknown_never_scheduled to None, run_after=None
[2026-05-18T06:45:51.994+0000] {logging_mixin.py:190} INFO - [2026-05-18T06:45:51.993+0000] {dag.py:4180} INFO - Setting next_dagrun for dataset_produces_1 to 2026-05-17 00:00:00+00:00, run_after=2026-05-18 00:00:00+00:00
[2026-05-18T06:45:51.995+0000] {logging_mixin.py:190} INFO - [2026-05-18T06:45:51.995+0000] {dag.py:4180} INFO - Setting next_dagrun for dataset_produces_2 to None, run_after=None
[2026-05-18T06:45:52.047+0000] {processor.py:208} INFO - Processing /home/noelsdavid/airflow_venv/lib/python3.12/site-packages/airflow/example_dags/example_datasets.py took 0.222 seconds
[2026-05-18T06:47:00.753+0000] {processor.py:186} INFO - Started process (PID=13233) to work on /home/noelsdavid/airflow_venv/lib/python3.12/site-packages/airflow/example_dags/example_datasets.py
[2026-05-18T06:47:00.755+0000] {processor.py:914} INFO - Processing file /home/noelsdavid/airflow_venv/lib/python3.12/site-packages/airflow/example_dags/example_datasets.py for tasks to queue
[2026-05-18T06:47:00.757+0000] {logging_mixin.py:190} INFO - [2026-05-18T06:47:00.756+0000] {dagbag.py:588} INFO - Filling up the DagBag from /home/noelsdavid/airflow_venv/lib/python3.12/site-packages/airflow/example_dags/example_datasets.py
[2026-05-18T06:47:00.782+0000] {processor.py:925} INFO - DAG(s) 'dataset_consumes_1', 'dataset_produces_1', 'consume_1_or_2_with_dataset_expressions', 'consume_1_and_2_with_dataset_expressions', 'dataset_consumes_unknown_never_scheduled', 'dataset_consumes_1_never_scheduled', 'dataset_produces_2', 'conditional_dataset_and_time_based_timetable', 'dataset_consumes_1_and_2', 'consume_1_or_both_2_and_3_with_dataset_expressions' retrieved from /home/noelsdavid/airflow_venv/lib/python3.12/site-packages/airflow/example_dags/example_datasets.py
[2026-05-18T06:47:00.826+0000] {logging_mixin.py:190} INFO - [2026-05-18T06:47:00.826+0000] {dag.py:3239} INFO - Sync 10 DAGs
[2026-05-18T06:47:00.856+0000] {logging_mixin.py:190} INFO - [2026-05-18T06:47:00.856+0000] {dag.py:4180} INFO - Setting next_dagrun for conditional_dataset_and_time_based_timetable to 2026-05-13 01:00:00+00:00, run_after=2026-05-13 01:00:00+00:00
[2026-05-18T06:47:00.860+0000] {logging_mixin.py:190} INFO - [2026-05-18T06:47:00.860+0000] {dag.py:4180} INFO - Setting next_dagrun for consume_1_and_2_with_dataset_expressions to None, run_after=None
[2026-05-18T06:47:00.861+0000] {logging_mixin.py:190} INFO - [2026-05-18T06:47:00.861+0000] {dag.py:4180} INFO - Setting next_dagrun for consume_1_or_2_with_dataset_expressions to None, run_after=None
[2026-05-18T06:47:00.863+0000] {logging_mixin.py:190} INFO - [2026-05-18T06:47:00.862+0000] {dag.py:4180} INFO - Setting next_dagrun for consume_1_or_both_2_and_3_with_dataset_expressions to None, run_after=None
[2026-05-18T06:47:00.864+0000] {logging_mixin.py:190} INFO - [2026-05-18T06:47:00.863+0000] {dag.py:4180} INFO - Setting next_dagrun for dataset_consumes_1 to None, run_after=None
[2026-05-18T06:47:00.865+0000] {logging_mixin.py:190} INFO - [2026-05-18T06:47:00.864+0000] {dag.py:4180} INFO - Setting next_dagrun for dataset_consumes_1_and_2 to None, run_after=None
[2026-05-18T06:47:00.866+0000] {logging_mixin.py:190} INFO - [2026-05-18T06:47:00.865+0000] {dag.py:4180} INFO - Setting next_dagrun for dataset_consumes_1_never_scheduled to None, run_after=None
[2026-05-18T06:47:00.867+0000] {logging_mixin.py:190} INFO - [2026-05-18T06:47:00.866+0000] {dag.py:4180} INFO - Setting next_dagrun for dataset_consumes_unknown_never_scheduled to None, run_after=None
[2026-05-18T06:47:00.869+0000] {logging_mixin.py:190} INFO - [2026-05-18T06:47:00.869+0000] {dag.py:4180} INFO - Setting next_dagrun for dataset_produces_1 to 2026-05-17 00:00:00+00:00, run_after=2026-05-18 00:00:00+00:00
[2026-05-18T06:47:00.870+0000] {logging_mixin.py:190} INFO - [2026-05-18T06:47:00.870+0000] {dag.py:4180} INFO - Setting next_dagrun for dataset_produces_2 to None, run_after=None
[2026-05-18T06:47:00.915+0000] {processor.py:208} INFO - Processing /home/noelsdavid/airflow_venv/lib/python3.12/site-packages/airflow/example_dags/example_datasets.py took 0.173 seconds
[2026-05-18T06:48:05.946+0000] {processor.py:186} INFO - Started process (PID=13303) to work on /home/noelsdavid/airflow_venv/lib/python3.12/site-packages/airflow/example_dags/example_datasets.py
[2026-05-18T06:48:05.948+0000] {processor.py:914} INFO - Processing file /home/noelsdavid/airflow_venv/lib/python3.12/site-packages/airflow/example_dags/example_datasets.py for tasks to queue
[2026-05-18T06:48:05.950+0000] {logging_mixin.py:190} INFO - [2026-05-18T06:48:05.949+0000] {dagbag.py:588} INFO - Filling up the DagBag from /home/noelsdavid/airflow_venv/lib/python3.12/site-packages/airflow/example_dags/example_datasets.py
[2026-05-18T06:48:05.973+0000] {processor.py:925} INFO - DAG(s) 'dataset_consumes_1_and_2', 'dataset_consumes_1_never_scheduled', 'dataset_consumes_1', 'dataset_produces_2', 'consume_1_or_2_with_dataset_expressions', 'consume_1_or_both_2_and_3_with_dataset_expressions', 'dataset_produces_1', 'conditional_dataset_and_time_based_timetable', 'dataset_consumes_unknown_never_scheduled', 'consume_1_and_2_with_dataset_expressions' retrieved from /home/noelsdavid/airflow_venv/lib/python3.12/site-packages/airflow/example_dags/example_datasets.py
[2026-05-18T06:48:06.018+0000] {logging_mixin.py:190} INFO - [2026-05-18T06:48:06.018+0000] {dag.py:3239} INFO - Sync 10 DAGs
[2026-05-18T06:48:06.049+0000] {logging_mixin.py:190} INFO - [2026-05-18T06:48:06.048+0000] {dag.py:4180} INFO - Setting next_dagrun for conditional_dataset_and_time_based_timetable to 2026-05-13 01:00:00+00:00, run_after=2026-05-13 01:00:00+00:00
[2026-05-18T06:48:06.053+0000] {logging_mixin.py:190} INFO - [2026-05-18T06:48:06.053+0000] {dag.py:4180} INFO - Setting next_dagrun for consume_1_and_2_with_dataset_expressions to None, run_after=None
[2026-05-18T06:48:06.055+0000] {logging_mixin.py:190} INFO - [2026-05-18T06:48:06.055+0000] {dag.py:4180} INFO - Setting next_dagrun for consume_1_or_2_with_dataset_expressions to None, run_after=None
[2026-05-18T06:48:06.056+0000] {logging_mixin.py:190} INFO - [2026-05-18T06:48:06.056+0000] {dag.py:4180} INFO - Setting next_dagrun for consume_1_or_both_2_and_3_with_dataset_expressions to None, run_after=None
[2026-05-18T06:48:06.057+0000] {logging_mixin.py:190} INFO - [2026-05-18T06:48:06.057+0000] {dag.py:4180} INFO - Setting next_dagrun for dataset_consumes_1 to None, run_after=None
[2026-05-18T06:48:06.059+0000] {logging_mixin.py:190} INFO - [2026-05-18T06:48:06.058+0000] {dag.py:4180} INFO - Setting next_dagrun for dataset_consumes_1_and_2 to None, run_after=None
[2026-05-18T06:48:06.060+0000] {logging_mixin.py:190} INFO - [2026-05-18T06:48:06.059+0000] {dag.py:4180} INFO - Setting next_dagrun for dataset_consumes_1_never_scheduled to None, run_after=None
[2026-05-18T06:48:06.061+0000] {logging_mixin.py:190} INFO - [2026-05-18T06:48:06.061+0000] {dag.py:4180} INFO - Setting next_dagrun for dataset_consumes_unknown_never_scheduled to None, run_after=None
[2026-05-18T06:48:06.063+0000] {logging_mixin.py:190} INFO - [2026-05-18T06:48:06.063+0000] {dag.py:4180} INFO - Setting next_dagrun for dataset_produces_1 to 2026-05-17 00:00:00+00:00, run_after=2026-05-18 00:00:00+00:00
[2026-05-18T06:48:06.065+0000] {logging_mixin.py:190} INFO - [2026-05-18T06:48:06.064+0000] {dag.py:4180} INFO - Setting next_dagrun for dataset_produces_2 to None, run_after=None
[2026-05-18T06:48:06.111+0000] {processor.py:208} INFO - Processing /home/noelsdavid/airflow_venv/lib/python3.12/site-packages/airflow/example_dags/example_datasets.py took 0.176 seconds
[2026-05-18T06:49:12.463+0000] {processor.py:186} INFO - Started process (PID=13379) to work on /home/noelsdavid/airflow_venv/lib/python3.12/site-packages/airflow/example_dags/example_datasets.py
[2026-05-18T06:49:12.466+0000] {processor.py:914} INFO - Processing file /home/noelsdavid/airflow_venv/lib/python3.12/site-packages/airflow/example_dags/example_datasets.py for tasks to queue
[2026-05-18T06:49:12.467+0000] {logging_mixin.py:190} INFO - [2026-05-18T06:49:12.467+0000] {dagbag.py:588} INFO - Filling up the DagBag from /home/noelsdavid/airflow_venv/lib/python3.12/site-packages/airflow/example_dags/example_datasets.py
[2026-05-18T06:49:12.489+0000] {processor.py:925} INFO - DAG(s) 'conditional_dataset_and_time_based_timetable', 'dataset_consumes_1_never_scheduled', 'consume_1_or_2_with_dataset_expressions', 'dataset_produces_1', 'dataset_consumes_1_and_2', 'consume_1_or_both_2_and_3_with_dataset_expressions', 'dataset_produces_2', 'consume_1_and_2_with_dataset_expressions', 'dataset_consumes_1', 'dataset_consumes_unknown_never_scheduled' retrieved from /home/noelsdavid/airflow_venv/lib/python3.12/site-packages/airflow/example_dags/example_datasets.py
[2026-05-18T06:49:12.533+0000] {logging_mixin.py:190} INFO - [2026-05-18T06:49:12.533+0000] {dag.py:3239} INFO - Sync 10 DAGs
[2026-05-18T06:49:12.562+0000] {logging_mixin.py:190} INFO - [2026-05-18T06:49:12.562+0000] {dag.py:4180} INFO - Setting next_dagrun for conditional_dataset_and_time_based_timetable to 2026-05-13 01:00:00+00:00, run_after=2026-05-13 01:00:00+00:00
[2026-05-18T06:49:12.566+0000] {logging_mixin.py:190} INFO - [2026-05-18T06:49:12.566+0000] {dag.py:4180} INFO - Setting next_dagrun for consume_1_and_2_with_dataset_expressions to None, run_after=None
[2026-05-18T06:49:12.568+0000] {logging_mixin.py:190} INFO - [2026-05-18T06:49:12.567+0000] {dag.py:4180} INFO - Setting next_dagrun for consume_1_or_2_with_dataset_expressions to None, run_after=None
[2026-05-18T06:49:12.569+0000] {logging_mixin.py:190} INFO - [2026-05-18T06:49:12.568+0000] {dag.py:4180} INFO - Setting next_dagrun for consume_1_or_both_2_and_3_with_dataset_expressions to None, run_after=None
[2026-05-18T06:49:12.570+0000] {logging_mixin.py:190} INFO - [2026-05-18T06:49:12.569+0000] {dag.py:4180} INFO - Setting next_dagrun for dataset_consumes_1 to None, run_after=None
[2026-05-18T06:49:12.570+0000] {logging_mixin.py:190} INFO - [2026-05-18T06:49:12.570+0000] {dag.py:4180} INFO - Setting next_dagrun for dataset_consumes_1_and_2 to None, run_after=None
[2026-05-18T06:49:12.571+0000] {logging_mixin.py:190} INFO - [2026-05-18T06:49:12.571+0000] {dag.py:4180} INFO - Setting next_dagrun for dataset_consumes_1_never_scheduled to None, run_after=None
[2026-05-18T06:49:12.572+0000] {logging_mixin.py:190} INFO - [2026-05-18T06:49:12.572+0000] {dag.py:4180} INFO - Setting next_dagrun for dataset_consumes_unknown_never_scheduled to None, run_after=None
[2026-05-18T06:49:12.575+0000] {logging_mixin.py:190} INFO - [2026-05-18T06:49:12.574+0000] {dag.py:4180} INFO - Setting next_dagrun for dataset_produces_1 to 2026-05-17 00:00:00+00:00, run_after=2026-05-18 00:00:00+00:00
[2026-05-18T06:49:12.576+0000] {logging_mixin.py:190} INFO - [2026-05-18T06:49:12.575+0000] {dag.py:4180} INFO - Setting next_dagrun for dataset_produces_2 to None, run_after=None
[2026-05-18T06:49:12.616+0000] {processor.py:208} INFO - Processing /home/noelsdavid/airflow_venv/lib/python3.12/site-packages/airflow/example_dags/example_datasets.py took 0.162 seconds
[2026-05-18T06:50:19.161+0000] {processor.py:186} INFO - Started process (PID=13909) to work on /home/noelsdavid/airflow_venv/lib/python3.12/site-packages/airflow/example_dags/example_datasets.py
[2026-05-18T06:50:19.164+0000] {processor.py:914} INFO - Processing file /home/noelsdavid/airflow_venv/lib/python3.12/site-packages/airflow/example_dags/example_datasets.py for tasks to queue
[2026-05-18T06:50:19.166+0000] {logging_mixin.py:190} INFO - [2026-05-18T06:50:19.165+0000] {dagbag.py:588} INFO - Filling up the DagBag from /home/noelsdavid/airflow_venv/lib/python3.12/site-packages/airflow/example_dags/example_datasets.py
[2026-05-18T06:50:19.189+0000] {processor.py:925} INFO - DAG(s) 'dataset_consumes_1', 'dataset_consumes_unknown_never_scheduled', 'dataset_consumes_1_and_2', 'consume_1_or_2_with_dataset_expressions', 'dataset_produces_1', 'dataset_consumes_1_never_scheduled', 'consume_1_and_2_with_dataset_expressions', 'dataset_produces_2', 'conditional_dataset_and_time_based_timetable', 'consume_1_or_both_2_and_3_with_dataset_expressions' retrieved from /home/noelsdavid/airflow_venv/lib/python3.12/site-packages/airflow/example_dags/example_datasets.py
[2026-05-18T06:50:19.235+0000] {logging_mixin.py:190} INFO - [2026-05-18T06:50:19.234+0000] {dag.py:3239} INFO - Sync 10 DAGs
[2026-05-18T06:50:19.269+0000] {logging_mixin.py:190} INFO - [2026-05-18T06:50:19.269+0000] {dag.py:4180} INFO - Setting next_dagrun for conditional_dataset_and_time_based_timetable to 2026-05-13 01:00:00+00:00, run_after=2026-05-13 01:00:00+00:00
[2026-05-18T06:50:19.274+0000] {logging_mixin.py:190} INFO - [2026-05-18T06:50:19.274+0000] {dag.py:4180} INFO - Setting next_dagrun for consume_1_and_2_with_dataset_expressions to None, run_after=None
[2026-05-18T06:50:19.275+0000] {logging_mixin.py:190} INFO - [2026-05-18T06:50:19.275+0000] {dag.py:4180} INFO - Setting next_dagrun for consume_1_or_2_with_dataset_expressions to None, run_after=None
[2026-05-18T06:50:19.276+0000] {logging_mixin.py:190} INFO - [2026-05-18T06:50:19.276+0000] {dag.py:4180} INFO - Setting next_dagrun for consume_1_or_both_2_and_3_with_dataset_expressions to None, run_after=None
[2026-05-18T06:50:19.277+0000] {logging_mixin.py:190} INFO - [2026-05-18T06:50:19.277+0000] {dag.py:4180} INFO - Setting next_dagrun for dataset_consumes_1 to None, run_after=None
[2026-05-18T06:50:19.278+0000] {logging_mixin.py:190} INFO - [2026-05-18T06:50:19.278+0000] {dag.py:4180} INFO - Setting next_dagrun for dataset_consumes_1_and_2 to None, run_after=None
[2026-05-18T06:50:19.279+0000] {logging_mixin.py:190} INFO - [2026-05-18T06:50:19.279+0000] {dag.py:4180} INFO - Setting next_dagrun for dataset_consumes_1_never_scheduled to None, run_after=None
[2026-05-18T06:50:19.280+0000] {logging_mixin.py:190} INFO - [2026-05-18T06:50:19.280+0000] {dag.py:4180} INFO - Setting next_dagrun for dataset_consumes_unknown_never_scheduled to None, run_after=None
[2026-05-18T06:50:19.283+0000] {logging_mixin.py:190} INFO - [2026-05-18T06:50:19.282+0000] {dag.py:4180} INFO - Setting next_dagrun for dataset_produces_1 to 2026-05-17 00:00:00+00:00, run_after=2026-05-18 00:00:00+00:00
[2026-05-18T06:50:19.284+0000] {logging_mixin.py:190} INFO - [2026-05-18T06:50:19.284+0000] {dag.py:4180} INFO - Setting next_dagrun for dataset_produces_2 to None, run_after=None
[2026-05-18T06:50:19.332+0000] {processor.py:208} INFO - Processing /home/noelsdavid/airflow_venv/lib/python3.12/site-packages/airflow/example_dags/example_datasets.py took 0.181 seconds
[2026-05-18T06:51:30.890+0000] {processor.py:186} INFO - Started process (PID=14246) to work on /home/noelsdavid/airflow_venv/lib/python3.12/site-packages/airflow/example_dags/example_datasets.py
[2026-05-18T06:51:30.921+0000] {processor.py:914} INFO - Processing file /home/noelsdavid/airflow_venv/lib/python3.12/site-packages/airflow/example_dags/example_datasets.py for tasks to queue
[2026-05-18T06:51:30.923+0000] {logging_mixin.py:190} INFO - [2026-05-18T06:51:30.923+0000] {dagbag.py:588} INFO - Filling up the DagBag from /home/noelsdavid/airflow_venv/lib/python3.12/site-packages/airflow/example_dags/example_datasets.py
[2026-05-18T06:51:30.945+0000] {processor.py:925} INFO - DAG(s) 'dataset_consumes_1', 'consume_1_or_2_with_dataset_expressions', 'dataset_consumes_unknown_never_scheduled', 'dataset_produces_2', 'dataset_produces_1', 'consume_1_and_2_with_dataset_expressions', 'dataset_consumes_1_and_2', 'consume_1_or_both_2_and_3_with_dataset_expressions', 'conditional_dataset_and_time_based_timetable', 'dataset_consumes_1_never_scheduled' retrieved from /home/noelsdavid/airflow_venv/lib/python3.12/site-packages/airflow/example_dags/example_datasets.py
[2026-05-18T06:51:30.996+0000] {logging_mixin.py:190} INFO - [2026-05-18T06:51:30.995+0000] {dag.py:3239} INFO - Sync 10 DAGs
[2026-05-18T06:51:31.026+0000] {logging_mixin.py:190} INFO - [2026-05-18T06:51:31.026+0000] {dag.py:4180} INFO - Setting next_dagrun for conditional_dataset_and_time_based_timetable to 2026-05-13 01:00:00+00:00, run_after=2026-05-13 01:00:00+00:00
[2026-05-18T06:51:31.031+0000] {logging_mixin.py:190} INFO - [2026-05-18T06:51:31.031+0000] {dag.py:4180} INFO - Setting next_dagrun for consume_1_and_2_with_dataset_expressions to None, run_after=None
[2026-05-18T06:51:31.032+0000] {logging_mixin.py:190} INFO - [2026-05-18T06:51:31.032+0000] {dag.py:4180} INFO - Setting next_dagrun for consume_1_or_2_with_dataset_expressions to None, run_after=None
[2026-05-18T06:51:31.033+0000] {logging_mixin.py:190} INFO - [2026-05-18T06:51:31.033+0000] {dag.py:4180} INFO - Setting next_dagrun for consume_1_or_both_2_and_3_with_dataset_expressions to None, run_after=None
[2026-05-18T06:51:31.035+0000] {logging_mixin.py:190} INFO - [2026-05-18T06:51:31.034+0000] {dag.py:4180} INFO - Setting next_dagrun for dataset_consumes_1 to None, run_after=None
[2026-05-18T06:51:31.036+0000] {logging_mixin.py:190} INFO - [2026-05-18T06:51:31.035+0000] {dag.py:4180} INFO - Setting next_dagrun for dataset_consumes_1_and_2 to None, run_after=None
[2026-05-18T06:51:31.037+0000] {logging_mixin.py:190} INFO - [2026-05-18T06:51:31.036+0000] {dag.py:4180} INFO - Setting next_dagrun for dataset_consumes_1_never_scheduled to None, run_after=None
[2026-05-18T06:51:31.038+0000] {logging_mixin.py:190} INFO - [2026-05-18T06:51:31.037+0000] {dag.py:4180} INFO - Setting next_dagrun for dataset_consumes_unknown_never_scheduled to None, run_after=None
[2026-05-18T06:51:31.040+0000] {logging_mixin.py:190} INFO - [2026-05-18T06:51:31.040+0000] {dag.py:4180} INFO - Setting next_dagrun for dataset_produces_1 to 2026-05-17 00:00:00+00:00, run_after=2026-05-18 00:00:00+00:00
[2026-05-18T06:51:31.042+0000] {logging_mixin.py:190} INFO - [2026-05-18T06:51:31.042+0000] {dag.py:4180} INFO - Setting next_dagrun for dataset_produces_2 to None, run_after=None
[2026-05-18T06:51:31.086+0000] {processor.py:208} INFO - Processing /home/noelsdavid/airflow_venv/lib/python3.12/site-packages/airflow/example_dags/example_datasets.py took 0.207 seconds
[2026-05-18T06:52:40.128+0000] {processor.py:186} INFO - Started process (PID=14479) to work on /home/noelsdavid/airflow_venv/lib/python3.12/site-packages/airflow/example_dags/example_datasets.py
[2026-05-18T06:52:40.130+0000] {processor.py:914} INFO - Processing file /home/noelsdavid/airflow_venv/lib/python3.12/site-packages/airflow/example_dags/example_datasets.py for tasks to queue
[2026-05-18T06:52:40.132+0000] {logging_mixin.py:190} INFO - [2026-05-18T06:52:40.132+0000] {dagbag.py:588} INFO - Filling up the DagBag from /home/noelsdavid/airflow_venv/lib/python3.12/site-packages/airflow/example_dags/example_datasets.py
[2026-05-18T06:52:40.157+0000] {processor.py:925} INFO - DAG(s) 'consume_1_or_both_2_and_3_with_dataset_expressions', 'dataset_consumes_unknown_never_scheduled', 'dataset_consumes_1_and_2', 'dataset_produces_1', 'dataset_consumes_1', 'dataset_consumes_1_never_scheduled', 'consume_1_or_2_with_dataset_expressions', 'dataset_produces_2', 'consume_1_and_2_with_dataset_expressions', 'conditional_dataset_and_time_based_timetable' retrieved from /home/noelsdavid/airflow_venv/lib/python3.12/site-packages/airflow/example_dags/example_datasets.py
[2026-05-18T06:52:40.203+0000] {logging_mixin.py:190} INFO - [2026-05-18T06:52:40.203+0000] {dag.py:3239} INFO - Sync 10 DAGs
[2026-05-18T06:52:40.234+0000] {logging_mixin.py:190} INFO - [2026-05-18T06:52:40.234+0000] {dag.py:4180} INFO - Setting next_dagrun for conditional_dataset_and_time_based_timetable to 2026-05-13 01:00:00+00:00, run_after=2026-05-13 01:00:00+00:00
[2026-05-18T06:52:40.238+0000] {logging_mixin.py:190} INFO - [2026-05-18T06:52:40.238+0000] {dag.py:4180} INFO - Setting next_dagrun for consume_1_and_2_with_dataset_expressions to None, run_after=None
[2026-05-18T06:52:40.240+0000] {logging_mixin.py:190} INFO - [2026-05-18T06:52:40.239+0000] {dag.py:4180} INFO - Setting next_dagrun for consume_1_or_2_with_dataset_expressions to None, run_after=None
[2026-05-18T06:52:40.241+0000] {logging_mixin.py:190} INFO - [2026-05-18T06:52:40.241+0000] {dag.py:4180} INFO - Setting next_dagrun for consume_1_or_both_2_and_3_with_dataset_expressions to None, run_after=None
[2026-05-18T06:52:40.242+0000] {logging_mixin.py:190} INFO - [2026-05-18T06:52:40.242+0000] {dag.py:4180} INFO - Setting next_dagrun for dataset_consumes_1 to None, run_after=None
[2026-05-18T06:52:40.244+0000] {logging_mixin.py:190} INFO - [2026-05-18T06:52:40.243+0000] {dag.py:4180} INFO - Setting next_dagrun for dataset_consumes_1_and_2 to None, run_after=None
[2026-05-18T06:52:40.245+0000] {logging_mixin.py:190} INFO - [2026-05-18T06:52:40.244+0000] {dag.py:4180} INFO - Setting next_dagrun for dataset_consumes_1_never_scheduled to None, run_after=None
[2026-05-18T06:52:40.246+0000] {logging_mixin.py:190} INFO - [2026-05-18T06:52:40.246+0000] {dag.py:4180} INFO - Setting next_dagrun for dataset_consumes_unknown_never_scheduled to None, run_after=None
[2026-05-18T06:52:40.248+0000] {logging_mixin.py:190} INFO - [2026-05-18T06:52:40.248+0000] {dag.py:4180} INFO - Setting next_dagrun for dataset_produces_1 to 2026-05-17 00:00:00+00:00, run_after=2026-05-18 00:00:00+00:00
[2026-05-18T06:52:40.249+0000] {logging_mixin.py:190} INFO - [2026-05-18T06:52:40.249+0000] {dag.py:4180} INFO - Setting next_dagrun for dataset_produces_2 to None, run_after=None
[2026-05-18T06:52:40.296+0000] {processor.py:208} INFO - Processing /home/noelsdavid/airflow_venv/lib/python3.12/site-packages/airflow/example_dags/example_datasets.py took 0.177 seconds
[2026-05-18T06:53:53.639+0000] {processor.py:186} INFO - Started process (PID=14829) to work on /home/noelsdavid/airflow_venv/lib/python3.12/site-packages/airflow/example_dags/example_datasets.py
[2026-05-18T06:53:53.641+0000] {processor.py:914} INFO - Processing file /home/noelsdavid/airflow_venv/lib/python3.12/site-packages/airflow/example_dags/example_datasets.py for tasks to queue
[2026-05-18T06:53:53.644+0000] {logging_mixin.py:190} INFO - [2026-05-18T06:53:53.643+0000] {dagbag.py:588} INFO - Filling up the DagBag from /home/noelsdavid/airflow_venv/lib/python3.12/site-packages/airflow/example_dags/example_datasets.py
[2026-05-18T06:53:53.667+0000] {processor.py:925} INFO - DAG(s) 'dataset_consumes_unknown_never_scheduled', 'consume_1_and_2_with_dataset_expressions', 'dataset_consumes_1', 'dataset_consumes_1_never_scheduled', 'dataset_consumes_1_and_2', 'dataset_produces_2', 'consume_1_or_2_with_dataset_expressions', 'conditional_dataset_and_time_based_timetable', 'consume_1_or_both_2_and_3_with_dataset_expressions', 'dataset_produces_1' retrieved from /home/noelsdavid/airflow_venv/lib/python3.12/site-packages/airflow/example_dags/example_datasets.py
[2026-05-18T06:53:53.715+0000] {logging_mixin.py:190} INFO - [2026-05-18T06:53:53.715+0000] {dag.py:3239} INFO - Sync 10 DAGs
[2026-05-18T06:53:53.744+0000] {logging_mixin.py:190} INFO - [2026-05-18T06:53:53.744+0000] {dag.py:4180} INFO - Setting next_dagrun for conditional_dataset_and_time_based_timetable to 2026-05-13 01:00:00+00:00, run_after=2026-05-13 01:00:00+00:00
[2026-05-18T06:53:53.750+0000] {logging_mixin.py:190} INFO - [2026-05-18T06:53:53.749+0000] {dag.py:4180} INFO - Setting next_dagrun for consume_1_and_2_with_dataset_expressions to None, run_after=None
[2026-05-18T06:53:53.751+0000] {logging_mixin.py:190} INFO - [2026-05-18T06:53:53.751+0000] {dag.py:4180} INFO - Setting next_dagrun for consume_1_or_2_with_dataset_expressions to None, run_after=None
[2026-05-18T06:53:53.752+0000] {logging_mixin.py:190} INFO - [2026-05-18T06:53:53.752+0000] {dag.py:4180} INFO - Setting next_dagrun for consume_1_or_both_2_and_3_with_dataset_expressions to None, run_after=None
[2026-05-18T06:53:53.753+0000] {logging_mixin.py:190} INFO - [2026-05-18T06:53:53.753+0000] {dag.py:4180} INFO - Setting next_dagrun for dataset_consumes_1 to None, run_after=None
[2026-05-18T06:53:53.755+0000] {logging_mixin.py:190} INFO - [2026-05-18T06:53:53.754+0000] {dag.py:4180} INFO - Setting next_dagrun for dataset_consumes_1_and_2 to None, run_after=None
[2026-05-18T06:53:53.756+0000] {logging_mixin.py:190} INFO - [2026-05-18T06:53:53.755+0000] {dag.py:4180} INFO - Setting next_dagrun for dataset_consumes_1_never_scheduled to None, run_after=None
[2026-05-18T06:53:53.757+0000] {logging_mixin.py:190} INFO - [2026-05-18T06:53:53.756+0000] {dag.py:4180} INFO - Setting next_dagrun for dataset_consumes_unknown_never_scheduled to None, run_after=None
[2026-05-18T06:53:53.759+0000] {logging_mixin.py:190} INFO - [2026-05-18T06:53:53.759+0000] {dag.py:4180} INFO - Setting next_dagrun for dataset_produces_1 to 2026-05-17 00:00:00+00:00, run_after=2026-05-18 00:00:00+00:00
[2026-05-18T06:53:53.760+0000] {logging_mixin.py:190} INFO - [2026-05-18T06:53:53.760+0000] {dag.py:4180} INFO - Setting next_dagrun for dataset_produces_2 to None, run_after=None
[2026-05-18T06:53:53.804+0000] {processor.py:208} INFO - Processing /home/noelsdavid/airflow_venv/lib/python3.12/site-packages/airflow/example_dags/example_datasets.py took 0.175 seconds
[2026-05-18T06:55:05.489+0000] {processor.py:186} INFO - Started process (PID=15038) to work on /home/noelsdavid/airflow_venv/lib/python3.12/site-packages/airflow/example_dags/example_datasets.py
[2026-05-18T06:55:05.493+0000] {processor.py:914} INFO - Processing file /home/noelsdavid/airflow_venv/lib/python3.12/site-packages/airflow/example_dags/example_datasets.py for tasks to queue
[2026-05-18T06:55:05.497+0000] {logging_mixin.py:190} INFO - [2026-05-18T06:55:05.496+0000] {dagbag.py:588} INFO - Filling up the DagBag from /home/noelsdavid/airflow_venv/lib/python3.12/site-packages/airflow/example_dags/example_datasets.py
[2026-05-18T06:55:05.545+0000] {processor.py:925} INFO - DAG(s) 'consume_1_and_2_with_dataset_expressions', 'dataset_consumes_1_and_2', 'dataset_produces_2', 'dataset_consumes_unknown_never_scheduled', 'conditional_dataset_and_time_based_timetable', 'dataset_consumes_1_never_scheduled', 'dataset_produces_1', 'dataset_consumes_1', 'consume_1_or_2_with_dataset_expressions', 'consume_1_or_both_2_and_3_with_dataset_expressions' retrieved from /home/noelsdavid/airflow_venv/lib/python3.12/site-packages/airflow/example_dags/example_datasets.py
[2026-05-18T06:55:05.630+0000] {logging_mixin.py:190} INFO - [2026-05-18T06:55:05.630+0000] {dag.py:3239} INFO - Sync 10 DAGs
[2026-05-18T06:55:05.686+0000] {logging_mixin.py:190} INFO - [2026-05-18T06:55:05.685+0000] {dag.py:4180} INFO - Setting next_dagrun for conditional_dataset_and_time_based_timetable to 2026-05-13 01:00:00+00:00, run_after=2026-05-13 01:00:00+00:00
[2026-05-18T06:55:05.694+0000] {logging_mixin.py:190} INFO - [2026-05-18T06:55:05.693+0000] {dag.py:4180} INFO - Setting next_dagrun for consume_1_and_2_with_dataset_expressions to None, run_after=None
[2026-05-18T06:55:05.696+0000] {logging_mixin.py:190} INFO - [2026-05-18T06:55:05.695+0000] {dag.py:4180} INFO - Setting next_dagrun for consume_1_or_2_with_dataset_expressions to None, run_after=None
[2026-05-18T06:55:05.697+0000] {logging_mixin.py:190} INFO - [2026-05-18T06:55:05.697+0000] {dag.py:4180} INFO - Setting next_dagrun for consume_1_or_both_2_and_3_with_dataset_expressions to None, run_after=None
[2026-05-18T06:55:05.700+0000] {logging_mixin.py:190} INFO - [2026-05-18T06:55:05.700+0000] {dag.py:4180} INFO - Setting next_dagrun for dataset_consumes_1 to None, run_after=None
[2026-05-18T06:55:05.702+0000] {logging_mixin.py:190} INFO - [2026-05-18T06:55:05.702+0000] {dag.py:4180} INFO - Setting next_dagrun for dataset_consumes_1_and_2 to None, run_after=None
[2026-05-18T06:55:05.703+0000] {logging_mixin.py:190} INFO - [2026-05-18T06:55:05.703+0000] {dag.py:4180} INFO - Setting next_dagrun for dataset_consumes_1_never_scheduled to None, run_after=None
[2026-05-18T06:55:05.705+0000] {logging_mixin.py:190} INFO - [2026-05-18T06:55:05.704+0000] {dag.py:4180} INFO - Setting next_dagrun for dataset_consumes_unknown_never_scheduled to None, run_after=None
[2026-05-18T06:55:05.708+0000] {logging_mixin.py:190} INFO - [2026-05-18T06:55:05.708+0000] {dag.py:4180} INFO - Setting next_dagrun for dataset_produces_1 to 2026-05-17 00:00:00+00:00, run_after=2026-05-18 00:00:00+00:00
[2026-05-18T06:55:05.710+0000] {logging_mixin.py:190} INFO - [2026-05-18T06:55:05.710+0000] {dag.py:4180} INFO - Setting next_dagrun for dataset_produces_2 to None, run_after=None
[2026-05-18T06:55:05.771+0000] {processor.py:208} INFO - Processing /home/noelsdavid/airflow_venv/lib/python3.12/site-packages/airflow/example_dags/example_datasets.py took 0.302 seconds
[2026-05-18T06:56:24.245+0000] {processor.py:186} INFO - Started process (PID=15389) to work on /home/noelsdavid/airflow_venv/lib/python3.12/site-packages/airflow/example_dags/example_datasets.py
[2026-05-18T06:56:24.248+0000] {processor.py:914} INFO - Processing file /home/noelsdavid/airflow_venv/lib/python3.12/site-packages/airflow/example_dags/example_datasets.py for tasks to queue
[2026-05-18T06:56:24.250+0000] {logging_mixin.py:190} INFO - [2026-05-18T06:56:24.249+0000] {dagbag.py:588} INFO - Filling up the DagBag from /home/noelsdavid/airflow_venv/lib/python3.12/site-packages/airflow/example_dags/example_datasets.py
[2026-05-18T06:56:24.274+0000] {processor.py:925} INFO - DAG(s) 'dataset_consumes_1', 'dataset_consumes_1_and_2', 'dataset_produces_2', 'dataset_produces_1', 'consume_1_or_2_with_dataset_expressions', 'dataset_consumes_1_never_scheduled', 'consume_1_and_2_with_dataset_expressions', 'conditional_dataset_and_time_based_timetable', 'dataset_consumes_unknown_never_scheduled', 'consume_1_or_both_2_and_3_with_dataset_expressions' retrieved from /home/noelsdavid/airflow_venv/lib/python3.12/site-packages/airflow/example_dags/example_datasets.py
[2026-05-18T06:56:24.323+0000] {logging_mixin.py:190} INFO - [2026-05-18T06:56:24.323+0000] {dag.py:3239} INFO - Sync 10 DAGs
[2026-05-18T06:56:24.356+0000] {logging_mixin.py:190} INFO - [2026-05-18T06:56:24.355+0000] {dag.py:4180} INFO - Setting next_dagrun for conditional_dataset_and_time_based_timetable to 2026-05-13 01:00:00+00:00, run_after=2026-05-13 01:00:00+00:00
[2026-05-18T06:56:24.362+0000] {logging_mixin.py:190} INFO - [2026-05-18T06:56:24.362+0000] {dag.py:4180} INFO - Setting next_dagrun for consume_1_and_2_with_dataset_expressions to None, run_after=None
[2026-05-18T06:56:24.364+0000] {logging_mixin.py:190} INFO - [2026-05-18T06:56:24.364+0000] {dag.py:4180} INFO - Setting next_dagrun for consume_1_or_2_with_dataset_expressions to None, run_after=None
[2026-05-18T06:56:24.365+0000] {logging_mixin.py:190} INFO - [2026-05-18T06:56:24.365+0000] {dag.py:4180} INFO - Setting next_dagrun for consume_1_or_both_2_and_3_with_dataset_expressions to None, run_after=None
[2026-05-18T06:56:24.367+0000] {logging_mixin.py:190} INFO - [2026-05-18T06:56:24.366+0000] {dag.py:4180} INFO - Setting next_dagrun for dataset_consumes_1 to None, run_after=None
[2026-05-18T06:56:24.368+0000] {logging_mixin.py:190} INFO - [2026-05-18T06:56:24.368+0000] {dag.py:4180} INFO - Setting next_dagrun for dataset_consumes_1_and_2 to None, run_after=None
[2026-05-18T06:56:24.369+0000] {logging_mixin.py:190} INFO - [2026-05-18T06:56:24.369+0000] {dag.py:4180} INFO - Setting next_dagrun for dataset_consumes_1_never_scheduled to None, run_after=None
[2026-05-18T06:56:24.370+0000] {logging_mixin.py:190} INFO - [2026-05-18T06:56:24.370+0000] {dag.py:4180} INFO - Setting next_dagrun for dataset_consumes_unknown_never_scheduled to None, run_after=None
[2026-05-18T06:56:24.373+0000] {logging_mixin.py:190} INFO - [2026-05-18T06:56:24.372+0000] {dag.py:4180} INFO - Setting next_dagrun for dataset_produces_1 to 2026-05-17 00:00:00+00:00, run_after=2026-05-18 00:00:00+00:00
[2026-05-18T06:56:24.374+0000] {logging_mixin.py:190} INFO - [2026-05-18T06:56:24.373+0000] {dag.py:4180} INFO - Setting next_dagrun for dataset_produces_2 to None, run_after=None
[2026-05-18T06:56:24.426+0000] {processor.py:208} INFO - Processing /home/noelsdavid/airflow_venv/lib/python3.12/site-packages/airflow/example_dags/example_datasets.py took 0.190 seconds
[2026-05-18T06:57:42.507+0000] {processor.py:186} INFO - Started process (PID=15498) to work on /home/noelsdavid/airflow_venv/lib/python3.12/site-packages/airflow/example_dags/example_datasets.py
[2026-05-18T06:57:42.509+0000] {processor.py:914} INFO - Processing file /home/noelsdavid/airflow_venv/lib/python3.12/site-packages/airflow/example_dags/example_datasets.py for tasks to queue
[2026-05-18T06:57:42.511+0000] {logging_mixin.py:190} INFO - [2026-05-18T06:57:42.511+0000] {dagbag.py:588} INFO - Filling up the DagBag from /home/noelsdavid/airflow_venv/lib/python3.12/site-packages/airflow/example_dags/example_datasets.py
[2026-05-18T06:57:42.559+0000] {processor.py:925} INFO - DAG(s) 'conditional_dataset_and_time_based_timetable', 'consume_1_and_2_with_dataset_expressions', 'dataset_consumes_1_and_2', 'consume_1_or_2_with_dataset_expressions', 'dataset_produces_1', 'consume_1_or_both_2_and_3_with_dataset_expressions', 'dataset_produces_2', 'dataset_consumes_1_never_scheduled', 'dataset_consumes_unknown_never_scheduled', 'dataset_consumes_1' retrieved from /home/noelsdavid/airflow_venv/lib/python3.12/site-packages/airflow/example_dags/example_datasets.py
[2026-05-18T06:57:42.631+0000] {logging_mixin.py:190} INFO - [2026-05-18T06:57:42.631+0000] {dag.py:3239} INFO - Sync 10 DAGs
[2026-05-18T06:57:42.674+0000] {logging_mixin.py:190} INFO - [2026-05-18T06:57:42.674+0000] {dag.py:4180} INFO - Setting next_dagrun for conditional_dataset_and_time_based_timetable to 2026-05-13 01:00:00+00:00, run_after=2026-05-13 01:00:00+00:00
[2026-05-18T06:57:42.679+0000] {logging_mixin.py:190} INFO - [2026-05-18T06:57:42.678+0000] {dag.py:4180} INFO - Setting next_dagrun for consume_1_and_2_with_dataset_expressions to None, run_after=None
[2026-05-18T06:57:42.680+0000] {logging_mixin.py:190} INFO - [2026-05-18T06:57:42.680+0000] {dag.py:4180} INFO - Setting next_dagrun for consume_1_or_2_with_dataset_expressions to None, run_after=None
[2026-05-18T06:57:42.681+0000] {logging_mixin.py:190} INFO - [2026-05-18T06:57:42.681+0000] {dag.py:4180} INFO - Setting next_dagrun for consume_1_or_both_2_and_3_with_dataset_expressions to None, run_after=None
[2026-05-18T06:57:42.682+0000] {logging_mixin.py:190} INFO - [2026-05-18T06:57:42.682+0000] {dag.py:4180} INFO - Setting next_dagrun for dataset_consumes_1 to None, run_after=None
[2026-05-18T06:57:42.683+0000] {logging_mixin.py:190} INFO - [2026-05-18T06:57:42.683+0000] {dag.py:4180} INFO - Setting next_dagrun for dataset_consumes_1_and_2 to None, run_after=None
[2026-05-18T06:57:42.684+0000] {logging_mixin.py:190} INFO - [2026-05-18T06:57:42.684+0000] {dag.py:4180} INFO - Setting next_dagrun for dataset_consumes_1_never_scheduled to None, run_after=None
[2026-05-18T06:57:42.685+0000] {logging_mixin.py:190} INFO - [2026-05-18T06:57:42.685+0000] {dag.py:4180} INFO - Setting next_dagrun for dataset_consumes_unknown_never_scheduled to None, run_after=None
[2026-05-18T06:57:42.688+0000] {logging_mixin.py:190} INFO - [2026-05-18T06:57:42.688+0000] {dag.py:4180} INFO - Setting next_dagrun for dataset_produces_1 to 2026-05-17 00:00:00+00:00, run_after=2026-05-18 00:00:00+00:00
[2026-05-18T06:57:42.689+0000] {logging_mixin.py:190} INFO - [2026-05-18T06:57:42.689+0000] {dag.py:4180} INFO - Setting next_dagrun for dataset_produces_2 to None, run_after=None
[2026-05-18T06:57:42.741+0000] {processor.py:208} INFO - Processing /home/noelsdavid/airflow_venv/lib/python3.12/site-packages/airflow/example_dags/example_datasets.py took 0.244 seconds
[2026-05-18T06:58:56.359+0000] {processor.py:186} INFO - Started process (PID=15801) to work on /home/noelsdavid/airflow_venv/lib/python3.12/site-packages/airflow/example_dags/example_datasets.py
[2026-05-18T06:58:56.362+0000] {processor.py:914} INFO - Processing file /home/noelsdavid/airflow_venv/lib/python3.12/site-packages/airflow/example_dags/example_datasets.py for tasks to queue
[2026-05-18T06:58:56.364+0000] {logging_mixin.py:190} INFO - [2026-05-18T06:58:56.363+0000] {dagbag.py:588} INFO - Filling up the DagBag from /home/noelsdavid/airflow_venv/lib/python3.12/site-packages/airflow/example_dags/example_datasets.py
[2026-05-18T06:58:56.387+0000] {processor.py:925} INFO - DAG(s) 'consume_1_or_both_2_and_3_with_dataset_expressions', 'dataset_produces_2', 'dataset_consumes_1_and_2', 'consume_1_and_2_with_dataset_expressions', 'dataset_consumes_unknown_never_scheduled', 'consume_1_or_2_with_dataset_expressions', 'dataset_produces_1', 'dataset_consumes_1', 'dataset_consumes_1_never_scheduled', 'conditional_dataset_and_time_based_timetable' retrieved from /home/noelsdavid/airflow_venv/lib/python3.12/site-packages/airflow/example_dags/example_datasets.py
[2026-05-18T06:58:56.436+0000] {logging_mixin.py:190} INFO - [2026-05-18T06:58:56.436+0000] {dag.py:3239} INFO - Sync 10 DAGs
[2026-05-18T06:58:56.471+0000] {logging_mixin.py:190} INFO - [2026-05-18T06:58:56.470+0000] {dag.py:4180} INFO - Setting next_dagrun for conditional_dataset_and_time_based_timetable to 2026-05-13 01:00:00+00:00, run_after=2026-05-13 01:00:00+00:00
[2026-05-18T06:58:56.475+0000] {logging_mixin.py:190} INFO - [2026-05-18T06:58:56.475+0000] {dag.py:4180} INFO - Setting next_dagrun for consume_1_and_2_with_dataset_expressions to None, run_after=None
[2026-05-18T06:58:56.477+0000] {logging_mixin.py:190} INFO - [2026-05-18T06:58:56.477+0000] {dag.py:4180} INFO - Setting next_dagrun for consume_1_or_2_with_dataset_expressions to None, run_after=None
[2026-05-18T06:58:56.478+0000] {logging_mixin.py:190} INFO - [2026-05-18T06:58:56.478+0000] {dag.py:4180} INFO - Setting next_dagrun for consume_1_or_both_2_and_3_with_dataset_expressions to None, run_after=None
[2026-05-18T06:58:56.479+0000] {logging_mixin.py:190} INFO - [2026-05-18T06:58:56.479+0000] {dag.py:4180} INFO - Setting next_dagrun for dataset_consumes_1 to None, run_after=None
[2026-05-18T06:58:56.480+0000] {logging_mixin.py:190} INFO - [2026-05-18T06:58:56.480+0000] {dag.py:4180} INFO - Setting next_dagrun for dataset_consumes_1_and_2 to None, run_after=None
[2026-05-18T06:58:56.481+0000] {logging_mixin.py:190} INFO - [2026-05-18T06:58:56.481+0000] {dag.py:4180} INFO - Setting next_dagrun for dataset_consumes_1_never_scheduled to None, run_after=None
[2026-05-18T06:58:56.483+0000] {logging_mixin.py:190} INFO - [2026-05-18T06:58:56.482+0000] {dag.py:4180} INFO - Setting next_dagrun for dataset_consumes_unknown_never_scheduled to None, run_after=None
[2026-05-18T06:58:56.485+0000] {logging_mixin.py:190} INFO - [2026-05-18T06:58:56.485+0000] {dag.py:4180} INFO - Setting next_dagrun for dataset_produces_1 to 2026-05-17 00:00:00+00:00, run_after=2026-05-18 00:00:00+00:00
[2026-05-18T06:58:56.486+0000] {logging_mixin.py:190} INFO - [2026-05-18T06:58:56.486+0000] {dag.py:4180} INFO - Setting next_dagrun for dataset_produces_2 to None, run_after=None
[2026-05-18T06:58:56.542+0000] {processor.py:208} INFO - Processing /home/noelsdavid/airflow_venv/lib/python3.12/site-packages/airflow/example_dags/example_datasets.py took 0.192 seconds
[2026-05-18T07:00:17.568+0000] {processor.py:186} INFO - Started process (PID=16093) to work on /home/noelsdavid/airflow_venv/lib/python3.12/site-packages/airflow/example_dags/example_datasets.py
[2026-05-18T07:00:17.571+0000] {processor.py:914} INFO - Processing file /home/noelsdavid/airflow_venv/lib/python3.12/site-packages/airflow/example_dags/example_datasets.py for tasks to queue
[2026-05-18T07:00:17.573+0000] {logging_mixin.py:190} INFO - [2026-05-18T07:00:17.572+0000] {dagbag.py:588} INFO - Filling up the DagBag from /home/noelsdavid/airflow_venv/lib/python3.12/site-packages/airflow/example_dags/example_datasets.py
[2026-05-18T07:00:17.597+0000] {processor.py:925} INFO - DAG(s) 'consume_1_and_2_with_dataset_expressions', 'consume_1_or_both_2_and_3_with_dataset_expressions', 'dataset_produces_1', 'consume_1_or_2_with_dataset_expressions', 'conditional_dataset_and_time_based_timetable', 'dataset_consumes_1_never_scheduled', 'dataset_consumes_1_and_2', 'dataset_consumes_unknown_never_scheduled', 'dataset_consumes_1', 'dataset_produces_2' retrieved from /home/noelsdavid/airflow_venv/lib/python3.12/site-packages/airflow/example_dags/example_datasets.py
[2026-05-18T07:00:17.645+0000] {logging_mixin.py:190} INFO - [2026-05-18T07:00:17.645+0000] {dag.py:3239} INFO - Sync 10 DAGs
[2026-05-18T07:00:17.676+0000] {logging_mixin.py:190} INFO - [2026-05-18T07:00:17.676+0000] {dag.py:4180} INFO - Setting next_dagrun for conditional_dataset_and_time_based_timetable to 2026-05-13 01:00:00+00:00, run_after=2026-05-13 01:00:00+00:00
[2026-05-18T07:00:17.681+0000] {logging_mixin.py:190} INFO - [2026-05-18T07:00:17.681+0000] {dag.py:4180} INFO - Setting next_dagrun for consume_1_and_2_with_dataset_expressions to None, run_after=None
[2026-05-18T07:00:17.682+0000] {logging_mixin.py:190} INFO - [2026-05-18T07:00:17.682+0000] {dag.py:4180} INFO - Setting next_dagrun for consume_1_or_2_with_dataset_expressions to None, run_after=None
[2026-05-18T07:00:17.684+0000] {logging_mixin.py:190} INFO - [2026-05-18T07:00:17.683+0000] {dag.py:4180} INFO - Setting next_dagrun for consume_1_or_both_2_and_3_with_dataset_expressions to None, run_after=None
[2026-05-18T07:00:17.685+0000] {logging_mixin.py:190} INFO - [2026-05-18T07:00:17.685+0000] {dag.py:4180} INFO - Setting next_dagrun for dataset_consumes_1 to None, run_after=None
[2026-05-18T07:00:17.686+0000] {logging_mixin.py:190} INFO - [2026-05-18T07:00:17.686+0000] {dag.py:4180} INFO - Setting next_dagrun for dataset_consumes_1_and_2 to None, run_after=None
[2026-05-18T07:00:17.688+0000] {logging_mixin.py:190} INFO - [2026-05-18T07:00:17.687+0000] {dag.py:4180} INFO - Setting next_dagrun for dataset_consumes_1_never_scheduled to None, run_after=None
[2026-05-18T07:00:17.689+0000] {logging_mixin.py:190} INFO - [2026-05-18T07:00:17.688+0000] {dag.py:4180} INFO - Setting next_dagrun for dataset_consumes_unknown_never_scheduled to None, run_after=None
[2026-05-18T07:00:17.692+0000] {logging_mixin.py:190} INFO - [2026-05-18T07:00:17.692+0000] {dag.py:4180} INFO - Setting next_dagrun for dataset_produces_1 to 2026-05-17 00:00:00+00:00, run_after=2026-05-18 00:00:00+00:00
[2026-05-18T07:00:17.693+0000] {logging_mixin.py:190} INFO - [2026-05-18T07:00:17.693+0000] {dag.py:4180} INFO - Setting next_dagrun for dataset_produces_2 to None, run_after=None
[2026-05-18T07:00:17.743+0000] {processor.py:208} INFO - Processing /home/noelsdavid/airflow_venv/lib/python3.12/site-packages/airflow/example_dags/example_datasets.py took 0.185 seconds
[2026-05-18T07:01:33.496+0000] {processor.py:186} INFO - Started process (PID=16419) to work on /home/noelsdavid/airflow_venv/lib/python3.12/site-packages/airflow/example_dags/example_datasets.py
[2026-05-18T07:01:33.498+0000] {processor.py:914} INFO - Processing file /home/noelsdavid/airflow_venv/lib/python3.12/site-packages/airflow/example_dags/example_datasets.py for tasks to queue
[2026-05-18T07:01:33.500+0000] {logging_mixin.py:190} INFO - [2026-05-18T07:01:33.500+0000] {dagbag.py:588} INFO - Filling up the DagBag from /home/noelsdavid/airflow_venv/lib/python3.12/site-packages/airflow/example_dags/example_datasets.py
[2026-05-18T07:01:33.522+0000] {processor.py:925} INFO - DAG(s) 'dataset_consumes_1', 'consume_1_or_2_with_dataset_expressions', 'consume_1_or_both_2_and_3_with_dataset_expressions', 'dataset_produces_1', 'consume_1_and_2_with_dataset_expressions', 'conditional_dataset_and_time_based_timetable', 'dataset_consumes_1_never_scheduled', 'dataset_produces_2', 'dataset_consumes_unknown_never_scheduled', 'dataset_consumes_1_and_2' retrieved from /home/noelsdavid/airflow_venv/lib/python3.12/site-packages/airflow/example_dags/example_datasets.py
[2026-05-18T07:01:33.568+0000] {logging_mixin.py:190} INFO - [2026-05-18T07:01:33.568+0000] {dag.py:3239} INFO - Sync 10 DAGs
[2026-05-18T07:01:33.602+0000] {logging_mixin.py:190} INFO - [2026-05-18T07:01:33.601+0000] {dag.py:4180} INFO - Setting next_dagrun for conditional_dataset_and_time_based_timetable to 2026-05-13 01:00:00+00:00, run_after=2026-05-13 01:00:00+00:00
[2026-05-18T07:01:33.606+0000] {logging_mixin.py:190} INFO - [2026-05-18T07:01:33.606+0000] {dag.py:4180} INFO - Setting next_dagrun for consume_1_and_2_with_dataset_expressions to None, run_after=None
[2026-05-18T07:01:33.607+0000] {logging_mixin.py:190} INFO - [2026-05-18T07:01:33.607+0000] {dag.py:4180} INFO - Setting next_dagrun for consume_1_or_2_with_dataset_expressions to None, run_after=None
[2026-05-18T07:01:33.609+0000] {logging_mixin.py:190} INFO - [2026-05-18T07:01:33.608+0000] {dag.py:4180} INFO - Setting next_dagrun for consume_1_or_both_2_and_3_with_dataset_expressions to None, run_after=None
[2026-05-18T07:01:33.610+0000] {logging_mixin.py:190} INFO - [2026-05-18T07:01:33.610+0000] {dag.py:4180} INFO - Setting next_dagrun for dataset_consumes_1 to None, run_after=None
[2026-05-18T07:01:33.611+0000] {logging_mixin.py:190} INFO - [2026-05-18T07:01:33.611+0000] {dag.py:4180} INFO - Setting next_dagrun for dataset_consumes_1_and_2 to None, run_after=None
[2026-05-18T07:01:33.612+0000] {logging_mixin.py:190} INFO - [2026-05-18T07:01:33.612+0000] {dag.py:4180} INFO - Setting next_dagrun for dataset_consumes_1_never_scheduled to None, run_after=None
[2026-05-18T07:01:33.613+0000] {logging_mixin.py:190} INFO - [2026-05-18T07:01:33.613+0000] {dag.py:4180} INFO - Setting next_dagrun for dataset_consumes_unknown_never_scheduled to None, run_after=None
[2026-05-18T07:01:33.616+0000] {logging_mixin.py:190} INFO - [2026-05-18T07:01:33.615+0000] {dag.py:4180} INFO - Setting next_dagrun for dataset_produces_1 to 2026-05-17 00:00:00+00:00, run_after=2026-05-18 00:00:00+00:00
[2026-05-18T07:01:33.617+0000] {logging_mixin.py:190} INFO - [2026-05-18T07:01:33.617+0000] {dag.py:4180} INFO - Setting next_dagrun for dataset_produces_2 to None, run_after=None
[2026-05-18T07:01:33.659+0000] {processor.py:208} INFO - Processing /home/noelsdavid/airflow_venv/lib/python3.12/site-packages/airflow/example_dags/example_datasets.py took 0.174 seconds
[2026-05-18T07:02:44.364+0000] {processor.py:186} INFO - Started process (PID=16497) to work on /home/noelsdavid/airflow_venv/lib/python3.12/site-packages/airflow/example_dags/example_datasets.py
[2026-05-18T07:02:44.367+0000] {processor.py:914} INFO - Processing file /home/noelsdavid/airflow_venv/lib/python3.12/site-packages/airflow/example_dags/example_datasets.py for tasks to queue
[2026-05-18T07:02:44.370+0000] {logging_mixin.py:190} INFO - [2026-05-18T07:02:44.369+0000] {dagbag.py:588} INFO - Filling up the DagBag from /home/noelsdavid/airflow_venv/lib/python3.12/site-packages/airflow/example_dags/example_datasets.py
[2026-05-18T07:02:44.394+0000] {processor.py:925} INFO - DAG(s) 'conditional_dataset_and_time_based_timetable', 'dataset_consumes_1_and_2', 'consume_1_and_2_with_dataset_expressions', 'dataset_consumes_1_never_scheduled', 'consume_1_or_2_with_dataset_expressions', 'consume_1_or_both_2_and_3_with_dataset_expressions', 'dataset_consumes_unknown_never_scheduled', 'dataset_produces_2', 'dataset_consumes_1', 'dataset_produces_1' retrieved from /home/noelsdavid/airflow_venv/lib/python3.12/site-packages/airflow/example_dags/example_datasets.py
[2026-05-18T07:02:44.440+0000] {logging_mixin.py:190} INFO - [2026-05-18T07:02:44.440+0000] {dag.py:3239} INFO - Sync 10 DAGs
[2026-05-18T07:02:44.471+0000] {logging_mixin.py:190} INFO - [2026-05-18T07:02:44.471+0000] {dag.py:4180} INFO - Setting next_dagrun for conditional_dataset_and_time_based_timetable to 2026-05-13 01:00:00+00:00, run_after=2026-05-13 01:00:00+00:00
[2026-05-18T07:02:44.475+0000] {logging_mixin.py:190} INFO - [2026-05-18T07:02:44.475+0000] {dag.py:4180} INFO - Setting next_dagrun for consume_1_and_2_with_dataset_expressions to None, run_after=None
[2026-05-18T07:02:44.477+0000] {logging_mixin.py:190} INFO - [2026-05-18T07:02:44.476+0000] {dag.py:4180} INFO - Setting next_dagrun for consume_1_or_2_with_dataset_expressions to None, run_after=None
[2026-05-18T07:02:44.478+0000] {logging_mixin.py:190} INFO - [2026-05-18T07:02:44.477+0000] {dag.py:4180} INFO - Setting next_dagrun for consume_1_or_both_2_and_3_with_dataset_expressions to None, run_after=None
[2026-05-18T07:02:44.479+0000] {logging_mixin.py:190} INFO - [2026-05-18T07:02:44.478+0000] {dag.py:4180} INFO - Setting next_dagrun for dataset_consumes_1 to None, run_after=None
[2026-05-18T07:02:44.480+0000] {logging_mixin.py:190} INFO - [2026-05-18T07:02:44.479+0000] {dag.py:4180} INFO - Setting next_dagrun for dataset_consumes_1_and_2 to None, run_after=None
[2026-05-18T07:02:44.481+0000] {logging_mixin.py:190} INFO - [2026-05-18T07:02:44.480+0000] {dag.py:4180} INFO - Setting next_dagrun for dataset_consumes_1_never_scheduled to None, run_after=None
[2026-05-18T07:02:44.481+0000] {logging_mixin.py:190} INFO - [2026-05-18T07:02:44.481+0000] {dag.py:4180} INFO - Setting next_dagrun for dataset_consumes_unknown_never_scheduled to None, run_after=None
[2026-05-18T07:02:44.484+0000] {logging_mixin.py:190} INFO - [2026-05-18T07:02:44.483+0000] {dag.py:4180} INFO - Setting next_dagrun for dataset_produces_1 to 2026-05-17 00:00:00+00:00, run_after=2026-05-18 00:00:00+00:00
[2026-05-18T07:02:44.485+0000] {logging_mixin.py:190} INFO - [2026-05-18T07:02:44.484+0000] {dag.py:4180} INFO - Setting next_dagrun for dataset_produces_2 to None, run_after=None
[2026-05-18T07:02:44.525+0000] {processor.py:208} INFO - Processing /home/noelsdavid/airflow_venv/lib/python3.12/site-packages/airflow/example_dags/example_datasets.py took 0.171 seconds
[2026-05-18T07:03:57.636+0000] {processor.py:186} INFO - Started process (PID=16575) to work on /home/noelsdavid/airflow_venv/lib/python3.12/site-packages/airflow/example_dags/example_datasets.py
[2026-05-18T07:03:57.638+0000] {processor.py:914} INFO - Processing file /home/noelsdavid/airflow_venv/lib/python3.12/site-packages/airflow/example_dags/example_datasets.py for tasks to queue
[2026-05-18T07:03:57.640+0000] {logging_mixin.py:190} INFO - [2026-05-18T07:03:57.639+0000] {dagbag.py:588} INFO - Filling up the DagBag from /home/noelsdavid/airflow_venv/lib/python3.12/site-packages/airflow/example_dags/example_datasets.py
[2026-05-18T07:03:57.662+0000] {processor.py:925} INFO - DAG(s) 'dataset_produces_1', 'dataset_consumes_1', 'dataset_consumes_1_and_2', 'consume_1_or_2_with_dataset_expressions', 'conditional_dataset_and_time_based_timetable', 'consume_1_or_both_2_and_3_with_dataset_expressions', 'consume_1_and_2_with_dataset_expressions', 'dataset_consumes_unknown_never_scheduled', 'dataset_consumes_1_never_scheduled', 'dataset_produces_2' retrieved from /home/noelsdavid/airflow_venv/lib/python3.12/site-packages/airflow/example_dags/example_datasets.py
[2026-05-18T07:03:57.710+0000] {logging_mixin.py:190} INFO - [2026-05-18T07:03:57.710+0000] {dag.py:3239} INFO - Sync 10 DAGs
[2026-05-18T07:03:57.743+0000] {logging_mixin.py:190} INFO - [2026-05-18T07:03:57.742+0000] {dag.py:4180} INFO - Setting next_dagrun for conditional_dataset_and_time_based_timetable to 2026-05-13 01:00:00+00:00, run_after=2026-05-13 01:00:00+00:00
[2026-05-18T07:03:57.747+0000] {logging_mixin.py:190} INFO - [2026-05-18T07:03:57.747+0000] {dag.py:4180} INFO - Setting next_dagrun for consume_1_and_2_with_dataset_expressions to None, run_after=None
[2026-05-18T07:03:57.749+0000] {logging_mixin.py:190} INFO - [2026-05-18T07:03:57.749+0000] {dag.py:4180} INFO - Setting next_dagrun for consume_1_or_2_with_dataset_expressions to None, run_after=None
[2026-05-18T07:03:57.750+0000] {logging_mixin.py:190} INFO - [2026-05-18T07:03:57.750+0000] {dag.py:4180} INFO - Setting next_dagrun for consume_1_or_both_2_and_3_with_dataset_expressions to None, run_after=None
[2026-05-18T07:03:57.751+0000] {logging_mixin.py:190} INFO - [2026-05-18T07:03:57.751+0000] {dag.py:4180} INFO - Setting next_dagrun for dataset_consumes_1 to None, run_after=None
[2026-05-18T07:03:57.752+0000] {logging_mixin.py:190} INFO - [2026-05-18T07:03:57.752+0000] {dag.py:4180} INFO - Setting next_dagrun for dataset_consumes_1_and_2 to None, run_after=None
[2026-05-18T07:03:57.753+0000] {logging_mixin.py:190} INFO - [2026-05-18T07:03:57.753+0000] {dag.py:4180} INFO - Setting next_dagrun for dataset_consumes_1_never_scheduled to None, run_after=None
[2026-05-18T07:03:57.754+0000] {logging_mixin.py:190} INFO - [2026-05-18T07:03:57.754+0000] {dag.py:4180} INFO - Setting next_dagrun for dataset_consumes_unknown_never_scheduled to None, run_after=None
[2026-05-18T07:03:57.757+0000] {logging_mixin.py:190} INFO - [2026-05-18T07:03:57.756+0000] {dag.py:4180} INFO - Setting next_dagrun for dataset_produces_1 to 2026-05-17 00:00:00+00:00, run_after=2026-05-18 00:00:00+00:00
[2026-05-18T07:03:57.758+0000] {logging_mixin.py:190} INFO - [2026-05-18T07:03:57.758+0000] {dag.py:4180} INFO - Setting next_dagrun for dataset_produces_2 to None, run_after=None
[2026-05-18T07:03:57.799+0000] {processor.py:208} INFO - Processing /home/noelsdavid/airflow_venv/lib/python3.12/site-packages/airflow/example_dags/example_datasets.py took 0.172 seconds
[2026-05-18T07:05:06.337+0000] {processor.py:186} INFO - Started process (PID=16650) to work on /home/noelsdavid/airflow_venv/lib/python3.12/site-packages/airflow/example_dags/example_datasets.py
[2026-05-18T07:05:06.342+0000] {processor.py:914} INFO - Processing file /home/noelsdavid/airflow_venv/lib/python3.12/site-packages/airflow/example_dags/example_datasets.py for tasks to queue
[2026-05-18T07:05:06.345+0000] {logging_mixin.py:190} INFO - [2026-05-18T07:05:06.344+0000] {dagbag.py:588} INFO - Filling up the DagBag from /home/noelsdavid/airflow_venv/lib/python3.12/site-packages/airflow/example_dags/example_datasets.py
[2026-05-18T07:05:06.372+0000] {processor.py:925} INFO - DAG(s) 'consume_1_and_2_with_dataset_expressions', 'dataset_consumes_1_never_scheduled', 'dataset_consumes_unknown_never_scheduled', 'dataset_consumes_1', 'consume_1_or_both_2_and_3_with_dataset_expressions', 'conditional_dataset_and_time_based_timetable', 'consume_1_or_2_with_dataset_expressions', 'dataset_consumes_1_and_2', 'dataset_produces_2', 'dataset_produces_1' retrieved from /home/noelsdavid/airflow_venv/lib/python3.12/site-packages/airflow/example_dags/example_datasets.py
[2026-05-18T07:05:06.424+0000] {logging_mixin.py:190} INFO - [2026-05-18T07:05:06.424+0000] {dag.py:3239} INFO - Sync 10 DAGs
[2026-05-18T07:05:06.462+0000] {logging_mixin.py:190} INFO - [2026-05-18T07:05:06.462+0000] {dag.py:4180} INFO - Setting next_dagrun for conditional_dataset_and_time_based_timetable to 2026-05-13 01:00:00+00:00, run_after=2026-05-13 01:00:00+00:00
[2026-05-18T07:05:06.469+0000] {logging_mixin.py:190} INFO - [2026-05-18T07:05:06.468+0000] {dag.py:4180} INFO - Setting next_dagrun for consume_1_and_2_with_dataset_expressions to None, run_after=None
[2026-05-18T07:05:06.470+0000] {logging_mixin.py:190} INFO - [2026-05-18T07:05:06.470+0000] {dag.py:4180} INFO - Setting next_dagrun for consume_1_or_2_with_dataset_expressions to None, run_after=None
[2026-05-18T07:05:06.472+0000] {logging_mixin.py:190} INFO - [2026-05-18T07:05:06.471+0000] {dag.py:4180} INFO - Setting next_dagrun for consume_1_or_both_2_and_3_with_dataset_expressions to None, run_after=None
[2026-05-18T07:05:06.473+0000] {logging_mixin.py:190} INFO - [2026-05-18T07:05:06.473+0000] {dag.py:4180} INFO - Setting next_dagrun for dataset_consumes_1 to None, run_after=None
[2026-05-18T07:05:06.474+0000] {logging_mixin.py:190} INFO - [2026-05-18T07:05:06.474+0000] {dag.py:4180} INFO - Setting next_dagrun for dataset_consumes_1_and_2 to None, run_after=None
[2026-05-18T07:05:06.475+0000] {logging_mixin.py:190} INFO - [2026-05-18T07:05:06.475+0000] {dag.py:4180} INFO - Setting next_dagrun for dataset_consumes_1_never_scheduled to None, run_after=None
[2026-05-18T07:05:06.476+0000] {logging_mixin.py:190} INFO - [2026-05-18T07:05:06.476+0000] {dag.py:4180} INFO - Setting next_dagrun for dataset_consumes_unknown_never_scheduled to None, run_after=None
[2026-05-18T07:05:06.479+0000] {logging_mixin.py:190} INFO - [2026-05-18T07:05:06.478+0000] {dag.py:4180} INFO - Setting next_dagrun for dataset_produces_1 to 2026-05-17 00:00:00+00:00, run_after=2026-05-18 00:00:00+00:00
[2026-05-18T07:05:06.480+0000] {logging_mixin.py:190} INFO - [2026-05-18T07:05:06.480+0000] {dag.py:4180} INFO - Setting next_dagrun for dataset_produces_2 to None, run_after=None
[2026-05-18T07:05:06.530+0000] {processor.py:208} INFO - Processing /home/noelsdavid/airflow_venv/lib/python3.12/site-packages/airflow/example_dags/example_datasets.py took 0.205 seconds
[2026-05-18T07:06:25.116+0000] {processor.py:186} INFO - Started process (PID=16755) to work on /home/noelsdavid/airflow_venv/lib/python3.12/site-packages/airflow/example_dags/example_datasets.py
[2026-05-18T07:06:25.156+0000] {processor.py:914} INFO - Processing file /home/noelsdavid/airflow_venv/lib/python3.12/site-packages/airflow/example_dags/example_datasets.py for tasks to queue
[2026-05-18T07:06:25.158+0000] {logging_mixin.py:190} INFO - [2026-05-18T07:06:25.158+0000] {dagbag.py:588} INFO - Filling up the DagBag from /home/noelsdavid/airflow_venv/lib/python3.12/site-packages/airflow/example_dags/example_datasets.py
[2026-05-18T07:06:25.182+0000] {processor.py:925} INFO - DAG(s) 'dataset_consumes_1_never_scheduled', 'dataset_consumes_unknown_never_scheduled', 'conditional_dataset_and_time_based_timetable', 'consume_1_or_both_2_and_3_with_dataset_expressions', 'dataset_produces_2', 'consume_1_and_2_with_dataset_expressions', 'dataset_produces_1', 'dataset_consumes_1', 'consume_1_or_2_with_dataset_expressions', 'dataset_consumes_1_and_2' retrieved from /home/noelsdavid/airflow_venv/lib/python3.12/site-packages/airflow/example_dags/example_datasets.py
[2026-05-18T07:06:25.228+0000] {logging_mixin.py:190} INFO - [2026-05-18T07:06:25.228+0000] {dag.py:3239} INFO - Sync 10 DAGs
[2026-05-18T07:06:25.260+0000] {logging_mixin.py:190} INFO - [2026-05-18T07:06:25.260+0000] {dag.py:4180} INFO - Setting next_dagrun for conditional_dataset_and_time_based_timetable to 2026-05-13 01:00:00+00:00, run_after=2026-05-13 01:00:00+00:00
[2026-05-18T07:06:25.266+0000] {logging_mixin.py:190} INFO - [2026-05-18T07:06:25.266+0000] {dag.py:4180} INFO - Setting next_dagrun for consume_1_and_2_with_dataset_expressions to None, run_after=None
[2026-05-18T07:06:25.268+0000] {logging_mixin.py:190} INFO - [2026-05-18T07:06:25.268+0000] {dag.py:4180} INFO - Setting next_dagrun for consume_1_or_2_with_dataset_expressions to None, run_after=None
[2026-05-18T07:06:25.269+0000] {logging_mixin.py:190} INFO - [2026-05-18T07:06:25.269+0000] {dag.py:4180} INFO - Setting next_dagrun for consume_1_or_both_2_and_3_with_dataset_expressions to None, run_after=None
[2026-05-18T07:06:25.271+0000] {logging_mixin.py:190} INFO - [2026-05-18T07:06:25.270+0000] {dag.py:4180} INFO - Setting next_dagrun for dataset_consumes_1 to None, run_after=None
[2026-05-18T07:06:25.272+0000] {logging_mixin.py:190} INFO - [2026-05-18T07:06:25.271+0000] {dag.py:4180} INFO - Setting next_dagrun for dataset_consumes_1_and_2 to None, run_after=None
[2026-05-18T07:06:25.273+0000] {logging_mixin.py:190} INFO - [2026-05-18T07:06:25.273+0000] {dag.py:4180} INFO - Setting next_dagrun for dataset_consumes_1_never_scheduled to None, run_after=None
[2026-05-18T07:06:25.274+0000] {logging_mixin.py:190} INFO - [2026-05-18T07:06:25.274+0000] {dag.py:4180} INFO - Setting next_dagrun for dataset_consumes_unknown_never_scheduled to None, run_after=None
[2026-05-18T07:06:25.276+0000] {logging_mixin.py:190} INFO - [2026-05-18T07:06:25.276+0000] {dag.py:4180} INFO - Setting next_dagrun for dataset_produces_1 to 2026-05-17 00:00:00+00:00, run_after=2026-05-18 00:00:00+00:00
[2026-05-18T07:06:25.277+0000] {logging_mixin.py:190} INFO - [2026-05-18T07:06:25.277+0000] {dag.py:4180} INFO - Setting next_dagrun for dataset_produces_2 to None, run_after=None
[2026-05-18T07:06:25.323+0000] {processor.py:208} INFO - Processing /home/noelsdavid/airflow_venv/lib/python3.12/site-packages/airflow/example_dags/example_datasets.py took 0.216 seconds
[2026-05-18T07:07:42.437+0000] {processor.py:186} INFO - Started process (PID=16835) to work on /home/noelsdavid/airflow_venv/lib/python3.12/site-packages/airflow/example_dags/example_datasets.py
[2026-05-18T07:07:42.440+0000] {processor.py:914} INFO - Processing file /home/noelsdavid/airflow_venv/lib/python3.12/site-packages/airflow/example_dags/example_datasets.py for tasks to queue
[2026-05-18T07:07:42.442+0000] {logging_mixin.py:190} INFO - [2026-05-18T07:07:42.441+0000] {dagbag.py:588} INFO - Filling up the DagBag from /home/noelsdavid/airflow_venv/lib/python3.12/site-packages/airflow/example_dags/example_datasets.py
[2026-05-18T07:07:42.467+0000] {processor.py:925} INFO - DAG(s) 'dataset_consumes_1', 'consume_1_or_both_2_and_3_with_dataset_expressions', 'dataset_produces_1', 'consume_1_and_2_with_dataset_expressions', 'dataset_consumes_1_never_scheduled', 'conditional_dataset_and_time_based_timetable', 'consume_1_or_2_with_dataset_expressions', 'dataset_consumes_unknown_never_scheduled', 'dataset_consumes_1_and_2', 'dataset_produces_2' retrieved from /home/noelsdavid/airflow_venv/lib/python3.12/site-packages/airflow/example_dags/example_datasets.py
[2026-05-18T07:07:42.691+0000] {logging_mixin.py:190} INFO - [2026-05-18T07:07:42.690+0000] {dag.py:3239} INFO - Sync 10 DAGs
[2026-05-18T07:07:42.720+0000] {logging_mixin.py:190} INFO - [2026-05-18T07:07:42.719+0000] {dag.py:4180} INFO - Setting next_dagrun for conditional_dataset_and_time_based_timetable to 2026-05-13 01:00:00+00:00, run_after=2026-05-13 01:00:00+00:00
[2026-05-18T07:07:42.725+0000] {logging_mixin.py:190} INFO - [2026-05-18T07:07:42.724+0000] {dag.py:4180} INFO - Setting next_dagrun for consume_1_and_2_with_dataset_expressions to None, run_after=None
[2026-05-18T07:07:42.726+0000] {logging_mixin.py:190} INFO - [2026-05-18T07:07:42.726+0000] {dag.py:4180} INFO - Setting next_dagrun for consume_1_or_2_with_dataset_expressions to None, run_after=None
[2026-05-18T07:07:42.727+0000] {logging_mixin.py:190} INFO - [2026-05-18T07:07:42.727+0000] {dag.py:4180} INFO - Setting next_dagrun for consume_1_or_both_2_and_3_with_dataset_expressions to None, run_after=None
[2026-05-18T07:07:42.729+0000] {logging_mixin.py:190} INFO - [2026-05-18T07:07:42.728+0000] {dag.py:4180} INFO - Setting next_dagrun for dataset_consumes_1 to None, run_after=None
[2026-05-18T07:07:42.730+0000] {logging_mixin.py:190} INFO - [2026-05-18T07:07:42.730+0000] {dag.py:4180} INFO - Setting next_dagrun for dataset_consumes_1_and_2 to None, run_after=None
[2026-05-18T07:07:42.731+0000] {logging_mixin.py:190} INFO - [2026-05-18T07:07:42.731+0000] {dag.py:4180} INFO - Setting next_dagrun for dataset_consumes_1_never_scheduled to None, run_after=None
[2026-05-18T07:07:42.732+0000] {logging_mixin.py:190} INFO - [2026-05-18T07:07:42.732+0000] {dag.py:4180} INFO - Setting next_dagrun for dataset_consumes_unknown_never_scheduled to None, run_after=None
[2026-05-18T07:07:42.735+0000] {logging_mixin.py:190} INFO - [2026-05-18T07:07:42.735+0000] {dag.py:4180} INFO - Setting next_dagrun for dataset_produces_1 to 2026-05-17 00:00:00+00:00, run_after=2026-05-18 00:00:00+00:00
[2026-05-18T07:07:42.736+0000] {logging_mixin.py:190} INFO - [2026-05-18T07:07:42.736+0000] {dag.py:4180} INFO - Setting next_dagrun for dataset_produces_2 to None, run_after=None
[2026-05-18T07:07:42.780+0000] {processor.py:208} INFO - Processing /home/noelsdavid/airflow_venv/lib/python3.12/site-packages/airflow/example_dags/example_datasets.py took 0.353 seconds
[2026-05-18T07:09:03.773+0000] {processor.py:186} INFO - Started process (PID=16919) to work on /home/noelsdavid/airflow_venv/lib/python3.12/site-packages/airflow/example_dags/example_datasets.py
[2026-05-18T07:09:03.787+0000] {processor.py:914} INFO - Processing file /home/noelsdavid/airflow_venv/lib/python3.12/site-packages/airflow/example_dags/example_datasets.py for tasks to queue
[2026-05-18T07:09:03.789+0000] {logging_mixin.py:190} INFO - [2026-05-18T07:09:03.788+0000] {dagbag.py:588} INFO - Filling up the DagBag from /home/noelsdavid/airflow_venv/lib/python3.12/site-packages/airflow/example_dags/example_datasets.py
[2026-05-18T07:09:03.811+0000] {processor.py:925} INFO - DAG(s) 'dataset_consumes_1_and_2', 'conditional_dataset_and_time_based_timetable', 'dataset_produces_1', 'dataset_consumes_1', 'consume_1_and_2_with_dataset_expressions', 'dataset_consumes_unknown_never_scheduled', 'dataset_produces_2', 'consume_1_or_both_2_and_3_with_dataset_expressions', 'consume_1_or_2_with_dataset_expressions', 'dataset_consumes_1_never_scheduled' retrieved from /home/noelsdavid/airflow_venv/lib/python3.12/site-packages/airflow/example_dags/example_datasets.py
[2026-05-18T07:09:04.021+0000] {logging_mixin.py:190} INFO - [2026-05-18T07:09:04.021+0000] {dag.py:3239} INFO - Sync 10 DAGs
[2026-05-18T07:09:04.047+0000] {logging_mixin.py:190} INFO - [2026-05-18T07:09:04.046+0000] {dag.py:4180} INFO - Setting next_dagrun for conditional_dataset_and_time_based_timetable to 2026-05-13 01:00:00+00:00, run_after=2026-05-13 01:00:00+00:00
[2026-05-18T07:09:04.051+0000] {logging_mixin.py:190} INFO - [2026-05-18T07:09:04.051+0000] {dag.py:4180} INFO - Setting next_dagrun for consume_1_and_2_with_dataset_expressions to None, run_after=None
[2026-05-18T07:09:04.052+0000] {logging_mixin.py:190} INFO - [2026-05-18T07:09:04.052+0000] {dag.py:4180} INFO - Setting next_dagrun for consume_1_or_2_with_dataset_expressions to None, run_after=None
[2026-05-18T07:09:04.054+0000] {logging_mixin.py:190} INFO - [2026-05-18T07:09:04.053+0000] {dag.py:4180} INFO - Setting next_dagrun for consume_1_or_both_2_and_3_with_dataset_expressions to None, run_after=None
[2026-05-18T07:09:04.055+0000] {logging_mixin.py:190} INFO - [2026-05-18T07:09:04.055+0000] {dag.py:4180} INFO - Setting next_dagrun for dataset_consumes_1 to None, run_after=None
[2026-05-18T07:09:04.056+0000] {logging_mixin.py:190} INFO - [2026-05-18T07:09:04.056+0000] {dag.py:4180} INFO - Setting next_dagrun for dataset_consumes_1_and_2 to None, run_after=None
[2026-05-18T07:09:04.057+0000] {logging_mixin.py:190} INFO - [2026-05-18T07:09:04.057+0000] {dag.py:4180} INFO - Setting next_dagrun for dataset_consumes_1_never_scheduled to None, run_after=None
[2026-05-18T07:09:04.059+0000] {logging_mixin.py:190} INFO - [2026-05-18T07:09:04.059+0000] {dag.py:4180} INFO - Setting next_dagrun for dataset_consumes_unknown_never_scheduled to None, run_after=None
[2026-05-18T07:09:04.062+0000] {logging_mixin.py:190} INFO - [2026-05-18T07:09:04.062+0000] {dag.py:4180} INFO - Setting next_dagrun for dataset_produces_1 to 2026-05-17 00:00:00+00:00, run_after=2026-05-18 00:00:00+00:00
[2026-05-18T07:09:04.064+0000] {logging_mixin.py:190} INFO - [2026-05-18T07:09:04.064+0000] {dag.py:4180} INFO - Setting next_dagrun for dataset_produces_2 to None, run_after=None
[2026-05-18T07:09:04.110+0000] {processor.py:208} INFO - Processing /home/noelsdavid/airflow_venv/lib/python3.12/site-packages/airflow/example_dags/example_datasets.py took 0.347 seconds
[2026-05-18T07:10:24.883+0000] {processor.py:186} INFO - Started process (PID=17029) to work on /home/noelsdavid/airflow_venv/lib/python3.12/site-packages/airflow/example_dags/example_datasets.py
[2026-05-18T07:10:24.886+0000] {processor.py:914} INFO - Processing file /home/noelsdavid/airflow_venv/lib/python3.12/site-packages/airflow/example_dags/example_datasets.py for tasks to queue
[2026-05-18T07:10:24.888+0000] {logging_mixin.py:190} INFO - [2026-05-18T07:10:24.888+0000] {dagbag.py:588} INFO - Filling up the DagBag from /home/noelsdavid/airflow_venv/lib/python3.12/site-packages/airflow/example_dags/example_datasets.py
[2026-05-18T07:10:24.911+0000] {processor.py:925} INFO - DAG(s) 'dataset_consumes_1_and_2', 'dataset_consumes_unknown_never_scheduled', 'dataset_produces_1', 'consume_1_and_2_with_dataset_expressions', 'consume_1_or_both_2_and_3_with_dataset_expressions', 'conditional_dataset_and_time_based_timetable', 'dataset_consumes_1', 'consume_1_or_2_with_dataset_expressions', 'dataset_produces_2', 'dataset_consumes_1_never_scheduled' retrieved from /home/noelsdavid/airflow_venv/lib/python3.12/site-packages/airflow/example_dags/example_datasets.py
[2026-05-18T07:10:24.965+0000] {logging_mixin.py:190} INFO - [2026-05-18T07:10:24.964+0000] {dag.py:3239} INFO - Sync 10 DAGs
[2026-05-18T07:10:24.998+0000] {logging_mixin.py:190} INFO - [2026-05-18T07:10:24.998+0000] {dag.py:4180} INFO - Setting next_dagrun for conditional_dataset_and_time_based_timetable to 2026-05-13 01:00:00+00:00, run_after=2026-05-13 01:00:00+00:00
[2026-05-18T07:10:25.003+0000] {logging_mixin.py:190} INFO - [2026-05-18T07:10:25.002+0000] {dag.py:4180} INFO - Setting next_dagrun for consume_1_and_2_with_dataset_expressions to None, run_after=None
[2026-05-18T07:10:25.004+0000] {logging_mixin.py:190} INFO - [2026-05-18T07:10:25.004+0000] {dag.py:4180} INFO - Setting next_dagrun for consume_1_or_2_with_dataset_expressions to None, run_after=None
[2026-05-18T07:10:25.005+0000] {logging_mixin.py:190} INFO - [2026-05-18T07:10:25.005+0000] {dag.py:4180} INFO - Setting next_dagrun for consume_1_or_both_2_and_3_with_dataset_expressions to None, run_after=None
[2026-05-18T07:10:25.006+0000] {logging_mixin.py:190} INFO - [2026-05-18T07:10:25.006+0000] {dag.py:4180} INFO - Setting next_dagrun for dataset_consumes_1 to None, run_after=None
[2026-05-18T07:10:25.007+0000] {logging_mixin.py:190} INFO - [2026-05-18T07:10:25.007+0000] {dag.py:4180} INFO - Setting next_dagrun for dataset_consumes_1_and_2 to None, run_after=None
[2026-05-18T07:10:25.009+0000] {logging_mixin.py:190} INFO - [2026-05-18T07:10:25.008+0000] {dag.py:4180} INFO - Setting next_dagrun for dataset_consumes_1_never_scheduled to None, run_after=None
[2026-05-18T07:10:25.010+0000] {logging_mixin.py:190} INFO - [2026-05-18T07:10:25.009+0000] {dag.py:4180} INFO - Setting next_dagrun for dataset_consumes_unknown_never_scheduled to None, run_after=None
[2026-05-18T07:10:25.012+0000] {logging_mixin.py:190} INFO - [2026-05-18T07:10:25.012+0000] {dag.py:4180} INFO - Setting next_dagrun for dataset_produces_1 to 2026-05-17 00:00:00+00:00, run_after=2026-05-18 00:00:00+00:00
[2026-05-18T07:10:25.013+0000] {logging_mixin.py:190} INFO - [2026-05-18T07:10:25.013+0000] {dag.py:4180} INFO - Setting next_dagrun for dataset_produces_2 to None, run_after=None
[2026-05-18T07:10:25.058+0000] {processor.py:208} INFO - Processing /home/noelsdavid/airflow_venv/lib/python3.12/site-packages/airflow/example_dags/example_datasets.py took 0.185 seconds
[2026-05-18T07:11:38.772+0000] {processor.py:186} INFO - Started process (PID=17106) to work on /home/noelsdavid/airflow_venv/lib/python3.12/site-packages/airflow/example_dags/example_datasets.py
[2026-05-18T07:11:38.776+0000] {processor.py:914} INFO - Processing file /home/noelsdavid/airflow_venv/lib/python3.12/site-packages/airflow/example_dags/example_datasets.py for tasks to queue
[2026-05-18T07:11:38.779+0000] {logging_mixin.py:190} INFO - [2026-05-18T07:11:38.778+0000] {dagbag.py:588} INFO - Filling up the DagBag from /home/noelsdavid/airflow_venv/lib/python3.12/site-packages/airflow/example_dags/example_datasets.py
[2026-05-18T07:11:38.805+0000] {processor.py:925} INFO - DAG(s) 'conditional_dataset_and_time_based_timetable', 'consume_1_and_2_with_dataset_expressions', 'consume_1_or_2_with_dataset_expressions', 'dataset_produces_1', 'dataset_produces_2', 'dataset_consumes_1_never_scheduled', 'dataset_consumes_1', 'dataset_consumes_unknown_never_scheduled', 'consume_1_or_both_2_and_3_with_dataset_expressions', 'dataset_consumes_1_and_2' retrieved from /home/noelsdavid/airflow_venv/lib/python3.12/site-packages/airflow/example_dags/example_datasets.py
[2026-05-18T07:11:38.865+0000] {logging_mixin.py:190} INFO - [2026-05-18T07:11:38.865+0000] {dag.py:3239} INFO - Sync 10 DAGs
[2026-05-18T07:11:38.901+0000] {logging_mixin.py:190} INFO - [2026-05-18T07:11:38.900+0000] {dag.py:4180} INFO - Setting next_dagrun for conditional_dataset_and_time_based_timetable to 2026-05-13 01:00:00+00:00, run_after=2026-05-13 01:00:00+00:00
[2026-05-18T07:11:38.906+0000] {logging_mixin.py:190} INFO - [2026-05-18T07:11:38.905+0000] {dag.py:4180} INFO - Setting next_dagrun for consume_1_and_2_with_dataset_expressions to None, run_after=None
[2026-05-18T07:11:38.907+0000] {logging_mixin.py:190} INFO - [2026-05-18T07:11:38.907+0000] {dag.py:4180} INFO - Setting next_dagrun for consume_1_or_2_with_dataset_expressions to None, run_after=None
[2026-05-18T07:11:38.909+0000] {logging_mixin.py:190} INFO - [2026-05-18T07:11:38.908+0000] {dag.py:4180} INFO - Setting next_dagrun for consume_1_or_both_2_and_3_with_dataset_expressions to None, run_after=None
[2026-05-18T07:11:38.910+0000] {logging_mixin.py:190} INFO - [2026-05-18T07:11:38.910+0000] {dag.py:4180} INFO - Setting next_dagrun for dataset_consumes_1 to None, run_after=None
[2026-05-18T07:11:38.911+0000] {logging_mixin.py:190} INFO - [2026-05-18T07:11:38.911+0000] {dag.py:4180} INFO - Setting next_dagrun for dataset_consumes_1_and_2 to None, run_after=None
[2026-05-18T07:11:38.912+0000] {logging_mixin.py:190} INFO - [2026-05-18T07:11:38.912+0000] {dag.py:4180} INFO - Setting next_dagrun for dataset_consumes_1_never_scheduled to None, run_after=None
[2026-05-18T07:11:38.913+0000] {logging_mixin.py:190} INFO - [2026-05-18T07:11:38.913+0000] {dag.py:4180} INFO - Setting next_dagrun for dataset_consumes_unknown_never_scheduled to None, run_after=None
[2026-05-18T07:11:38.915+0000] {logging_mixin.py:190} INFO - [2026-05-18T07:11:38.915+0000] {dag.py:4180} INFO - Setting next_dagrun for dataset_produces_1 to 2026-05-17 00:00:00+00:00, run_after=2026-05-18 00:00:00+00:00
[2026-05-18T07:11:38.917+0000] {logging_mixin.py:190} INFO - [2026-05-18T07:11:38.916+0000] {dag.py:4180} INFO - Setting next_dagrun for dataset_produces_2 to None, run_after=None
[2026-05-18T07:11:38.977+0000] {processor.py:208} INFO - Processing /home/noelsdavid/airflow_venv/lib/python3.12/site-packages/airflow/example_dags/example_datasets.py took 0.215 seconds
[2026-05-18T07:12:52.991+0000] {processor.py:186} INFO - Started process (PID=17185) to work on /home/noelsdavid/airflow_venv/lib/python3.12/site-packages/airflow/example_dags/example_datasets.py
[2026-05-18T07:12:52.994+0000] {processor.py:914} INFO - Processing file /home/noelsdavid/airflow_venv/lib/python3.12/site-packages/airflow/example_dags/example_datasets.py for tasks to queue
[2026-05-18T07:12:52.996+0000] {logging_mixin.py:190} INFO - [2026-05-18T07:12:52.995+0000] {dagbag.py:588} INFO - Filling up the DagBag from /home/noelsdavid/airflow_venv/lib/python3.12/site-packages/airflow/example_dags/example_datasets.py
[2026-05-18T07:12:53.018+0000] {processor.py:925} INFO - DAG(s) 'conditional_dataset_and_time_based_timetable', 'dataset_produces_2', 'dataset_consumes_unknown_never_scheduled', 'dataset_produces_1', 'consume_1_or_both_2_and_3_with_dataset_expressions', 'dataset_consumes_1_and_2', 'dataset_consumes_1_never_scheduled', 'consume_1_and_2_with_dataset_expressions', 'dataset_consumes_1', 'consume_1_or_2_with_dataset_expressions' retrieved from /home/noelsdavid/airflow_venv/lib/python3.12/site-packages/airflow/example_dags/example_datasets.py
[2026-05-18T07:12:53.067+0000] {logging_mixin.py:190} INFO - [2026-05-18T07:12:53.066+0000] {dag.py:3239} INFO - Sync 10 DAGs
[2026-05-18T07:12:53.098+0000] {logging_mixin.py:190} INFO - [2026-05-18T07:12:53.097+0000] {dag.py:4180} INFO - Setting next_dagrun for conditional_dataset_and_time_based_timetable to 2026-05-13 01:00:00+00:00, run_after=2026-05-13 01:00:00+00:00
[2026-05-18T07:12:53.103+0000] {logging_mixin.py:190} INFO - [2026-05-18T07:12:53.103+0000] {dag.py:4180} INFO - Setting next_dagrun for consume_1_and_2_with_dataset_expressions to None, run_after=None
[2026-05-18T07:12:53.105+0000] {logging_mixin.py:190} INFO - [2026-05-18T07:12:53.104+0000] {dag.py:4180} INFO - Setting next_dagrun for consume_1_or_2_with_dataset_expressions to None, run_after=None
[2026-05-18T07:12:53.106+0000] {logging_mixin.py:190} INFO - [2026-05-18T07:12:53.106+0000] {dag.py:4180} INFO - Setting next_dagrun for consume_1_or_both_2_and_3_with_dataset_expressions to None, run_after=None
[2026-05-18T07:12:53.107+0000] {logging_mixin.py:190} INFO - [2026-05-18T07:12:53.107+0000] {dag.py:4180} INFO - Setting next_dagrun for dataset_consumes_1 to None, run_after=None
[2026-05-18T07:12:53.108+0000] {logging_mixin.py:190} INFO - [2026-05-18T07:12:53.108+0000] {dag.py:4180} INFO - Setting next_dagrun for dataset_consumes_1_and_2 to None, run_after=None
[2026-05-18T07:12:53.111+0000] {logging_mixin.py:190} INFO - [2026-05-18T07:12:53.110+0000] {dag.py:4180} INFO - Setting next_dagrun for dataset_consumes_1_never_scheduled to None, run_after=None
[2026-05-18T07:12:53.112+0000] {logging_mixin.py:190} INFO - [2026-05-18T07:12:53.112+0000] {dag.py:4180} INFO - Setting next_dagrun for dataset_consumes_unknown_never_scheduled to None, run_after=None
[2026-05-18T07:12:53.115+0000] {logging_mixin.py:190} INFO - [2026-05-18T07:12:53.115+0000] {dag.py:4180} INFO - Setting next_dagrun for dataset_produces_1 to 2026-05-17 00:00:00+00:00, run_after=2026-05-18 00:00:00+00:00
[2026-05-18T07:12:53.117+0000] {logging_mixin.py:190} INFO - [2026-05-18T07:12:53.117+0000] {dag.py:4180} INFO - Setting next_dagrun for dataset_produces_2 to None, run_after=None
[2026-05-18T07:12:53.165+0000] {processor.py:208} INFO - Processing /home/noelsdavid/airflow_venv/lib/python3.12/site-packages/airflow/example_dags/example_datasets.py took 0.183 seconds
[2026-05-18T07:14:08.382+0000] {processor.py:186} INFO - Started process (PID=17265) to work on /home/noelsdavid/airflow_venv/lib/python3.12/site-packages/airflow/example_dags/example_datasets.py
[2026-05-18T07:14:08.385+0000] {processor.py:914} INFO - Processing file /home/noelsdavid/airflow_venv/lib/python3.12/site-packages/airflow/example_dags/example_datasets.py for tasks to queue
[2026-05-18T07:14:08.387+0000] {logging_mixin.py:190} INFO - [2026-05-18T07:14:08.387+0000] {dagbag.py:588} INFO - Filling up the DagBag from /home/noelsdavid/airflow_venv/lib/python3.12/site-packages/airflow/example_dags/example_datasets.py
[2026-05-18T07:14:08.411+0000] {processor.py:925} INFO - DAG(s) 'dataset_consumes_unknown_never_scheduled', 'dataset_produces_2', 'dataset_consumes_1', 'dataset_produces_1', 'dataset_consumes_1_never_scheduled', 'consume_1_or_2_with_dataset_expressions', 'conditional_dataset_and_time_based_timetable', 'dataset_consumes_1_and_2', 'consume_1_or_both_2_and_3_with_dataset_expressions', 'consume_1_and_2_with_dataset_expressions' retrieved from /home/noelsdavid/airflow_venv/lib/python3.12/site-packages/airflow/example_dags/example_datasets.py
[2026-05-18T07:14:08.459+0000] {logging_mixin.py:190} INFO - [2026-05-18T07:14:08.459+0000] {dag.py:3239} INFO - Sync 10 DAGs
[2026-05-18T07:14:08.491+0000] {logging_mixin.py:190} INFO - [2026-05-18T07:14:08.491+0000] {dag.py:4180} INFO - Setting next_dagrun for conditional_dataset_and_time_based_timetable to 2026-05-13 01:00:00+00:00, run_after=2026-05-13 01:00:00+00:00
[2026-05-18T07:14:08.497+0000] {logging_mixin.py:190} INFO - [2026-05-18T07:14:08.496+0000] {dag.py:4180} INFO - Setting next_dagrun for consume_1_and_2_with_dataset_expressions to None, run_after=None
[2026-05-18T07:14:08.498+0000] {logging_mixin.py:190} INFO - [2026-05-18T07:14:08.498+0000] {dag.py:4180} INFO - Setting next_dagrun for consume_1_or_2_with_dataset_expressions to None, run_after=None
[2026-05-18T07:14:08.499+0000] {logging_mixin.py:190} INFO - [2026-05-18T07:14:08.499+0000] {dag.py:4180} INFO - Setting next_dagrun for consume_1_or_both_2_and_3_with_dataset_expressions to None, run_after=None
[2026-05-18T07:14:08.500+0000] {logging_mixin.py:190} INFO - [2026-05-18T07:14:08.500+0000] {dag.py:4180} INFO - Setting next_dagrun for dataset_consumes_1 to None, run_after=None
[2026-05-18T07:14:08.501+0000] {logging_mixin.py:190} INFO - [2026-05-18T07:14:08.501+0000] {dag.py:4180} INFO - Setting next_dagrun for dataset_consumes_1_and_2 to None, run_after=None
[2026-05-18T07:14:08.502+0000] {logging_mixin.py:190} INFO - [2026-05-18T07:14:08.502+0000] {dag.py:4180} INFO - Setting next_dagrun for dataset_consumes_1_never_scheduled to None, run_after=None
[2026-05-18T07:14:08.503+0000] {logging_mixin.py:190} INFO - [2026-05-18T07:14:08.503+0000] {dag.py:4180} INFO - Setting next_dagrun for dataset_consumes_unknown_never_scheduled to None, run_after=None
[2026-05-18T07:14:08.505+0000] {logging_mixin.py:190} INFO - [2026-05-18T07:14:08.505+0000] {dag.py:4180} INFO - Setting next_dagrun for dataset_produces_1 to 2026-05-17 00:00:00+00:00, run_after=2026-05-18 00:00:00+00:00
[2026-05-18T07:14:08.507+0000] {logging_mixin.py:190} INFO - [2026-05-18T07:14:08.506+0000] {dag.py:4180} INFO - Setting next_dagrun for dataset_produces_2 to None, run_after=None
[2026-05-18T07:14:08.550+0000] {processor.py:208} INFO - Processing /home/noelsdavid/airflow_venv/lib/python3.12/site-packages/airflow/example_dags/example_datasets.py took 0.177 seconds
[2026-05-18T07:15:18.558+0000] {processor.py:186} INFO - Started process (PID=17367) to work on /home/noelsdavid/airflow_venv/lib/python3.12/site-packages/airflow/example_dags/example_datasets.py
[2026-05-18T07:15:18.561+0000] {processor.py:914} INFO - Processing file /home/noelsdavid/airflow_venv/lib/python3.12/site-packages/airflow/example_dags/example_datasets.py for tasks to queue
[2026-05-18T07:15:18.563+0000] {logging_mixin.py:190} INFO - [2026-05-18T07:15:18.562+0000] {dagbag.py:588} INFO - Filling up the DagBag from /home/noelsdavid/airflow_venv/lib/python3.12/site-packages/airflow/example_dags/example_datasets.py
[2026-05-18T07:15:18.585+0000] {processor.py:925} INFO - DAG(s) 'consume_1_or_both_2_and_3_with_dataset_expressions', 'dataset_produces_1', 'consume_1_and_2_with_dataset_expressions', 'dataset_consumes_unknown_never_scheduled', 'conditional_dataset_and_time_based_timetable', 'dataset_consumes_1_never_scheduled', 'dataset_produces_2', 'dataset_consumes_1', 'consume_1_or_2_with_dataset_expressions', 'dataset_consumes_1_and_2' retrieved from /home/noelsdavid/airflow_venv/lib/python3.12/site-packages/airflow/example_dags/example_datasets.py
[2026-05-18T07:15:18.632+0000] {logging_mixin.py:190} INFO - [2026-05-18T07:15:18.632+0000] {dag.py:3239} INFO - Sync 10 DAGs
[2026-05-18T07:15:18.662+0000] {logging_mixin.py:190} INFO - [2026-05-18T07:15:18.662+0000] {dag.py:4180} INFO - Setting next_dagrun for conditional_dataset_and_time_based_timetable to 2026-05-13 01:00:00+00:00, run_after=2026-05-13 01:00:00+00:00
[2026-05-18T07:15:18.667+0000] {logging_mixin.py:190} INFO - [2026-05-18T07:15:18.667+0000] {dag.py:4180} INFO - Setting next_dagrun for consume_1_and_2_with_dataset_expressions to None, run_after=None
[2026-05-18T07:15:18.669+0000] {logging_mixin.py:190} INFO - [2026-05-18T07:15:18.669+0000] {dag.py:4180} INFO - Setting next_dagrun for consume_1_or_2_with_dataset_expressions to None, run_after=None
[2026-05-18T07:15:18.670+0000] {logging_mixin.py:190} INFO - [2026-05-18T07:15:18.670+0000] {dag.py:4180} INFO - Setting next_dagrun for consume_1_or_both_2_and_3_with_dataset_expressions to None, run_after=None
[2026-05-18T07:15:18.671+0000] {logging_mixin.py:190} INFO - [2026-05-18T07:15:18.671+0000] {dag.py:4180} INFO - Setting next_dagrun for dataset_consumes_1 to None, run_after=None
[2026-05-18T07:15:18.673+0000] {logging_mixin.py:190} INFO - [2026-05-18T07:15:18.672+0000] {dag.py:4180} INFO - Setting next_dagrun for dataset_consumes_1_and_2 to None, run_after=None
[2026-05-18T07:15:18.674+0000] {logging_mixin.py:190} INFO - [2026-05-18T07:15:18.673+0000] {dag.py:4180} INFO - Setting next_dagrun for dataset_consumes_1_never_scheduled to None, run_after=None
[2026-05-18T07:15:18.675+0000] {logging_mixin.py:190} INFO - [2026-05-18T07:15:18.675+0000] {dag.py:4180} INFO - Setting next_dagrun for dataset_consumes_unknown_never_scheduled to None, run_after=None
[2026-05-18T07:15:18.677+0000] {logging_mixin.py:190} INFO - [2026-05-18T07:15:18.677+0000] {dag.py:4180} INFO - Setting next_dagrun for dataset_produces_1 to 2026-05-17 00:00:00+00:00, run_after=2026-05-18 00:00:00+00:00
[2026-05-18T07:15:18.678+0000] {logging_mixin.py:190} INFO - [2026-05-18T07:15:18.678+0000] {dag.py:4180} INFO - Setting next_dagrun for dataset_produces_2 to None, run_after=None
[2026-05-18T07:15:18.721+0000] {processor.py:208} INFO - Processing /home/noelsdavid/airflow_venv/lib/python3.12/site-packages/airflow/example_dags/example_datasets.py took 0.172 seconds
[2026-05-18T07:16:36.489+0000] {processor.py:186} INFO - Started process (PID=17447) to work on /home/noelsdavid/airflow_venv/lib/python3.12/site-packages/airflow/example_dags/example_datasets.py
[2026-05-18T07:16:36.507+0000] {processor.py:914} INFO - Processing file /home/noelsdavid/airflow_venv/lib/python3.12/site-packages/airflow/example_dags/example_datasets.py for tasks to queue
[2026-05-18T07:16:36.509+0000] {logging_mixin.py:190} INFO - [2026-05-18T07:16:36.509+0000] {dagbag.py:588} INFO - Filling up the DagBag from /home/noelsdavid/airflow_venv/lib/python3.12/site-packages/airflow/example_dags/example_datasets.py
[2026-05-18T07:16:36.533+0000] {processor.py:925} INFO - DAG(s) 'dataset_consumes_1', 'consume_1_or_both_2_and_3_with_dataset_expressions', 'dataset_consumes_unknown_never_scheduled', 'dataset_produces_1', 'dataset_consumes_1_and_2', 'consume_1_or_2_with_dataset_expressions', 'conditional_dataset_and_time_based_timetable', 'dataset_consumes_1_never_scheduled', 'consume_1_and_2_with_dataset_expressions', 'dataset_produces_2' retrieved from /home/noelsdavid/airflow_venv/lib/python3.12/site-packages/airflow/example_dags/example_datasets.py
[2026-05-18T07:16:36.580+0000] {logging_mixin.py:190} INFO - [2026-05-18T07:16:36.580+0000] {dag.py:3239} INFO - Sync 10 DAGs
[2026-05-18T07:16:36.613+0000] {logging_mixin.py:190} INFO - [2026-05-18T07:16:36.612+0000] {dag.py:4180} INFO - Setting next_dagrun for conditional_dataset_and_time_based_timetable to 2026-05-13 01:00:00+00:00, run_after=2026-05-13 01:00:00+00:00
[2026-05-18T07:16:36.617+0000] {logging_mixin.py:190} INFO - [2026-05-18T07:16:36.617+0000] {dag.py:4180} INFO - Setting next_dagrun for consume_1_and_2_with_dataset_expressions to None, run_after=None
[2026-05-18T07:16:36.619+0000] {logging_mixin.py:190} INFO - [2026-05-18T07:16:36.618+0000] {dag.py:4180} INFO - Setting next_dagrun for consume_1_or_2_with_dataset_expressions to None, run_after=None
[2026-05-18T07:16:36.620+0000] {logging_mixin.py:190} INFO - [2026-05-18T07:16:36.620+0000] {dag.py:4180} INFO - Setting next_dagrun for consume_1_or_both_2_and_3_with_dataset_expressions to None, run_after=None
[2026-05-18T07:16:36.621+0000] {logging_mixin.py:190} INFO - [2026-05-18T07:16:36.621+0000] {dag.py:4180} INFO - Setting next_dagrun for dataset_consumes_1 to None, run_after=None
[2026-05-18T07:16:36.622+0000] {logging_mixin.py:190} INFO - [2026-05-18T07:16:36.622+0000] {dag.py:4180} INFO - Setting next_dagrun for dataset_consumes_1_and_2 to None, run_after=None
[2026-05-18T07:16:36.623+0000] {logging_mixin.py:190} INFO - [2026-05-18T07:16:36.623+0000] {dag.py:4180} INFO - Setting next_dagrun for dataset_consumes_1_never_scheduled to None, run_after=None
[2026-05-18T07:16:36.624+0000] {logging_mixin.py:190} INFO - [2026-05-18T07:16:36.624+0000] {dag.py:4180} INFO - Setting next_dagrun for dataset_consumes_unknown_never_scheduled to None, run_after=None
[2026-05-18T07:16:36.627+0000] {logging_mixin.py:190} INFO - [2026-05-18T07:16:36.627+0000] {dag.py:4180} INFO - Setting next_dagrun for dataset_produces_1 to 2026-05-17 00:00:00+00:00, run_after=2026-05-18 00:00:00+00:00
[2026-05-18T07:16:36.629+0000] {logging_mixin.py:190} INFO - [2026-05-18T07:16:36.629+0000] {dag.py:4180} INFO - Setting next_dagrun for dataset_produces_2 to None, run_after=None
[2026-05-18T07:16:36.673+0000] {processor.py:208} INFO - Processing /home/noelsdavid/airflow_venv/lib/python3.12/site-packages/airflow/example_dags/example_datasets.py took 0.195 seconds
[2026-05-18T07:17:53.814+0000] {processor.py:186} INFO - Started process (PID=17529) to work on /home/noelsdavid/airflow_venv/lib/python3.12/site-packages/airflow/example_dags/example_datasets.py
[2026-05-18T07:17:53.816+0000] {processor.py:914} INFO - Processing file /home/noelsdavid/airflow_venv/lib/python3.12/site-packages/airflow/example_dags/example_datasets.py for tasks to queue
[2026-05-18T07:17:53.819+0000] {logging_mixin.py:190} INFO - [2026-05-18T07:17:53.818+0000] {dagbag.py:588} INFO - Filling up the DagBag from /home/noelsdavid/airflow_venv/lib/python3.12/site-packages/airflow/example_dags/example_datasets.py
[2026-05-18T07:17:53.848+0000] {processor.py:925} INFO - DAG(s) 'dataset_produces_2', 'dataset_consumes_1', 'conditional_dataset_and_time_based_timetable', 'consume_1_and_2_with_dataset_expressions', 'consume_1_or_2_with_dataset_expressions', 'dataset_produces_1', 'dataset_consumes_unknown_never_scheduled', 'dataset_consumes_1_and_2', 'dataset_consumes_1_never_scheduled', 'consume_1_or_both_2_and_3_with_dataset_expressions' retrieved from /home/noelsdavid/airflow_venv/lib/python3.12/site-packages/airflow/example_dags/example_datasets.py
[2026-05-18T07:17:53.911+0000] {logging_mixin.py:190} INFO - [2026-05-18T07:17:53.910+0000] {dag.py:3239} INFO - Sync 10 DAGs
[2026-05-18T07:17:53.950+0000] {logging_mixin.py:190} INFO - [2026-05-18T07:17:53.950+0000] {dag.py:4180} INFO - Setting next_dagrun for conditional_dataset_and_time_based_timetable to 2026-05-13 01:00:00+00:00, run_after=2026-05-13 01:00:00+00:00
[2026-05-18T07:17:53.956+0000] {logging_mixin.py:190} INFO - [2026-05-18T07:17:53.955+0000] {dag.py:4180} INFO - Setting next_dagrun for consume_1_and_2_with_dataset_expressions to None, run_after=None
[2026-05-18T07:17:53.957+0000] {logging_mixin.py:190} INFO - [2026-05-18T07:17:53.957+0000] {dag.py:4180} INFO - Setting next_dagrun for consume_1_or_2_with_dataset_expressions to None, run_after=None
[2026-05-18T07:17:53.958+0000] {logging_mixin.py:190} INFO - [2026-05-18T07:17:53.958+0000] {dag.py:4180} INFO - Setting next_dagrun for consume_1_or_both_2_and_3_with_dataset_expressions to None, run_after=None
[2026-05-18T07:17:53.960+0000] {logging_mixin.py:190} INFO - [2026-05-18T07:17:53.959+0000] {dag.py:4180} INFO - Setting next_dagrun for dataset_consumes_1 to None, run_after=None
[2026-05-18T07:17:53.961+0000] {logging_mixin.py:190} INFO - [2026-05-18T07:17:53.961+0000] {dag.py:4180} INFO - Setting next_dagrun for dataset_consumes_1_and_2 to None, run_after=None
[2026-05-18T07:17:53.962+0000] {logging_mixin.py:190} INFO - [2026-05-18T07:17:53.962+0000] {dag.py:4180} INFO - Setting next_dagrun for dataset_consumes_1_never_scheduled to None, run_after=None
[2026-05-18T07:17:53.963+0000] {logging_mixin.py:190} INFO - [2026-05-18T07:17:53.963+0000] {dag.py:4180} INFO - Setting next_dagrun for dataset_consumes_unknown_never_scheduled to None, run_after=None
[2026-05-18T07:17:53.966+0000] {logging_mixin.py:190} INFO - [2026-05-18T07:17:53.966+0000] {dag.py:4180} INFO - Setting next_dagrun for dataset_produces_1 to 2026-05-17 00:00:00+00:00, run_after=2026-05-18 00:00:00+00:00
[2026-05-18T07:17:53.968+0000] {logging_mixin.py:190} INFO - [2026-05-18T07:17:53.967+0000] {dag.py:4180} INFO - Setting next_dagrun for dataset_produces_2 to None, run_after=None
[2026-05-18T07:17:54.026+0000] {processor.py:208} INFO - Processing /home/noelsdavid/airflow_venv/lib/python3.12/site-packages/airflow/example_dags/example_datasets.py took 0.225 seconds
[2026-05-18T07:18:59.673+0000] {processor.py:186} INFO - Started process (PID=17605) to work on /home/noelsdavid/airflow_venv/lib/python3.12/site-packages/airflow/example_dags/example_datasets.py
[2026-05-18T07:18:59.676+0000] {processor.py:914} INFO - Processing file /home/noelsdavid/airflow_venv/lib/python3.12/site-packages/airflow/example_dags/example_datasets.py for tasks to queue
[2026-05-18T07:18:59.678+0000] {logging_mixin.py:190} INFO - [2026-05-18T07:18:59.677+0000] {dagbag.py:588} INFO - Filling up the DagBag from /home/noelsdavid/airflow_venv/lib/python3.12/site-packages/airflow/example_dags/example_datasets.py
[2026-05-18T07:18:59.704+0000] {processor.py:925} INFO - DAG(s) 'dataset_produces_1', 'dataset_consumes_1_and_2', 'dataset_produces_2', 'dataset_consumes_unknown_never_scheduled', 'consume_1_and_2_with_dataset_expressions', 'dataset_consumes_1', 'conditional_dataset_and_time_based_timetable', 'consume_1_or_2_with_dataset_expressions', 'dataset_consumes_1_never_scheduled', 'consume_1_or_both_2_and_3_with_dataset_expressions' retrieved from /home/noelsdavid/airflow_venv/lib/python3.12/site-packages/airflow/example_dags/example_datasets.py
[2026-05-18T07:18:59.759+0000] {logging_mixin.py:190} INFO - [2026-05-18T07:18:59.758+0000] {dag.py:3239} INFO - Sync 10 DAGs
[2026-05-18T07:18:59.791+0000] {logging_mixin.py:190} INFO - [2026-05-18T07:18:59.790+0000] {dag.py:4180} INFO - Setting next_dagrun for conditional_dataset_and_time_based_timetable to 2026-05-13 01:00:00+00:00, run_after=2026-05-13 01:00:00+00:00
[2026-05-18T07:18:59.796+0000] {logging_mixin.py:190} INFO - [2026-05-18T07:18:59.795+0000] {dag.py:4180} INFO - Setting next_dagrun for consume_1_and_2_with_dataset_expressions to None, run_after=None
[2026-05-18T07:18:59.797+0000] {logging_mixin.py:190} INFO - [2026-05-18T07:18:59.797+0000] {dag.py:4180} INFO - Setting next_dagrun for consume_1_or_2_with_dataset_expressions to None, run_after=None
[2026-05-18T07:18:59.798+0000] {logging_mixin.py:190} INFO - [2026-05-18T07:18:59.798+0000] {dag.py:4180} INFO - Setting next_dagrun for consume_1_or_both_2_and_3_with_dataset_expressions to None, run_after=None
[2026-05-18T07:18:59.799+0000] {logging_mixin.py:190} INFO - [2026-05-18T07:18:59.799+0000] {dag.py:4180} INFO - Setting next_dagrun for dataset_consumes_1 to None, run_after=None
[2026-05-18T07:18:59.800+0000] {logging_mixin.py:190} INFO - [2026-05-18T07:18:59.800+0000] {dag.py:4180} INFO - Setting next_dagrun for dataset_consumes_1_and_2 to None, run_after=None
[2026-05-18T07:18:59.801+0000] {logging_mixin.py:190} INFO - [2026-05-18T07:18:59.801+0000] {dag.py:4180} INFO - Setting next_dagrun for dataset_consumes_1_never_scheduled to None, run_after=None
[2026-05-18T07:18:59.802+0000] {logging_mixin.py:190} INFO - [2026-05-18T07:18:59.802+0000] {dag.py:4180} INFO - Setting next_dagrun for dataset_consumes_unknown_never_scheduled to None, run_after=None
[2026-05-18T07:18:59.805+0000] {logging_mixin.py:190} INFO - [2026-05-18T07:18:59.805+0000] {dag.py:4180} INFO - Setting next_dagrun for dataset_produces_1 to 2026-05-17 00:00:00+00:00, run_after=2026-05-18 00:00:00+00:00
[2026-05-18T07:18:59.806+0000] {logging_mixin.py:190} INFO - [2026-05-18T07:18:59.806+0000] {dag.py:4180} INFO - Setting next_dagrun for dataset_produces_2 to None, run_after=None
[2026-05-18T07:18:59.849+0000] {processor.py:208} INFO - Processing /home/noelsdavid/airflow_venv/lib/python3.12/site-packages/airflow/example_dags/example_datasets.py took 0.185 seconds
[2026-05-18T07:20:11.507+0000] {processor.py:186} INFO - Started process (PID=17683) to work on /home/noelsdavid/airflow_venv/lib/python3.12/site-packages/airflow/example_dags/example_datasets.py
[2026-05-18T07:20:11.509+0000] {processor.py:914} INFO - Processing file /home/noelsdavid/airflow_venv/lib/python3.12/site-packages/airflow/example_dags/example_datasets.py for tasks to queue
[2026-05-18T07:20:11.511+0000] {logging_mixin.py:190} INFO - [2026-05-18T07:20:11.511+0000] {dagbag.py:588} INFO - Filling up the DagBag from /home/noelsdavid/airflow_venv/lib/python3.12/site-packages/airflow/example_dags/example_datasets.py
[2026-05-18T07:20:11.535+0000] {processor.py:925} INFO - DAG(s) 'conditional_dataset_and_time_based_timetable', 'dataset_consumes_1_never_scheduled', 'consume_1_or_2_with_dataset_expressions', 'consume_1_or_both_2_and_3_with_dataset_expressions', 'dataset_produces_1', 'dataset_produces_2', 'dataset_consumes_unknown_never_scheduled', 'dataset_consumes_1', 'dataset_consumes_1_and_2', 'consume_1_and_2_with_dataset_expressions' retrieved from /home/noelsdavid/airflow_venv/lib/python3.12/site-packages/airflow/example_dags/example_datasets.py
[2026-05-18T07:20:11.589+0000] {logging_mixin.py:190} INFO - [2026-05-18T07:20:11.589+0000] {dag.py:3239} INFO - Sync 10 DAGs
[2026-05-18T07:20:11.623+0000] {logging_mixin.py:190} INFO - [2026-05-18T07:20:11.623+0000] {dag.py:4180} INFO - Setting next_dagrun for conditional_dataset_and_time_based_timetable to 2026-05-13 01:00:00+00:00, run_after=2026-05-13 01:00:00+00:00
[2026-05-18T07:20:11.629+0000] {logging_mixin.py:190} INFO - [2026-05-18T07:20:11.629+0000] {dag.py:4180} INFO - Setting next_dagrun for consume_1_and_2_with_dataset_expressions to None, run_after=None
[2026-05-18T07:20:11.630+0000] {logging_mixin.py:190} INFO - [2026-05-18T07:20:11.630+0000] {dag.py:4180} INFO - Setting next_dagrun for consume_1_or_2_with_dataset_expressions to None, run_after=None
[2026-05-18T07:20:11.632+0000] {logging_mixin.py:190} INFO - [2026-05-18T07:20:11.631+0000] {dag.py:4180} INFO - Setting next_dagrun for consume_1_or_both_2_and_3_with_dataset_expressions to None, run_after=None
[2026-05-18T07:20:11.633+0000] {logging_mixin.py:190} INFO - [2026-05-18T07:20:11.632+0000] {dag.py:4180} INFO - Setting next_dagrun for dataset_consumes_1 to None, run_after=None
[2026-05-18T07:20:11.634+0000] {logging_mixin.py:190} INFO - [2026-05-18T07:20:11.633+0000] {dag.py:4180} INFO - Setting next_dagrun for dataset_consumes_1_and_2 to None, run_after=None
[2026-05-18T07:20:11.635+0000] {logging_mixin.py:190} INFO - [2026-05-18T07:20:11.634+0000] {dag.py:4180} INFO - Setting next_dagrun for dataset_consumes_1_never_scheduled to None, run_after=None
[2026-05-18T07:20:11.636+0000] {logging_mixin.py:190} INFO - [2026-05-18T07:20:11.635+0000] {dag.py:4180} INFO - Setting next_dagrun for dataset_consumes_unknown_never_scheduled to None, run_after=None
[2026-05-18T07:20:11.638+0000] {logging_mixin.py:190} INFO - [2026-05-18T07:20:11.638+0000] {dag.py:4180} INFO - Setting next_dagrun for dataset_produces_1 to 2026-05-17 00:00:00+00:00, run_after=2026-05-18 00:00:00+00:00
[2026-05-18T07:20:11.640+0000] {logging_mixin.py:190} INFO - [2026-05-18T07:20:11.640+0000] {dag.py:4180} INFO - Setting next_dagrun for dataset_produces_2 to None, run_after=None
[2026-05-18T07:20:11.707+0000] {processor.py:208} INFO - Processing /home/noelsdavid/airflow_venv/lib/python3.12/site-packages/airflow/example_dags/example_datasets.py took 0.209 seconds
[2026-05-18T07:21:24.031+0000] {processor.py:186} INFO - Started process (PID=17786) to work on /home/noelsdavid/airflow_venv/lib/python3.12/site-packages/airflow/example_dags/example_datasets.py
[2026-05-18T07:21:24.034+0000] {processor.py:914} INFO - Processing file /home/noelsdavid/airflow_venv/lib/python3.12/site-packages/airflow/example_dags/example_datasets.py for tasks to queue
[2026-05-18T07:21:24.036+0000] {logging_mixin.py:190} INFO - [2026-05-18T07:21:24.035+0000] {dagbag.py:588} INFO - Filling up the DagBag from /home/noelsdavid/airflow_venv/lib/python3.12/site-packages/airflow/example_dags/example_datasets.py
[2026-05-18T07:21:24.059+0000] {processor.py:925} INFO - DAG(s) 'conditional_dataset_and_time_based_timetable', 'dataset_produces_1', 'dataset_consumes_1_never_scheduled', 'consume_1_or_2_with_dataset_expressions', 'consume_1_or_both_2_and_3_with_dataset_expressions', 'dataset_consumes_1_and_2', 'dataset_consumes_1', 'dataset_produces_2', 'dataset_consumes_unknown_never_scheduled', 'consume_1_and_2_with_dataset_expressions' retrieved from /home/noelsdavid/airflow_venv/lib/python3.12/site-packages/airflow/example_dags/example_datasets.py
[2026-05-18T07:21:24.106+0000] {logging_mixin.py:190} INFO - [2026-05-18T07:21:24.106+0000] {dag.py:3239} INFO - Sync 10 DAGs
[2026-05-18T07:21:24.141+0000] {logging_mixin.py:190} INFO - [2026-05-18T07:21:24.140+0000] {dag.py:4180} INFO - Setting next_dagrun for conditional_dataset_and_time_based_timetable to 2026-05-13 01:00:00+00:00, run_after=2026-05-13 01:00:00+00:00
[2026-05-18T07:21:24.146+0000] {logging_mixin.py:190} INFO - [2026-05-18T07:21:24.146+0000] {dag.py:4180} INFO - Setting next_dagrun for consume_1_and_2_with_dataset_expressions to None, run_after=None
[2026-05-18T07:21:24.148+0000] {logging_mixin.py:190} INFO - [2026-05-18T07:21:24.147+0000] {dag.py:4180} INFO - Setting next_dagrun for consume_1_or_2_with_dataset_expressions to None, run_after=None
[2026-05-18T07:21:24.149+0000] {logging_mixin.py:190} INFO - [2026-05-18T07:21:24.149+0000] {dag.py:4180} INFO - Setting next_dagrun for consume_1_or_both_2_and_3_with_dataset_expressions to None, run_after=None
[2026-05-18T07:21:24.150+0000] {logging_mixin.py:190} INFO - [2026-05-18T07:21:24.150+0000] {dag.py:4180} INFO - Setting next_dagrun for dataset_consumes_1 to None, run_after=None
[2026-05-18T07:21:24.151+0000] {logging_mixin.py:190} INFO - [2026-05-18T07:21:24.151+0000] {dag.py:4180} INFO - Setting next_dagrun for dataset_consumes_1_and_2 to None, run_after=None
[2026-05-18T07:21:24.152+0000] {logging_mixin.py:190} INFO - [2026-05-18T07:21:24.152+0000] {dag.py:4180} INFO - Setting next_dagrun for dataset_consumes_1_never_scheduled to None, run_after=None
[2026-05-18T07:21:24.153+0000] {logging_mixin.py:190} INFO - [2026-05-18T07:21:24.153+0000] {dag.py:4180} INFO - Setting next_dagrun for dataset_consumes_unknown_never_scheduled to None, run_after=None
[2026-05-18T07:21:24.155+0000] {logging_mixin.py:190} INFO - [2026-05-18T07:21:24.155+0000] {dag.py:4180} INFO - Setting next_dagrun for dataset_produces_1 to 2026-05-17 00:00:00+00:00, run_after=2026-05-18 00:00:00+00:00
[2026-05-18T07:21:24.157+0000] {logging_mixin.py:190} INFO - [2026-05-18T07:21:24.157+0000] {dag.py:4180} INFO - Setting next_dagrun for dataset_produces_2 to None, run_after=None
[2026-05-18T07:21:24.202+0000] {processor.py:208} INFO - Processing /home/noelsdavid/airflow_venv/lib/python3.12/site-packages/airflow/example_dags/example_datasets.py took 0.180 seconds
[2026-05-18T07:22:35.505+0000] {processor.py:186} INFO - Started process (PID=17868) to work on /home/noelsdavid/airflow_venv/lib/python3.12/site-packages/airflow/example_dags/example_datasets.py
[2026-05-18T07:22:35.508+0000] {processor.py:914} INFO - Processing file /home/noelsdavid/airflow_venv/lib/python3.12/site-packages/airflow/example_dags/example_datasets.py for tasks to queue
[2026-05-18T07:22:35.510+0000] {logging_mixin.py:190} INFO - [2026-05-18T07:22:35.509+0000] {dagbag.py:588} INFO - Filling up the DagBag from /home/noelsdavid/airflow_venv/lib/python3.12/site-packages/airflow/example_dags/example_datasets.py
[2026-05-18T07:22:35.534+0000] {processor.py:925} INFO - DAG(s) 'dataset_consumes_1', 'consume_1_and_2_with_dataset_expressions', 'dataset_consumes_1_never_scheduled', 'consume_1_or_both_2_and_3_with_dataset_expressions', 'conditional_dataset_and_time_based_timetable', 'dataset_consumes_1_and_2', 'dataset_consumes_unknown_never_scheduled', 'dataset_produces_1', 'dataset_produces_2', 'consume_1_or_2_with_dataset_expressions' retrieved from /home/noelsdavid/airflow_venv/lib/python3.12/site-packages/airflow/example_dags/example_datasets.py
[2026-05-18T07:22:35.584+0000] {logging_mixin.py:190} INFO - [2026-05-18T07:22:35.583+0000] {dag.py:3239} INFO - Sync 10 DAGs
[2026-05-18T07:22:35.616+0000] {logging_mixin.py:190} INFO - [2026-05-18T07:22:35.616+0000] {dag.py:4180} INFO - Setting next_dagrun for conditional_dataset_and_time_based_timetable to 2026-05-13 01:00:00+00:00, run_after=2026-05-13 01:00:00+00:00
[2026-05-18T07:22:35.621+0000] {logging_mixin.py:190} INFO - [2026-05-18T07:22:35.621+0000] {dag.py:4180} INFO - Setting next_dagrun for consume_1_and_2_with_dataset_expressions to None, run_after=None
[2026-05-18T07:22:35.623+0000] {logging_mixin.py:190} INFO - [2026-05-18T07:22:35.623+0000] {dag.py:4180} INFO - Setting next_dagrun for consume_1_or_2_with_dataset_expressions to None, run_after=None
[2026-05-18T07:22:35.625+0000] {logging_mixin.py:190} INFO - [2026-05-18T07:22:35.625+0000] {dag.py:4180} INFO - Setting next_dagrun for consume_1_or_both_2_and_3_with_dataset_expressions to None, run_after=None
[2026-05-18T07:22:35.626+0000] {logging_mixin.py:190} INFO - [2026-05-18T07:22:35.626+0000] {dag.py:4180} INFO - Setting next_dagrun for dataset_consumes_1 to None, run_after=None
[2026-05-18T07:22:35.627+0000] {logging_mixin.py:190} INFO - [2026-05-18T07:22:35.627+0000] {dag.py:4180} INFO - Setting next_dagrun for dataset_consumes_1_and_2 to None, run_after=None
[2026-05-18T07:22:35.629+0000] {logging_mixin.py:190} INFO - [2026-05-18T07:22:35.628+0000] {dag.py:4180} INFO - Setting next_dagrun for dataset_consumes_1_never_scheduled to None, run_after=None
[2026-05-18T07:22:35.630+0000] {logging_mixin.py:190} INFO - [2026-05-18T07:22:35.630+0000] {dag.py:4180} INFO - Setting next_dagrun for dataset_consumes_unknown_never_scheduled to None, run_after=None
[2026-05-18T07:22:35.633+0000] {logging_mixin.py:190} INFO - [2026-05-18T07:22:35.633+0000] {dag.py:4180} INFO - Setting next_dagrun for dataset_produces_1 to 2026-05-17 00:00:00+00:00, run_after=2026-05-18 00:00:00+00:00
[2026-05-18T07:22:35.635+0000] {logging_mixin.py:190} INFO - [2026-05-18T07:22:35.635+0000] {dag.py:4180} INFO - Setting next_dagrun for dataset_produces_2 to None, run_after=None
[2026-05-18T07:22:35.680+0000] {processor.py:208} INFO - Processing /home/noelsdavid/airflow_venv/lib/python3.12/site-packages/airflow/example_dags/example_datasets.py took 0.186 seconds
[2026-05-18T07:23:49.081+0000] {processor.py:186} INFO - Started process (PID=17947) to work on /home/noelsdavid/airflow_venv/lib/python3.12/site-packages/airflow/example_dags/example_datasets.py
[2026-05-18T07:23:49.084+0000] {processor.py:914} INFO - Processing file /home/noelsdavid/airflow_venv/lib/python3.12/site-packages/airflow/example_dags/example_datasets.py for tasks to queue
[2026-05-18T07:23:49.086+0000] {logging_mixin.py:190} INFO - [2026-05-18T07:23:49.085+0000] {dagbag.py:588} INFO - Filling up the DagBag from /home/noelsdavid/airflow_venv/lib/python3.12/site-packages/airflow/example_dags/example_datasets.py
[2026-05-18T07:23:49.111+0000] {processor.py:925} INFO - DAG(s) 'consume_1_or_2_with_dataset_expressions', 'conditional_dataset_and_time_based_timetable', 'dataset_produces_2', 'consume_1_or_both_2_and_3_with_dataset_expressions', 'dataset_consumes_unknown_never_scheduled', 'dataset_produces_1', 'dataset_consumes_1_never_scheduled', 'dataset_consumes_1', 'consume_1_and_2_with_dataset_expressions', 'dataset_consumes_1_and_2' retrieved from /home/noelsdavid/airflow_venv/lib/python3.12/site-packages/airflow/example_dags/example_datasets.py
[2026-05-18T07:23:49.158+0000] {logging_mixin.py:190} INFO - [2026-05-18T07:23:49.157+0000] {dag.py:3239} INFO - Sync 10 DAGs
[2026-05-18T07:23:49.189+0000] {logging_mixin.py:190} INFO - [2026-05-18T07:23:49.188+0000] {dag.py:4180} INFO - Setting next_dagrun for conditional_dataset_and_time_based_timetable to 2026-05-13 01:00:00+00:00, run_after=2026-05-13 01:00:00+00:00
[2026-05-18T07:23:49.193+0000] {logging_mixin.py:190} INFO - [2026-05-18T07:23:49.193+0000] {dag.py:4180} INFO - Setting next_dagrun for consume_1_and_2_with_dataset_expressions to None, run_after=None
[2026-05-18T07:23:49.195+0000] {logging_mixin.py:190} INFO - [2026-05-18T07:23:49.194+0000] {dag.py:4180} INFO - Setting next_dagrun for consume_1_or_2_with_dataset_expressions to None, run_after=None
[2026-05-18T07:23:49.196+0000] {logging_mixin.py:190} INFO - [2026-05-18T07:23:49.196+0000] {dag.py:4180} INFO - Setting next_dagrun for consume_1_or_both_2_and_3_with_dataset_expressions to None, run_after=None
[2026-05-18T07:23:49.197+0000] {logging_mixin.py:190} INFO - [2026-05-18T07:23:49.197+0000] {dag.py:4180} INFO - Setting next_dagrun for dataset_consumes_1 to None, run_after=None
[2026-05-18T07:23:49.198+0000] {logging_mixin.py:190} INFO - [2026-05-18T07:23:49.198+0000] {dag.py:4180} INFO - Setting next_dagrun for dataset_consumes_1_and_2 to None, run_after=None
[2026-05-18T07:23:49.199+0000] {logging_mixin.py:190} INFO - [2026-05-18T07:23:49.199+0000] {dag.py:4180} INFO - Setting next_dagrun for dataset_consumes_1_never_scheduled to None, run_after=None
[2026-05-18T07:23:49.200+0000] {logging_mixin.py:190} INFO - [2026-05-18T07:23:49.200+0000] {dag.py:4180} INFO - Setting next_dagrun for dataset_consumes_unknown_never_scheduled to None, run_after=None
[2026-05-18T07:23:49.203+0000] {logging_mixin.py:190} INFO - [2026-05-18T07:23:49.202+0000] {dag.py:4180} INFO - Setting next_dagrun for dataset_produces_1 to 2026-05-17 00:00:00+00:00, run_after=2026-05-18 00:00:00+00:00
[2026-05-18T07:23:49.204+0000] {logging_mixin.py:190} INFO - [2026-05-18T07:23:49.204+0000] {dag.py:4180} INFO - Setting next_dagrun for dataset_produces_2 to None, run_after=None
[2026-05-18T07:23:49.249+0000] {processor.py:208} INFO - Processing /home/noelsdavid/airflow_venv/lib/python3.12/site-packages/airflow/example_dags/example_datasets.py took 0.177 seconds
[2026-05-18T07:25:02.637+0000] {processor.py:186} INFO - Started process (PID=18027) to work on /home/noelsdavid/airflow_venv/lib/python3.12/site-packages/airflow/example_dags/example_datasets.py
[2026-05-18T07:25:02.640+0000] {processor.py:914} INFO - Processing file /home/noelsdavid/airflow_venv/lib/python3.12/site-packages/airflow/example_dags/example_datasets.py for tasks to queue
[2026-05-18T07:25:02.644+0000] {logging_mixin.py:190} INFO - [2026-05-18T07:25:02.642+0000] {dagbag.py:588} INFO - Filling up the DagBag from /home/noelsdavid/airflow_venv/lib/python3.12/site-packages/airflow/example_dags/example_datasets.py
[2026-05-18T07:25:02.676+0000] {processor.py:925} INFO - DAG(s) 'dataset_produces_1', 'consume_1_or_both_2_and_3_with_dataset_expressions', 'dataset_consumes_1_never_scheduled', 'dataset_produces_2', 'dataset_consumes_1', 'consume_1_or_2_with_dataset_expressions', 'dataset_consumes_1_and_2', 'dataset_consumes_unknown_never_scheduled', 'consume_1_and_2_with_dataset_expressions', 'conditional_dataset_and_time_based_timetable' retrieved from /home/noelsdavid/airflow_venv/lib/python3.12/site-packages/airflow/example_dags/example_datasets.py
[2026-05-18T07:25:02.732+0000] {logging_mixin.py:190} INFO - [2026-05-18T07:25:02.731+0000] {dag.py:3239} INFO - Sync 10 DAGs
[2026-05-18T07:25:02.769+0000] {logging_mixin.py:190} INFO - [2026-05-18T07:25:02.768+0000] {dag.py:4180} INFO - Setting next_dagrun for conditional_dataset_and_time_based_timetable to 2026-05-13 01:00:00+00:00, run_after=2026-05-13 01:00:00+00:00
[2026-05-18T07:25:02.776+0000] {logging_mixin.py:190} INFO - [2026-05-18T07:25:02.776+0000] {dag.py:4180} INFO - Setting next_dagrun for consume_1_and_2_with_dataset_expressions to None, run_after=None
[2026-05-18T07:25:02.779+0000] {logging_mixin.py:190} INFO - [2026-05-18T07:25:02.779+0000] {dag.py:4180} INFO - Setting next_dagrun for consume_1_or_2_with_dataset_expressions to None, run_after=None
[2026-05-18T07:25:02.782+0000] {logging_mixin.py:190} INFO - [2026-05-18T07:25:02.782+0000] {dag.py:4180} INFO - Setting next_dagrun for consume_1_or_both_2_and_3_with_dataset_expressions to None, run_after=None
[2026-05-18T07:25:02.785+0000] {logging_mixin.py:190} INFO - [2026-05-18T07:25:02.785+0000] {dag.py:4180} INFO - Setting next_dagrun for dataset_consumes_1 to None, run_after=None
[2026-05-18T07:25:02.789+0000] {logging_mixin.py:190} INFO - [2026-05-18T07:25:02.789+0000] {dag.py:4180} INFO - Setting next_dagrun for dataset_consumes_1_and_2 to None, run_after=None
[2026-05-18T07:25:02.791+0000] {logging_mixin.py:190} INFO - [2026-05-18T07:25:02.790+0000] {dag.py:4180} INFO - Setting next_dagrun for dataset_consumes_1_never_scheduled to None, run_after=None
[2026-05-18T07:25:02.794+0000] {logging_mixin.py:190} INFO - [2026-05-18T07:25:02.793+0000] {dag.py:4180} INFO - Setting next_dagrun for dataset_consumes_unknown_never_scheduled to None, run_after=None
[2026-05-18T07:25:02.797+0000] {logging_mixin.py:190} INFO - [2026-05-18T07:25:02.797+0000] {dag.py:4180} INFO - Setting next_dagrun for dataset_produces_1 to 2026-05-17 00:00:00+00:00, run_after=2026-05-18 00:00:00+00:00
[2026-05-18T07:25:02.799+0000] {logging_mixin.py:190} INFO - [2026-05-18T07:25:02.798+0000] {dag.py:4180} INFO - Setting next_dagrun for dataset_produces_2 to None, run_after=None
[2026-05-18T07:25:02.850+0000] {processor.py:208} INFO - Processing /home/noelsdavid/airflow_venv/lib/python3.12/site-packages/airflow/example_dags/example_datasets.py took 0.224 seconds
[2026-05-18T07:26:07.618+0000] {processor.py:186} INFO - Started process (PID=18123) to work on /home/noelsdavid/airflow_venv/lib/python3.12/site-packages/airflow/example_dags/example_datasets.py
[2026-05-18T07:26:07.620+0000] {processor.py:914} INFO - Processing file /home/noelsdavid/airflow_venv/lib/python3.12/site-packages/airflow/example_dags/example_datasets.py for tasks to queue
[2026-05-18T07:26:07.623+0000] {logging_mixin.py:190} INFO - [2026-05-18T07:26:07.622+0000] {dagbag.py:588} INFO - Filling up the DagBag from /home/noelsdavid/airflow_venv/lib/python3.12/site-packages/airflow/example_dags/example_datasets.py
[2026-05-18T07:26:07.646+0000] {processor.py:925} INFO - DAG(s) 'consume_1_or_both_2_and_3_with_dataset_expressions', 'dataset_consumes_1', 'consume_1_and_2_with_dataset_expressions', 'dataset_produces_2', 'dataset_consumes_1_and_2', 'dataset_consumes_1_never_scheduled', 'conditional_dataset_and_time_based_timetable', 'dataset_consumes_unknown_never_scheduled', 'consume_1_or_2_with_dataset_expressions', 'dataset_produces_1' retrieved from /home/noelsdavid/airflow_venv/lib/python3.12/site-packages/airflow/example_dags/example_datasets.py
[2026-05-18T07:26:07.696+0000] {logging_mixin.py:190} INFO - [2026-05-18T07:26:07.696+0000] {dag.py:3239} INFO - Sync 10 DAGs
[2026-05-18T07:26:07.727+0000] {logging_mixin.py:190} INFO - [2026-05-18T07:26:07.727+0000] {dag.py:4180} INFO - Setting next_dagrun for conditional_dataset_and_time_based_timetable to 2026-05-13 01:00:00+00:00, run_after=2026-05-13 01:00:00+00:00
[2026-05-18T07:26:07.732+0000] {logging_mixin.py:190} INFO - [2026-05-18T07:26:07.731+0000] {dag.py:4180} INFO - Setting next_dagrun for consume_1_and_2_with_dataset_expressions to None, run_after=None
[2026-05-18T07:26:07.733+0000] {logging_mixin.py:190} INFO - [2026-05-18T07:26:07.733+0000] {dag.py:4180} INFO - Setting next_dagrun for consume_1_or_2_with_dataset_expressions to None, run_after=None
[2026-05-18T07:26:07.734+0000] {logging_mixin.py:190} INFO - [2026-05-18T07:26:07.734+0000] {dag.py:4180} INFO - Setting next_dagrun for consume_1_or_both_2_and_3_with_dataset_expressions to None, run_after=None
[2026-05-18T07:26:07.735+0000] {logging_mixin.py:190} INFO - [2026-05-18T07:26:07.735+0000] {dag.py:4180} INFO - Setting next_dagrun for dataset_consumes_1 to None, run_after=None
[2026-05-18T07:26:07.737+0000] {logging_mixin.py:190} INFO - [2026-05-18T07:26:07.736+0000] {dag.py:4180} INFO - Setting next_dagrun for dataset_consumes_1_and_2 to None, run_after=None
[2026-05-18T07:26:07.738+0000] {logging_mixin.py:190} INFO - [2026-05-18T07:26:07.737+0000] {dag.py:4180} INFO - Setting next_dagrun for dataset_consumes_1_never_scheduled to None, run_after=None
[2026-05-18T07:26:07.739+0000] {logging_mixin.py:190} INFO - [2026-05-18T07:26:07.738+0000] {dag.py:4180} INFO - Setting next_dagrun for dataset_consumes_unknown_never_scheduled to None, run_after=None
[2026-05-18T07:26:07.741+0000] {logging_mixin.py:190} INFO - [2026-05-18T07:26:07.741+0000] {dag.py:4180} INFO - Setting next_dagrun for dataset_produces_1 to 2026-05-17 00:00:00+00:00, run_after=2026-05-18 00:00:00+00:00
[2026-05-18T07:26:07.742+0000] {logging_mixin.py:190} INFO - [2026-05-18T07:26:07.742+0000] {dag.py:4180} INFO - Setting next_dagrun for dataset_produces_2 to None, run_after=None
[2026-05-18T07:26:07.784+0000] {processor.py:208} INFO - Processing /home/noelsdavid/airflow_venv/lib/python3.12/site-packages/airflow/example_dags/example_datasets.py took 0.177 seconds
[2026-05-18T07:27:17.938+0000] {processor.py:186} INFO - Started process (PID=18200) to work on /home/noelsdavid/airflow_venv/lib/python3.12/site-packages/airflow/example_dags/example_datasets.py
[2026-05-18T07:27:17.940+0000] {processor.py:914} INFO - Processing file /home/noelsdavid/airflow_venv/lib/python3.12/site-packages/airflow/example_dags/example_datasets.py for tasks to queue
[2026-05-18T07:27:17.942+0000] {logging_mixin.py:190} INFO - [2026-05-18T07:27:17.941+0000] {dagbag.py:588} INFO - Filling up the DagBag from /home/noelsdavid/airflow_venv/lib/python3.12/site-packages/airflow/example_dags/example_datasets.py
[2026-05-18T07:27:17.967+0000] {processor.py:925} INFO - DAG(s) 'dataset_consumes_1_never_scheduled', 'consume_1_or_2_with_dataset_expressions', 'dataset_consumes_1_and_2', 'consume_1_or_both_2_and_3_with_dataset_expressions', 'dataset_consumes_1', 'consume_1_and_2_with_dataset_expressions', 'dataset_consumes_unknown_never_scheduled', 'dataset_produces_2', 'dataset_produces_1', 'conditional_dataset_and_time_based_timetable' retrieved from /home/noelsdavid/airflow_venv/lib/python3.12/site-packages/airflow/example_dags/example_datasets.py
[2026-05-18T07:27:18.014+0000] {logging_mixin.py:190} INFO - [2026-05-18T07:27:18.014+0000] {dag.py:3239} INFO - Sync 10 DAGs
[2026-05-18T07:27:18.046+0000] {logging_mixin.py:190} INFO - [2026-05-18T07:27:18.045+0000] {dag.py:4180} INFO - Setting next_dagrun for conditional_dataset_and_time_based_timetable to 2026-05-13 01:00:00+00:00, run_after=2026-05-13 01:00:00+00:00
[2026-05-18T07:27:18.050+0000] {logging_mixin.py:190} INFO - [2026-05-18T07:27:18.050+0000] {dag.py:4180} INFO - Setting next_dagrun for consume_1_and_2_with_dataset_expressions to None, run_after=None
[2026-05-18T07:27:18.052+0000] {logging_mixin.py:190} INFO - [2026-05-18T07:27:18.051+0000] {dag.py:4180} INFO - Setting next_dagrun for consume_1_or_2_with_dataset_expressions to None, run_after=None
[2026-05-18T07:27:18.053+0000] {logging_mixin.py:190} INFO - [2026-05-18T07:27:18.053+0000] {dag.py:4180} INFO - Setting next_dagrun for consume_1_or_both_2_and_3_with_dataset_expressions to None, run_after=None
[2026-05-18T07:27:18.054+0000] {logging_mixin.py:190} INFO - [2026-05-18T07:27:18.054+0000] {dag.py:4180} INFO - Setting next_dagrun for dataset_consumes_1 to None, run_after=None
[2026-05-18T07:27:18.055+0000] {logging_mixin.py:190} INFO - [2026-05-18T07:27:18.055+0000] {dag.py:4180} INFO - Setting next_dagrun for dataset_consumes_1_and_2 to None, run_after=None
[2026-05-18T07:27:18.057+0000] {logging_mixin.py:190} INFO - [2026-05-18T07:27:18.056+0000] {dag.py:4180} INFO - Setting next_dagrun for dataset_consumes_1_never_scheduled to None, run_after=None
[2026-05-18T07:27:18.058+0000] {logging_mixin.py:190} INFO - [2026-05-18T07:27:18.057+0000] {dag.py:4180} INFO - Setting next_dagrun for dataset_consumes_unknown_never_scheduled to None, run_after=None
[2026-05-18T07:27:18.060+0000] {logging_mixin.py:190} INFO - [2026-05-18T07:27:18.060+0000] {dag.py:4180} INFO - Setting next_dagrun for dataset_produces_1 to 2026-05-17 00:00:00+00:00, run_after=2026-05-18 00:00:00+00:00
[2026-05-18T07:27:18.062+0000] {logging_mixin.py:190} INFO - [2026-05-18T07:27:18.062+0000] {dag.py:4180} INFO - Setting next_dagrun for dataset_produces_2 to None, run_after=None
[2026-05-18T07:27:18.105+0000] {processor.py:208} INFO - Processing /home/noelsdavid/airflow_venv/lib/python3.12/site-packages/airflow/example_dags/example_datasets.py took 0.177 seconds
[2026-05-18T07:28:29.408+0000] {processor.py:186} INFO - Started process (PID=18278) to work on /home/noelsdavid/airflow_venv/lib/python3.12/site-packages/airflow/example_dags/example_datasets.py
[2026-05-18T07:28:29.411+0000] {processor.py:914} INFO - Processing file /home/noelsdavid/airflow_venv/lib/python3.12/site-packages/airflow/example_dags/example_datasets.py for tasks to queue
[2026-05-18T07:28:29.414+0000] {logging_mixin.py:190} INFO - [2026-05-18T07:28:29.413+0000] {dagbag.py:588} INFO - Filling up the DagBag from /home/noelsdavid/airflow_venv/lib/python3.12/site-packages/airflow/example_dags/example_datasets.py
[2026-05-18T07:28:29.439+0000] {processor.py:925} INFO - DAG(s) 'consume_1_or_2_with_dataset_expressions', 'dataset_produces_2', 'dataset_consumes_1_and_2', 'dataset_consumes_unknown_never_scheduled', 'conditional_dataset_and_time_based_timetable', 'dataset_consumes_1_never_scheduled', 'dataset_consumes_1', 'consume_1_and_2_with_dataset_expressions', 'dataset_produces_1', 'consume_1_or_both_2_and_3_with_dataset_expressions' retrieved from /home/noelsdavid/airflow_venv/lib/python3.12/site-packages/airflow/example_dags/example_datasets.py
[2026-05-18T07:28:29.490+0000] {logging_mixin.py:190} INFO - [2026-05-18T07:28:29.489+0000] {dag.py:3239} INFO - Sync 10 DAGs
[2026-05-18T07:28:29.523+0000] {logging_mixin.py:190} INFO - [2026-05-18T07:28:29.523+0000] {dag.py:4180} INFO - Setting next_dagrun for conditional_dataset_and_time_based_timetable to 2026-05-13 01:00:00+00:00, run_after=2026-05-13 01:00:00+00:00
[2026-05-18T07:28:29.528+0000] {logging_mixin.py:190} INFO - [2026-05-18T07:28:29.528+0000] {dag.py:4180} INFO - Setting next_dagrun for consume_1_and_2_with_dataset_expressions to None, run_after=None
[2026-05-18T07:28:29.529+0000] {logging_mixin.py:190} INFO - [2026-05-18T07:28:29.529+0000] {dag.py:4180} INFO - Setting next_dagrun for consume_1_or_2_with_dataset_expressions to None, run_after=None
[2026-05-18T07:28:29.531+0000] {logging_mixin.py:190} INFO - [2026-05-18T07:28:29.530+0000] {dag.py:4180} INFO - Setting next_dagrun for consume_1_or_both_2_and_3_with_dataset_expressions to None, run_after=None
[2026-05-18T07:28:29.532+0000] {logging_mixin.py:190} INFO - [2026-05-18T07:28:29.532+0000] {dag.py:4180} INFO - Setting next_dagrun for dataset_consumes_1 to None, run_after=None
[2026-05-18T07:28:29.533+0000] {logging_mixin.py:190} INFO - [2026-05-18T07:28:29.533+0000] {dag.py:4180} INFO - Setting next_dagrun for dataset_consumes_1_and_2 to None, run_after=None
[2026-05-18T07:28:29.534+0000] {logging_mixin.py:190} INFO - [2026-05-18T07:28:29.534+0000] {dag.py:4180} INFO - Setting next_dagrun for dataset_consumes_1_never_scheduled to None, run_after=None
[2026-05-18T07:28:29.535+0000] {logging_mixin.py:190} INFO - [2026-05-18T07:28:29.535+0000] {dag.py:4180} INFO - Setting next_dagrun for dataset_consumes_unknown_never_scheduled to None, run_after=None
[2026-05-18T07:28:29.538+0000] {logging_mixin.py:190} INFO - [2026-05-18T07:28:29.538+0000] {dag.py:4180} INFO - Setting next_dagrun for dataset_produces_1 to 2026-05-17 00:00:00+00:00, run_after=2026-05-18 00:00:00+00:00
[2026-05-18T07:28:29.540+0000] {logging_mixin.py:190} INFO - [2026-05-18T07:28:29.539+0000] {dag.py:4180} INFO - Setting next_dagrun for dataset_produces_2 to None, run_after=None
[2026-05-18T07:28:29.586+0000] {processor.py:208} INFO - Processing /home/noelsdavid/airflow_venv/lib/python3.12/site-packages/airflow/example_dags/example_datasets.py took 0.187 seconds
[2026-05-18T07:29:42.138+0000] {processor.py:186} INFO - Started process (PID=18357) to work on /home/noelsdavid/airflow_venv/lib/python3.12/site-packages/airflow/example_dags/example_datasets.py
[2026-05-18T07:29:42.141+0000] {processor.py:914} INFO - Processing file /home/noelsdavid/airflow_venv/lib/python3.12/site-packages/airflow/example_dags/example_datasets.py for tasks to queue
[2026-05-18T07:29:42.143+0000] {logging_mixin.py:190} INFO - [2026-05-18T07:29:42.142+0000] {dagbag.py:588} INFO - Filling up the DagBag from /home/noelsdavid/airflow_venv/lib/python3.12/site-packages/airflow/example_dags/example_datasets.py
[2026-05-18T07:29:42.170+0000] {processor.py:925} INFO - DAG(s) 'consume_1_or_both_2_and_3_with_dataset_expressions', 'conditional_dataset_and_time_based_timetable', 'consume_1_and_2_with_dataset_expressions', 'dataset_produces_2', 'consume_1_or_2_with_dataset_expressions', 'dataset_consumes_1', 'dataset_consumes_unknown_never_scheduled', 'dataset_consumes_1_and_2', 'dataset_consumes_1_never_scheduled', 'dataset_produces_1' retrieved from /home/noelsdavid/airflow_venv/lib/python3.12/site-packages/airflow/example_dags/example_datasets.py
[2026-05-18T07:29:42.220+0000] {logging_mixin.py:190} INFO - [2026-05-18T07:29:42.219+0000] {dag.py:3239} INFO - Sync 10 DAGs
[2026-05-18T07:29:42.251+0000] {logging_mixin.py:190} INFO - [2026-05-18T07:29:42.250+0000] {dag.py:4180} INFO - Setting next_dagrun for conditional_dataset_and_time_based_timetable to 2026-05-13 01:00:00+00:00, run_after=2026-05-13 01:00:00+00:00
[2026-05-18T07:29:42.256+0000] {logging_mixin.py:190} INFO - [2026-05-18T07:29:42.255+0000] {dag.py:4180} INFO - Setting next_dagrun for consume_1_and_2_with_dataset_expressions to None, run_after=None
[2026-05-18T07:29:42.257+0000] {logging_mixin.py:190} INFO - [2026-05-18T07:29:42.257+0000] {dag.py:4180} INFO - Setting next_dagrun for consume_1_or_2_with_dataset_expressions to None, run_after=None
[2026-05-18T07:29:42.258+0000] {logging_mixin.py:190} INFO - [2026-05-18T07:29:42.258+0000] {dag.py:4180} INFO - Setting next_dagrun for consume_1_or_both_2_and_3_with_dataset_expressions to None, run_after=None
[2026-05-18T07:29:42.259+0000] {logging_mixin.py:190} INFO - [2026-05-18T07:29:42.259+0000] {dag.py:4180} INFO - Setting next_dagrun for dataset_consumes_1 to None, run_after=None
[2026-05-18T07:29:42.260+0000] {logging_mixin.py:190} INFO - [2026-05-18T07:29:42.260+0000] {dag.py:4180} INFO - Setting next_dagrun for dataset_consumes_1_and_2 to None, run_after=None
[2026-05-18T07:29:42.261+0000] {logging_mixin.py:190} INFO - [2026-05-18T07:29:42.261+0000] {dag.py:4180} INFO - Setting next_dagrun for dataset_consumes_1_never_scheduled to None, run_after=None
[2026-05-18T07:29:42.262+0000] {logging_mixin.py:190} INFO - [2026-05-18T07:29:42.262+0000] {dag.py:4180} INFO - Setting next_dagrun for dataset_consumes_unknown_never_scheduled to None, run_after=None
[2026-05-18T07:29:42.265+0000] {logging_mixin.py:190} INFO - [2026-05-18T07:29:42.264+0000] {dag.py:4180} INFO - Setting next_dagrun for dataset_produces_1 to 2026-05-17 00:00:00+00:00, run_after=2026-05-18 00:00:00+00:00
[2026-05-18T07:29:42.266+0000] {logging_mixin.py:190} INFO - [2026-05-18T07:29:42.266+0000] {dag.py:4180} INFO - Setting next_dagrun for dataset_produces_2 to None, run_after=None
[2026-05-18T07:29:42.310+0000] {processor.py:208} INFO - Processing /home/noelsdavid/airflow_venv/lib/python3.12/site-packages/airflow/example_dags/example_datasets.py took 0.181 seconds
[2026-05-18T07:30:52.127+0000] {processor.py:186} INFO - Started process (PID=18464) to work on /home/noelsdavid/airflow_venv/lib/python3.12/site-packages/airflow/example_dags/example_datasets.py
[2026-05-18T07:30:52.130+0000] {processor.py:914} INFO - Processing file /home/noelsdavid/airflow_venv/lib/python3.12/site-packages/airflow/example_dags/example_datasets.py for tasks to queue
[2026-05-18T07:30:52.132+0000] {logging_mixin.py:190} INFO - [2026-05-18T07:30:52.132+0000] {dagbag.py:588} INFO - Filling up the DagBag from /home/noelsdavid/airflow_venv/lib/python3.12/site-packages/airflow/example_dags/example_datasets.py
[2026-05-18T07:30:52.157+0000] {processor.py:925} INFO - DAG(s) 'dataset_consumes_1_and_2', 'conditional_dataset_and_time_based_timetable', 'dataset_consumes_1_never_scheduled', 'dataset_produces_2', 'consume_1_and_2_with_dataset_expressions', 'consume_1_or_2_with_dataset_expressions', 'dataset_consumes_unknown_never_scheduled', 'consume_1_or_both_2_and_3_with_dataset_expressions', 'dataset_consumes_1', 'dataset_produces_1' retrieved from /home/noelsdavid/airflow_venv/lib/python3.12/site-packages/airflow/example_dags/example_datasets.py
[2026-05-18T07:30:52.208+0000] {logging_mixin.py:190} INFO - [2026-05-18T07:30:52.207+0000] {dag.py:3239} INFO - Sync 10 DAGs
[2026-05-18T07:30:52.239+0000] {logging_mixin.py:190} INFO - [2026-05-18T07:30:52.239+0000] {dag.py:4180} INFO - Setting next_dagrun for conditional_dataset_and_time_based_timetable to 2026-05-13 01:00:00+00:00, run_after=2026-05-13 01:00:00+00:00
[2026-05-18T07:30:52.245+0000] {logging_mixin.py:190} INFO - [2026-05-18T07:30:52.244+0000] {dag.py:4180} INFO - Setting next_dagrun for consume_1_and_2_with_dataset_expressions to None, run_after=None
[2026-05-18T07:30:52.246+0000] {logging_mixin.py:190} INFO - [2026-05-18T07:30:52.246+0000] {dag.py:4180} INFO - Setting next_dagrun for consume_1_or_2_with_dataset_expressions to None, run_after=None
[2026-05-18T07:30:52.248+0000] {logging_mixin.py:190} INFO - [2026-05-18T07:30:52.247+0000] {dag.py:4180} INFO - Setting next_dagrun for consume_1_or_both_2_and_3_with_dataset_expressions to None, run_after=None
[2026-05-18T07:30:52.249+0000] {logging_mixin.py:190} INFO - [2026-05-18T07:30:52.249+0000] {dag.py:4180} INFO - Setting next_dagrun for dataset_consumes_1 to None, run_after=None
[2026-05-18T07:30:52.250+0000] {logging_mixin.py:190} INFO - [2026-05-18T07:30:52.250+0000] {dag.py:4180} INFO - Setting next_dagrun for dataset_consumes_1_and_2 to None, run_after=None
[2026-05-18T07:30:52.251+0000] {logging_mixin.py:190} INFO - [2026-05-18T07:30:52.251+0000] {dag.py:4180} INFO - Setting next_dagrun for dataset_consumes_1_never_scheduled to None, run_after=None
[2026-05-18T07:30:52.252+0000] {logging_mixin.py:190} INFO - [2026-05-18T07:30:52.252+0000] {dag.py:4180} INFO - Setting next_dagrun for dataset_consumes_unknown_never_scheduled to None, run_after=None
[2026-05-18T07:30:52.254+0000] {logging_mixin.py:190} INFO - [2026-05-18T07:30:52.254+0000] {dag.py:4180} INFO - Setting next_dagrun for dataset_produces_1 to 2026-05-17 00:00:00+00:00, run_after=2026-05-18 00:00:00+00:00
[2026-05-18T07:30:52.256+0000] {logging_mixin.py:190} INFO - [2026-05-18T07:30:52.255+0000] {dag.py:4180} INFO - Setting next_dagrun for dataset_produces_2 to None, run_after=None
[2026-05-18T07:30:52.302+0000] {processor.py:208} INFO - Processing /home/noelsdavid/airflow_venv/lib/python3.12/site-packages/airflow/example_dags/example_datasets.py took 0.184 seconds
[2026-05-18T07:32:03.402+0000] {processor.py:186} INFO - Started process (PID=18542) to work on /home/noelsdavid/airflow_venv/lib/python3.12/site-packages/airflow/example_dags/example_datasets.py
[2026-05-18T07:32:03.405+0000] {processor.py:914} INFO - Processing file /home/noelsdavid/airflow_venv/lib/python3.12/site-packages/airflow/example_dags/example_datasets.py for tasks to queue
[2026-05-18T07:32:03.408+0000] {logging_mixin.py:190} INFO - [2026-05-18T07:32:03.407+0000] {dagbag.py:588} INFO - Filling up the DagBag from /home/noelsdavid/airflow_venv/lib/python3.12/site-packages/airflow/example_dags/example_datasets.py
[2026-05-18T07:32:03.432+0000] {processor.py:925} INFO - DAG(s) 'dataset_consumes_1_never_scheduled', 'dataset_consumes_unknown_never_scheduled', 'consume_1_or_2_with_dataset_expressions', 'consume_1_and_2_with_dataset_expressions', 'consume_1_or_both_2_and_3_with_dataset_expressions', 'dataset_produces_2', 'dataset_consumes_1', 'dataset_produces_1', 'dataset_consumes_1_and_2', 'conditional_dataset_and_time_based_timetable' retrieved from /home/noelsdavid/airflow_venv/lib/python3.12/site-packages/airflow/example_dags/example_datasets.py
[2026-05-18T07:32:03.482+0000] {logging_mixin.py:190} INFO - [2026-05-18T07:32:03.482+0000] {dag.py:3239} INFO - Sync 10 DAGs
[2026-05-18T07:32:03.513+0000] {logging_mixin.py:190} INFO - [2026-05-18T07:32:03.513+0000] {dag.py:4180} INFO - Setting next_dagrun for conditional_dataset_and_time_based_timetable to 2026-05-13 01:00:00+00:00, run_after=2026-05-13 01:00:00+00:00
[2026-05-18T07:32:03.518+0000] {logging_mixin.py:190} INFO - [2026-05-18T07:32:03.518+0000] {dag.py:4180} INFO - Setting next_dagrun for consume_1_and_2_with_dataset_expressions to None, run_after=None
[2026-05-18T07:32:03.519+0000] {logging_mixin.py:190} INFO - [2026-05-18T07:32:03.519+0000] {dag.py:4180} INFO - Setting next_dagrun for consume_1_or_2_with_dataset_expressions to None, run_after=None
[2026-05-18T07:32:03.521+0000] {logging_mixin.py:190} INFO - [2026-05-18T07:32:03.520+0000] {dag.py:4180} INFO - Setting next_dagrun for consume_1_or_both_2_and_3_with_dataset_expressions to None, run_after=None
[2026-05-18T07:32:03.522+0000] {logging_mixin.py:190} INFO - [2026-05-18T07:32:03.522+0000] {dag.py:4180} INFO - Setting next_dagrun for dataset_consumes_1 to None, run_after=None
[2026-05-18T07:32:03.523+0000] {logging_mixin.py:190} INFO - [2026-05-18T07:32:03.523+0000] {dag.py:4180} INFO - Setting next_dagrun for dataset_consumes_1_and_2 to None, run_after=None
[2026-05-18T07:32:03.524+0000] {logging_mixin.py:190} INFO - [2026-05-18T07:32:03.524+0000] {dag.py:4180} INFO - Setting next_dagrun for dataset_consumes_1_never_scheduled to None, run_after=None
[2026-05-18T07:32:03.525+0000] {logging_mixin.py:190} INFO - [2026-05-18T07:32:03.525+0000] {dag.py:4180} INFO - Setting next_dagrun for dataset_consumes_unknown_never_scheduled to None, run_after=None
[2026-05-18T07:32:03.528+0000] {logging_mixin.py:190} INFO - [2026-05-18T07:32:03.527+0000] {dag.py:4180} INFO - Setting next_dagrun for dataset_produces_1 to 2026-05-17 00:00:00+00:00, run_after=2026-05-18 00:00:00+00:00
[2026-05-18T07:32:03.529+0000] {logging_mixin.py:190} INFO - [2026-05-18T07:32:03.529+0000] {dag.py:4180} INFO - Setting next_dagrun for dataset_produces_2 to None, run_after=None
[2026-05-18T07:32:03.574+0000] {processor.py:208} INFO - Processing /home/noelsdavid/airflow_venv/lib/python3.12/site-packages/airflow/example_dags/example_datasets.py took 0.181 seconds
[2026-05-18T07:33:12.333+0000] {processor.py:186} INFO - Started process (PID=18619) to work on /home/noelsdavid/airflow_venv/lib/python3.12/site-packages/airflow/example_dags/example_datasets.py
[2026-05-18T07:33:12.336+0000] {processor.py:914} INFO - Processing file /home/noelsdavid/airflow_venv/lib/python3.12/site-packages/airflow/example_dags/example_datasets.py for tasks to queue
[2026-05-18T07:33:12.338+0000] {logging_mixin.py:190} INFO - [2026-05-18T07:33:12.337+0000] {dagbag.py:588} INFO - Filling up the DagBag from /home/noelsdavid/airflow_venv/lib/python3.12/site-packages/airflow/example_dags/example_datasets.py
[2026-05-18T07:33:12.366+0000] {processor.py:925} INFO - DAG(s) 'consume_1_and_2_with_dataset_expressions', 'consume_1_or_2_with_dataset_expressions', 'conditional_dataset_and_time_based_timetable', 'dataset_produces_1', 'dataset_consumes_1_never_scheduled', 'dataset_produces_2', 'dataset_consumes_unknown_never_scheduled', 'dataset_consumes_1', 'consume_1_or_both_2_and_3_with_dataset_expressions', 'dataset_consumes_1_and_2' retrieved from /home/noelsdavid/airflow_venv/lib/python3.12/site-packages/airflow/example_dags/example_datasets.py
[2026-05-18T07:33:12.424+0000] {logging_mixin.py:190} INFO - [2026-05-18T07:33:12.423+0000] {dag.py:3239} INFO - Sync 10 DAGs
[2026-05-18T07:33:12.462+0000] {logging_mixin.py:190} INFO - [2026-05-18T07:33:12.462+0000] {dag.py:4180} INFO - Setting next_dagrun for conditional_dataset_and_time_based_timetable to 2026-05-13 01:00:00+00:00, run_after=2026-05-13 01:00:00+00:00
[2026-05-18T07:33:12.467+0000] {logging_mixin.py:190} INFO - [2026-05-18T07:33:12.467+0000] {dag.py:4180} INFO - Setting next_dagrun for consume_1_and_2_with_dataset_expressions to None, run_after=None
[2026-05-18T07:33:12.469+0000] {logging_mixin.py:190} INFO - [2026-05-18T07:33:12.469+0000] {dag.py:4180} INFO - Setting next_dagrun for consume_1_or_2_with_dataset_expressions to None, run_after=None
[2026-05-18T07:33:12.470+0000] {logging_mixin.py:190} INFO - [2026-05-18T07:33:12.470+0000] {dag.py:4180} INFO - Setting next_dagrun for consume_1_or_both_2_and_3_with_dataset_expressions to None, run_after=None
[2026-05-18T07:33:12.471+0000] {logging_mixin.py:190} INFO - [2026-05-18T07:33:12.471+0000] {dag.py:4180} INFO - Setting next_dagrun for dataset_consumes_1 to None, run_after=None
[2026-05-18T07:33:12.472+0000] {logging_mixin.py:190} INFO - [2026-05-18T07:33:12.472+0000] {dag.py:4180} INFO - Setting next_dagrun for dataset_consumes_1_and_2 to None, run_after=None
[2026-05-18T07:33:12.473+0000] {logging_mixin.py:190} INFO - [2026-05-18T07:33:12.473+0000] {dag.py:4180} INFO - Setting next_dagrun for dataset_consumes_1_never_scheduled to None, run_after=None
[2026-05-18T07:33:12.475+0000] {logging_mixin.py:190} INFO - [2026-05-18T07:33:12.474+0000] {dag.py:4180} INFO - Setting next_dagrun for dataset_consumes_unknown_never_scheduled to None, run_after=None
[2026-05-18T07:33:12.477+0000] {logging_mixin.py:190} INFO - [2026-05-18T07:33:12.477+0000] {dag.py:4180} INFO - Setting next_dagrun for dataset_produces_1 to 2026-05-17 00:00:00+00:00, run_after=2026-05-18 00:00:00+00:00
[2026-05-18T07:33:12.478+0000] {logging_mixin.py:190} INFO - [2026-05-18T07:33:12.478+0000] {dag.py:4180} INFO - Setting next_dagrun for dataset_produces_2 to None, run_after=None
[2026-05-18T07:33:12.527+0000] {processor.py:208} INFO - Processing /home/noelsdavid/airflow_venv/lib/python3.12/site-packages/airflow/example_dags/example_datasets.py took 0.205 seconds
[2026-05-18T07:34:20.645+0000] {processor.py:186} INFO - Started process (PID=18695) to work on /home/noelsdavid/airflow_venv/lib/python3.12/site-packages/airflow/example_dags/example_datasets.py
[2026-05-18T07:34:20.648+0000] {processor.py:914} INFO - Processing file /home/noelsdavid/airflow_venv/lib/python3.12/site-packages/airflow/example_dags/example_datasets.py for tasks to queue
[2026-05-18T07:34:20.650+0000] {logging_mixin.py:190} INFO - [2026-05-18T07:34:20.649+0000] {dagbag.py:588} INFO - Filling up the DagBag from /home/noelsdavid/airflow_venv/lib/python3.12/site-packages/airflow/example_dags/example_datasets.py
[2026-05-18T07:34:20.674+0000] {processor.py:925} INFO - DAG(s) 'consume_1_or_both_2_and_3_with_dataset_expressions', 'dataset_consumes_1_never_scheduled', 'dataset_consumes_unknown_never_scheduled', 'consume_1_and_2_with_dataset_expressions', 'dataset_consumes_1_and_2', 'dataset_produces_1', 'consume_1_or_2_with_dataset_expressions', 'dataset_produces_2', 'dataset_consumes_1', 'conditional_dataset_and_time_based_timetable' retrieved from /home/noelsdavid/airflow_venv/lib/python3.12/site-packages/airflow/example_dags/example_datasets.py
[2026-05-18T07:34:20.725+0000] {logging_mixin.py:190} INFO - [2026-05-18T07:34:20.724+0000] {dag.py:3239} INFO - Sync 10 DAGs
[2026-05-18T07:34:20.760+0000] {logging_mixin.py:190} INFO - [2026-05-18T07:34:20.759+0000] {dag.py:4180} INFO - Setting next_dagrun for conditional_dataset_and_time_based_timetable to 2026-05-13 01:00:00+00:00, run_after=2026-05-13 01:00:00+00:00
[2026-05-18T07:34:20.765+0000] {logging_mixin.py:190} INFO - [2026-05-18T07:34:20.765+0000] {dag.py:4180} INFO - Setting next_dagrun for consume_1_and_2_with_dataset_expressions to None, run_after=None
[2026-05-18T07:34:20.767+0000] {logging_mixin.py:190} INFO - [2026-05-18T07:34:20.766+0000] {dag.py:4180} INFO - Setting next_dagrun for consume_1_or_2_with_dataset_expressions to None, run_after=None
[2026-05-18T07:34:20.768+0000] {logging_mixin.py:190} INFO - [2026-05-18T07:34:20.768+0000] {dag.py:4180} INFO - Setting next_dagrun for consume_1_or_both_2_and_3_with_dataset_expressions to None, run_after=None
[2026-05-18T07:34:20.769+0000] {logging_mixin.py:190} INFO - [2026-05-18T07:34:20.769+0000] {dag.py:4180} INFO - Setting next_dagrun for dataset_consumes_1 to None, run_after=None
[2026-05-18T07:34:20.771+0000] {logging_mixin.py:190} INFO - [2026-05-18T07:34:20.771+0000] {dag.py:4180} INFO - Setting next_dagrun for dataset_consumes_1_and_2 to None, run_after=None
[2026-05-18T07:34:20.772+0000] {logging_mixin.py:190} INFO - [2026-05-18T07:34:20.772+0000] {dag.py:4180} INFO - Setting next_dagrun for dataset_consumes_1_never_scheduled to None, run_after=None
[2026-05-18T07:34:20.773+0000] {logging_mixin.py:190} INFO - [2026-05-18T07:34:20.773+0000] {dag.py:4180} INFO - Setting next_dagrun for dataset_consumes_unknown_never_scheduled to None, run_after=None
[2026-05-18T07:34:20.776+0000] {logging_mixin.py:190} INFO - [2026-05-18T07:34:20.775+0000] {dag.py:4180} INFO - Setting next_dagrun for dataset_produces_1 to 2026-05-17 00:00:00+00:00, run_after=2026-05-18 00:00:00+00:00
[2026-05-18T07:34:20.777+0000] {logging_mixin.py:190} INFO - [2026-05-18T07:34:20.777+0000] {dag.py:4180} INFO - Setting next_dagrun for dataset_produces_2 to None, run_after=None
[2026-05-18T07:34:20.840+0000] {processor.py:208} INFO - Processing /home/noelsdavid/airflow_venv/lib/python3.12/site-packages/airflow/example_dags/example_datasets.py took 0.205 seconds
[2026-05-18T07:35:36.742+0000] {processor.py:186} INFO - Started process (PID=18798) to work on /home/noelsdavid/airflow_venv/lib/python3.12/site-packages/airflow/example_dags/example_datasets.py
[2026-05-18T07:35:36.751+0000] {processor.py:914} INFO - Processing file /home/noelsdavid/airflow_venv/lib/python3.12/site-packages/airflow/example_dags/example_datasets.py for tasks to queue
[2026-05-18T07:35:36.754+0000] {logging_mixin.py:190} INFO - [2026-05-18T07:35:36.753+0000] {dagbag.py:588} INFO - Filling up the DagBag from /home/noelsdavid/airflow_venv/lib/python3.12/site-packages/airflow/example_dags/example_datasets.py
[2026-05-18T07:35:36.780+0000] {processor.py:925} INFO - DAG(s) 'dataset_consumes_1', 'dataset_consumes_1_and_2', 'dataset_consumes_unknown_never_scheduled', 'dataset_consumes_1_never_scheduled', 'consume_1_and_2_with_dataset_expressions', 'consume_1_or_both_2_and_3_with_dataset_expressions', 'dataset_produces_1', 'consume_1_or_2_with_dataset_expressions', 'conditional_dataset_and_time_based_timetable', 'dataset_produces_2' retrieved from /home/noelsdavid/airflow_venv/lib/python3.12/site-packages/airflow/example_dags/example_datasets.py
[2026-05-18T07:35:36.826+0000] {logging_mixin.py:190} INFO - [2026-05-18T07:35:36.825+0000] {dag.py:3239} INFO - Sync 10 DAGs
[2026-05-18T07:35:36.857+0000] {logging_mixin.py:190} INFO - [2026-05-18T07:35:36.857+0000] {dag.py:4180} INFO - Setting next_dagrun for conditional_dataset_and_time_based_timetable to 2026-05-13 01:00:00+00:00, run_after=2026-05-13 01:00:00+00:00
[2026-05-18T07:35:36.861+0000] {logging_mixin.py:190} INFO - [2026-05-18T07:35:36.861+0000] {dag.py:4180} INFO - Setting next_dagrun for consume_1_and_2_with_dataset_expressions to None, run_after=None
[2026-05-18T07:35:36.863+0000] {logging_mixin.py:190} INFO - [2026-05-18T07:35:36.862+0000] {dag.py:4180} INFO - Setting next_dagrun for consume_1_or_2_with_dataset_expressions to None, run_after=None
[2026-05-18T07:35:36.864+0000] {logging_mixin.py:190} INFO - [2026-05-18T07:35:36.864+0000] {dag.py:4180} INFO - Setting next_dagrun for consume_1_or_both_2_and_3_with_dataset_expressions to None, run_after=None
[2026-05-18T07:35:36.865+0000] {logging_mixin.py:190} INFO - [2026-05-18T07:35:36.865+0000] {dag.py:4180} INFO - Setting next_dagrun for dataset_consumes_1 to None, run_after=None
[2026-05-18T07:35:36.866+0000] {logging_mixin.py:190} INFO - [2026-05-18T07:35:36.866+0000] {dag.py:4180} INFO - Setting next_dagrun for dataset_consumes_1_and_2 to None, run_after=None
[2026-05-18T07:35:36.867+0000] {logging_mixin.py:190} INFO - [2026-05-18T07:35:36.867+0000] {dag.py:4180} INFO - Setting next_dagrun for dataset_consumes_1_never_scheduled to None, run_after=None
[2026-05-18T07:35:36.868+0000] {logging_mixin.py:190} INFO - [2026-05-18T07:35:36.868+0000] {dag.py:4180} INFO - Setting next_dagrun for dataset_consumes_unknown_never_scheduled to None, run_after=None
[2026-05-18T07:35:36.870+0000] {logging_mixin.py:190} INFO - [2026-05-18T07:35:36.870+0000] {dag.py:4180} INFO - Setting next_dagrun for dataset_produces_1 to 2026-05-17 00:00:00+00:00, run_after=2026-05-18 00:00:00+00:00
[2026-05-18T07:35:36.871+0000] {logging_mixin.py:190} INFO - [2026-05-18T07:35:36.871+0000] {dag.py:4180} INFO - Setting next_dagrun for dataset_produces_2 to None, run_after=None
[2026-05-18T07:35:36.913+0000] {processor.py:208} INFO - Processing /home/noelsdavid/airflow_venv/lib/python3.12/site-packages/airflow/example_dags/example_datasets.py took 0.180 seconds
[2026-05-18T07:36:44.871+0000] {processor.py:186} INFO - Started process (PID=18874) to work on /home/noelsdavid/airflow_venv/lib/python3.12/site-packages/airflow/example_dags/example_datasets.py
[2026-05-18T07:36:44.873+0000] {processor.py:914} INFO - Processing file /home/noelsdavid/airflow_venv/lib/python3.12/site-packages/airflow/example_dags/example_datasets.py for tasks to queue
[2026-05-18T07:36:44.875+0000] {logging_mixin.py:190} INFO - [2026-05-18T07:36:44.875+0000] {dagbag.py:588} INFO - Filling up the DagBag from /home/noelsdavid/airflow_venv/lib/python3.12/site-packages/airflow/example_dags/example_datasets.py
[2026-05-18T07:36:44.901+0000] {processor.py:925} INFO - DAG(s) 'dataset_produces_1', 'conditional_dataset_and_time_based_timetable', 'dataset_consumes_unknown_never_scheduled', 'dataset_consumes_1', 'consume_1_or_both_2_and_3_with_dataset_expressions', 'consume_1_and_2_with_dataset_expressions', 'dataset_consumes_1_and_2', 'dataset_produces_2', 'dataset_consumes_1_never_scheduled', 'consume_1_or_2_with_dataset_expressions' retrieved from /home/noelsdavid/airflow_venv/lib/python3.12/site-packages/airflow/example_dags/example_datasets.py
[2026-05-18T07:36:44.947+0000] {logging_mixin.py:190} INFO - [2026-05-18T07:36:44.947+0000] {dag.py:3239} INFO - Sync 10 DAGs
[2026-05-18T07:36:44.979+0000] {logging_mixin.py:190} INFO - [2026-05-18T07:36:44.978+0000] {dag.py:4180} INFO - Setting next_dagrun for conditional_dataset_and_time_based_timetable to 2026-05-13 01:00:00+00:00, run_after=2026-05-13 01:00:00+00:00
[2026-05-18T07:36:44.983+0000] {logging_mixin.py:190} INFO - [2026-05-18T07:36:44.983+0000] {dag.py:4180} INFO - Setting next_dagrun for consume_1_and_2_with_dataset_expressions to None, run_after=None
[2026-05-18T07:36:44.985+0000] {logging_mixin.py:190} INFO - [2026-05-18T07:36:44.984+0000] {dag.py:4180} INFO - Setting next_dagrun for consume_1_or_2_with_dataset_expressions to None, run_after=None
[2026-05-18T07:36:44.986+0000] {logging_mixin.py:190} INFO - [2026-05-18T07:36:44.986+0000] {dag.py:4180} INFO - Setting next_dagrun for consume_1_or_both_2_and_3_with_dataset_expressions to None, run_after=None
[2026-05-18T07:36:44.987+0000] {logging_mixin.py:190} INFO - [2026-05-18T07:36:44.987+0000] {dag.py:4180} INFO - Setting next_dagrun for dataset_consumes_1 to None, run_after=None
[2026-05-18T07:36:44.988+0000] {logging_mixin.py:190} INFO - [2026-05-18T07:36:44.988+0000] {dag.py:4180} INFO - Setting next_dagrun for dataset_consumes_1_and_2 to None, run_after=None
[2026-05-18T07:36:44.989+0000] {logging_mixin.py:190} INFO - [2026-05-18T07:36:44.989+0000] {dag.py:4180} INFO - Setting next_dagrun for dataset_consumes_1_never_scheduled to None, run_after=None
[2026-05-18T07:36:44.990+0000] {logging_mixin.py:190} INFO - [2026-05-18T07:36:44.990+0000] {dag.py:4180} INFO - Setting next_dagrun for dataset_consumes_unknown_never_scheduled to None, run_after=None
[2026-05-18T07:36:44.993+0000] {logging_mixin.py:190} INFO - [2026-05-18T07:36:44.992+0000] {dag.py:4180} INFO - Setting next_dagrun for dataset_produces_1 to 2026-05-17 00:00:00+00:00, run_after=2026-05-18 00:00:00+00:00
[2026-05-18T07:36:44.994+0000] {logging_mixin.py:190} INFO - [2026-05-18T07:36:44.994+0000] {dag.py:4180} INFO - Setting next_dagrun for dataset_produces_2 to None, run_after=None
[2026-05-18T07:36:45.036+0000] {processor.py:208} INFO - Processing /home/noelsdavid/airflow_venv/lib/python3.12/site-packages/airflow/example_dags/example_datasets.py took 0.175 seconds
[2026-05-18T07:37:55.480+0000] {processor.py:186} INFO - Started process (PID=18952) to work on /home/noelsdavid/airflow_venv/lib/python3.12/site-packages/airflow/example_dags/example_datasets.py
[2026-05-18T07:37:55.483+0000] {processor.py:914} INFO - Processing file /home/noelsdavid/airflow_venv/lib/python3.12/site-packages/airflow/example_dags/example_datasets.py for tasks to queue
[2026-05-18T07:37:55.485+0000] {logging_mixin.py:190} INFO - [2026-05-18T07:37:55.484+0000] {dagbag.py:588} INFO - Filling up the DagBag from /home/noelsdavid/airflow_venv/lib/python3.12/site-packages/airflow/example_dags/example_datasets.py
[2026-05-18T07:37:55.507+0000] {processor.py:925} INFO - DAG(s) 'dataset_consumes_1', 'consume_1_or_2_with_dataset_expressions', 'conditional_dataset_and_time_based_timetable', 'consume_1_and_2_with_dataset_expressions', 'consume_1_or_both_2_and_3_with_dataset_expressions', 'dataset_consumes_unknown_never_scheduled', 'dataset_consumes_1_and_2', 'dataset_consumes_1_never_scheduled', 'dataset_produces_1', 'dataset_produces_2' retrieved from /home/noelsdavid/airflow_venv/lib/python3.12/site-packages/airflow/example_dags/example_datasets.py
[2026-05-18T07:37:55.556+0000] {logging_mixin.py:190} INFO - [2026-05-18T07:37:55.555+0000] {dag.py:3239} INFO - Sync 10 DAGs
[2026-05-18T07:37:55.591+0000] {logging_mixin.py:190} INFO - [2026-05-18T07:37:55.590+0000] {dag.py:4180} INFO - Setting next_dagrun for conditional_dataset_and_time_based_timetable to 2026-05-13 01:00:00+00:00, run_after=2026-05-13 01:00:00+00:00
[2026-05-18T07:37:55.596+0000] {logging_mixin.py:190} INFO - [2026-05-18T07:37:55.596+0000] {dag.py:4180} INFO - Setting next_dagrun for consume_1_and_2_with_dataset_expressions to None, run_after=None
[2026-05-18T07:37:55.597+0000] {logging_mixin.py:190} INFO - [2026-05-18T07:37:55.597+0000] {dag.py:4180} INFO - Setting next_dagrun for consume_1_or_2_with_dataset_expressions to None, run_after=None
[2026-05-18T07:37:55.599+0000] {logging_mixin.py:190} INFO - [2026-05-18T07:37:55.598+0000] {dag.py:4180} INFO - Setting next_dagrun for consume_1_or_both_2_and_3_with_dataset_expressions to None, run_after=None
[2026-05-18T07:37:55.600+0000] {logging_mixin.py:190} INFO - [2026-05-18T07:37:55.600+0000] {dag.py:4180} INFO - Setting next_dagrun for dataset_consumes_1 to None, run_after=None
[2026-05-18T07:37:55.601+0000] {logging_mixin.py:190} INFO - [2026-05-18T07:37:55.601+0000] {dag.py:4180} INFO - Setting next_dagrun for dataset_consumes_1_and_2 to None, run_after=None
[2026-05-18T07:37:55.603+0000] {logging_mixin.py:190} INFO - [2026-05-18T07:37:55.602+0000] {dag.py:4180} INFO - Setting next_dagrun for dataset_consumes_1_never_scheduled to None, run_after=None
[2026-05-18T07:37:55.604+0000] {logging_mixin.py:190} INFO - [2026-05-18T07:37:55.604+0000] {dag.py:4180} INFO - Setting next_dagrun for dataset_consumes_unknown_never_scheduled to None, run_after=None
[2026-05-18T07:37:55.607+0000] {logging_mixin.py:190} INFO - [2026-05-18T07:37:55.606+0000] {dag.py:4180} INFO - Setting next_dagrun for dataset_produces_1 to 2026-05-17 00:00:00+00:00, run_after=2026-05-18 00:00:00+00:00
[2026-05-18T07:37:55.609+0000] {logging_mixin.py:190} INFO - [2026-05-18T07:37:55.608+0000] {dag.py:4180} INFO - Setting next_dagrun for dataset_produces_2 to None, run_after=None
[2026-05-18T07:37:55.653+0000] {processor.py:208} INFO - Processing /home/noelsdavid/airflow_venv/lib/python3.12/site-packages/airflow/example_dags/example_datasets.py took 0.183 seconds
[2026-05-18T07:39:04.699+0000] {processor.py:186} INFO - Started process (PID=19029) to work on /home/noelsdavid/airflow_venv/lib/python3.12/site-packages/airflow/example_dags/example_datasets.py
[2026-05-18T07:39:04.702+0000] {processor.py:914} INFO - Processing file /home/noelsdavid/airflow_venv/lib/python3.12/site-packages/airflow/example_dags/example_datasets.py for tasks to queue
[2026-05-18T07:39:04.704+0000] {logging_mixin.py:190} INFO - [2026-05-18T07:39:04.704+0000] {dagbag.py:588} INFO - Filling up the DagBag from /home/noelsdavid/airflow_venv/lib/python3.12/site-packages/airflow/example_dags/example_datasets.py
[2026-05-18T07:39:04.728+0000] {processor.py:925} INFO - DAG(s) 'dataset_consumes_1_and_2', 'consume_1_or_both_2_and_3_with_dataset_expressions', 'consume_1_or_2_with_dataset_expressions', 'dataset_consumes_1_never_scheduled', 'dataset_consumes_unknown_never_scheduled', 'dataset_consumes_1', 'dataset_produces_1', 'conditional_dataset_and_time_based_timetable', 'consume_1_and_2_with_dataset_expressions', 'dataset_produces_2' retrieved from /home/noelsdavid/airflow_venv/lib/python3.12/site-packages/airflow/example_dags/example_datasets.py
[2026-05-18T07:39:04.776+0000] {logging_mixin.py:190} INFO - [2026-05-18T07:39:04.776+0000] {dag.py:3239} INFO - Sync 10 DAGs
[2026-05-18T07:39:04.809+0000] {logging_mixin.py:190} INFO - [2026-05-18T07:39:04.808+0000] {dag.py:4180} INFO - Setting next_dagrun for conditional_dataset_and_time_based_timetable to 2026-05-13 01:00:00+00:00, run_after=2026-05-13 01:00:00+00:00
[2026-05-18T07:39:04.814+0000] {logging_mixin.py:190} INFO - [2026-05-18T07:39:04.813+0000] {dag.py:4180} INFO - Setting next_dagrun for consume_1_and_2_with_dataset_expressions to None, run_after=None
[2026-05-18T07:39:04.815+0000] {logging_mixin.py:190} INFO - [2026-05-18T07:39:04.815+0000] {dag.py:4180} INFO - Setting next_dagrun for consume_1_or_2_with_dataset_expressions to None, run_after=None
[2026-05-18T07:39:04.816+0000] {logging_mixin.py:190} INFO - [2026-05-18T07:39:04.816+0000] {dag.py:4180} INFO - Setting next_dagrun for consume_1_or_both_2_and_3_with_dataset_expressions to None, run_after=None
[2026-05-18T07:39:04.817+0000] {logging_mixin.py:190} INFO - [2026-05-18T07:39:04.817+0000] {dag.py:4180} INFO - Setting next_dagrun for dataset_consumes_1 to None, run_after=None
[2026-05-18T07:39:04.818+0000] {logging_mixin.py:190} INFO - [2026-05-18T07:39:04.818+0000] {dag.py:4180} INFO - Setting next_dagrun for dataset_consumes_1_and_2 to None, run_after=None
[2026-05-18T07:39:04.819+0000] {logging_mixin.py:190} INFO - [2026-05-18T07:39:04.819+0000] {dag.py:4180} INFO - Setting next_dagrun for dataset_consumes_1_never_scheduled to None, run_after=None
[2026-05-18T07:39:04.820+0000] {logging_mixin.py:190} INFO - [2026-05-18T07:39:04.820+0000] {dag.py:4180} INFO - Setting next_dagrun for dataset_consumes_unknown_never_scheduled to None, run_after=None
[2026-05-18T07:39:04.823+0000] {logging_mixin.py:190} INFO - [2026-05-18T07:39:04.822+0000] {dag.py:4180} INFO - Setting next_dagrun for dataset_produces_1 to 2026-05-17 00:00:00+00:00, run_after=2026-05-18 00:00:00+00:00
[2026-05-18T07:39:04.824+0000] {logging_mixin.py:190} INFO - [2026-05-18T07:39:04.824+0000] {dag.py:4180} INFO - Setting next_dagrun for dataset_produces_2 to None, run_after=None
[2026-05-18T07:39:04.869+0000] {processor.py:208} INFO - Processing /home/noelsdavid/airflow_venv/lib/python3.12/site-packages/airflow/example_dags/example_datasets.py took 0.180 seconds
[2026-05-18T07:40:18.592+0000] {processor.py:186} INFO - Started process (PID=19131) to work on /home/noelsdavid/airflow_venv/lib/python3.12/site-packages/airflow/example_dags/example_datasets.py
[2026-05-18T07:40:18.595+0000] {processor.py:914} INFO - Processing file /home/noelsdavid/airflow_venv/lib/python3.12/site-packages/airflow/example_dags/example_datasets.py for tasks to queue
[2026-05-18T07:40:18.597+0000] {logging_mixin.py:190} INFO - [2026-05-18T07:40:18.597+0000] {dagbag.py:588} INFO - Filling up the DagBag from /home/noelsdavid/airflow_venv/lib/python3.12/site-packages/airflow/example_dags/example_datasets.py
[2026-05-18T07:40:18.620+0000] {processor.py:925} INFO - DAG(s) 'dataset_produces_2', 'dataset_consumes_1_never_scheduled', 'consume_1_or_both_2_and_3_with_dataset_expressions', 'dataset_produces_1', 'consume_1_or_2_with_dataset_expressions', 'conditional_dataset_and_time_based_timetable', 'consume_1_and_2_with_dataset_expressions', 'dataset_consumes_1_and_2', 'dataset_consumes_1', 'dataset_consumes_unknown_never_scheduled' retrieved from /home/noelsdavid/airflow_venv/lib/python3.12/site-packages/airflow/example_dags/example_datasets.py
[2026-05-18T07:40:18.666+0000] {logging_mixin.py:190} INFO - [2026-05-18T07:40:18.666+0000] {dag.py:3239} INFO - Sync 10 DAGs
[2026-05-18T07:40:18.700+0000] {logging_mixin.py:190} INFO - [2026-05-18T07:40:18.700+0000] {dag.py:4180} INFO - Setting next_dagrun for conditional_dataset_and_time_based_timetable to 2026-05-13 01:00:00+00:00, run_after=2026-05-13 01:00:00+00:00
[2026-05-18T07:40:18.706+0000] {logging_mixin.py:190} INFO - [2026-05-18T07:40:18.705+0000] {dag.py:4180} INFO - Setting next_dagrun for consume_1_and_2_with_dataset_expressions to None, run_after=None
[2026-05-18T07:40:18.707+0000] {logging_mixin.py:190} INFO - [2026-05-18T07:40:18.707+0000] {dag.py:4180} INFO - Setting next_dagrun for consume_1_or_2_with_dataset_expressions to None, run_after=None
[2026-05-18T07:40:18.709+0000] {logging_mixin.py:190} INFO - [2026-05-18T07:40:18.708+0000] {dag.py:4180} INFO - Setting next_dagrun for consume_1_or_both_2_and_3_with_dataset_expressions to None, run_after=None
[2026-05-18T07:40:18.711+0000] {logging_mixin.py:190} INFO - [2026-05-18T07:40:18.710+0000] {dag.py:4180} INFO - Setting next_dagrun for dataset_consumes_1 to None, run_after=None
[2026-05-18T07:40:18.712+0000] {logging_mixin.py:190} INFO - [2026-05-18T07:40:18.712+0000] {dag.py:4180} INFO - Setting next_dagrun for dataset_consumes_1_and_2 to None, run_after=None
[2026-05-18T07:40:18.713+0000] {logging_mixin.py:190} INFO - [2026-05-18T07:40:18.713+0000] {dag.py:4180} INFO - Setting next_dagrun for dataset_consumes_1_never_scheduled to None, run_after=None
[2026-05-18T07:40:18.715+0000] {logging_mixin.py:190} INFO - [2026-05-18T07:40:18.715+0000] {dag.py:4180} INFO - Setting next_dagrun for dataset_consumes_unknown_never_scheduled to None, run_after=None
[2026-05-18T07:40:18.718+0000] {logging_mixin.py:190} INFO - [2026-05-18T07:40:18.718+0000] {dag.py:4180} INFO - Setting next_dagrun for dataset_produces_1 to 2026-05-17 00:00:00+00:00, run_after=2026-05-18 00:00:00+00:00
[2026-05-18T07:40:18.720+0000] {logging_mixin.py:190} INFO - [2026-05-18T07:40:18.719+0000] {dag.py:4180} INFO - Setting next_dagrun for dataset_produces_2 to None, run_after=None
[2026-05-18T07:40:18.768+0000] {processor.py:208} INFO - Processing /home/noelsdavid/airflow_venv/lib/python3.12/site-packages/airflow/example_dags/example_datasets.py took 0.185 seconds
