[2026-05-18T06:01:17.267+0000] {processor.py:186} INFO - Started process (PID=6948) to work on /home/noelsdavid/airflow_venv/lib/python3.12/site-packages/airflow/example_dags/example_bash_decorator.py
[2026-05-18T06:01:17.268+0000] {processor.py:914} INFO - Processing file /home/noelsdavid/airflow_venv/lib/python3.12/site-packages/airflow/example_dags/example_bash_decorator.py for tasks to queue
[2026-05-18T06:01:17.270+0000] {logging_mixin.py:190} INFO - [2026-05-18T06:01:17.270+0000] {dagbag.py:588} INFO - Filling up the DagBag from /home/noelsdavid/airflow_venv/lib/python3.12/site-packages/airflow/example_dags/example_bash_decorator.py
[2026-05-18T06:01:17.290+0000] {processor.py:925} INFO - DAG(s) 'example_bash_decorator' retrieved from /home/noelsdavid/airflow_venv/lib/python3.12/site-packages/airflow/example_dags/example_bash_decorator.py
[2026-05-18T06:01:17.430+0000] {logging_mixin.py:190} INFO - [2026-05-18T06:01:17.429+0000] {override.py:1911} INFO - Created Permission View: can edit on DAG:example_bash_decorator
[2026-05-18T06:01:17.447+0000] {logging_mixin.py:190} INFO - [2026-05-18T06:01:17.447+0000] {override.py:1911} INFO - Created Permission View: can delete on DAG:example_bash_decorator
[2026-05-18T06:01:17.461+0000] {logging_mixin.py:190} INFO - [2026-05-18T06:01:17.461+0000] {override.py:1911} INFO - Created Permission View: can read on DAG:example_bash_decorator
[2026-05-18T06:01:17.486+0000] {logging_mixin.py:190} INFO - [2026-05-18T06:01:17.485+0000] {override.py:1911} INFO - Created Permission View: can delete on DAG Run:example_bash_decorator
[2026-05-18T06:01:17.500+0000] {logging_mixin.py:190} INFO - [2026-05-18T06:01:17.499+0000] {override.py:1911} INFO - Created Permission View: menu access on DAG Run:example_bash_decorator
[2026-05-18T06:01:17.514+0000] {logging_mixin.py:190} INFO - [2026-05-18T06:01:17.514+0000] {override.py:1911} INFO - Created Permission View: can create on DAG Run:example_bash_decorator
[2026-05-18T06:01:17.528+0000] {logging_mixin.py:190} INFO - [2026-05-18T06:01:17.528+0000] {override.py:1911} INFO - Created Permission View: can read on DAG Run:example_bash_decorator
[2026-05-18T06:01:17.529+0000] {logging_mixin.py:190} INFO - [2026-05-18T06:01:17.529+0000] {dag.py:3239} INFO - Sync 1 DAGs
[2026-05-18T06:01:17.542+0000] {logging_mixin.py:190} INFO - [2026-05-18T06:01:17.541+0000] {dag.py:3262} INFO - Creating ORM DAG for example_bash_decorator
[2026-05-18T06:01:17.543+0000] {logging_mixin.py:190} INFO - [2026-05-18T06:01:17.542+0000] {dag.py:4180} INFO - Setting next_dagrun for example_bash_decorator to None, run_after=None
[2026-05-18T06:01:17.575+0000] {processor.py:208} INFO - Processing /home/noelsdavid/airflow_venv/lib/python3.12/site-packages/airflow/example_dags/example_bash_decorator.py took 0.315 seconds
[2026-05-18T06:02:23.596+0000] {processor.py:186} INFO - Started process (PID=7014) to work on /home/noelsdavid/airflow_venv/lib/python3.12/site-packages/airflow/example_dags/example_bash_decorator.py
[2026-05-18T06:02:23.599+0000] {processor.py:914} INFO - Processing file /home/noelsdavid/airflow_venv/lib/python3.12/site-packages/airflow/example_dags/example_bash_decorator.py for tasks to queue
[2026-05-18T06:02:23.602+0000] {logging_mixin.py:190} INFO - [2026-05-18T06:02:23.601+0000] {dagbag.py:588} INFO - Filling up the DagBag from /home/noelsdavid/airflow_venv/lib/python3.12/site-packages/airflow/example_dags/example_bash_decorator.py
[2026-05-18T06:02:23.622+0000] {processor.py:925} INFO - DAG(s) 'example_bash_decorator' retrieved from /home/noelsdavid/airflow_venv/lib/python3.12/site-packages/airflow/example_dags/example_bash_decorator.py
[2026-05-18T06:02:23.647+0000] {logging_mixin.py:190} INFO - [2026-05-18T06:02:23.647+0000] {dag.py:3239} INFO - Sync 1 DAGs
[2026-05-18T06:02:23.662+0000] {logging_mixin.py:190} INFO - [2026-05-18T06:02:23.661+0000] {dag.py:4180} INFO - Setting next_dagrun for example_bash_decorator to None, run_after=None
[2026-05-18T06:02:23.691+0000] {processor.py:208} INFO - Processing /home/noelsdavid/airflow_venv/lib/python3.12/site-packages/airflow/example_dags/example_bash_decorator.py took 0.101 seconds
[2026-05-18T06:03:23.492+0000] {processor.py:186} INFO - Started process (PID=7071) to work on /home/noelsdavid/airflow_venv/lib/python3.12/site-packages/airflow/example_dags/example_bash_decorator.py
[2026-05-18T06:03:23.511+0000] {processor.py:914} INFO - Processing file /home/noelsdavid/airflow_venv/lib/python3.12/site-packages/airflow/example_dags/example_bash_decorator.py for tasks to queue
[2026-05-18T06:03:23.514+0000] {logging_mixin.py:190} INFO - [2026-05-18T06:03:23.514+0000] {dagbag.py:588} INFO - Filling up the DagBag from /home/noelsdavid/airflow_venv/lib/python3.12/site-packages/airflow/example_dags/example_bash_decorator.py
[2026-05-18T06:03:23.534+0000] {processor.py:925} INFO - DAG(s) 'example_bash_decorator' retrieved from /home/noelsdavid/airflow_venv/lib/python3.12/site-packages/airflow/example_dags/example_bash_decorator.py
[2026-05-18T06:03:23.559+0000] {logging_mixin.py:190} INFO - [2026-05-18T06:03:23.559+0000] {dag.py:3239} INFO - Sync 1 DAGs
[2026-05-18T06:03:23.575+0000] {logging_mixin.py:190} INFO - [2026-05-18T06:03:23.575+0000] {dag.py:4180} INFO - Setting next_dagrun for example_bash_decorator to None, run_after=None
[2026-05-18T06:03:23.605+0000] {processor.py:208} INFO - Processing /home/noelsdavid/airflow_venv/lib/python3.12/site-packages/airflow/example_dags/example_bash_decorator.py took 0.122 seconds
[2026-05-18T06:04:23.521+0000] {processor.py:186} INFO - Started process (PID=7131) to work on /home/noelsdavid/airflow_venv/lib/python3.12/site-packages/airflow/example_dags/example_bash_decorator.py
[2026-05-18T06:04:23.523+0000] {processor.py:914} INFO - Processing file /home/noelsdavid/airflow_venv/lib/python3.12/site-packages/airflow/example_dags/example_bash_decorator.py for tasks to queue
[2026-05-18T06:04:23.526+0000] {logging_mixin.py:190} INFO - [2026-05-18T06:04:23.526+0000] {dagbag.py:588} INFO - Filling up the DagBag from /home/noelsdavid/airflow_venv/lib/python3.12/site-packages/airflow/example_dags/example_bash_decorator.py
[2026-05-18T06:04:23.547+0000] {processor.py:925} INFO - DAG(s) 'example_bash_decorator' retrieved from /home/noelsdavid/airflow_venv/lib/python3.12/site-packages/airflow/example_dags/example_bash_decorator.py
[2026-05-18T06:04:23.572+0000] {logging_mixin.py:190} INFO - [2026-05-18T06:04:23.571+0000] {dag.py:3239} INFO - Sync 1 DAGs
[2026-05-18T06:04:23.587+0000] {logging_mixin.py:190} INFO - [2026-05-18T06:04:23.587+0000] {dag.py:4180} INFO - Setting next_dagrun for example_bash_decorator to None, run_after=None
[2026-05-18T06:04:23.617+0000] {processor.py:208} INFO - Processing /home/noelsdavid/airflow_venv/lib/python3.12/site-packages/airflow/example_dags/example_bash_decorator.py took 0.104 seconds
[2026-05-18T06:05:28.928+0000] {processor.py:186} INFO - Started process (PID=7218) to work on /home/noelsdavid/airflow_venv/lib/python3.12/site-packages/airflow/example_dags/example_bash_decorator.py
[2026-05-18T06:05:28.931+0000] {processor.py:914} INFO - Processing file /home/noelsdavid/airflow_venv/lib/python3.12/site-packages/airflow/example_dags/example_bash_decorator.py for tasks to queue
[2026-05-18T06:05:28.934+0000] {logging_mixin.py:190} INFO - [2026-05-18T06:05:28.933+0000] {dagbag.py:588} INFO - Filling up the DagBag from /home/noelsdavid/airflow_venv/lib/python3.12/site-packages/airflow/example_dags/example_bash_decorator.py
[2026-05-18T06:05:28.954+0000] {processor.py:925} INFO - DAG(s) 'example_bash_decorator' retrieved from /home/noelsdavid/airflow_venv/lib/python3.12/site-packages/airflow/example_dags/example_bash_decorator.py
[2026-05-18T06:05:29.149+0000] {logging_mixin.py:190} INFO - [2026-05-18T06:05:29.149+0000] {dag.py:3239} INFO - Sync 1 DAGs
[2026-05-18T06:05:29.162+0000] {logging_mixin.py:190} INFO - [2026-05-18T06:05:29.162+0000] {dag.py:4180} INFO - Setting next_dagrun for example_bash_decorator to None, run_after=None
[2026-05-18T06:05:29.189+0000] {processor.py:208} INFO - Processing /home/noelsdavid/airflow_venv/lib/python3.12/site-packages/airflow/example_dags/example_bash_decorator.py took 0.268 seconds
[2026-05-18T06:06:37.652+0000] {processor.py:186} INFO - Started process (PID=7284) to work on /home/noelsdavid/airflow_venv/lib/python3.12/site-packages/airflow/example_dags/example_bash_decorator.py
[2026-05-18T06:06:37.677+0000] {processor.py:914} INFO - Processing file /home/noelsdavid/airflow_venv/lib/python3.12/site-packages/airflow/example_dags/example_bash_decorator.py for tasks to queue
[2026-05-18T06:06:37.680+0000] {logging_mixin.py:190} INFO - [2026-05-18T06:06:37.680+0000] {dagbag.py:588} INFO - Filling up the DagBag from /home/noelsdavid/airflow_venv/lib/python3.12/site-packages/airflow/example_dags/example_bash_decorator.py
[2026-05-18T06:06:37.702+0000] {processor.py:925} INFO - DAG(s) 'example_bash_decorator' retrieved from /home/noelsdavid/airflow_venv/lib/python3.12/site-packages/airflow/example_dags/example_bash_decorator.py
[2026-05-18T06:06:37.729+0000] {logging_mixin.py:190} INFO - [2026-05-18T06:06:37.728+0000] {dag.py:3239} INFO - Sync 1 DAGs
[2026-05-18T06:06:37.745+0000] {logging_mixin.py:190} INFO - [2026-05-18T06:06:37.745+0000] {dag.py:4180} INFO - Setting next_dagrun for example_bash_decorator to None, run_after=None
[2026-05-18T06:06:37.776+0000] {processor.py:208} INFO - Processing /home/noelsdavid/airflow_venv/lib/python3.12/site-packages/airflow/example_dags/example_bash_decorator.py took 0.132 seconds
[2026-05-18T06:07:35.038+0000] {processor.py:186} INFO - Started process (PID=7343) to work on /home/noelsdavid/airflow_venv/lib/python3.12/site-packages/airflow/example_dags/example_bash_decorator.py
[2026-05-18T06:07:35.041+0000] {processor.py:914} INFO - Processing file /home/noelsdavid/airflow_venv/lib/python3.12/site-packages/airflow/example_dags/example_bash_decorator.py for tasks to queue
[2026-05-18T06:07:35.044+0000] {logging_mixin.py:190} INFO - [2026-05-18T06:07:35.043+0000] {dagbag.py:588} INFO - Filling up the DagBag from /home/noelsdavid/airflow_venv/lib/python3.12/site-packages/airflow/example_dags/example_bash_decorator.py
[2026-05-18T06:07:35.066+0000] {processor.py:925} INFO - DAG(s) 'example_bash_decorator' retrieved from /home/noelsdavid/airflow_venv/lib/python3.12/site-packages/airflow/example_dags/example_bash_decorator.py
[2026-05-18T06:07:35.093+0000] {logging_mixin.py:190} INFO - [2026-05-18T06:07:35.093+0000] {dag.py:3239} INFO - Sync 1 DAGs
[2026-05-18T06:07:35.111+0000] {logging_mixin.py:190} INFO - [2026-05-18T06:07:35.111+0000] {dag.py:4180} INFO - Setting next_dagrun for example_bash_decorator to None, run_after=None
[2026-05-18T06:07:35.144+0000] {processor.py:208} INFO - Processing /home/noelsdavid/airflow_venv/lib/python3.12/site-packages/airflow/example_dags/example_bash_decorator.py took 0.115 seconds
[2026-05-18T06:08:38.944+0000] {processor.py:186} INFO - Started process (PID=7400) to work on /home/noelsdavid/airflow_venv/lib/python3.12/site-packages/airflow/example_dags/example_bash_decorator.py
[2026-05-18T06:08:38.947+0000] {processor.py:914} INFO - Processing file /home/noelsdavid/airflow_venv/lib/python3.12/site-packages/airflow/example_dags/example_bash_decorator.py for tasks to queue
[2026-05-18T06:08:38.950+0000] {logging_mixin.py:190} INFO - [2026-05-18T06:08:38.949+0000] {dagbag.py:588} INFO - Filling up the DagBag from /home/noelsdavid/airflow_venv/lib/python3.12/site-packages/airflow/example_dags/example_bash_decorator.py
[2026-05-18T06:08:38.973+0000] {processor.py:925} INFO - DAG(s) 'example_bash_decorator' retrieved from /home/noelsdavid/airflow_venv/lib/python3.12/site-packages/airflow/example_dags/example_bash_decorator.py
[2026-05-18T06:08:38.998+0000] {logging_mixin.py:190} INFO - [2026-05-18T06:08:38.998+0000] {dag.py:3239} INFO - Sync 1 DAGs
[2026-05-18T06:08:39.017+0000] {logging_mixin.py:190} INFO - [2026-05-18T06:08:39.017+0000] {dag.py:4180} INFO - Setting next_dagrun for example_bash_decorator to None, run_after=None
[2026-05-18T06:08:39.049+0000] {processor.py:208} INFO - Processing /home/noelsdavid/airflow_venv/lib/python3.12/site-packages/airflow/example_dags/example_bash_decorator.py took 0.113 seconds
[2026-05-18T06:09:42.406+0000] {processor.py:186} INFO - Started process (PID=7462) to work on /home/noelsdavid/airflow_venv/lib/python3.12/site-packages/airflow/example_dags/example_bash_decorator.py
[2026-05-18T06:09:42.409+0000] {processor.py:914} INFO - Processing file /home/noelsdavid/airflow_venv/lib/python3.12/site-packages/airflow/example_dags/example_bash_decorator.py for tasks to queue
[2026-05-18T06:09:42.412+0000] {logging_mixin.py:190} INFO - [2026-05-18T06:09:42.412+0000] {dagbag.py:588} INFO - Filling up the DagBag from /home/noelsdavid/airflow_venv/lib/python3.12/site-packages/airflow/example_dags/example_bash_decorator.py
[2026-05-18T06:09:42.436+0000] {processor.py:925} INFO - DAG(s) 'example_bash_decorator' retrieved from /home/noelsdavid/airflow_venv/lib/python3.12/site-packages/airflow/example_dags/example_bash_decorator.py
[2026-05-18T06:09:42.462+0000] {logging_mixin.py:190} INFO - [2026-05-18T06:09:42.462+0000] {dag.py:3239} INFO - Sync 1 DAGs
[2026-05-18T06:09:42.479+0000] {logging_mixin.py:190} INFO - [2026-05-18T06:09:42.479+0000] {dag.py:4180} INFO - Setting next_dagrun for example_bash_decorator to None, run_after=None
[2026-05-18T06:09:42.511+0000] {processor.py:208} INFO - Processing /home/noelsdavid/airflow_venv/lib/python3.12/site-packages/airflow/example_dags/example_bash_decorator.py took 0.113 seconds
[2026-05-18T06:10:43.736+0000] {processor.py:186} INFO - Started process (PID=7547) to work on /home/noelsdavid/airflow_venv/lib/python3.12/site-packages/airflow/example_dags/example_bash_decorator.py
[2026-05-18T06:10:43.738+0000] {processor.py:914} INFO - Processing file /home/noelsdavid/airflow_venv/lib/python3.12/site-packages/airflow/example_dags/example_bash_decorator.py for tasks to queue
[2026-05-18T06:10:43.741+0000] {logging_mixin.py:190} INFO - [2026-05-18T06:10:43.741+0000] {dagbag.py:588} INFO - Filling up the DagBag from /home/noelsdavid/airflow_venv/lib/python3.12/site-packages/airflow/example_dags/example_bash_decorator.py
[2026-05-18T06:10:43.763+0000] {processor.py:925} INFO - DAG(s) 'example_bash_decorator' retrieved from /home/noelsdavid/airflow_venv/lib/python3.12/site-packages/airflow/example_dags/example_bash_decorator.py
[2026-05-18T06:10:43.790+0000] {logging_mixin.py:190} INFO - [2026-05-18T06:10:43.790+0000] {dag.py:3239} INFO - Sync 1 DAGs
[2026-05-18T06:10:43.807+0000] {logging_mixin.py:190} INFO - [2026-05-18T06:10:43.807+0000] {dag.py:4180} INFO - Setting next_dagrun for example_bash_decorator to None, run_after=None
[2026-05-18T06:10:43.837+0000] {processor.py:208} INFO - Processing /home/noelsdavid/airflow_venv/lib/python3.12/site-packages/airflow/example_dags/example_bash_decorator.py took 0.109 seconds
[2026-05-18T06:11:44.345+0000] {processor.py:186} INFO - Started process (PID=7606) to work on /home/noelsdavid/airflow_venv/lib/python3.12/site-packages/airflow/example_dags/example_bash_decorator.py
[2026-05-18T06:11:44.348+0000] {processor.py:914} INFO - Processing file /home/noelsdavid/airflow_venv/lib/python3.12/site-packages/airflow/example_dags/example_bash_decorator.py for tasks to queue
[2026-05-18T06:11:44.351+0000] {logging_mixin.py:190} INFO - [2026-05-18T06:11:44.351+0000] {dagbag.py:588} INFO - Filling up the DagBag from /home/noelsdavid/airflow_venv/lib/python3.12/site-packages/airflow/example_dags/example_bash_decorator.py
[2026-05-18T06:11:44.374+0000] {processor.py:925} INFO - DAG(s) 'example_bash_decorator' retrieved from /home/noelsdavid/airflow_venv/lib/python3.12/site-packages/airflow/example_dags/example_bash_decorator.py
[2026-05-18T06:11:44.399+0000] {logging_mixin.py:190} INFO - [2026-05-18T06:11:44.399+0000] {dag.py:3239} INFO - Sync 1 DAGs
[2026-05-18T06:11:44.416+0000] {logging_mixin.py:190} INFO - [2026-05-18T06:11:44.416+0000] {dag.py:4180} INFO - Setting next_dagrun for example_bash_decorator to None, run_after=None
[2026-05-18T06:11:44.448+0000] {processor.py:208} INFO - Processing /home/noelsdavid/airflow_venv/lib/python3.12/site-packages/airflow/example_dags/example_bash_decorator.py took 0.111 seconds
[2026-05-18T06:13:11.029+0000] {processor.py:186} INFO - Started process (PID=7692) to work on /home/noelsdavid/airflow_venv/lib/python3.12/site-packages/airflow/example_dags/example_bash_decorator.py
[2026-05-18T06:13:11.047+0000] {processor.py:914} INFO - Processing file /home/noelsdavid/airflow_venv/lib/python3.12/site-packages/airflow/example_dags/example_bash_decorator.py for tasks to queue
[2026-05-18T06:13:11.050+0000] {logging_mixin.py:190} INFO - [2026-05-18T06:13:11.050+0000] {dagbag.py:588} INFO - Filling up the DagBag from /home/noelsdavid/airflow_venv/lib/python3.12/site-packages/airflow/example_dags/example_bash_decorator.py
[2026-05-18T06:13:11.074+0000] {processor.py:925} INFO - DAG(s) 'example_bash_decorator' retrieved from /home/noelsdavid/airflow_venv/lib/python3.12/site-packages/airflow/example_dags/example_bash_decorator.py
[2026-05-18T06:13:11.100+0000] {logging_mixin.py:190} INFO - [2026-05-18T06:13:11.100+0000] {dag.py:3239} INFO - Sync 1 DAGs
[2026-05-18T06:13:11.116+0000] {logging_mixin.py:190} INFO - [2026-05-18T06:13:11.116+0000] {dag.py:4180} INFO - Setting next_dagrun for example_bash_decorator to None, run_after=None
[2026-05-18T06:13:11.146+0000] {processor.py:208} INFO - Processing /home/noelsdavid/airflow_venv/lib/python3.12/site-packages/airflow/example_dags/example_bash_decorator.py took 0.125 seconds
[2026-05-18T06:14:15.144+0000] {processor.py:186} INFO - Started process (PID=7754) to work on /home/noelsdavid/airflow_venv/lib/python3.12/site-packages/airflow/example_dags/example_bash_decorator.py
[2026-05-18T06:14:15.147+0000] {processor.py:914} INFO - Processing file /home/noelsdavid/airflow_venv/lib/python3.12/site-packages/airflow/example_dags/example_bash_decorator.py for tasks to queue
[2026-05-18T06:14:15.150+0000] {logging_mixin.py:190} INFO - [2026-05-18T06:14:15.149+0000] {dagbag.py:588} INFO - Filling up the DagBag from /home/noelsdavid/airflow_venv/lib/python3.12/site-packages/airflow/example_dags/example_bash_decorator.py
[2026-05-18T06:14:15.171+0000] {processor.py:925} INFO - DAG(s) 'example_bash_decorator' retrieved from /home/noelsdavid/airflow_venv/lib/python3.12/site-packages/airflow/example_dags/example_bash_decorator.py
[2026-05-18T06:14:15.197+0000] {logging_mixin.py:190} INFO - [2026-05-18T06:14:15.196+0000] {dag.py:3239} INFO - Sync 1 DAGs
[2026-05-18T06:14:15.213+0000] {logging_mixin.py:190} INFO - [2026-05-18T06:14:15.213+0000] {dag.py:4180} INFO - Setting next_dagrun for example_bash_decorator to None, run_after=None
[2026-05-18T06:14:15.244+0000] {processor.py:208} INFO - Processing /home/noelsdavid/airflow_venv/lib/python3.12/site-packages/airflow/example_dags/example_bash_decorator.py took 0.108 seconds
[2026-05-18T06:15:16.237+0000] {processor.py:186} INFO - Started process (PID=7841) to work on /home/noelsdavid/airflow_venv/lib/python3.12/site-packages/airflow/example_dags/example_bash_decorator.py
[2026-05-18T06:15:16.246+0000] {processor.py:914} INFO - Processing file /home/noelsdavid/airflow_venv/lib/python3.12/site-packages/airflow/example_dags/example_bash_decorator.py for tasks to queue
[2026-05-18T06:15:16.249+0000] {logging_mixin.py:190} INFO - [2026-05-18T06:15:16.249+0000] {dagbag.py:588} INFO - Filling up the DagBag from /home/noelsdavid/airflow_venv/lib/python3.12/site-packages/airflow/example_dags/example_bash_decorator.py
[2026-05-18T06:15:16.272+0000] {processor.py:925} INFO - DAG(s) 'example_bash_decorator' retrieved from /home/noelsdavid/airflow_venv/lib/python3.12/site-packages/airflow/example_dags/example_bash_decorator.py
[2026-05-18T06:15:16.298+0000] {logging_mixin.py:190} INFO - [2026-05-18T06:15:16.297+0000] {dag.py:3239} INFO - Sync 1 DAGs
[2026-05-18T06:15:16.315+0000] {logging_mixin.py:190} INFO - [2026-05-18T06:15:16.315+0000] {dag.py:4180} INFO - Setting next_dagrun for example_bash_decorator to None, run_after=None
[2026-05-18T06:15:16.348+0000] {processor.py:208} INFO - Processing /home/noelsdavid/airflow_venv/lib/python3.12/site-packages/airflow/example_dags/example_bash_decorator.py took 0.120 seconds
[2026-05-18T06:16:20.352+0000] {processor.py:186} INFO - Started process (PID=8040) to work on /home/noelsdavid/airflow_venv/lib/python3.12/site-packages/airflow/example_dags/example_bash_decorator.py
[2026-05-18T06:16:20.376+0000] {processor.py:914} INFO - Processing file /home/noelsdavid/airflow_venv/lib/python3.12/site-packages/airflow/example_dags/example_bash_decorator.py for tasks to queue
[2026-05-18T06:16:20.379+0000] {logging_mixin.py:190} INFO - [2026-05-18T06:16:20.379+0000] {dagbag.py:588} INFO - Filling up the DagBag from /home/noelsdavid/airflow_venv/lib/python3.12/site-packages/airflow/example_dags/example_bash_decorator.py
[2026-05-18T06:16:20.401+0000] {processor.py:925} INFO - DAG(s) 'example_bash_decorator' retrieved from /home/noelsdavid/airflow_venv/lib/python3.12/site-packages/airflow/example_dags/example_bash_decorator.py
[2026-05-18T06:16:20.426+0000] {logging_mixin.py:190} INFO - [2026-05-18T06:16:20.426+0000] {dag.py:3239} INFO - Sync 1 DAGs
[2026-05-18T06:16:20.442+0000] {logging_mixin.py:190} INFO - [2026-05-18T06:16:20.442+0000] {dag.py:4180} INFO - Setting next_dagrun for example_bash_decorator to None, run_after=None
[2026-05-18T06:16:20.473+0000] {processor.py:208} INFO - Processing /home/noelsdavid/airflow_venv/lib/python3.12/site-packages/airflow/example_dags/example_bash_decorator.py took 0.129 seconds
[2026-05-18T06:17:22.945+0000] {processor.py:186} INFO - Started process (PID=8272) to work on /home/noelsdavid/airflow_venv/lib/python3.12/site-packages/airflow/example_dags/example_bash_decorator.py
[2026-05-18T06:17:22.948+0000] {processor.py:914} INFO - Processing file /home/noelsdavid/airflow_venv/lib/python3.12/site-packages/airflow/example_dags/example_bash_decorator.py for tasks to queue
[2026-05-18T06:17:22.951+0000] {logging_mixin.py:190} INFO - [2026-05-18T06:17:22.950+0000] {dagbag.py:588} INFO - Filling up the DagBag from /home/noelsdavid/airflow_venv/lib/python3.12/site-packages/airflow/example_dags/example_bash_decorator.py
[2026-05-18T06:17:22.973+0000] {processor.py:925} INFO - DAG(s) 'example_bash_decorator' retrieved from /home/noelsdavid/airflow_venv/lib/python3.12/site-packages/airflow/example_dags/example_bash_decorator.py
[2026-05-18T06:17:22.997+0000] {logging_mixin.py:190} INFO - [2026-05-18T06:17:22.997+0000] {dag.py:3239} INFO - Sync 1 DAGs
[2026-05-18T06:17:23.014+0000] {logging_mixin.py:190} INFO - [2026-05-18T06:17:23.013+0000] {dag.py:4180} INFO - Setting next_dagrun for example_bash_decorator to None, run_after=None
[2026-05-18T06:17:23.046+0000] {processor.py:208} INFO - Processing /home/noelsdavid/airflow_venv/lib/python3.12/site-packages/airflow/example_dags/example_bash_decorator.py took 0.110 seconds
[2026-05-18T06:18:24.002+0000] {processor.py:186} INFO - Started process (PID=8468) to work on /home/noelsdavid/airflow_venv/lib/python3.12/site-packages/airflow/example_dags/example_bash_decorator.py
[2026-05-18T06:18:24.005+0000] {processor.py:914} INFO - Processing file /home/noelsdavid/airflow_venv/lib/python3.12/site-packages/airflow/example_dags/example_bash_decorator.py for tasks to queue
[2026-05-18T06:18:24.009+0000] {logging_mixin.py:190} INFO - [2026-05-18T06:18:24.008+0000] {dagbag.py:588} INFO - Filling up the DagBag from /home/noelsdavid/airflow_venv/lib/python3.12/site-packages/airflow/example_dags/example_bash_decorator.py
[2026-05-18T06:18:24.030+0000] {processor.py:925} INFO - DAG(s) 'example_bash_decorator' retrieved from /home/noelsdavid/airflow_venv/lib/python3.12/site-packages/airflow/example_dags/example_bash_decorator.py
[2026-05-18T06:18:24.054+0000] {logging_mixin.py:190} INFO - [2026-05-18T06:18:24.054+0000] {dag.py:3239} INFO - Sync 1 DAGs
[2026-05-18T06:18:24.070+0000] {logging_mixin.py:190} INFO - [2026-05-18T06:18:24.069+0000] {dag.py:4180} INFO - Setting next_dagrun for example_bash_decorator to None, run_after=None
[2026-05-18T06:18:24.099+0000] {processor.py:208} INFO - Processing /home/noelsdavid/airflow_venv/lib/python3.12/site-packages/airflow/example_dags/example_bash_decorator.py took 0.106 seconds
[2026-05-18T06:19:22.602+0000] {processor.py:186} INFO - Started process (PID=8527) to work on /home/noelsdavid/airflow_venv/lib/python3.12/site-packages/airflow/example_dags/example_bash_decorator.py
[2026-05-18T06:19:22.604+0000] {processor.py:914} INFO - Processing file /home/noelsdavid/airflow_venv/lib/python3.12/site-packages/airflow/example_dags/example_bash_decorator.py for tasks to queue
[2026-05-18T06:19:22.607+0000] {logging_mixin.py:190} INFO - [2026-05-18T06:19:22.607+0000] {dagbag.py:588} INFO - Filling up the DagBag from /home/noelsdavid/airflow_venv/lib/python3.12/site-packages/airflow/example_dags/example_bash_decorator.py
[2026-05-18T06:19:22.633+0000] {processor.py:925} INFO - DAG(s) 'example_bash_decorator' retrieved from /home/noelsdavid/airflow_venv/lib/python3.12/site-packages/airflow/example_dags/example_bash_decorator.py
[2026-05-18T06:19:22.658+0000] {logging_mixin.py:190} INFO - [2026-05-18T06:19:22.657+0000] {dag.py:3239} INFO - Sync 1 DAGs
[2026-05-18T06:19:22.674+0000] {logging_mixin.py:190} INFO - [2026-05-18T06:19:22.674+0000] {dag.py:4180} INFO - Setting next_dagrun for example_bash_decorator to None, run_after=None
[2026-05-18T06:19:22.704+0000] {processor.py:208} INFO - Processing /home/noelsdavid/airflow_venv/lib/python3.12/site-packages/airflow/example_dags/example_bash_decorator.py took 0.110 seconds
[2026-05-18T06:20:26.329+0000] {processor.py:186} INFO - Started process (PID=8613) to work on /home/noelsdavid/airflow_venv/lib/python3.12/site-packages/airflow/example_dags/example_bash_decorator.py
[2026-05-18T06:20:26.331+0000] {processor.py:914} INFO - Processing file /home/noelsdavid/airflow_venv/lib/python3.12/site-packages/airflow/example_dags/example_bash_decorator.py for tasks to queue
[2026-05-18T06:20:26.333+0000] {logging_mixin.py:190} INFO - [2026-05-18T06:20:26.333+0000] {dagbag.py:588} INFO - Filling up the DagBag from /home/noelsdavid/airflow_venv/lib/python3.12/site-packages/airflow/example_dags/example_bash_decorator.py
[2026-05-18T06:20:26.355+0000] {processor.py:925} INFO - DAG(s) 'example_bash_decorator' retrieved from /home/noelsdavid/airflow_venv/lib/python3.12/site-packages/airflow/example_dags/example_bash_decorator.py
[2026-05-18T06:20:26.381+0000] {logging_mixin.py:190} INFO - [2026-05-18T06:20:26.381+0000] {dag.py:3239} INFO - Sync 1 DAGs
[2026-05-18T06:20:26.397+0000] {logging_mixin.py:190} INFO - [2026-05-18T06:20:26.397+0000] {dag.py:4180} INFO - Setting next_dagrun for example_bash_decorator to None, run_after=None
[2026-05-18T06:20:26.426+0000] {processor.py:208} INFO - Processing /home/noelsdavid/airflow_venv/lib/python3.12/site-packages/airflow/example_dags/example_bash_decorator.py took 0.104 seconds
[2026-05-18T06:21:27.408+0000] {processor.py:186} INFO - Started process (PID=8673) to work on /home/noelsdavid/airflow_venv/lib/python3.12/site-packages/airflow/example_dags/example_bash_decorator.py
[2026-05-18T06:21:27.411+0000] {processor.py:914} INFO - Processing file /home/noelsdavid/airflow_venv/lib/python3.12/site-packages/airflow/example_dags/example_bash_decorator.py for tasks to queue
[2026-05-18T06:21:27.414+0000] {logging_mixin.py:190} INFO - [2026-05-18T06:21:27.413+0000] {dagbag.py:588} INFO - Filling up the DagBag from /home/noelsdavid/airflow_venv/lib/python3.12/site-packages/airflow/example_dags/example_bash_decorator.py
[2026-05-18T06:21:27.440+0000] {processor.py:925} INFO - DAG(s) 'example_bash_decorator' retrieved from /home/noelsdavid/airflow_venv/lib/python3.12/site-packages/airflow/example_dags/example_bash_decorator.py
[2026-05-18T06:21:27.468+0000] {logging_mixin.py:190} INFO - [2026-05-18T06:21:27.468+0000] {dag.py:3239} INFO - Sync 1 DAGs
[2026-05-18T06:21:27.486+0000] {logging_mixin.py:190} INFO - [2026-05-18T06:21:27.486+0000] {dag.py:4180} INFO - Setting next_dagrun for example_bash_decorator to None, run_after=None
[2026-05-18T06:21:27.521+0000] {processor.py:208} INFO - Processing /home/noelsdavid/airflow_venv/lib/python3.12/site-packages/airflow/example_dags/example_bash_decorator.py took 0.123 seconds
[2026-05-18T06:22:34.369+0000] {processor.py:186} INFO - Started process (PID=8737) to work on /home/noelsdavid/airflow_venv/lib/python3.12/site-packages/airflow/example_dags/example_bash_decorator.py
[2026-05-18T06:22:34.371+0000] {processor.py:914} INFO - Processing file /home/noelsdavid/airflow_venv/lib/python3.12/site-packages/airflow/example_dags/example_bash_decorator.py for tasks to queue
[2026-05-18T06:22:34.373+0000] {logging_mixin.py:190} INFO - [2026-05-18T06:22:34.372+0000] {dagbag.py:588} INFO - Filling up the DagBag from /home/noelsdavid/airflow_venv/lib/python3.12/site-packages/airflow/example_dags/example_bash_decorator.py
[2026-05-18T06:22:34.394+0000] {processor.py:925} INFO - DAG(s) 'example_bash_decorator' retrieved from /home/noelsdavid/airflow_venv/lib/python3.12/site-packages/airflow/example_dags/example_bash_decorator.py
[2026-05-18T06:22:34.420+0000] {logging_mixin.py:190} INFO - [2026-05-18T06:22:34.420+0000] {dag.py:3239} INFO - Sync 1 DAGs
[2026-05-18T06:22:34.438+0000] {logging_mixin.py:190} INFO - [2026-05-18T06:22:34.437+0000] {dag.py:4180} INFO - Setting next_dagrun for example_bash_decorator to None, run_after=None
[2026-05-18T06:22:34.466+0000] {processor.py:208} INFO - Processing /home/noelsdavid/airflow_venv/lib/python3.12/site-packages/airflow/example_dags/example_bash_decorator.py took 0.105 seconds
[2026-05-18T06:23:36.729+0000] {processor.py:186} INFO - Started process (PID=8798) to work on /home/noelsdavid/airflow_venv/lib/python3.12/site-packages/airflow/example_dags/example_bash_decorator.py
[2026-05-18T06:23:36.732+0000] {processor.py:914} INFO - Processing file /home/noelsdavid/airflow_venv/lib/python3.12/site-packages/airflow/example_dags/example_bash_decorator.py for tasks to queue
[2026-05-18T06:23:36.734+0000] {logging_mixin.py:190} INFO - [2026-05-18T06:23:36.733+0000] {dagbag.py:588} INFO - Filling up the DagBag from /home/noelsdavid/airflow_venv/lib/python3.12/site-packages/airflow/example_dags/example_bash_decorator.py
[2026-05-18T06:23:36.765+0000] {processor.py:925} INFO - DAG(s) 'example_bash_decorator' retrieved from /home/noelsdavid/airflow_venv/lib/python3.12/site-packages/airflow/example_dags/example_bash_decorator.py
[2026-05-18T06:23:36.798+0000] {logging_mixin.py:190} INFO - [2026-05-18T06:23:36.798+0000] {dag.py:3239} INFO - Sync 1 DAGs
[2026-05-18T06:23:36.818+0000] {logging_mixin.py:190} INFO - [2026-05-18T06:23:36.818+0000] {dag.py:4180} INFO - Setting next_dagrun for example_bash_decorator to None, run_after=None
[2026-05-18T06:23:36.857+0000] {processor.py:208} INFO - Processing /home/noelsdavid/airflow_venv/lib/python3.12/site-packages/airflow/example_dags/example_bash_decorator.py took 0.137 seconds
[2026-05-18T06:24:42.638+0000] {processor.py:186} INFO - Started process (PID=8861) to work on /home/noelsdavid/airflow_venv/lib/python3.12/site-packages/airflow/example_dags/example_bash_decorator.py
[2026-05-18T06:24:42.640+0000] {processor.py:914} INFO - Processing file /home/noelsdavid/airflow_venv/lib/python3.12/site-packages/airflow/example_dags/example_bash_decorator.py for tasks to queue
[2026-05-18T06:24:42.643+0000] {logging_mixin.py:190} INFO - [2026-05-18T06:24:42.642+0000] {dagbag.py:588} INFO - Filling up the DagBag from /home/noelsdavid/airflow_venv/lib/python3.12/site-packages/airflow/example_dags/example_bash_decorator.py
[2026-05-18T06:24:42.667+0000] {processor.py:925} INFO - DAG(s) 'example_bash_decorator' retrieved from /home/noelsdavid/airflow_venv/lib/python3.12/site-packages/airflow/example_dags/example_bash_decorator.py
[2026-05-18T06:24:42.694+0000] {logging_mixin.py:190} INFO - [2026-05-18T06:24:42.693+0000] {dag.py:3239} INFO - Sync 1 DAGs
[2026-05-18T06:24:42.714+0000] {logging_mixin.py:190} INFO - [2026-05-18T06:24:42.714+0000] {dag.py:4180} INFO - Setting next_dagrun for example_bash_decorator to None, run_after=None
[2026-05-18T06:24:42.751+0000] {processor.py:208} INFO - Processing /home/noelsdavid/airflow_venv/lib/python3.12/site-packages/airflow/example_dags/example_bash_decorator.py took 0.120 seconds
[2026-05-18T06:25:47.822+0000] {processor.py:186} INFO - Started process (PID=8946) to work on /home/noelsdavid/airflow_venv/lib/python3.12/site-packages/airflow/example_dags/example_bash_decorator.py
[2026-05-18T06:25:47.825+0000] {processor.py:914} INFO - Processing file /home/noelsdavid/airflow_venv/lib/python3.12/site-packages/airflow/example_dags/example_bash_decorator.py for tasks to queue
[2026-05-18T06:25:47.827+0000] {logging_mixin.py:190} INFO - [2026-05-18T06:25:47.826+0000] {dagbag.py:588} INFO - Filling up the DagBag from /home/noelsdavid/airflow_venv/lib/python3.12/site-packages/airflow/example_dags/example_bash_decorator.py
[2026-05-18T06:25:47.848+0000] {processor.py:925} INFO - DAG(s) 'example_bash_decorator' retrieved from /home/noelsdavid/airflow_venv/lib/python3.12/site-packages/airflow/example_dags/example_bash_decorator.py
[2026-05-18T06:25:47.874+0000] {logging_mixin.py:190} INFO - [2026-05-18T06:25:47.873+0000] {dag.py:3239} INFO - Sync 1 DAGs
[2026-05-18T06:25:47.890+0000] {logging_mixin.py:190} INFO - [2026-05-18T06:25:47.890+0000] {dag.py:4180} INFO - Setting next_dagrun for example_bash_decorator to None, run_after=None
[2026-05-18T06:25:47.920+0000] {processor.py:208} INFO - Processing /home/noelsdavid/airflow_venv/lib/python3.12/site-packages/airflow/example_dags/example_bash_decorator.py took 0.105 seconds
[2026-05-18T06:26:51.452+0000] {processor.py:186} INFO - Started process (PID=9116) to work on /home/noelsdavid/airflow_venv/lib/python3.12/site-packages/airflow/example_dags/example_bash_decorator.py
[2026-05-18T06:26:51.455+0000] {processor.py:914} INFO - Processing file /home/noelsdavid/airflow_venv/lib/python3.12/site-packages/airflow/example_dags/example_bash_decorator.py for tasks to queue
[2026-05-18T06:26:51.457+0000] {logging_mixin.py:190} INFO - [2026-05-18T06:26:51.456+0000] {dagbag.py:588} INFO - Filling up the DagBag from /home/noelsdavid/airflow_venv/lib/python3.12/site-packages/airflow/example_dags/example_bash_decorator.py
[2026-05-18T06:26:51.483+0000] {processor.py:925} INFO - DAG(s) 'example_bash_decorator' retrieved from /home/noelsdavid/airflow_venv/lib/python3.12/site-packages/airflow/example_dags/example_bash_decorator.py
[2026-05-18T06:26:51.512+0000] {logging_mixin.py:190} INFO - [2026-05-18T06:26:51.511+0000] {dag.py:3239} INFO - Sync 1 DAGs
[2026-05-18T06:26:51.539+0000] {logging_mixin.py:190} INFO - [2026-05-18T06:26:51.539+0000] {dag.py:4180} INFO - Setting next_dagrun for example_bash_decorator to None, run_after=None
[2026-05-18T06:26:51.586+0000] {processor.py:208} INFO - Processing /home/noelsdavid/airflow_venv/lib/python3.12/site-packages/airflow/example_dags/example_bash_decorator.py took 0.143 seconds
[2026-05-18T06:28:18.720+0000] {processor.py:186} INFO - Started process (PID=9710) to work on /home/noelsdavid/airflow_venv/lib/python3.12/site-packages/airflow/example_dags/example_bash_decorator.py
[2026-05-18T06:28:18.723+0000] {processor.py:914} INFO - Processing file /home/noelsdavid/airflow_venv/lib/python3.12/site-packages/airflow/example_dags/example_bash_decorator.py for tasks to queue
[2026-05-18T06:28:18.725+0000] {logging_mixin.py:190} INFO - [2026-05-18T06:28:18.724+0000] {dagbag.py:588} INFO - Filling up the DagBag from /home/noelsdavid/airflow_venv/lib/python3.12/site-packages/airflow/example_dags/example_bash_decorator.py
[2026-05-18T06:28:18.746+0000] {processor.py:925} INFO - DAG(s) 'example_bash_decorator' retrieved from /home/noelsdavid/airflow_venv/lib/python3.12/site-packages/airflow/example_dags/example_bash_decorator.py
[2026-05-18T06:28:18.771+0000] {logging_mixin.py:190} INFO - [2026-05-18T06:28:18.771+0000] {dag.py:3239} INFO - Sync 1 DAGs
[2026-05-18T06:28:18.787+0000] {logging_mixin.py:190} INFO - [2026-05-18T06:28:18.787+0000] {dag.py:4180} INFO - Setting next_dagrun for example_bash_decorator to None, run_after=None
[2026-05-18T06:28:18.818+0000] {processor.py:208} INFO - Processing /home/noelsdavid/airflow_venv/lib/python3.12/site-packages/airflow/example_dags/example_bash_decorator.py took 0.105 seconds
[2026-05-18T06:29:27.005+0000] {processor.py:186} INFO - Started process (PID=9773) to work on /home/noelsdavid/airflow_venv/lib/python3.12/site-packages/airflow/example_dags/example_bash_decorator.py
[2026-05-18T06:29:27.010+0000] {processor.py:914} INFO - Processing file /home/noelsdavid/airflow_venv/lib/python3.12/site-packages/airflow/example_dags/example_bash_decorator.py for tasks to queue
[2026-05-18T06:29:27.012+0000] {logging_mixin.py:190} INFO - [2026-05-18T06:29:27.011+0000] {dagbag.py:588} INFO - Filling up the DagBag from /home/noelsdavid/airflow_venv/lib/python3.12/site-packages/airflow/example_dags/example_bash_decorator.py
[2026-05-18T06:29:27.033+0000] {processor.py:925} INFO - DAG(s) 'example_bash_decorator' retrieved from /home/noelsdavid/airflow_venv/lib/python3.12/site-packages/airflow/example_dags/example_bash_decorator.py
[2026-05-18T06:29:27.062+0000] {logging_mixin.py:190} INFO - [2026-05-18T06:29:27.061+0000] {dag.py:3239} INFO - Sync 1 DAGs
[2026-05-18T06:29:27.079+0000] {logging_mixin.py:190} INFO - [2026-05-18T06:29:27.079+0000] {dag.py:4180} INFO - Setting next_dagrun for example_bash_decorator to None, run_after=None
[2026-05-18T06:29:27.108+0000] {processor.py:208} INFO - Processing /home/noelsdavid/airflow_venv/lib/python3.12/site-packages/airflow/example_dags/example_bash_decorator.py took 0.112 seconds
[2026-05-18T06:30:33.438+0000] {processor.py:186} INFO - Started process (PID=9862) to work on /home/noelsdavid/airflow_venv/lib/python3.12/site-packages/airflow/example_dags/example_bash_decorator.py
[2026-05-18T06:30:33.440+0000] {processor.py:914} INFO - Processing file /home/noelsdavid/airflow_venv/lib/python3.12/site-packages/airflow/example_dags/example_bash_decorator.py for tasks to queue
[2026-05-18T06:30:33.442+0000] {logging_mixin.py:190} INFO - [2026-05-18T06:30:33.441+0000] {dagbag.py:588} INFO - Filling up the DagBag from /home/noelsdavid/airflow_venv/lib/python3.12/site-packages/airflow/example_dags/example_bash_decorator.py
[2026-05-18T06:30:33.464+0000] {processor.py:925} INFO - DAG(s) 'example_bash_decorator' retrieved from /home/noelsdavid/airflow_venv/lib/python3.12/site-packages/airflow/example_dags/example_bash_decorator.py
[2026-05-18T06:30:33.489+0000] {logging_mixin.py:190} INFO - [2026-05-18T06:30:33.489+0000] {dag.py:3239} INFO - Sync 1 DAGs
[2026-05-18T06:30:33.505+0000] {logging_mixin.py:190} INFO - [2026-05-18T06:30:33.504+0000] {dag.py:4180} INFO - Setting next_dagrun for example_bash_decorator to None, run_after=None
[2026-05-18T06:30:33.534+0000] {processor.py:208} INFO - Processing /home/noelsdavid/airflow_venv/lib/python3.12/site-packages/airflow/example_dags/example_bash_decorator.py took 0.105 seconds
[2026-05-18T06:31:39.066+0000] {processor.py:186} INFO - Started process (PID=9925) to work on /home/noelsdavid/airflow_venv/lib/python3.12/site-packages/airflow/example_dags/example_bash_decorator.py
[2026-05-18T06:31:39.076+0000] {processor.py:914} INFO - Processing file /home/noelsdavid/airflow_venv/lib/python3.12/site-packages/airflow/example_dags/example_bash_decorator.py for tasks to queue
[2026-05-18T06:31:39.078+0000] {logging_mixin.py:190} INFO - [2026-05-18T06:31:39.077+0000] {dagbag.py:588} INFO - Filling up the DagBag from /home/noelsdavid/airflow_venv/lib/python3.12/site-packages/airflow/example_dags/example_bash_decorator.py
[2026-05-18T06:31:39.099+0000] {processor.py:925} INFO - DAG(s) 'example_bash_decorator' retrieved from /home/noelsdavid/airflow_venv/lib/python3.12/site-packages/airflow/example_dags/example_bash_decorator.py
[2026-05-18T06:31:39.123+0000] {logging_mixin.py:190} INFO - [2026-05-18T06:31:39.123+0000] {dag.py:3239} INFO - Sync 1 DAGs
[2026-05-18T06:31:39.140+0000] {logging_mixin.py:190} INFO - [2026-05-18T06:31:39.139+0000] {dag.py:4180} INFO - Setting next_dagrun for example_bash_decorator to None, run_after=None
[2026-05-18T06:31:39.168+0000] {processor.py:208} INFO - Processing /home/noelsdavid/airflow_venv/lib/python3.12/site-packages/airflow/example_dags/example_bash_decorator.py took 0.109 seconds
[2026-05-18T06:32:38.817+0000] {processor.py:186} INFO - Started process (PID=9986) to work on /home/noelsdavid/airflow_venv/lib/python3.12/site-packages/airflow/example_dags/example_bash_decorator.py
[2026-05-18T06:32:38.820+0000] {processor.py:914} INFO - Processing file /home/noelsdavid/airflow_venv/lib/python3.12/site-packages/airflow/example_dags/example_bash_decorator.py for tasks to queue
[2026-05-18T06:32:38.822+0000] {logging_mixin.py:190} INFO - [2026-05-18T06:32:38.821+0000] {dagbag.py:588} INFO - Filling up the DagBag from /home/noelsdavid/airflow_venv/lib/python3.12/site-packages/airflow/example_dags/example_bash_decorator.py
[2026-05-18T06:32:38.843+0000] {processor.py:925} INFO - DAG(s) 'example_bash_decorator' retrieved from /home/noelsdavid/airflow_venv/lib/python3.12/site-packages/airflow/example_dags/example_bash_decorator.py
[2026-05-18T06:32:38.868+0000] {logging_mixin.py:190} INFO - [2026-05-18T06:32:38.867+0000] {dag.py:3239} INFO - Sync 1 DAGs
[2026-05-18T06:32:38.885+0000] {logging_mixin.py:190} INFO - [2026-05-18T06:32:38.884+0000] {dag.py:4180} INFO - Setting next_dagrun for example_bash_decorator to None, run_after=None
[2026-05-18T06:32:38.913+0000] {processor.py:208} INFO - Processing /home/noelsdavid/airflow_venv/lib/python3.12/site-packages/airflow/example_dags/example_bash_decorator.py took 0.104 seconds
[2026-05-18T06:33:40.057+0000] {processor.py:186} INFO - Started process (PID=10051) to work on /home/noelsdavid/airflow_venv/lib/python3.12/site-packages/airflow/example_dags/example_bash_decorator.py
[2026-05-18T06:33:40.059+0000] {processor.py:914} INFO - Processing file /home/noelsdavid/airflow_venv/lib/python3.12/site-packages/airflow/example_dags/example_bash_decorator.py for tasks to queue
[2026-05-18T06:33:40.061+0000] {logging_mixin.py:190} INFO - [2026-05-18T06:33:40.060+0000] {dagbag.py:588} INFO - Filling up the DagBag from /home/noelsdavid/airflow_venv/lib/python3.12/site-packages/airflow/example_dags/example_bash_decorator.py
[2026-05-18T06:33:40.084+0000] {processor.py:925} INFO - DAG(s) 'example_bash_decorator' retrieved from /home/noelsdavid/airflow_venv/lib/python3.12/site-packages/airflow/example_dags/example_bash_decorator.py
[2026-05-18T06:33:40.109+0000] {logging_mixin.py:190} INFO - [2026-05-18T06:33:40.109+0000] {dag.py:3239} INFO - Sync 1 DAGs
[2026-05-18T06:33:40.126+0000] {logging_mixin.py:190} INFO - [2026-05-18T06:33:40.125+0000] {dag.py:4180} INFO - Setting next_dagrun for example_bash_decorator to None, run_after=None
[2026-05-18T06:33:40.162+0000] {processor.py:208} INFO - Processing /home/noelsdavid/airflow_venv/lib/python3.12/site-packages/airflow/example_dags/example_bash_decorator.py took 0.114 seconds
[2026-05-18T06:34:46.068+0000] {processor.py:186} INFO - Started process (PID=10241) to work on /home/noelsdavid/airflow_venv/lib/python3.12/site-packages/airflow/example_dags/example_bash_decorator.py
[2026-05-18T06:34:46.070+0000] {processor.py:914} INFO - Processing file /home/noelsdavid/airflow_venv/lib/python3.12/site-packages/airflow/example_dags/example_bash_decorator.py for tasks to queue
[2026-05-18T06:34:46.072+0000] {logging_mixin.py:190} INFO - [2026-05-18T06:34:46.071+0000] {dagbag.py:588} INFO - Filling up the DagBag from /home/noelsdavid/airflow_venv/lib/python3.12/site-packages/airflow/example_dags/example_bash_decorator.py
[2026-05-18T06:34:46.094+0000] {processor.py:925} INFO - DAG(s) 'example_bash_decorator' retrieved from /home/noelsdavid/airflow_venv/lib/python3.12/site-packages/airflow/example_dags/example_bash_decorator.py
[2026-05-18T06:34:46.121+0000] {logging_mixin.py:190} INFO - [2026-05-18T06:34:46.120+0000] {dag.py:3239} INFO - Sync 1 DAGs
[2026-05-18T06:34:46.138+0000] {logging_mixin.py:190} INFO - [2026-05-18T06:34:46.138+0000] {dag.py:4180} INFO - Setting next_dagrun for example_bash_decorator to None, run_after=None
[2026-05-18T06:34:46.171+0000] {processor.py:208} INFO - Processing /home/noelsdavid/airflow_venv/lib/python3.12/site-packages/airflow/example_dags/example_bash_decorator.py took 0.112 seconds
[2026-05-18T06:35:50.768+0000] {processor.py:186} INFO - Started process (PID=10420) to work on /home/noelsdavid/airflow_venv/lib/python3.12/site-packages/airflow/example_dags/example_bash_decorator.py
[2026-05-18T06:35:50.771+0000] {processor.py:914} INFO - Processing file /home/noelsdavid/airflow_venv/lib/python3.12/site-packages/airflow/example_dags/example_bash_decorator.py for tasks to queue
[2026-05-18T06:35:50.773+0000] {logging_mixin.py:190} INFO - [2026-05-18T06:35:50.773+0000] {dagbag.py:588} INFO - Filling up the DagBag from /home/noelsdavid/airflow_venv/lib/python3.12/site-packages/airflow/example_dags/example_bash_decorator.py
[2026-05-18T06:35:50.795+0000] {processor.py:925} INFO - DAG(s) 'example_bash_decorator' retrieved from /home/noelsdavid/airflow_venv/lib/python3.12/site-packages/airflow/example_dags/example_bash_decorator.py
[2026-05-18T06:35:50.822+0000] {logging_mixin.py:190} INFO - [2026-05-18T06:35:50.821+0000] {dag.py:3239} INFO - Sync 1 DAGs
[2026-05-18T06:35:50.839+0000] {logging_mixin.py:190} INFO - [2026-05-18T06:35:50.838+0000] {dag.py:4180} INFO - Setting next_dagrun for example_bash_decorator to None, run_after=None
[2026-05-18T06:35:50.872+0000] {processor.py:208} INFO - Processing /home/noelsdavid/airflow_venv/lib/python3.12/site-packages/airflow/example_dags/example_bash_decorator.py took 0.112 seconds
[2026-05-18T06:36:53.359+0000] {processor.py:186} INFO - Started process (PID=10657) to work on /home/noelsdavid/airflow_venv/lib/python3.12/site-packages/airflow/example_dags/example_bash_decorator.py
[2026-05-18T06:36:53.367+0000] {processor.py:914} INFO - Processing file /home/noelsdavid/airflow_venv/lib/python3.12/site-packages/airflow/example_dags/example_bash_decorator.py for tasks to queue
[2026-05-18T06:36:53.369+0000] {logging_mixin.py:190} INFO - [2026-05-18T06:36:53.369+0000] {dagbag.py:588} INFO - Filling up the DagBag from /home/noelsdavid/airflow_venv/lib/python3.12/site-packages/airflow/example_dags/example_bash_decorator.py
[2026-05-18T06:36:53.390+0000] {processor.py:925} INFO - DAG(s) 'example_bash_decorator' retrieved from /home/noelsdavid/airflow_venv/lib/python3.12/site-packages/airflow/example_dags/example_bash_decorator.py
[2026-05-18T06:36:53.415+0000] {logging_mixin.py:190} INFO - [2026-05-18T06:36:53.415+0000] {dag.py:3239} INFO - Sync 1 DAGs
[2026-05-18T06:36:53.431+0000] {logging_mixin.py:190} INFO - [2026-05-18T06:36:53.431+0000] {dag.py:4180} INFO - Setting next_dagrun for example_bash_decorator to None, run_after=None
[2026-05-18T06:36:53.460+0000] {processor.py:208} INFO - Processing /home/noelsdavid/airflow_venv/lib/python3.12/site-packages/airflow/example_dags/example_bash_decorator.py took 0.108 seconds
[2026-05-18T06:37:58.303+0000] {processor.py:186} INFO - Started process (PID=10952) to work on /home/noelsdavid/airflow_venv/lib/python3.12/site-packages/airflow/example_dags/example_bash_decorator.py
[2026-05-18T06:37:58.305+0000] {processor.py:914} INFO - Processing file /home/noelsdavid/airflow_venv/lib/python3.12/site-packages/airflow/example_dags/example_bash_decorator.py for tasks to queue
[2026-05-18T06:37:58.307+0000] {logging_mixin.py:190} INFO - [2026-05-18T06:37:58.307+0000] {dagbag.py:588} INFO - Filling up the DagBag from /home/noelsdavid/airflow_venv/lib/python3.12/site-packages/airflow/example_dags/example_bash_decorator.py
[2026-05-18T06:37:58.331+0000] {processor.py:925} INFO - DAG(s) 'example_bash_decorator' retrieved from /home/noelsdavid/airflow_venv/lib/python3.12/site-packages/airflow/example_dags/example_bash_decorator.py
[2026-05-18T06:37:58.357+0000] {logging_mixin.py:190} INFO - [2026-05-18T06:37:58.356+0000] {dag.py:3239} INFO - Sync 1 DAGs
[2026-05-18T06:37:58.374+0000] {logging_mixin.py:190} INFO - [2026-05-18T06:37:58.374+0000] {dag.py:4180} INFO - Setting next_dagrun for example_bash_decorator to None, run_after=None
[2026-05-18T06:37:58.402+0000] {processor.py:208} INFO - Processing /home/noelsdavid/airflow_venv/lib/python3.12/site-packages/airflow/example_dags/example_bash_decorator.py took 0.107 seconds
[2026-05-18T06:39:01.336+0000] {processor.py:186} INFO - Started process (PID=11203) to work on /home/noelsdavid/airflow_venv/lib/python3.12/site-packages/airflow/example_dags/example_bash_decorator.py
[2026-05-18T06:39:01.339+0000] {processor.py:914} INFO - Processing file /home/noelsdavid/airflow_venv/lib/python3.12/site-packages/airflow/example_dags/example_bash_decorator.py for tasks to queue
[2026-05-18T06:39:01.341+0000] {logging_mixin.py:190} INFO - [2026-05-18T06:39:01.340+0000] {dagbag.py:588} INFO - Filling up the DagBag from /home/noelsdavid/airflow_venv/lib/python3.12/site-packages/airflow/example_dags/example_bash_decorator.py
[2026-05-18T06:39:01.362+0000] {processor.py:925} INFO - DAG(s) 'example_bash_decorator' retrieved from /home/noelsdavid/airflow_venv/lib/python3.12/site-packages/airflow/example_dags/example_bash_decorator.py
[2026-05-18T06:39:01.388+0000] {logging_mixin.py:190} INFO - [2026-05-18T06:39:01.387+0000] {dag.py:3239} INFO - Sync 1 DAGs
[2026-05-18T06:39:01.408+0000] {logging_mixin.py:190} INFO - [2026-05-18T06:39:01.408+0000] {dag.py:4180} INFO - Setting next_dagrun for example_bash_decorator to None, run_after=None
[2026-05-18T06:39:01.444+0000] {processor.py:208} INFO - Processing /home/noelsdavid/airflow_venv/lib/python3.12/site-packages/airflow/example_dags/example_bash_decorator.py took 0.115 seconds
[2026-05-18T06:40:08.987+0000] {processor.py:186} INFO - Started process (PID=11441) to work on /home/noelsdavid/airflow_venv/lib/python3.12/site-packages/airflow/example_dags/example_bash_decorator.py
[2026-05-18T06:40:08.989+0000] {processor.py:914} INFO - Processing file /home/noelsdavid/airflow_venv/lib/python3.12/site-packages/airflow/example_dags/example_bash_decorator.py for tasks to queue
[2026-05-18T06:40:08.991+0000] {logging_mixin.py:190} INFO - [2026-05-18T06:40:08.991+0000] {dagbag.py:588} INFO - Filling up the DagBag from /home/noelsdavid/airflow_venv/lib/python3.12/site-packages/airflow/example_dags/example_bash_decorator.py
[2026-05-18T06:40:09.015+0000] {processor.py:925} INFO - DAG(s) 'example_bash_decorator' retrieved from /home/noelsdavid/airflow_venv/lib/python3.12/site-packages/airflow/example_dags/example_bash_decorator.py
[2026-05-18T06:40:09.043+0000] {logging_mixin.py:190} INFO - [2026-05-18T06:40:09.043+0000] {dag.py:3239} INFO - Sync 1 DAGs
[2026-05-18T06:40:09.061+0000] {logging_mixin.py:190} INFO - [2026-05-18T06:40:09.061+0000] {dag.py:4180} INFO - Setting next_dagrun for example_bash_decorator to None, run_after=None
[2026-05-18T06:40:09.089+0000] {processor.py:208} INFO - Processing /home/noelsdavid/airflow_venv/lib/python3.12/site-packages/airflow/example_dags/example_bash_decorator.py took 0.110 seconds
[2026-05-18T06:41:22.894+0000] {processor.py:186} INFO - Started process (PID=12129) to work on /home/noelsdavid/airflow_venv/lib/python3.12/site-packages/airflow/example_dags/example_bash_decorator.py
[2026-05-18T06:41:22.902+0000] {processor.py:914} INFO - Processing file /home/noelsdavid/airflow_venv/lib/python3.12/site-packages/airflow/example_dags/example_bash_decorator.py for tasks to queue
[2026-05-18T06:41:22.904+0000] {logging_mixin.py:190} INFO - [2026-05-18T06:41:22.904+0000] {dagbag.py:588} INFO - Filling up the DagBag from /home/noelsdavid/airflow_venv/lib/python3.12/site-packages/airflow/example_dags/example_bash_decorator.py
[2026-05-18T06:41:22.929+0000] {processor.py:925} INFO - DAG(s) 'example_bash_decorator' retrieved from /home/noelsdavid/airflow_venv/lib/python3.12/site-packages/airflow/example_dags/example_bash_decorator.py
[2026-05-18T06:41:22.956+0000] {logging_mixin.py:190} INFO - [2026-05-18T06:41:22.955+0000] {dag.py:3239} INFO - Sync 1 DAGs
[2026-05-18T06:41:22.974+0000] {logging_mixin.py:190} INFO - [2026-05-18T06:41:22.974+0000] {dag.py:4180} INFO - Setting next_dagrun for example_bash_decorator to None, run_after=None
[2026-05-18T06:41:23.007+0000] {processor.py:208} INFO - Processing /home/noelsdavid/airflow_venv/lib/python3.12/site-packages/airflow/example_dags/example_bash_decorator.py took 0.122 seconds
[2026-05-18T06:42:34.634+0000] {processor.py:186} INFO - Started process (PID=12482) to work on /home/noelsdavid/airflow_venv/lib/python3.12/site-packages/airflow/example_dags/example_bash_decorator.py
[2026-05-18T06:42:34.636+0000] {processor.py:914} INFO - Processing file /home/noelsdavid/airflow_venv/lib/python3.12/site-packages/airflow/example_dags/example_bash_decorator.py for tasks to queue
[2026-05-18T06:42:34.638+0000] {logging_mixin.py:190} INFO - [2026-05-18T06:42:34.637+0000] {dagbag.py:588} INFO - Filling up the DagBag from /home/noelsdavid/airflow_venv/lib/python3.12/site-packages/airflow/example_dags/example_bash_decorator.py
[2026-05-18T06:42:34.660+0000] {processor.py:925} INFO - DAG(s) 'example_bash_decorator' retrieved from /home/noelsdavid/airflow_venv/lib/python3.12/site-packages/airflow/example_dags/example_bash_decorator.py
[2026-05-18T06:42:34.687+0000] {logging_mixin.py:190} INFO - [2026-05-18T06:42:34.686+0000] {dag.py:3239} INFO - Sync 1 DAGs
[2026-05-18T06:42:34.704+0000] {logging_mixin.py:190} INFO - [2026-05-18T06:42:34.704+0000] {dag.py:4180} INFO - Setting next_dagrun for example_bash_decorator to None, run_after=None
[2026-05-18T06:42:34.738+0000] {processor.py:208} INFO - Processing /home/noelsdavid/airflow_venv/lib/python3.12/site-packages/airflow/example_dags/example_bash_decorator.py took 0.114 seconds
[2026-05-18T06:44:07.030+0000] {processor.py:186} INFO - Started process (PID=13017) to work on /home/noelsdavid/airflow_venv/lib/python3.12/site-packages/airflow/example_dags/example_bash_decorator.py
[2026-05-18T06:44:07.033+0000] {processor.py:914} INFO - Processing file /home/noelsdavid/airflow_venv/lib/python3.12/site-packages/airflow/example_dags/example_bash_decorator.py for tasks to queue
[2026-05-18T06:44:07.035+0000] {logging_mixin.py:190} INFO - [2026-05-18T06:44:07.034+0000] {dagbag.py:588} INFO - Filling up the DagBag from /home/noelsdavid/airflow_venv/lib/python3.12/site-packages/airflow/example_dags/example_bash_decorator.py
[2026-05-18T06:44:07.059+0000] {processor.py:925} INFO - DAG(s) 'example_bash_decorator' retrieved from /home/noelsdavid/airflow_venv/lib/python3.12/site-packages/airflow/example_dags/example_bash_decorator.py
[2026-05-18T06:44:07.091+0000] {logging_mixin.py:190} INFO - [2026-05-18T06:44:07.090+0000] {dag.py:3239} INFO - Sync 1 DAGs
[2026-05-18T06:44:07.110+0000] {logging_mixin.py:190} INFO - [2026-05-18T06:44:07.109+0000] {dag.py:4180} INFO - Setting next_dagrun for example_bash_decorator to None, run_after=None
[2026-05-18T06:44:07.141+0000] {processor.py:208} INFO - Processing /home/noelsdavid/airflow_venv/lib/python3.12/site-packages/airflow/example_dags/example_bash_decorator.py took 0.120 seconds
[2026-05-18T06:45:24.701+0000] {processor.py:186} INFO - Started process (PID=13125) to work on /home/noelsdavid/airflow_venv/lib/python3.12/site-packages/airflow/example_dags/example_bash_decorator.py
[2026-05-18T06:45:24.703+0000] {processor.py:914} INFO - Processing file /home/noelsdavid/airflow_venv/lib/python3.12/site-packages/airflow/example_dags/example_bash_decorator.py for tasks to queue
[2026-05-18T06:45:24.705+0000] {logging_mixin.py:190} INFO - [2026-05-18T06:45:24.705+0000] {dagbag.py:588} INFO - Filling up the DagBag from /home/noelsdavid/airflow_venv/lib/python3.12/site-packages/airflow/example_dags/example_bash_decorator.py
[2026-05-18T06:45:24.727+0000] {processor.py:925} INFO - DAG(s) 'example_bash_decorator' retrieved from /home/noelsdavid/airflow_venv/lib/python3.12/site-packages/airflow/example_dags/example_bash_decorator.py
[2026-05-18T06:45:24.754+0000] {logging_mixin.py:190} INFO - [2026-05-18T06:45:24.754+0000] {dag.py:3239} INFO - Sync 1 DAGs
[2026-05-18T06:45:24.770+0000] {logging_mixin.py:190} INFO - [2026-05-18T06:45:24.770+0000] {dag.py:4180} INFO - Setting next_dagrun for example_bash_decorator to None, run_after=None
[2026-05-18T06:45:24.806+0000] {processor.py:208} INFO - Processing /home/noelsdavid/airflow_venv/lib/python3.12/site-packages/airflow/example_dags/example_bash_decorator.py took 0.114 seconds
[2026-05-18T06:46:36.427+0000] {processor.py:186} INFO - Started process (PID=13203) to work on /home/noelsdavid/airflow_venv/lib/python3.12/site-packages/airflow/example_dags/example_bash_decorator.py
[2026-05-18T06:46:36.430+0000] {processor.py:914} INFO - Processing file /home/noelsdavid/airflow_venv/lib/python3.12/site-packages/airflow/example_dags/example_bash_decorator.py for tasks to queue
[2026-05-18T06:46:36.432+0000] {logging_mixin.py:190} INFO - [2026-05-18T06:46:36.431+0000] {dagbag.py:588} INFO - Filling up the DagBag from /home/noelsdavid/airflow_venv/lib/python3.12/site-packages/airflow/example_dags/example_bash_decorator.py
[2026-05-18T06:46:36.457+0000] {processor.py:925} INFO - DAG(s) 'example_bash_decorator' retrieved from /home/noelsdavid/airflow_venv/lib/python3.12/site-packages/airflow/example_dags/example_bash_decorator.py
[2026-05-18T06:46:36.484+0000] {logging_mixin.py:190} INFO - [2026-05-18T06:46:36.483+0000] {dag.py:3239} INFO - Sync 1 DAGs
[2026-05-18T06:46:36.500+0000] {logging_mixin.py:190} INFO - [2026-05-18T06:46:36.500+0000] {dag.py:4180} INFO - Setting next_dagrun for example_bash_decorator to None, run_after=None
[2026-05-18T06:46:36.535+0000] {processor.py:208} INFO - Processing /home/noelsdavid/airflow_venv/lib/python3.12/site-packages/airflow/example_dags/example_bash_decorator.py took 0.117 seconds
[2026-05-18T06:47:42.965+0000] {processor.py:186} INFO - Started process (PID=13279) to work on /home/noelsdavid/airflow_venv/lib/python3.12/site-packages/airflow/example_dags/example_bash_decorator.py
[2026-05-18T06:47:42.967+0000] {processor.py:914} INFO - Processing file /home/noelsdavid/airflow_venv/lib/python3.12/site-packages/airflow/example_dags/example_bash_decorator.py for tasks to queue
[2026-05-18T06:47:42.969+0000] {logging_mixin.py:190} INFO - [2026-05-18T06:47:42.969+0000] {dagbag.py:588} INFO - Filling up the DagBag from /home/noelsdavid/airflow_venv/lib/python3.12/site-packages/airflow/example_dags/example_bash_decorator.py
[2026-05-18T06:47:42.990+0000] {processor.py:925} INFO - DAG(s) 'example_bash_decorator' retrieved from /home/noelsdavid/airflow_venv/lib/python3.12/site-packages/airflow/example_dags/example_bash_decorator.py
[2026-05-18T06:47:43.015+0000] {logging_mixin.py:190} INFO - [2026-05-18T06:47:43.015+0000] {dag.py:3239} INFO - Sync 1 DAGs
[2026-05-18T06:47:43.032+0000] {logging_mixin.py:190} INFO - [2026-05-18T06:47:43.032+0000] {dag.py:4180} INFO - Setting next_dagrun for example_bash_decorator to None, run_after=None
[2026-05-18T06:47:43.062+0000] {processor.py:208} INFO - Processing /home/noelsdavid/airflow_venv/lib/python3.12/site-packages/airflow/example_dags/example_bash_decorator.py took 0.107 seconds
[2026-05-18T06:48:48.495+0000] {processor.py:186} INFO - Started process (PID=13351) to work on /home/noelsdavid/airflow_venv/lib/python3.12/site-packages/airflow/example_dags/example_bash_decorator.py
[2026-05-18T06:48:48.497+0000] {processor.py:914} INFO - Processing file /home/noelsdavid/airflow_venv/lib/python3.12/site-packages/airflow/example_dags/example_bash_decorator.py for tasks to queue
[2026-05-18T06:48:48.500+0000] {logging_mixin.py:190} INFO - [2026-05-18T06:48:48.499+0000] {dagbag.py:588} INFO - Filling up the DagBag from /home/noelsdavid/airflow_venv/lib/python3.12/site-packages/airflow/example_dags/example_bash_decorator.py
[2026-05-18T06:48:48.524+0000] {processor.py:925} INFO - DAG(s) 'example_bash_decorator' retrieved from /home/noelsdavid/airflow_venv/lib/python3.12/site-packages/airflow/example_dags/example_bash_decorator.py
[2026-05-18T06:48:48.551+0000] {logging_mixin.py:190} INFO - [2026-05-18T06:48:48.551+0000] {dag.py:3239} INFO - Sync 1 DAGs
[2026-05-18T06:48:48.568+0000] {logging_mixin.py:190} INFO - [2026-05-18T06:48:48.568+0000] {dag.py:4180} INFO - Setting next_dagrun for example_bash_decorator to None, run_after=None
[2026-05-18T06:48:48.599+0000] {processor.py:208} INFO - Processing /home/noelsdavid/airflow_venv/lib/python3.12/site-packages/airflow/example_dags/example_bash_decorator.py took 0.113 seconds
[2026-05-18T06:49:53.971+0000] {processor.py:186} INFO - Started process (PID=13450) to work on /home/noelsdavid/airflow_venv/lib/python3.12/site-packages/airflow/example_dags/example_bash_decorator.py
[2026-05-18T06:49:53.983+0000] {processor.py:914} INFO - Processing file /home/noelsdavid/airflow_venv/lib/python3.12/site-packages/airflow/example_dags/example_bash_decorator.py for tasks to queue
[2026-05-18T06:49:53.985+0000] {logging_mixin.py:190} INFO - [2026-05-18T06:49:53.985+0000] {dagbag.py:588} INFO - Filling up the DagBag from /home/noelsdavid/airflow_venv/lib/python3.12/site-packages/airflow/example_dags/example_bash_decorator.py
[2026-05-18T06:49:54.008+0000] {processor.py:925} INFO - DAG(s) 'example_bash_decorator' retrieved from /home/noelsdavid/airflow_venv/lib/python3.12/site-packages/airflow/example_dags/example_bash_decorator.py
[2026-05-18T06:49:54.035+0000] {logging_mixin.py:190} INFO - [2026-05-18T06:49:54.035+0000] {dag.py:3239} INFO - Sync 1 DAGs
[2026-05-18T06:49:54.054+0000] {logging_mixin.py:190} INFO - [2026-05-18T06:49:54.053+0000] {dag.py:4180} INFO - Setting next_dagrun for example_bash_decorator to None, run_after=None
[2026-05-18T06:49:54.087+0000] {processor.py:208} INFO - Processing /home/noelsdavid/airflow_venv/lib/python3.12/site-packages/airflow/example_dags/example_bash_decorator.py took 0.126 seconds
[2026-05-18T06:51:02.793+0000] {processor.py:186} INFO - Started process (PID=14081) to work on /home/noelsdavid/airflow_venv/lib/python3.12/site-packages/airflow/example_dags/example_bash_decorator.py
[2026-05-18T06:51:02.820+0000] {processor.py:914} INFO - Processing file /home/noelsdavid/airflow_venv/lib/python3.12/site-packages/airflow/example_dags/example_bash_decorator.py for tasks to queue
[2026-05-18T06:51:02.822+0000] {logging_mixin.py:190} INFO - [2026-05-18T06:51:02.821+0000] {dagbag.py:588} INFO - Filling up the DagBag from /home/noelsdavid/airflow_venv/lib/python3.12/site-packages/airflow/example_dags/example_bash_decorator.py
[2026-05-18T06:51:02.847+0000] {processor.py:925} INFO - DAG(s) 'example_bash_decorator' retrieved from /home/noelsdavid/airflow_venv/lib/python3.12/site-packages/airflow/example_dags/example_bash_decorator.py
[2026-05-18T06:51:02.873+0000] {logging_mixin.py:190} INFO - [2026-05-18T06:51:02.872+0000] {dag.py:3239} INFO - Sync 1 DAGs
[2026-05-18T06:51:02.890+0000] {logging_mixin.py:190} INFO - [2026-05-18T06:51:02.890+0000] {dag.py:4180} INFO - Setting next_dagrun for example_bash_decorator to None, run_after=None
[2026-05-18T06:51:02.923+0000] {processor.py:208} INFO - Processing /home/noelsdavid/airflow_venv/lib/python3.12/site-packages/airflow/example_dags/example_bash_decorator.py took 0.140 seconds
[2026-05-18T06:52:16.684+0000] {processor.py:186} INFO - Started process (PID=14389) to work on /home/noelsdavid/airflow_venv/lib/python3.12/site-packages/airflow/example_dags/example_bash_decorator.py
[2026-05-18T06:52:16.686+0000] {processor.py:914} INFO - Processing file /home/noelsdavid/airflow_venv/lib/python3.12/site-packages/airflow/example_dags/example_bash_decorator.py for tasks to queue
[2026-05-18T06:52:16.688+0000] {logging_mixin.py:190} INFO - [2026-05-18T06:52:16.688+0000] {dagbag.py:588} INFO - Filling up the DagBag from /home/noelsdavid/airflow_venv/lib/python3.12/site-packages/airflow/example_dags/example_bash_decorator.py
[2026-05-18T06:52:16.712+0000] {processor.py:925} INFO - DAG(s) 'example_bash_decorator' retrieved from /home/noelsdavid/airflow_venv/lib/python3.12/site-packages/airflow/example_dags/example_bash_decorator.py
[2026-05-18T06:52:16.740+0000] {logging_mixin.py:190} INFO - [2026-05-18T06:52:16.739+0000] {dag.py:3239} INFO - Sync 1 DAGs
[2026-05-18T06:52:16.759+0000] {logging_mixin.py:190} INFO - [2026-05-18T06:52:16.759+0000] {dag.py:4180} INFO - Setting next_dagrun for example_bash_decorator to None, run_after=None
[2026-05-18T06:52:16.791+0000] {processor.py:208} INFO - Processing /home/noelsdavid/airflow_venv/lib/python3.12/site-packages/airflow/example_dags/example_bash_decorator.py took 0.117 seconds
[2026-05-18T06:53:26.208+0000] {processor.py:186} INFO - Started process (PID=14680) to work on /home/noelsdavid/airflow_venv/lib/python3.12/site-packages/airflow/example_dags/example_bash_decorator.py
[2026-05-18T06:53:26.210+0000] {processor.py:914} INFO - Processing file /home/noelsdavid/airflow_venv/lib/python3.12/site-packages/airflow/example_dags/example_bash_decorator.py for tasks to queue
[2026-05-18T06:53:26.212+0000] {logging_mixin.py:190} INFO - [2026-05-18T06:53:26.211+0000] {dagbag.py:588} INFO - Filling up the DagBag from /home/noelsdavid/airflow_venv/lib/python3.12/site-packages/airflow/example_dags/example_bash_decorator.py
[2026-05-18T06:53:26.234+0000] {processor.py:925} INFO - DAG(s) 'example_bash_decorator' retrieved from /home/noelsdavid/airflow_venv/lib/python3.12/site-packages/airflow/example_dags/example_bash_decorator.py
[2026-05-18T06:53:26.259+0000] {logging_mixin.py:190} INFO - [2026-05-18T06:53:26.259+0000] {dag.py:3239} INFO - Sync 1 DAGs
[2026-05-18T06:53:26.276+0000] {logging_mixin.py:190} INFO - [2026-05-18T06:53:26.276+0000] {dag.py:4180} INFO - Setting next_dagrun for example_bash_decorator to None, run_after=None
[2026-05-18T06:53:26.308+0000] {processor.py:208} INFO - Processing /home/noelsdavid/airflow_venv/lib/python3.12/site-packages/airflow/example_dags/example_bash_decorator.py took 0.110 seconds
[2026-05-18T06:54:39.936+0000] {processor.py:186} INFO - Started process (PID=14992) to work on /home/noelsdavid/airflow_venv/lib/python3.12/site-packages/airflow/example_dags/example_bash_decorator.py
[2026-05-18T06:54:39.939+0000] {processor.py:914} INFO - Processing file /home/noelsdavid/airflow_venv/lib/python3.12/site-packages/airflow/example_dags/example_bash_decorator.py for tasks to queue
[2026-05-18T06:54:39.941+0000] {logging_mixin.py:190} INFO - [2026-05-18T06:54:39.940+0000] {dagbag.py:588} INFO - Filling up the DagBag from /home/noelsdavid/airflow_venv/lib/python3.12/site-packages/airflow/example_dags/example_bash_decorator.py
[2026-05-18T06:54:39.965+0000] {processor.py:925} INFO - DAG(s) 'example_bash_decorator' retrieved from /home/noelsdavid/airflow_venv/lib/python3.12/site-packages/airflow/example_dags/example_bash_decorator.py
[2026-05-18T06:54:39.992+0000] {logging_mixin.py:190} INFO - [2026-05-18T06:54:39.992+0000] {dag.py:3239} INFO - Sync 1 DAGs
[2026-05-18T06:54:40.013+0000] {logging_mixin.py:190} INFO - [2026-05-18T06:54:40.012+0000] {dag.py:4180} INFO - Setting next_dagrun for example_bash_decorator to None, run_after=None
[2026-05-18T06:54:40.045+0000] {processor.py:208} INFO - Processing /home/noelsdavid/airflow_venv/lib/python3.12/site-packages/airflow/example_dags/example_bash_decorator.py took 0.118 seconds
[2026-05-18T06:55:55.203+0000] {processor.py:186} INFO - Started process (PID=15261) to work on /home/noelsdavid/airflow_venv/lib/python3.12/site-packages/airflow/example_dags/example_bash_decorator.py
[2026-05-18T06:55:55.205+0000] {processor.py:914} INFO - Processing file /home/noelsdavid/airflow_venv/lib/python3.12/site-packages/airflow/example_dags/example_bash_decorator.py for tasks to queue
[2026-05-18T06:55:55.207+0000] {logging_mixin.py:190} INFO - [2026-05-18T06:55:55.207+0000] {dagbag.py:588} INFO - Filling up the DagBag from /home/noelsdavid/airflow_venv/lib/python3.12/site-packages/airflow/example_dags/example_bash_decorator.py
[2026-05-18T06:55:55.230+0000] {processor.py:925} INFO - DAG(s) 'example_bash_decorator' retrieved from /home/noelsdavid/airflow_venv/lib/python3.12/site-packages/airflow/example_dags/example_bash_decorator.py
[2026-05-18T06:55:55.257+0000] {logging_mixin.py:190} INFO - [2026-05-18T06:55:55.256+0000] {dag.py:3239} INFO - Sync 1 DAGs
[2026-05-18T06:55:55.276+0000] {logging_mixin.py:190} INFO - [2026-05-18T06:55:55.276+0000] {dag.py:4180} INFO - Setting next_dagrun for example_bash_decorator to None, run_after=None
[2026-05-18T06:55:55.306+0000] {processor.py:208} INFO - Processing /home/noelsdavid/airflow_venv/lib/python3.12/site-packages/airflow/example_dags/example_bash_decorator.py took 0.113 seconds
[2026-05-18T06:57:12.709+0000] {processor.py:186} INFO - Started process (PID=15444) to work on /home/noelsdavid/airflow_venv/lib/python3.12/site-packages/airflow/example_dags/example_bash_decorator.py
[2026-05-18T06:57:12.711+0000] {processor.py:914} INFO - Processing file /home/noelsdavid/airflow_venv/lib/python3.12/site-packages/airflow/example_dags/example_bash_decorator.py for tasks to queue
[2026-05-18T06:57:12.713+0000] {logging_mixin.py:190} INFO - [2026-05-18T06:57:12.712+0000] {dagbag.py:588} INFO - Filling up the DagBag from /home/noelsdavid/airflow_venv/lib/python3.12/site-packages/airflow/example_dags/example_bash_decorator.py
[2026-05-18T06:57:12.735+0000] {processor.py:925} INFO - DAG(s) 'example_bash_decorator' retrieved from /home/noelsdavid/airflow_venv/lib/python3.12/site-packages/airflow/example_dags/example_bash_decorator.py
[2026-05-18T06:57:12.760+0000] {logging_mixin.py:190} INFO - [2026-05-18T06:57:12.759+0000] {dag.py:3239} INFO - Sync 1 DAGs
[2026-05-18T06:57:12.779+0000] {logging_mixin.py:190} INFO - [2026-05-18T06:57:12.779+0000] {dag.py:4180} INFO - Setting next_dagrun for example_bash_decorator to None, run_after=None
[2026-05-18T06:57:12.808+0000] {processor.py:208} INFO - Processing /home/noelsdavid/airflow_venv/lib/python3.12/site-packages/airflow/example_dags/example_bash_decorator.py took 0.109 seconds
[2026-05-18T06:58:28.371+0000] {processor.py:186} INFO - Started process (PID=15761) to work on /home/noelsdavid/airflow_venv/lib/python3.12/site-packages/airflow/example_dags/example_bash_decorator.py
[2026-05-18T06:58:28.374+0000] {processor.py:914} INFO - Processing file /home/noelsdavid/airflow_venv/lib/python3.12/site-packages/airflow/example_dags/example_bash_decorator.py for tasks to queue
[2026-05-18T06:58:28.376+0000] {logging_mixin.py:190} INFO - [2026-05-18T06:58:28.375+0000] {dagbag.py:588} INFO - Filling up the DagBag from /home/noelsdavid/airflow_venv/lib/python3.12/site-packages/airflow/example_dags/example_bash_decorator.py
[2026-05-18T06:58:28.397+0000] {processor.py:925} INFO - DAG(s) 'example_bash_decorator' retrieved from /home/noelsdavid/airflow_venv/lib/python3.12/site-packages/airflow/example_dags/example_bash_decorator.py
[2026-05-18T06:58:28.424+0000] {logging_mixin.py:190} INFO - [2026-05-18T06:58:28.424+0000] {dag.py:3239} INFO - Sync 1 DAGs
[2026-05-18T06:58:28.444+0000] {logging_mixin.py:190} INFO - [2026-05-18T06:58:28.444+0000] {dag.py:4180} INFO - Setting next_dagrun for example_bash_decorator to None, run_after=None
[2026-05-18T06:58:28.491+0000] {processor.py:208} INFO - Processing /home/noelsdavid/airflow_venv/lib/python3.12/site-packages/airflow/example_dags/example_bash_decorator.py took 0.132 seconds
[2026-05-18T06:59:46.841+0000] {processor.py:186} INFO - Started process (PID=15874) to work on /home/noelsdavid/airflow_venv/lib/python3.12/site-packages/airflow/example_dags/example_bash_decorator.py
[2026-05-18T06:59:46.844+0000] {processor.py:914} INFO - Processing file /home/noelsdavid/airflow_venv/lib/python3.12/site-packages/airflow/example_dags/example_bash_decorator.py for tasks to queue
[2026-05-18T06:59:46.846+0000] {logging_mixin.py:190} INFO - [2026-05-18T06:59:46.846+0000] {dagbag.py:588} INFO - Filling up the DagBag from /home/noelsdavid/airflow_venv/lib/python3.12/site-packages/airflow/example_dags/example_bash_decorator.py
[2026-05-18T06:59:46.874+0000] {processor.py:925} INFO - DAG(s) 'example_bash_decorator' retrieved from /home/noelsdavid/airflow_venv/lib/python3.12/site-packages/airflow/example_dags/example_bash_decorator.py
[2026-05-18T06:59:46.904+0000] {logging_mixin.py:190} INFO - [2026-05-18T06:59:46.904+0000] {dag.py:3239} INFO - Sync 1 DAGs
[2026-05-18T06:59:46.927+0000] {logging_mixin.py:190} INFO - [2026-05-18T06:59:46.927+0000] {dag.py:4180} INFO - Setting next_dagrun for example_bash_decorator to None, run_after=None
[2026-05-18T06:59:46.961+0000] {processor.py:208} INFO - Processing /home/noelsdavid/airflow_venv/lib/python3.12/site-packages/airflow/example_dags/example_bash_decorator.py took 0.131 seconds
[2026-05-18T07:01:06.735+0000] {processor.py:186} INFO - Started process (PID=16387) to work on /home/noelsdavid/airflow_venv/lib/python3.12/site-packages/airflow/example_dags/example_bash_decorator.py
[2026-05-18T07:01:06.738+0000] {processor.py:914} INFO - Processing file /home/noelsdavid/airflow_venv/lib/python3.12/site-packages/airflow/example_dags/example_bash_decorator.py for tasks to queue
[2026-05-18T07:01:06.740+0000] {logging_mixin.py:190} INFO - [2026-05-18T07:01:06.739+0000] {dagbag.py:588} INFO - Filling up the DagBag from /home/noelsdavid/airflow_venv/lib/python3.12/site-packages/airflow/example_dags/example_bash_decorator.py
[2026-05-18T07:01:06.762+0000] {processor.py:925} INFO - DAG(s) 'example_bash_decorator' retrieved from /home/noelsdavid/airflow_venv/lib/python3.12/site-packages/airflow/example_dags/example_bash_decorator.py
[2026-05-18T07:01:06.787+0000] {logging_mixin.py:190} INFO - [2026-05-18T07:01:06.787+0000] {dag.py:3239} INFO - Sync 1 DAGs
[2026-05-18T07:01:06.806+0000] {logging_mixin.py:190} INFO - [2026-05-18T07:01:06.805+0000] {dag.py:4180} INFO - Setting next_dagrun for example_bash_decorator to None, run_after=None
[2026-05-18T07:01:06.838+0000] {processor.py:208} INFO - Processing /home/noelsdavid/airflow_venv/lib/python3.12/site-packages/airflow/example_dags/example_bash_decorator.py took 0.112 seconds
[2026-05-18T07:02:20.584+0000] {processor.py:186} INFO - Started process (PID=16466) to work on /home/noelsdavid/airflow_venv/lib/python3.12/site-packages/airflow/example_dags/example_bash_decorator.py
[2026-05-18T07:02:20.586+0000] {processor.py:914} INFO - Processing file /home/noelsdavid/airflow_venv/lib/python3.12/site-packages/airflow/example_dags/example_bash_decorator.py for tasks to queue
[2026-05-18T07:02:20.588+0000] {logging_mixin.py:190} INFO - [2026-05-18T07:02:20.588+0000] {dagbag.py:588} INFO - Filling up the DagBag from /home/noelsdavid/airflow_venv/lib/python3.12/site-packages/airflow/example_dags/example_bash_decorator.py
[2026-05-18T07:02:20.614+0000] {processor.py:925} INFO - DAG(s) 'example_bash_decorator' retrieved from /home/noelsdavid/airflow_venv/lib/python3.12/site-packages/airflow/example_dags/example_bash_decorator.py
[2026-05-18T07:02:20.641+0000] {logging_mixin.py:190} INFO - [2026-05-18T07:02:20.640+0000] {dag.py:3239} INFO - Sync 1 DAGs
[2026-05-18T07:02:20.659+0000] {logging_mixin.py:190} INFO - [2026-05-18T07:02:20.659+0000] {dag.py:4180} INFO - Setting next_dagrun for example_bash_decorator to None, run_after=None
[2026-05-18T07:02:20.697+0000] {processor.py:208} INFO - Processing /home/noelsdavid/airflow_venv/lib/python3.12/site-packages/airflow/example_dags/example_bash_decorator.py took 0.123 seconds
[2026-05-18T07:03:32.237+0000] {processor.py:186} INFO - Started process (PID=16544) to work on /home/noelsdavid/airflow_venv/lib/python3.12/site-packages/airflow/example_dags/example_bash_decorator.py
[2026-05-18T07:03:32.240+0000] {processor.py:914} INFO - Processing file /home/noelsdavid/airflow_venv/lib/python3.12/site-packages/airflow/example_dags/example_bash_decorator.py for tasks to queue
[2026-05-18T07:03:32.242+0000] {logging_mixin.py:190} INFO - [2026-05-18T07:03:32.241+0000] {dagbag.py:588} INFO - Filling up the DagBag from /home/noelsdavid/airflow_venv/lib/python3.12/site-packages/airflow/example_dags/example_bash_decorator.py
[2026-05-18T07:03:32.263+0000] {processor.py:925} INFO - DAG(s) 'example_bash_decorator' retrieved from /home/noelsdavid/airflow_venv/lib/python3.12/site-packages/airflow/example_dags/example_bash_decorator.py
[2026-05-18T07:03:32.289+0000] {logging_mixin.py:190} INFO - [2026-05-18T07:03:32.288+0000] {dag.py:3239} INFO - Sync 1 DAGs
[2026-05-18T07:03:32.306+0000] {logging_mixin.py:190} INFO - [2026-05-18T07:03:32.305+0000] {dag.py:4180} INFO - Setting next_dagrun for example_bash_decorator to None, run_after=None
[2026-05-18T07:03:32.336+0000] {processor.py:208} INFO - Processing /home/noelsdavid/airflow_venv/lib/python3.12/site-packages/airflow/example_dags/example_bash_decorator.py took 0.109 seconds
[2026-05-18T07:04:39.903+0000] {processor.py:186} INFO - Started process (PID=16621) to work on /home/noelsdavid/airflow_venv/lib/python3.12/site-packages/airflow/example_dags/example_bash_decorator.py
[2026-05-18T07:04:39.906+0000] {processor.py:914} INFO - Processing file /home/noelsdavid/airflow_venv/lib/python3.12/site-packages/airflow/example_dags/example_bash_decorator.py for tasks to queue
[2026-05-18T07:04:39.908+0000] {logging_mixin.py:190} INFO - [2026-05-18T07:04:39.907+0000] {dagbag.py:588} INFO - Filling up the DagBag from /home/noelsdavid/airflow_venv/lib/python3.12/site-packages/airflow/example_dags/example_bash_decorator.py
[2026-05-18T07:04:39.930+0000] {processor.py:925} INFO - DAG(s) 'example_bash_decorator' retrieved from /home/noelsdavid/airflow_venv/lib/python3.12/site-packages/airflow/example_dags/example_bash_decorator.py
[2026-05-18T07:04:39.955+0000] {logging_mixin.py:190} INFO - [2026-05-18T07:04:39.955+0000] {dag.py:3239} INFO - Sync 1 DAGs
[2026-05-18T07:04:40.130+0000] {logging_mixin.py:190} INFO - [2026-05-18T07:04:40.130+0000] {dag.py:4180} INFO - Setting next_dagrun for example_bash_decorator to None, run_after=None
[2026-05-18T07:04:40.158+0000] {processor.py:208} INFO - Processing /home/noelsdavid/airflow_venv/lib/python3.12/site-packages/airflow/example_dags/example_bash_decorator.py took 0.264 seconds
[2026-05-18T07:05:54.045+0000] {processor.py:186} INFO - Started process (PID=16724) to work on /home/noelsdavid/airflow_venv/lib/python3.12/site-packages/airflow/example_dags/example_bash_decorator.py
[2026-05-18T07:05:54.065+0000] {processor.py:914} INFO - Processing file /home/noelsdavid/airflow_venv/lib/python3.12/site-packages/airflow/example_dags/example_bash_decorator.py for tasks to queue
[2026-05-18T07:05:54.067+0000] {logging_mixin.py:190} INFO - [2026-05-18T07:05:54.067+0000] {dagbag.py:588} INFO - Filling up the DagBag from /home/noelsdavid/airflow_venv/lib/python3.12/site-packages/airflow/example_dags/example_bash_decorator.py
[2026-05-18T07:05:54.091+0000] {processor.py:925} INFO - DAG(s) 'example_bash_decorator' retrieved from /home/noelsdavid/airflow_venv/lib/python3.12/site-packages/airflow/example_dags/example_bash_decorator.py
[2026-05-18T07:05:54.118+0000] {logging_mixin.py:190} INFO - [2026-05-18T07:05:54.118+0000] {dag.py:3239} INFO - Sync 1 DAGs
[2026-05-18T07:05:54.309+0000] {logging_mixin.py:190} INFO - [2026-05-18T07:05:54.309+0000] {dag.py:4180} INFO - Setting next_dagrun for example_bash_decorator to None, run_after=None
[2026-05-18T07:05:54.341+0000] {processor.py:208} INFO - Processing /home/noelsdavid/airflow_venv/lib/python3.12/site-packages/airflow/example_dags/example_bash_decorator.py took 0.307 seconds
[2026-05-18T07:07:14.166+0000] {processor.py:186} INFO - Started process (PID=16805) to work on /home/noelsdavid/airflow_venv/lib/python3.12/site-packages/airflow/example_dags/example_bash_decorator.py
[2026-05-18T07:07:14.169+0000] {processor.py:914} INFO - Processing file /home/noelsdavid/airflow_venv/lib/python3.12/site-packages/airflow/example_dags/example_bash_decorator.py for tasks to queue
[2026-05-18T07:07:14.171+0000] {logging_mixin.py:190} INFO - [2026-05-18T07:07:14.170+0000] {dagbag.py:588} INFO - Filling up the DagBag from /home/noelsdavid/airflow_venv/lib/python3.12/site-packages/airflow/example_dags/example_bash_decorator.py
[2026-05-18T07:07:14.193+0000] {processor.py:925} INFO - DAG(s) 'example_bash_decorator' retrieved from /home/noelsdavid/airflow_venv/lib/python3.12/site-packages/airflow/example_dags/example_bash_decorator.py
[2026-05-18T07:07:14.219+0000] {logging_mixin.py:190} INFO - [2026-05-18T07:07:14.219+0000] {dag.py:3239} INFO - Sync 1 DAGs
[2026-05-18T07:07:14.403+0000] {logging_mixin.py:190} INFO - [2026-05-18T07:07:14.402+0000] {dag.py:4180} INFO - Setting next_dagrun for example_bash_decorator to None, run_after=None
[2026-05-18T07:07:14.437+0000] {processor.py:208} INFO - Processing /home/noelsdavid/airflow_venv/lib/python3.12/site-packages/airflow/example_dags/example_bash_decorator.py took 0.280 seconds
[2026-05-18T07:08:32.550+0000] {processor.py:186} INFO - Started process (PID=16887) to work on /home/noelsdavid/airflow_venv/lib/python3.12/site-packages/airflow/example_dags/example_bash_decorator.py
[2026-05-18T07:08:32.552+0000] {processor.py:914} INFO - Processing file /home/noelsdavid/airflow_venv/lib/python3.12/site-packages/airflow/example_dags/example_bash_decorator.py for tasks to queue
[2026-05-18T07:08:32.555+0000] {logging_mixin.py:190} INFO - [2026-05-18T07:08:32.554+0000] {dagbag.py:588} INFO - Filling up the DagBag from /home/noelsdavid/airflow_venv/lib/python3.12/site-packages/airflow/example_dags/example_bash_decorator.py
[2026-05-18T07:08:32.578+0000] {processor.py:925} INFO - DAG(s) 'example_bash_decorator' retrieved from /home/noelsdavid/airflow_venv/lib/python3.12/site-packages/airflow/example_dags/example_bash_decorator.py
[2026-05-18T07:08:32.603+0000] {logging_mixin.py:190} INFO - [2026-05-18T07:08:32.603+0000] {dag.py:3239} INFO - Sync 1 DAGs
[2026-05-18T07:08:32.786+0000] {logging_mixin.py:190} INFO - [2026-05-18T07:08:32.785+0000] {dag.py:4180} INFO - Setting next_dagrun for example_bash_decorator to None, run_after=None
[2026-05-18T07:08:32.815+0000] {processor.py:208} INFO - Processing /home/noelsdavid/airflow_venv/lib/python3.12/site-packages/airflow/example_dags/example_bash_decorator.py took 0.275 seconds
[2026-05-18T07:09:57.833+0000] {processor.py:186} INFO - Started process (PID=16970) to work on /home/noelsdavid/airflow_venv/lib/python3.12/site-packages/airflow/example_dags/example_bash_decorator.py
[2026-05-18T07:09:57.835+0000] {processor.py:914} INFO - Processing file /home/noelsdavid/airflow_venv/lib/python3.12/site-packages/airflow/example_dags/example_bash_decorator.py for tasks to queue
[2026-05-18T07:09:57.837+0000] {logging_mixin.py:190} INFO - [2026-05-18T07:09:57.837+0000] {dagbag.py:588} INFO - Filling up the DagBag from /home/noelsdavid/airflow_venv/lib/python3.12/site-packages/airflow/example_dags/example_bash_decorator.py
[2026-05-18T07:09:57.859+0000] {processor.py:925} INFO - DAG(s) 'example_bash_decorator' retrieved from /home/noelsdavid/airflow_venv/lib/python3.12/site-packages/airflow/example_dags/example_bash_decorator.py
[2026-05-18T07:09:57.885+0000] {logging_mixin.py:190} INFO - [2026-05-18T07:09:57.884+0000] {dag.py:3239} INFO - Sync 1 DAGs
[2026-05-18T07:09:57.903+0000] {logging_mixin.py:190} INFO - [2026-05-18T07:09:57.903+0000] {dag.py:4180} INFO - Setting next_dagrun for example_bash_decorator to None, run_after=None
[2026-05-18T07:09:57.934+0000] {processor.py:208} INFO - Processing /home/noelsdavid/airflow_venv/lib/python3.12/site-packages/airflow/example_dags/example_bash_decorator.py took 0.111 seconds
[2026-05-18T07:11:12.820+0000] {processor.py:186} INFO - Started process (PID=17077) to work on /home/noelsdavid/airflow_venv/lib/python3.12/site-packages/airflow/example_dags/example_bash_decorator.py
[2026-05-18T07:11:12.822+0000] {processor.py:914} INFO - Processing file /home/noelsdavid/airflow_venv/lib/python3.12/site-packages/airflow/example_dags/example_bash_decorator.py for tasks to queue
[2026-05-18T07:11:12.824+0000] {logging_mixin.py:190} INFO - [2026-05-18T07:11:12.824+0000] {dagbag.py:588} INFO - Filling up the DagBag from /home/noelsdavid/airflow_venv/lib/python3.12/site-packages/airflow/example_dags/example_bash_decorator.py
[2026-05-18T07:11:12.846+0000] {processor.py:925} INFO - DAG(s) 'example_bash_decorator' retrieved from /home/noelsdavid/airflow_venv/lib/python3.12/site-packages/airflow/example_dags/example_bash_decorator.py
[2026-05-18T07:11:12.873+0000] {logging_mixin.py:190} INFO - [2026-05-18T07:11:12.873+0000] {dag.py:3239} INFO - Sync 1 DAGs
[2026-05-18T07:11:12.891+0000] {logging_mixin.py:190} INFO - [2026-05-18T07:11:12.890+0000] {dag.py:4180} INFO - Setting next_dagrun for example_bash_decorator to None, run_after=None
[2026-05-18T07:11:12.923+0000] {processor.py:208} INFO - Processing /home/noelsdavid/airflow_venv/lib/python3.12/site-packages/airflow/example_dags/example_bash_decorator.py took 0.112 seconds
[2026-05-18T07:12:26.654+0000] {processor.py:186} INFO - Started process (PID=17156) to work on /home/noelsdavid/airflow_venv/lib/python3.12/site-packages/airflow/example_dags/example_bash_decorator.py
[2026-05-18T07:12:26.671+0000] {processor.py:914} INFO - Processing file /home/noelsdavid/airflow_venv/lib/python3.12/site-packages/airflow/example_dags/example_bash_decorator.py for tasks to queue
[2026-05-18T07:12:26.673+0000] {logging_mixin.py:190} INFO - [2026-05-18T07:12:26.673+0000] {dagbag.py:588} INFO - Filling up the DagBag from /home/noelsdavid/airflow_venv/lib/python3.12/site-packages/airflow/example_dags/example_bash_decorator.py
[2026-05-18T07:12:26.696+0000] {processor.py:925} INFO - DAG(s) 'example_bash_decorator' retrieved from /home/noelsdavid/airflow_venv/lib/python3.12/site-packages/airflow/example_dags/example_bash_decorator.py
[2026-05-18T07:12:26.723+0000] {logging_mixin.py:190} INFO - [2026-05-18T07:12:26.722+0000] {dag.py:3239} INFO - Sync 1 DAGs
[2026-05-18T07:12:26.741+0000] {logging_mixin.py:190} INFO - [2026-05-18T07:12:26.740+0000] {dag.py:4180} INFO - Setting next_dagrun for example_bash_decorator to None, run_after=None
[2026-05-18T07:12:26.771+0000] {processor.py:208} INFO - Processing /home/noelsdavid/airflow_venv/lib/python3.12/site-packages/airflow/example_dags/example_bash_decorator.py took 0.127 seconds
[2026-05-18T07:13:42.529+0000] {processor.py:186} INFO - Started process (PID=17237) to work on /home/noelsdavid/airflow_venv/lib/python3.12/site-packages/airflow/example_dags/example_bash_decorator.py
[2026-05-18T07:13:42.531+0000] {processor.py:914} INFO - Processing file /home/noelsdavid/airflow_venv/lib/python3.12/site-packages/airflow/example_dags/example_bash_decorator.py for tasks to queue
[2026-05-18T07:13:42.533+0000] {logging_mixin.py:190} INFO - [2026-05-18T07:13:42.533+0000] {dagbag.py:588} INFO - Filling up the DagBag from /home/noelsdavid/airflow_venv/lib/python3.12/site-packages/airflow/example_dags/example_bash_decorator.py
[2026-05-18T07:13:42.555+0000] {processor.py:925} INFO - DAG(s) 'example_bash_decorator' retrieved from /home/noelsdavid/airflow_venv/lib/python3.12/site-packages/airflow/example_dags/example_bash_decorator.py
[2026-05-18T07:13:42.582+0000] {logging_mixin.py:190} INFO - [2026-05-18T07:13:42.582+0000] {dag.py:3239} INFO - Sync 1 DAGs
[2026-05-18T07:13:42.601+0000] {logging_mixin.py:190} INFO - [2026-05-18T07:13:42.601+0000] {dag.py:4180} INFO - Setting next_dagrun for example_bash_decorator to None, run_after=None
[2026-05-18T07:13:42.635+0000] {processor.py:208} INFO - Processing /home/noelsdavid/airflow_venv/lib/python3.12/site-packages/airflow/example_dags/example_bash_decorator.py took 0.116 seconds
[2026-05-18T07:14:53.389+0000] {processor.py:186} INFO - Started process (PID=17314) to work on /home/noelsdavid/airflow_venv/lib/python3.12/site-packages/airflow/example_dags/example_bash_decorator.py
[2026-05-18T07:14:53.392+0000] {processor.py:914} INFO - Processing file /home/noelsdavid/airflow_venv/lib/python3.12/site-packages/airflow/example_dags/example_bash_decorator.py for tasks to queue
[2026-05-18T07:14:53.394+0000] {logging_mixin.py:190} INFO - [2026-05-18T07:14:53.393+0000] {dagbag.py:588} INFO - Filling up the DagBag from /home/noelsdavid/airflow_venv/lib/python3.12/site-packages/airflow/example_dags/example_bash_decorator.py
[2026-05-18T07:14:53.419+0000] {processor.py:925} INFO - DAG(s) 'example_bash_decorator' retrieved from /home/noelsdavid/airflow_venv/lib/python3.12/site-packages/airflow/example_dags/example_bash_decorator.py
[2026-05-18T07:14:53.446+0000] {logging_mixin.py:190} INFO - [2026-05-18T07:14:53.445+0000] {dag.py:3239} INFO - Sync 1 DAGs
[2026-05-18T07:14:53.467+0000] {logging_mixin.py:190} INFO - [2026-05-18T07:14:53.466+0000] {dag.py:4180} INFO - Setting next_dagrun for example_bash_decorator to None, run_after=None
[2026-05-18T07:14:53.499+0000] {processor.py:208} INFO - Processing /home/noelsdavid/airflow_venv/lib/python3.12/site-packages/airflow/example_dags/example_bash_decorator.py took 0.123 seconds
[2026-05-18T07:16:07.019+0000] {processor.py:186} INFO - Started process (PID=17416) to work on /home/noelsdavid/airflow_venv/lib/python3.12/site-packages/airflow/example_dags/example_bash_decorator.py
[2026-05-18T07:16:07.022+0000] {processor.py:914} INFO - Processing file /home/noelsdavid/airflow_venv/lib/python3.12/site-packages/airflow/example_dags/example_bash_decorator.py for tasks to queue
[2026-05-18T07:16:07.024+0000] {logging_mixin.py:190} INFO - [2026-05-18T07:16:07.023+0000] {dagbag.py:588} INFO - Filling up the DagBag from /home/noelsdavid/airflow_venv/lib/python3.12/site-packages/airflow/example_dags/example_bash_decorator.py
[2026-05-18T07:16:07.046+0000] {processor.py:925} INFO - DAG(s) 'example_bash_decorator' retrieved from /home/noelsdavid/airflow_venv/lib/python3.12/site-packages/airflow/example_dags/example_bash_decorator.py
[2026-05-18T07:16:07.075+0000] {logging_mixin.py:190} INFO - [2026-05-18T07:16:07.074+0000] {dag.py:3239} INFO - Sync 1 DAGs
[2026-05-18T07:16:07.094+0000] {logging_mixin.py:190} INFO - [2026-05-18T07:16:07.094+0000] {dag.py:4180} INFO - Setting next_dagrun for example_bash_decorator to None, run_after=None
[2026-05-18T07:16:07.131+0000] {processor.py:208} INFO - Processing /home/noelsdavid/airflow_venv/lib/python3.12/site-packages/airflow/example_dags/example_bash_decorator.py took 0.122 seconds
[2026-05-18T07:17:27.170+0000] {processor.py:186} INFO - Started process (PID=17499) to work on /home/noelsdavid/airflow_venv/lib/python3.12/site-packages/airflow/example_dags/example_bash_decorator.py
[2026-05-18T07:17:27.173+0000] {processor.py:914} INFO - Processing file /home/noelsdavid/airflow_venv/lib/python3.12/site-packages/airflow/example_dags/example_bash_decorator.py for tasks to queue
[2026-05-18T07:17:27.175+0000] {logging_mixin.py:190} INFO - [2026-05-18T07:17:27.175+0000] {dagbag.py:588} INFO - Filling up the DagBag from /home/noelsdavid/airflow_venv/lib/python3.12/site-packages/airflow/example_dags/example_bash_decorator.py
[2026-05-18T07:17:27.209+0000] {processor.py:925} INFO - DAG(s) 'example_bash_decorator' retrieved from /home/noelsdavid/airflow_venv/lib/python3.12/site-packages/airflow/example_dags/example_bash_decorator.py
[2026-05-18T07:17:27.237+0000] {logging_mixin.py:190} INFO - [2026-05-18T07:17:27.237+0000] {dag.py:3239} INFO - Sync 1 DAGs
[2026-05-18T07:17:27.257+0000] {logging_mixin.py:190} INFO - [2026-05-18T07:17:27.257+0000] {dag.py:4180} INFO - Setting next_dagrun for example_bash_decorator to None, run_after=None
[2026-05-18T07:17:27.290+0000] {processor.py:208} INFO - Processing /home/noelsdavid/airflow_venv/lib/python3.12/site-packages/airflow/example_dags/example_bash_decorator.py took 0.131 seconds
[2026-05-18T07:18:36.419+0000] {processor.py:186} INFO - Started process (PID=17578) to work on /home/noelsdavid/airflow_venv/lib/python3.12/site-packages/airflow/example_dags/example_bash_decorator.py
[2026-05-18T07:18:36.422+0000] {processor.py:914} INFO - Processing file /home/noelsdavid/airflow_venv/lib/python3.12/site-packages/airflow/example_dags/example_bash_decorator.py for tasks to queue
[2026-05-18T07:18:36.424+0000] {logging_mixin.py:190} INFO - [2026-05-18T07:18:36.423+0000] {dagbag.py:588} INFO - Filling up the DagBag from /home/noelsdavid/airflow_venv/lib/python3.12/site-packages/airflow/example_dags/example_bash_decorator.py
[2026-05-18T07:18:36.445+0000] {processor.py:925} INFO - DAG(s) 'example_bash_decorator' retrieved from /home/noelsdavid/airflow_venv/lib/python3.12/site-packages/airflow/example_dags/example_bash_decorator.py
[2026-05-18T07:18:36.471+0000] {logging_mixin.py:190} INFO - [2026-05-18T07:18:36.470+0000] {dag.py:3239} INFO - Sync 1 DAGs
[2026-05-18T07:18:36.488+0000] {logging_mixin.py:190} INFO - [2026-05-18T07:18:36.488+0000] {dag.py:4180} INFO - Setting next_dagrun for example_bash_decorator to None, run_after=None
[2026-05-18T07:18:36.519+0000] {processor.py:208} INFO - Processing /home/noelsdavid/airflow_venv/lib/python3.12/site-packages/airflow/example_dags/example_bash_decorator.py took 0.109 seconds
[2026-05-18T07:19:45.647+0000] {processor.py:186} INFO - Started process (PID=17654) to work on /home/noelsdavid/airflow_venv/lib/python3.12/site-packages/airflow/example_dags/example_bash_decorator.py
[2026-05-18T07:19:45.650+0000] {processor.py:914} INFO - Processing file /home/noelsdavid/airflow_venv/lib/python3.12/site-packages/airflow/example_dags/example_bash_decorator.py for tasks to queue
[2026-05-18T07:19:45.652+0000] {logging_mixin.py:190} INFO - [2026-05-18T07:19:45.651+0000] {dagbag.py:588} INFO - Filling up the DagBag from /home/noelsdavid/airflow_venv/lib/python3.12/site-packages/airflow/example_dags/example_bash_decorator.py
[2026-05-18T07:19:45.673+0000] {processor.py:925} INFO - DAG(s) 'example_bash_decorator' retrieved from /home/noelsdavid/airflow_venv/lib/python3.12/site-packages/airflow/example_dags/example_bash_decorator.py
[2026-05-18T07:19:45.700+0000] {logging_mixin.py:190} INFO - [2026-05-18T07:19:45.700+0000] {dag.py:3239} INFO - Sync 1 DAGs
[2026-05-18T07:19:45.719+0000] {logging_mixin.py:190} INFO - [2026-05-18T07:19:45.718+0000] {dag.py:4180} INFO - Setting next_dagrun for example_bash_decorator to None, run_after=None
[2026-05-18T07:19:45.750+0000] {processor.py:208} INFO - Processing /home/noelsdavid/airflow_venv/lib/python3.12/site-packages/airflow/example_dags/example_bash_decorator.py took 0.112 seconds
[2026-05-18T07:20:58.044+0000] {processor.py:186} INFO - Started process (PID=17756) to work on /home/noelsdavid/airflow_venv/lib/python3.12/site-packages/airflow/example_dags/example_bash_decorator.py
[2026-05-18T07:20:58.046+0000] {processor.py:914} INFO - Processing file /home/noelsdavid/airflow_venv/lib/python3.12/site-packages/airflow/example_dags/example_bash_decorator.py for tasks to queue
[2026-05-18T07:20:58.048+0000] {logging_mixin.py:190} INFO - [2026-05-18T07:20:58.048+0000] {dagbag.py:588} INFO - Filling up the DagBag from /home/noelsdavid/airflow_venv/lib/python3.12/site-packages/airflow/example_dags/example_bash_decorator.py
[2026-05-18T07:20:58.071+0000] {processor.py:925} INFO - DAG(s) 'example_bash_decorator' retrieved from /home/noelsdavid/airflow_venv/lib/python3.12/site-packages/airflow/example_dags/example_bash_decorator.py
[2026-05-18T07:20:58.097+0000] {logging_mixin.py:190} INFO - [2026-05-18T07:20:58.096+0000] {dag.py:3239} INFO - Sync 1 DAGs
[2026-05-18T07:20:58.115+0000] {logging_mixin.py:190} INFO - [2026-05-18T07:20:58.115+0000] {dag.py:4180} INFO - Setting next_dagrun for example_bash_decorator to None, run_after=None
[2026-05-18T07:20:58.146+0000] {processor.py:208} INFO - Processing /home/noelsdavid/airflow_venv/lib/python3.12/site-packages/airflow/example_dags/example_bash_decorator.py took 0.111 seconds
[2026-05-18T07:22:08.093+0000] {processor.py:186} INFO - Started process (PID=17838) to work on /home/noelsdavid/airflow_venv/lib/python3.12/site-packages/airflow/example_dags/example_bash_decorator.py
[2026-05-18T07:22:08.095+0000] {processor.py:914} INFO - Processing file /home/noelsdavid/airflow_venv/lib/python3.12/site-packages/airflow/example_dags/example_bash_decorator.py for tasks to queue
[2026-05-18T07:22:08.097+0000] {logging_mixin.py:190} INFO - [2026-05-18T07:22:08.096+0000] {dagbag.py:588} INFO - Filling up the DagBag from /home/noelsdavid/airflow_venv/lib/python3.12/site-packages/airflow/example_dags/example_bash_decorator.py
[2026-05-18T07:22:08.121+0000] {processor.py:925} INFO - DAG(s) 'example_bash_decorator' retrieved from /home/noelsdavid/airflow_venv/lib/python3.12/site-packages/airflow/example_dags/example_bash_decorator.py
[2026-05-18T07:22:08.147+0000] {logging_mixin.py:190} INFO - [2026-05-18T07:22:08.147+0000] {dag.py:3239} INFO - Sync 1 DAGs
[2026-05-18T07:22:08.165+0000] {logging_mixin.py:190} INFO - [2026-05-18T07:22:08.165+0000] {dag.py:4180} INFO - Setting next_dagrun for example_bash_decorator to None, run_after=None
[2026-05-18T07:22:08.194+0000] {processor.py:208} INFO - Processing /home/noelsdavid/airflow_venv/lib/python3.12/site-packages/airflow/example_dags/example_bash_decorator.py took 0.111 seconds
[2026-05-18T07:23:23.525+0000] {processor.py:186} INFO - Started process (PID=17918) to work on /home/noelsdavid/airflow_venv/lib/python3.12/site-packages/airflow/example_dags/example_bash_decorator.py
[2026-05-18T07:23:23.553+0000] {processor.py:914} INFO - Processing file /home/noelsdavid/airflow_venv/lib/python3.12/site-packages/airflow/example_dags/example_bash_decorator.py for tasks to queue
[2026-05-18T07:23:23.555+0000] {logging_mixin.py:190} INFO - [2026-05-18T07:23:23.554+0000] {dagbag.py:588} INFO - Filling up the DagBag from /home/noelsdavid/airflow_venv/lib/python3.12/site-packages/airflow/example_dags/example_bash_decorator.py
[2026-05-18T07:23:23.577+0000] {processor.py:925} INFO - DAG(s) 'example_bash_decorator' retrieved from /home/noelsdavid/airflow_venv/lib/python3.12/site-packages/airflow/example_dags/example_bash_decorator.py
[2026-05-18T07:23:23.605+0000] {logging_mixin.py:190} INFO - [2026-05-18T07:23:23.604+0000] {dag.py:3239} INFO - Sync 1 DAGs
[2026-05-18T07:23:23.626+0000] {logging_mixin.py:190} INFO - [2026-05-18T07:23:23.625+0000] {dag.py:4180} INFO - Setting next_dagrun for example_bash_decorator to None, run_after=None
[2026-05-18T07:23:23.661+0000] {processor.py:208} INFO - Processing /home/noelsdavid/airflow_venv/lib/python3.12/site-packages/airflow/example_dags/example_bash_decorator.py took 0.146 seconds
[2026-05-18T07:24:37.487+0000] {processor.py:186} INFO - Started process (PID=17998) to work on /home/noelsdavid/airflow_venv/lib/python3.12/site-packages/airflow/example_dags/example_bash_decorator.py
[2026-05-18T07:24:37.489+0000] {processor.py:914} INFO - Processing file /home/noelsdavid/airflow_venv/lib/python3.12/site-packages/airflow/example_dags/example_bash_decorator.py for tasks to queue
[2026-05-18T07:24:37.491+0000] {logging_mixin.py:190} INFO - [2026-05-18T07:24:37.491+0000] {dagbag.py:588} INFO - Filling up the DagBag from /home/noelsdavid/airflow_venv/lib/python3.12/site-packages/airflow/example_dags/example_bash_decorator.py
[2026-05-18T07:24:37.514+0000] {processor.py:925} INFO - DAG(s) 'example_bash_decorator' retrieved from /home/noelsdavid/airflow_venv/lib/python3.12/site-packages/airflow/example_dags/example_bash_decorator.py
[2026-05-18T07:24:37.541+0000] {logging_mixin.py:190} INFO - [2026-05-18T07:24:37.541+0000] {dag.py:3239} INFO - Sync 1 DAGs
[2026-05-18T07:24:37.560+0000] {logging_mixin.py:190} INFO - [2026-05-18T07:24:37.559+0000] {dag.py:4180} INFO - Setting next_dagrun for example_bash_decorator to None, run_after=None
[2026-05-18T07:24:37.593+0000] {processor.py:208} INFO - Processing /home/noelsdavid/airflow_venv/lib/python3.12/site-packages/airflow/example_dags/example_bash_decorator.py took 0.115 seconds
[2026-05-18T07:25:46.431+0000] {processor.py:186} INFO - Started process (PID=18100) to work on /home/noelsdavid/airflow_venv/lib/python3.12/site-packages/airflow/example_dags/example_bash_decorator.py
[2026-05-18T07:25:46.434+0000] {processor.py:914} INFO - Processing file /home/noelsdavid/airflow_venv/lib/python3.12/site-packages/airflow/example_dags/example_bash_decorator.py for tasks to queue
[2026-05-18T07:25:46.436+0000] {logging_mixin.py:190} INFO - [2026-05-18T07:25:46.435+0000] {dagbag.py:588} INFO - Filling up the DagBag from /home/noelsdavid/airflow_venv/lib/python3.12/site-packages/airflow/example_dags/example_bash_decorator.py
[2026-05-18T07:25:46.458+0000] {processor.py:925} INFO - DAG(s) 'example_bash_decorator' retrieved from /home/noelsdavid/airflow_venv/lib/python3.12/site-packages/airflow/example_dags/example_bash_decorator.py
[2026-05-18T07:25:46.485+0000] {logging_mixin.py:190} INFO - [2026-05-18T07:25:46.485+0000] {dag.py:3239} INFO - Sync 1 DAGs
[2026-05-18T07:25:46.503+0000] {logging_mixin.py:190} INFO - [2026-05-18T07:25:46.503+0000] {dag.py:4180} INFO - Setting next_dagrun for example_bash_decorator to None, run_after=None
[2026-05-18T07:25:46.535+0000] {processor.py:208} INFO - Processing /home/noelsdavid/airflow_venv/lib/python3.12/site-packages/airflow/example_dags/example_bash_decorator.py took 0.113 seconds
[2026-05-18T07:26:51.618+0000] {processor.py:186} INFO - Started process (PID=18170) to work on /home/noelsdavid/airflow_venv/lib/python3.12/site-packages/airflow/example_dags/example_bash_decorator.py
[2026-05-18T07:26:51.621+0000] {processor.py:914} INFO - Processing file /home/noelsdavid/airflow_venv/lib/python3.12/site-packages/airflow/example_dags/example_bash_decorator.py for tasks to queue
[2026-05-18T07:26:51.623+0000] {logging_mixin.py:190} INFO - [2026-05-18T07:26:51.622+0000] {dagbag.py:588} INFO - Filling up the DagBag from /home/noelsdavid/airflow_venv/lib/python3.12/site-packages/airflow/example_dags/example_bash_decorator.py
[2026-05-18T07:26:51.651+0000] {processor.py:925} INFO - DAG(s) 'example_bash_decorator' retrieved from /home/noelsdavid/airflow_venv/lib/python3.12/site-packages/airflow/example_dags/example_bash_decorator.py
[2026-05-18T07:26:51.700+0000] {logging_mixin.py:190} INFO - [2026-05-18T07:26:51.698+0000] {dag.py:3239} INFO - Sync 1 DAGs
[2026-05-18T07:26:51.736+0000] {logging_mixin.py:190} INFO - [2026-05-18T07:26:51.736+0000] {dag.py:4180} INFO - Setting next_dagrun for example_bash_decorator to None, run_after=None
[2026-05-18T07:26:51.777+0000] {processor.py:208} INFO - Processing /home/noelsdavid/airflow_venv/lib/python3.12/site-packages/airflow/example_dags/example_bash_decorator.py took 0.169 seconds
[2026-05-18T07:28:04.945+0000] {processor.py:186} INFO - Started process (PID=18248) to work on /home/noelsdavid/airflow_venv/lib/python3.12/site-packages/airflow/example_dags/example_bash_decorator.py
[2026-05-18T07:28:04.947+0000] {processor.py:914} INFO - Processing file /home/noelsdavid/airflow_venv/lib/python3.12/site-packages/airflow/example_dags/example_bash_decorator.py for tasks to queue
[2026-05-18T07:28:04.949+0000] {logging_mixin.py:190} INFO - [2026-05-18T07:28:04.948+0000] {dagbag.py:588} INFO - Filling up the DagBag from /home/noelsdavid/airflow_venv/lib/python3.12/site-packages/airflow/example_dags/example_bash_decorator.py
[2026-05-18T07:28:04.972+0000] {processor.py:925} INFO - DAG(s) 'example_bash_decorator' retrieved from /home/noelsdavid/airflow_venv/lib/python3.12/site-packages/airflow/example_dags/example_bash_decorator.py
[2026-05-18T07:28:04.998+0000] {logging_mixin.py:190} INFO - [2026-05-18T07:28:04.998+0000] {dag.py:3239} INFO - Sync 1 DAGs
[2026-05-18T07:28:05.017+0000] {logging_mixin.py:190} INFO - [2026-05-18T07:28:05.016+0000] {dag.py:4180} INFO - Setting next_dagrun for example_bash_decorator to None, run_after=None
[2026-05-18T07:28:05.052+0000] {processor.py:208} INFO - Processing /home/noelsdavid/airflow_venv/lib/python3.12/site-packages/airflow/example_dags/example_bash_decorator.py took 0.117 seconds
[2026-05-18T07:29:16.601+0000] {processor.py:186} INFO - Started process (PID=18325) to work on /home/noelsdavid/airflow_venv/lib/python3.12/site-packages/airflow/example_dags/example_bash_decorator.py
[2026-05-18T07:29:16.604+0000] {processor.py:914} INFO - Processing file /home/noelsdavid/airflow_venv/lib/python3.12/site-packages/airflow/example_dags/example_bash_decorator.py for tasks to queue
[2026-05-18T07:29:16.606+0000] {logging_mixin.py:190} INFO - [2026-05-18T07:29:16.605+0000] {dagbag.py:588} INFO - Filling up the DagBag from /home/noelsdavid/airflow_venv/lib/python3.12/site-packages/airflow/example_dags/example_bash_decorator.py
[2026-05-18T07:29:16.629+0000] {processor.py:925} INFO - DAG(s) 'example_bash_decorator' retrieved from /home/noelsdavid/airflow_venv/lib/python3.12/site-packages/airflow/example_dags/example_bash_decorator.py
[2026-05-18T07:29:16.658+0000] {logging_mixin.py:190} INFO - [2026-05-18T07:29:16.658+0000] {dag.py:3239} INFO - Sync 1 DAGs
[2026-05-18T07:29:16.678+0000] {logging_mixin.py:190} INFO - [2026-05-18T07:29:16.678+0000] {dag.py:4180} INFO - Setting next_dagrun for example_bash_decorator to None, run_after=None
[2026-05-18T07:29:16.711+0000] {processor.py:208} INFO - Processing /home/noelsdavid/airflow_venv/lib/python3.12/site-packages/airflow/example_dags/example_bash_decorator.py took 0.119 seconds
[2026-05-18T07:30:25.688+0000] {processor.py:186} INFO - Started process (PID=18435) to work on /home/noelsdavid/airflow_venv/lib/python3.12/site-packages/airflow/example_dags/example_bash_decorator.py
[2026-05-18T07:30:25.692+0000] {processor.py:914} INFO - Processing file /home/noelsdavid/airflow_venv/lib/python3.12/site-packages/airflow/example_dags/example_bash_decorator.py for tasks to queue
[2026-05-18T07:30:25.696+0000] {logging_mixin.py:190} INFO - [2026-05-18T07:30:25.695+0000] {dagbag.py:588} INFO - Filling up the DagBag from /home/noelsdavid/airflow_venv/lib/python3.12/site-packages/airflow/example_dags/example_bash_decorator.py
[2026-05-18T07:30:25.720+0000] {processor.py:925} INFO - DAG(s) 'example_bash_decorator' retrieved from /home/noelsdavid/airflow_venv/lib/python3.12/site-packages/airflow/example_dags/example_bash_decorator.py
[2026-05-18T07:30:25.747+0000] {logging_mixin.py:190} INFO - [2026-05-18T07:30:25.746+0000] {dag.py:3239} INFO - Sync 1 DAGs
[2026-05-18T07:30:25.765+0000] {logging_mixin.py:190} INFO - [2026-05-18T07:30:25.764+0000] {dag.py:4180} INFO - Setting next_dagrun for example_bash_decorator to None, run_after=None
[2026-05-18T07:30:25.799+0000] {processor.py:208} INFO - Processing /home/noelsdavid/airflow_venv/lib/python3.12/site-packages/airflow/example_dags/example_bash_decorator.py took 0.121 seconds
[2026-05-18T07:31:37.432+0000] {processor.py:186} INFO - Started process (PID=18513) to work on /home/noelsdavid/airflow_venv/lib/python3.12/site-packages/airflow/example_dags/example_bash_decorator.py
[2026-05-18T07:31:37.434+0000] {processor.py:914} INFO - Processing file /home/noelsdavid/airflow_venv/lib/python3.12/site-packages/airflow/example_dags/example_bash_decorator.py for tasks to queue
[2026-05-18T07:31:37.436+0000] {logging_mixin.py:190} INFO - [2026-05-18T07:31:37.435+0000] {dagbag.py:588} INFO - Filling up the DagBag from /home/noelsdavid/airflow_venv/lib/python3.12/site-packages/airflow/example_dags/example_bash_decorator.py
[2026-05-18T07:31:37.459+0000] {processor.py:925} INFO - DAG(s) 'example_bash_decorator' retrieved from /home/noelsdavid/airflow_venv/lib/python3.12/site-packages/airflow/example_dags/example_bash_decorator.py
[2026-05-18T07:31:37.485+0000] {logging_mixin.py:190} INFO - [2026-05-18T07:31:37.485+0000] {dag.py:3239} INFO - Sync 1 DAGs
[2026-05-18T07:31:37.504+0000] {logging_mixin.py:190} INFO - [2026-05-18T07:31:37.503+0000] {dag.py:4180} INFO - Setting next_dagrun for example_bash_decorator to None, run_after=None
[2026-05-18T07:31:37.540+0000] {processor.py:208} INFO - Processing /home/noelsdavid/airflow_venv/lib/python3.12/site-packages/airflow/example_dags/example_bash_decorator.py took 0.118 seconds
[2026-05-18T07:32:48.349+0000] {processor.py:186} INFO - Started process (PID=18591) to work on /home/noelsdavid/airflow_venv/lib/python3.12/site-packages/airflow/example_dags/example_bash_decorator.py
[2026-05-18T07:32:48.351+0000] {processor.py:914} INFO - Processing file /home/noelsdavid/airflow_venv/lib/python3.12/site-packages/airflow/example_dags/example_bash_decorator.py for tasks to queue
[2026-05-18T07:32:48.353+0000] {logging_mixin.py:190} INFO - [2026-05-18T07:32:48.353+0000] {dagbag.py:588} INFO - Filling up the DagBag from /home/noelsdavid/airflow_venv/lib/python3.12/site-packages/airflow/example_dags/example_bash_decorator.py
[2026-05-18T07:32:48.377+0000] {processor.py:925} INFO - DAG(s) 'example_bash_decorator' retrieved from /home/noelsdavid/airflow_venv/lib/python3.12/site-packages/airflow/example_dags/example_bash_decorator.py
[2026-05-18T07:32:48.405+0000] {logging_mixin.py:190} INFO - [2026-05-18T07:32:48.405+0000] {dag.py:3239} INFO - Sync 1 DAGs
[2026-05-18T07:32:48.422+0000] {logging_mixin.py:190} INFO - [2026-05-18T07:32:48.421+0000] {dag.py:4180} INFO - Setting next_dagrun for example_bash_decorator to None, run_after=None
[2026-05-18T07:32:48.457+0000] {processor.py:208} INFO - Processing /home/noelsdavid/airflow_venv/lib/python3.12/site-packages/airflow/example_dags/example_bash_decorator.py took 0.118 seconds
[2026-05-18T07:33:56.674+0000] {processor.py:186} INFO - Started process (PID=18667) to work on /home/noelsdavid/airflow_venv/lib/python3.12/site-packages/airflow/example_dags/example_bash_decorator.py
[2026-05-18T07:33:56.676+0000] {processor.py:914} INFO - Processing file /home/noelsdavid/airflow_venv/lib/python3.12/site-packages/airflow/example_dags/example_bash_decorator.py for tasks to queue
[2026-05-18T07:33:56.678+0000] {logging_mixin.py:190} INFO - [2026-05-18T07:33:56.678+0000] {dagbag.py:588} INFO - Filling up the DagBag from /home/noelsdavid/airflow_venv/lib/python3.12/site-packages/airflow/example_dags/example_bash_decorator.py
[2026-05-18T07:33:56.701+0000] {processor.py:925} INFO - DAG(s) 'example_bash_decorator' retrieved from /home/noelsdavid/airflow_venv/lib/python3.12/site-packages/airflow/example_dags/example_bash_decorator.py
[2026-05-18T07:33:56.728+0000] {logging_mixin.py:190} INFO - [2026-05-18T07:33:56.727+0000] {dag.py:3239} INFO - Sync 1 DAGs
[2026-05-18T07:33:56.745+0000] {logging_mixin.py:190} INFO - [2026-05-18T07:33:56.744+0000] {dag.py:4180} INFO - Setting next_dagrun for example_bash_decorator to None, run_after=None
[2026-05-18T07:33:56.778+0000] {processor.py:208} INFO - Processing /home/noelsdavid/airflow_venv/lib/python3.12/site-packages/airflow/example_dags/example_bash_decorator.py took 0.113 seconds
[2026-05-18T07:35:09.576+0000] {processor.py:186} INFO - Started process (PID=18744) to work on /home/noelsdavid/airflow_venv/lib/python3.12/site-packages/airflow/example_dags/example_bash_decorator.py
[2026-05-18T07:35:09.582+0000] {processor.py:914} INFO - Processing file /home/noelsdavid/airflow_venv/lib/python3.12/site-packages/airflow/example_dags/example_bash_decorator.py for tasks to queue
[2026-05-18T07:35:09.584+0000] {logging_mixin.py:190} INFO - [2026-05-18T07:35:09.584+0000] {dagbag.py:588} INFO - Filling up the DagBag from /home/noelsdavid/airflow_venv/lib/python3.12/site-packages/airflow/example_dags/example_bash_decorator.py
[2026-05-18T07:35:09.606+0000] {processor.py:925} INFO - DAG(s) 'example_bash_decorator' retrieved from /home/noelsdavid/airflow_venv/lib/python3.12/site-packages/airflow/example_dags/example_bash_decorator.py
[2026-05-18T07:35:09.633+0000] {logging_mixin.py:190} INFO - [2026-05-18T07:35:09.633+0000] {dag.py:3239} INFO - Sync 1 DAGs
[2026-05-18T07:35:09.651+0000] {logging_mixin.py:190} INFO - [2026-05-18T07:35:09.651+0000] {dag.py:4180} INFO - Setting next_dagrun for example_bash_decorator to None, run_after=None
[2026-05-18T07:35:09.684+0000] {processor.py:208} INFO - Processing /home/noelsdavid/airflow_venv/lib/python3.12/site-packages/airflow/example_dags/example_bash_decorator.py took 0.120 seconds
[2026-05-18T07:36:19.644+0000] {processor.py:186} INFO - Started process (PID=18846) to work on /home/noelsdavid/airflow_venv/lib/python3.12/site-packages/airflow/example_dags/example_bash_decorator.py
[2026-05-18T07:36:19.646+0000] {processor.py:914} INFO - Processing file /home/noelsdavid/airflow_venv/lib/python3.12/site-packages/airflow/example_dags/example_bash_decorator.py for tasks to queue
[2026-05-18T07:36:19.648+0000] {logging_mixin.py:190} INFO - [2026-05-18T07:36:19.647+0000] {dagbag.py:588} INFO - Filling up the DagBag from /home/noelsdavid/airflow_venv/lib/python3.12/site-packages/airflow/example_dags/example_bash_decorator.py
[2026-05-18T07:36:19.670+0000] {processor.py:925} INFO - DAG(s) 'example_bash_decorator' retrieved from /home/noelsdavid/airflow_venv/lib/python3.12/site-packages/airflow/example_dags/example_bash_decorator.py
[2026-05-18T07:36:19.696+0000] {logging_mixin.py:190} INFO - [2026-05-18T07:36:19.695+0000] {dag.py:3239} INFO - Sync 1 DAGs
[2026-05-18T07:36:19.714+0000] {logging_mixin.py:190} INFO - [2026-05-18T07:36:19.714+0000] {dag.py:4180} INFO - Setting next_dagrun for example_bash_decorator to None, run_after=None
[2026-05-18T07:36:19.746+0000] {processor.py:208} INFO - Processing /home/noelsdavid/airflow_venv/lib/python3.12/site-packages/airflow/example_dags/example_bash_decorator.py took 0.112 seconds
[2026-05-18T07:37:31.609+0000] {processor.py:186} INFO - Started process (PID=18923) to work on /home/noelsdavid/airflow_venv/lib/python3.12/site-packages/airflow/example_dags/example_bash_decorator.py
[2026-05-18T07:37:31.612+0000] {processor.py:914} INFO - Processing file /home/noelsdavid/airflow_venv/lib/python3.12/site-packages/airflow/example_dags/example_bash_decorator.py for tasks to queue
[2026-05-18T07:37:31.614+0000] {logging_mixin.py:190} INFO - [2026-05-18T07:37:31.614+0000] {dagbag.py:588} INFO - Filling up the DagBag from /home/noelsdavid/airflow_venv/lib/python3.12/site-packages/airflow/example_dags/example_bash_decorator.py
[2026-05-18T07:37:31.636+0000] {processor.py:925} INFO - DAG(s) 'example_bash_decorator' retrieved from /home/noelsdavid/airflow_venv/lib/python3.12/site-packages/airflow/example_dags/example_bash_decorator.py
[2026-05-18T07:37:31.680+0000] {logging_mixin.py:190} INFO - [2026-05-18T07:37:31.679+0000] {dag.py:3239} INFO - Sync 1 DAGs
[2026-05-18T07:37:31.710+0000] {logging_mixin.py:190} INFO - [2026-05-18T07:37:31.709+0000] {dag.py:4180} INFO - Setting next_dagrun for example_bash_decorator to None, run_after=None
[2026-05-18T07:37:31.757+0000] {processor.py:208} INFO - Processing /home/noelsdavid/airflow_venv/lib/python3.12/site-packages/airflow/example_dags/example_bash_decorator.py took 0.157 seconds
[2026-05-18T07:38:40.765+0000] {processor.py:186} INFO - Started process (PID=19001) to work on /home/noelsdavid/airflow_venv/lib/python3.12/site-packages/airflow/example_dags/example_bash_decorator.py
[2026-05-18T07:38:40.768+0000] {processor.py:914} INFO - Processing file /home/noelsdavid/airflow_venv/lib/python3.12/site-packages/airflow/example_dags/example_bash_decorator.py for tasks to queue
[2026-05-18T07:38:40.770+0000] {logging_mixin.py:190} INFO - [2026-05-18T07:38:40.769+0000] {dagbag.py:588} INFO - Filling up the DagBag from /home/noelsdavid/airflow_venv/lib/python3.12/site-packages/airflow/example_dags/example_bash_decorator.py
[2026-05-18T07:38:40.794+0000] {processor.py:925} INFO - DAG(s) 'example_bash_decorator' retrieved from /home/noelsdavid/airflow_venv/lib/python3.12/site-packages/airflow/example_dags/example_bash_decorator.py
[2026-05-18T07:38:40.820+0000] {logging_mixin.py:190} INFO - [2026-05-18T07:38:40.820+0000] {dag.py:3239} INFO - Sync 1 DAGs
[2026-05-18T07:38:40.839+0000] {logging_mixin.py:190} INFO - [2026-05-18T07:38:40.839+0000] {dag.py:4180} INFO - Setting next_dagrun for example_bash_decorator to None, run_after=None
[2026-05-18T07:38:40.871+0000] {processor.py:208} INFO - Processing /home/noelsdavid/airflow_venv/lib/python3.12/site-packages/airflow/example_dags/example_bash_decorator.py took 0.115 seconds
[2026-05-18T07:39:51.791+0000] {processor.py:186} INFO - Started process (PID=19078) to work on /home/noelsdavid/airflow_venv/lib/python3.12/site-packages/airflow/example_dags/example_bash_decorator.py
[2026-05-18T07:39:51.794+0000] {processor.py:914} INFO - Processing file /home/noelsdavid/airflow_venv/lib/python3.12/site-packages/airflow/example_dags/example_bash_decorator.py for tasks to queue
[2026-05-18T07:39:51.796+0000] {logging_mixin.py:190} INFO - [2026-05-18T07:39:51.796+0000] {dagbag.py:588} INFO - Filling up the DagBag from /home/noelsdavid/airflow_venv/lib/python3.12/site-packages/airflow/example_dags/example_bash_decorator.py
[2026-05-18T07:39:51.821+0000] {processor.py:925} INFO - DAG(s) 'example_bash_decorator' retrieved from /home/noelsdavid/airflow_venv/lib/python3.12/site-packages/airflow/example_dags/example_bash_decorator.py
[2026-05-18T07:39:51.853+0000] {logging_mixin.py:190} INFO - [2026-05-18T07:39:51.853+0000] {dag.py:3239} INFO - Sync 1 DAGs
[2026-05-18T07:39:51.871+0000] {logging_mixin.py:190} INFO - [2026-05-18T07:39:51.870+0000] {dag.py:4180} INFO - Setting next_dagrun for example_bash_decorator to None, run_after=None
[2026-05-18T07:39:51.906+0000] {processor.py:208} INFO - Processing /home/noelsdavid/airflow_venv/lib/python3.12/site-packages/airflow/example_dags/example_bash_decorator.py took 0.125 seconds
