[2026-05-18T06:00:28.947+0000] {processor.py:186} INFO - Started process (PID=6909) to work on /home/noelsdavid/airflow_venv/lib/python3.12/site-packages/airflow/example_dags/example_task_group_decorator.py
[2026-05-18T06:00:28.948+0000] {processor.py:914} INFO - Processing file /home/noelsdavid/airflow_venv/lib/python3.12/site-packages/airflow/example_dags/example_task_group_decorator.py for tasks to queue
[2026-05-18T06:00:28.950+0000] {logging_mixin.py:190} INFO - [2026-05-18T06:00:28.950+0000] {dagbag.py:588} INFO - Filling up the DagBag from /home/noelsdavid/airflow_venv/lib/python3.12/site-packages/airflow/example_dags/example_task_group_decorator.py
[2026-05-18T06:00:28.969+0000] {processor.py:925} INFO - DAG(s) 'example_task_group_decorator' retrieved from /home/noelsdavid/airflow_venv/lib/python3.12/site-packages/airflow/example_dags/example_task_group_decorator.py
[2026-05-18T06:00:29.112+0000] {logging_mixin.py:190} INFO - [2026-05-18T06:00:29.111+0000] {override.py:1911} INFO - Created Permission View: can edit on DAG:example_task_group_decorator
[2026-05-18T06:00:29.130+0000] {logging_mixin.py:190} INFO - [2026-05-18T06:00:29.130+0000] {override.py:1911} INFO - Created Permission View: can delete on DAG:example_task_group_decorator
[2026-05-18T06:00:29.145+0000] {logging_mixin.py:190} INFO - [2026-05-18T06:00:29.145+0000] {override.py:1911} INFO - Created Permission View: can read on DAG:example_task_group_decorator
[2026-05-18T06:00:29.169+0000] {logging_mixin.py:190} INFO - [2026-05-18T06:00:29.168+0000] {override.py:1911} INFO - Created Permission View: can delete on DAG Run:example_task_group_decorator
[2026-05-18T06:00:29.183+0000] {logging_mixin.py:190} INFO - [2026-05-18T06:00:29.182+0000] {override.py:1911} INFO - Created Permission View: menu access on DAG Run:example_task_group_decorator
[2026-05-18T06:00:29.197+0000] {logging_mixin.py:190} INFO - [2026-05-18T06:00:29.197+0000] {override.py:1911} INFO - Created Permission View: can create on DAG Run:example_task_group_decorator
[2026-05-18T06:00:29.210+0000] {logging_mixin.py:190} INFO - [2026-05-18T06:00:29.210+0000] {override.py:1911} INFO - Created Permission View: can read on DAG Run:example_task_group_decorator
[2026-05-18T06:00:29.211+0000] {logging_mixin.py:190} INFO - [2026-05-18T06:00:29.211+0000] {dag.py:3239} INFO - Sync 1 DAGs
[2026-05-18T06:00:29.226+0000] {logging_mixin.py:190} INFO - [2026-05-18T06:00:29.226+0000] {dag.py:3262} INFO - Creating ORM DAG for example_task_group_decorator
[2026-05-18T06:00:29.227+0000] {logging_mixin.py:190} INFO - [2026-05-18T06:00:29.227+0000] {dag.py:4180} INFO - Setting next_dagrun for example_task_group_decorator to None, run_after=None
[2026-05-18T06:00:29.252+0000] {processor.py:208} INFO - Processing /home/noelsdavid/airflow_venv/lib/python3.12/site-packages/airflow/example_dags/example_task_group_decorator.py took 0.312 seconds
[2026-05-18T06:01:38.816+0000] {processor.py:186} INFO - Started process (PID=6968) to work on /home/noelsdavid/airflow_venv/lib/python3.12/site-packages/airflow/example_dags/example_task_group_decorator.py
[2026-05-18T06:01:38.819+0000] {processor.py:914} INFO - Processing file /home/noelsdavid/airflow_venv/lib/python3.12/site-packages/airflow/example_dags/example_task_group_decorator.py for tasks to queue
[2026-05-18T06:01:38.822+0000] {logging_mixin.py:190} INFO - [2026-05-18T06:01:38.821+0000] {dagbag.py:588} INFO - Filling up the DagBag from /home/noelsdavid/airflow_venv/lib/python3.12/site-packages/airflow/example_dags/example_task_group_decorator.py
[2026-05-18T06:01:38.841+0000] {processor.py:925} INFO - DAG(s) 'example_task_group_decorator' retrieved from /home/noelsdavid/airflow_venv/lib/python3.12/site-packages/airflow/example_dags/example_task_group_decorator.py
[2026-05-18T06:01:38.869+0000] {logging_mixin.py:190} INFO - [2026-05-18T06:01:38.869+0000] {dag.py:3239} INFO - Sync 1 DAGs
[2026-05-18T06:01:38.886+0000] {logging_mixin.py:190} INFO - [2026-05-18T06:01:38.885+0000] {dag.py:4180} INFO - Setting next_dagrun for example_task_group_decorator to None, run_after=None
[2026-05-18T06:01:38.915+0000] {processor.py:208} INFO - Processing /home/noelsdavid/airflow_venv/lib/python3.12/site-packages/airflow/example_dags/example_task_group_decorator.py took 0.105 seconds
[2026-05-18T06:02:38.128+0000] {processor.py:186} INFO - Started process (PID=7028) to work on /home/noelsdavid/airflow_venv/lib/python3.12/site-packages/airflow/example_dags/example_task_group_decorator.py
[2026-05-18T06:02:38.130+0000] {processor.py:914} INFO - Processing file /home/noelsdavid/airflow_venv/lib/python3.12/site-packages/airflow/example_dags/example_task_group_decorator.py for tasks to queue
[2026-05-18T06:02:38.133+0000] {logging_mixin.py:190} INFO - [2026-05-18T06:02:38.132+0000] {dagbag.py:588} INFO - Filling up the DagBag from /home/noelsdavid/airflow_venv/lib/python3.12/site-packages/airflow/example_dags/example_task_group_decorator.py
[2026-05-18T06:02:38.155+0000] {processor.py:925} INFO - DAG(s) 'example_task_group_decorator' retrieved from /home/noelsdavid/airflow_venv/lib/python3.12/site-packages/airflow/example_dags/example_task_group_decorator.py
[2026-05-18T06:02:38.182+0000] {logging_mixin.py:190} INFO - [2026-05-18T06:02:38.181+0000] {dag.py:3239} INFO - Sync 1 DAGs
[2026-05-18T06:02:38.197+0000] {logging_mixin.py:190} INFO - [2026-05-18T06:02:38.197+0000] {dag.py:4180} INFO - Setting next_dagrun for example_task_group_decorator to None, run_after=None
[2026-05-18T06:02:38.226+0000] {processor.py:208} INFO - Processing /home/noelsdavid/airflow_venv/lib/python3.12/site-packages/airflow/example_dags/example_task_group_decorator.py took 0.106 seconds
[2026-05-18T06:03:37.463+0000] {processor.py:186} INFO - Started process (PID=7087) to work on /home/noelsdavid/airflow_venv/lib/python3.12/site-packages/airflow/example_dags/example_task_group_decorator.py
[2026-05-18T06:03:37.465+0000] {processor.py:914} INFO - Processing file /home/noelsdavid/airflow_venv/lib/python3.12/site-packages/airflow/example_dags/example_task_group_decorator.py for tasks to queue
[2026-05-18T06:03:37.469+0000] {logging_mixin.py:190} INFO - [2026-05-18T06:03:37.468+0000] {dagbag.py:588} INFO - Filling up the DagBag from /home/noelsdavid/airflow_venv/lib/python3.12/site-packages/airflow/example_dags/example_task_group_decorator.py
[2026-05-18T06:03:37.489+0000] {processor.py:925} INFO - DAG(s) 'example_task_group_decorator' retrieved from /home/noelsdavid/airflow_venv/lib/python3.12/site-packages/airflow/example_dags/example_task_group_decorator.py
[2026-05-18T06:03:37.516+0000] {logging_mixin.py:190} INFO - [2026-05-18T06:03:37.516+0000] {dag.py:3239} INFO - Sync 1 DAGs
[2026-05-18T06:03:37.532+0000] {logging_mixin.py:190} INFO - [2026-05-18T06:03:37.531+0000] {dag.py:4180} INFO - Setting next_dagrun for example_task_group_decorator to None, run_after=None
[2026-05-18T06:03:37.564+0000] {processor.py:208} INFO - Processing /home/noelsdavid/airflow_venv/lib/python3.12/site-packages/airflow/example_dags/example_task_group_decorator.py took 0.108 seconds
[2026-05-18T06:04:37.965+0000] {processor.py:186} INFO - Started process (PID=7145) to work on /home/noelsdavid/airflow_venv/lib/python3.12/site-packages/airflow/example_dags/example_task_group_decorator.py
[2026-05-18T06:04:37.968+0000] {processor.py:914} INFO - Processing file /home/noelsdavid/airflow_venv/lib/python3.12/site-packages/airflow/example_dags/example_task_group_decorator.py for tasks to queue
[2026-05-18T06:04:37.971+0000] {logging_mixin.py:190} INFO - [2026-05-18T06:04:37.970+0000] {dagbag.py:588} INFO - Filling up the DagBag from /home/noelsdavid/airflow_venv/lib/python3.12/site-packages/airflow/example_dags/example_task_group_decorator.py
[2026-05-18T06:04:37.992+0000] {processor.py:925} INFO - DAG(s) 'example_task_group_decorator' retrieved from /home/noelsdavid/airflow_venv/lib/python3.12/site-packages/airflow/example_dags/example_task_group_decorator.py
[2026-05-18T06:04:38.020+0000] {logging_mixin.py:190} INFO - [2026-05-18T06:04:38.020+0000] {dag.py:3239} INFO - Sync 1 DAGs
[2026-05-18T06:04:38.036+0000] {logging_mixin.py:190} INFO - [2026-05-18T06:04:38.036+0000] {dag.py:4180} INFO - Setting next_dagrun for example_task_group_decorator to None, run_after=None
[2026-05-18T06:04:38.066+0000] {processor.py:208} INFO - Processing /home/noelsdavid/airflow_venv/lib/python3.12/site-packages/airflow/example_dags/example_task_group_decorator.py took 0.109 seconds
[2026-05-18T06:05:50.193+0000] {processor.py:186} INFO - Started process (PID=7236) to work on /home/noelsdavid/airflow_venv/lib/python3.12/site-packages/airflow/example_dags/example_task_group_decorator.py
[2026-05-18T06:05:50.196+0000] {processor.py:914} INFO - Processing file /home/noelsdavid/airflow_venv/lib/python3.12/site-packages/airflow/example_dags/example_task_group_decorator.py for tasks to queue
[2026-05-18T06:05:50.387+0000] {logging_mixin.py:190} INFO - [2026-05-18T06:05:50.386+0000] {dagbag.py:588} INFO - Filling up the DagBag from /home/noelsdavid/airflow_venv/lib/python3.12/site-packages/airflow/example_dags/example_task_group_decorator.py
[2026-05-18T06:05:50.403+0000] {processor.py:925} INFO - DAG(s) 'example_task_group_decorator' retrieved from /home/noelsdavid/airflow_venv/lib/python3.12/site-packages/airflow/example_dags/example_task_group_decorator.py
[2026-05-18T06:05:50.427+0000] {logging_mixin.py:190} INFO - [2026-05-18T06:05:50.427+0000] {dag.py:3239} INFO - Sync 1 DAGs
[2026-05-18T06:05:50.440+0000] {logging_mixin.py:190} INFO - [2026-05-18T06:05:50.440+0000] {dag.py:4180} INFO - Setting next_dagrun for example_task_group_decorator to None, run_after=None
[2026-05-18T06:05:50.471+0000] {processor.py:208} INFO - Processing /home/noelsdavid/airflow_venv/lib/python3.12/site-packages/airflow/example_dags/example_task_group_decorator.py took 0.289 seconds
[2026-05-18T06:06:51.575+0000] {processor.py:186} INFO - Started process (PID=7297) to work on /home/noelsdavid/airflow_venv/lib/python3.12/site-packages/airflow/example_dags/example_task_group_decorator.py
[2026-05-18T06:06:51.628+0000] {processor.py:914} INFO - Processing file /home/noelsdavid/airflow_venv/lib/python3.12/site-packages/airflow/example_dags/example_task_group_decorator.py for tasks to queue
[2026-05-18T06:06:51.632+0000] {logging_mixin.py:190} INFO - [2026-05-18T06:06:51.631+0000] {dagbag.py:588} INFO - Filling up the DagBag from /home/noelsdavid/airflow_venv/lib/python3.12/site-packages/airflow/example_dags/example_task_group_decorator.py
[2026-05-18T06:06:51.663+0000] {processor.py:925} INFO - DAG(s) 'example_task_group_decorator' retrieved from /home/noelsdavid/airflow_venv/lib/python3.12/site-packages/airflow/example_dags/example_task_group_decorator.py
[2026-05-18T06:06:51.707+0000] {logging_mixin.py:190} INFO - [2026-05-18T06:06:51.707+0000] {dag.py:3239} INFO - Sync 1 DAGs
[2026-05-18T06:06:51.735+0000] {logging_mixin.py:190} INFO - [2026-05-18T06:06:51.735+0000] {dag.py:4180} INFO - Setting next_dagrun for example_task_group_decorator to None, run_after=None
[2026-05-18T06:06:51.772+0000] {processor.py:208} INFO - Processing /home/noelsdavid/airflow_venv/lib/python3.12/site-packages/airflow/example_dags/example_task_group_decorator.py took 0.204 seconds
[2026-05-18T06:07:48.129+0000] {processor.py:186} INFO - Started process (PID=7355) to work on /home/noelsdavid/airflow_venv/lib/python3.12/site-packages/airflow/example_dags/example_task_group_decorator.py
[2026-05-18T06:07:48.144+0000] {processor.py:914} INFO - Processing file /home/noelsdavid/airflow_venv/lib/python3.12/site-packages/airflow/example_dags/example_task_group_decorator.py for tasks to queue
[2026-05-18T06:07:48.148+0000] {logging_mixin.py:190} INFO - [2026-05-18T06:07:48.148+0000] {dagbag.py:588} INFO - Filling up the DagBag from /home/noelsdavid/airflow_venv/lib/python3.12/site-packages/airflow/example_dags/example_task_group_decorator.py
[2026-05-18T06:07:48.171+0000] {processor.py:925} INFO - DAG(s) 'example_task_group_decorator' retrieved from /home/noelsdavid/airflow_venv/lib/python3.12/site-packages/airflow/example_dags/example_task_group_decorator.py
[2026-05-18T06:07:48.201+0000] {logging_mixin.py:190} INFO - [2026-05-18T06:07:48.201+0000] {dag.py:3239} INFO - Sync 1 DAGs
[2026-05-18T06:07:48.218+0000] {logging_mixin.py:190} INFO - [2026-05-18T06:07:48.218+0000] {dag.py:4180} INFO - Setting next_dagrun for example_task_group_decorator to None, run_after=None
[2026-05-18T06:07:48.251+0000] {processor.py:208} INFO - Processing /home/noelsdavid/airflow_venv/lib/python3.12/site-packages/airflow/example_dags/example_task_group_decorator.py took 0.130 seconds
[2026-05-18T06:08:55.836+0000] {processor.py:186} INFO - Started process (PID=7418) to work on /home/noelsdavid/airflow_venv/lib/python3.12/site-packages/airflow/example_dags/example_task_group_decorator.py
[2026-05-18T06:08:55.855+0000] {processor.py:914} INFO - Processing file /home/noelsdavid/airflow_venv/lib/python3.12/site-packages/airflow/example_dags/example_task_group_decorator.py for tasks to queue
[2026-05-18T06:08:55.859+0000] {logging_mixin.py:190} INFO - [2026-05-18T06:08:55.858+0000] {dagbag.py:588} INFO - Filling up the DagBag from /home/noelsdavid/airflow_venv/lib/python3.12/site-packages/airflow/example_dags/example_task_group_decorator.py
[2026-05-18T06:08:55.880+0000] {processor.py:925} INFO - DAG(s) 'example_task_group_decorator' retrieved from /home/noelsdavid/airflow_venv/lib/python3.12/site-packages/airflow/example_dags/example_task_group_decorator.py
[2026-05-18T06:08:55.909+0000] {logging_mixin.py:190} INFO - [2026-05-18T06:08:55.909+0000] {dag.py:3239} INFO - Sync 1 DAGs
[2026-05-18T06:08:55.926+0000] {logging_mixin.py:190} INFO - [2026-05-18T06:08:55.926+0000] {dag.py:4180} INFO - Setting next_dagrun for example_task_group_decorator to None, run_after=None
[2026-05-18T06:08:55.955+0000] {processor.py:208} INFO - Processing /home/noelsdavid/airflow_venv/lib/python3.12/site-packages/airflow/example_dags/example_task_group_decorator.py took 0.127 seconds
[2026-05-18T06:09:58.383+0000] {processor.py:186} INFO - Started process (PID=7477) to work on /home/noelsdavid/airflow_venv/lib/python3.12/site-packages/airflow/example_dags/example_task_group_decorator.py
[2026-05-18T06:09:58.386+0000] {processor.py:914} INFO - Processing file /home/noelsdavid/airflow_venv/lib/python3.12/site-packages/airflow/example_dags/example_task_group_decorator.py for tasks to queue
[2026-05-18T06:09:58.390+0000] {logging_mixin.py:190} INFO - [2026-05-18T06:09:58.389+0000] {dagbag.py:588} INFO - Filling up the DagBag from /home/noelsdavid/airflow_venv/lib/python3.12/site-packages/airflow/example_dags/example_task_group_decorator.py
[2026-05-18T06:09:58.412+0000] {processor.py:925} INFO - DAG(s) 'example_task_group_decorator' retrieved from /home/noelsdavid/airflow_venv/lib/python3.12/site-packages/airflow/example_dags/example_task_group_decorator.py
[2026-05-18T06:09:58.439+0000] {logging_mixin.py:190} INFO - [2026-05-18T06:09:58.438+0000] {dag.py:3239} INFO - Sync 1 DAGs
[2026-05-18T06:09:58.456+0000] {logging_mixin.py:190} INFO - [2026-05-18T06:09:58.455+0000] {dag.py:4180} INFO - Setting next_dagrun for example_task_group_decorator to None, run_after=None
[2026-05-18T06:09:58.488+0000] {processor.py:208} INFO - Processing /home/noelsdavid/airflow_venv/lib/python3.12/site-packages/airflow/example_dags/example_task_group_decorator.py took 0.112 seconds
[2026-05-18T06:10:57.465+0000] {processor.py:186} INFO - Started process (PID=7560) to work on /home/noelsdavid/airflow_venv/lib/python3.12/site-packages/airflow/example_dags/example_task_group_decorator.py
[2026-05-18T06:10:57.467+0000] {processor.py:914} INFO - Processing file /home/noelsdavid/airflow_venv/lib/python3.12/site-packages/airflow/example_dags/example_task_group_decorator.py for tasks to queue
[2026-05-18T06:10:57.472+0000] {logging_mixin.py:190} INFO - [2026-05-18T06:10:57.471+0000] {dagbag.py:588} INFO - Filling up the DagBag from /home/noelsdavid/airflow_venv/lib/python3.12/site-packages/airflow/example_dags/example_task_group_decorator.py
[2026-05-18T06:10:57.492+0000] {processor.py:925} INFO - DAG(s) 'example_task_group_decorator' retrieved from /home/noelsdavid/airflow_venv/lib/python3.12/site-packages/airflow/example_dags/example_task_group_decorator.py
[2026-05-18T06:10:57.521+0000] {logging_mixin.py:190} INFO - [2026-05-18T06:10:57.520+0000] {dag.py:3239} INFO - Sync 1 DAGs
[2026-05-18T06:10:57.539+0000] {logging_mixin.py:190} INFO - [2026-05-18T06:10:57.538+0000] {dag.py:4180} INFO - Setting next_dagrun for example_task_group_decorator to None, run_after=None
[2026-05-18T06:10:57.570+0000] {processor.py:208} INFO - Processing /home/noelsdavid/airflow_venv/lib/python3.12/site-packages/airflow/example_dags/example_task_group_decorator.py took 0.113 seconds
[2026-05-18T06:11:57.540+0000] {processor.py:186} INFO - Started process (PID=7620) to work on /home/noelsdavid/airflow_venv/lib/python3.12/site-packages/airflow/example_dags/example_task_group_decorator.py
[2026-05-18T06:11:57.542+0000] {processor.py:914} INFO - Processing file /home/noelsdavid/airflow_venv/lib/python3.12/site-packages/airflow/example_dags/example_task_group_decorator.py for tasks to queue
[2026-05-18T06:11:57.547+0000] {logging_mixin.py:190} INFO - [2026-05-18T06:11:57.546+0000] {dagbag.py:588} INFO - Filling up the DagBag from /home/noelsdavid/airflow_venv/lib/python3.12/site-packages/airflow/example_dags/example_task_group_decorator.py
[2026-05-18T06:11:57.569+0000] {processor.py:925} INFO - DAG(s) 'example_task_group_decorator' retrieved from /home/noelsdavid/airflow_venv/lib/python3.12/site-packages/airflow/example_dags/example_task_group_decorator.py
[2026-05-18T06:11:57.598+0000] {logging_mixin.py:190} INFO - [2026-05-18T06:11:57.598+0000] {dag.py:3239} INFO - Sync 1 DAGs
[2026-05-18T06:11:57.616+0000] {logging_mixin.py:190} INFO - [2026-05-18T06:11:57.616+0000] {dag.py:4180} INFO - Setting next_dagrun for example_task_group_decorator to None, run_after=None
[2026-05-18T06:11:57.648+0000] {processor.py:208} INFO - Processing /home/noelsdavid/airflow_venv/lib/python3.12/site-packages/airflow/example_dags/example_task_group_decorator.py took 0.116 seconds
[2026-05-18T06:12:56.209+0000] {processor.py:186} INFO - Started process (PID=7678) to work on /home/noelsdavid/airflow_venv/lib/python3.12/site-packages/airflow/example_dags/example_task_group_decorator.py
[2026-05-18T06:12:56.212+0000] {processor.py:914} INFO - Processing file /home/noelsdavid/airflow_venv/lib/python3.12/site-packages/airflow/example_dags/example_task_group_decorator.py for tasks to queue
[2026-05-18T06:12:56.216+0000] {logging_mixin.py:190} INFO - [2026-05-18T06:12:56.215+0000] {dagbag.py:588} INFO - Filling up the DagBag from /home/noelsdavid/airflow_venv/lib/python3.12/site-packages/airflow/example_dags/example_task_group_decorator.py
[2026-05-18T06:12:56.238+0000] {processor.py:925} INFO - DAG(s) 'example_task_group_decorator' retrieved from /home/noelsdavid/airflow_venv/lib/python3.12/site-packages/airflow/example_dags/example_task_group_decorator.py
[2026-05-18T06:12:56.265+0000] {logging_mixin.py:190} INFO - [2026-05-18T06:12:56.264+0000] {dag.py:3239} INFO - Sync 1 DAGs
[2026-05-18T06:12:56.281+0000] {logging_mixin.py:190} INFO - [2026-05-18T06:12:56.281+0000] {dag.py:4180} INFO - Setting next_dagrun for example_task_group_decorator to None, run_after=None
[2026-05-18T06:12:56.311+0000] {processor.py:208} INFO - Processing /home/noelsdavid/airflow_venv/lib/python3.12/site-packages/airflow/example_dags/example_task_group_decorator.py took 0.110 seconds
[2026-05-18T06:14:00.876+0000] {processor.py:186} INFO - Started process (PID=7738) to work on /home/noelsdavid/airflow_venv/lib/python3.12/site-packages/airflow/example_dags/example_task_group_decorator.py
[2026-05-18T06:14:00.878+0000] {processor.py:914} INFO - Processing file /home/noelsdavid/airflow_venv/lib/python3.12/site-packages/airflow/example_dags/example_task_group_decorator.py for tasks to queue
[2026-05-18T06:14:00.883+0000] {logging_mixin.py:190} INFO - [2026-05-18T06:14:00.882+0000] {dagbag.py:588} INFO - Filling up the DagBag from /home/noelsdavid/airflow_venv/lib/python3.12/site-packages/airflow/example_dags/example_task_group_decorator.py
[2026-05-18T06:14:00.903+0000] {processor.py:925} INFO - DAG(s) 'example_task_group_decorator' retrieved from /home/noelsdavid/airflow_venv/lib/python3.12/site-packages/airflow/example_dags/example_task_group_decorator.py
[2026-05-18T06:14:00.931+0000] {logging_mixin.py:190} INFO - [2026-05-18T06:14:00.931+0000] {dag.py:3239} INFO - Sync 1 DAGs
[2026-05-18T06:14:00.948+0000] {logging_mixin.py:190} INFO - [2026-05-18T06:14:00.948+0000] {dag.py:4180} INFO - Setting next_dagrun for example_task_group_decorator to None, run_after=None
[2026-05-18T06:14:00.979+0000] {processor.py:208} INFO - Processing /home/noelsdavid/airflow_venv/lib/python3.12/site-packages/airflow/example_dags/example_task_group_decorator.py took 0.111 seconds
[2026-05-18T06:15:00.804+0000] {processor.py:186} INFO - Started process (PID=7797) to work on /home/noelsdavid/airflow_venv/lib/python3.12/site-packages/airflow/example_dags/example_task_group_decorator.py
[2026-05-18T06:15:00.807+0000] {processor.py:914} INFO - Processing file /home/noelsdavid/airflow_venv/lib/python3.12/site-packages/airflow/example_dags/example_task_group_decorator.py for tasks to queue
[2026-05-18T06:15:00.811+0000] {logging_mixin.py:190} INFO - [2026-05-18T06:15:00.811+0000] {dagbag.py:588} INFO - Filling up the DagBag from /home/noelsdavid/airflow_venv/lib/python3.12/site-packages/airflow/example_dags/example_task_group_decorator.py
[2026-05-18T06:15:00.834+0000] {processor.py:925} INFO - DAG(s) 'example_task_group_decorator' retrieved from /home/noelsdavid/airflow_venv/lib/python3.12/site-packages/airflow/example_dags/example_task_group_decorator.py
[2026-05-18T06:15:00.865+0000] {logging_mixin.py:190} INFO - [2026-05-18T06:15:00.864+0000] {dag.py:3239} INFO - Sync 1 DAGs
[2026-05-18T06:15:00.882+0000] {logging_mixin.py:190} INFO - [2026-05-18T06:15:00.882+0000] {dag.py:4180} INFO - Setting next_dagrun for example_task_group_decorator to None, run_after=None
[2026-05-18T06:15:00.916+0000] {processor.py:208} INFO - Processing /home/noelsdavid/airflow_venv/lib/python3.12/site-packages/airflow/example_dags/example_task_group_decorator.py took 0.121 seconds
[2026-05-18T06:16:05.828+0000] {processor.py:186} INFO - Started process (PID=8026) to work on /home/noelsdavid/airflow_venv/lib/python3.12/site-packages/airflow/example_dags/example_task_group_decorator.py
[2026-05-18T06:16:05.854+0000] {processor.py:914} INFO - Processing file /home/noelsdavid/airflow_venv/lib/python3.12/site-packages/airflow/example_dags/example_task_group_decorator.py for tasks to queue
[2026-05-18T06:16:05.858+0000] {logging_mixin.py:190} INFO - [2026-05-18T06:16:05.858+0000] {dagbag.py:588} INFO - Filling up the DagBag from /home/noelsdavid/airflow_venv/lib/python3.12/site-packages/airflow/example_dags/example_task_group_decorator.py
[2026-05-18T06:16:05.879+0000] {processor.py:925} INFO - DAG(s) 'example_task_group_decorator' retrieved from /home/noelsdavid/airflow_venv/lib/python3.12/site-packages/airflow/example_dags/example_task_group_decorator.py
[2026-05-18T06:16:05.907+0000] {logging_mixin.py:190} INFO - [2026-05-18T06:16:05.906+0000] {dag.py:3239} INFO - Sync 1 DAGs
[2026-05-18T06:16:05.924+0000] {logging_mixin.py:190} INFO - [2026-05-18T06:16:05.924+0000] {dag.py:4180} INFO - Setting next_dagrun for example_task_group_decorator to None, run_after=None
[2026-05-18T06:16:05.957+0000] {processor.py:208} INFO - Processing /home/noelsdavid/airflow_venv/lib/python3.12/site-packages/airflow/example_dags/example_task_group_decorator.py took 0.137 seconds
[2026-05-18T06:17:07.397+0000] {processor.py:186} INFO - Started process (PID=8188) to work on /home/noelsdavid/airflow_venv/lib/python3.12/site-packages/airflow/example_dags/example_task_group_decorator.py
[2026-05-18T06:17:07.400+0000] {processor.py:914} INFO - Processing file /home/noelsdavid/airflow_venv/lib/python3.12/site-packages/airflow/example_dags/example_task_group_decorator.py for tasks to queue
[2026-05-18T06:17:07.404+0000] {logging_mixin.py:190} INFO - [2026-05-18T06:17:07.404+0000] {dagbag.py:588} INFO - Filling up the DagBag from /home/noelsdavid/airflow_venv/lib/python3.12/site-packages/airflow/example_dags/example_task_group_decorator.py
[2026-05-18T06:17:07.427+0000] {processor.py:925} INFO - DAG(s) 'example_task_group_decorator' retrieved from /home/noelsdavid/airflow_venv/lib/python3.12/site-packages/airflow/example_dags/example_task_group_decorator.py
[2026-05-18T06:17:07.456+0000] {logging_mixin.py:190} INFO - [2026-05-18T06:17:07.455+0000] {dag.py:3239} INFO - Sync 1 DAGs
[2026-05-18T06:17:07.472+0000] {logging_mixin.py:190} INFO - [2026-05-18T06:17:07.472+0000] {dag.py:4180} INFO - Setting next_dagrun for example_task_group_decorator to None, run_after=None
[2026-05-18T06:17:07.504+0000] {processor.py:208} INFO - Processing /home/noelsdavid/airflow_venv/lib/python3.12/site-packages/airflow/example_dags/example_task_group_decorator.py took 0.115 seconds
[2026-05-18T06:18:10.093+0000] {processor.py:186} INFO - Started process (PID=8427) to work on /home/noelsdavid/airflow_venv/lib/python3.12/site-packages/airflow/example_dags/example_task_group_decorator.py
[2026-05-18T06:18:10.095+0000] {processor.py:914} INFO - Processing file /home/noelsdavid/airflow_venv/lib/python3.12/site-packages/airflow/example_dags/example_task_group_decorator.py for tasks to queue
[2026-05-18T06:18:10.099+0000] {logging_mixin.py:190} INFO - [2026-05-18T06:18:10.099+0000] {dagbag.py:588} INFO - Filling up the DagBag from /home/noelsdavid/airflow_venv/lib/python3.12/site-packages/airflow/example_dags/example_task_group_decorator.py
[2026-05-18T06:18:10.120+0000] {processor.py:925} INFO - DAG(s) 'example_task_group_decorator' retrieved from /home/noelsdavid/airflow_venv/lib/python3.12/site-packages/airflow/example_dags/example_task_group_decorator.py
[2026-05-18T06:18:10.149+0000] {logging_mixin.py:190} INFO - [2026-05-18T06:18:10.148+0000] {dag.py:3239} INFO - Sync 1 DAGs
[2026-05-18T06:18:10.165+0000] {logging_mixin.py:190} INFO - [2026-05-18T06:18:10.165+0000] {dag.py:4180} INFO - Setting next_dagrun for example_task_group_decorator to None, run_after=None
[2026-05-18T06:18:10.195+0000] {processor.py:208} INFO - Processing /home/noelsdavid/airflow_venv/lib/python3.12/site-packages/airflow/example_dags/example_task_group_decorator.py took 0.110 seconds
[2026-05-18T06:19:09.225+0000] {processor.py:186} INFO - Started process (PID=8511) to work on /home/noelsdavid/airflow_venv/lib/python3.12/site-packages/airflow/example_dags/example_task_group_decorator.py
[2026-05-18T06:19:09.227+0000] {processor.py:914} INFO - Processing file /home/noelsdavid/airflow_venv/lib/python3.12/site-packages/airflow/example_dags/example_task_group_decorator.py for tasks to queue
[2026-05-18T06:19:09.232+0000] {logging_mixin.py:190} INFO - [2026-05-18T06:19:09.231+0000] {dagbag.py:588} INFO - Filling up the DagBag from /home/noelsdavid/airflow_venv/lib/python3.12/site-packages/airflow/example_dags/example_task_group_decorator.py
[2026-05-18T06:19:09.253+0000] {processor.py:925} INFO - DAG(s) 'example_task_group_decorator' retrieved from /home/noelsdavid/airflow_venv/lib/python3.12/site-packages/airflow/example_dags/example_task_group_decorator.py
[2026-05-18T06:19:09.280+0000] {logging_mixin.py:190} INFO - [2026-05-18T06:19:09.279+0000] {dag.py:3239} INFO - Sync 1 DAGs
[2026-05-18T06:19:09.296+0000] {logging_mixin.py:190} INFO - [2026-05-18T06:19:09.296+0000] {dag.py:4180} INFO - Setting next_dagrun for example_task_group_decorator to None, run_after=None
[2026-05-18T06:19:09.328+0000] {processor.py:208} INFO - Processing /home/noelsdavid/airflow_venv/lib/python3.12/site-packages/airflow/example_dags/example_task_group_decorator.py took 0.112 seconds
[2026-05-18T06:20:11.078+0000] {processor.py:186} INFO - Started process (PID=8584) to work on /home/noelsdavid/airflow_venv/lib/python3.12/site-packages/airflow/example_dags/example_task_group_decorator.py
[2026-05-18T06:20:11.080+0000] {processor.py:914} INFO - Processing file /home/noelsdavid/airflow_venv/lib/python3.12/site-packages/airflow/example_dags/example_task_group_decorator.py for tasks to queue
[2026-05-18T06:20:11.085+0000] {logging_mixin.py:190} INFO - [2026-05-18T06:20:11.084+0000] {dagbag.py:588} INFO - Filling up the DagBag from /home/noelsdavid/airflow_venv/lib/python3.12/site-packages/airflow/example_dags/example_task_group_decorator.py
[2026-05-18T06:20:11.105+0000] {processor.py:925} INFO - DAG(s) 'example_task_group_decorator' retrieved from /home/noelsdavid/airflow_venv/lib/python3.12/site-packages/airflow/example_dags/example_task_group_decorator.py
[2026-05-18T06:20:11.132+0000] {logging_mixin.py:190} INFO - [2026-05-18T06:20:11.132+0000] {dag.py:3239} INFO - Sync 1 DAGs
[2026-05-18T06:20:11.150+0000] {logging_mixin.py:190} INFO - [2026-05-18T06:20:11.150+0000] {dag.py:4180} INFO - Setting next_dagrun for example_task_group_decorator to None, run_after=None
[2026-05-18T06:20:11.182+0000] {processor.py:208} INFO - Processing /home/noelsdavid/airflow_venv/lib/python3.12/site-packages/airflow/example_dags/example_task_group_decorator.py took 0.112 seconds
[2026-05-18T06:21:12.815+0000] {processor.py:186} INFO - Started process (PID=8659) to work on /home/noelsdavid/airflow_venv/lib/python3.12/site-packages/airflow/example_dags/example_task_group_decorator.py
[2026-05-18T06:21:12.818+0000] {processor.py:914} INFO - Processing file /home/noelsdavid/airflow_venv/lib/python3.12/site-packages/airflow/example_dags/example_task_group_decorator.py for tasks to queue
[2026-05-18T06:21:12.820+0000] {logging_mixin.py:190} INFO - [2026-05-18T06:21:12.819+0000] {dagbag.py:588} INFO - Filling up the DagBag from /home/noelsdavid/airflow_venv/lib/python3.12/site-packages/airflow/example_dags/example_task_group_decorator.py
[2026-05-18T06:21:12.842+0000] {processor.py:925} INFO - DAG(s) 'example_task_group_decorator' retrieved from /home/noelsdavid/airflow_venv/lib/python3.12/site-packages/airflow/example_dags/example_task_group_decorator.py
[2026-05-18T06:21:12.869+0000] {logging_mixin.py:190} INFO - [2026-05-18T06:21:12.869+0000] {dag.py:3239} INFO - Sync 1 DAGs
[2026-05-18T06:21:12.887+0000] {logging_mixin.py:190} INFO - [2026-05-18T06:21:12.887+0000] {dag.py:4180} INFO - Setting next_dagrun for example_task_group_decorator to None, run_after=None
[2026-05-18T06:21:12.918+0000] {processor.py:208} INFO - Processing /home/noelsdavid/airflow_venv/lib/python3.12/site-packages/airflow/example_dags/example_task_group_decorator.py took 0.111 seconds
[2026-05-18T06:22:19.047+0000] {processor.py:186} INFO - Started process (PID=8723) to work on /home/noelsdavid/airflow_venv/lib/python3.12/site-packages/airflow/example_dags/example_task_group_decorator.py
[2026-05-18T06:22:19.049+0000] {processor.py:914} INFO - Processing file /home/noelsdavid/airflow_venv/lib/python3.12/site-packages/airflow/example_dags/example_task_group_decorator.py for tasks to queue
[2026-05-18T06:22:19.051+0000] {logging_mixin.py:190} INFO - [2026-05-18T06:22:19.050+0000] {dagbag.py:588} INFO - Filling up the DagBag from /home/noelsdavid/airflow_venv/lib/python3.12/site-packages/airflow/example_dags/example_task_group_decorator.py
[2026-05-18T06:22:19.073+0000] {processor.py:925} INFO - DAG(s) 'example_task_group_decorator' retrieved from /home/noelsdavid/airflow_venv/lib/python3.12/site-packages/airflow/example_dags/example_task_group_decorator.py
[2026-05-18T06:22:19.100+0000] {logging_mixin.py:190} INFO - [2026-05-18T06:22:19.099+0000] {dag.py:3239} INFO - Sync 1 DAGs
[2026-05-18T06:22:19.116+0000] {logging_mixin.py:190} INFO - [2026-05-18T06:22:19.116+0000] {dag.py:4180} INFO - Setting next_dagrun for example_task_group_decorator to None, run_after=None
[2026-05-18T06:22:19.146+0000] {processor.py:208} INFO - Processing /home/noelsdavid/airflow_venv/lib/python3.12/site-packages/airflow/example_dags/example_task_group_decorator.py took 0.107 seconds
[2026-05-18T06:23:21.141+0000] {processor.py:186} INFO - Started process (PID=8784) to work on /home/noelsdavid/airflow_venv/lib/python3.12/site-packages/airflow/example_dags/example_task_group_decorator.py
[2026-05-18T06:23:21.172+0000] {processor.py:914} INFO - Processing file /home/noelsdavid/airflow_venv/lib/python3.12/site-packages/airflow/example_dags/example_task_group_decorator.py for tasks to queue
[2026-05-18T06:23:21.176+0000] {logging_mixin.py:190} INFO - [2026-05-18T06:23:21.175+0000] {dagbag.py:588} INFO - Filling up the DagBag from /home/noelsdavid/airflow_venv/lib/python3.12/site-packages/airflow/example_dags/example_task_group_decorator.py
[2026-05-18T06:23:21.200+0000] {processor.py:925} INFO - DAG(s) 'example_task_group_decorator' retrieved from /home/noelsdavid/airflow_venv/lib/python3.12/site-packages/airflow/example_dags/example_task_group_decorator.py
[2026-05-18T06:23:21.230+0000] {logging_mixin.py:190} INFO - [2026-05-18T06:23:21.229+0000] {dag.py:3239} INFO - Sync 1 DAGs
[2026-05-18T06:23:21.248+0000] {logging_mixin.py:190} INFO - [2026-05-18T06:23:21.248+0000] {dag.py:4180} INFO - Setting next_dagrun for example_task_group_decorator to None, run_after=None
[2026-05-18T06:23:21.280+0000] {processor.py:208} INFO - Processing /home/noelsdavid/airflow_venv/lib/python3.12/site-packages/airflow/example_dags/example_task_group_decorator.py took 0.149 seconds
[2026-05-18T06:24:28.397+0000] {processor.py:186} INFO - Started process (PID=8845) to work on /home/noelsdavid/airflow_venv/lib/python3.12/site-packages/airflow/example_dags/example_task_group_decorator.py
[2026-05-18T06:24:28.400+0000] {processor.py:914} INFO - Processing file /home/noelsdavid/airflow_venv/lib/python3.12/site-packages/airflow/example_dags/example_task_group_decorator.py for tasks to queue
[2026-05-18T06:24:28.402+0000] {logging_mixin.py:190} INFO - [2026-05-18T06:24:28.401+0000] {dagbag.py:588} INFO - Filling up the DagBag from /home/noelsdavid/airflow_venv/lib/python3.12/site-packages/airflow/example_dags/example_task_group_decorator.py
[2026-05-18T06:24:28.424+0000] {processor.py:925} INFO - DAG(s) 'example_task_group_decorator' retrieved from /home/noelsdavid/airflow_venv/lib/python3.12/site-packages/airflow/example_dags/example_task_group_decorator.py
[2026-05-18T06:24:28.451+0000] {logging_mixin.py:190} INFO - [2026-05-18T06:24:28.451+0000] {dag.py:3239} INFO - Sync 1 DAGs
[2026-05-18T06:24:28.467+0000] {logging_mixin.py:190} INFO - [2026-05-18T06:24:28.467+0000] {dag.py:4180} INFO - Setting next_dagrun for example_task_group_decorator to None, run_after=None
[2026-05-18T06:24:28.497+0000] {processor.py:208} INFO - Processing /home/noelsdavid/airflow_venv/lib/python3.12/site-packages/airflow/example_dags/example_task_group_decorator.py took 0.108 seconds
[2026-05-18T06:25:31.360+0000] {processor.py:186} INFO - Started process (PID=8932) to work on /home/noelsdavid/airflow_venv/lib/python3.12/site-packages/airflow/example_dags/example_task_group_decorator.py
[2026-05-18T06:25:31.365+0000] {processor.py:914} INFO - Processing file /home/noelsdavid/airflow_venv/lib/python3.12/site-packages/airflow/example_dags/example_task_group_decorator.py for tasks to queue
[2026-05-18T06:25:31.367+0000] {logging_mixin.py:190} INFO - [2026-05-18T06:25:31.367+0000] {dagbag.py:588} INFO - Filling up the DagBag from /home/noelsdavid/airflow_venv/lib/python3.12/site-packages/airflow/example_dags/example_task_group_decorator.py
[2026-05-18T06:25:31.394+0000] {processor.py:925} INFO - DAG(s) 'example_task_group_decorator' retrieved from /home/noelsdavid/airflow_venv/lib/python3.12/site-packages/airflow/example_dags/example_task_group_decorator.py
[2026-05-18T06:25:31.425+0000] {logging_mixin.py:190} INFO - [2026-05-18T06:25:31.425+0000] {dag.py:3239} INFO - Sync 1 DAGs
[2026-05-18T06:25:31.445+0000] {logging_mixin.py:190} INFO - [2026-05-18T06:25:31.444+0000] {dag.py:4180} INFO - Setting next_dagrun for example_task_group_decorator to None, run_after=None
[2026-05-18T06:25:31.492+0000] {processor.py:208} INFO - Processing /home/noelsdavid/airflow_venv/lib/python3.12/site-packages/airflow/example_dags/example_task_group_decorator.py took 0.141 seconds
[2026-05-18T06:26:35.988+0000] {processor.py:186} INFO - Started process (PID=9048) to work on /home/noelsdavid/airflow_venv/lib/python3.12/site-packages/airflow/example_dags/example_task_group_decorator.py
[2026-05-18T06:26:35.991+0000] {processor.py:914} INFO - Processing file /home/noelsdavid/airflow_venv/lib/python3.12/site-packages/airflow/example_dags/example_task_group_decorator.py for tasks to queue
[2026-05-18T06:26:35.993+0000] {logging_mixin.py:190} INFO - [2026-05-18T06:26:35.992+0000] {dagbag.py:588} INFO - Filling up the DagBag from /home/noelsdavid/airflow_venv/lib/python3.12/site-packages/airflow/example_dags/example_task_group_decorator.py
[2026-05-18T06:26:36.018+0000] {processor.py:925} INFO - DAG(s) 'example_task_group_decorator' retrieved from /home/noelsdavid/airflow_venv/lib/python3.12/site-packages/airflow/example_dags/example_task_group_decorator.py
[2026-05-18T06:26:36.045+0000] {logging_mixin.py:190} INFO - [2026-05-18T06:26:36.044+0000] {dag.py:3239} INFO - Sync 1 DAGs
[2026-05-18T06:26:36.063+0000] {logging_mixin.py:190} INFO - [2026-05-18T06:26:36.063+0000] {dag.py:4180} INFO - Setting next_dagrun for example_task_group_decorator to None, run_after=None
[2026-05-18T06:26:36.095+0000] {processor.py:208} INFO - Processing /home/noelsdavid/airflow_venv/lib/python3.12/site-packages/airflow/example_dags/example_task_group_decorator.py took 0.114 seconds
[2026-05-18T06:27:58.893+0000] {processor.py:186} INFO - Started process (PID=9636) to work on /home/noelsdavid/airflow_venv/lib/python3.12/site-packages/airflow/example_dags/example_task_group_decorator.py
[2026-05-18T06:27:58.896+0000] {processor.py:914} INFO - Processing file /home/noelsdavid/airflow_venv/lib/python3.12/site-packages/airflow/example_dags/example_task_group_decorator.py for tasks to queue
[2026-05-18T06:27:58.899+0000] {logging_mixin.py:190} INFO - [2026-05-18T06:27:58.898+0000] {dagbag.py:588} INFO - Filling up the DagBag from /home/noelsdavid/airflow_venv/lib/python3.12/site-packages/airflow/example_dags/example_task_group_decorator.py
[2026-05-18T06:27:58.919+0000] {processor.py:925} INFO - DAG(s) 'example_task_group_decorator' retrieved from /home/noelsdavid/airflow_venv/lib/python3.12/site-packages/airflow/example_dags/example_task_group_decorator.py
[2026-05-18T06:27:58.947+0000] {logging_mixin.py:190} INFO - [2026-05-18T06:27:58.947+0000] {dag.py:3239} INFO - Sync 1 DAGs
[2026-05-18T06:27:58.966+0000] {logging_mixin.py:190} INFO - [2026-05-18T06:27:58.965+0000] {dag.py:4180} INFO - Setting next_dagrun for example_task_group_decorator to None, run_after=None
[2026-05-18T06:27:58.995+0000] {processor.py:208} INFO - Processing /home/noelsdavid/airflow_venv/lib/python3.12/site-packages/airflow/example_dags/example_task_group_decorator.py took 0.110 seconds
[2026-05-18T06:29:05.102+0000] {processor.py:186} INFO - Started process (PID=9753) to work on /home/noelsdavid/airflow_venv/lib/python3.12/site-packages/airflow/example_dags/example_task_group_decorator.py
[2026-05-18T06:29:05.104+0000] {processor.py:914} INFO - Processing file /home/noelsdavid/airflow_venv/lib/python3.12/site-packages/airflow/example_dags/example_task_group_decorator.py for tasks to queue
[2026-05-18T06:29:05.106+0000] {logging_mixin.py:190} INFO - [2026-05-18T06:29:05.106+0000] {dagbag.py:588} INFO - Filling up the DagBag from /home/noelsdavid/airflow_venv/lib/python3.12/site-packages/airflow/example_dags/example_task_group_decorator.py
[2026-05-18T06:29:05.132+0000] {processor.py:925} INFO - DAG(s) 'example_task_group_decorator' retrieved from /home/noelsdavid/airflow_venv/lib/python3.12/site-packages/airflow/example_dags/example_task_group_decorator.py
[2026-05-18T06:29:05.164+0000] {logging_mixin.py:190} INFO - [2026-05-18T06:29:05.164+0000] {dag.py:3239} INFO - Sync 1 DAGs
[2026-05-18T06:29:05.182+0000] {logging_mixin.py:190} INFO - [2026-05-18T06:29:05.182+0000] {dag.py:4180} INFO - Setting next_dagrun for example_task_group_decorator to None, run_after=None
[2026-05-18T06:29:05.217+0000] {processor.py:208} INFO - Processing /home/noelsdavid/airflow_venv/lib/python3.12/site-packages/airflow/example_dags/example_task_group_decorator.py took 0.124 seconds
[2026-05-18T06:30:11.447+0000] {processor.py:186} INFO - Started process (PID=9829) to work on /home/noelsdavid/airflow_venv/lib/python3.12/site-packages/airflow/example_dags/example_task_group_decorator.py
[2026-05-18T06:30:11.450+0000] {processor.py:914} INFO - Processing file /home/noelsdavid/airflow_venv/lib/python3.12/site-packages/airflow/example_dags/example_task_group_decorator.py for tasks to queue
[2026-05-18T06:30:11.452+0000] {logging_mixin.py:190} INFO - [2026-05-18T06:30:11.451+0000] {dagbag.py:588} INFO - Filling up the DagBag from /home/noelsdavid/airflow_venv/lib/python3.12/site-packages/airflow/example_dags/example_task_group_decorator.py
[2026-05-18T06:30:11.476+0000] {processor.py:925} INFO - DAG(s) 'example_task_group_decorator' retrieved from /home/noelsdavid/airflow_venv/lib/python3.12/site-packages/airflow/example_dags/example_task_group_decorator.py
[2026-05-18T06:30:11.504+0000] {logging_mixin.py:190} INFO - [2026-05-18T06:30:11.504+0000] {dag.py:3239} INFO - Sync 1 DAGs
[2026-05-18T06:30:11.520+0000] {logging_mixin.py:190} INFO - [2026-05-18T06:30:11.520+0000] {dag.py:4180} INFO - Setting next_dagrun for example_task_group_decorator to None, run_after=None
[2026-05-18T06:30:11.551+0000] {processor.py:208} INFO - Processing /home/noelsdavid/airflow_venv/lib/python3.12/site-packages/airflow/example_dags/example_task_group_decorator.py took 0.111 seconds
[2026-05-18T06:31:17.861+0000] {processor.py:186} INFO - Started process (PID=9905) to work on /home/noelsdavid/airflow_venv/lib/python3.12/site-packages/airflow/example_dags/example_task_group_decorator.py
[2026-05-18T06:31:17.864+0000] {processor.py:914} INFO - Processing file /home/noelsdavid/airflow_venv/lib/python3.12/site-packages/airflow/example_dags/example_task_group_decorator.py for tasks to queue
[2026-05-18T06:31:17.866+0000] {logging_mixin.py:190} INFO - [2026-05-18T06:31:17.865+0000] {dagbag.py:588} INFO - Filling up the DagBag from /home/noelsdavid/airflow_venv/lib/python3.12/site-packages/airflow/example_dags/example_task_group_decorator.py
[2026-05-18T06:31:17.888+0000] {processor.py:925} INFO - DAG(s) 'example_task_group_decorator' retrieved from /home/noelsdavid/airflow_venv/lib/python3.12/site-packages/airflow/example_dags/example_task_group_decorator.py
[2026-05-18T06:31:17.915+0000] {logging_mixin.py:190} INFO - [2026-05-18T06:31:17.915+0000] {dag.py:3239} INFO - Sync 1 DAGs
[2026-05-18T06:31:17.933+0000] {logging_mixin.py:190} INFO - [2026-05-18T06:31:17.933+0000] {dag.py:4180} INFO - Setting next_dagrun for example_task_group_decorator to None, run_after=None
[2026-05-18T06:31:17.963+0000] {processor.py:208} INFO - Processing /home/noelsdavid/airflow_venv/lib/python3.12/site-packages/airflow/example_dags/example_task_group_decorator.py took 0.110 seconds
[2026-05-18T06:32:19.160+0000] {processor.py:186} INFO - Started process (PID=9964) to work on /home/noelsdavid/airflow_venv/lib/python3.12/site-packages/airflow/example_dags/example_task_group_decorator.py
[2026-05-18T06:32:19.163+0000] {processor.py:914} INFO - Processing file /home/noelsdavid/airflow_venv/lib/python3.12/site-packages/airflow/example_dags/example_task_group_decorator.py for tasks to queue
[2026-05-18T06:32:19.165+0000] {logging_mixin.py:190} INFO - [2026-05-18T06:32:19.164+0000] {dagbag.py:588} INFO - Filling up the DagBag from /home/noelsdavid/airflow_venv/lib/python3.12/site-packages/airflow/example_dags/example_task_group_decorator.py
[2026-05-18T06:32:19.186+0000] {processor.py:925} INFO - DAG(s) 'example_task_group_decorator' retrieved from /home/noelsdavid/airflow_venv/lib/python3.12/site-packages/airflow/example_dags/example_task_group_decorator.py
[2026-05-18T06:32:19.214+0000] {logging_mixin.py:190} INFO - [2026-05-18T06:32:19.214+0000] {dag.py:3239} INFO - Sync 1 DAGs
[2026-05-18T06:32:19.231+0000] {logging_mixin.py:190} INFO - [2026-05-18T06:32:19.231+0000] {dag.py:4180} INFO - Setting next_dagrun for example_task_group_decorator to None, run_after=None
[2026-05-18T06:32:19.260+0000] {processor.py:208} INFO - Processing /home/noelsdavid/airflow_venv/lib/python3.12/site-packages/airflow/example_dags/example_task_group_decorator.py took 0.107 seconds
[2026-05-18T06:33:17.023+0000] {processor.py:186} INFO - Started process (PID=10023) to work on /home/noelsdavid/airflow_venv/lib/python3.12/site-packages/airflow/example_dags/example_task_group_decorator.py
[2026-05-18T06:33:17.027+0000] {processor.py:914} INFO - Processing file /home/noelsdavid/airflow_venv/lib/python3.12/site-packages/airflow/example_dags/example_task_group_decorator.py for tasks to queue
[2026-05-18T06:33:17.030+0000] {logging_mixin.py:190} INFO - [2026-05-18T06:33:17.029+0000] {dagbag.py:588} INFO - Filling up the DagBag from /home/noelsdavid/airflow_venv/lib/python3.12/site-packages/airflow/example_dags/example_task_group_decorator.py
[2026-05-18T06:33:17.068+0000] {processor.py:925} INFO - DAG(s) 'example_task_group_decorator' retrieved from /home/noelsdavid/airflow_venv/lib/python3.12/site-packages/airflow/example_dags/example_task_group_decorator.py
[2026-05-18T06:33:17.116+0000] {logging_mixin.py:190} INFO - [2026-05-18T06:33:17.116+0000] {dag.py:3239} INFO - Sync 1 DAGs
[2026-05-18T06:33:17.147+0000] {logging_mixin.py:190} INFO - [2026-05-18T06:33:17.146+0000] {dag.py:4180} INFO - Setting next_dagrun for example_task_group_decorator to None, run_after=None
[2026-05-18T06:33:17.186+0000] {processor.py:208} INFO - Processing /home/noelsdavid/airflow_venv/lib/python3.12/site-packages/airflow/example_dags/example_task_group_decorator.py took 0.175 seconds
[2026-05-18T06:34:25.371+0000] {processor.py:186} INFO - Started process (PID=10158) to work on /home/noelsdavid/airflow_venv/lib/python3.12/site-packages/airflow/example_dags/example_task_group_decorator.py
[2026-05-18T06:34:25.373+0000] {processor.py:914} INFO - Processing file /home/noelsdavid/airflow_venv/lib/python3.12/site-packages/airflow/example_dags/example_task_group_decorator.py for tasks to queue
[2026-05-18T06:34:25.375+0000] {logging_mixin.py:190} INFO - [2026-05-18T06:34:25.375+0000] {dagbag.py:588} INFO - Filling up the DagBag from /home/noelsdavid/airflow_venv/lib/python3.12/site-packages/airflow/example_dags/example_task_group_decorator.py
[2026-05-18T06:34:25.397+0000] {processor.py:925} INFO - DAG(s) 'example_task_group_decorator' retrieved from /home/noelsdavid/airflow_venv/lib/python3.12/site-packages/airflow/example_dags/example_task_group_decorator.py
[2026-05-18T06:34:25.423+0000] {logging_mixin.py:190} INFO - [2026-05-18T06:34:25.423+0000] {dag.py:3239} INFO - Sync 1 DAGs
[2026-05-18T06:34:25.441+0000] {logging_mixin.py:190} INFO - [2026-05-18T06:34:25.440+0000] {dag.py:4180} INFO - Setting next_dagrun for example_task_group_decorator to None, run_after=None
[2026-05-18T06:34:25.470+0000] {processor.py:208} INFO - Processing /home/noelsdavid/airflow_venv/lib/python3.12/site-packages/airflow/example_dags/example_task_group_decorator.py took 0.107 seconds
[2026-05-18T06:35:29.721+0000] {processor.py:186} INFO - Started process (PID=10366) to work on /home/noelsdavid/airflow_venv/lib/python3.12/site-packages/airflow/example_dags/example_task_group_decorator.py
[2026-05-18T06:35:29.723+0000] {processor.py:914} INFO - Processing file /home/noelsdavid/airflow_venv/lib/python3.12/site-packages/airflow/example_dags/example_task_group_decorator.py for tasks to queue
[2026-05-18T06:35:29.725+0000] {logging_mixin.py:190} INFO - [2026-05-18T06:35:29.724+0000] {dagbag.py:588} INFO - Filling up the DagBag from /home/noelsdavid/airflow_venv/lib/python3.12/site-packages/airflow/example_dags/example_task_group_decorator.py
[2026-05-18T06:35:29.748+0000] {processor.py:925} INFO - DAG(s) 'example_task_group_decorator' retrieved from /home/noelsdavid/airflow_venv/lib/python3.12/site-packages/airflow/example_dags/example_task_group_decorator.py
[2026-05-18T06:35:29.777+0000] {logging_mixin.py:190} INFO - [2026-05-18T06:35:29.776+0000] {dag.py:3239} INFO - Sync 1 DAGs
[2026-05-18T06:35:29.795+0000] {logging_mixin.py:190} INFO - [2026-05-18T06:35:29.794+0000] {dag.py:4180} INFO - Setting next_dagrun for example_task_group_decorator to None, run_after=None
[2026-05-18T06:35:29.826+0000] {processor.py:208} INFO - Processing /home/noelsdavid/airflow_venv/lib/python3.12/site-packages/airflow/example_dags/example_task_group_decorator.py took 0.114 seconds
[2026-05-18T06:36:32.409+0000] {processor.py:186} INFO - Started process (PID=10527) to work on /home/noelsdavid/airflow_venv/lib/python3.12/site-packages/airflow/example_dags/example_task_group_decorator.py
[2026-05-18T06:36:32.423+0000] {processor.py:914} INFO - Processing file /home/noelsdavid/airflow_venv/lib/python3.12/site-packages/airflow/example_dags/example_task_group_decorator.py for tasks to queue
[2026-05-18T06:36:32.425+0000] {logging_mixin.py:190} INFO - [2026-05-18T06:36:32.425+0000] {dagbag.py:588} INFO - Filling up the DagBag from /home/noelsdavid/airflow_venv/lib/python3.12/site-packages/airflow/example_dags/example_task_group_decorator.py
[2026-05-18T06:36:32.446+0000] {processor.py:925} INFO - DAG(s) 'example_task_group_decorator' retrieved from /home/noelsdavid/airflow_venv/lib/python3.12/site-packages/airflow/example_dags/example_task_group_decorator.py
[2026-05-18T06:36:32.473+0000] {logging_mixin.py:190} INFO - [2026-05-18T06:36:32.473+0000] {dag.py:3239} INFO - Sync 1 DAGs
[2026-05-18T06:36:32.491+0000] {logging_mixin.py:190} INFO - [2026-05-18T06:36:32.491+0000] {dag.py:4180} INFO - Setting next_dagrun for example_task_group_decorator to None, run_after=None
[2026-05-18T06:36:32.522+0000] {processor.py:208} INFO - Processing /home/noelsdavid/airflow_venv/lib/python3.12/site-packages/airflow/example_dags/example_task_group_decorator.py took 0.121 seconds
[2026-05-18T06:37:35.399+0000] {processor.py:186} INFO - Started process (PID=10902) to work on /home/noelsdavid/airflow_venv/lib/python3.12/site-packages/airflow/example_dags/example_task_group_decorator.py
[2026-05-18T06:37:35.401+0000] {processor.py:914} INFO - Processing file /home/noelsdavid/airflow_venv/lib/python3.12/site-packages/airflow/example_dags/example_task_group_decorator.py for tasks to queue
[2026-05-18T06:37:35.404+0000] {logging_mixin.py:190} INFO - [2026-05-18T06:37:35.403+0000] {dagbag.py:588} INFO - Filling up the DagBag from /home/noelsdavid/airflow_venv/lib/python3.12/site-packages/airflow/example_dags/example_task_group_decorator.py
[2026-05-18T06:37:35.436+0000] {processor.py:925} INFO - DAG(s) 'example_task_group_decorator' retrieved from /home/noelsdavid/airflow_venv/lib/python3.12/site-packages/airflow/example_dags/example_task_group_decorator.py
[2026-05-18T06:37:35.468+0000] {logging_mixin.py:190} INFO - [2026-05-18T06:37:35.468+0000] {dag.py:3239} INFO - Sync 1 DAGs
[2026-05-18T06:37:35.486+0000] {logging_mixin.py:190} INFO - [2026-05-18T06:37:35.486+0000] {dag.py:4180} INFO - Setting next_dagrun for example_task_group_decorator to None, run_after=None
[2026-05-18T06:37:35.519+0000] {processor.py:208} INFO - Processing /home/noelsdavid/airflow_venv/lib/python3.12/site-packages/airflow/example_dags/example_task_group_decorator.py took 0.131 seconds
[2026-05-18T06:38:40.835+0000] {processor.py:186} INFO - Started process (PID=11075) to work on /home/noelsdavid/airflow_venv/lib/python3.12/site-packages/airflow/example_dags/example_task_group_decorator.py
[2026-05-18T06:38:40.838+0000] {processor.py:914} INFO - Processing file /home/noelsdavid/airflow_venv/lib/python3.12/site-packages/airflow/example_dags/example_task_group_decorator.py for tasks to queue
[2026-05-18T06:38:40.840+0000] {logging_mixin.py:190} INFO - [2026-05-18T06:38:40.839+0000] {dagbag.py:588} INFO - Filling up the DagBag from /home/noelsdavid/airflow_venv/lib/python3.12/site-packages/airflow/example_dags/example_task_group_decorator.py
[2026-05-18T06:38:40.863+0000] {processor.py:925} INFO - DAG(s) 'example_task_group_decorator' retrieved from /home/noelsdavid/airflow_venv/lib/python3.12/site-packages/airflow/example_dags/example_task_group_decorator.py
[2026-05-18T06:38:40.893+0000] {logging_mixin.py:190} INFO - [2026-05-18T06:38:40.892+0000] {dag.py:3239} INFO - Sync 1 DAGs
[2026-05-18T06:38:40.911+0000] {logging_mixin.py:190} INFO - [2026-05-18T06:38:40.911+0000] {dag.py:4180} INFO - Setting next_dagrun for example_task_group_decorator to None, run_after=None
[2026-05-18T06:38:40.941+0000] {processor.py:208} INFO - Processing /home/noelsdavid/airflow_venv/lib/python3.12/site-packages/airflow/example_dags/example_task_group_decorator.py took 0.114 seconds
[2026-05-18T06:39:45.908+0000] {processor.py:186} INFO - Started process (PID=11301) to work on /home/noelsdavid/airflow_venv/lib/python3.12/site-packages/airflow/example_dags/example_task_group_decorator.py
[2026-05-18T06:39:45.911+0000] {processor.py:914} INFO - Processing file /home/noelsdavid/airflow_venv/lib/python3.12/site-packages/airflow/example_dags/example_task_group_decorator.py for tasks to queue
[2026-05-18T06:39:45.913+0000] {logging_mixin.py:190} INFO - [2026-05-18T06:39:45.912+0000] {dagbag.py:588} INFO - Filling up the DagBag from /home/noelsdavid/airflow_venv/lib/python3.12/site-packages/airflow/example_dags/example_task_group_decorator.py
[2026-05-18T06:39:45.936+0000] {processor.py:925} INFO - DAG(s) 'example_task_group_decorator' retrieved from /home/noelsdavid/airflow_venv/lib/python3.12/site-packages/airflow/example_dags/example_task_group_decorator.py
[2026-05-18T06:39:45.964+0000] {logging_mixin.py:190} INFO - [2026-05-18T06:39:45.964+0000] {dag.py:3239} INFO - Sync 1 DAGs
[2026-05-18T06:39:45.982+0000] {logging_mixin.py:190} INFO - [2026-05-18T06:39:45.982+0000] {dag.py:4180} INFO - Setting next_dagrun for example_task_group_decorator to None, run_after=None
[2026-05-18T06:39:46.014+0000] {processor.py:208} INFO - Processing /home/noelsdavid/airflow_venv/lib/python3.12/site-packages/airflow/example_dags/example_task_group_decorator.py took 0.114 seconds
[2026-05-18T06:41:00.658+0000] {processor.py:186} INFO - Started process (PID=11676) to work on /home/noelsdavid/airflow_venv/lib/python3.12/site-packages/airflow/example_dags/example_task_group_decorator.py
[2026-05-18T06:41:00.661+0000] {processor.py:914} INFO - Processing file /home/noelsdavid/airflow_venv/lib/python3.12/site-packages/airflow/example_dags/example_task_group_decorator.py for tasks to queue
[2026-05-18T06:41:00.664+0000] {logging_mixin.py:190} INFO - [2026-05-18T06:41:00.663+0000] {dagbag.py:588} INFO - Filling up the DagBag from /home/noelsdavid/airflow_venv/lib/python3.12/site-packages/airflow/example_dags/example_task_group_decorator.py
[2026-05-18T06:41:00.694+0000] {processor.py:925} INFO - DAG(s) 'example_task_group_decorator' retrieved from /home/noelsdavid/airflow_venv/lib/python3.12/site-packages/airflow/example_dags/example_task_group_decorator.py
[2026-05-18T06:41:00.730+0000] {logging_mixin.py:190} INFO - [2026-05-18T06:41:00.729+0000] {dag.py:3239} INFO - Sync 1 DAGs
[2026-05-18T06:41:00.752+0000] {logging_mixin.py:190} INFO - [2026-05-18T06:41:00.752+0000] {dag.py:4180} INFO - Setting next_dagrun for example_task_group_decorator to None, run_after=None
[2026-05-18T06:41:00.806+0000] {processor.py:208} INFO - Processing /home/noelsdavid/airflow_venv/lib/python3.12/site-packages/airflow/example_dags/example_task_group_decorator.py took 0.156 seconds
[2026-05-18T06:42:12.810+0000] {processor.py:186} INFO - Started process (PID=12356) to work on /home/noelsdavid/airflow_venv/lib/python3.12/site-packages/airflow/example_dags/example_task_group_decorator.py
[2026-05-18T06:42:12.833+0000] {processor.py:914} INFO - Processing file /home/noelsdavid/airflow_venv/lib/python3.12/site-packages/airflow/example_dags/example_task_group_decorator.py for tasks to queue
[2026-05-18T06:42:12.837+0000] {logging_mixin.py:190} INFO - [2026-05-18T06:42:12.836+0000] {dagbag.py:588} INFO - Filling up the DagBag from /home/noelsdavid/airflow_venv/lib/python3.12/site-packages/airflow/example_dags/example_task_group_decorator.py
[2026-05-18T06:42:12.881+0000] {processor.py:925} INFO - DAG(s) 'example_task_group_decorator' retrieved from /home/noelsdavid/airflow_venv/lib/python3.12/site-packages/airflow/example_dags/example_task_group_decorator.py
[2026-05-18T06:42:12.934+0000] {logging_mixin.py:190} INFO - [2026-05-18T06:42:12.933+0000] {dag.py:3239} INFO - Sync 1 DAGs
[2026-05-18T06:42:12.956+0000] {logging_mixin.py:190} INFO - [2026-05-18T06:42:12.956+0000] {dag.py:4180} INFO - Setting next_dagrun for example_task_group_decorator to None, run_after=None
[2026-05-18T06:42:13.008+0000] {processor.py:208} INFO - Processing /home/noelsdavid/airflow_venv/lib/python3.12/site-packages/airflow/example_dags/example_task_group_decorator.py took 0.215 seconds
[2026-05-18T06:43:25.792+0000] {processor.py:186} INFO - Started process (PID=12754) to work on /home/noelsdavid/airflow_venv/lib/python3.12/site-packages/airflow/example_dags/example_task_group_decorator.py
[2026-05-18T06:43:25.864+0000] {processor.py:914} INFO - Processing file /home/noelsdavid/airflow_venv/lib/python3.12/site-packages/airflow/example_dags/example_task_group_decorator.py for tasks to queue
[2026-05-18T06:43:25.866+0000] {logging_mixin.py:190} INFO - [2026-05-18T06:43:25.865+0000] {dagbag.py:588} INFO - Filling up the DagBag from /home/noelsdavid/airflow_venv/lib/python3.12/site-packages/airflow/example_dags/example_task_group_decorator.py
[2026-05-18T06:43:25.894+0000] {processor.py:925} INFO - DAG(s) 'example_task_group_decorator' retrieved from /home/noelsdavid/airflow_venv/lib/python3.12/site-packages/airflow/example_dags/example_task_group_decorator.py
[2026-05-18T06:43:25.925+0000] {logging_mixin.py:190} INFO - [2026-05-18T06:43:25.925+0000] {dag.py:3239} INFO - Sync 1 DAGs
[2026-05-18T06:43:25.946+0000] {logging_mixin.py:190} INFO - [2026-05-18T06:43:25.946+0000] {dag.py:4180} INFO - Setting next_dagrun for example_task_group_decorator to None, run_after=None
[2026-05-18T06:43:25.980+0000] {processor.py:208} INFO - Processing /home/noelsdavid/airflow_venv/lib/python3.12/site-packages/airflow/example_dags/example_task_group_decorator.py took 0.199 seconds
[2026-05-18T06:44:31.786+0000] {processor.py:186} INFO - Started process (PID=13047) to work on /home/noelsdavid/airflow_venv/lib/python3.12/site-packages/airflow/example_dags/example_task_group_decorator.py
[2026-05-18T06:44:31.790+0000] {processor.py:914} INFO - Processing file /home/noelsdavid/airflow_venv/lib/python3.12/site-packages/airflow/example_dags/example_task_group_decorator.py for tasks to queue
[2026-05-18T06:44:31.794+0000] {logging_mixin.py:190} INFO - [2026-05-18T06:44:31.792+0000] {dagbag.py:588} INFO - Filling up the DagBag from /home/noelsdavid/airflow_venv/lib/python3.12/site-packages/airflow/example_dags/example_task_group_decorator.py
[2026-05-18T06:44:31.825+0000] {processor.py:925} INFO - DAG(s) 'example_task_group_decorator' retrieved from /home/noelsdavid/airflow_venv/lib/python3.12/site-packages/airflow/example_dags/example_task_group_decorator.py
[2026-05-18T06:44:31.860+0000] {logging_mixin.py:190} INFO - [2026-05-18T06:44:31.859+0000] {dag.py:3239} INFO - Sync 1 DAGs
[2026-05-18T06:44:31.882+0000] {logging_mixin.py:190} INFO - [2026-05-18T06:44:31.881+0000] {dag.py:4180} INFO - Setting next_dagrun for example_task_group_decorator to None, run_after=None
[2026-05-18T06:44:31.915+0000] {processor.py:208} INFO - Processing /home/noelsdavid/airflow_venv/lib/python3.12/site-packages/airflow/example_dags/example_task_group_decorator.py took 0.148 seconds
[2026-05-18T06:45:44.145+0000] {processor.py:186} INFO - Started process (PID=13149) to work on /home/noelsdavid/airflow_venv/lib/python3.12/site-packages/airflow/example_dags/example_task_group_decorator.py
[2026-05-18T06:45:44.165+0000] {processor.py:914} INFO - Processing file /home/noelsdavid/airflow_venv/lib/python3.12/site-packages/airflow/example_dags/example_task_group_decorator.py for tasks to queue
[2026-05-18T06:45:44.167+0000] {logging_mixin.py:190} INFO - [2026-05-18T06:45:44.167+0000] {dagbag.py:588} INFO - Filling up the DagBag from /home/noelsdavid/airflow_venv/lib/python3.12/site-packages/airflow/example_dags/example_task_group_decorator.py
[2026-05-18T06:45:44.190+0000] {processor.py:925} INFO - DAG(s) 'example_task_group_decorator' retrieved from /home/noelsdavid/airflow_venv/lib/python3.12/site-packages/airflow/example_dags/example_task_group_decorator.py
[2026-05-18T06:45:44.222+0000] {logging_mixin.py:190} INFO - [2026-05-18T06:45:44.222+0000] {dag.py:3239} INFO - Sync 1 DAGs
[2026-05-18T06:45:44.240+0000] {logging_mixin.py:190} INFO - [2026-05-18T06:45:44.239+0000] {dag.py:4180} INFO - Setting next_dagrun for example_task_group_decorator to None, run_after=None
[2026-05-18T06:45:44.271+0000] {processor.py:208} INFO - Processing /home/noelsdavid/airflow_venv/lib/python3.12/site-packages/airflow/example_dags/example_task_group_decorator.py took 0.135 seconds
[2026-05-18T06:46:53.593+0000] {processor.py:186} INFO - Started process (PID=13226) to work on /home/noelsdavid/airflow_venv/lib/python3.12/site-packages/airflow/example_dags/example_task_group_decorator.py
[2026-05-18T06:46:53.625+0000] {processor.py:914} INFO - Processing file /home/noelsdavid/airflow_venv/lib/python3.12/site-packages/airflow/example_dags/example_task_group_decorator.py for tasks to queue
[2026-05-18T06:46:53.627+0000] {logging_mixin.py:190} INFO - [2026-05-18T06:46:53.626+0000] {dagbag.py:588} INFO - Filling up the DagBag from /home/noelsdavid/airflow_venv/lib/python3.12/site-packages/airflow/example_dags/example_task_group_decorator.py
[2026-05-18T06:46:53.650+0000] {processor.py:925} INFO - DAG(s) 'example_task_group_decorator' retrieved from /home/noelsdavid/airflow_venv/lib/python3.12/site-packages/airflow/example_dags/example_task_group_decorator.py
[2026-05-18T06:46:53.677+0000] {logging_mixin.py:190} INFO - [2026-05-18T06:46:53.677+0000] {dag.py:3239} INFO - Sync 1 DAGs
[2026-05-18T06:46:53.695+0000] {logging_mixin.py:190} INFO - [2026-05-18T06:46:53.695+0000] {dag.py:4180} INFO - Setting next_dagrun for example_task_group_decorator to None, run_after=None
[2026-05-18T06:46:53.727+0000] {processor.py:208} INFO - Processing /home/noelsdavid/airflow_venv/lib/python3.12/site-packages/airflow/example_dags/example_task_group_decorator.py took 0.144 seconds
[2026-05-18T06:47:58.279+0000] {processor.py:186} INFO - Started process (PID=13296) to work on /home/noelsdavid/airflow_venv/lib/python3.12/site-packages/airflow/example_dags/example_task_group_decorator.py
[2026-05-18T06:47:58.281+0000] {processor.py:914} INFO - Processing file /home/noelsdavid/airflow_venv/lib/python3.12/site-packages/airflow/example_dags/example_task_group_decorator.py for tasks to queue
[2026-05-18T06:47:58.283+0000] {logging_mixin.py:190} INFO - [2026-05-18T06:47:58.282+0000] {dagbag.py:588} INFO - Filling up the DagBag from /home/noelsdavid/airflow_venv/lib/python3.12/site-packages/airflow/example_dags/example_task_group_decorator.py
[2026-05-18T06:47:58.305+0000] {processor.py:925} INFO - DAG(s) 'example_task_group_decorator' retrieved from /home/noelsdavid/airflow_venv/lib/python3.12/site-packages/airflow/example_dags/example_task_group_decorator.py
[2026-05-18T06:47:58.333+0000] {logging_mixin.py:190} INFO - [2026-05-18T06:47:58.332+0000] {dag.py:3239} INFO - Sync 1 DAGs
[2026-05-18T06:47:58.350+0000] {logging_mixin.py:190} INFO - [2026-05-18T06:47:58.350+0000] {dag.py:4180} INFO - Setting next_dagrun for example_task_group_decorator to None, run_after=None
[2026-05-18T06:47:58.380+0000] {processor.py:208} INFO - Processing /home/noelsdavid/airflow_venv/lib/python3.12/site-packages/airflow/example_dags/example_task_group_decorator.py took 0.111 seconds
[2026-05-18T06:49:04.789+0000] {processor.py:186} INFO - Started process (PID=13372) to work on /home/noelsdavid/airflow_venv/lib/python3.12/site-packages/airflow/example_dags/example_task_group_decorator.py
[2026-05-18T06:49:04.791+0000] {processor.py:914} INFO - Processing file /home/noelsdavid/airflow_venv/lib/python3.12/site-packages/airflow/example_dags/example_task_group_decorator.py for tasks to queue
[2026-05-18T06:49:04.794+0000] {logging_mixin.py:190} INFO - [2026-05-18T06:49:04.793+0000] {dagbag.py:588} INFO - Filling up the DagBag from /home/noelsdavid/airflow_venv/lib/python3.12/site-packages/airflow/example_dags/example_task_group_decorator.py
[2026-05-18T06:49:04.816+0000] {processor.py:925} INFO - DAG(s) 'example_task_group_decorator' retrieved from /home/noelsdavid/airflow_venv/lib/python3.12/site-packages/airflow/example_dags/example_task_group_decorator.py
[2026-05-18T06:49:04.843+0000] {logging_mixin.py:190} INFO - [2026-05-18T06:49:04.843+0000] {dag.py:3239} INFO - Sync 1 DAGs
[2026-05-18T06:49:04.860+0000] {logging_mixin.py:190} INFO - [2026-05-18T06:49:04.860+0000] {dag.py:4180} INFO - Setting next_dagrun for example_task_group_decorator to None, run_after=None
[2026-05-18T06:49:04.890+0000] {processor.py:208} INFO - Processing /home/noelsdavid/airflow_venv/lib/python3.12/site-packages/airflow/example_dags/example_task_group_decorator.py took 0.112 seconds
[2026-05-18T06:50:12.633+0000] {processor.py:186} INFO - Started process (PID=13854) to work on /home/noelsdavid/airflow_venv/lib/python3.12/site-packages/airflow/example_dags/example_task_group_decorator.py
[2026-05-18T06:50:12.635+0000] {processor.py:914} INFO - Processing file /home/noelsdavid/airflow_venv/lib/python3.12/site-packages/airflow/example_dags/example_task_group_decorator.py for tasks to queue
[2026-05-18T06:50:12.638+0000] {logging_mixin.py:190} INFO - [2026-05-18T06:50:12.637+0000] {dagbag.py:588} INFO - Filling up the DagBag from /home/noelsdavid/airflow_venv/lib/python3.12/site-packages/airflow/example_dags/example_task_group_decorator.py
[2026-05-18T06:50:12.663+0000] {processor.py:925} INFO - DAG(s) 'example_task_group_decorator' retrieved from /home/noelsdavid/airflow_venv/lib/python3.12/site-packages/airflow/example_dags/example_task_group_decorator.py
[2026-05-18T06:50:12.691+0000] {logging_mixin.py:190} INFO - [2026-05-18T06:50:12.691+0000] {dag.py:3239} INFO - Sync 1 DAGs
[2026-05-18T06:50:12.710+0000] {logging_mixin.py:190} INFO - [2026-05-18T06:50:12.710+0000] {dag.py:4180} INFO - Setting next_dagrun for example_task_group_decorator to None, run_after=None
[2026-05-18T06:50:12.742+0000] {processor.py:208} INFO - Processing /home/noelsdavid/airflow_venv/lib/python3.12/site-packages/airflow/example_dags/example_task_group_decorator.py took 0.120 seconds
[2026-05-18T06:51:23.489+0000] {processor.py:186} INFO - Started process (PID=14215) to work on /home/noelsdavid/airflow_venv/lib/python3.12/site-packages/airflow/example_dags/example_task_group_decorator.py
[2026-05-18T06:51:23.491+0000] {processor.py:914} INFO - Processing file /home/noelsdavid/airflow_venv/lib/python3.12/site-packages/airflow/example_dags/example_task_group_decorator.py for tasks to queue
[2026-05-18T06:51:23.493+0000] {logging_mixin.py:190} INFO - [2026-05-18T06:51:23.492+0000] {dagbag.py:588} INFO - Filling up the DagBag from /home/noelsdavid/airflow_venv/lib/python3.12/site-packages/airflow/example_dags/example_task_group_decorator.py
[2026-05-18T06:51:23.515+0000] {processor.py:925} INFO - DAG(s) 'example_task_group_decorator' retrieved from /home/noelsdavid/airflow_venv/lib/python3.12/site-packages/airflow/example_dags/example_task_group_decorator.py
[2026-05-18T06:51:23.543+0000] {logging_mixin.py:190} INFO - [2026-05-18T06:51:23.542+0000] {dag.py:3239} INFO - Sync 1 DAGs
[2026-05-18T06:51:23.559+0000] {logging_mixin.py:190} INFO - [2026-05-18T06:51:23.559+0000] {dag.py:4180} INFO - Setting next_dagrun for example_task_group_decorator to None, run_after=None
[2026-05-18T06:51:23.592+0000] {processor.py:208} INFO - Processing /home/noelsdavid/airflow_venv/lib/python3.12/site-packages/airflow/example_dags/example_task_group_decorator.py took 0.113 seconds
[2026-05-18T06:52:31.838+0000] {processor.py:186} INFO - Started process (PID=14444) to work on /home/noelsdavid/airflow_venv/lib/python3.12/site-packages/airflow/example_dags/example_task_group_decorator.py
[2026-05-18T06:52:31.841+0000] {processor.py:914} INFO - Processing file /home/noelsdavid/airflow_venv/lib/python3.12/site-packages/airflow/example_dags/example_task_group_decorator.py for tasks to queue
[2026-05-18T06:52:31.843+0000] {logging_mixin.py:190} INFO - [2026-05-18T06:52:31.842+0000] {dagbag.py:588} INFO - Filling up the DagBag from /home/noelsdavid/airflow_venv/lib/python3.12/site-packages/airflow/example_dags/example_task_group_decorator.py
[2026-05-18T06:52:31.863+0000] {processor.py:925} INFO - DAG(s) 'example_task_group_decorator' retrieved from /home/noelsdavid/airflow_venv/lib/python3.12/site-packages/airflow/example_dags/example_task_group_decorator.py
[2026-05-18T06:52:31.891+0000] {logging_mixin.py:190} INFO - [2026-05-18T06:52:31.891+0000] {dag.py:3239} INFO - Sync 1 DAGs
[2026-05-18T06:52:31.911+0000] {logging_mixin.py:190} INFO - [2026-05-18T06:52:31.911+0000] {dag.py:4180} INFO - Setting next_dagrun for example_task_group_decorator to None, run_after=None
[2026-05-18T06:52:31.942+0000] {processor.py:208} INFO - Processing /home/noelsdavid/airflow_venv/lib/python3.12/site-packages/airflow/example_dags/example_task_group_decorator.py took 0.114 seconds
[2026-05-18T06:53:46.424+0000] {processor.py:186} INFO - Started process (PID=14783) to work on /home/noelsdavid/airflow_venv/lib/python3.12/site-packages/airflow/example_dags/example_task_group_decorator.py
[2026-05-18T06:53:46.427+0000] {processor.py:914} INFO - Processing file /home/noelsdavid/airflow_venv/lib/python3.12/site-packages/airflow/example_dags/example_task_group_decorator.py for tasks to queue
[2026-05-18T06:53:46.429+0000] {logging_mixin.py:190} INFO - [2026-05-18T06:53:46.429+0000] {dagbag.py:588} INFO - Filling up the DagBag from /home/noelsdavid/airflow_venv/lib/python3.12/site-packages/airflow/example_dags/example_task_group_decorator.py
[2026-05-18T06:53:46.452+0000] {processor.py:925} INFO - DAG(s) 'example_task_group_decorator' retrieved from /home/noelsdavid/airflow_venv/lib/python3.12/site-packages/airflow/example_dags/example_task_group_decorator.py
[2026-05-18T06:53:46.480+0000] {logging_mixin.py:190} INFO - [2026-05-18T06:53:46.480+0000] {dag.py:3239} INFO - Sync 1 DAGs
[2026-05-18T06:53:46.499+0000] {logging_mixin.py:190} INFO - [2026-05-18T06:53:46.498+0000] {dag.py:4180} INFO - Setting next_dagrun for example_task_group_decorator to None, run_after=None
[2026-05-18T06:53:46.531+0000] {processor.py:208} INFO - Processing /home/noelsdavid/airflow_venv/lib/python3.12/site-packages/airflow/example_dags/example_task_group_decorator.py took 0.117 seconds
[2026-05-18T06:54:57.392+0000] {processor.py:186} INFO - Started process (PID=15022) to work on /home/noelsdavid/airflow_venv/lib/python3.12/site-packages/airflow/example_dags/example_task_group_decorator.py
[2026-05-18T06:54:57.395+0000] {processor.py:914} INFO - Processing file /home/noelsdavid/airflow_venv/lib/python3.12/site-packages/airflow/example_dags/example_task_group_decorator.py for tasks to queue
[2026-05-18T06:54:57.397+0000] {logging_mixin.py:190} INFO - [2026-05-18T06:54:57.397+0000] {dagbag.py:588} INFO - Filling up the DagBag from /home/noelsdavid/airflow_venv/lib/python3.12/site-packages/airflow/example_dags/example_task_group_decorator.py
[2026-05-18T06:54:57.424+0000] {processor.py:925} INFO - DAG(s) 'example_task_group_decorator' retrieved from /home/noelsdavid/airflow_venv/lib/python3.12/site-packages/airflow/example_dags/example_task_group_decorator.py
[2026-05-18T06:54:57.460+0000] {logging_mixin.py:190} INFO - [2026-05-18T06:54:57.459+0000] {dag.py:3239} INFO - Sync 1 DAGs
[2026-05-18T06:54:57.481+0000] {logging_mixin.py:190} INFO - [2026-05-18T06:54:57.480+0000] {dag.py:4180} INFO - Setting next_dagrun for example_task_group_decorator to None, run_after=None
[2026-05-18T06:54:57.515+0000] {processor.py:208} INFO - Processing /home/noelsdavid/airflow_venv/lib/python3.12/site-packages/airflow/example_dags/example_task_group_decorator.py took 0.135 seconds
[2026-05-18T06:56:17.993+0000] {processor.py:186} INFO - Started process (PID=15360) to work on /home/noelsdavid/airflow_venv/lib/python3.12/site-packages/airflow/example_dags/example_task_group_decorator.py
[2026-05-18T06:56:17.996+0000] {processor.py:914} INFO - Processing file /home/noelsdavid/airflow_venv/lib/python3.12/site-packages/airflow/example_dags/example_task_group_decorator.py for tasks to queue
[2026-05-18T06:56:17.999+0000] {logging_mixin.py:190} INFO - [2026-05-18T06:56:17.998+0000] {dagbag.py:588} INFO - Filling up the DagBag from /home/noelsdavid/airflow_venv/lib/python3.12/site-packages/airflow/example_dags/example_task_group_decorator.py
[2026-05-18T06:56:18.022+0000] {processor.py:925} INFO - DAG(s) 'example_task_group_decorator' retrieved from /home/noelsdavid/airflow_venv/lib/python3.12/site-packages/airflow/example_dags/example_task_group_decorator.py
[2026-05-18T06:56:18.057+0000] {logging_mixin.py:190} INFO - [2026-05-18T06:56:18.057+0000] {dag.py:3239} INFO - Sync 1 DAGs
[2026-05-18T06:56:18.075+0000] {logging_mixin.py:190} INFO - [2026-05-18T06:56:18.075+0000] {dag.py:4180} INFO - Setting next_dagrun for example_task_group_decorator to None, run_after=None
[2026-05-18T06:56:18.107+0000] {processor.py:208} INFO - Processing /home/noelsdavid/airflow_venv/lib/python3.12/site-packages/airflow/example_dags/example_task_group_decorator.py took 0.128 seconds
[2026-05-18T06:57:34.715+0000] {processor.py:186} INFO - Started process (PID=15471) to work on /home/noelsdavid/airflow_venv/lib/python3.12/site-packages/airflow/example_dags/example_task_group_decorator.py
[2026-05-18T06:57:34.717+0000] {processor.py:914} INFO - Processing file /home/noelsdavid/airflow_venv/lib/python3.12/site-packages/airflow/example_dags/example_task_group_decorator.py for tasks to queue
[2026-05-18T06:57:34.719+0000] {logging_mixin.py:190} INFO - [2026-05-18T06:57:34.718+0000] {dagbag.py:588} INFO - Filling up the DagBag from /home/noelsdavid/airflow_venv/lib/python3.12/site-packages/airflow/example_dags/example_task_group_decorator.py
[2026-05-18T06:57:34.740+0000] {processor.py:925} INFO - DAG(s) 'example_task_group_decorator' retrieved from /home/noelsdavid/airflow_venv/lib/python3.12/site-packages/airflow/example_dags/example_task_group_decorator.py
[2026-05-18T06:57:34.788+0000] {logging_mixin.py:190} INFO - [2026-05-18T06:57:34.788+0000] {dag.py:3239} INFO - Sync 1 DAGs
[2026-05-18T06:57:34.819+0000] {logging_mixin.py:190} INFO - [2026-05-18T06:57:34.819+0000] {dag.py:4180} INFO - Setting next_dagrun for example_task_group_decorator to None, run_after=None
[2026-05-18T06:57:34.858+0000] {processor.py:208} INFO - Processing /home/noelsdavid/airflow_venv/lib/python3.12/site-packages/airflow/example_dags/example_task_group_decorator.py took 0.154 seconds
[2026-05-18T06:58:47.415+0000] {processor.py:186} INFO - Started process (PID=15794) to work on /home/noelsdavid/airflow_venv/lib/python3.12/site-packages/airflow/example_dags/example_task_group_decorator.py
[2026-05-18T06:58:47.460+0000] {processor.py:914} INFO - Processing file /home/noelsdavid/airflow_venv/lib/python3.12/site-packages/airflow/example_dags/example_task_group_decorator.py for tasks to queue
[2026-05-18T06:58:47.462+0000] {logging_mixin.py:190} INFO - [2026-05-18T06:58:47.462+0000] {dagbag.py:588} INFO - Filling up the DagBag from /home/noelsdavid/airflow_venv/lib/python3.12/site-packages/airflow/example_dags/example_task_group_decorator.py
[2026-05-18T06:58:47.485+0000] {processor.py:925} INFO - DAG(s) 'example_task_group_decorator' retrieved from /home/noelsdavid/airflow_venv/lib/python3.12/site-packages/airflow/example_dags/example_task_group_decorator.py
[2026-05-18T06:58:47.516+0000] {logging_mixin.py:190} INFO - [2026-05-18T06:58:47.515+0000] {dag.py:3239} INFO - Sync 1 DAGs
[2026-05-18T06:58:47.534+0000] {logging_mixin.py:190} INFO - [2026-05-18T06:58:47.534+0000] {dag.py:4180} INFO - Setting next_dagrun for example_task_group_decorator to None, run_after=None
[2026-05-18T06:58:47.570+0000] {processor.py:208} INFO - Processing /home/noelsdavid/airflow_venv/lib/python3.12/site-packages/airflow/example_dags/example_task_group_decorator.py took 0.166 seconds
[2026-05-18T07:00:09.712+0000] {processor.py:186} INFO - Started process (PID=15988) to work on /home/noelsdavid/airflow_venv/lib/python3.12/site-packages/airflow/example_dags/example_task_group_decorator.py
[2026-05-18T07:00:09.724+0000] {processor.py:914} INFO - Processing file /home/noelsdavid/airflow_venv/lib/python3.12/site-packages/airflow/example_dags/example_task_group_decorator.py for tasks to queue
[2026-05-18T07:00:09.743+0000] {logging_mixin.py:190} INFO - [2026-05-18T07:00:09.741+0000] {dagbag.py:588} INFO - Filling up the DagBag from /home/noelsdavid/airflow_venv/lib/python3.12/site-packages/airflow/example_dags/example_task_group_decorator.py
[2026-05-18T07:00:09.895+0000] {processor.py:925} INFO - DAG(s) 'example_task_group_decorator' retrieved from /home/noelsdavid/airflow_venv/lib/python3.12/site-packages/airflow/example_dags/example_task_group_decorator.py
[2026-05-18T07:00:10.085+0000] {logging_mixin.py:190} INFO - [2026-05-18T07:00:10.084+0000] {dag.py:3239} INFO - Sync 1 DAGs
[2026-05-18T07:00:10.257+0000] {logging_mixin.py:190} INFO - [2026-05-18T07:00:10.257+0000] {dag.py:4180} INFO - Setting next_dagrun for example_task_group_decorator to None, run_after=None
[2026-05-18T07:00:10.404+0000] {processor.py:208} INFO - Processing /home/noelsdavid/airflow_venv/lib/python3.12/site-packages/airflow/example_dags/example_task_group_decorator.py took 0.749 seconds
[2026-05-18T07:01:25.839+0000] {processor.py:186} INFO - Started process (PID=16412) to work on /home/noelsdavid/airflow_venv/lib/python3.12/site-packages/airflow/example_dags/example_task_group_decorator.py
[2026-05-18T07:01:25.842+0000] {processor.py:914} INFO - Processing file /home/noelsdavid/airflow_venv/lib/python3.12/site-packages/airflow/example_dags/example_task_group_decorator.py for tasks to queue
[2026-05-18T07:01:25.844+0000] {logging_mixin.py:190} INFO - [2026-05-18T07:01:25.843+0000] {dagbag.py:588} INFO - Filling up the DagBag from /home/noelsdavid/airflow_venv/lib/python3.12/site-packages/airflow/example_dags/example_task_group_decorator.py
[2026-05-18T07:01:25.865+0000] {processor.py:925} INFO - DAG(s) 'example_task_group_decorator' retrieved from /home/noelsdavid/airflow_venv/lib/python3.12/site-packages/airflow/example_dags/example_task_group_decorator.py
[2026-05-18T07:01:25.893+0000] {logging_mixin.py:190} INFO - [2026-05-18T07:01:25.892+0000] {dag.py:3239} INFO - Sync 1 DAGs
[2026-05-18T07:01:25.912+0000] {logging_mixin.py:190} INFO - [2026-05-18T07:01:25.912+0000] {dag.py:4180} INFO - Setting next_dagrun for example_task_group_decorator to None, run_after=None
[2026-05-18T07:01:25.944+0000] {processor.py:208} INFO - Processing /home/noelsdavid/airflow_venv/lib/python3.12/site-packages/airflow/example_dags/example_task_group_decorator.py took 0.115 seconds
[2026-05-18T07:02:37.535+0000] {processor.py:186} INFO - Started process (PID=16490) to work on /home/noelsdavid/airflow_venv/lib/python3.12/site-packages/airflow/example_dags/example_task_group_decorator.py
[2026-05-18T07:02:37.537+0000] {processor.py:914} INFO - Processing file /home/noelsdavid/airflow_venv/lib/python3.12/site-packages/airflow/example_dags/example_task_group_decorator.py for tasks to queue
[2026-05-18T07:02:37.539+0000] {logging_mixin.py:190} INFO - [2026-05-18T07:02:37.539+0000] {dagbag.py:588} INFO - Filling up the DagBag from /home/noelsdavid/airflow_venv/lib/python3.12/site-packages/airflow/example_dags/example_task_group_decorator.py
[2026-05-18T07:02:37.561+0000] {processor.py:925} INFO - DAG(s) 'example_task_group_decorator' retrieved from /home/noelsdavid/airflow_venv/lib/python3.12/site-packages/airflow/example_dags/example_task_group_decorator.py
[2026-05-18T07:02:37.589+0000] {logging_mixin.py:190} INFO - [2026-05-18T07:02:37.589+0000] {dag.py:3239} INFO - Sync 1 DAGs
[2026-05-18T07:02:37.606+0000] {logging_mixin.py:190} INFO - [2026-05-18T07:02:37.606+0000] {dag.py:4180} INFO - Setting next_dagrun for example_task_group_decorator to None, run_after=None
[2026-05-18T07:02:37.636+0000] {processor.py:208} INFO - Processing /home/noelsdavid/airflow_venv/lib/python3.12/site-packages/airflow/example_dags/example_task_group_decorator.py took 0.111 seconds
[2026-05-18T07:03:50.422+0000] {processor.py:186} INFO - Started process (PID=16568) to work on /home/noelsdavid/airflow_venv/lib/python3.12/site-packages/airflow/example_dags/example_task_group_decorator.py
[2026-05-18T07:03:50.432+0000] {processor.py:914} INFO - Processing file /home/noelsdavid/airflow_venv/lib/python3.12/site-packages/airflow/example_dags/example_task_group_decorator.py for tasks to queue
[2026-05-18T07:03:50.435+0000] {logging_mixin.py:190} INFO - [2026-05-18T07:03:50.434+0000] {dagbag.py:588} INFO - Filling up the DagBag from /home/noelsdavid/airflow_venv/lib/python3.12/site-packages/airflow/example_dags/example_task_group_decorator.py
[2026-05-18T07:03:50.458+0000] {processor.py:925} INFO - DAG(s) 'example_task_group_decorator' retrieved from /home/noelsdavid/airflow_venv/lib/python3.12/site-packages/airflow/example_dags/example_task_group_decorator.py
[2026-05-18T07:03:50.488+0000] {logging_mixin.py:190} INFO - [2026-05-18T07:03:50.487+0000] {dag.py:3239} INFO - Sync 1 DAGs
[2026-05-18T07:03:50.508+0000] {logging_mixin.py:190} INFO - [2026-05-18T07:03:50.508+0000] {dag.py:4180} INFO - Setting next_dagrun for example_task_group_decorator to None, run_after=None
[2026-05-18T07:03:50.544+0000] {processor.py:208} INFO - Processing /home/noelsdavid/airflow_venv/lib/python3.12/site-packages/airflow/example_dags/example_task_group_decorator.py took 0.132 seconds
[2026-05-18T07:04:58.450+0000] {processor.py:186} INFO - Started process (PID=16643) to work on /home/noelsdavid/airflow_venv/lib/python3.12/site-packages/airflow/example_dags/example_task_group_decorator.py
[2026-05-18T07:04:58.453+0000] {processor.py:914} INFO - Processing file /home/noelsdavid/airflow_venv/lib/python3.12/site-packages/airflow/example_dags/example_task_group_decorator.py for tasks to queue
[2026-05-18T07:04:58.455+0000] {logging_mixin.py:190} INFO - [2026-05-18T07:04:58.455+0000] {dagbag.py:588} INFO - Filling up the DagBag from /home/noelsdavid/airflow_venv/lib/python3.12/site-packages/airflow/example_dags/example_task_group_decorator.py
[2026-05-18T07:04:58.477+0000] {processor.py:925} INFO - DAG(s) 'example_task_group_decorator' retrieved from /home/noelsdavid/airflow_venv/lib/python3.12/site-packages/airflow/example_dags/example_task_group_decorator.py
[2026-05-18T07:04:58.505+0000] {logging_mixin.py:190} INFO - [2026-05-18T07:04:58.505+0000] {dag.py:3239} INFO - Sync 1 DAGs
[2026-05-18T07:04:58.683+0000] {logging_mixin.py:190} INFO - [2026-05-18T07:04:58.682+0000] {dag.py:4180} INFO - Setting next_dagrun for example_task_group_decorator to None, run_after=None
[2026-05-18T07:04:58.712+0000] {processor.py:208} INFO - Processing /home/noelsdavid/airflow_venv/lib/python3.12/site-packages/airflow/example_dags/example_task_group_decorator.py took 0.272 seconds
[2026-05-18T07:06:17.885+0000] {processor.py:186} INFO - Started process (PID=16748) to work on /home/noelsdavid/airflow_venv/lib/python3.12/site-packages/airflow/example_dags/example_task_group_decorator.py
[2026-05-18T07:06:17.887+0000] {processor.py:914} INFO - Processing file /home/noelsdavid/airflow_venv/lib/python3.12/site-packages/airflow/example_dags/example_task_group_decorator.py for tasks to queue
[2026-05-18T07:06:17.889+0000] {logging_mixin.py:190} INFO - [2026-05-18T07:06:17.888+0000] {dagbag.py:588} INFO - Filling up the DagBag from /home/noelsdavid/airflow_venv/lib/python3.12/site-packages/airflow/example_dags/example_task_group_decorator.py
[2026-05-18T07:06:17.911+0000] {processor.py:925} INFO - DAG(s) 'example_task_group_decorator' retrieved from /home/noelsdavid/airflow_venv/lib/python3.12/site-packages/airflow/example_dags/example_task_group_decorator.py
[2026-05-18T07:06:17.939+0000] {logging_mixin.py:190} INFO - [2026-05-18T07:06:17.939+0000] {dag.py:3239} INFO - Sync 1 DAGs
[2026-05-18T07:06:18.128+0000] {logging_mixin.py:190} INFO - [2026-05-18T07:06:18.128+0000] {dag.py:4180} INFO - Setting next_dagrun for example_task_group_decorator to None, run_after=None
[2026-05-18T07:06:18.161+0000] {processor.py:208} INFO - Processing /home/noelsdavid/airflow_venv/lib/python3.12/site-packages/airflow/example_dags/example_task_group_decorator.py took 0.287 seconds
[2026-05-18T07:07:34.118+0000] {processor.py:186} INFO - Started process (PID=16828) to work on /home/noelsdavid/airflow_venv/lib/python3.12/site-packages/airflow/example_dags/example_task_group_decorator.py
[2026-05-18T07:07:34.121+0000] {processor.py:914} INFO - Processing file /home/noelsdavid/airflow_venv/lib/python3.12/site-packages/airflow/example_dags/example_task_group_decorator.py for tasks to queue
[2026-05-18T07:07:34.123+0000] {logging_mixin.py:190} INFO - [2026-05-18T07:07:34.122+0000] {dagbag.py:588} INFO - Filling up the DagBag from /home/noelsdavid/airflow_venv/lib/python3.12/site-packages/airflow/example_dags/example_task_group_decorator.py
[2026-05-18T07:07:34.145+0000] {processor.py:925} INFO - DAG(s) 'example_task_group_decorator' retrieved from /home/noelsdavid/airflow_venv/lib/python3.12/site-packages/airflow/example_dags/example_task_group_decorator.py
[2026-05-18T07:07:34.173+0000] {logging_mixin.py:190} INFO - [2026-05-18T07:07:34.173+0000] {dag.py:3239} INFO - Sync 1 DAGs
[2026-05-18T07:07:34.360+0000] {logging_mixin.py:190} INFO - [2026-05-18T07:07:34.360+0000] {dag.py:4180} INFO - Setting next_dagrun for example_task_group_decorator to None, run_after=None
[2026-05-18T07:07:34.400+0000] {processor.py:208} INFO - Processing /home/noelsdavid/airflow_venv/lib/python3.12/site-packages/airflow/example_dags/example_task_group_decorator.py took 0.292 seconds
[2026-05-18T07:08:54.284+0000] {processor.py:186} INFO - Started process (PID=16910) to work on /home/noelsdavid/airflow_venv/lib/python3.12/site-packages/airflow/example_dags/example_task_group_decorator.py
[2026-05-18T07:08:54.287+0000] {processor.py:914} INFO - Processing file /home/noelsdavid/airflow_venv/lib/python3.12/site-packages/airflow/example_dags/example_task_group_decorator.py for tasks to queue
[2026-05-18T07:08:54.290+0000] {logging_mixin.py:190} INFO - [2026-05-18T07:08:54.289+0000] {dagbag.py:588} INFO - Filling up the DagBag from /home/noelsdavid/airflow_venv/lib/python3.12/site-packages/airflow/example_dags/example_task_group_decorator.py
[2026-05-18T07:08:54.317+0000] {processor.py:925} INFO - DAG(s) 'example_task_group_decorator' retrieved from /home/noelsdavid/airflow_venv/lib/python3.12/site-packages/airflow/example_dags/example_task_group_decorator.py
[2026-05-18T07:08:54.360+0000] {logging_mixin.py:190} INFO - [2026-05-18T07:08:54.359+0000] {dag.py:3239} INFO - Sync 1 DAGs
[2026-05-18T07:08:54.554+0000] {logging_mixin.py:190} INFO - [2026-05-18T07:08:54.554+0000] {dag.py:4180} INFO - Setting next_dagrun for example_task_group_decorator to None, run_after=None
[2026-05-18T07:08:54.590+0000] {processor.py:208} INFO - Processing /home/noelsdavid/airflow_venv/lib/python3.12/site-packages/airflow/example_dags/example_task_group_decorator.py took 0.321 seconds
[2026-05-18T07:10:17.648+0000] {processor.py:186} INFO - Started process (PID=17020) to work on /home/noelsdavid/airflow_venv/lib/python3.12/site-packages/airflow/example_dags/example_task_group_decorator.py
[2026-05-18T07:10:17.652+0000] {processor.py:914} INFO - Processing file /home/noelsdavid/airflow_venv/lib/python3.12/site-packages/airflow/example_dags/example_task_group_decorator.py for tasks to queue
[2026-05-18T07:10:17.654+0000] {logging_mixin.py:190} INFO - [2026-05-18T07:10:17.654+0000] {dagbag.py:588} INFO - Filling up the DagBag from /home/noelsdavid/airflow_venv/lib/python3.12/site-packages/airflow/example_dags/example_task_group_decorator.py
[2026-05-18T07:10:17.681+0000] {processor.py:925} INFO - DAG(s) 'example_task_group_decorator' retrieved from /home/noelsdavid/airflow_venv/lib/python3.12/site-packages/airflow/example_dags/example_task_group_decorator.py
[2026-05-18T07:10:17.713+0000] {logging_mixin.py:190} INFO - [2026-05-18T07:10:17.713+0000] {dag.py:3239} INFO - Sync 1 DAGs
[2026-05-18T07:10:17.732+0000] {logging_mixin.py:190} INFO - [2026-05-18T07:10:17.732+0000] {dag.py:4180} INFO - Setting next_dagrun for example_task_group_decorator to None, run_after=None
[2026-05-18T07:10:17.766+0000] {processor.py:208} INFO - Processing /home/noelsdavid/airflow_venv/lib/python3.12/site-packages/airflow/example_dags/example_task_group_decorator.py took 0.129 seconds
[2026-05-18T07:11:31.001+0000] {processor.py:186} INFO - Started process (PID=17099) to work on /home/noelsdavid/airflow_venv/lib/python3.12/site-packages/airflow/example_dags/example_task_group_decorator.py
[2026-05-18T07:11:31.004+0000] {processor.py:914} INFO - Processing file /home/noelsdavid/airflow_venv/lib/python3.12/site-packages/airflow/example_dags/example_task_group_decorator.py for tasks to queue
[2026-05-18T07:11:31.006+0000] {logging_mixin.py:190} INFO - [2026-05-18T07:11:31.005+0000] {dagbag.py:588} INFO - Filling up the DagBag from /home/noelsdavid/airflow_venv/lib/python3.12/site-packages/airflow/example_dags/example_task_group_decorator.py
[2026-05-18T07:11:31.028+0000] {processor.py:925} INFO - DAG(s) 'example_task_group_decorator' retrieved from /home/noelsdavid/airflow_venv/lib/python3.12/site-packages/airflow/example_dags/example_task_group_decorator.py
[2026-05-18T07:11:31.058+0000] {logging_mixin.py:190} INFO - [2026-05-18T07:11:31.057+0000] {dag.py:3239} INFO - Sync 1 DAGs
[2026-05-18T07:11:31.076+0000] {logging_mixin.py:190} INFO - [2026-05-18T07:11:31.076+0000] {dag.py:4180} INFO - Setting next_dagrun for example_task_group_decorator to None, run_after=None
[2026-05-18T07:11:31.109+0000] {processor.py:208} INFO - Processing /home/noelsdavid/airflow_venv/lib/python3.12/site-packages/airflow/example_dags/example_task_group_decorator.py took 0.119 seconds
[2026-05-18T07:12:45.204+0000] {processor.py:186} INFO - Started process (PID=17178) to work on /home/noelsdavid/airflow_venv/lib/python3.12/site-packages/airflow/example_dags/example_task_group_decorator.py
[2026-05-18T07:12:45.207+0000] {processor.py:914} INFO - Processing file /home/noelsdavid/airflow_venv/lib/python3.12/site-packages/airflow/example_dags/example_task_group_decorator.py for tasks to queue
[2026-05-18T07:12:45.209+0000] {logging_mixin.py:190} INFO - [2026-05-18T07:12:45.208+0000] {dagbag.py:588} INFO - Filling up the DagBag from /home/noelsdavid/airflow_venv/lib/python3.12/site-packages/airflow/example_dags/example_task_group_decorator.py
[2026-05-18T07:12:45.230+0000] {processor.py:925} INFO - DAG(s) 'example_task_group_decorator' retrieved from /home/noelsdavid/airflow_venv/lib/python3.12/site-packages/airflow/example_dags/example_task_group_decorator.py
[2026-05-18T07:12:45.259+0000] {logging_mixin.py:190} INFO - [2026-05-18T07:12:45.259+0000] {dag.py:3239} INFO - Sync 1 DAGs
[2026-05-18T07:12:45.279+0000] {logging_mixin.py:190} INFO - [2026-05-18T07:12:45.278+0000] {dag.py:4180} INFO - Setting next_dagrun for example_task_group_decorator to None, run_after=None
[2026-05-18T07:12:45.312+0000] {processor.py:208} INFO - Processing /home/noelsdavid/airflow_venv/lib/python3.12/site-packages/airflow/example_dags/example_task_group_decorator.py took 0.120 seconds
[2026-05-18T07:14:00.484+0000] {processor.py:186} INFO - Started process (PID=17258) to work on /home/noelsdavid/airflow_venv/lib/python3.12/site-packages/airflow/example_dags/example_task_group_decorator.py
[2026-05-18T07:14:00.526+0000] {processor.py:914} INFO - Processing file /home/noelsdavid/airflow_venv/lib/python3.12/site-packages/airflow/example_dags/example_task_group_decorator.py for tasks to queue
[2026-05-18T07:14:00.528+0000] {logging_mixin.py:190} INFO - [2026-05-18T07:14:00.527+0000] {dagbag.py:588} INFO - Filling up the DagBag from /home/noelsdavid/airflow_venv/lib/python3.12/site-packages/airflow/example_dags/example_task_group_decorator.py
[2026-05-18T07:14:00.550+0000] {processor.py:925} INFO - DAG(s) 'example_task_group_decorator' retrieved from /home/noelsdavid/airflow_venv/lib/python3.12/site-packages/airflow/example_dags/example_task_group_decorator.py
[2026-05-18T07:14:00.580+0000] {logging_mixin.py:190} INFO - [2026-05-18T07:14:00.580+0000] {dag.py:3239} INFO - Sync 1 DAGs
[2026-05-18T07:14:00.598+0000] {logging_mixin.py:190} INFO - [2026-05-18T07:14:00.598+0000] {dag.py:4180} INFO - Setting next_dagrun for example_task_group_decorator to None, run_after=None
[2026-05-18T07:14:00.631+0000] {processor.py:208} INFO - Processing /home/noelsdavid/airflow_venv/lib/python3.12/site-packages/airflow/example_dags/example_task_group_decorator.py took 0.157 seconds
[2026-05-18T07:15:10.776+0000] {processor.py:186} INFO - Started process (PID=17336) to work on /home/noelsdavid/airflow_venv/lib/python3.12/site-packages/airflow/example_dags/example_task_group_decorator.py
[2026-05-18T07:15:10.779+0000] {processor.py:914} INFO - Processing file /home/noelsdavid/airflow_venv/lib/python3.12/site-packages/airflow/example_dags/example_task_group_decorator.py for tasks to queue
[2026-05-18T07:15:10.781+0000] {logging_mixin.py:190} INFO - [2026-05-18T07:15:10.781+0000] {dagbag.py:588} INFO - Filling up the DagBag from /home/noelsdavid/airflow_venv/lib/python3.12/site-packages/airflow/example_dags/example_task_group_decorator.py
[2026-05-18T07:15:10.805+0000] {processor.py:925} INFO - DAG(s) 'example_task_group_decorator' retrieved from /home/noelsdavid/airflow_venv/lib/python3.12/site-packages/airflow/example_dags/example_task_group_decorator.py
[2026-05-18T07:15:10.837+0000] {logging_mixin.py:190} INFO - [2026-05-18T07:15:10.836+0000] {dag.py:3239} INFO - Sync 1 DAGs
[2026-05-18T07:15:10.859+0000] {logging_mixin.py:190} INFO - [2026-05-18T07:15:10.859+0000] {dag.py:4180} INFO - Setting next_dagrun for example_task_group_decorator to None, run_after=None
[2026-05-18T07:15:10.892+0000] {processor.py:208} INFO - Processing /home/noelsdavid/airflow_venv/lib/python3.12/site-packages/airflow/example_dags/example_task_group_decorator.py took 0.127 seconds
[2026-05-18T07:16:28.758+0000] {processor.py:186} INFO - Started process (PID=17440) to work on /home/noelsdavid/airflow_venv/lib/python3.12/site-packages/airflow/example_dags/example_task_group_decorator.py
[2026-05-18T07:16:28.761+0000] {processor.py:914} INFO - Processing file /home/noelsdavid/airflow_venv/lib/python3.12/site-packages/airflow/example_dags/example_task_group_decorator.py for tasks to queue
[2026-05-18T07:16:28.763+0000] {logging_mixin.py:190} INFO - [2026-05-18T07:16:28.762+0000] {dagbag.py:588} INFO - Filling up the DagBag from /home/noelsdavid/airflow_venv/lib/python3.12/site-packages/airflow/example_dags/example_task_group_decorator.py
[2026-05-18T07:16:28.784+0000] {processor.py:925} INFO - DAG(s) 'example_task_group_decorator' retrieved from /home/noelsdavid/airflow_venv/lib/python3.12/site-packages/airflow/example_dags/example_task_group_decorator.py
[2026-05-18T07:16:28.815+0000] {logging_mixin.py:190} INFO - [2026-05-18T07:16:28.814+0000] {dag.py:3239} INFO - Sync 1 DAGs
[2026-05-18T07:16:28.832+0000] {logging_mixin.py:190} INFO - [2026-05-18T07:16:28.831+0000] {dag.py:4180} INFO - Setting next_dagrun for example_task_group_decorator to None, run_after=None
[2026-05-18T07:16:28.865+0000] {processor.py:208} INFO - Processing /home/noelsdavid/airflow_venv/lib/python3.12/site-packages/airflow/example_dags/example_task_group_decorator.py took 0.117 seconds
[2026-05-18T07:17:45.543+0000] {processor.py:186} INFO - Started process (PID=17522) to work on /home/noelsdavid/airflow_venv/lib/python3.12/site-packages/airflow/example_dags/example_task_group_decorator.py
[2026-05-18T07:17:45.546+0000] {processor.py:914} INFO - Processing file /home/noelsdavid/airflow_venv/lib/python3.12/site-packages/airflow/example_dags/example_task_group_decorator.py for tasks to queue
[2026-05-18T07:17:45.548+0000] {logging_mixin.py:190} INFO - [2026-05-18T07:17:45.547+0000] {dagbag.py:588} INFO - Filling up the DagBag from /home/noelsdavid/airflow_venv/lib/python3.12/site-packages/airflow/example_dags/example_task_group_decorator.py
[2026-05-18T07:17:45.570+0000] {processor.py:925} INFO - DAG(s) 'example_task_group_decorator' retrieved from /home/noelsdavid/airflow_venv/lib/python3.12/site-packages/airflow/example_dags/example_task_group_decorator.py
[2026-05-18T07:17:45.598+0000] {logging_mixin.py:190} INFO - [2026-05-18T07:17:45.598+0000] {dag.py:3239} INFO - Sync 1 DAGs
[2026-05-18T07:17:45.615+0000] {logging_mixin.py:190} INFO - [2026-05-18T07:17:45.615+0000] {dag.py:4180} INFO - Setting next_dagrun for example_task_group_decorator to None, run_after=None
[2026-05-18T07:17:45.649+0000] {processor.py:208} INFO - Processing /home/noelsdavid/airflow_venv/lib/python3.12/site-packages/airflow/example_dags/example_task_group_decorator.py took 0.115 seconds
[2026-05-18T07:18:52.271+0000] {processor.py:186} INFO - Started process (PID=17598) to work on /home/noelsdavid/airflow_venv/lib/python3.12/site-packages/airflow/example_dags/example_task_group_decorator.py
[2026-05-18T07:18:52.273+0000] {processor.py:914} INFO - Processing file /home/noelsdavid/airflow_venv/lib/python3.12/site-packages/airflow/example_dags/example_task_group_decorator.py for tasks to queue
[2026-05-18T07:18:52.275+0000] {logging_mixin.py:190} INFO - [2026-05-18T07:18:52.275+0000] {dagbag.py:588} INFO - Filling up the DagBag from /home/noelsdavid/airflow_venv/lib/python3.12/site-packages/airflow/example_dags/example_task_group_decorator.py
[2026-05-18T07:18:52.296+0000] {processor.py:925} INFO - DAG(s) 'example_task_group_decorator' retrieved from /home/noelsdavid/airflow_venv/lib/python3.12/site-packages/airflow/example_dags/example_task_group_decorator.py
[2026-05-18T07:18:52.326+0000] {logging_mixin.py:190} INFO - [2026-05-18T07:18:52.325+0000] {dag.py:3239} INFO - Sync 1 DAGs
[2026-05-18T07:18:52.342+0000] {logging_mixin.py:190} INFO - [2026-05-18T07:18:52.342+0000] {dag.py:4180} INFO - Setting next_dagrun for example_task_group_decorator to None, run_after=None
[2026-05-18T07:18:52.374+0000] {processor.py:208} INFO - Processing /home/noelsdavid/airflow_venv/lib/python3.12/site-packages/airflow/example_dags/example_task_group_decorator.py took 0.114 seconds
[2026-05-18T07:20:03.613+0000] {processor.py:186} INFO - Started process (PID=17676) to work on /home/noelsdavid/airflow_venv/lib/python3.12/site-packages/airflow/example_dags/example_task_group_decorator.py
[2026-05-18T07:20:03.619+0000] {processor.py:914} INFO - Processing file /home/noelsdavid/airflow_venv/lib/python3.12/site-packages/airflow/example_dags/example_task_group_decorator.py for tasks to queue
[2026-05-18T07:20:03.624+0000] {logging_mixin.py:190} INFO - [2026-05-18T07:20:03.622+0000] {dagbag.py:588} INFO - Filling up the DagBag from /home/noelsdavid/airflow_venv/lib/python3.12/site-packages/airflow/example_dags/example_task_group_decorator.py
[2026-05-18T07:20:03.672+0000] {processor.py:925} INFO - DAG(s) 'example_task_group_decorator' retrieved from /home/noelsdavid/airflow_venv/lib/python3.12/site-packages/airflow/example_dags/example_task_group_decorator.py
[2026-05-18T07:20:03.740+0000] {logging_mixin.py:190} INFO - [2026-05-18T07:20:03.736+0000] {dag.py:3239} INFO - Sync 1 DAGs
[2026-05-18T07:20:03.776+0000] {logging_mixin.py:190} INFO - [2026-05-18T07:20:03.775+0000] {dag.py:4180} INFO - Setting next_dagrun for example_task_group_decorator to None, run_after=None
[2026-05-18T07:20:03.829+0000] {processor.py:208} INFO - Processing /home/noelsdavid/airflow_venv/lib/python3.12/site-packages/airflow/example_dags/example_task_group_decorator.py took 0.236 seconds
[2026-05-18T07:21:16.634+0000] {processor.py:186} INFO - Started process (PID=17779) to work on /home/noelsdavid/airflow_venv/lib/python3.12/site-packages/airflow/example_dags/example_task_group_decorator.py
[2026-05-18T07:21:16.636+0000] {processor.py:914} INFO - Processing file /home/noelsdavid/airflow_venv/lib/python3.12/site-packages/airflow/example_dags/example_task_group_decorator.py for tasks to queue
[2026-05-18T07:21:16.639+0000] {logging_mixin.py:190} INFO - [2026-05-18T07:21:16.638+0000] {dagbag.py:588} INFO - Filling up the DagBag from /home/noelsdavid/airflow_venv/lib/python3.12/site-packages/airflow/example_dags/example_task_group_decorator.py
[2026-05-18T07:21:16.660+0000] {processor.py:925} INFO - DAG(s) 'example_task_group_decorator' retrieved from /home/noelsdavid/airflow_venv/lib/python3.12/site-packages/airflow/example_dags/example_task_group_decorator.py
[2026-05-18T07:21:16.691+0000] {logging_mixin.py:190} INFO - [2026-05-18T07:21:16.690+0000] {dag.py:3239} INFO - Sync 1 DAGs
[2026-05-18T07:21:16.709+0000] {logging_mixin.py:190} INFO - [2026-05-18T07:21:16.709+0000] {dag.py:4180} INFO - Setting next_dagrun for example_task_group_decorator to None, run_after=None
[2026-05-18T07:21:16.740+0000] {processor.py:208} INFO - Processing /home/noelsdavid/airflow_venv/lib/python3.12/site-packages/airflow/example_dags/example_task_group_decorator.py took 0.118 seconds
[2026-05-18T07:22:28.073+0000] {processor.py:186} INFO - Started process (PID=17861) to work on /home/noelsdavid/airflow_venv/lib/python3.12/site-packages/airflow/example_dags/example_task_group_decorator.py
[2026-05-18T07:22:28.088+0000] {processor.py:914} INFO - Processing file /home/noelsdavid/airflow_venv/lib/python3.12/site-packages/airflow/example_dags/example_task_group_decorator.py for tasks to queue
[2026-05-18T07:22:28.090+0000] {logging_mixin.py:190} INFO - [2026-05-18T07:22:28.089+0000] {dagbag.py:588} INFO - Filling up the DagBag from /home/noelsdavid/airflow_venv/lib/python3.12/site-packages/airflow/example_dags/example_task_group_decorator.py
[2026-05-18T07:22:28.111+0000] {processor.py:925} INFO - DAG(s) 'example_task_group_decorator' retrieved from /home/noelsdavid/airflow_venv/lib/python3.12/site-packages/airflow/example_dags/example_task_group_decorator.py
[2026-05-18T07:22:28.141+0000] {logging_mixin.py:190} INFO - [2026-05-18T07:22:28.140+0000] {dag.py:3239} INFO - Sync 1 DAGs
[2026-05-18T07:22:28.159+0000] {logging_mixin.py:190} INFO - [2026-05-18T07:22:28.159+0000] {dag.py:4180} INFO - Setting next_dagrun for example_task_group_decorator to None, run_after=None
[2026-05-18T07:22:28.192+0000] {processor.py:208} INFO - Processing /home/noelsdavid/airflow_venv/lib/python3.12/site-packages/airflow/example_dags/example_task_group_decorator.py took 0.129 seconds
[2026-05-18T07:23:41.315+0000] {processor.py:186} INFO - Started process (PID=17940) to work on /home/noelsdavid/airflow_venv/lib/python3.12/site-packages/airflow/example_dags/example_task_group_decorator.py
[2026-05-18T07:23:41.371+0000] {processor.py:914} INFO - Processing file /home/noelsdavid/airflow_venv/lib/python3.12/site-packages/airflow/example_dags/example_task_group_decorator.py for tasks to queue
[2026-05-18T07:23:41.373+0000] {logging_mixin.py:190} INFO - [2026-05-18T07:23:41.372+0000] {dagbag.py:588} INFO - Filling up the DagBag from /home/noelsdavid/airflow_venv/lib/python3.12/site-packages/airflow/example_dags/example_task_group_decorator.py
[2026-05-18T07:23:41.394+0000] {processor.py:925} INFO - DAG(s) 'example_task_group_decorator' retrieved from /home/noelsdavid/airflow_venv/lib/python3.12/site-packages/airflow/example_dags/example_task_group_decorator.py
[2026-05-18T07:23:41.424+0000] {logging_mixin.py:190} INFO - [2026-05-18T07:23:41.424+0000] {dag.py:3239} INFO - Sync 1 DAGs
[2026-05-18T07:23:41.441+0000] {logging_mixin.py:190} INFO - [2026-05-18T07:23:41.441+0000] {dag.py:4180} INFO - Setting next_dagrun for example_task_group_decorator to None, run_after=None
[2026-05-18T07:23:41.475+0000] {processor.py:208} INFO - Processing /home/noelsdavid/airflow_venv/lib/python3.12/site-packages/airflow/example_dags/example_task_group_decorator.py took 0.172 seconds
[2026-05-18T07:24:54.853+0000] {processor.py:186} INFO - Started process (PID=18020) to work on /home/noelsdavid/airflow_venv/lib/python3.12/site-packages/airflow/example_dags/example_task_group_decorator.py
[2026-05-18T07:24:54.855+0000] {processor.py:914} INFO - Processing file /home/noelsdavid/airflow_venv/lib/python3.12/site-packages/airflow/example_dags/example_task_group_decorator.py for tasks to queue
[2026-05-18T07:24:54.857+0000] {logging_mixin.py:190} INFO - [2026-05-18T07:24:54.856+0000] {dagbag.py:588} INFO - Filling up the DagBag from /home/noelsdavid/airflow_venv/lib/python3.12/site-packages/airflow/example_dags/example_task_group_decorator.py
[2026-05-18T07:24:54.878+0000] {processor.py:925} INFO - DAG(s) 'example_task_group_decorator' retrieved from /home/noelsdavid/airflow_venv/lib/python3.12/site-packages/airflow/example_dags/example_task_group_decorator.py
[2026-05-18T07:24:54.908+0000] {logging_mixin.py:190} INFO - [2026-05-18T07:24:54.908+0000] {dag.py:3239} INFO - Sync 1 DAGs
[2026-05-18T07:24:54.927+0000] {logging_mixin.py:190} INFO - [2026-05-18T07:24:54.927+0000] {dag.py:4180} INFO - Setting next_dagrun for example_task_group_decorator to None, run_after=None
[2026-05-18T07:24:54.958+0000] {processor.py:208} INFO - Processing /home/noelsdavid/airflow_venv/lib/python3.12/site-packages/airflow/example_dags/example_task_group_decorator.py took 0.116 seconds
[2026-05-18T07:25:59.733+0000] {processor.py:186} INFO - Started process (PID=18116) to work on /home/noelsdavid/airflow_venv/lib/python3.12/site-packages/airflow/example_dags/example_task_group_decorator.py
[2026-05-18T07:25:59.735+0000] {processor.py:914} INFO - Processing file /home/noelsdavid/airflow_venv/lib/python3.12/site-packages/airflow/example_dags/example_task_group_decorator.py for tasks to queue
[2026-05-18T07:25:59.738+0000] {logging_mixin.py:190} INFO - [2026-05-18T07:25:59.737+0000] {dagbag.py:588} INFO - Filling up the DagBag from /home/noelsdavid/airflow_venv/lib/python3.12/site-packages/airflow/example_dags/example_task_group_decorator.py
[2026-05-18T07:25:59.759+0000] {processor.py:925} INFO - DAG(s) 'example_task_group_decorator' retrieved from /home/noelsdavid/airflow_venv/lib/python3.12/site-packages/airflow/example_dags/example_task_group_decorator.py
[2026-05-18T07:25:59.789+0000] {logging_mixin.py:190} INFO - [2026-05-18T07:25:59.789+0000] {dag.py:3239} INFO - Sync 1 DAGs
[2026-05-18T07:25:59.807+0000] {logging_mixin.py:190} INFO - [2026-05-18T07:25:59.807+0000] {dag.py:4180} INFO - Setting next_dagrun for example_task_group_decorator to None, run_after=None
[2026-05-18T07:25:59.839+0000] {processor.py:208} INFO - Processing /home/noelsdavid/airflow_venv/lib/python3.12/site-packages/airflow/example_dags/example_task_group_decorator.py took 0.117 seconds
[2026-05-18T07:27:10.328+0000] {processor.py:186} INFO - Started process (PID=18193) to work on /home/noelsdavid/airflow_venv/lib/python3.12/site-packages/airflow/example_dags/example_task_group_decorator.py
[2026-05-18T07:27:10.331+0000] {processor.py:914} INFO - Processing file /home/noelsdavid/airflow_venv/lib/python3.12/site-packages/airflow/example_dags/example_task_group_decorator.py for tasks to queue
[2026-05-18T07:27:10.333+0000] {logging_mixin.py:190} INFO - [2026-05-18T07:27:10.332+0000] {dagbag.py:588} INFO - Filling up the DagBag from /home/noelsdavid/airflow_venv/lib/python3.12/site-packages/airflow/example_dags/example_task_group_decorator.py
[2026-05-18T07:27:10.358+0000] {processor.py:925} INFO - DAG(s) 'example_task_group_decorator' retrieved from /home/noelsdavid/airflow_venv/lib/python3.12/site-packages/airflow/example_dags/example_task_group_decorator.py
[2026-05-18T07:27:10.388+0000] {logging_mixin.py:190} INFO - [2026-05-18T07:27:10.388+0000] {dag.py:3239} INFO - Sync 1 DAGs
[2026-05-18T07:27:10.406+0000] {logging_mixin.py:190} INFO - [2026-05-18T07:27:10.406+0000] {dag.py:4180} INFO - Setting next_dagrun for example_task_group_decorator to None, run_after=None
[2026-05-18T07:27:10.444+0000] {processor.py:208} INFO - Processing /home/noelsdavid/airflow_venv/lib/python3.12/site-packages/airflow/example_dags/example_task_group_decorator.py took 0.128 seconds
[2026-05-18T07:28:21.766+0000] {processor.py:186} INFO - Started process (PID=18271) to work on /home/noelsdavid/airflow_venv/lib/python3.12/site-packages/airflow/example_dags/example_task_group_decorator.py
[2026-05-18T07:28:21.782+0000] {processor.py:914} INFO - Processing file /home/noelsdavid/airflow_venv/lib/python3.12/site-packages/airflow/example_dags/example_task_group_decorator.py for tasks to queue
[2026-05-18T07:28:21.784+0000] {logging_mixin.py:190} INFO - [2026-05-18T07:28:21.783+0000] {dagbag.py:588} INFO - Filling up the DagBag from /home/noelsdavid/airflow_venv/lib/python3.12/site-packages/airflow/example_dags/example_task_group_decorator.py
[2026-05-18T07:28:21.804+0000] {processor.py:925} INFO - DAG(s) 'example_task_group_decorator' retrieved from /home/noelsdavid/airflow_venv/lib/python3.12/site-packages/airflow/example_dags/example_task_group_decorator.py
[2026-05-18T07:28:21.839+0000] {logging_mixin.py:190} INFO - [2026-05-18T07:28:21.838+0000] {dag.py:3239} INFO - Sync 1 DAGs
[2026-05-18T07:28:21.857+0000] {logging_mixin.py:190} INFO - [2026-05-18T07:28:21.857+0000] {dag.py:4180} INFO - Setting next_dagrun for example_task_group_decorator to None, run_after=None
[2026-05-18T07:28:21.889+0000] {processor.py:208} INFO - Processing /home/noelsdavid/airflow_venv/lib/python3.12/site-packages/airflow/example_dags/example_task_group_decorator.py took 0.139 seconds
[2026-05-18T07:29:34.790+0000] {processor.py:186} INFO - Started process (PID=18350) to work on /home/noelsdavid/airflow_venv/lib/python3.12/site-packages/airflow/example_dags/example_task_group_decorator.py
[2026-05-18T07:29:34.808+0000] {processor.py:914} INFO - Processing file /home/noelsdavid/airflow_venv/lib/python3.12/site-packages/airflow/example_dags/example_task_group_decorator.py for tasks to queue
[2026-05-18T07:29:34.811+0000] {logging_mixin.py:190} INFO - [2026-05-18T07:29:34.810+0000] {dagbag.py:588} INFO - Filling up the DagBag from /home/noelsdavid/airflow_venv/lib/python3.12/site-packages/airflow/example_dags/example_task_group_decorator.py
[2026-05-18T07:29:34.832+0000] {processor.py:925} INFO - DAG(s) 'example_task_group_decorator' retrieved from /home/noelsdavid/airflow_venv/lib/python3.12/site-packages/airflow/example_dags/example_task_group_decorator.py
[2026-05-18T07:29:34.860+0000] {logging_mixin.py:190} INFO - [2026-05-18T07:29:34.860+0000] {dag.py:3239} INFO - Sync 1 DAGs
[2026-05-18T07:29:34.878+0000] {logging_mixin.py:190} INFO - [2026-05-18T07:29:34.878+0000] {dag.py:4180} INFO - Setting next_dagrun for example_task_group_decorator to None, run_after=None
[2026-05-18T07:29:34.911+0000] {processor.py:208} INFO - Processing /home/noelsdavid/airflow_venv/lib/python3.12/site-packages/airflow/example_dags/example_task_group_decorator.py took 0.133 seconds
[2026-05-18T07:30:44.692+0000] {processor.py:186} INFO - Started process (PID=18457) to work on /home/noelsdavid/airflow_venv/lib/python3.12/site-packages/airflow/example_dags/example_task_group_decorator.py
[2026-05-18T07:30:44.695+0000] {processor.py:914} INFO - Processing file /home/noelsdavid/airflow_venv/lib/python3.12/site-packages/airflow/example_dags/example_task_group_decorator.py for tasks to queue
[2026-05-18T07:30:44.697+0000] {logging_mixin.py:190} INFO - [2026-05-18T07:30:44.697+0000] {dagbag.py:588} INFO - Filling up the DagBag from /home/noelsdavid/airflow_venv/lib/python3.12/site-packages/airflow/example_dags/example_task_group_decorator.py
[2026-05-18T07:30:44.719+0000] {processor.py:925} INFO - DAG(s) 'example_task_group_decorator' retrieved from /home/noelsdavid/airflow_venv/lib/python3.12/site-packages/airflow/example_dags/example_task_group_decorator.py
[2026-05-18T07:30:44.747+0000] {logging_mixin.py:190} INFO - [2026-05-18T07:30:44.747+0000] {dag.py:3239} INFO - Sync 1 DAGs
[2026-05-18T07:30:44.766+0000] {logging_mixin.py:190} INFO - [2026-05-18T07:30:44.766+0000] {dag.py:4180} INFO - Setting next_dagrun for example_task_group_decorator to None, run_after=None
[2026-05-18T07:30:44.801+0000] {processor.py:208} INFO - Processing /home/noelsdavid/airflow_venv/lib/python3.12/site-packages/airflow/example_dags/example_task_group_decorator.py took 0.119 seconds
[2026-05-18T07:31:56.057+0000] {processor.py:186} INFO - Started process (PID=18535) to work on /home/noelsdavid/airflow_venv/lib/python3.12/site-packages/airflow/example_dags/example_task_group_decorator.py
[2026-05-18T07:31:56.129+0000] {processor.py:914} INFO - Processing file /home/noelsdavid/airflow_venv/lib/python3.12/site-packages/airflow/example_dags/example_task_group_decorator.py for tasks to queue
[2026-05-18T07:31:56.131+0000] {logging_mixin.py:190} INFO - [2026-05-18T07:31:56.130+0000] {dagbag.py:588} INFO - Filling up the DagBag from /home/noelsdavid/airflow_venv/lib/python3.12/site-packages/airflow/example_dags/example_task_group_decorator.py
[2026-05-18T07:31:56.153+0000] {processor.py:925} INFO - DAG(s) 'example_task_group_decorator' retrieved from /home/noelsdavid/airflow_venv/lib/python3.12/site-packages/airflow/example_dags/example_task_group_decorator.py
[2026-05-18T07:31:56.183+0000] {logging_mixin.py:190} INFO - [2026-05-18T07:31:56.182+0000] {dag.py:3239} INFO - Sync 1 DAGs
[2026-05-18T07:31:56.202+0000] {logging_mixin.py:190} INFO - [2026-05-18T07:31:56.202+0000] {dag.py:4180} INFO - Setting next_dagrun for example_task_group_decorator to None, run_after=None
[2026-05-18T07:31:56.233+0000] {processor.py:208} INFO - Processing /home/noelsdavid/airflow_venv/lib/python3.12/site-packages/airflow/example_dags/example_task_group_decorator.py took 0.186 seconds
[2026-05-18T07:33:04.552+0000] {processor.py:186} INFO - Started process (PID=18612) to work on /home/noelsdavid/airflow_venv/lib/python3.12/site-packages/airflow/example_dags/example_task_group_decorator.py
[2026-05-18T07:33:04.613+0000] {processor.py:914} INFO - Processing file /home/noelsdavid/airflow_venv/lib/python3.12/site-packages/airflow/example_dags/example_task_group_decorator.py for tasks to queue
[2026-05-18T07:33:04.615+0000] {logging_mixin.py:190} INFO - [2026-05-18T07:33:04.614+0000] {dagbag.py:588} INFO - Filling up the DagBag from /home/noelsdavid/airflow_venv/lib/python3.12/site-packages/airflow/example_dags/example_task_group_decorator.py
[2026-05-18T07:33:04.637+0000] {processor.py:925} INFO - DAG(s) 'example_task_group_decorator' retrieved from /home/noelsdavid/airflow_venv/lib/python3.12/site-packages/airflow/example_dags/example_task_group_decorator.py
[2026-05-18T07:33:04.666+0000] {logging_mixin.py:190} INFO - [2026-05-18T07:33:04.665+0000] {dag.py:3239} INFO - Sync 1 DAGs
[2026-05-18T07:33:04.685+0000] {logging_mixin.py:190} INFO - [2026-05-18T07:33:04.684+0000] {dag.py:4180} INFO - Setting next_dagrun for example_task_group_decorator to None, run_after=None
[2026-05-18T07:33:04.722+0000] {processor.py:208} INFO - Processing /home/noelsdavid/airflow_venv/lib/python3.12/site-packages/airflow/example_dags/example_task_group_decorator.py took 0.181 seconds
[2026-05-18T07:34:13.617+0000] {processor.py:186} INFO - Started process (PID=18688) to work on /home/noelsdavid/airflow_venv/lib/python3.12/site-packages/airflow/example_dags/example_task_group_decorator.py
[2026-05-18T07:34:13.619+0000] {processor.py:914} INFO - Processing file /home/noelsdavid/airflow_venv/lib/python3.12/site-packages/airflow/example_dags/example_task_group_decorator.py for tasks to queue
[2026-05-18T07:34:13.621+0000] {logging_mixin.py:190} INFO - [2026-05-18T07:34:13.620+0000] {dagbag.py:588} INFO - Filling up the DagBag from /home/noelsdavid/airflow_venv/lib/python3.12/site-packages/airflow/example_dags/example_task_group_decorator.py
[2026-05-18T07:34:13.644+0000] {processor.py:925} INFO - DAG(s) 'example_task_group_decorator' retrieved from /home/noelsdavid/airflow_venv/lib/python3.12/site-packages/airflow/example_dags/example_task_group_decorator.py
[2026-05-18T07:34:13.672+0000] {logging_mixin.py:190} INFO - [2026-05-18T07:34:13.671+0000] {dag.py:3239} INFO - Sync 1 DAGs
[2026-05-18T07:34:13.689+0000] {logging_mixin.py:190} INFO - [2026-05-18T07:34:13.688+0000] {dag.py:4180} INFO - Setting next_dagrun for example_task_group_decorator to None, run_after=None
[2026-05-18T07:34:13.725+0000] {processor.py:208} INFO - Processing /home/noelsdavid/airflow_venv/lib/python3.12/site-packages/airflow/example_dags/example_task_group_decorator.py took 0.119 seconds
[2026-05-18T07:35:29.979+0000] {processor.py:186} INFO - Started process (PID=18791) to work on /home/noelsdavid/airflow_venv/lib/python3.12/site-packages/airflow/example_dags/example_task_group_decorator.py
[2026-05-18T07:35:29.981+0000] {processor.py:914} INFO - Processing file /home/noelsdavid/airflow_venv/lib/python3.12/site-packages/airflow/example_dags/example_task_group_decorator.py for tasks to queue
[2026-05-18T07:35:29.984+0000] {logging_mixin.py:190} INFO - [2026-05-18T07:35:29.983+0000] {dagbag.py:588} INFO - Filling up the DagBag from /home/noelsdavid/airflow_venv/lib/python3.12/site-packages/airflow/example_dags/example_task_group_decorator.py
[2026-05-18T07:35:30.005+0000] {processor.py:925} INFO - DAG(s) 'example_task_group_decorator' retrieved from /home/noelsdavid/airflow_venv/lib/python3.12/site-packages/airflow/example_dags/example_task_group_decorator.py
[2026-05-18T07:35:30.035+0000] {logging_mixin.py:190} INFO - [2026-05-18T07:35:30.034+0000] {dag.py:3239} INFO - Sync 1 DAGs
[2026-05-18T07:35:30.052+0000] {logging_mixin.py:190} INFO - [2026-05-18T07:35:30.051+0000] {dag.py:4180} INFO - Setting next_dagrun for example_task_group_decorator to None, run_after=None
[2026-05-18T07:35:30.085+0000] {processor.py:208} INFO - Processing /home/noelsdavid/airflow_venv/lib/python3.12/site-packages/airflow/example_dags/example_task_group_decorator.py took 0.116 seconds
[2026-05-18T07:36:37.112+0000] {processor.py:186} INFO - Started process (PID=18867) to work on /home/noelsdavid/airflow_venv/lib/python3.12/site-packages/airflow/example_dags/example_task_group_decorator.py
[2026-05-18T07:36:37.115+0000] {processor.py:914} INFO - Processing file /home/noelsdavid/airflow_venv/lib/python3.12/site-packages/airflow/example_dags/example_task_group_decorator.py for tasks to queue
[2026-05-18T07:36:37.117+0000] {logging_mixin.py:190} INFO - [2026-05-18T07:36:37.116+0000] {dagbag.py:588} INFO - Filling up the DagBag from /home/noelsdavid/airflow_venv/lib/python3.12/site-packages/airflow/example_dags/example_task_group_decorator.py
[2026-05-18T07:36:37.142+0000] {processor.py:925} INFO - DAG(s) 'example_task_group_decorator' retrieved from /home/noelsdavid/airflow_venv/lib/python3.12/site-packages/airflow/example_dags/example_task_group_decorator.py
[2026-05-18T07:36:37.170+0000] {logging_mixin.py:190} INFO - [2026-05-18T07:36:37.169+0000] {dag.py:3239} INFO - Sync 1 DAGs
[2026-05-18T07:36:37.188+0000] {logging_mixin.py:190} INFO - [2026-05-18T07:36:37.187+0000] {dag.py:4180} INFO - Setting next_dagrun for example_task_group_decorator to None, run_after=None
[2026-05-18T07:36:37.224+0000] {processor.py:208} INFO - Processing /home/noelsdavid/airflow_venv/lib/python3.12/site-packages/airflow/example_dags/example_task_group_decorator.py took 0.123 seconds
[2026-05-18T07:37:48.967+0000] {processor.py:186} INFO - Started process (PID=18945) to work on /home/noelsdavid/airflow_venv/lib/python3.12/site-packages/airflow/example_dags/example_task_group_decorator.py
[2026-05-18T07:37:48.970+0000] {processor.py:914} INFO - Processing file /home/noelsdavid/airflow_venv/lib/python3.12/site-packages/airflow/example_dags/example_task_group_decorator.py for tasks to queue
[2026-05-18T07:37:48.972+0000] {logging_mixin.py:190} INFO - [2026-05-18T07:37:48.971+0000] {dagbag.py:588} INFO - Filling up the DagBag from /home/noelsdavid/airflow_venv/lib/python3.12/site-packages/airflow/example_dags/example_task_group_decorator.py
[2026-05-18T07:37:48.993+0000] {processor.py:925} INFO - DAG(s) 'example_task_group_decorator' retrieved from /home/noelsdavid/airflow_venv/lib/python3.12/site-packages/airflow/example_dags/example_task_group_decorator.py
[2026-05-18T07:37:49.025+0000] {logging_mixin.py:190} INFO - [2026-05-18T07:37:49.025+0000] {dag.py:3239} INFO - Sync 1 DAGs
[2026-05-18T07:37:49.042+0000] {logging_mixin.py:190} INFO - [2026-05-18T07:37:49.042+0000] {dag.py:4180} INFO - Setting next_dagrun for example_task_group_decorator to None, run_after=None
[2026-05-18T07:37:49.077+0000] {processor.py:208} INFO - Processing /home/noelsdavid/airflow_venv/lib/python3.12/site-packages/airflow/example_dags/example_task_group_decorator.py took 0.121 seconds
[2026-05-18T07:38:56.462+0000] {processor.py:186} INFO - Started process (PID=19022) to work on /home/noelsdavid/airflow_venv/lib/python3.12/site-packages/airflow/example_dags/example_task_group_decorator.py
[2026-05-18T07:38:56.464+0000] {processor.py:914} INFO - Processing file /home/noelsdavid/airflow_venv/lib/python3.12/site-packages/airflow/example_dags/example_task_group_decorator.py for tasks to queue
[2026-05-18T07:38:56.466+0000] {logging_mixin.py:190} INFO - [2026-05-18T07:38:56.466+0000] {dagbag.py:588} INFO - Filling up the DagBag from /home/noelsdavid/airflow_venv/lib/python3.12/site-packages/airflow/example_dags/example_task_group_decorator.py
[2026-05-18T07:38:56.488+0000] {processor.py:925} INFO - DAG(s) 'example_task_group_decorator' retrieved from /home/noelsdavid/airflow_venv/lib/python3.12/site-packages/airflow/example_dags/example_task_group_decorator.py
[2026-05-18T07:38:56.519+0000] {logging_mixin.py:190} INFO - [2026-05-18T07:38:56.519+0000] {dag.py:3239} INFO - Sync 1 DAGs
[2026-05-18T07:38:56.537+0000] {logging_mixin.py:190} INFO - [2026-05-18T07:38:56.537+0000] {dag.py:4180} INFO - Setting next_dagrun for example_task_group_decorator to None, run_after=None
[2026-05-18T07:38:56.570+0000] {processor.py:208} INFO - Processing /home/noelsdavid/airflow_venv/lib/python3.12/site-packages/airflow/example_dags/example_task_group_decorator.py took 0.119 seconds
[2026-05-18T07:40:10.824+0000] {processor.py:186} INFO - Started process (PID=19100) to work on /home/noelsdavid/airflow_venv/lib/python3.12/site-packages/airflow/example_dags/example_task_group_decorator.py
[2026-05-18T07:40:10.839+0000] {processor.py:914} INFO - Processing file /home/noelsdavid/airflow_venv/lib/python3.12/site-packages/airflow/example_dags/example_task_group_decorator.py for tasks to queue
[2026-05-18T07:40:10.841+0000] {logging_mixin.py:190} INFO - [2026-05-18T07:40:10.841+0000] {dagbag.py:588} INFO - Filling up the DagBag from /home/noelsdavid/airflow_venv/lib/python3.12/site-packages/airflow/example_dags/example_task_group_decorator.py
[2026-05-18T07:40:10.863+0000] {processor.py:925} INFO - DAG(s) 'example_task_group_decorator' retrieved from /home/noelsdavid/airflow_venv/lib/python3.12/site-packages/airflow/example_dags/example_task_group_decorator.py
[2026-05-18T07:40:10.891+0000] {logging_mixin.py:190} INFO - [2026-05-18T07:40:10.890+0000] {dag.py:3239} INFO - Sync 1 DAGs
[2026-05-18T07:40:10.908+0000] {logging_mixin.py:190} INFO - [2026-05-18T07:40:10.908+0000] {dag.py:4180} INFO - Setting next_dagrun for example_task_group_decorator to None, run_after=None
[2026-05-18T07:40:10.940+0000] {processor.py:208} INFO - Processing /home/noelsdavid/airflow_venv/lib/python3.12/site-packages/airflow/example_dags/example_task_group_decorator.py took 0.126 seconds
