[2026-05-18T06:00:35.260+0000] {processor.py:186} INFO - Started process (PID=6914) to work on /home/noelsdavid/airflow_venv/lib/python3.12/site-packages/airflow/example_dags/example_setup_teardown_taskflow.py
[2026-05-18T06:00:35.261+0000] {processor.py:914} INFO - Processing file /home/noelsdavid/airflow_venv/lib/python3.12/site-packages/airflow/example_dags/example_setup_teardown_taskflow.py for tasks to queue
[2026-05-18T06:00:35.264+0000] {logging_mixin.py:190} INFO - [2026-05-18T06:00:35.263+0000] {dagbag.py:588} INFO - Filling up the DagBag from /home/noelsdavid/airflow_venv/lib/python3.12/site-packages/airflow/example_dags/example_setup_teardown_taskflow.py
[2026-05-18T06:00:35.277+0000] {processor.py:925} INFO - DAG(s) 'example_setup_teardown_taskflow' retrieved from /home/noelsdavid/airflow_venv/lib/python3.12/site-packages/airflow/example_dags/example_setup_teardown_taskflow.py
[2026-05-18T06:00:35.413+0000] {logging_mixin.py:190} INFO - [2026-05-18T06:00:35.412+0000] {override.py:1911} INFO - Created Permission View: can edit on DAG:example_setup_teardown_taskflow
[2026-05-18T06:00:35.429+0000] {logging_mixin.py:190} INFO - [2026-05-18T06:00:35.429+0000] {override.py:1911} INFO - Created Permission View: can delete on DAG:example_setup_teardown_taskflow
[2026-05-18T06:00:35.442+0000] {logging_mixin.py:190} INFO - [2026-05-18T06:00:35.442+0000] {override.py:1911} INFO - Created Permission View: can read on DAG:example_setup_teardown_taskflow
[2026-05-18T06:00:35.465+0000] {logging_mixin.py:190} INFO - [2026-05-18T06:00:35.465+0000] {override.py:1911} INFO - Created Permission View: can delete on DAG Run:example_setup_teardown_taskflow
[2026-05-18T06:00:35.479+0000] {logging_mixin.py:190} INFO - [2026-05-18T06:00:35.478+0000] {override.py:1911} INFO - Created Permission View: menu access on DAG Run:example_setup_teardown_taskflow
[2026-05-18T06:00:35.492+0000] {logging_mixin.py:190} INFO - [2026-05-18T06:00:35.492+0000] {override.py:1911} INFO - Created Permission View: can create on DAG Run:example_setup_teardown_taskflow
[2026-05-18T06:00:35.507+0000] {logging_mixin.py:190} INFO - [2026-05-18T06:00:35.506+0000] {override.py:1911} INFO - Created Permission View: can read on DAG Run:example_setup_teardown_taskflow
[2026-05-18T06:00:35.507+0000] {logging_mixin.py:190} INFO - [2026-05-18T06:00:35.507+0000] {dag.py:3239} INFO - Sync 1 DAGs
[2026-05-18T06:00:35.524+0000] {logging_mixin.py:190} INFO - [2026-05-18T06:00:35.523+0000] {dag.py:3262} INFO - Creating ORM DAG for example_setup_teardown_taskflow
[2026-05-18T06:00:35.525+0000] {logging_mixin.py:190} INFO - [2026-05-18T06:00:35.524+0000] {dag.py:4180} INFO - Setting next_dagrun for example_setup_teardown_taskflow to None, run_after=None
[2026-05-18T06:00:35.555+0000] {processor.py:208} INFO - Processing /home/noelsdavid/airflow_venv/lib/python3.12/site-packages/airflow/example_dags/example_setup_teardown_taskflow.py took 0.304 seconds
[2026-05-18T06:01:44.009+0000] {processor.py:186} INFO - Started process (PID=6973) to work on /home/noelsdavid/airflow_venv/lib/python3.12/site-packages/airflow/example_dags/example_setup_teardown_taskflow.py
[2026-05-18T06:01:44.011+0000] {processor.py:914} INFO - Processing file /home/noelsdavid/airflow_venv/lib/python3.12/site-packages/airflow/example_dags/example_setup_teardown_taskflow.py for tasks to queue
[2026-05-18T06:01:44.014+0000] {logging_mixin.py:190} INFO - [2026-05-18T06:01:44.014+0000] {dagbag.py:588} INFO - Filling up the DagBag from /home/noelsdavid/airflow_venv/lib/python3.12/site-packages/airflow/example_dags/example_setup_teardown_taskflow.py
[2026-05-18T06:01:44.028+0000] {processor.py:925} INFO - DAG(s) 'example_setup_teardown_taskflow' retrieved from /home/noelsdavid/airflow_venv/lib/python3.12/site-packages/airflow/example_dags/example_setup_teardown_taskflow.py
[2026-05-18T06:01:44.051+0000] {logging_mixin.py:190} INFO - [2026-05-18T06:01:44.051+0000] {dag.py:3239} INFO - Sync 1 DAGs
[2026-05-18T06:01:44.066+0000] {logging_mixin.py:190} INFO - [2026-05-18T06:01:44.066+0000] {dag.py:4180} INFO - Setting next_dagrun for example_setup_teardown_taskflow to None, run_after=None
[2026-05-18T06:01:44.096+0000] {processor.py:208} INFO - Processing /home/noelsdavid/airflow_venv/lib/python3.12/site-packages/airflow/example_dags/example_setup_teardown_taskflow.py took 0.094 seconds
[2026-05-18T06:02:43.385+0000] {processor.py:186} INFO - Started process (PID=7033) to work on /home/noelsdavid/airflow_venv/lib/python3.12/site-packages/airflow/example_dags/example_setup_teardown_taskflow.py
[2026-05-18T06:02:43.388+0000] {processor.py:914} INFO - Processing file /home/noelsdavid/airflow_venv/lib/python3.12/site-packages/airflow/example_dags/example_setup_teardown_taskflow.py for tasks to queue
[2026-05-18T06:02:43.391+0000] {logging_mixin.py:190} INFO - [2026-05-18T06:02:43.390+0000] {dagbag.py:588} INFO - Filling up the DagBag from /home/noelsdavid/airflow_venv/lib/python3.12/site-packages/airflow/example_dags/example_setup_teardown_taskflow.py
[2026-05-18T06:02:43.406+0000] {processor.py:925} INFO - DAG(s) 'example_setup_teardown_taskflow' retrieved from /home/noelsdavid/airflow_venv/lib/python3.12/site-packages/airflow/example_dags/example_setup_teardown_taskflow.py
[2026-05-18T06:02:43.429+0000] {logging_mixin.py:190} INFO - [2026-05-18T06:02:43.429+0000] {dag.py:3239} INFO - Sync 1 DAGs
[2026-05-18T06:02:43.445+0000] {logging_mixin.py:190} INFO - [2026-05-18T06:02:43.445+0000] {dag.py:4180} INFO - Setting next_dagrun for example_setup_teardown_taskflow to None, run_after=None
[2026-05-18T06:02:43.474+0000] {processor.py:208} INFO - Processing /home/noelsdavid/airflow_venv/lib/python3.12/site-packages/airflow/example_dags/example_setup_teardown_taskflow.py took 0.097 seconds
[2026-05-18T06:03:43.056+0000] {processor.py:186} INFO - Started process (PID=7092) to work on /home/noelsdavid/airflow_venv/lib/python3.12/site-packages/airflow/example_dags/example_setup_teardown_taskflow.py
[2026-05-18T06:03:43.061+0000] {processor.py:914} INFO - Processing file /home/noelsdavid/airflow_venv/lib/python3.12/site-packages/airflow/example_dags/example_setup_teardown_taskflow.py for tasks to queue
[2026-05-18T06:03:43.069+0000] {logging_mixin.py:190} INFO - [2026-05-18T06:03:43.067+0000] {dagbag.py:588} INFO - Filling up the DagBag from /home/noelsdavid/airflow_venv/lib/python3.12/site-packages/airflow/example_dags/example_setup_teardown_taskflow.py
[2026-05-18T06:03:43.100+0000] {processor.py:925} INFO - DAG(s) 'example_setup_teardown_taskflow' retrieved from /home/noelsdavid/airflow_venv/lib/python3.12/site-packages/airflow/example_dags/example_setup_teardown_taskflow.py
[2026-05-18T06:03:43.158+0000] {logging_mixin.py:190} INFO - [2026-05-18T06:03:43.157+0000] {dag.py:3239} INFO - Sync 1 DAGs
[2026-05-18T06:03:43.194+0000] {logging_mixin.py:190} INFO - [2026-05-18T06:03:43.193+0000] {dag.py:4180} INFO - Setting next_dagrun for example_setup_teardown_taskflow to None, run_after=None
[2026-05-18T06:03:43.241+0000] {processor.py:208} INFO - Processing /home/noelsdavid/airflow_venv/lib/python3.12/site-packages/airflow/example_dags/example_setup_teardown_taskflow.py took 0.204 seconds
[2026-05-18T06:04:43.811+0000] {processor.py:186} INFO - Started process (PID=7150) to work on /home/noelsdavid/airflow_venv/lib/python3.12/site-packages/airflow/example_dags/example_setup_teardown_taskflow.py
[2026-05-18T06:04:43.813+0000] {processor.py:914} INFO - Processing file /home/noelsdavid/airflow_venv/lib/python3.12/site-packages/airflow/example_dags/example_setup_teardown_taskflow.py for tasks to queue
[2026-05-18T06:04:43.816+0000] {logging_mixin.py:190} INFO - [2026-05-18T06:04:43.816+0000] {dagbag.py:588} INFO - Filling up the DagBag from /home/noelsdavid/airflow_venv/lib/python3.12/site-packages/airflow/example_dags/example_setup_teardown_taskflow.py
[2026-05-18T06:04:43.832+0000] {processor.py:925} INFO - DAG(s) 'example_setup_teardown_taskflow' retrieved from /home/noelsdavid/airflow_venv/lib/python3.12/site-packages/airflow/example_dags/example_setup_teardown_taskflow.py
[2026-05-18T06:04:43.856+0000] {logging_mixin.py:190} INFO - [2026-05-18T06:04:43.856+0000] {dag.py:3239} INFO - Sync 1 DAGs
[2026-05-18T06:04:43.873+0000] {logging_mixin.py:190} INFO - [2026-05-18T06:04:43.872+0000] {dag.py:4180} INFO - Setting next_dagrun for example_setup_teardown_taskflow to None, run_after=None
[2026-05-18T06:04:43.903+0000] {processor.py:208} INFO - Processing /home/noelsdavid/airflow_venv/lib/python3.12/site-packages/airflow/example_dags/example_setup_teardown_taskflow.py took 0.100 seconds
[2026-05-18T06:05:57.079+0000] {processor.py:186} INFO - Started process (PID=7241) to work on /home/noelsdavid/airflow_venv/lib/python3.12/site-packages/airflow/example_dags/example_setup_teardown_taskflow.py
[2026-05-18T06:05:57.087+0000] {processor.py:914} INFO - Processing file /home/noelsdavid/airflow_venv/lib/python3.12/site-packages/airflow/example_dags/example_setup_teardown_taskflow.py for tasks to queue
[2026-05-18T06:05:57.090+0000] {logging_mixin.py:190} INFO - [2026-05-18T06:05:57.089+0000] {dagbag.py:588} INFO - Filling up the DagBag from /home/noelsdavid/airflow_venv/lib/python3.12/site-packages/airflow/example_dags/example_setup_teardown_taskflow.py
[2026-05-18T06:05:57.106+0000] {processor.py:925} INFO - DAG(s) 'example_setup_teardown_taskflow' retrieved from /home/noelsdavid/airflow_venv/lib/python3.12/site-packages/airflow/example_dags/example_setup_teardown_taskflow.py
[2026-05-18T06:05:57.133+0000] {logging_mixin.py:190} INFO - [2026-05-18T06:05:57.133+0000] {dag.py:3239} INFO - Sync 1 DAGs
[2026-05-18T06:05:57.151+0000] {logging_mixin.py:190} INFO - [2026-05-18T06:05:57.150+0000] {dag.py:4180} INFO - Setting next_dagrun for example_setup_teardown_taskflow to None, run_after=None
[2026-05-18T06:05:57.182+0000] {processor.py:208} INFO - Processing /home/noelsdavid/airflow_venv/lib/python3.12/site-packages/airflow/example_dags/example_setup_teardown_taskflow.py took 0.110 seconds
[2026-05-18T06:06:57.188+0000] {processor.py:186} INFO - Started process (PID=7302) to work on /home/noelsdavid/airflow_venv/lib/python3.12/site-packages/airflow/example_dags/example_setup_teardown_taskflow.py
[2026-05-18T06:06:57.191+0000] {processor.py:914} INFO - Processing file /home/noelsdavid/airflow_venv/lib/python3.12/site-packages/airflow/example_dags/example_setup_teardown_taskflow.py for tasks to queue
[2026-05-18T06:06:57.194+0000] {logging_mixin.py:190} INFO - [2026-05-18T06:06:57.193+0000] {dagbag.py:588} INFO - Filling up the DagBag from /home/noelsdavid/airflow_venv/lib/python3.12/site-packages/airflow/example_dags/example_setup_teardown_taskflow.py
[2026-05-18T06:06:57.210+0000] {processor.py:925} INFO - DAG(s) 'example_setup_teardown_taskflow' retrieved from /home/noelsdavid/airflow_venv/lib/python3.12/site-packages/airflow/example_dags/example_setup_teardown_taskflow.py
[2026-05-18T06:06:57.235+0000] {logging_mixin.py:190} INFO - [2026-05-18T06:06:57.235+0000] {dag.py:3239} INFO - Sync 1 DAGs
[2026-05-18T06:06:57.251+0000] {logging_mixin.py:190} INFO - [2026-05-18T06:06:57.251+0000] {dag.py:4180} INFO - Setting next_dagrun for example_setup_teardown_taskflow to None, run_after=None
[2026-05-18T06:06:57.281+0000] {processor.py:208} INFO - Processing /home/noelsdavid/airflow_venv/lib/python3.12/site-packages/airflow/example_dags/example_setup_teardown_taskflow.py took 0.101 seconds
[2026-05-18T06:07:54.326+0000] {processor.py:186} INFO - Started process (PID=7360) to work on /home/noelsdavid/airflow_venv/lib/python3.12/site-packages/airflow/example_dags/example_setup_teardown_taskflow.py
[2026-05-18T06:07:54.350+0000] {processor.py:914} INFO - Processing file /home/noelsdavid/airflow_venv/lib/python3.12/site-packages/airflow/example_dags/example_setup_teardown_taskflow.py for tasks to queue
[2026-05-18T06:07:54.354+0000] {logging_mixin.py:190} INFO - [2026-05-18T06:07:54.353+0000] {dagbag.py:588} INFO - Filling up the DagBag from /home/noelsdavid/airflow_venv/lib/python3.12/site-packages/airflow/example_dags/example_setup_teardown_taskflow.py
[2026-05-18T06:07:54.369+0000] {processor.py:925} INFO - DAG(s) 'example_setup_teardown_taskflow' retrieved from /home/noelsdavid/airflow_venv/lib/python3.12/site-packages/airflow/example_dags/example_setup_teardown_taskflow.py
[2026-05-18T06:07:54.393+0000] {logging_mixin.py:190} INFO - [2026-05-18T06:07:54.393+0000] {dag.py:3239} INFO - Sync 1 DAGs
[2026-05-18T06:07:54.411+0000] {logging_mixin.py:190} INFO - [2026-05-18T06:07:54.410+0000] {dag.py:4180} INFO - Setting next_dagrun for example_setup_teardown_taskflow to None, run_after=None
[2026-05-18T06:07:54.441+0000] {processor.py:208} INFO - Processing /home/noelsdavid/airflow_venv/lib/python3.12/site-packages/airflow/example_dags/example_setup_teardown_taskflow.py took 0.123 seconds
[2026-05-18T06:09:01.088+0000] {processor.py:186} INFO - Started process (PID=7423) to work on /home/noelsdavid/airflow_venv/lib/python3.12/site-packages/airflow/example_dags/example_setup_teardown_taskflow.py
[2026-05-18T06:09:01.091+0000] {processor.py:914} INFO - Processing file /home/noelsdavid/airflow_venv/lib/python3.12/site-packages/airflow/example_dags/example_setup_teardown_taskflow.py for tasks to queue
[2026-05-18T06:09:01.094+0000] {logging_mixin.py:190} INFO - [2026-05-18T06:09:01.093+0000] {dagbag.py:588} INFO - Filling up the DagBag from /home/noelsdavid/airflow_venv/lib/python3.12/site-packages/airflow/example_dags/example_setup_teardown_taskflow.py
[2026-05-18T06:09:01.110+0000] {processor.py:925} INFO - DAG(s) 'example_setup_teardown_taskflow' retrieved from /home/noelsdavid/airflow_venv/lib/python3.12/site-packages/airflow/example_dags/example_setup_teardown_taskflow.py
[2026-05-18T06:09:01.134+0000] {logging_mixin.py:190} INFO - [2026-05-18T06:09:01.133+0000] {dag.py:3239} INFO - Sync 1 DAGs
[2026-05-18T06:09:01.152+0000] {logging_mixin.py:190} INFO - [2026-05-18T06:09:01.152+0000] {dag.py:4180} INFO - Setting next_dagrun for example_setup_teardown_taskflow to None, run_after=None
[2026-05-18T06:09:01.184+0000] {processor.py:208} INFO - Processing /home/noelsdavid/airflow_venv/lib/python3.12/site-packages/airflow/example_dags/example_setup_teardown_taskflow.py took 0.105 seconds
[2026-05-18T06:10:02.660+0000] {processor.py:186} INFO - Started process (PID=7484) to work on /home/noelsdavid/airflow_venv/lib/python3.12/site-packages/airflow/example_dags/example_setup_teardown_taskflow.py
[2026-05-18T06:10:02.662+0000] {processor.py:914} INFO - Processing file /home/noelsdavid/airflow_venv/lib/python3.12/site-packages/airflow/example_dags/example_setup_teardown_taskflow.py for tasks to queue
[2026-05-18T06:10:02.666+0000] {logging_mixin.py:190} INFO - [2026-05-18T06:10:02.665+0000] {dagbag.py:588} INFO - Filling up the DagBag from /home/noelsdavid/airflow_venv/lib/python3.12/site-packages/airflow/example_dags/example_setup_teardown_taskflow.py
[2026-05-18T06:10:02.681+0000] {processor.py:925} INFO - DAG(s) 'example_setup_teardown_taskflow' retrieved from /home/noelsdavid/airflow_venv/lib/python3.12/site-packages/airflow/example_dags/example_setup_teardown_taskflow.py
[2026-05-18T06:10:02.705+0000] {logging_mixin.py:190} INFO - [2026-05-18T06:10:02.705+0000] {dag.py:3239} INFO - Sync 1 DAGs
[2026-05-18T06:10:02.722+0000] {logging_mixin.py:190} INFO - [2026-05-18T06:10:02.722+0000] {dag.py:4180} INFO - Setting next_dagrun for example_setup_teardown_taskflow to None, run_after=None
[2026-05-18T06:10:02.761+0000] {processor.py:208} INFO - Processing /home/noelsdavid/airflow_venv/lib/python3.12/site-packages/airflow/example_dags/example_setup_teardown_taskflow.py took 0.109 seconds
[2026-05-18T06:11:02.728+0000] {processor.py:186} INFO - Started process (PID=7565) to work on /home/noelsdavid/airflow_venv/lib/python3.12/site-packages/airflow/example_dags/example_setup_teardown_taskflow.py
[2026-05-18T06:11:02.732+0000] {processor.py:914} INFO - Processing file /home/noelsdavid/airflow_venv/lib/python3.12/site-packages/airflow/example_dags/example_setup_teardown_taskflow.py for tasks to queue
[2026-05-18T06:11:02.736+0000] {logging_mixin.py:190} INFO - [2026-05-18T06:11:02.735+0000] {dagbag.py:588} INFO - Filling up the DagBag from /home/noelsdavid/airflow_venv/lib/python3.12/site-packages/airflow/example_dags/example_setup_teardown_taskflow.py
[2026-05-18T06:11:02.751+0000] {processor.py:925} INFO - DAG(s) 'example_setup_teardown_taskflow' retrieved from /home/noelsdavid/airflow_venv/lib/python3.12/site-packages/airflow/example_dags/example_setup_teardown_taskflow.py
[2026-05-18T06:11:02.775+0000] {logging_mixin.py:190} INFO - [2026-05-18T06:11:02.775+0000] {dag.py:3239} INFO - Sync 1 DAGs
[2026-05-18T06:11:02.792+0000] {logging_mixin.py:190} INFO - [2026-05-18T06:11:02.791+0000] {dag.py:4180} INFO - Setting next_dagrun for example_setup_teardown_taskflow to None, run_after=None
[2026-05-18T06:11:02.821+0000] {processor.py:208} INFO - Processing /home/noelsdavid/airflow_venv/lib/python3.12/site-packages/airflow/example_dags/example_setup_teardown_taskflow.py took 0.101 seconds
[2026-05-18T06:12:03.791+0000] {processor.py:186} INFO - Started process (PID=7625) to work on /home/noelsdavid/airflow_venv/lib/python3.12/site-packages/airflow/example_dags/example_setup_teardown_taskflow.py
[2026-05-18T06:12:03.804+0000] {processor.py:914} INFO - Processing file /home/noelsdavid/airflow_venv/lib/python3.12/site-packages/airflow/example_dags/example_setup_teardown_taskflow.py for tasks to queue
[2026-05-18T06:12:03.808+0000] {logging_mixin.py:190} INFO - [2026-05-18T06:12:03.807+0000] {dagbag.py:588} INFO - Filling up the DagBag from /home/noelsdavid/airflow_venv/lib/python3.12/site-packages/airflow/example_dags/example_setup_teardown_taskflow.py
[2026-05-18T06:12:03.823+0000] {processor.py:925} INFO - DAG(s) 'example_setup_teardown_taskflow' retrieved from /home/noelsdavid/airflow_venv/lib/python3.12/site-packages/airflow/example_dags/example_setup_teardown_taskflow.py
[2026-05-18T06:12:03.848+0000] {logging_mixin.py:190} INFO - [2026-05-18T06:12:03.848+0000] {dag.py:3239} INFO - Sync 1 DAGs
[2026-05-18T06:12:03.865+0000] {logging_mixin.py:190} INFO - [2026-05-18T06:12:03.865+0000] {dag.py:4180} INFO - Setting next_dagrun for example_setup_teardown_taskflow to None, run_after=None
[2026-05-18T06:12:03.899+0000] {processor.py:208} INFO - Processing /home/noelsdavid/airflow_venv/lib/python3.12/site-packages/airflow/example_dags/example_setup_teardown_taskflow.py took 0.117 seconds
[2026-05-18T06:13:01.472+0000] {processor.py:186} INFO - Started process (PID=7683) to work on /home/noelsdavid/airflow_venv/lib/python3.12/site-packages/airflow/example_dags/example_setup_teardown_taskflow.py
[2026-05-18T06:13:01.474+0000] {processor.py:914} INFO - Processing file /home/noelsdavid/airflow_venv/lib/python3.12/site-packages/airflow/example_dags/example_setup_teardown_taskflow.py for tasks to queue
[2026-05-18T06:13:01.477+0000] {logging_mixin.py:190} INFO - [2026-05-18T06:13:01.477+0000] {dagbag.py:588} INFO - Filling up the DagBag from /home/noelsdavid/airflow_venv/lib/python3.12/site-packages/airflow/example_dags/example_setup_teardown_taskflow.py
[2026-05-18T06:13:01.495+0000] {processor.py:925} INFO - DAG(s) 'example_setup_teardown_taskflow' retrieved from /home/noelsdavid/airflow_venv/lib/python3.12/site-packages/airflow/example_dags/example_setup_teardown_taskflow.py
[2026-05-18T06:13:01.521+0000] {logging_mixin.py:190} INFO - [2026-05-18T06:13:01.521+0000] {dag.py:3239} INFO - Sync 1 DAGs
[2026-05-18T06:13:01.542+0000] {logging_mixin.py:190} INFO - [2026-05-18T06:13:01.542+0000] {dag.py:4180} INFO - Setting next_dagrun for example_setup_teardown_taskflow to None, run_after=None
[2026-05-18T06:13:01.578+0000] {processor.py:208} INFO - Processing /home/noelsdavid/airflow_venv/lib/python3.12/site-packages/airflow/example_dags/example_setup_teardown_taskflow.py took 0.115 seconds
[2026-05-18T06:14:06.242+0000] {processor.py:186} INFO - Started process (PID=7745) to work on /home/noelsdavid/airflow_venv/lib/python3.12/site-packages/airflow/example_dags/example_setup_teardown_taskflow.py
[2026-05-18T06:14:06.244+0000] {processor.py:914} INFO - Processing file /home/noelsdavid/airflow_venv/lib/python3.12/site-packages/airflow/example_dags/example_setup_teardown_taskflow.py for tasks to queue
[2026-05-18T06:14:06.248+0000] {logging_mixin.py:190} INFO - [2026-05-18T06:14:06.247+0000] {dagbag.py:588} INFO - Filling up the DagBag from /home/noelsdavid/airflow_venv/lib/python3.12/site-packages/airflow/example_dags/example_setup_teardown_taskflow.py
[2026-05-18T06:14:06.263+0000] {processor.py:925} INFO - DAG(s) 'example_setup_teardown_taskflow' retrieved from /home/noelsdavid/airflow_venv/lib/python3.12/site-packages/airflow/example_dags/example_setup_teardown_taskflow.py
[2026-05-18T06:14:06.288+0000] {logging_mixin.py:190} INFO - [2026-05-18T06:14:06.287+0000] {dag.py:3239} INFO - Sync 1 DAGs
[2026-05-18T06:14:06.307+0000] {logging_mixin.py:190} INFO - [2026-05-18T06:14:06.307+0000] {dag.py:4180} INFO - Setting next_dagrun for example_setup_teardown_taskflow to None, run_after=None
[2026-05-18T06:14:06.342+0000] {processor.py:208} INFO - Processing /home/noelsdavid/airflow_venv/lib/python3.12/site-packages/airflow/example_dags/example_setup_teardown_taskflow.py took 0.108 seconds
[2026-05-18T06:15:07.051+0000] {processor.py:186} INFO - Started process (PID=7808) to work on /home/noelsdavid/airflow_venv/lib/python3.12/site-packages/airflow/example_dags/example_setup_teardown_taskflow.py
[2026-05-18T06:15:07.054+0000] {processor.py:914} INFO - Processing file /home/noelsdavid/airflow_venv/lib/python3.12/site-packages/airflow/example_dags/example_setup_teardown_taskflow.py for tasks to queue
[2026-05-18T06:15:07.057+0000] {logging_mixin.py:190} INFO - [2026-05-18T06:15:07.057+0000] {dagbag.py:588} INFO - Filling up the DagBag from /home/noelsdavid/airflow_venv/lib/python3.12/site-packages/airflow/example_dags/example_setup_teardown_taskflow.py
[2026-05-18T06:15:07.074+0000] {processor.py:925} INFO - DAG(s) 'example_setup_teardown_taskflow' retrieved from /home/noelsdavid/airflow_venv/lib/python3.12/site-packages/airflow/example_dags/example_setup_teardown_taskflow.py
[2026-05-18T06:15:07.099+0000] {logging_mixin.py:190} INFO - [2026-05-18T06:15:07.098+0000] {dag.py:3239} INFO - Sync 1 DAGs
[2026-05-18T06:15:07.116+0000] {logging_mixin.py:190} INFO - [2026-05-18T06:15:07.116+0000] {dag.py:4180} INFO - Setting next_dagrun for example_setup_teardown_taskflow to None, run_after=None
[2026-05-18T06:15:07.152+0000] {processor.py:208} INFO - Processing /home/noelsdavid/airflow_venv/lib/python3.12/site-packages/airflow/example_dags/example_setup_teardown_taskflow.py took 0.110 seconds
[2026-05-18T06:16:11.093+0000] {processor.py:186} INFO - Started process (PID=8031) to work on /home/noelsdavid/airflow_venv/lib/python3.12/site-packages/airflow/example_dags/example_setup_teardown_taskflow.py
[2026-05-18T06:16:11.096+0000] {processor.py:914} INFO - Processing file /home/noelsdavid/airflow_venv/lib/python3.12/site-packages/airflow/example_dags/example_setup_teardown_taskflow.py for tasks to queue
[2026-05-18T06:16:11.099+0000] {logging_mixin.py:190} INFO - [2026-05-18T06:16:11.098+0000] {dagbag.py:588} INFO - Filling up the DagBag from /home/noelsdavid/airflow_venv/lib/python3.12/site-packages/airflow/example_dags/example_setup_teardown_taskflow.py
[2026-05-18T06:16:11.115+0000] {processor.py:925} INFO - DAG(s) 'example_setup_teardown_taskflow' retrieved from /home/noelsdavid/airflow_venv/lib/python3.12/site-packages/airflow/example_dags/example_setup_teardown_taskflow.py
[2026-05-18T06:16:11.140+0000] {logging_mixin.py:190} INFO - [2026-05-18T06:16:11.140+0000] {dag.py:3239} INFO - Sync 1 DAGs
[2026-05-18T06:16:11.156+0000] {logging_mixin.py:190} INFO - [2026-05-18T06:16:11.156+0000] {dag.py:4180} INFO - Setting next_dagrun for example_setup_teardown_taskflow to None, run_after=None
[2026-05-18T06:16:11.188+0000] {processor.py:208} INFO - Processing /home/noelsdavid/airflow_venv/lib/python3.12/site-packages/airflow/example_dags/example_setup_teardown_taskflow.py took 0.103 seconds
[2026-05-18T06:17:12.661+0000] {processor.py:186} INFO - Started process (PID=8218) to work on /home/noelsdavid/airflow_venv/lib/python3.12/site-packages/airflow/example_dags/example_setup_teardown_taskflow.py
[2026-05-18T06:17:12.664+0000] {processor.py:914} INFO - Processing file /home/noelsdavid/airflow_venv/lib/python3.12/site-packages/airflow/example_dags/example_setup_teardown_taskflow.py for tasks to queue
[2026-05-18T06:17:12.667+0000] {logging_mixin.py:190} INFO - [2026-05-18T06:17:12.667+0000] {dagbag.py:588} INFO - Filling up the DagBag from /home/noelsdavid/airflow_venv/lib/python3.12/site-packages/airflow/example_dags/example_setup_teardown_taskflow.py
[2026-05-18T06:17:12.682+0000] {processor.py:925} INFO - DAG(s) 'example_setup_teardown_taskflow' retrieved from /home/noelsdavid/airflow_venv/lib/python3.12/site-packages/airflow/example_dags/example_setup_teardown_taskflow.py
[2026-05-18T06:17:12.707+0000] {logging_mixin.py:190} INFO - [2026-05-18T06:17:12.706+0000] {dag.py:3239} INFO - Sync 1 DAGs
[2026-05-18T06:17:12.724+0000] {logging_mixin.py:190} INFO - [2026-05-18T06:17:12.724+0000] {dag.py:4180} INFO - Setting next_dagrun for example_setup_teardown_taskflow to None, run_after=None
[2026-05-18T06:17:12.759+0000] {processor.py:208} INFO - Processing /home/noelsdavid/airflow_venv/lib/python3.12/site-packages/airflow/example_dags/example_setup_teardown_taskflow.py took 0.105 seconds
[2026-05-18T06:18:14.878+0000] {processor.py:186} INFO - Started process (PID=8459) to work on /home/noelsdavid/airflow_venv/lib/python3.12/site-packages/airflow/example_dags/example_setup_teardown_taskflow.py
[2026-05-18T06:18:14.880+0000] {processor.py:914} INFO - Processing file /home/noelsdavid/airflow_venv/lib/python3.12/site-packages/airflow/example_dags/example_setup_teardown_taskflow.py for tasks to queue
[2026-05-18T06:18:14.884+0000] {logging_mixin.py:190} INFO - [2026-05-18T06:18:14.883+0000] {dagbag.py:588} INFO - Filling up the DagBag from /home/noelsdavid/airflow_venv/lib/python3.12/site-packages/airflow/example_dags/example_setup_teardown_taskflow.py
[2026-05-18T06:18:14.903+0000] {processor.py:925} INFO - DAG(s) 'example_setup_teardown_taskflow' retrieved from /home/noelsdavid/airflow_venv/lib/python3.12/site-packages/airflow/example_dags/example_setup_teardown_taskflow.py
[2026-05-18T06:18:14.928+0000] {logging_mixin.py:190} INFO - [2026-05-18T06:18:14.928+0000] {dag.py:3239} INFO - Sync 1 DAGs
[2026-05-18T06:18:14.944+0000] {logging_mixin.py:190} INFO - [2026-05-18T06:18:14.944+0000] {dag.py:4180} INFO - Setting next_dagrun for example_setup_teardown_taskflow to None, run_after=None
[2026-05-18T06:18:14.975+0000] {processor.py:208} INFO - Processing /home/noelsdavid/airflow_venv/lib/python3.12/site-packages/airflow/example_dags/example_setup_teardown_taskflow.py took 0.105 seconds
[2026-05-18T06:19:13.700+0000] {processor.py:186} INFO - Started process (PID=8516) to work on /home/noelsdavid/airflow_venv/lib/python3.12/site-packages/airflow/example_dags/example_setup_teardown_taskflow.py
[2026-05-18T06:19:13.702+0000] {processor.py:914} INFO - Processing file /home/noelsdavid/airflow_venv/lib/python3.12/site-packages/airflow/example_dags/example_setup_teardown_taskflow.py for tasks to queue
[2026-05-18T06:19:13.706+0000] {logging_mixin.py:190} INFO - [2026-05-18T06:19:13.705+0000] {dagbag.py:588} INFO - Filling up the DagBag from /home/noelsdavid/airflow_venv/lib/python3.12/site-packages/airflow/example_dags/example_setup_teardown_taskflow.py
[2026-05-18T06:19:13.722+0000] {processor.py:925} INFO - DAG(s) 'example_setup_teardown_taskflow' retrieved from /home/noelsdavid/airflow_venv/lib/python3.12/site-packages/airflow/example_dags/example_setup_teardown_taskflow.py
[2026-05-18T06:19:13.747+0000] {logging_mixin.py:190} INFO - [2026-05-18T06:19:13.747+0000] {dag.py:3239} INFO - Sync 1 DAGs
[2026-05-18T06:19:13.765+0000] {logging_mixin.py:190} INFO - [2026-05-18T06:19:13.764+0000] {dag.py:4180} INFO - Setting next_dagrun for example_setup_teardown_taskflow to None, run_after=None
[2026-05-18T06:19:13.796+0000] {processor.py:208} INFO - Processing /home/noelsdavid/airflow_venv/lib/python3.12/site-packages/airflow/example_dags/example_setup_teardown_taskflow.py took 0.105 seconds
[2026-05-18T06:20:17.873+0000] {processor.py:186} INFO - Started process (PID=8604) to work on /home/noelsdavid/airflow_venv/lib/python3.12/site-packages/airflow/example_dags/example_setup_teardown_taskflow.py
[2026-05-18T06:20:17.895+0000] {processor.py:914} INFO - Processing file /home/noelsdavid/airflow_venv/lib/python3.12/site-packages/airflow/example_dags/example_setup_teardown_taskflow.py for tasks to queue
[2026-05-18T06:20:17.897+0000] {logging_mixin.py:190} INFO - [2026-05-18T06:20:17.897+0000] {dagbag.py:588} INFO - Filling up the DagBag from /home/noelsdavid/airflow_venv/lib/python3.12/site-packages/airflow/example_dags/example_setup_teardown_taskflow.py
[2026-05-18T06:20:17.914+0000] {processor.py:925} INFO - DAG(s) 'example_setup_teardown_taskflow' retrieved from /home/noelsdavid/airflow_venv/lib/python3.12/site-packages/airflow/example_dags/example_setup_teardown_taskflow.py
[2026-05-18T06:20:17.937+0000] {logging_mixin.py:190} INFO - [2026-05-18T06:20:17.936+0000] {dag.py:3239} INFO - Sync 1 DAGs
[2026-05-18T06:20:17.954+0000] {logging_mixin.py:190} INFO - [2026-05-18T06:20:17.954+0000] {dag.py:4180} INFO - Setting next_dagrun for example_setup_teardown_taskflow to None, run_after=None
[2026-05-18T06:20:17.982+0000] {processor.py:208} INFO - Processing /home/noelsdavid/airflow_venv/lib/python3.12/site-packages/airflow/example_dags/example_setup_teardown_taskflow.py took 0.117 seconds
[2026-05-18T06:21:18.403+0000] {processor.py:186} INFO - Started process (PID=8664) to work on /home/noelsdavid/airflow_venv/lib/python3.12/site-packages/airflow/example_dags/example_setup_teardown_taskflow.py
[2026-05-18T06:21:18.405+0000] {processor.py:914} INFO - Processing file /home/noelsdavid/airflow_venv/lib/python3.12/site-packages/airflow/example_dags/example_setup_teardown_taskflow.py for tasks to queue
[2026-05-18T06:21:18.408+0000] {logging_mixin.py:190} INFO - [2026-05-18T06:21:18.407+0000] {dagbag.py:588} INFO - Filling up the DagBag from /home/noelsdavid/airflow_venv/lib/python3.12/site-packages/airflow/example_dags/example_setup_teardown_taskflow.py
[2026-05-18T06:21:18.424+0000] {processor.py:925} INFO - DAG(s) 'example_setup_teardown_taskflow' retrieved from /home/noelsdavid/airflow_venv/lib/python3.12/site-packages/airflow/example_dags/example_setup_teardown_taskflow.py
[2026-05-18T06:21:18.449+0000] {logging_mixin.py:190} INFO - [2026-05-18T06:21:18.449+0000] {dag.py:3239} INFO - Sync 1 DAGs
[2026-05-18T06:21:18.467+0000] {logging_mixin.py:190} INFO - [2026-05-18T06:21:18.467+0000] {dag.py:4180} INFO - Setting next_dagrun for example_setup_teardown_taskflow to None, run_after=None
[2026-05-18T06:21:18.500+0000] {processor.py:208} INFO - Processing /home/noelsdavid/airflow_venv/lib/python3.12/site-packages/airflow/example_dags/example_setup_teardown_taskflow.py took 0.105 seconds
[2026-05-18T06:22:24.408+0000] {processor.py:186} INFO - Started process (PID=8728) to work on /home/noelsdavid/airflow_venv/lib/python3.12/site-packages/airflow/example_dags/example_setup_teardown_taskflow.py
[2026-05-18T06:22:24.412+0000] {processor.py:914} INFO - Processing file /home/noelsdavid/airflow_venv/lib/python3.12/site-packages/airflow/example_dags/example_setup_teardown_taskflow.py for tasks to queue
[2026-05-18T06:22:24.415+0000] {logging_mixin.py:190} INFO - [2026-05-18T06:22:24.414+0000] {dagbag.py:588} INFO - Filling up the DagBag from /home/noelsdavid/airflow_venv/lib/python3.12/site-packages/airflow/example_dags/example_setup_teardown_taskflow.py
[2026-05-18T06:22:24.432+0000] {processor.py:925} INFO - DAG(s) 'example_setup_teardown_taskflow' retrieved from /home/noelsdavid/airflow_venv/lib/python3.12/site-packages/airflow/example_dags/example_setup_teardown_taskflow.py
[2026-05-18T06:22:24.457+0000] {logging_mixin.py:190} INFO - [2026-05-18T06:22:24.457+0000] {dag.py:3239} INFO - Sync 1 DAGs
[2026-05-18T06:22:24.476+0000] {logging_mixin.py:190} INFO - [2026-05-18T06:22:24.475+0000] {dag.py:4180} INFO - Setting next_dagrun for example_setup_teardown_taskflow to None, run_after=None
[2026-05-18T06:22:24.508+0000] {processor.py:208} INFO - Processing /home/noelsdavid/airflow_venv/lib/python3.12/site-packages/airflow/example_dags/example_setup_teardown_taskflow.py took 0.111 seconds
[2026-05-18T06:23:26.533+0000] {processor.py:186} INFO - Started process (PID=8789) to work on /home/noelsdavid/airflow_venv/lib/python3.12/site-packages/airflow/example_dags/example_setup_teardown_taskflow.py
[2026-05-18T06:23:26.536+0000] {processor.py:914} INFO - Processing file /home/noelsdavid/airflow_venv/lib/python3.12/site-packages/airflow/example_dags/example_setup_teardown_taskflow.py for tasks to queue
[2026-05-18T06:23:26.538+0000] {logging_mixin.py:190} INFO - [2026-05-18T06:23:26.537+0000] {dagbag.py:588} INFO - Filling up the DagBag from /home/noelsdavid/airflow_venv/lib/python3.12/site-packages/airflow/example_dags/example_setup_teardown_taskflow.py
[2026-05-18T06:23:26.554+0000] {processor.py:925} INFO - DAG(s) 'example_setup_teardown_taskflow' retrieved from /home/noelsdavid/airflow_venv/lib/python3.12/site-packages/airflow/example_dags/example_setup_teardown_taskflow.py
[2026-05-18T06:23:26.581+0000] {logging_mixin.py:190} INFO - [2026-05-18T06:23:26.581+0000] {dag.py:3239} INFO - Sync 1 DAGs
[2026-05-18T06:23:26.600+0000] {logging_mixin.py:190} INFO - [2026-05-18T06:23:26.600+0000] {dag.py:4180} INFO - Setting next_dagrun for example_setup_teardown_taskflow to None, run_after=None
[2026-05-18T06:23:26.632+0000] {processor.py:208} INFO - Processing /home/noelsdavid/airflow_venv/lib/python3.12/site-packages/airflow/example_dags/example_setup_teardown_taskflow.py took 0.107 seconds
[2026-05-18T06:24:33.740+0000] {processor.py:186} INFO - Started process (PID=8852) to work on /home/noelsdavid/airflow_venv/lib/python3.12/site-packages/airflow/example_dags/example_setup_teardown_taskflow.py
[2026-05-18T06:24:33.742+0000] {processor.py:914} INFO - Processing file /home/noelsdavid/airflow_venv/lib/python3.12/site-packages/airflow/example_dags/example_setup_teardown_taskflow.py for tasks to queue
[2026-05-18T06:24:33.745+0000] {logging_mixin.py:190} INFO - [2026-05-18T06:24:33.744+0000] {dagbag.py:588} INFO - Filling up the DagBag from /home/noelsdavid/airflow_venv/lib/python3.12/site-packages/airflow/example_dags/example_setup_teardown_taskflow.py
[2026-05-18T06:24:33.763+0000] {processor.py:925} INFO - DAG(s) 'example_setup_teardown_taskflow' retrieved from /home/noelsdavid/airflow_venv/lib/python3.12/site-packages/airflow/example_dags/example_setup_teardown_taskflow.py
[2026-05-18T06:24:33.786+0000] {logging_mixin.py:190} INFO - [2026-05-18T06:24:33.786+0000] {dag.py:3239} INFO - Sync 1 DAGs
[2026-05-18T06:24:33.803+0000] {logging_mixin.py:190} INFO - [2026-05-18T06:24:33.802+0000] {dag.py:4180} INFO - Setting next_dagrun for example_setup_teardown_taskflow to None, run_after=None
[2026-05-18T06:24:33.833+0000] {processor.py:208} INFO - Processing /home/noelsdavid/airflow_venv/lib/python3.12/site-packages/airflow/example_dags/example_setup_teardown_taskflow.py took 0.103 seconds
[2026-05-18T06:25:37.652+0000] {processor.py:186} INFO - Started process (PID=8937) to work on /home/noelsdavid/airflow_venv/lib/python3.12/site-packages/airflow/example_dags/example_setup_teardown_taskflow.py
[2026-05-18T06:25:37.654+0000] {processor.py:914} INFO - Processing file /home/noelsdavid/airflow_venv/lib/python3.12/site-packages/airflow/example_dags/example_setup_teardown_taskflow.py for tasks to queue
[2026-05-18T06:25:37.656+0000] {logging_mixin.py:190} INFO - [2026-05-18T06:25:37.655+0000] {dagbag.py:588} INFO - Filling up the DagBag from /home/noelsdavid/airflow_venv/lib/python3.12/site-packages/airflow/example_dags/example_setup_teardown_taskflow.py
[2026-05-18T06:25:37.674+0000] {processor.py:925} INFO - DAG(s) 'example_setup_teardown_taskflow' retrieved from /home/noelsdavid/airflow_venv/lib/python3.12/site-packages/airflow/example_dags/example_setup_teardown_taskflow.py
[2026-05-18T06:25:37.699+0000] {logging_mixin.py:190} INFO - [2026-05-18T06:25:37.698+0000] {dag.py:3239} INFO - Sync 1 DAGs
[2026-05-18T06:25:37.715+0000] {logging_mixin.py:190} INFO - [2026-05-18T06:25:37.715+0000] {dag.py:4180} INFO - Setting next_dagrun for example_setup_teardown_taskflow to None, run_after=None
[2026-05-18T06:25:37.745+0000] {processor.py:208} INFO - Processing /home/noelsdavid/airflow_venv/lib/python3.12/site-packages/airflow/example_dags/example_setup_teardown_taskflow.py took 0.103 seconds
[2026-05-18T06:26:42.256+0000] {processor.py:186} INFO - Started process (PID=9065) to work on /home/noelsdavid/airflow_venv/lib/python3.12/site-packages/airflow/example_dags/example_setup_teardown_taskflow.py
[2026-05-18T06:26:42.282+0000] {processor.py:914} INFO - Processing file /home/noelsdavid/airflow_venv/lib/python3.12/site-packages/airflow/example_dags/example_setup_teardown_taskflow.py for tasks to queue
[2026-05-18T06:26:42.284+0000] {logging_mixin.py:190} INFO - [2026-05-18T06:26:42.283+0000] {dagbag.py:588} INFO - Filling up the DagBag from /home/noelsdavid/airflow_venv/lib/python3.12/site-packages/airflow/example_dags/example_setup_teardown_taskflow.py
[2026-05-18T06:26:42.300+0000] {processor.py:925} INFO - DAG(s) 'example_setup_teardown_taskflow' retrieved from /home/noelsdavid/airflow_venv/lib/python3.12/site-packages/airflow/example_dags/example_setup_teardown_taskflow.py
[2026-05-18T06:26:42.325+0000] {logging_mixin.py:190} INFO - [2026-05-18T06:26:42.325+0000] {dag.py:3239} INFO - Sync 1 DAGs
[2026-05-18T06:26:42.344+0000] {logging_mixin.py:190} INFO - [2026-05-18T06:26:42.344+0000] {dag.py:4180} INFO - Setting next_dagrun for example_setup_teardown_taskflow to None, run_after=None
[2026-05-18T06:26:42.377+0000] {processor.py:208} INFO - Processing /home/noelsdavid/airflow_venv/lib/python3.12/site-packages/airflow/example_dags/example_setup_teardown_taskflow.py took 0.129 seconds
[2026-05-18T06:28:04.277+0000] {processor.py:186} INFO - Started process (PID=9668) to work on /home/noelsdavid/airflow_venv/lib/python3.12/site-packages/airflow/example_dags/example_setup_teardown_taskflow.py
[2026-05-18T06:28:04.279+0000] {processor.py:914} INFO - Processing file /home/noelsdavid/airflow_venv/lib/python3.12/site-packages/airflow/example_dags/example_setup_teardown_taskflow.py for tasks to queue
[2026-05-18T06:28:04.281+0000] {logging_mixin.py:190} INFO - [2026-05-18T06:28:04.281+0000] {dagbag.py:588} INFO - Filling up the DagBag from /home/noelsdavid/airflow_venv/lib/python3.12/site-packages/airflow/example_dags/example_setup_teardown_taskflow.py
[2026-05-18T06:28:04.297+0000] {processor.py:925} INFO - DAG(s) 'example_setup_teardown_taskflow' retrieved from /home/noelsdavid/airflow_venv/lib/python3.12/site-packages/airflow/example_dags/example_setup_teardown_taskflow.py
[2026-05-18T06:28:04.324+0000] {logging_mixin.py:190} INFO - [2026-05-18T06:28:04.324+0000] {dag.py:3239} INFO - Sync 1 DAGs
[2026-05-18T06:28:04.343+0000] {logging_mixin.py:190} INFO - [2026-05-18T06:28:04.343+0000] {dag.py:4180} INFO - Setting next_dagrun for example_setup_teardown_taskflow to None, run_after=None
[2026-05-18T06:28:04.378+0000] {processor.py:208} INFO - Processing /home/noelsdavid/airflow_venv/lib/python3.12/site-packages/airflow/example_dags/example_setup_teardown_taskflow.py took 0.110 seconds
[2026-05-18T06:29:10.336+0000] {processor.py:186} INFO - Started process (PID=9758) to work on /home/noelsdavid/airflow_venv/lib/python3.12/site-packages/airflow/example_dags/example_setup_teardown_taskflow.py
[2026-05-18T06:29:10.339+0000] {processor.py:914} INFO - Processing file /home/noelsdavid/airflow_venv/lib/python3.12/site-packages/airflow/example_dags/example_setup_teardown_taskflow.py for tasks to queue
[2026-05-18T06:29:10.341+0000] {logging_mixin.py:190} INFO - [2026-05-18T06:29:10.340+0000] {dagbag.py:588} INFO - Filling up the DagBag from /home/noelsdavid/airflow_venv/lib/python3.12/site-packages/airflow/example_dags/example_setup_teardown_taskflow.py
[2026-05-18T06:29:10.357+0000] {processor.py:925} INFO - DAG(s) 'example_setup_teardown_taskflow' retrieved from /home/noelsdavid/airflow_venv/lib/python3.12/site-packages/airflow/example_dags/example_setup_teardown_taskflow.py
[2026-05-18T06:29:10.383+0000] {logging_mixin.py:190} INFO - [2026-05-18T06:29:10.382+0000] {dag.py:3239} INFO - Sync 1 DAGs
[2026-05-18T06:29:10.400+0000] {logging_mixin.py:190} INFO - [2026-05-18T06:29:10.400+0000] {dag.py:4180} INFO - Setting next_dagrun for example_setup_teardown_taskflow to None, run_after=None
[2026-05-18T06:29:10.433+0000] {processor.py:208} INFO - Processing /home/noelsdavid/airflow_venv/lib/python3.12/site-packages/airflow/example_dags/example_setup_teardown_taskflow.py took 0.105 seconds
[2026-05-18T06:30:16.736+0000] {processor.py:186} INFO - Started process (PID=9847) to work on /home/noelsdavid/airflow_venv/lib/python3.12/site-packages/airflow/example_dags/example_setup_teardown_taskflow.py
[2026-05-18T06:30:16.738+0000] {processor.py:914} INFO - Processing file /home/noelsdavid/airflow_venv/lib/python3.12/site-packages/airflow/example_dags/example_setup_teardown_taskflow.py for tasks to queue
[2026-05-18T06:30:16.740+0000] {logging_mixin.py:190} INFO - [2026-05-18T06:30:16.739+0000] {dagbag.py:588} INFO - Filling up the DagBag from /home/noelsdavid/airflow_venv/lib/python3.12/site-packages/airflow/example_dags/example_setup_teardown_taskflow.py
[2026-05-18T06:30:16.756+0000] {processor.py:925} INFO - DAG(s) 'example_setup_teardown_taskflow' retrieved from /home/noelsdavid/airflow_venv/lib/python3.12/site-packages/airflow/example_dags/example_setup_teardown_taskflow.py
[2026-05-18T06:30:16.779+0000] {logging_mixin.py:190} INFO - [2026-05-18T06:30:16.779+0000] {dag.py:3239} INFO - Sync 1 DAGs
[2026-05-18T06:30:16.796+0000] {logging_mixin.py:190} INFO - [2026-05-18T06:30:16.796+0000] {dag.py:4180} INFO - Setting next_dagrun for example_setup_teardown_taskflow to None, run_after=None
[2026-05-18T06:30:16.826+0000] {processor.py:208} INFO - Processing /home/noelsdavid/airflow_venv/lib/python3.12/site-packages/airflow/example_dags/example_setup_teardown_taskflow.py took 0.098 seconds
[2026-05-18T06:31:22.665+0000] {processor.py:186} INFO - Started process (PID=9910) to work on /home/noelsdavid/airflow_venv/lib/python3.12/site-packages/airflow/example_dags/example_setup_teardown_taskflow.py
[2026-05-18T06:31:22.668+0000] {processor.py:914} INFO - Processing file /home/noelsdavid/airflow_venv/lib/python3.12/site-packages/airflow/example_dags/example_setup_teardown_taskflow.py for tasks to queue
[2026-05-18T06:31:22.669+0000] {logging_mixin.py:190} INFO - [2026-05-18T06:31:22.669+0000] {dagbag.py:588} INFO - Filling up the DagBag from /home/noelsdavid/airflow_venv/lib/python3.12/site-packages/airflow/example_dags/example_setup_teardown_taskflow.py
[2026-05-18T06:31:22.686+0000] {processor.py:925} INFO - DAG(s) 'example_setup_teardown_taskflow' retrieved from /home/noelsdavid/airflow_venv/lib/python3.12/site-packages/airflow/example_dags/example_setup_teardown_taskflow.py
[2026-05-18T06:31:22.710+0000] {logging_mixin.py:190} INFO - [2026-05-18T06:31:22.709+0000] {dag.py:3239} INFO - Sync 1 DAGs
[2026-05-18T06:31:22.726+0000] {logging_mixin.py:190} INFO - [2026-05-18T06:31:22.726+0000] {dag.py:4180} INFO - Setting next_dagrun for example_setup_teardown_taskflow to None, run_after=None
[2026-05-18T06:31:22.757+0000] {processor.py:208} INFO - Processing /home/noelsdavid/airflow_venv/lib/python3.12/site-packages/airflow/example_dags/example_setup_teardown_taskflow.py took 0.100 seconds
[2026-05-18T06:32:23.567+0000] {processor.py:186} INFO - Started process (PID=9969) to work on /home/noelsdavid/airflow_venv/lib/python3.12/site-packages/airflow/example_dags/example_setup_teardown_taskflow.py
[2026-05-18T06:32:23.570+0000] {processor.py:914} INFO - Processing file /home/noelsdavid/airflow_venv/lib/python3.12/site-packages/airflow/example_dags/example_setup_teardown_taskflow.py for tasks to queue
[2026-05-18T06:32:23.572+0000] {logging_mixin.py:190} INFO - [2026-05-18T06:32:23.571+0000] {dagbag.py:588} INFO - Filling up the DagBag from /home/noelsdavid/airflow_venv/lib/python3.12/site-packages/airflow/example_dags/example_setup_teardown_taskflow.py
[2026-05-18T06:32:23.587+0000] {processor.py:925} INFO - DAG(s) 'example_setup_teardown_taskflow' retrieved from /home/noelsdavid/airflow_venv/lib/python3.12/site-packages/airflow/example_dags/example_setup_teardown_taskflow.py
[2026-05-18T06:32:23.610+0000] {logging_mixin.py:190} INFO - [2026-05-18T06:32:23.610+0000] {dag.py:3239} INFO - Sync 1 DAGs
[2026-05-18T06:32:23.628+0000] {logging_mixin.py:190} INFO - [2026-05-18T06:32:23.628+0000] {dag.py:4180} INFO - Setting next_dagrun for example_setup_teardown_taskflow to None, run_after=None
[2026-05-18T06:32:23.657+0000] {processor.py:208} INFO - Processing /home/noelsdavid/airflow_venv/lib/python3.12/site-packages/airflow/example_dags/example_setup_teardown_taskflow.py took 0.097 seconds
[2026-05-18T06:33:23.109+0000] {processor.py:186} INFO - Started process (PID=10028) to work on /home/noelsdavid/airflow_venv/lib/python3.12/site-packages/airflow/example_dags/example_setup_teardown_taskflow.py
[2026-05-18T06:33:23.111+0000] {processor.py:914} INFO - Processing file /home/noelsdavid/airflow_venv/lib/python3.12/site-packages/airflow/example_dags/example_setup_teardown_taskflow.py for tasks to queue
[2026-05-18T06:33:23.113+0000] {logging_mixin.py:190} INFO - [2026-05-18T06:33:23.113+0000] {dagbag.py:588} INFO - Filling up the DagBag from /home/noelsdavid/airflow_venv/lib/python3.12/site-packages/airflow/example_dags/example_setup_teardown_taskflow.py
[2026-05-18T06:33:23.129+0000] {processor.py:925} INFO - DAG(s) 'example_setup_teardown_taskflow' retrieved from /home/noelsdavid/airflow_venv/lib/python3.12/site-packages/airflow/example_dags/example_setup_teardown_taskflow.py
[2026-05-18T06:33:23.153+0000] {logging_mixin.py:190} INFO - [2026-05-18T06:33:23.153+0000] {dag.py:3239} INFO - Sync 1 DAGs
[2026-05-18T06:33:23.170+0000] {logging_mixin.py:190} INFO - [2026-05-18T06:33:23.169+0000] {dag.py:4180} INFO - Setting next_dagrun for example_setup_teardown_taskflow to None, run_after=None
[2026-05-18T06:33:23.199+0000] {processor.py:208} INFO - Processing /home/noelsdavid/airflow_venv/lib/python3.12/site-packages/airflow/example_dags/example_setup_teardown_taskflow.py took 0.098 seconds
[2026-05-18T06:34:30.823+0000] {processor.py:186} INFO - Started process (PID=10163) to work on /home/noelsdavid/airflow_venv/lib/python3.12/site-packages/airflow/example_dags/example_setup_teardown_taskflow.py
[2026-05-18T06:34:30.825+0000] {processor.py:914} INFO - Processing file /home/noelsdavid/airflow_venv/lib/python3.12/site-packages/airflow/example_dags/example_setup_teardown_taskflow.py for tasks to queue
[2026-05-18T06:34:30.827+0000] {logging_mixin.py:190} INFO - [2026-05-18T06:34:30.827+0000] {dagbag.py:588} INFO - Filling up the DagBag from /home/noelsdavid/airflow_venv/lib/python3.12/site-packages/airflow/example_dags/example_setup_teardown_taskflow.py
[2026-05-18T06:34:30.843+0000] {processor.py:925} INFO - DAG(s) 'example_setup_teardown_taskflow' retrieved from /home/noelsdavid/airflow_venv/lib/python3.12/site-packages/airflow/example_dags/example_setup_teardown_taskflow.py
[2026-05-18T06:34:30.867+0000] {logging_mixin.py:190} INFO - [2026-05-18T06:34:30.867+0000] {dag.py:3239} INFO - Sync 1 DAGs
[2026-05-18T06:34:30.885+0000] {logging_mixin.py:190} INFO - [2026-05-18T06:34:30.884+0000] {dag.py:4180} INFO - Setting next_dagrun for example_setup_teardown_taskflow to None, run_after=None
[2026-05-18T06:34:30.916+0000] {processor.py:208} INFO - Processing /home/noelsdavid/airflow_venv/lib/python3.12/site-packages/airflow/example_dags/example_setup_teardown_taskflow.py took 0.101 seconds
[2026-05-18T06:35:34.983+0000] {processor.py:186} INFO - Started process (PID=10372) to work on /home/noelsdavid/airflow_venv/lib/python3.12/site-packages/airflow/example_dags/example_setup_teardown_taskflow.py
[2026-05-18T06:35:34.985+0000] {processor.py:914} INFO - Processing file /home/noelsdavid/airflow_venv/lib/python3.12/site-packages/airflow/example_dags/example_setup_teardown_taskflow.py for tasks to queue
[2026-05-18T06:35:34.987+0000] {logging_mixin.py:190} INFO - [2026-05-18T06:35:34.986+0000] {dagbag.py:588} INFO - Filling up the DagBag from /home/noelsdavid/airflow_venv/lib/python3.12/site-packages/airflow/example_dags/example_setup_teardown_taskflow.py
[2026-05-18T06:35:35.004+0000] {processor.py:925} INFO - DAG(s) 'example_setup_teardown_taskflow' retrieved from /home/noelsdavid/airflow_venv/lib/python3.12/site-packages/airflow/example_dags/example_setup_teardown_taskflow.py
[2026-05-18T06:35:35.029+0000] {logging_mixin.py:190} INFO - [2026-05-18T06:35:35.028+0000] {dag.py:3239} INFO - Sync 1 DAGs
[2026-05-18T06:35:35.046+0000] {logging_mixin.py:190} INFO - [2026-05-18T06:35:35.046+0000] {dag.py:4180} INFO - Setting next_dagrun for example_setup_teardown_taskflow to None, run_after=None
[2026-05-18T06:35:35.076+0000] {processor.py:208} INFO - Processing /home/noelsdavid/airflow_venv/lib/python3.12/site-packages/airflow/example_dags/example_setup_teardown_taskflow.py took 0.101 seconds
[2026-05-18T06:36:36.944+0000] {processor.py:186} INFO - Started process (PID=10534) to work on /home/noelsdavid/airflow_venv/lib/python3.12/site-packages/airflow/example_dags/example_setup_teardown_taskflow.py
[2026-05-18T06:36:36.946+0000] {processor.py:914} INFO - Processing file /home/noelsdavid/airflow_venv/lib/python3.12/site-packages/airflow/example_dags/example_setup_teardown_taskflow.py for tasks to queue
[2026-05-18T06:36:36.948+0000] {logging_mixin.py:190} INFO - [2026-05-18T06:36:36.947+0000] {dagbag.py:588} INFO - Filling up the DagBag from /home/noelsdavid/airflow_venv/lib/python3.12/site-packages/airflow/example_dags/example_setup_teardown_taskflow.py
[2026-05-18T06:36:36.965+0000] {processor.py:925} INFO - DAG(s) 'example_setup_teardown_taskflow' retrieved from /home/noelsdavid/airflow_venv/lib/python3.12/site-packages/airflow/example_dags/example_setup_teardown_taskflow.py
[2026-05-18T06:36:36.992+0000] {logging_mixin.py:190} INFO - [2026-05-18T06:36:36.992+0000] {dag.py:3239} INFO - Sync 1 DAGs
[2026-05-18T06:36:37.011+0000] {logging_mixin.py:190} INFO - [2026-05-18T06:36:37.010+0000] {dag.py:4180} INFO - Setting next_dagrun for example_setup_teardown_taskflow to None, run_after=None
[2026-05-18T06:36:37.041+0000] {processor.py:208} INFO - Processing /home/noelsdavid/airflow_venv/lib/python3.12/site-packages/airflow/example_dags/example_setup_teardown_taskflow.py took 0.105 seconds
[2026-05-18T06:37:40.657+0000] {processor.py:186} INFO - Started process (PID=10934) to work on /home/noelsdavid/airflow_venv/lib/python3.12/site-packages/airflow/example_dags/example_setup_teardown_taskflow.py
[2026-05-18T06:37:40.660+0000] {processor.py:914} INFO - Processing file /home/noelsdavid/airflow_venv/lib/python3.12/site-packages/airflow/example_dags/example_setup_teardown_taskflow.py for tasks to queue
[2026-05-18T06:37:40.662+0000] {logging_mixin.py:190} INFO - [2026-05-18T06:37:40.661+0000] {dagbag.py:588} INFO - Filling up the DagBag from /home/noelsdavid/airflow_venv/lib/python3.12/site-packages/airflow/example_dags/example_setup_teardown_taskflow.py
[2026-05-18T06:37:40.677+0000] {processor.py:925} INFO - DAG(s) 'example_setup_teardown_taskflow' retrieved from /home/noelsdavid/airflow_venv/lib/python3.12/site-packages/airflow/example_dags/example_setup_teardown_taskflow.py
[2026-05-18T06:37:40.702+0000] {logging_mixin.py:190} INFO - [2026-05-18T06:37:40.701+0000] {dag.py:3239} INFO - Sync 1 DAGs
[2026-05-18T06:37:40.720+0000] {logging_mixin.py:190} INFO - [2026-05-18T06:37:40.720+0000] {dag.py:4180} INFO - Setting next_dagrun for example_setup_teardown_taskflow to None, run_after=None
[2026-05-18T06:37:40.750+0000] {processor.py:208} INFO - Processing /home/noelsdavid/airflow_venv/lib/python3.12/site-packages/airflow/example_dags/example_setup_teardown_taskflow.py took 0.101 seconds
[2026-05-18T06:38:46.571+0000] {processor.py:186} INFO - Started process (PID=11114) to work on /home/noelsdavid/airflow_venv/lib/python3.12/site-packages/airflow/example_dags/example_setup_teardown_taskflow.py
[2026-05-18T06:38:46.587+0000] {processor.py:914} INFO - Processing file /home/noelsdavid/airflow_venv/lib/python3.12/site-packages/airflow/example_dags/example_setup_teardown_taskflow.py for tasks to queue
[2026-05-18T06:38:46.589+0000] {logging_mixin.py:190} INFO - [2026-05-18T06:38:46.589+0000] {dagbag.py:588} INFO - Filling up the DagBag from /home/noelsdavid/airflow_venv/lib/python3.12/site-packages/airflow/example_dags/example_setup_teardown_taskflow.py
[2026-05-18T06:38:46.607+0000] {processor.py:925} INFO - DAG(s) 'example_setup_teardown_taskflow' retrieved from /home/noelsdavid/airflow_venv/lib/python3.12/site-packages/airflow/example_dags/example_setup_teardown_taskflow.py
[2026-05-18T06:38:46.636+0000] {logging_mixin.py:190} INFO - [2026-05-18T06:38:46.635+0000] {dag.py:3239} INFO - Sync 1 DAGs
[2026-05-18T06:38:46.654+0000] {logging_mixin.py:190} INFO - [2026-05-18T06:38:46.654+0000] {dag.py:4180} INFO - Setting next_dagrun for example_setup_teardown_taskflow to None, run_after=None
[2026-05-18T06:38:46.690+0000] {processor.py:208} INFO - Processing /home/noelsdavid/airflow_venv/lib/python3.12/site-packages/airflow/example_dags/example_setup_teardown_taskflow.py took 0.127 seconds
[2026-05-18T06:39:51.241+0000] {processor.py:186} INFO - Started process (PID=11333) to work on /home/noelsdavid/airflow_venv/lib/python3.12/site-packages/airflow/example_dags/example_setup_teardown_taskflow.py
[2026-05-18T06:39:51.268+0000] {processor.py:914} INFO - Processing file /home/noelsdavid/airflow_venv/lib/python3.12/site-packages/airflow/example_dags/example_setup_teardown_taskflow.py for tasks to queue
[2026-05-18T06:39:51.270+0000] {logging_mixin.py:190} INFO - [2026-05-18T06:39:51.269+0000] {dagbag.py:588} INFO - Filling up the DagBag from /home/noelsdavid/airflow_venv/lib/python3.12/site-packages/airflow/example_dags/example_setup_teardown_taskflow.py
[2026-05-18T06:39:51.288+0000] {processor.py:925} INFO - DAG(s) 'example_setup_teardown_taskflow' retrieved from /home/noelsdavid/airflow_venv/lib/python3.12/site-packages/airflow/example_dags/example_setup_teardown_taskflow.py
[2026-05-18T06:39:51.313+0000] {logging_mixin.py:190} INFO - [2026-05-18T06:39:51.313+0000] {dag.py:3239} INFO - Sync 1 DAGs
[2026-05-18T06:39:51.331+0000] {logging_mixin.py:190} INFO - [2026-05-18T06:39:51.330+0000] {dag.py:4180} INFO - Setting next_dagrun for example_setup_teardown_taskflow to None, run_after=None
[2026-05-18T06:39:51.366+0000] {processor.py:208} INFO - Processing /home/noelsdavid/airflow_venv/lib/python3.12/site-packages/airflow/example_dags/example_setup_teardown_taskflow.py took 0.134 seconds
[2026-05-18T06:41:06.065+0000] {processor.py:186} INFO - Started process (PID=11711) to work on /home/noelsdavid/airflow_venv/lib/python3.12/site-packages/airflow/example_dags/example_setup_teardown_taskflow.py
[2026-05-18T06:41:06.068+0000] {processor.py:914} INFO - Processing file /home/noelsdavid/airflow_venv/lib/python3.12/site-packages/airflow/example_dags/example_setup_teardown_taskflow.py for tasks to queue
[2026-05-18T06:41:06.071+0000] {logging_mixin.py:190} INFO - [2026-05-18T06:41:06.070+0000] {dagbag.py:588} INFO - Filling up the DagBag from /home/noelsdavid/airflow_venv/lib/python3.12/site-packages/airflow/example_dags/example_setup_teardown_taskflow.py
[2026-05-18T06:41:06.090+0000] {processor.py:925} INFO - DAG(s) 'example_setup_teardown_taskflow' retrieved from /home/noelsdavid/airflow_venv/lib/python3.12/site-packages/airflow/example_dags/example_setup_teardown_taskflow.py
[2026-05-18T06:41:06.116+0000] {logging_mixin.py:190} INFO - [2026-05-18T06:41:06.116+0000] {dag.py:3239} INFO - Sync 1 DAGs
[2026-05-18T06:41:06.133+0000] {logging_mixin.py:190} INFO - [2026-05-18T06:41:06.133+0000] {dag.py:4180} INFO - Setting next_dagrun for example_setup_teardown_taskflow to None, run_after=None
[2026-05-18T06:41:06.166+0000] {processor.py:208} INFO - Processing /home/noelsdavid/airflow_venv/lib/python3.12/site-packages/airflow/example_dags/example_setup_teardown_taskflow.py took 0.110 seconds
[2026-05-18T06:42:18.146+0000] {processor.py:186} INFO - Started process (PID=12380) to work on /home/noelsdavid/airflow_venv/lib/python3.12/site-packages/airflow/example_dags/example_setup_teardown_taskflow.py
[2026-05-18T06:42:18.149+0000] {processor.py:914} INFO - Processing file /home/noelsdavid/airflow_venv/lib/python3.12/site-packages/airflow/example_dags/example_setup_teardown_taskflow.py for tasks to queue
[2026-05-18T06:42:18.152+0000] {logging_mixin.py:190} INFO - [2026-05-18T06:42:18.151+0000] {dagbag.py:588} INFO - Filling up the DagBag from /home/noelsdavid/airflow_venv/lib/python3.12/site-packages/airflow/example_dags/example_setup_teardown_taskflow.py
[2026-05-18T06:42:18.172+0000] {processor.py:925} INFO - DAG(s) 'example_setup_teardown_taskflow' retrieved from /home/noelsdavid/airflow_venv/lib/python3.12/site-packages/airflow/example_dags/example_setup_teardown_taskflow.py
[2026-05-18T06:42:18.209+0000] {logging_mixin.py:190} INFO - [2026-05-18T06:42:18.208+0000] {dag.py:3239} INFO - Sync 1 DAGs
[2026-05-18T06:42:18.239+0000] {logging_mixin.py:190} INFO - [2026-05-18T06:42:18.238+0000] {dag.py:4180} INFO - Setting next_dagrun for example_setup_teardown_taskflow to None, run_after=None
[2026-05-18T06:42:18.284+0000] {processor.py:208} INFO - Processing /home/noelsdavid/airflow_venv/lib/python3.12/site-packages/airflow/example_dags/example_setup_teardown_taskflow.py took 0.150 seconds
[2026-05-18T06:43:50.405+0000] {processor.py:186} INFO - Started process (PID=12978) to work on /home/noelsdavid/airflow_venv/lib/python3.12/site-packages/airflow/example_dags/example_setup_teardown_taskflow.py
[2026-05-18T06:43:50.427+0000] {processor.py:914} INFO - Processing file /home/noelsdavid/airflow_venv/lib/python3.12/site-packages/airflow/example_dags/example_setup_teardown_taskflow.py for tasks to queue
[2026-05-18T06:43:50.429+0000] {logging_mixin.py:190} INFO - [2026-05-18T06:43:50.429+0000] {dagbag.py:588} INFO - Filling up the DagBag from /home/noelsdavid/airflow_venv/lib/python3.12/site-packages/airflow/example_dags/example_setup_teardown_taskflow.py
[2026-05-18T06:43:50.448+0000] {processor.py:925} INFO - DAG(s) 'example_setup_teardown_taskflow' retrieved from /home/noelsdavid/airflow_venv/lib/python3.12/site-packages/airflow/example_dags/example_setup_teardown_taskflow.py
[2026-05-18T06:43:50.478+0000] {logging_mixin.py:190} INFO - [2026-05-18T06:43:50.478+0000] {dag.py:3239} INFO - Sync 1 DAGs
[2026-05-18T06:43:50.502+0000] {logging_mixin.py:190} INFO - [2026-05-18T06:43:50.502+0000] {dag.py:4180} INFO - Setting next_dagrun for example_setup_teardown_taskflow to None, run_after=None
[2026-05-18T06:43:50.547+0000] {processor.py:208} INFO - Processing /home/noelsdavid/airflow_venv/lib/python3.12/site-packages/airflow/example_dags/example_setup_teardown_taskflow.py took 0.153 seconds
[2026-05-18T06:45:08.218+0000] {processor.py:186} INFO - Started process (PID=13086) to work on /home/noelsdavid/airflow_venv/lib/python3.12/site-packages/airflow/example_dags/example_setup_teardown_taskflow.py
[2026-05-18T06:45:08.222+0000] {processor.py:914} INFO - Processing file /home/noelsdavid/airflow_venv/lib/python3.12/site-packages/airflow/example_dags/example_setup_teardown_taskflow.py for tasks to queue
[2026-05-18T06:45:08.225+0000] {logging_mixin.py:190} INFO - [2026-05-18T06:45:08.224+0000] {dagbag.py:588} INFO - Filling up the DagBag from /home/noelsdavid/airflow_venv/lib/python3.12/site-packages/airflow/example_dags/example_setup_teardown_taskflow.py
[2026-05-18T06:45:08.242+0000] {processor.py:925} INFO - DAG(s) 'example_setup_teardown_taskflow' retrieved from /home/noelsdavid/airflow_venv/lib/python3.12/site-packages/airflow/example_dags/example_setup_teardown_taskflow.py
[2026-05-18T06:45:08.271+0000] {logging_mixin.py:190} INFO - [2026-05-18T06:45:08.271+0000] {dag.py:3239} INFO - Sync 1 DAGs
[2026-05-18T06:45:08.291+0000] {logging_mixin.py:190} INFO - [2026-05-18T06:45:08.290+0000] {dag.py:4180} INFO - Setting next_dagrun for example_setup_teardown_taskflow to None, run_after=None
[2026-05-18T06:45:08.332+0000] {processor.py:208} INFO - Processing /home/noelsdavid/airflow_venv/lib/python3.12/site-packages/airflow/example_dags/example_setup_teardown_taskflow.py took 0.125 seconds
[2026-05-18T06:46:19.943+0000] {processor.py:186} INFO - Started process (PID=13188) to work on /home/noelsdavid/airflow_venv/lib/python3.12/site-packages/airflow/example_dags/example_setup_teardown_taskflow.py
[2026-05-18T06:46:19.945+0000] {processor.py:914} INFO - Processing file /home/noelsdavid/airflow_venv/lib/python3.12/site-packages/airflow/example_dags/example_setup_teardown_taskflow.py for tasks to queue
[2026-05-18T06:46:19.947+0000] {logging_mixin.py:190} INFO - [2026-05-18T06:46:19.946+0000] {dagbag.py:588} INFO - Filling up the DagBag from /home/noelsdavid/airflow_venv/lib/python3.12/site-packages/airflow/example_dags/example_setup_teardown_taskflow.py
[2026-05-18T06:46:19.963+0000] {processor.py:925} INFO - DAG(s) 'example_setup_teardown_taskflow' retrieved from /home/noelsdavid/airflow_venv/lib/python3.12/site-packages/airflow/example_dags/example_setup_teardown_taskflow.py
[2026-05-18T06:46:19.987+0000] {logging_mixin.py:190} INFO - [2026-05-18T06:46:19.987+0000] {dag.py:3239} INFO - Sync 1 DAGs
[2026-05-18T06:46:20.007+0000] {logging_mixin.py:190} INFO - [2026-05-18T06:46:20.006+0000] {dag.py:4180} INFO - Setting next_dagrun for example_setup_teardown_taskflow to None, run_after=None
[2026-05-18T06:46:20.048+0000] {processor.py:208} INFO - Processing /home/noelsdavid/airflow_venv/lib/python3.12/site-packages/airflow/example_dags/example_setup_teardown_taskflow.py took 0.116 seconds
[2026-05-18T06:47:28.492+0000] {processor.py:186} INFO - Started process (PID=13264) to work on /home/noelsdavid/airflow_venv/lib/python3.12/site-packages/airflow/example_dags/example_setup_teardown_taskflow.py
[2026-05-18T06:47:28.516+0000] {processor.py:914} INFO - Processing file /home/noelsdavid/airflow_venv/lib/python3.12/site-packages/airflow/example_dags/example_setup_teardown_taskflow.py for tasks to queue
[2026-05-18T06:47:28.518+0000] {logging_mixin.py:190} INFO - [2026-05-18T06:47:28.517+0000] {dagbag.py:588} INFO - Filling up the DagBag from /home/noelsdavid/airflow_venv/lib/python3.12/site-packages/airflow/example_dags/example_setup_teardown_taskflow.py
[2026-05-18T06:47:28.533+0000] {processor.py:925} INFO - DAG(s) 'example_setup_teardown_taskflow' retrieved from /home/noelsdavid/airflow_venv/lib/python3.12/site-packages/airflow/example_dags/example_setup_teardown_taskflow.py
[2026-05-18T06:47:28.557+0000] {logging_mixin.py:190} INFO - [2026-05-18T06:47:28.557+0000] {dag.py:3239} INFO - Sync 1 DAGs
[2026-05-18T06:47:28.574+0000] {logging_mixin.py:190} INFO - [2026-05-18T06:47:28.573+0000] {dag.py:4180} INFO - Setting next_dagrun for example_setup_teardown_taskflow to None, run_after=None
[2026-05-18T06:47:28.605+0000] {processor.py:208} INFO - Processing /home/noelsdavid/airflow_venv/lib/python3.12/site-packages/airflow/example_dags/example_setup_teardown_taskflow.py took 0.123 seconds
[2026-05-18T06:48:32.680+0000] {processor.py:186} INFO - Started process (PID=13336) to work on /home/noelsdavid/airflow_venv/lib/python3.12/site-packages/airflow/example_dags/example_setup_teardown_taskflow.py
[2026-05-18T06:48:32.683+0000] {processor.py:914} INFO - Processing file /home/noelsdavid/airflow_venv/lib/python3.12/site-packages/airflow/example_dags/example_setup_teardown_taskflow.py for tasks to queue
[2026-05-18T06:48:32.685+0000] {logging_mixin.py:190} INFO - [2026-05-18T06:48:32.684+0000] {dagbag.py:588} INFO - Filling up the DagBag from /home/noelsdavid/airflow_venv/lib/python3.12/site-packages/airflow/example_dags/example_setup_teardown_taskflow.py
[2026-05-18T06:48:32.702+0000] {processor.py:925} INFO - DAG(s) 'example_setup_teardown_taskflow' retrieved from /home/noelsdavid/airflow_venv/lib/python3.12/site-packages/airflow/example_dags/example_setup_teardown_taskflow.py
[2026-05-18T06:48:32.729+0000] {logging_mixin.py:190} INFO - [2026-05-18T06:48:32.729+0000] {dag.py:3239} INFO - Sync 1 DAGs
[2026-05-18T06:48:32.747+0000] {logging_mixin.py:190} INFO - [2026-05-18T06:48:32.747+0000] {dag.py:4180} INFO - Setting next_dagrun for example_setup_teardown_taskflow to None, run_after=None
[2026-05-18T06:48:32.781+0000] {processor.py:208} INFO - Processing /home/noelsdavid/airflow_venv/lib/python3.12/site-packages/airflow/example_dags/example_setup_teardown_taskflow.py took 0.111 seconds
[2026-05-18T06:49:36.174+0000] {processor.py:186} INFO - Started process (PID=13408) to work on /home/noelsdavid/airflow_venv/lib/python3.12/site-packages/airflow/example_dags/example_setup_teardown_taskflow.py
[2026-05-18T06:49:36.196+0000] {processor.py:914} INFO - Processing file /home/noelsdavid/airflow_venv/lib/python3.12/site-packages/airflow/example_dags/example_setup_teardown_taskflow.py for tasks to queue
[2026-05-18T06:49:36.198+0000] {logging_mixin.py:190} INFO - [2026-05-18T06:49:36.198+0000] {dagbag.py:588} INFO - Filling up the DagBag from /home/noelsdavid/airflow_venv/lib/python3.12/site-packages/airflow/example_dags/example_setup_teardown_taskflow.py
[2026-05-18T06:49:36.213+0000] {processor.py:925} INFO - DAG(s) 'example_setup_teardown_taskflow' retrieved from /home/noelsdavid/airflow_venv/lib/python3.12/site-packages/airflow/example_dags/example_setup_teardown_taskflow.py
[2026-05-18T06:49:36.239+0000] {logging_mixin.py:190} INFO - [2026-05-18T06:49:36.238+0000] {dag.py:3239} INFO - Sync 1 DAGs
[2026-05-18T06:49:36.255+0000] {logging_mixin.py:190} INFO - [2026-05-18T06:49:36.255+0000] {dag.py:4180} INFO - Setting next_dagrun for example_setup_teardown_taskflow to None, run_after=None
[2026-05-18T06:49:36.285+0000] {processor.py:208} INFO - Processing /home/noelsdavid/airflow_venv/lib/python3.12/site-packages/airflow/example_dags/example_setup_teardown_taskflow.py took 0.122 seconds
[2026-05-18T06:50:44.536+0000] {processor.py:186} INFO - Started process (PID=13996) to work on /home/noelsdavid/airflow_venv/lib/python3.12/site-packages/airflow/example_dags/example_setup_teardown_taskflow.py
[2026-05-18T06:50:44.538+0000] {processor.py:914} INFO - Processing file /home/noelsdavid/airflow_venv/lib/python3.12/site-packages/airflow/example_dags/example_setup_teardown_taskflow.py for tasks to queue
[2026-05-18T06:50:44.540+0000] {logging_mixin.py:190} INFO - [2026-05-18T06:50:44.539+0000] {dagbag.py:588} INFO - Filling up the DagBag from /home/noelsdavid/airflow_venv/lib/python3.12/site-packages/airflow/example_dags/example_setup_teardown_taskflow.py
[2026-05-18T06:50:44.555+0000] {processor.py:925} INFO - DAG(s) 'example_setup_teardown_taskflow' retrieved from /home/noelsdavid/airflow_venv/lib/python3.12/site-packages/airflow/example_dags/example_setup_teardown_taskflow.py
[2026-05-18T06:50:44.579+0000] {logging_mixin.py:190} INFO - [2026-05-18T06:50:44.579+0000] {dag.py:3239} INFO - Sync 1 DAGs
[2026-05-18T06:50:44.595+0000] {logging_mixin.py:190} INFO - [2026-05-18T06:50:44.595+0000] {dag.py:4180} INFO - Setting next_dagrun for example_setup_teardown_taskflow to None, run_after=None
[2026-05-18T06:50:44.624+0000] {processor.py:208} INFO - Processing /home/noelsdavid/airflow_venv/lib/python3.12/site-packages/airflow/example_dags/example_setup_teardown_taskflow.py took 0.099 seconds
[2026-05-18T06:52:00.180+0000] {processor.py:186} INFO - Started process (PID=14354) to work on /home/noelsdavid/airflow_venv/lib/python3.12/site-packages/airflow/example_dags/example_setup_teardown_taskflow.py
[2026-05-18T06:52:00.183+0000] {processor.py:914} INFO - Processing file /home/noelsdavid/airflow_venv/lib/python3.12/site-packages/airflow/example_dags/example_setup_teardown_taskflow.py for tasks to queue
[2026-05-18T06:52:00.186+0000] {logging_mixin.py:190} INFO - [2026-05-18T06:52:00.185+0000] {dagbag.py:588} INFO - Filling up the DagBag from /home/noelsdavid/airflow_venv/lib/python3.12/site-packages/airflow/example_dags/example_setup_teardown_taskflow.py
[2026-05-18T06:52:00.203+0000] {processor.py:925} INFO - DAG(s) 'example_setup_teardown_taskflow' retrieved from /home/noelsdavid/airflow_venv/lib/python3.12/site-packages/airflow/example_dags/example_setup_teardown_taskflow.py
[2026-05-18T06:52:00.226+0000] {logging_mixin.py:190} INFO - [2026-05-18T06:52:00.226+0000] {dag.py:3239} INFO - Sync 1 DAGs
[2026-05-18T06:52:00.243+0000] {logging_mixin.py:190} INFO - [2026-05-18T06:52:00.243+0000] {dag.py:4180} INFO - Setting next_dagrun for example_setup_teardown_taskflow to None, run_after=None
[2026-05-18T06:52:00.274+0000] {processor.py:208} INFO - Processing /home/noelsdavid/airflow_venv/lib/python3.12/site-packages/airflow/example_dags/example_setup_teardown_taskflow.py took 0.104 seconds
[2026-05-18T06:53:09.425+0000] {processor.py:186} INFO - Started process (PID=14607) to work on /home/noelsdavid/airflow_venv/lib/python3.12/site-packages/airflow/example_dags/example_setup_teardown_taskflow.py
[2026-05-18T06:53:09.449+0000] {processor.py:914} INFO - Processing file /home/noelsdavid/airflow_venv/lib/python3.12/site-packages/airflow/example_dags/example_setup_teardown_taskflow.py for tasks to queue
[2026-05-18T06:53:09.451+0000] {logging_mixin.py:190} INFO - [2026-05-18T06:53:09.451+0000] {dagbag.py:588} INFO - Filling up the DagBag from /home/noelsdavid/airflow_venv/lib/python3.12/site-packages/airflow/example_dags/example_setup_teardown_taskflow.py
[2026-05-18T06:53:09.467+0000] {processor.py:925} INFO - DAG(s) 'example_setup_teardown_taskflow' retrieved from /home/noelsdavid/airflow_venv/lib/python3.12/site-packages/airflow/example_dags/example_setup_teardown_taskflow.py
[2026-05-18T06:53:09.492+0000] {logging_mixin.py:190} INFO - [2026-05-18T06:53:09.492+0000] {dag.py:3239} INFO - Sync 1 DAGs
[2026-05-18T06:53:09.511+0000] {logging_mixin.py:190} INFO - [2026-05-18T06:53:09.510+0000] {dag.py:4180} INFO - Setting next_dagrun for example_setup_teardown_taskflow to None, run_after=None
[2026-05-18T06:53:09.542+0000] {processor.py:208} INFO - Processing /home/noelsdavid/airflow_venv/lib/python3.12/site-packages/airflow/example_dags/example_setup_teardown_taskflow.py took 0.128 seconds
[2026-05-18T06:54:22.666+0000] {processor.py:186} INFO - Started process (PID=14954) to work on /home/noelsdavid/airflow_venv/lib/python3.12/site-packages/airflow/example_dags/example_setup_teardown_taskflow.py
[2026-05-18T06:54:22.669+0000] {processor.py:914} INFO - Processing file /home/noelsdavid/airflow_venv/lib/python3.12/site-packages/airflow/example_dags/example_setup_teardown_taskflow.py for tasks to queue
[2026-05-18T06:54:22.671+0000] {logging_mixin.py:190} INFO - [2026-05-18T06:54:22.670+0000] {dagbag.py:588} INFO - Filling up the DagBag from /home/noelsdavid/airflow_venv/lib/python3.12/site-packages/airflow/example_dags/example_setup_teardown_taskflow.py
[2026-05-18T06:54:22.687+0000] {processor.py:925} INFO - DAG(s) 'example_setup_teardown_taskflow' retrieved from /home/noelsdavid/airflow_venv/lib/python3.12/site-packages/airflow/example_dags/example_setup_teardown_taskflow.py
[2026-05-18T06:54:22.711+0000] {logging_mixin.py:190} INFO - [2026-05-18T06:54:22.711+0000] {dag.py:3239} INFO - Sync 1 DAGs
[2026-05-18T06:54:22.728+0000] {logging_mixin.py:190} INFO - [2026-05-18T06:54:22.728+0000] {dag.py:4180} INFO - Setting next_dagrun for example_setup_teardown_taskflow to None, run_after=None
[2026-05-18T06:54:22.760+0000] {processor.py:208} INFO - Processing /home/noelsdavid/airflow_venv/lib/python3.12/site-packages/airflow/example_dags/example_setup_teardown_taskflow.py took 0.104 seconds
[2026-05-18T06:55:38.328+0000] {processor.py:186} INFO - Started process (PID=15168) to work on /home/noelsdavid/airflow_venv/lib/python3.12/site-packages/airflow/example_dags/example_setup_teardown_taskflow.py
[2026-05-18T06:55:38.333+0000] {processor.py:914} INFO - Processing file /home/noelsdavid/airflow_venv/lib/python3.12/site-packages/airflow/example_dags/example_setup_teardown_taskflow.py for tasks to queue
[2026-05-18T06:55:38.335+0000] {logging_mixin.py:190} INFO - [2026-05-18T06:55:38.335+0000] {dagbag.py:588} INFO - Filling up the DagBag from /home/noelsdavid/airflow_venv/lib/python3.12/site-packages/airflow/example_dags/example_setup_teardown_taskflow.py
[2026-05-18T06:55:38.351+0000] {processor.py:925} INFO - DAG(s) 'example_setup_teardown_taskflow' retrieved from /home/noelsdavid/airflow_venv/lib/python3.12/site-packages/airflow/example_dags/example_setup_teardown_taskflow.py
[2026-05-18T06:55:38.375+0000] {logging_mixin.py:190} INFO - [2026-05-18T06:55:38.375+0000] {dag.py:3239} INFO - Sync 1 DAGs
[2026-05-18T06:55:38.392+0000] {logging_mixin.py:190} INFO - [2026-05-18T06:55:38.392+0000] {dag.py:4180} INFO - Setting next_dagrun for example_setup_teardown_taskflow to None, run_after=None
[2026-05-18T06:55:38.429+0000] {processor.py:208} INFO - Processing /home/noelsdavid/airflow_venv/lib/python3.12/site-packages/airflow/example_dags/example_setup_teardown_taskflow.py took 0.110 seconds
[2026-05-18T06:56:54.652+0000] {processor.py:186} INFO - Started process (PID=15429) to work on /home/noelsdavid/airflow_venv/lib/python3.12/site-packages/airflow/example_dags/example_setup_teardown_taskflow.py
[2026-05-18T06:56:54.681+0000] {processor.py:914} INFO - Processing file /home/noelsdavid/airflow_venv/lib/python3.12/site-packages/airflow/example_dags/example_setup_teardown_taskflow.py for tasks to queue
[2026-05-18T06:56:54.686+0000] {logging_mixin.py:190} INFO - [2026-05-18T06:56:54.685+0000] {dagbag.py:588} INFO - Filling up the DagBag from /home/noelsdavid/airflow_venv/lib/python3.12/site-packages/airflow/example_dags/example_setup_teardown_taskflow.py
[2026-05-18T06:56:54.735+0000] {processor.py:925} INFO - DAG(s) 'example_setup_teardown_taskflow' retrieved from /home/noelsdavid/airflow_venv/lib/python3.12/site-packages/airflow/example_dags/example_setup_teardown_taskflow.py
[2026-05-18T06:56:54.810+0000] {logging_mixin.py:190} INFO - [2026-05-18T06:56:54.809+0000] {dag.py:3239} INFO - Sync 1 DAGs
[2026-05-18T06:56:54.855+0000] {logging_mixin.py:190} INFO - [2026-05-18T06:56:54.855+0000] {dag.py:4180} INFO - Setting next_dagrun for example_setup_teardown_taskflow to None, run_after=None
[2026-05-18T06:56:54.910+0000] {processor.py:208} INFO - Processing /home/noelsdavid/airflow_venv/lib/python3.12/site-packages/airflow/example_dags/example_setup_teardown_taskflow.py took 0.298 seconds
[2026-05-18T06:58:12.789+0000] {processor.py:186} INFO - Started process (PID=15661) to work on /home/noelsdavid/airflow_venv/lib/python3.12/site-packages/airflow/example_dags/example_setup_teardown_taskflow.py
[2026-05-18T06:58:12.792+0000] {processor.py:914} INFO - Processing file /home/noelsdavid/airflow_venv/lib/python3.12/site-packages/airflow/example_dags/example_setup_teardown_taskflow.py for tasks to queue
[2026-05-18T06:58:12.794+0000] {logging_mixin.py:190} INFO - [2026-05-18T06:58:12.793+0000] {dagbag.py:588} INFO - Filling up the DagBag from /home/noelsdavid/airflow_venv/lib/python3.12/site-packages/airflow/example_dags/example_setup_teardown_taskflow.py
[2026-05-18T06:58:12.810+0000] {processor.py:925} INFO - DAG(s) 'example_setup_teardown_taskflow' retrieved from /home/noelsdavid/airflow_venv/lib/python3.12/site-packages/airflow/example_dags/example_setup_teardown_taskflow.py
[2026-05-18T06:58:12.837+0000] {logging_mixin.py:190} INFO - [2026-05-18T06:58:12.837+0000] {dag.py:3239} INFO - Sync 1 DAGs
[2026-05-18T06:58:12.856+0000] {logging_mixin.py:190} INFO - [2026-05-18T06:58:12.856+0000] {dag.py:4180} INFO - Setting next_dagrun for example_setup_teardown_taskflow to None, run_after=None
[2026-05-18T06:58:12.886+0000] {processor.py:208} INFO - Processing /home/noelsdavid/airflow_venv/lib/python3.12/site-packages/airflow/example_dags/example_setup_teardown_taskflow.py took 0.108 seconds
[2026-05-18T06:59:28.462+0000] {processor.py:186} INFO - Started process (PID=15854) to work on /home/noelsdavid/airflow_venv/lib/python3.12/site-packages/airflow/example_dags/example_setup_teardown_taskflow.py
[2026-05-18T06:59:28.465+0000] {processor.py:914} INFO - Processing file /home/noelsdavid/airflow_venv/lib/python3.12/site-packages/airflow/example_dags/example_setup_teardown_taskflow.py for tasks to queue
[2026-05-18T06:59:28.467+0000] {logging_mixin.py:190} INFO - [2026-05-18T06:59:28.466+0000] {dagbag.py:588} INFO - Filling up the DagBag from /home/noelsdavid/airflow_venv/lib/python3.12/site-packages/airflow/example_dags/example_setup_teardown_taskflow.py
[2026-05-18T06:59:28.483+0000] {processor.py:925} INFO - DAG(s) 'example_setup_teardown_taskflow' retrieved from /home/noelsdavid/airflow_venv/lib/python3.12/site-packages/airflow/example_dags/example_setup_teardown_taskflow.py
[2026-05-18T06:59:28.506+0000] {logging_mixin.py:190} INFO - [2026-05-18T06:59:28.506+0000] {dag.py:3239} INFO - Sync 1 DAGs
[2026-05-18T06:59:28.524+0000] {logging_mixin.py:190} INFO - [2026-05-18T06:59:28.523+0000] {dag.py:4180} INFO - Setting next_dagrun for example_setup_teardown_taskflow to None, run_after=None
[2026-05-18T06:59:28.555+0000] {processor.py:208} INFO - Processing /home/noelsdavid/airflow_venv/lib/python3.12/site-packages/airflow/example_dags/example_setup_teardown_taskflow.py took 0.103 seconds
[2026-05-18T07:00:49.923+0000] {processor.py:186} INFO - Started process (PID=16224) to work on /home/noelsdavid/airflow_venv/lib/python3.12/site-packages/airflow/example_dags/example_setup_teardown_taskflow.py
[2026-05-18T07:00:49.925+0000] {processor.py:914} INFO - Processing file /home/noelsdavid/airflow_venv/lib/python3.12/site-packages/airflow/example_dags/example_setup_teardown_taskflow.py for tasks to queue
[2026-05-18T07:00:49.927+0000] {logging_mixin.py:190} INFO - [2026-05-18T07:00:49.927+0000] {dagbag.py:588} INFO - Filling up the DagBag from /home/noelsdavid/airflow_venv/lib/python3.12/site-packages/airflow/example_dags/example_setup_teardown_taskflow.py
[2026-05-18T07:00:49.942+0000] {processor.py:925} INFO - DAG(s) 'example_setup_teardown_taskflow' retrieved from /home/noelsdavid/airflow_venv/lib/python3.12/site-packages/airflow/example_dags/example_setup_teardown_taskflow.py
[2026-05-18T07:00:49.965+0000] {logging_mixin.py:190} INFO - [2026-05-18T07:00:49.965+0000] {dag.py:3239} INFO - Sync 1 DAGs
[2026-05-18T07:00:49.982+0000] {logging_mixin.py:190} INFO - [2026-05-18T07:00:49.982+0000] {dag.py:4180} INFO - Setting next_dagrun for example_setup_teardown_taskflow to None, run_after=None
[2026-05-18T07:00:50.015+0000] {processor.py:208} INFO - Processing /home/noelsdavid/airflow_venv/lib/python3.12/site-packages/airflow/example_dags/example_setup_teardown_taskflow.py took 0.102 seconds
[2026-05-18T07:02:02.756+0000] {processor.py:186} INFO - Started process (PID=16451) to work on /home/noelsdavid/airflow_venv/lib/python3.12/site-packages/airflow/example_dags/example_setup_teardown_taskflow.py
[2026-05-18T07:02:02.768+0000] {processor.py:914} INFO - Processing file /home/noelsdavid/airflow_venv/lib/python3.12/site-packages/airflow/example_dags/example_setup_teardown_taskflow.py for tasks to queue
[2026-05-18T07:02:02.771+0000] {logging_mixin.py:190} INFO - [2026-05-18T07:02:02.770+0000] {dagbag.py:588} INFO - Filling up the DagBag from /home/noelsdavid/airflow_venv/lib/python3.12/site-packages/airflow/example_dags/example_setup_teardown_taskflow.py
[2026-05-18T07:02:02.787+0000] {processor.py:925} INFO - DAG(s) 'example_setup_teardown_taskflow' retrieved from /home/noelsdavid/airflow_venv/lib/python3.12/site-packages/airflow/example_dags/example_setup_teardown_taskflow.py
[2026-05-18T07:02:02.811+0000] {logging_mixin.py:190} INFO - [2026-05-18T07:02:02.811+0000] {dag.py:3239} INFO - Sync 1 DAGs
[2026-05-18T07:02:02.828+0000] {logging_mixin.py:190} INFO - [2026-05-18T07:02:02.828+0000] {dag.py:4180} INFO - Setting next_dagrun for example_setup_teardown_taskflow to None, run_after=None
[2026-05-18T07:02:02.860+0000] {processor.py:208} INFO - Processing /home/noelsdavid/airflow_venv/lib/python3.12/site-packages/airflow/example_dags/example_setup_teardown_taskflow.py took 0.116 seconds
[2026-05-18T07:03:14.776+0000] {processor.py:186} INFO - Started process (PID=16529) to work on /home/noelsdavid/airflow_venv/lib/python3.12/site-packages/airflow/example_dags/example_setup_teardown_taskflow.py
[2026-05-18T07:03:14.779+0000] {processor.py:914} INFO - Processing file /home/noelsdavid/airflow_venv/lib/python3.12/site-packages/airflow/example_dags/example_setup_teardown_taskflow.py for tasks to queue
[2026-05-18T07:03:14.781+0000] {logging_mixin.py:190} INFO - [2026-05-18T07:03:14.781+0000] {dagbag.py:588} INFO - Filling up the DagBag from /home/noelsdavid/airflow_venv/lib/python3.12/site-packages/airflow/example_dags/example_setup_teardown_taskflow.py
[2026-05-18T07:03:14.796+0000] {processor.py:925} INFO - DAG(s) 'example_setup_teardown_taskflow' retrieved from /home/noelsdavid/airflow_venv/lib/python3.12/site-packages/airflow/example_dags/example_setup_teardown_taskflow.py
[2026-05-18T07:03:14.821+0000] {logging_mixin.py:190} INFO - [2026-05-18T07:03:14.821+0000] {dag.py:3239} INFO - Sync 1 DAGs
[2026-05-18T07:03:14.838+0000] {logging_mixin.py:190} INFO - [2026-05-18T07:03:14.838+0000] {dag.py:4180} INFO - Setting next_dagrun for example_setup_teardown_taskflow to None, run_after=None
[2026-05-18T07:03:14.868+0000] {processor.py:208} INFO - Processing /home/noelsdavid/airflow_venv/lib/python3.12/site-packages/airflow/example_dags/example_setup_teardown_taskflow.py took 0.102 seconds
[2026-05-18T07:04:22.922+0000] {processor.py:186} INFO - Started process (PID=16606) to work on /home/noelsdavid/airflow_venv/lib/python3.12/site-packages/airflow/example_dags/example_setup_teardown_taskflow.py
[2026-05-18T07:04:22.924+0000] {processor.py:914} INFO - Processing file /home/noelsdavid/airflow_venv/lib/python3.12/site-packages/airflow/example_dags/example_setup_teardown_taskflow.py for tasks to queue
[2026-05-18T07:04:22.926+0000] {logging_mixin.py:190} INFO - [2026-05-18T07:04:22.925+0000] {dagbag.py:588} INFO - Filling up the DagBag from /home/noelsdavid/airflow_venv/lib/python3.12/site-packages/airflow/example_dags/example_setup_teardown_taskflow.py
[2026-05-18T07:04:22.941+0000] {processor.py:925} INFO - DAG(s) 'example_setup_teardown_taskflow' retrieved from /home/noelsdavid/airflow_venv/lib/python3.12/site-packages/airflow/example_dags/example_setup_teardown_taskflow.py
[2026-05-18T07:04:22.965+0000] {logging_mixin.py:190} INFO - [2026-05-18T07:04:22.965+0000] {dag.py:3239} INFO - Sync 1 DAGs
[2026-05-18T07:04:22.981+0000] {logging_mixin.py:190} INFO - [2026-05-18T07:04:22.981+0000] {dag.py:4180} INFO - Setting next_dagrun for example_setup_teardown_taskflow to None, run_after=None
[2026-05-18T07:04:23.012+0000] {processor.py:208} INFO - Processing /home/noelsdavid/airflow_venv/lib/python3.12/site-packages/airflow/example_dags/example_setup_teardown_taskflow.py took 0.100 seconds
[2026-05-18T07:05:36.805+0000] {processor.py:186} INFO - Started process (PID=16709) to work on /home/noelsdavid/airflow_venv/lib/python3.12/site-packages/airflow/example_dags/example_setup_teardown_taskflow.py
[2026-05-18T07:05:36.808+0000] {processor.py:914} INFO - Processing file /home/noelsdavid/airflow_venv/lib/python3.12/site-packages/airflow/example_dags/example_setup_teardown_taskflow.py for tasks to queue
[2026-05-18T07:05:36.810+0000] {logging_mixin.py:190} INFO - [2026-05-18T07:05:36.810+0000] {dagbag.py:588} INFO - Filling up the DagBag from /home/noelsdavid/airflow_venv/lib/python3.12/site-packages/airflow/example_dags/example_setup_teardown_taskflow.py
[2026-05-18T07:05:36.828+0000] {processor.py:925} INFO - DAG(s) 'example_setup_teardown_taskflow' retrieved from /home/noelsdavid/airflow_venv/lib/python3.12/site-packages/airflow/example_dags/example_setup_teardown_taskflow.py
[2026-05-18T07:05:36.852+0000] {logging_mixin.py:190} INFO - [2026-05-18T07:05:36.852+0000] {dag.py:3239} INFO - Sync 1 DAGs
[2026-05-18T07:05:36.870+0000] {logging_mixin.py:190} INFO - [2026-05-18T07:05:36.869+0000] {dag.py:4180} INFO - Setting next_dagrun for example_setup_teardown_taskflow to None, run_after=None
[2026-05-18T07:05:36.904+0000] {processor.py:208} INFO - Processing /home/noelsdavid/airflow_venv/lib/python3.12/site-packages/airflow/example_dags/example_setup_teardown_taskflow.py took 0.110 seconds
[2026-05-18T07:06:56.410+0000] {processor.py:186} INFO - Started process (PID=16790) to work on /home/noelsdavid/airflow_venv/lib/python3.12/site-packages/airflow/example_dags/example_setup_teardown_taskflow.py
[2026-05-18T07:06:56.449+0000] {processor.py:914} INFO - Processing file /home/noelsdavid/airflow_venv/lib/python3.12/site-packages/airflow/example_dags/example_setup_teardown_taskflow.py for tasks to queue
[2026-05-18T07:06:56.452+0000] {logging_mixin.py:190} INFO - [2026-05-18T07:06:56.451+0000] {dagbag.py:588} INFO - Filling up the DagBag from /home/noelsdavid/airflow_venv/lib/python3.12/site-packages/airflow/example_dags/example_setup_teardown_taskflow.py
[2026-05-18T07:06:56.469+0000] {processor.py:925} INFO - DAG(s) 'example_setup_teardown_taskflow' retrieved from /home/noelsdavid/airflow_venv/lib/python3.12/site-packages/airflow/example_dags/example_setup_teardown_taskflow.py
[2026-05-18T07:06:56.496+0000] {logging_mixin.py:190} INFO - [2026-05-18T07:06:56.496+0000] {dag.py:3239} INFO - Sync 1 DAGs
[2026-05-18T07:06:56.517+0000] {logging_mixin.py:190} INFO - [2026-05-18T07:06:56.516+0000] {dag.py:4180} INFO - Setting next_dagrun for example_setup_teardown_taskflow to None, run_after=None
[2026-05-18T07:06:56.553+0000] {processor.py:208} INFO - Processing /home/noelsdavid/airflow_venv/lib/python3.12/site-packages/airflow/example_dags/example_setup_teardown_taskflow.py took 0.155 seconds
[2026-05-18T07:08:15.363+0000] {processor.py:186} INFO - Started process (PID=16872) to work on /home/noelsdavid/airflow_venv/lib/python3.12/site-packages/airflow/example_dags/example_setup_teardown_taskflow.py
[2026-05-18T07:08:15.366+0000] {processor.py:914} INFO - Processing file /home/noelsdavid/airflow_venv/lib/python3.12/site-packages/airflow/example_dags/example_setup_teardown_taskflow.py for tasks to queue
[2026-05-18T07:08:15.368+0000] {logging_mixin.py:190} INFO - [2026-05-18T07:08:15.367+0000] {dagbag.py:588} INFO - Filling up the DagBag from /home/noelsdavid/airflow_venv/lib/python3.12/site-packages/airflow/example_dags/example_setup_teardown_taskflow.py
[2026-05-18T07:08:15.383+0000] {processor.py:925} INFO - DAG(s) 'example_setup_teardown_taskflow' retrieved from /home/noelsdavid/airflow_venv/lib/python3.12/site-packages/airflow/example_dags/example_setup_teardown_taskflow.py
[2026-05-18T07:08:15.408+0000] {logging_mixin.py:190} INFO - [2026-05-18T07:08:15.408+0000] {dag.py:3239} INFO - Sync 1 DAGs
[2026-05-18T07:08:15.425+0000] {logging_mixin.py:190} INFO - [2026-05-18T07:08:15.425+0000] {dag.py:4180} INFO - Setting next_dagrun for example_setup_teardown_taskflow to None, run_after=None
[2026-05-18T07:08:15.456+0000] {processor.py:208} INFO - Processing /home/noelsdavid/airflow_venv/lib/python3.12/site-packages/airflow/example_dags/example_setup_teardown_taskflow.py took 0.103 seconds
[2026-05-18T07:09:40.077+0000] {processor.py:186} INFO - Started process (PID=16955) to work on /home/noelsdavid/airflow_venv/lib/python3.12/site-packages/airflow/example_dags/example_setup_teardown_taskflow.py
[2026-05-18T07:09:40.080+0000] {processor.py:914} INFO - Processing file /home/noelsdavid/airflow_venv/lib/python3.12/site-packages/airflow/example_dags/example_setup_teardown_taskflow.py for tasks to queue
[2026-05-18T07:09:40.082+0000] {logging_mixin.py:190} INFO - [2026-05-18T07:09:40.081+0000] {dagbag.py:588} INFO - Filling up the DagBag from /home/noelsdavid/airflow_venv/lib/python3.12/site-packages/airflow/example_dags/example_setup_teardown_taskflow.py
[2026-05-18T07:09:40.098+0000] {processor.py:925} INFO - DAG(s) 'example_setup_teardown_taskflow' retrieved from /home/noelsdavid/airflow_venv/lib/python3.12/site-packages/airflow/example_dags/example_setup_teardown_taskflow.py
[2026-05-18T07:09:40.124+0000] {logging_mixin.py:190} INFO - [2026-05-18T07:09:40.123+0000] {dag.py:3239} INFO - Sync 1 DAGs
[2026-05-18T07:09:40.142+0000] {logging_mixin.py:190} INFO - [2026-05-18T07:09:40.142+0000] {dag.py:4180} INFO - Setting next_dagrun for example_setup_teardown_taskflow to None, run_after=None
[2026-05-18T07:09:40.175+0000] {processor.py:208} INFO - Processing /home/noelsdavid/airflow_venv/lib/python3.12/site-packages/airflow/example_dags/example_setup_teardown_taskflow.py took 0.108 seconds
[2026-05-18T07:10:56.427+0000] {processor.py:186} INFO - Started process (PID=17062) to work on /home/noelsdavid/airflow_venv/lib/python3.12/site-packages/airflow/example_dags/example_setup_teardown_taskflow.py
[2026-05-18T07:10:56.429+0000] {processor.py:914} INFO - Processing file /home/noelsdavid/airflow_venv/lib/python3.12/site-packages/airflow/example_dags/example_setup_teardown_taskflow.py for tasks to queue
[2026-05-18T07:10:56.431+0000] {logging_mixin.py:190} INFO - [2026-05-18T07:10:56.431+0000] {dagbag.py:588} INFO - Filling up the DagBag from /home/noelsdavid/airflow_venv/lib/python3.12/site-packages/airflow/example_dags/example_setup_teardown_taskflow.py
[2026-05-18T07:10:56.447+0000] {processor.py:925} INFO - DAG(s) 'example_setup_teardown_taskflow' retrieved from /home/noelsdavid/airflow_venv/lib/python3.12/site-packages/airflow/example_dags/example_setup_teardown_taskflow.py
[2026-05-18T07:10:56.472+0000] {logging_mixin.py:190} INFO - [2026-05-18T07:10:56.472+0000] {dag.py:3239} INFO - Sync 1 DAGs
[2026-05-18T07:10:56.489+0000] {logging_mixin.py:190} INFO - [2026-05-18T07:10:56.489+0000] {dag.py:4180} INFO - Setting next_dagrun for example_setup_teardown_taskflow to None, run_after=None
[2026-05-18T07:10:56.525+0000] {processor.py:208} INFO - Processing /home/noelsdavid/airflow_venv/lib/python3.12/site-packages/airflow/example_dags/example_setup_teardown_taskflow.py took 0.108 seconds
[2026-05-18T07:12:10.164+0000] {processor.py:186} INFO - Started process (PID=17141) to work on /home/noelsdavid/airflow_venv/lib/python3.12/site-packages/airflow/example_dags/example_setup_teardown_taskflow.py
[2026-05-18T07:12:10.166+0000] {processor.py:914} INFO - Processing file /home/noelsdavid/airflow_venv/lib/python3.12/site-packages/airflow/example_dags/example_setup_teardown_taskflow.py for tasks to queue
[2026-05-18T07:12:10.168+0000] {logging_mixin.py:190} INFO - [2026-05-18T07:12:10.168+0000] {dagbag.py:588} INFO - Filling up the DagBag from /home/noelsdavid/airflow_venv/lib/python3.12/site-packages/airflow/example_dags/example_setup_teardown_taskflow.py
[2026-05-18T07:12:10.184+0000] {processor.py:925} INFO - DAG(s) 'example_setup_teardown_taskflow' retrieved from /home/noelsdavid/airflow_venv/lib/python3.12/site-packages/airflow/example_dags/example_setup_teardown_taskflow.py
[2026-05-18T07:12:10.208+0000] {logging_mixin.py:190} INFO - [2026-05-18T07:12:10.208+0000] {dag.py:3239} INFO - Sync 1 DAGs
[2026-05-18T07:12:10.225+0000] {logging_mixin.py:190} INFO - [2026-05-18T07:12:10.225+0000] {dag.py:4180} INFO - Setting next_dagrun for example_setup_teardown_taskflow to None, run_after=None
[2026-05-18T07:12:10.256+0000] {processor.py:208} INFO - Processing /home/noelsdavid/airflow_venv/lib/python3.12/site-packages/airflow/example_dags/example_setup_teardown_taskflow.py took 0.104 seconds
[2026-05-18T07:13:26.733+0000] {processor.py:186} INFO - Started process (PID=17222) to work on /home/noelsdavid/airflow_venv/lib/python3.12/site-packages/airflow/example_dags/example_setup_teardown_taskflow.py
[2026-05-18T07:13:26.736+0000] {processor.py:914} INFO - Processing file /home/noelsdavid/airflow_venv/lib/python3.12/site-packages/airflow/example_dags/example_setup_teardown_taskflow.py for tasks to queue
[2026-05-18T07:13:26.738+0000] {logging_mixin.py:190} INFO - [2026-05-18T07:13:26.737+0000] {dagbag.py:588} INFO - Filling up the DagBag from /home/noelsdavid/airflow_venv/lib/python3.12/site-packages/airflow/example_dags/example_setup_teardown_taskflow.py
[2026-05-18T07:13:26.753+0000] {processor.py:925} INFO - DAG(s) 'example_setup_teardown_taskflow' retrieved from /home/noelsdavid/airflow_venv/lib/python3.12/site-packages/airflow/example_dags/example_setup_teardown_taskflow.py
[2026-05-18T07:13:26.779+0000] {logging_mixin.py:190} INFO - [2026-05-18T07:13:26.779+0000] {dag.py:3239} INFO - Sync 1 DAGs
[2026-05-18T07:13:26.798+0000] {logging_mixin.py:190} INFO - [2026-05-18T07:13:26.798+0000] {dag.py:4180} INFO - Setting next_dagrun for example_setup_teardown_taskflow to None, run_after=None
[2026-05-18T07:13:26.830+0000] {processor.py:208} INFO - Processing /home/noelsdavid/airflow_venv/lib/python3.12/site-packages/airflow/example_dags/example_setup_teardown_taskflow.py took 0.107 seconds
[2026-05-18T07:14:37.120+0000] {processor.py:186} INFO - Started process (PID=17299) to work on /home/noelsdavid/airflow_venv/lib/python3.12/site-packages/airflow/example_dags/example_setup_teardown_taskflow.py
[2026-05-18T07:14:37.122+0000] {processor.py:914} INFO - Processing file /home/noelsdavid/airflow_venv/lib/python3.12/site-packages/airflow/example_dags/example_setup_teardown_taskflow.py for tasks to queue
[2026-05-18T07:14:37.124+0000] {logging_mixin.py:190} INFO - [2026-05-18T07:14:37.124+0000] {dagbag.py:588} INFO - Filling up the DagBag from /home/noelsdavid/airflow_venv/lib/python3.12/site-packages/airflow/example_dags/example_setup_teardown_taskflow.py
[2026-05-18T07:14:37.141+0000] {processor.py:925} INFO - DAG(s) 'example_setup_teardown_taskflow' retrieved from /home/noelsdavid/airflow_venv/lib/python3.12/site-packages/airflow/example_dags/example_setup_teardown_taskflow.py
[2026-05-18T07:14:37.166+0000] {logging_mixin.py:190} INFO - [2026-05-18T07:14:37.165+0000] {dag.py:3239} INFO - Sync 1 DAGs
[2026-05-18T07:14:37.183+0000] {logging_mixin.py:190} INFO - [2026-05-18T07:14:37.183+0000] {dag.py:4180} INFO - Setting next_dagrun for example_setup_teardown_taskflow to None, run_after=None
[2026-05-18T07:14:37.216+0000] {processor.py:208} INFO - Processing /home/noelsdavid/airflow_venv/lib/python3.12/site-packages/airflow/example_dags/example_setup_teardown_taskflow.py took 0.107 seconds
[2026-05-18T07:15:49.109+0000] {processor.py:186} INFO - Started process (PID=17401) to work on /home/noelsdavid/airflow_venv/lib/python3.12/site-packages/airflow/example_dags/example_setup_teardown_taskflow.py
[2026-05-18T07:15:49.128+0000] {processor.py:914} INFO - Processing file /home/noelsdavid/airflow_venv/lib/python3.12/site-packages/airflow/example_dags/example_setup_teardown_taskflow.py for tasks to queue
[2026-05-18T07:15:49.130+0000] {logging_mixin.py:190} INFO - [2026-05-18T07:15:49.130+0000] {dagbag.py:588} INFO - Filling up the DagBag from /home/noelsdavid/airflow_venv/lib/python3.12/site-packages/airflow/example_dags/example_setup_teardown_taskflow.py
[2026-05-18T07:15:49.148+0000] {processor.py:925} INFO - DAG(s) 'example_setup_teardown_taskflow' retrieved from /home/noelsdavid/airflow_venv/lib/python3.12/site-packages/airflow/example_dags/example_setup_teardown_taskflow.py
[2026-05-18T07:15:49.176+0000] {logging_mixin.py:190} INFO - [2026-05-18T07:15:49.175+0000] {dag.py:3239} INFO - Sync 1 DAGs
[2026-05-18T07:15:49.193+0000] {logging_mixin.py:190} INFO - [2026-05-18T07:15:49.193+0000] {dag.py:4180} INFO - Setting next_dagrun for example_setup_teardown_taskflow to None, run_after=None
[2026-05-18T07:15:49.227+0000] {processor.py:208} INFO - Processing /home/noelsdavid/airflow_venv/lib/python3.12/site-packages/airflow/example_dags/example_setup_teardown_taskflow.py took 0.128 seconds
[2026-05-18T07:17:11.917+0000] {processor.py:186} INFO - Started process (PID=17484) to work on /home/noelsdavid/airflow_venv/lib/python3.12/site-packages/airflow/example_dags/example_setup_teardown_taskflow.py
[2026-05-18T07:17:11.945+0000] {processor.py:914} INFO - Processing file /home/noelsdavid/airflow_venv/lib/python3.12/site-packages/airflow/example_dags/example_setup_teardown_taskflow.py for tasks to queue
[2026-05-18T07:17:11.947+0000] {logging_mixin.py:190} INFO - [2026-05-18T07:17:11.946+0000] {dagbag.py:588} INFO - Filling up the DagBag from /home/noelsdavid/airflow_venv/lib/python3.12/site-packages/airflow/example_dags/example_setup_teardown_taskflow.py
[2026-05-18T07:17:11.962+0000] {processor.py:925} INFO - DAG(s) 'example_setup_teardown_taskflow' retrieved from /home/noelsdavid/airflow_venv/lib/python3.12/site-packages/airflow/example_dags/example_setup_teardown_taskflow.py
[2026-05-18T07:17:11.987+0000] {logging_mixin.py:190} INFO - [2026-05-18T07:17:11.986+0000] {dag.py:3239} INFO - Sync 1 DAGs
[2026-05-18T07:17:12.005+0000] {logging_mixin.py:190} INFO - [2026-05-18T07:17:12.005+0000] {dag.py:4180} INFO - Setting next_dagrun for example_setup_teardown_taskflow to None, run_after=None
[2026-05-18T07:17:12.037+0000] {processor.py:208} INFO - Processing /home/noelsdavid/airflow_venv/lib/python3.12/site-packages/airflow/example_dags/example_setup_teardown_taskflow.py took 0.130 seconds
[2026-05-18T07:18:20.816+0000] {processor.py:186} INFO - Started process (PID=17563) to work on /home/noelsdavid/airflow_venv/lib/python3.12/site-packages/airflow/example_dags/example_setup_teardown_taskflow.py
[2026-05-18T07:18:20.819+0000] {processor.py:914} INFO - Processing file /home/noelsdavid/airflow_venv/lib/python3.12/site-packages/airflow/example_dags/example_setup_teardown_taskflow.py for tasks to queue
[2026-05-18T07:18:20.821+0000] {logging_mixin.py:190} INFO - [2026-05-18T07:18:20.821+0000] {dagbag.py:588} INFO - Filling up the DagBag from /home/noelsdavid/airflow_venv/lib/python3.12/site-packages/airflow/example_dags/example_setup_teardown_taskflow.py
[2026-05-18T07:18:20.838+0000] {processor.py:925} INFO - DAG(s) 'example_setup_teardown_taskflow' retrieved from /home/noelsdavid/airflow_venv/lib/python3.12/site-packages/airflow/example_dags/example_setup_teardown_taskflow.py
[2026-05-18T07:18:20.862+0000] {logging_mixin.py:190} INFO - [2026-05-18T07:18:20.862+0000] {dag.py:3239} INFO - Sync 1 DAGs
[2026-05-18T07:18:20.880+0000] {logging_mixin.py:190} INFO - [2026-05-18T07:18:20.879+0000] {dag.py:4180} INFO - Setting next_dagrun for example_setup_teardown_taskflow to None, run_after=None
[2026-05-18T07:18:20.916+0000] {processor.py:208} INFO - Processing /home/noelsdavid/airflow_venv/lib/python3.12/site-packages/airflow/example_dags/example_setup_teardown_taskflow.py took 0.110 seconds
[2026-05-18T07:19:28.841+0000] {processor.py:186} INFO - Started process (PID=17639) to work on /home/noelsdavid/airflow_venv/lib/python3.12/site-packages/airflow/example_dags/example_setup_teardown_taskflow.py
[2026-05-18T07:19:28.843+0000] {processor.py:914} INFO - Processing file /home/noelsdavid/airflow_venv/lib/python3.12/site-packages/airflow/example_dags/example_setup_teardown_taskflow.py for tasks to queue
[2026-05-18T07:19:28.846+0000] {logging_mixin.py:190} INFO - [2026-05-18T07:19:28.845+0000] {dagbag.py:588} INFO - Filling up the DagBag from /home/noelsdavid/airflow_venv/lib/python3.12/site-packages/airflow/example_dags/example_setup_teardown_taskflow.py
[2026-05-18T07:19:28.861+0000] {processor.py:925} INFO - DAG(s) 'example_setup_teardown_taskflow' retrieved from /home/noelsdavid/airflow_venv/lib/python3.12/site-packages/airflow/example_dags/example_setup_teardown_taskflow.py
[2026-05-18T07:19:28.885+0000] {logging_mixin.py:190} INFO - [2026-05-18T07:19:28.885+0000] {dag.py:3239} INFO - Sync 1 DAGs
[2026-05-18T07:19:28.905+0000] {logging_mixin.py:190} INFO - [2026-05-18T07:19:28.905+0000] {dag.py:4180} INFO - Setting next_dagrun for example_setup_teardown_taskflow to None, run_after=None
[2026-05-18T07:19:28.940+0000] {processor.py:208} INFO - Processing /home/noelsdavid/airflow_venv/lib/python3.12/site-packages/airflow/example_dags/example_setup_teardown_taskflow.py took 0.110 seconds
[2026-05-18T07:20:41.229+0000] {processor.py:186} INFO - Started process (PID=17741) to work on /home/noelsdavid/airflow_venv/lib/python3.12/site-packages/airflow/example_dags/example_setup_teardown_taskflow.py
[2026-05-18T07:20:41.241+0000] {processor.py:914} INFO - Processing file /home/noelsdavid/airflow_venv/lib/python3.12/site-packages/airflow/example_dags/example_setup_teardown_taskflow.py for tasks to queue
[2026-05-18T07:20:41.244+0000] {logging_mixin.py:190} INFO - [2026-05-18T07:20:41.243+0000] {dagbag.py:588} INFO - Filling up the DagBag from /home/noelsdavid/airflow_venv/lib/python3.12/site-packages/airflow/example_dags/example_setup_teardown_taskflow.py
[2026-05-18T07:20:41.260+0000] {processor.py:925} INFO - DAG(s) 'example_setup_teardown_taskflow' retrieved from /home/noelsdavid/airflow_venv/lib/python3.12/site-packages/airflow/example_dags/example_setup_teardown_taskflow.py
[2026-05-18T07:20:41.284+0000] {logging_mixin.py:190} INFO - [2026-05-18T07:20:41.284+0000] {dag.py:3239} INFO - Sync 1 DAGs
[2026-05-18T07:20:41.303+0000] {logging_mixin.py:190} INFO - [2026-05-18T07:20:41.303+0000] {dag.py:4180} INFO - Setting next_dagrun for example_setup_teardown_taskflow to None, run_after=None
[2026-05-18T07:20:41.334+0000] {processor.py:208} INFO - Processing /home/noelsdavid/airflow_venv/lib/python3.12/site-packages/airflow/example_dags/example_setup_teardown_taskflow.py took 0.115 seconds
[2026-05-18T07:21:51.279+0000] {processor.py:186} INFO - Started process (PID=17823) to work on /home/noelsdavid/airflow_venv/lib/python3.12/site-packages/airflow/example_dags/example_setup_teardown_taskflow.py
[2026-05-18T07:21:51.292+0000] {processor.py:914} INFO - Processing file /home/noelsdavid/airflow_venv/lib/python3.12/site-packages/airflow/example_dags/example_setup_teardown_taskflow.py for tasks to queue
[2026-05-18T07:21:51.295+0000] {logging_mixin.py:190} INFO - [2026-05-18T07:21:51.294+0000] {dagbag.py:588} INFO - Filling up the DagBag from /home/noelsdavid/airflow_venv/lib/python3.12/site-packages/airflow/example_dags/example_setup_teardown_taskflow.py
[2026-05-18T07:21:51.311+0000] {processor.py:925} INFO - DAG(s) 'example_setup_teardown_taskflow' retrieved from /home/noelsdavid/airflow_venv/lib/python3.12/site-packages/airflow/example_dags/example_setup_teardown_taskflow.py
[2026-05-18T07:21:51.339+0000] {logging_mixin.py:190} INFO - [2026-05-18T07:21:51.338+0000] {dag.py:3239} INFO - Sync 1 DAGs
[2026-05-18T07:21:51.357+0000] {logging_mixin.py:190} INFO - [2026-05-18T07:21:51.357+0000] {dag.py:4180} INFO - Setting next_dagrun for example_setup_teardown_taskflow to None, run_after=None
[2026-05-18T07:21:51.388+0000] {processor.py:208} INFO - Processing /home/noelsdavid/airflow_venv/lib/python3.12/site-packages/airflow/example_dags/example_setup_teardown_taskflow.py took 0.118 seconds
[2026-05-18T07:23:06.610+0000] {processor.py:186} INFO - Started process (PID=17903) to work on /home/noelsdavid/airflow_venv/lib/python3.12/site-packages/airflow/example_dags/example_setup_teardown_taskflow.py
[2026-05-18T07:23:06.612+0000] {processor.py:914} INFO - Processing file /home/noelsdavid/airflow_venv/lib/python3.12/site-packages/airflow/example_dags/example_setup_teardown_taskflow.py for tasks to queue
[2026-05-18T07:23:06.615+0000] {logging_mixin.py:190} INFO - [2026-05-18T07:23:06.614+0000] {dagbag.py:588} INFO - Filling up the DagBag from /home/noelsdavid/airflow_venv/lib/python3.12/site-packages/airflow/example_dags/example_setup_teardown_taskflow.py
[2026-05-18T07:23:06.630+0000] {processor.py:925} INFO - DAG(s) 'example_setup_teardown_taskflow' retrieved from /home/noelsdavid/airflow_venv/lib/python3.12/site-packages/airflow/example_dags/example_setup_teardown_taskflow.py
[2026-05-18T07:23:06.656+0000] {logging_mixin.py:190} INFO - [2026-05-18T07:23:06.656+0000] {dag.py:3239} INFO - Sync 1 DAGs
[2026-05-18T07:23:06.676+0000] {logging_mixin.py:190} INFO - [2026-05-18T07:23:06.676+0000] {dag.py:4180} INFO - Setting next_dagrun for example_setup_teardown_taskflow to None, run_after=None
[2026-05-18T07:23:06.711+0000] {processor.py:208} INFO - Processing /home/noelsdavid/airflow_venv/lib/python3.12/site-packages/airflow/example_dags/example_setup_teardown_taskflow.py took 0.111 seconds
[2026-05-18T07:24:21.463+0000] {processor.py:186} INFO - Started process (PID=17983) to work on /home/noelsdavid/airflow_venv/lib/python3.12/site-packages/airflow/example_dags/example_setup_teardown_taskflow.py
[2026-05-18T07:24:21.466+0000] {processor.py:914} INFO - Processing file /home/noelsdavid/airflow_venv/lib/python3.12/site-packages/airflow/example_dags/example_setup_teardown_taskflow.py for tasks to queue
[2026-05-18T07:24:21.468+0000] {logging_mixin.py:190} INFO - [2026-05-18T07:24:21.467+0000] {dagbag.py:588} INFO - Filling up the DagBag from /home/noelsdavid/airflow_venv/lib/python3.12/site-packages/airflow/example_dags/example_setup_teardown_taskflow.py
[2026-05-18T07:24:21.484+0000] {processor.py:925} INFO - DAG(s) 'example_setup_teardown_taskflow' retrieved from /home/noelsdavid/airflow_venv/lib/python3.12/site-packages/airflow/example_dags/example_setup_teardown_taskflow.py
[2026-05-18T07:24:21.508+0000] {logging_mixin.py:190} INFO - [2026-05-18T07:24:21.508+0000] {dag.py:3239} INFO - Sync 1 DAGs
[2026-05-18T07:24:21.525+0000] {logging_mixin.py:190} INFO - [2026-05-18T07:24:21.525+0000] {dag.py:4180} INFO - Setting next_dagrun for example_setup_teardown_taskflow to None, run_after=None
[2026-05-18T07:24:21.560+0000] {processor.py:208} INFO - Processing /home/noelsdavid/airflow_venv/lib/python3.12/site-packages/airflow/example_dags/example_setup_teardown_taskflow.py took 0.109 seconds
[2026-05-18T07:25:31.636+0000] {processor.py:186} INFO - Started process (PID=18083) to work on /home/noelsdavid/airflow_venv/lib/python3.12/site-packages/airflow/example_dags/example_setup_teardown_taskflow.py
[2026-05-18T07:25:31.676+0000] {processor.py:914} INFO - Processing file /home/noelsdavid/airflow_venv/lib/python3.12/site-packages/airflow/example_dags/example_setup_teardown_taskflow.py for tasks to queue
[2026-05-18T07:25:31.679+0000] {logging_mixin.py:190} INFO - [2026-05-18T07:25:31.678+0000] {dagbag.py:588} INFO - Filling up the DagBag from /home/noelsdavid/airflow_venv/lib/python3.12/site-packages/airflow/example_dags/example_setup_teardown_taskflow.py
[2026-05-18T07:25:31.704+0000] {processor.py:925} INFO - DAG(s) 'example_setup_teardown_taskflow' retrieved from /home/noelsdavid/airflow_venv/lib/python3.12/site-packages/airflow/example_dags/example_setup_teardown_taskflow.py
[2026-05-18T07:25:31.747+0000] {logging_mixin.py:190} INFO - [2026-05-18T07:25:31.746+0000] {dag.py:3239} INFO - Sync 1 DAGs
[2026-05-18T07:25:31.772+0000] {logging_mixin.py:190} INFO - [2026-05-18T07:25:31.772+0000] {dag.py:4180} INFO - Setting next_dagrun for example_setup_teardown_taskflow to None, run_after=None
[2026-05-18T07:25:31.808+0000] {processor.py:208} INFO - Processing /home/noelsdavid/airflow_venv/lib/python3.12/site-packages/airflow/example_dags/example_setup_teardown_taskflow.py took 0.183 seconds
[2026-05-18T07:26:36.597+0000] {processor.py:186} INFO - Started process (PID=18155) to work on /home/noelsdavid/airflow_venv/lib/python3.12/site-packages/airflow/example_dags/example_setup_teardown_taskflow.py
[2026-05-18T07:26:36.599+0000] {processor.py:914} INFO - Processing file /home/noelsdavid/airflow_venv/lib/python3.12/site-packages/airflow/example_dags/example_setup_teardown_taskflow.py for tasks to queue
[2026-05-18T07:26:36.601+0000] {logging_mixin.py:190} INFO - [2026-05-18T07:26:36.601+0000] {dagbag.py:588} INFO - Filling up the DagBag from /home/noelsdavid/airflow_venv/lib/python3.12/site-packages/airflow/example_dags/example_setup_teardown_taskflow.py
[2026-05-18T07:26:36.617+0000] {processor.py:925} INFO - DAG(s) 'example_setup_teardown_taskflow' retrieved from /home/noelsdavid/airflow_venv/lib/python3.12/site-packages/airflow/example_dags/example_setup_teardown_taskflow.py
[2026-05-18T07:26:36.643+0000] {logging_mixin.py:190} INFO - [2026-05-18T07:26:36.642+0000] {dag.py:3239} INFO - Sync 1 DAGs
[2026-05-18T07:26:36.661+0000] {logging_mixin.py:190} INFO - [2026-05-18T07:26:36.661+0000] {dag.py:4180} INFO - Setting next_dagrun for example_setup_teardown_taskflow to None, run_after=None
[2026-05-18T07:26:36.696+0000] {processor.py:208} INFO - Processing /home/noelsdavid/airflow_venv/lib/python3.12/site-packages/airflow/example_dags/example_setup_teardown_taskflow.py took 0.110 seconds
[2026-05-18T07:27:49.150+0000] {processor.py:186} INFO - Started process (PID=18233) to work on /home/noelsdavid/airflow_venv/lib/python3.12/site-packages/airflow/example_dags/example_setup_teardown_taskflow.py
[2026-05-18T07:27:49.153+0000] {processor.py:914} INFO - Processing file /home/noelsdavid/airflow_venv/lib/python3.12/site-packages/airflow/example_dags/example_setup_teardown_taskflow.py for tasks to queue
[2026-05-18T07:27:49.154+0000] {logging_mixin.py:190} INFO - [2026-05-18T07:27:49.154+0000] {dagbag.py:588} INFO - Filling up the DagBag from /home/noelsdavid/airflow_venv/lib/python3.12/site-packages/airflow/example_dags/example_setup_teardown_taskflow.py
[2026-05-18T07:27:49.170+0000] {processor.py:925} INFO - DAG(s) 'example_setup_teardown_taskflow' retrieved from /home/noelsdavid/airflow_venv/lib/python3.12/site-packages/airflow/example_dags/example_setup_teardown_taskflow.py
[2026-05-18T07:27:49.196+0000] {logging_mixin.py:190} INFO - [2026-05-18T07:27:49.196+0000] {dag.py:3239} INFO - Sync 1 DAGs
[2026-05-18T07:27:49.214+0000] {logging_mixin.py:190} INFO - [2026-05-18T07:27:49.214+0000] {dag.py:4180} INFO - Setting next_dagrun for example_setup_teardown_taskflow to None, run_after=None
[2026-05-18T07:27:49.250+0000] {processor.py:208} INFO - Processing /home/noelsdavid/airflow_venv/lib/python3.12/site-packages/airflow/example_dags/example_setup_teardown_taskflow.py took 0.111 seconds
[2026-05-18T07:28:58.804+0000] {processor.py:186} INFO - Started process (PID=18310) to work on /home/noelsdavid/airflow_venv/lib/python3.12/site-packages/airflow/example_dags/example_setup_teardown_taskflow.py
[2026-05-18T07:28:58.806+0000] {processor.py:914} INFO - Processing file /home/noelsdavid/airflow_venv/lib/python3.12/site-packages/airflow/example_dags/example_setup_teardown_taskflow.py for tasks to queue
[2026-05-18T07:28:58.809+0000] {logging_mixin.py:190} INFO - [2026-05-18T07:28:58.808+0000] {dagbag.py:588} INFO - Filling up the DagBag from /home/noelsdavid/airflow_venv/lib/python3.12/site-packages/airflow/example_dags/example_setup_teardown_taskflow.py
[2026-05-18T07:28:58.824+0000] {processor.py:925} INFO - DAG(s) 'example_setup_teardown_taskflow' retrieved from /home/noelsdavid/airflow_venv/lib/python3.12/site-packages/airflow/example_dags/example_setup_teardown_taskflow.py
[2026-05-18T07:28:58.852+0000] {logging_mixin.py:190} INFO - [2026-05-18T07:28:58.851+0000] {dag.py:3239} INFO - Sync 1 DAGs
[2026-05-18T07:28:58.871+0000] {logging_mixin.py:190} INFO - [2026-05-18T07:28:58.871+0000] {dag.py:4180} INFO - Setting next_dagrun for example_setup_teardown_taskflow to None, run_after=None
[2026-05-18T07:28:58.902+0000] {processor.py:208} INFO - Processing /home/noelsdavid/airflow_venv/lib/python3.12/site-packages/airflow/example_dags/example_setup_teardown_taskflow.py took 0.109 seconds
[2026-05-18T07:30:10.110+0000] {processor.py:186} INFO - Started process (PID=18396) to work on /home/noelsdavid/airflow_venv/lib/python3.12/site-packages/airflow/example_dags/example_setup_teardown_taskflow.py
[2026-05-18T07:30:10.113+0000] {processor.py:914} INFO - Processing file /home/noelsdavid/airflow_venv/lib/python3.12/site-packages/airflow/example_dags/example_setup_teardown_taskflow.py for tasks to queue
[2026-05-18T07:30:10.115+0000] {logging_mixin.py:190} INFO - [2026-05-18T07:30:10.114+0000] {dagbag.py:588} INFO - Filling up the DagBag from /home/noelsdavid/airflow_venv/lib/python3.12/site-packages/airflow/example_dags/example_setup_teardown_taskflow.py
[2026-05-18T07:30:10.133+0000] {processor.py:925} INFO - DAG(s) 'example_setup_teardown_taskflow' retrieved from /home/noelsdavid/airflow_venv/lib/python3.12/site-packages/airflow/example_dags/example_setup_teardown_taskflow.py
[2026-05-18T07:30:10.159+0000] {logging_mixin.py:190} INFO - [2026-05-18T07:30:10.158+0000] {dag.py:3239} INFO - Sync 1 DAGs
[2026-05-18T07:30:10.176+0000] {logging_mixin.py:190} INFO - [2026-05-18T07:30:10.176+0000] {dag.py:4180} INFO - Setting next_dagrun for example_setup_teardown_taskflow to None, run_after=None
[2026-05-18T07:30:10.208+0000] {processor.py:208} INFO - Processing /home/noelsdavid/airflow_venv/lib/python3.12/site-packages/airflow/example_dags/example_setup_teardown_taskflow.py took 0.109 seconds
[2026-05-18T07:31:21.642+0000] {processor.py:186} INFO - Started process (PID=18498) to work on /home/noelsdavid/airflow_venv/lib/python3.12/site-packages/airflow/example_dags/example_setup_teardown_taskflow.py
[2026-05-18T07:31:21.645+0000] {processor.py:914} INFO - Processing file /home/noelsdavid/airflow_venv/lib/python3.12/site-packages/airflow/example_dags/example_setup_teardown_taskflow.py for tasks to queue
[2026-05-18T07:31:21.647+0000] {logging_mixin.py:190} INFO - [2026-05-18T07:31:21.647+0000] {dagbag.py:588} INFO - Filling up the DagBag from /home/noelsdavid/airflow_venv/lib/python3.12/site-packages/airflow/example_dags/example_setup_teardown_taskflow.py
[2026-05-18T07:31:21.673+0000] {processor.py:925} INFO - DAG(s) 'example_setup_teardown_taskflow' retrieved from /home/noelsdavid/airflow_venv/lib/python3.12/site-packages/airflow/example_dags/example_setup_teardown_taskflow.py
[2026-05-18T07:31:21.719+0000] {logging_mixin.py:190} INFO - [2026-05-18T07:31:21.719+0000] {dag.py:3239} INFO - Sync 1 DAGs
[2026-05-18T07:31:21.750+0000] {logging_mixin.py:190} INFO - [2026-05-18T07:31:21.749+0000] {dag.py:4180} INFO - Setting next_dagrun for example_setup_teardown_taskflow to None, run_after=None
[2026-05-18T07:31:21.794+0000] {processor.py:208} INFO - Processing /home/noelsdavid/airflow_venv/lib/python3.12/site-packages/airflow/example_dags/example_setup_teardown_taskflow.py took 0.164 seconds
[2026-05-18T07:32:31.728+0000] {processor.py:186} INFO - Started process (PID=18576) to work on /home/noelsdavid/airflow_venv/lib/python3.12/site-packages/airflow/example_dags/example_setup_teardown_taskflow.py
[2026-05-18T07:32:31.731+0000] {processor.py:914} INFO - Processing file /home/noelsdavid/airflow_venv/lib/python3.12/site-packages/airflow/example_dags/example_setup_teardown_taskflow.py for tasks to queue
[2026-05-18T07:32:31.734+0000] {logging_mixin.py:190} INFO - [2026-05-18T07:32:31.733+0000] {dagbag.py:588} INFO - Filling up the DagBag from /home/noelsdavid/airflow_venv/lib/python3.12/site-packages/airflow/example_dags/example_setup_teardown_taskflow.py
[2026-05-18T07:32:31.757+0000] {processor.py:925} INFO - DAG(s) 'example_setup_teardown_taskflow' retrieved from /home/noelsdavid/airflow_venv/lib/python3.12/site-packages/airflow/example_dags/example_setup_teardown_taskflow.py
[2026-05-18T07:32:31.783+0000] {logging_mixin.py:190} INFO - [2026-05-18T07:32:31.783+0000] {dag.py:3239} INFO - Sync 1 DAGs
[2026-05-18T07:32:31.800+0000] {logging_mixin.py:190} INFO - [2026-05-18T07:32:31.800+0000] {dag.py:4180} INFO - Setting next_dagrun for example_setup_teardown_taskflow to None, run_after=None
[2026-05-18T07:32:31.833+0000] {processor.py:208} INFO - Processing /home/noelsdavid/airflow_venv/lib/python3.12/site-packages/airflow/example_dags/example_setup_teardown_taskflow.py took 0.122 seconds
[2026-05-18T07:33:40.879+0000] {processor.py:186} INFO - Started process (PID=18652) to work on /home/noelsdavid/airflow_venv/lib/python3.12/site-packages/airflow/example_dags/example_setup_teardown_taskflow.py
[2026-05-18T07:33:40.882+0000] {processor.py:914} INFO - Processing file /home/noelsdavid/airflow_venv/lib/python3.12/site-packages/airflow/example_dags/example_setup_teardown_taskflow.py for tasks to queue
[2026-05-18T07:33:40.884+0000] {logging_mixin.py:190} INFO - [2026-05-18T07:33:40.883+0000] {dagbag.py:588} INFO - Filling up the DagBag from /home/noelsdavid/airflow_venv/lib/python3.12/site-packages/airflow/example_dags/example_setup_teardown_taskflow.py
[2026-05-18T07:33:40.899+0000] {processor.py:925} INFO - DAG(s) 'example_setup_teardown_taskflow' retrieved from /home/noelsdavid/airflow_venv/lib/python3.12/site-packages/airflow/example_dags/example_setup_teardown_taskflow.py
[2026-05-18T07:33:40.923+0000] {logging_mixin.py:190} INFO - [2026-05-18T07:33:40.923+0000] {dag.py:3239} INFO - Sync 1 DAGs
[2026-05-18T07:33:40.941+0000] {logging_mixin.py:190} INFO - [2026-05-18T07:33:40.941+0000] {dag.py:4180} INFO - Setting next_dagrun for example_setup_teardown_taskflow to None, run_after=None
[2026-05-18T07:33:40.973+0000] {processor.py:208} INFO - Processing /home/noelsdavid/airflow_venv/lib/python3.12/site-packages/airflow/example_dags/example_setup_teardown_taskflow.py took 0.104 seconds
[2026-05-18T07:34:51.870+0000] {processor.py:186} INFO - Started process (PID=18729) to work on /home/noelsdavid/airflow_venv/lib/python3.12/site-packages/airflow/example_dags/example_setup_teardown_taskflow.py
[2026-05-18T07:34:51.873+0000] {processor.py:914} INFO - Processing file /home/noelsdavid/airflow_venv/lib/python3.12/site-packages/airflow/example_dags/example_setup_teardown_taskflow.py for tasks to queue
[2026-05-18T07:34:51.875+0000] {logging_mixin.py:190} INFO - [2026-05-18T07:34:51.874+0000] {dagbag.py:588} INFO - Filling up the DagBag from /home/noelsdavid/airflow_venv/lib/python3.12/site-packages/airflow/example_dags/example_setup_teardown_taskflow.py
[2026-05-18T07:34:51.899+0000] {processor.py:925} INFO - DAG(s) 'example_setup_teardown_taskflow' retrieved from /home/noelsdavid/airflow_venv/lib/python3.12/site-packages/airflow/example_dags/example_setup_teardown_taskflow.py
[2026-05-18T07:34:51.928+0000] {logging_mixin.py:190} INFO - [2026-05-18T07:34:51.928+0000] {dag.py:3239} INFO - Sync 1 DAGs
[2026-05-18T07:34:51.950+0000] {logging_mixin.py:190} INFO - [2026-05-18T07:34:51.949+0000] {dag.py:4180} INFO - Setting next_dagrun for example_setup_teardown_taskflow to None, run_after=None
[2026-05-18T07:34:51.992+0000] {processor.py:208} INFO - Processing /home/noelsdavid/airflow_venv/lib/python3.12/site-packages/airflow/example_dags/example_setup_teardown_taskflow.py took 0.140 seconds
[2026-05-18T07:36:03.297+0000] {processor.py:186} INFO - Started process (PID=18829) to work on /home/noelsdavid/airflow_venv/lib/python3.12/site-packages/airflow/example_dags/example_setup_teardown_taskflow.py
[2026-05-18T07:36:03.299+0000] {processor.py:914} INFO - Processing file /home/noelsdavid/airflow_venv/lib/python3.12/site-packages/airflow/example_dags/example_setup_teardown_taskflow.py for tasks to queue
[2026-05-18T07:36:03.302+0000] {logging_mixin.py:190} INFO - [2026-05-18T07:36:03.301+0000] {dagbag.py:588} INFO - Filling up the DagBag from /home/noelsdavid/airflow_venv/lib/python3.12/site-packages/airflow/example_dags/example_setup_teardown_taskflow.py
[2026-05-18T07:36:03.319+0000] {processor.py:925} INFO - DAG(s) 'example_setup_teardown_taskflow' retrieved from /home/noelsdavid/airflow_venv/lib/python3.12/site-packages/airflow/example_dags/example_setup_teardown_taskflow.py
[2026-05-18T07:36:03.343+0000] {logging_mixin.py:190} INFO - [2026-05-18T07:36:03.343+0000] {dag.py:3239} INFO - Sync 1 DAGs
[2026-05-18T07:36:03.362+0000] {logging_mixin.py:190} INFO - [2026-05-18T07:36:03.362+0000] {dag.py:4180} INFO - Setting next_dagrun for example_setup_teardown_taskflow to None, run_after=None
[2026-05-18T07:36:03.403+0000] {processor.py:208} INFO - Processing /home/noelsdavid/airflow_venv/lib/python3.12/site-packages/airflow/example_dags/example_setup_teardown_taskflow.py took 0.117 seconds
[2026-05-18T07:37:15.227+0000] {processor.py:186} INFO - Started process (PID=18906) to work on /home/noelsdavid/airflow_venv/lib/python3.12/site-packages/airflow/example_dags/example_setup_teardown_taskflow.py
[2026-05-18T07:37:15.231+0000] {processor.py:914} INFO - Processing file /home/noelsdavid/airflow_venv/lib/python3.12/site-packages/airflow/example_dags/example_setup_teardown_taskflow.py for tasks to queue
[2026-05-18T07:37:15.234+0000] {logging_mixin.py:190} INFO - [2026-05-18T07:37:15.234+0000] {dagbag.py:588} INFO - Filling up the DagBag from /home/noelsdavid/airflow_venv/lib/python3.12/site-packages/airflow/example_dags/example_setup_teardown_taskflow.py
[2026-05-18T07:37:15.255+0000] {processor.py:925} INFO - DAG(s) 'example_setup_teardown_taskflow' retrieved from /home/noelsdavid/airflow_venv/lib/python3.12/site-packages/airflow/example_dags/example_setup_teardown_taskflow.py
[2026-05-18T07:37:15.280+0000] {logging_mixin.py:190} INFO - [2026-05-18T07:37:15.280+0000] {dag.py:3239} INFO - Sync 1 DAGs
[2026-05-18T07:37:15.303+0000] {logging_mixin.py:190} INFO - [2026-05-18T07:37:15.303+0000] {dag.py:4180} INFO - Setting next_dagrun for example_setup_teardown_taskflow to None, run_after=None
[2026-05-18T07:37:15.341+0000] {processor.py:208} INFO - Processing /home/noelsdavid/airflow_venv/lib/python3.12/site-packages/airflow/example_dags/example_setup_teardown_taskflow.py took 0.129 seconds
[2026-05-18T07:38:25.222+0000] {processor.py:186} INFO - Started process (PID=18984) to work on /home/noelsdavid/airflow_venv/lib/python3.12/site-packages/airflow/example_dags/example_setup_teardown_taskflow.py
[2026-05-18T07:38:25.225+0000] {processor.py:914} INFO - Processing file /home/noelsdavid/airflow_venv/lib/python3.12/site-packages/airflow/example_dags/example_setup_teardown_taskflow.py for tasks to queue
[2026-05-18T07:38:25.227+0000] {logging_mixin.py:190} INFO - [2026-05-18T07:38:25.226+0000] {dagbag.py:588} INFO - Filling up the DagBag from /home/noelsdavid/airflow_venv/lib/python3.12/site-packages/airflow/example_dags/example_setup_teardown_taskflow.py
[2026-05-18T07:38:25.243+0000] {processor.py:925} INFO - DAG(s) 'example_setup_teardown_taskflow' retrieved from /home/noelsdavid/airflow_venv/lib/python3.12/site-packages/airflow/example_dags/example_setup_teardown_taskflow.py
[2026-05-18T07:38:25.267+0000] {logging_mixin.py:190} INFO - [2026-05-18T07:38:25.267+0000] {dag.py:3239} INFO - Sync 1 DAGs
[2026-05-18T07:38:25.284+0000] {logging_mixin.py:190} INFO - [2026-05-18T07:38:25.284+0000] {dag.py:4180} INFO - Setting next_dagrun for example_setup_teardown_taskflow to None, run_after=None
[2026-05-18T07:38:25.316+0000] {processor.py:208} INFO - Processing /home/noelsdavid/airflow_venv/lib/python3.12/site-packages/airflow/example_dags/example_setup_teardown_taskflow.py took 0.105 seconds
[2026-05-18T07:39:34.622+0000] {processor.py:186} INFO - Started process (PID=19061) to work on /home/noelsdavid/airflow_venv/lib/python3.12/site-packages/airflow/example_dags/example_setup_teardown_taskflow.py
[2026-05-18T07:39:34.625+0000] {processor.py:914} INFO - Processing file /home/noelsdavid/airflow_venv/lib/python3.12/site-packages/airflow/example_dags/example_setup_teardown_taskflow.py for tasks to queue
[2026-05-18T07:39:34.627+0000] {logging_mixin.py:190} INFO - [2026-05-18T07:39:34.626+0000] {dagbag.py:588} INFO - Filling up the DagBag from /home/noelsdavid/airflow_venv/lib/python3.12/site-packages/airflow/example_dags/example_setup_teardown_taskflow.py
[2026-05-18T07:39:34.644+0000] {processor.py:925} INFO - DAG(s) 'example_setup_teardown_taskflow' retrieved from /home/noelsdavid/airflow_venv/lib/python3.12/site-packages/airflow/example_dags/example_setup_teardown_taskflow.py
[2026-05-18T07:39:34.671+0000] {logging_mixin.py:190} INFO - [2026-05-18T07:39:34.671+0000] {dag.py:3239} INFO - Sync 1 DAGs
[2026-05-18T07:39:34.688+0000] {logging_mixin.py:190} INFO - [2026-05-18T07:39:34.688+0000] {dag.py:4180} INFO - Setting next_dagrun for example_setup_teardown_taskflow to None, run_after=None
[2026-05-18T07:39:34.721+0000] {processor.py:208} INFO - Processing /home/noelsdavid/airflow_venv/lib/python3.12/site-packages/airflow/example_dags/example_setup_teardown_taskflow.py took 0.109 seconds
                                                                                                                                                                                                                                                                                                                                                                                                                                                                                                                                                                                                                                                                                                                                                                                                                                                                                                                                                                                                                                                                                                                                                                                                                                                                                                                                                                                                                                                                               