[2026-05-18T06:01:12.920+0000] {processor.py:186} INFO - Started process (PID=6945) to work on /home/noelsdavid/airflow_venv/lib/python3.12/site-packages/airflow/example_dags/example_branch_python_dop_operator_3.py
[2026-05-18T06:01:12.921+0000] {processor.py:914} INFO - Processing file /home/noelsdavid/airflow_venv/lib/python3.12/site-packages/airflow/example_dags/example_branch_python_dop_operator_3.py for tasks to queue
[2026-05-18T06:01:12.923+0000] {logging_mixin.py:190} INFO - [2026-05-18T06:01:12.923+0000] {dagbag.py:588} INFO - Filling up the DagBag from /home/noelsdavid/airflow_venv/lib/python3.12/site-packages/airflow/example_dags/example_branch_python_dop_operator_3.py
[2026-05-18T06:01:12.937+0000] {processor.py:925} INFO - DAG(s) 'example_branch_dop_operator_v3' retrieved from /home/noelsdavid/airflow_venv/lib/python3.12/site-packages/airflow/example_dags/example_branch_python_dop_operator_3.py
[2026-05-18T06:01:13.075+0000] {logging_mixin.py:190} INFO - [2026-05-18T06:01:13.075+0000] {override.py:1911} INFO - Created Permission View: can edit on DAG:example_branch_dop_operator_v3
[2026-05-18T06:01:13.093+0000] {logging_mixin.py:190} INFO - [2026-05-18T06:01:13.092+0000] {override.py:1911} INFO - Created Permission View: can delete on DAG:example_branch_dop_operator_v3
[2026-05-18T06:01:13.108+0000] {logging_mixin.py:190} INFO - [2026-05-18T06:01:13.107+0000] {override.py:1911} INFO - Created Permission View: can read on DAG:example_branch_dop_operator_v3
[2026-05-18T06:01:13.133+0000] {logging_mixin.py:190} INFO - [2026-05-18T06:01:13.132+0000] {override.py:1911} INFO - Created Permission View: can delete on DAG Run:example_branch_dop_operator_v3
[2026-05-18T06:01:13.148+0000] {logging_mixin.py:190} INFO - [2026-05-18T06:01:13.147+0000] {override.py:1911} INFO - Created Permission View: menu access on DAG Run:example_branch_dop_operator_v3
[2026-05-18T06:01:13.162+0000] {logging_mixin.py:190} INFO - [2026-05-18T06:01:13.162+0000] {override.py:1911} INFO - Created Permission View: can create on DAG Run:example_branch_dop_operator_v3
[2026-05-18T06:01:13.176+0000] {logging_mixin.py:190} INFO - [2026-05-18T06:01:13.175+0000] {override.py:1911} INFO - Created Permission View: can read on DAG Run:example_branch_dop_operator_v3
[2026-05-18T06:01:13.176+0000] {logging_mixin.py:190} INFO - [2026-05-18T06:01:13.176+0000] {dag.py:3239} INFO - Sync 1 DAGs
[2026-05-18T06:01:13.189+0000] {logging_mixin.py:190} INFO - [2026-05-18T06:01:13.189+0000] {dag.py:3262} INFO - Creating ORM DAG for example_branch_dop_operator_v3
[2026-05-18T06:01:13.202+0000] {logging_mixin.py:190} INFO - [2026-05-18T06:01:13.202+0000] {dag.py:4180} INFO - Setting next_dagrun for example_branch_dop_operator_v3 to 2026-05-18 06:00:00+00:00, run_after=2026-05-18 06:01:00+00:00
[2026-05-18T06:01:13.232+0000] {processor.py:208} INFO - Processing /home/noelsdavid/airflow_venv/lib/python3.12/site-packages/airflow/example_dags/example_branch_python_dop_operator_3.py took 0.319 seconds
[2026-05-18T06:02:20.821+0000] {processor.py:186} INFO - Started process (PID=7011) to work on /home/noelsdavid/airflow_venv/lib/python3.12/site-packages/airflow/example_dags/example_branch_python_dop_operator_3.py
[2026-05-18T06:02:20.823+0000] {processor.py:914} INFO - Processing file /home/noelsdavid/airflow_venv/lib/python3.12/site-packages/airflow/example_dags/example_branch_python_dop_operator_3.py for tasks to queue
[2026-05-18T06:02:20.826+0000] {logging_mixin.py:190} INFO - [2026-05-18T06:02:20.826+0000] {dagbag.py:588} INFO - Filling up the DagBag from /home/noelsdavid/airflow_venv/lib/python3.12/site-packages/airflow/example_dags/example_branch_python_dop_operator_3.py
[2026-05-18T06:02:20.841+0000] {processor.py:925} INFO - DAG(s) 'example_branch_dop_operator_v3' retrieved from /home/noelsdavid/airflow_venv/lib/python3.12/site-packages/airflow/example_dags/example_branch_python_dop_operator_3.py
[2026-05-18T06:02:20.860+0000] {logging_mixin.py:190} INFO - [2026-05-18T06:02:20.859+0000] {dag.py:3239} INFO - Sync 1 DAGs
[2026-05-18T06:02:20.886+0000] {logging_mixin.py:190} INFO - [2026-05-18T06:02:20.886+0000] {dag.py:4180} INFO - Setting next_dagrun for example_branch_dop_operator_v3 to 2026-05-18 06:01:00+00:00, run_after=2026-05-18 06:02:00+00:00
[2026-05-18T06:02:20.914+0000] {processor.py:208} INFO - Processing /home/noelsdavid/airflow_venv/lib/python3.12/site-packages/airflow/example_dags/example_branch_python_dop_operator_3.py took 0.101 seconds
[2026-05-18T06:03:19.761+0000] {processor.py:186} INFO - Started process (PID=7068) to work on /home/noelsdavid/airflow_venv/lib/python3.12/site-packages/airflow/example_dags/example_branch_python_dop_operator_3.py
[2026-05-18T06:03:19.763+0000] {processor.py:914} INFO - Processing file /home/noelsdavid/airflow_venv/lib/python3.12/site-packages/airflow/example_dags/example_branch_python_dop_operator_3.py for tasks to queue
[2026-05-18T06:03:19.766+0000] {logging_mixin.py:190} INFO - [2026-05-18T06:03:19.765+0000] {dagbag.py:588} INFO - Filling up the DagBag from /home/noelsdavid/airflow_venv/lib/python3.12/site-packages/airflow/example_dags/example_branch_python_dop_operator_3.py
[2026-05-18T06:03:19.780+0000] {processor.py:925} INFO - DAG(s) 'example_branch_dop_operator_v3' retrieved from /home/noelsdavid/airflow_venv/lib/python3.12/site-packages/airflow/example_dags/example_branch_python_dop_operator_3.py
[2026-05-18T06:03:19.799+0000] {logging_mixin.py:190} INFO - [2026-05-18T06:03:19.799+0000] {dag.py:3239} INFO - Sync 1 DAGs
[2026-05-18T06:03:19.827+0000] {logging_mixin.py:190} INFO - [2026-05-18T06:03:19.827+0000] {dag.py:4180} INFO - Setting next_dagrun for example_branch_dop_operator_v3 to 2026-05-18 06:02:00+00:00, run_after=2026-05-18 06:03:00+00:00
[2026-05-18T06:03:19.854+0000] {processor.py:208} INFO - Processing /home/noelsdavid/airflow_venv/lib/python3.12/site-packages/airflow/example_dags/example_branch_python_dop_operator_3.py took 0.101 seconds
[2026-05-18T06:04:20.748+0000] {processor.py:186} INFO - Started process (PID=7128) to work on /home/noelsdavid/airflow_venv/lib/python3.12/site-packages/airflow/example_dags/example_branch_python_dop_operator_3.py
[2026-05-18T06:04:20.750+0000] {processor.py:914} INFO - Processing file /home/noelsdavid/airflow_venv/lib/python3.12/site-packages/airflow/example_dags/example_branch_python_dop_operator_3.py for tasks to queue
[2026-05-18T06:04:20.753+0000] {logging_mixin.py:190} INFO - [2026-05-18T06:04:20.753+0000] {dagbag.py:588} INFO - Filling up the DagBag from /home/noelsdavid/airflow_venv/lib/python3.12/site-packages/airflow/example_dags/example_branch_python_dop_operator_3.py
[2026-05-18T06:04:20.768+0000] {processor.py:925} INFO - DAG(s) 'example_branch_dop_operator_v3' retrieved from /home/noelsdavid/airflow_venv/lib/python3.12/site-packages/airflow/example_dags/example_branch_python_dop_operator_3.py
[2026-05-18T06:04:20.790+0000] {logging_mixin.py:190} INFO - [2026-05-18T06:04:20.789+0000] {dag.py:3239} INFO - Sync 1 DAGs
[2026-05-18T06:04:20.818+0000] {logging_mixin.py:190} INFO - [2026-05-18T06:04:20.817+0000] {dag.py:4180} INFO - Setting next_dagrun for example_branch_dop_operator_v3 to 2026-05-18 06:03:00+00:00, run_after=2026-05-18 06:04:00+00:00
[2026-05-18T06:04:20.848+0000] {processor.py:208} INFO - Processing /home/noelsdavid/airflow_venv/lib/python3.12/site-packages/airflow/example_dags/example_branch_python_dop_operator_3.py took 0.107 seconds
[2026-05-18T06:05:26.281+0000] {processor.py:186} INFO - Started process (PID=7215) to work on /home/noelsdavid/airflow_venv/lib/python3.12/site-packages/airflow/example_dags/example_branch_python_dop_operator_3.py
[2026-05-18T06:05:26.283+0000] {processor.py:914} INFO - Processing file /home/noelsdavid/airflow_venv/lib/python3.12/site-packages/airflow/example_dags/example_branch_python_dop_operator_3.py for tasks to queue
[2026-05-18T06:05:26.286+0000] {logging_mixin.py:190} INFO - [2026-05-18T06:05:26.286+0000] {dagbag.py:588} INFO - Filling up the DagBag from /home/noelsdavid/airflow_venv/lib/python3.12/site-packages/airflow/example_dags/example_branch_python_dop_operator_3.py
[2026-05-18T06:05:26.303+0000] {processor.py:925} INFO - DAG(s) 'example_branch_dop_operator_v3' retrieved from /home/noelsdavid/airflow_venv/lib/python3.12/site-packages/airflow/example_dags/example_branch_python_dop_operator_3.py
[2026-05-18T06:05:26.324+0000] {logging_mixin.py:190} INFO - [2026-05-18T06:05:26.324+0000] {dag.py:3239} INFO - Sync 1 DAGs
[2026-05-18T06:05:26.518+0000] {logging_mixin.py:190} INFO - [2026-05-18T06:05:26.517+0000] {dag.py:4180} INFO - Setting next_dagrun for example_branch_dop_operator_v3 to 2026-05-18 06:04:00+00:00, run_after=2026-05-18 06:05:00+00:00
[2026-05-18T06:05:26.546+0000] {processor.py:208} INFO - Processing /home/noelsdavid/airflow_venv/lib/python3.12/site-packages/airflow/example_dags/example_branch_python_dop_operator_3.py took 0.273 seconds
[2026-05-18T06:06:34.900+0000] {processor.py:186} INFO - Started process (PID=7281) to work on /home/noelsdavid/airflow_venv/lib/python3.12/site-packages/airflow/example_dags/example_branch_python_dop_operator_3.py
[2026-05-18T06:06:34.902+0000] {processor.py:914} INFO - Processing file /home/noelsdavid/airflow_venv/lib/python3.12/site-packages/airflow/example_dags/example_branch_python_dop_operator_3.py for tasks to queue
[2026-05-18T06:06:34.905+0000] {logging_mixin.py:190} INFO - [2026-05-18T06:06:34.905+0000] {dagbag.py:588} INFO - Filling up the DagBag from /home/noelsdavid/airflow_venv/lib/python3.12/site-packages/airflow/example_dags/example_branch_python_dop_operator_3.py
[2026-05-18T06:06:34.922+0000] {processor.py:925} INFO - DAG(s) 'example_branch_dop_operator_v3' retrieved from /home/noelsdavid/airflow_venv/lib/python3.12/site-packages/airflow/example_dags/example_branch_python_dop_operator_3.py
[2026-05-18T06:06:34.943+0000] {logging_mixin.py:190} INFO - [2026-05-18T06:06:34.943+0000] {dag.py:3239} INFO - Sync 1 DAGs
[2026-05-18T06:06:34.975+0000] {logging_mixin.py:190} INFO - [2026-05-18T06:06:34.974+0000] {dag.py:4180} INFO - Setting next_dagrun for example_branch_dop_operator_v3 to 2026-05-18 06:05:00+00:00, run_after=2026-05-18 06:06:00+00:00
[2026-05-18T06:06:35.009+0000] {processor.py:208} INFO - Processing /home/noelsdavid/airflow_venv/lib/python3.12/site-packages/airflow/example_dags/example_branch_python_dop_operator_3.py took 0.117 seconds
[2026-05-18T06:07:31.745+0000] {processor.py:186} INFO - Started process (PID=7340) to work on /home/noelsdavid/airflow_venv/lib/python3.12/site-packages/airflow/example_dags/example_branch_python_dop_operator_3.py
[2026-05-18T06:07:31.749+0000] {processor.py:914} INFO - Processing file /home/noelsdavid/airflow_venv/lib/python3.12/site-packages/airflow/example_dags/example_branch_python_dop_operator_3.py for tasks to queue
[2026-05-18T06:07:31.754+0000] {logging_mixin.py:190} INFO - [2026-05-18T06:07:31.753+0000] {dagbag.py:588} INFO - Filling up the DagBag from /home/noelsdavid/airflow_venv/lib/python3.12/site-packages/airflow/example_dags/example_branch_python_dop_operator_3.py
[2026-05-18T06:07:31.780+0000] {processor.py:925} INFO - DAG(s) 'example_branch_dop_operator_v3' retrieved from /home/noelsdavid/airflow_venv/lib/python3.12/site-packages/airflow/example_dags/example_branch_python_dop_operator_3.py
[2026-05-18T06:07:31.813+0000] {logging_mixin.py:190} INFO - [2026-05-18T06:07:31.813+0000] {dag.py:3239} INFO - Sync 1 DAGs
[2026-05-18T06:07:31.845+0000] {logging_mixin.py:190} INFO - [2026-05-18T06:07:31.845+0000] {dag.py:4180} INFO - Setting next_dagrun for example_branch_dop_operator_v3 to 2026-05-18 06:06:00+00:00, run_after=2026-05-18 06:07:00+00:00
[2026-05-18T06:07:31.880+0000] {processor.py:208} INFO - Processing /home/noelsdavid/airflow_venv/lib/python3.12/site-packages/airflow/example_dags/example_branch_python_dop_operator_3.py took 0.151 seconds
[2026-05-18T06:08:36.177+0000] {processor.py:186} INFO - Started process (PID=7397) to work on /home/noelsdavid/airflow_venv/lib/python3.12/site-packages/airflow/example_dags/example_branch_python_dop_operator_3.py
[2026-05-18T06:08:36.180+0000] {processor.py:914} INFO - Processing file /home/noelsdavid/airflow_venv/lib/python3.12/site-packages/airflow/example_dags/example_branch_python_dop_operator_3.py for tasks to queue
[2026-05-18T06:08:36.183+0000] {logging_mixin.py:190} INFO - [2026-05-18T06:08:36.183+0000] {dagbag.py:588} INFO - Filling up the DagBag from /home/noelsdavid/airflow_venv/lib/python3.12/site-packages/airflow/example_dags/example_branch_python_dop_operator_3.py
[2026-05-18T06:08:36.199+0000] {processor.py:925} INFO - DAG(s) 'example_branch_dop_operator_v3' retrieved from /home/noelsdavid/airflow_venv/lib/python3.12/site-packages/airflow/example_dags/example_branch_python_dop_operator_3.py
[2026-05-18T06:08:36.222+0000] {logging_mixin.py:190} INFO - [2026-05-18T06:08:36.221+0000] {dag.py:3239} INFO - Sync 1 DAGs
[2026-05-18T06:08:36.255+0000] {logging_mixin.py:190} INFO - [2026-05-18T06:08:36.254+0000] {dag.py:4180} INFO - Setting next_dagrun for example_branch_dop_operator_v3 to 2026-05-18 06:07:00+00:00, run_after=2026-05-18 06:08:00+00:00
[2026-05-18T06:08:36.289+0000] {processor.py:208} INFO - Processing /home/noelsdavid/airflow_venv/lib/python3.12/site-packages/airflow/example_dags/example_branch_python_dop_operator_3.py took 0.119 seconds
[2026-05-18T06:09:38.943+0000] {processor.py:186} INFO - Started process (PID=7459) to work on /home/noelsdavid/airflow_venv/lib/python3.12/site-packages/airflow/example_dags/example_branch_python_dop_operator_3.py
[2026-05-18T06:09:38.946+0000] {processor.py:914} INFO - Processing file /home/noelsdavid/airflow_venv/lib/python3.12/site-packages/airflow/example_dags/example_branch_python_dop_operator_3.py for tasks to queue
[2026-05-18T06:09:38.949+0000] {logging_mixin.py:190} INFO - [2026-05-18T06:09:38.948+0000] {dagbag.py:588} INFO - Filling up the DagBag from /home/noelsdavid/airflow_venv/lib/python3.12/site-packages/airflow/example_dags/example_branch_python_dop_operator_3.py
[2026-05-18T06:09:38.964+0000] {processor.py:925} INFO - DAG(s) 'example_branch_dop_operator_v3' retrieved from /home/noelsdavid/airflow_venv/lib/python3.12/site-packages/airflow/example_dags/example_branch_python_dop_operator_3.py
[2026-05-18T06:09:38.986+0000] {logging_mixin.py:190} INFO - [2026-05-18T06:09:38.985+0000] {dag.py:3239} INFO - Sync 1 DAGs
[2026-05-18T06:09:39.021+0000] {logging_mixin.py:190} INFO - [2026-05-18T06:09:39.021+0000] {dag.py:4180} INFO - Setting next_dagrun for example_branch_dop_operator_v3 to 2026-05-18 06:08:00+00:00, run_after=2026-05-18 06:09:00+00:00
[2026-05-18T06:09:39.055+0000] {processor.py:208} INFO - Processing /home/noelsdavid/airflow_venv/lib/python3.12/site-packages/airflow/example_dags/example_branch_python_dop_operator_3.py took 0.119 seconds
[2026-05-18T06:10:40.428+0000] {processor.py:186} INFO - Started process (PID=7544) to work on /home/noelsdavid/airflow_venv/lib/python3.12/site-packages/airflow/example_dags/example_branch_python_dop_operator_3.py
[2026-05-18T06:10:40.430+0000] {processor.py:914} INFO - Processing file /home/noelsdavid/airflow_venv/lib/python3.12/site-packages/airflow/example_dags/example_branch_python_dop_operator_3.py for tasks to queue
[2026-05-18T06:10:40.433+0000] {logging_mixin.py:190} INFO - [2026-05-18T06:10:40.433+0000] {dagbag.py:588} INFO - Filling up the DagBag from /home/noelsdavid/airflow_venv/lib/python3.12/site-packages/airflow/example_dags/example_branch_python_dop_operator_3.py
[2026-05-18T06:10:40.448+0000] {processor.py:925} INFO - DAG(s) 'example_branch_dop_operator_v3' retrieved from /home/noelsdavid/airflow_venv/lib/python3.12/site-packages/airflow/example_dags/example_branch_python_dop_operator_3.py
[2026-05-18T06:10:40.470+0000] {logging_mixin.py:190} INFO - [2026-05-18T06:10:40.469+0000] {dag.py:3239} INFO - Sync 1 DAGs
[2026-05-18T06:10:40.500+0000] {logging_mixin.py:190} INFO - [2026-05-18T06:10:40.499+0000] {dag.py:4180} INFO - Setting next_dagrun for example_branch_dop_operator_v3 to 2026-05-18 06:09:00+00:00, run_after=2026-05-18 06:10:00+00:00
[2026-05-18T06:10:40.531+0000] {processor.py:208} INFO - Processing /home/noelsdavid/airflow_venv/lib/python3.12/site-packages/airflow/example_dags/example_branch_python_dop_operator_3.py took 0.113 seconds
[2026-05-18T06:11:40.606+0000] {processor.py:186} INFO - Started process (PID=7603) to work on /home/noelsdavid/airflow_venv/lib/python3.12/site-packages/airflow/example_dags/example_branch_python_dop_operator_3.py
[2026-05-18T06:11:40.608+0000] {processor.py:914} INFO - Processing file /home/noelsdavid/airflow_venv/lib/python3.12/site-packages/airflow/example_dags/example_branch_python_dop_operator_3.py for tasks to queue
[2026-05-18T06:11:40.611+0000] {logging_mixin.py:190} INFO - [2026-05-18T06:11:40.611+0000] {dagbag.py:588} INFO - Filling up the DagBag from /home/noelsdavid/airflow_venv/lib/python3.12/site-packages/airflow/example_dags/example_branch_python_dop_operator_3.py
[2026-05-18T06:11:40.627+0000] {processor.py:925} INFO - DAG(s) 'example_branch_dop_operator_v3' retrieved from /home/noelsdavid/airflow_venv/lib/python3.12/site-packages/airflow/example_dags/example_branch_python_dop_operator_3.py
[2026-05-18T06:11:40.650+0000] {logging_mixin.py:190} INFO - [2026-05-18T06:11:40.649+0000] {dag.py:3239} INFO - Sync 1 DAGs
[2026-05-18T06:11:40.680+0000] {logging_mixin.py:190} INFO - [2026-05-18T06:11:40.680+0000] {dag.py:4180} INFO - Setting next_dagrun for example_branch_dop_operator_v3 to 2026-05-18 06:10:00+00:00, run_after=2026-05-18 06:11:00+00:00
[2026-05-18T06:11:40.714+0000] {processor.py:208} INFO - Processing /home/noelsdavid/airflow_venv/lib/python3.12/site-packages/airflow/example_dags/example_branch_python_dop_operator_3.py took 0.116 seconds
[2026-05-18T06:12:39.290+0000] {processor.py:186} INFO - Started process (PID=7660) to work on /home/noelsdavid/airflow_venv/lib/python3.12/site-packages/airflow/example_dags/example_branch_python_dop_operator_3.py
[2026-05-18T06:12:39.293+0000] {processor.py:914} INFO - Processing file /home/noelsdavid/airflow_venv/lib/python3.12/site-packages/airflow/example_dags/example_branch_python_dop_operator_3.py for tasks to queue
[2026-05-18T06:12:39.296+0000] {logging_mixin.py:190} INFO - [2026-05-18T06:12:39.296+0000] {dagbag.py:588} INFO - Filling up the DagBag from /home/noelsdavid/airflow_venv/lib/python3.12/site-packages/airflow/example_dags/example_branch_python_dop_operator_3.py
[2026-05-18T06:12:39.312+0000] {processor.py:925} INFO - DAG(s) 'example_branch_dop_operator_v3' retrieved from /home/noelsdavid/airflow_venv/lib/python3.12/site-packages/airflow/example_dags/example_branch_python_dop_operator_3.py
[2026-05-18T06:12:39.334+0000] {logging_mixin.py:190} INFO - [2026-05-18T06:12:39.334+0000] {dag.py:3239} INFO - Sync 1 DAGs
[2026-05-18T06:12:39.367+0000] {logging_mixin.py:190} INFO - [2026-05-18T06:12:39.367+0000] {dag.py:4180} INFO - Setting next_dagrun for example_branch_dop_operator_v3 to 2026-05-18 06:11:00+00:00, run_after=2026-05-18 06:12:00+00:00
[2026-05-18T06:12:39.402+0000] {processor.py:208} INFO - Processing /home/noelsdavid/airflow_venv/lib/python3.12/site-packages/airflow/example_dags/example_branch_python_dop_operator_3.py took 0.120 seconds
[2026-05-18T06:13:40.275+0000] {processor.py:186} INFO - Started process (PID=7719) to work on /home/noelsdavid/airflow_venv/lib/python3.12/site-packages/airflow/example_dags/example_branch_python_dop_operator_3.py
[2026-05-18T06:13:40.277+0000] {processor.py:914} INFO - Processing file /home/noelsdavid/airflow_venv/lib/python3.12/site-packages/airflow/example_dags/example_branch_python_dop_operator_3.py for tasks to queue
[2026-05-18T06:13:40.281+0000] {logging_mixin.py:190} INFO - [2026-05-18T06:13:40.280+0000] {dagbag.py:588} INFO - Filling up the DagBag from /home/noelsdavid/airflow_venv/lib/python3.12/site-packages/airflow/example_dags/example_branch_python_dop_operator_3.py
[2026-05-18T06:13:40.297+0000] {processor.py:925} INFO - DAG(s) 'example_branch_dop_operator_v3' retrieved from /home/noelsdavid/airflow_venv/lib/python3.12/site-packages/airflow/example_dags/example_branch_python_dop_operator_3.py
[2026-05-18T06:13:40.319+0000] {logging_mixin.py:190} INFO - [2026-05-18T06:13:40.318+0000] {dag.py:3239} INFO - Sync 1 DAGs
[2026-05-18T06:13:40.349+0000] {logging_mixin.py:190} INFO - [2026-05-18T06:13:40.349+0000] {dag.py:4180} INFO - Setting next_dagrun for example_branch_dop_operator_v3 to 2026-05-18 06:12:00+00:00, run_after=2026-05-18 06:13:00+00:00
[2026-05-18T06:13:40.383+0000] {processor.py:208} INFO - Processing /home/noelsdavid/airflow_venv/lib/python3.12/site-packages/airflow/example_dags/example_branch_python_dop_operator_3.py took 0.116 seconds
[2026-05-18T06:14:41.354+0000] {processor.py:186} INFO - Started process (PID=7779) to work on /home/noelsdavid/airflow_venv/lib/python3.12/site-packages/airflow/example_dags/example_branch_python_dop_operator_3.py
[2026-05-18T06:14:41.356+0000] {processor.py:914} INFO - Processing file /home/noelsdavid/airflow_venv/lib/python3.12/site-packages/airflow/example_dags/example_branch_python_dop_operator_3.py for tasks to queue
[2026-05-18T06:14:41.360+0000] {logging_mixin.py:190} INFO - [2026-05-18T06:14:41.359+0000] {dagbag.py:588} INFO - Filling up the DagBag from /home/noelsdavid/airflow_venv/lib/python3.12/site-packages/airflow/example_dags/example_branch_python_dop_operator_3.py
[2026-05-18T06:14:41.375+0000] {processor.py:925} INFO - DAG(s) 'example_branch_dop_operator_v3' retrieved from /home/noelsdavid/airflow_venv/lib/python3.12/site-packages/airflow/example_dags/example_branch_python_dop_operator_3.py
[2026-05-18T06:14:41.396+0000] {logging_mixin.py:190} INFO - [2026-05-18T06:14:41.396+0000] {dag.py:3239} INFO - Sync 1 DAGs
[2026-05-18T06:14:41.426+0000] {logging_mixin.py:190} INFO - [2026-05-18T06:14:41.426+0000] {dag.py:4180} INFO - Setting next_dagrun for example_branch_dop_operator_v3 to 2026-05-18 06:13:00+00:00, run_after=2026-05-18 06:14:00+00:00
[2026-05-18T06:14:41.459+0000] {processor.py:208} INFO - Processing /home/noelsdavid/airflow_venv/lib/python3.12/site-packages/airflow/example_dags/example_branch_python_dop_operator_3.py took 0.113 seconds
[2026-05-18T06:15:45.278+0000] {processor.py:186} INFO - Started process (PID=7964) to work on /home/noelsdavid/airflow_venv/lib/python3.12/site-packages/airflow/example_dags/example_branch_python_dop_operator_3.py
[2026-05-18T06:15:45.280+0000] {processor.py:914} INFO - Processing file /home/noelsdavid/airflow_venv/lib/python3.12/site-packages/airflow/example_dags/example_branch_python_dop_operator_3.py for tasks to queue
[2026-05-18T06:15:45.283+0000] {logging_mixin.py:190} INFO - [2026-05-18T06:15:45.283+0000] {dagbag.py:588} INFO - Filling up the DagBag from /home/noelsdavid/airflow_venv/lib/python3.12/site-packages/airflow/example_dags/example_branch_python_dop_operator_3.py
[2026-05-18T06:15:45.299+0000] {processor.py:925} INFO - DAG(s) 'example_branch_dop_operator_v3' retrieved from /home/noelsdavid/airflow_venv/lib/python3.12/site-packages/airflow/example_dags/example_branch_python_dop_operator_3.py
[2026-05-18T06:15:45.323+0000] {logging_mixin.py:190} INFO - [2026-05-18T06:15:45.323+0000] {dag.py:3239} INFO - Sync 1 DAGs
[2026-05-18T06:15:45.356+0000] {logging_mixin.py:190} INFO - [2026-05-18T06:15:45.355+0000] {dag.py:4180} INFO - Setting next_dagrun for example_branch_dop_operator_v3 to 2026-05-18 06:14:00+00:00, run_after=2026-05-18 06:15:00+00:00
[2026-05-18T06:15:45.394+0000] {processor.py:208} INFO - Processing /home/noelsdavid/airflow_venv/lib/python3.12/site-packages/airflow/example_dags/example_branch_python_dop_operator_3.py took 0.124 seconds
[2026-05-18T06:16:48.862+0000] {processor.py:186} INFO - Started process (PID=8119) to work on /home/noelsdavid/airflow_venv/lib/python3.12/site-packages/airflow/example_dags/example_branch_python_dop_operator_3.py
[2026-05-18T06:16:48.864+0000] {processor.py:914} INFO - Processing file /home/noelsdavid/airflow_venv/lib/python3.12/site-packages/airflow/example_dags/example_branch_python_dop_operator_3.py for tasks to queue
[2026-05-18T06:16:48.867+0000] {logging_mixin.py:190} INFO - [2026-05-18T06:16:48.866+0000] {dagbag.py:588} INFO - Filling up the DagBag from /home/noelsdavid/airflow_venv/lib/python3.12/site-packages/airflow/example_dags/example_branch_python_dop_operator_3.py
[2026-05-18T06:16:48.882+0000] {processor.py:925} INFO - DAG(s) 'example_branch_dop_operator_v3' retrieved from /home/noelsdavid/airflow_venv/lib/python3.12/site-packages/airflow/example_dags/example_branch_python_dop_operator_3.py
[2026-05-18T06:16:48.903+0000] {logging_mixin.py:190} INFO - [2026-05-18T06:16:48.902+0000] {dag.py:3239} INFO - Sync 1 DAGs
[2026-05-18T06:16:48.932+0000] {logging_mixin.py:190} INFO - [2026-05-18T06:16:48.931+0000] {dag.py:4180} INFO - Setting next_dagrun for example_branch_dop_operator_v3 to 2026-05-18 06:15:00+00:00, run_after=2026-05-18 06:16:00+00:00
[2026-05-18T06:16:48.963+0000] {processor.py:208} INFO - Processing /home/noelsdavid/airflow_venv/lib/python3.12/site-packages/airflow/example_dags/example_branch_python_dop_operator_3.py took 0.109 seconds
[2026-05-18T06:17:52.103+0000] {processor.py:186} INFO - Started process (PID=8380) to work on /home/noelsdavid/airflow_venv/lib/python3.12/site-packages/airflow/example_dags/example_branch_python_dop_operator_3.py
[2026-05-18T06:17:52.106+0000] {processor.py:914} INFO - Processing file /home/noelsdavid/airflow_venv/lib/python3.12/site-packages/airflow/example_dags/example_branch_python_dop_operator_3.py for tasks to queue
[2026-05-18T06:17:52.109+0000] {logging_mixin.py:190} INFO - [2026-05-18T06:17:52.108+0000] {dagbag.py:588} INFO - Filling up the DagBag from /home/noelsdavid/airflow_venv/lib/python3.12/site-packages/airflow/example_dags/example_branch_python_dop_operator_3.py
[2026-05-18T06:17:52.123+0000] {processor.py:925} INFO - DAG(s) 'example_branch_dop_operator_v3' retrieved from /home/noelsdavid/airflow_venv/lib/python3.12/site-packages/airflow/example_dags/example_branch_python_dop_operator_3.py
[2026-05-18T06:17:52.144+0000] {logging_mixin.py:190} INFO - [2026-05-18T06:17:52.144+0000] {dag.py:3239} INFO - Sync 1 DAGs
[2026-05-18T06:17:52.173+0000] {logging_mixin.py:190} INFO - [2026-05-18T06:17:52.173+0000] {dag.py:4180} INFO - Setting next_dagrun for example_branch_dop_operator_v3 to 2026-05-18 06:16:00+00:00, run_after=2026-05-18 06:17:00+00:00
[2026-05-18T06:17:52.204+0000] {processor.py:208} INFO - Processing /home/noelsdavid/airflow_venv/lib/python3.12/site-packages/airflow/example_dags/example_branch_python_dop_operator_3.py took 0.109 seconds
[2026-05-18T06:18:50.106+0000] {processor.py:186} INFO - Started process (PID=8493) to work on /home/noelsdavid/airflow_venv/lib/python3.12/site-packages/airflow/example_dags/example_branch_python_dop_operator_3.py
[2026-05-18T06:18:50.109+0000] {processor.py:914} INFO - Processing file /home/noelsdavid/airflow_venv/lib/python3.12/site-packages/airflow/example_dags/example_branch_python_dop_operator_3.py for tasks to queue
[2026-05-18T06:18:50.113+0000] {logging_mixin.py:190} INFO - [2026-05-18T06:18:50.112+0000] {dagbag.py:588} INFO - Filling up the DagBag from /home/noelsdavid/airflow_venv/lib/python3.12/site-packages/airflow/example_dags/example_branch_python_dop_operator_3.py
[2026-05-18T06:18:50.129+0000] {processor.py:925} INFO - DAG(s) 'example_branch_dop_operator_v3' retrieved from /home/noelsdavid/airflow_venv/lib/python3.12/site-packages/airflow/example_dags/example_branch_python_dop_operator_3.py
[2026-05-18T06:18:50.154+0000] {logging_mixin.py:190} INFO - [2026-05-18T06:18:50.153+0000] {dag.py:3239} INFO - Sync 1 DAGs
[2026-05-18T06:18:50.189+0000] {logging_mixin.py:190} INFO - [2026-05-18T06:18:50.189+0000] {dag.py:4180} INFO - Setting next_dagrun for example_branch_dop_operator_v3 to 2026-05-18 06:17:00+00:00, run_after=2026-05-18 06:18:00+00:00
[2026-05-18T06:18:50.224+0000] {processor.py:208} INFO - Processing /home/noelsdavid/airflow_venv/lib/python3.12/site-packages/airflow/example_dags/example_branch_python_dop_operator_3.py took 0.127 seconds
[2026-05-18T06:19:50.951+0000] {processor.py:186} INFO - Started process (PID=8552) to work on /home/noelsdavid/airflow_venv/lib/python3.12/site-packages/airflow/example_dags/example_branch_python_dop_operator_3.py
[2026-05-18T06:19:50.953+0000] {processor.py:914} INFO - Processing file /home/noelsdavid/airflow_venv/lib/python3.12/site-packages/airflow/example_dags/example_branch_python_dop_operator_3.py for tasks to queue
[2026-05-18T06:19:50.956+0000] {logging_mixin.py:190} INFO - [2026-05-18T06:19:50.956+0000] {dagbag.py:588} INFO - Filling up the DagBag from /home/noelsdavid/airflow_venv/lib/python3.12/site-packages/airflow/example_dags/example_branch_python_dop_operator_3.py
[2026-05-18T06:19:50.972+0000] {processor.py:925} INFO - DAG(s) 'example_branch_dop_operator_v3' retrieved from /home/noelsdavid/airflow_venv/lib/python3.12/site-packages/airflow/example_dags/example_branch_python_dop_operator_3.py
[2026-05-18T06:19:50.995+0000] {logging_mixin.py:190} INFO - [2026-05-18T06:19:50.994+0000] {dag.py:3239} INFO - Sync 1 DAGs
[2026-05-18T06:19:51.038+0000] {logging_mixin.py:190} INFO - [2026-05-18T06:19:51.037+0000] {dag.py:4180} INFO - Setting next_dagrun for example_branch_dop_operator_v3 to 2026-05-18 06:18:00+00:00, run_after=2026-05-18 06:19:00+00:00
[2026-05-18T06:19:51.085+0000] {processor.py:208} INFO - Processing /home/noelsdavid/airflow_venv/lib/python3.12/site-packages/airflow/example_dags/example_branch_python_dop_operator_3.py took 0.142 seconds
[2026-05-18T06:20:54.725+0000] {processor.py:186} INFO - Started process (PID=8641) to work on /home/noelsdavid/airflow_venv/lib/python3.12/site-packages/airflow/example_dags/example_branch_python_dop_operator_3.py
[2026-05-18T06:20:54.727+0000] {processor.py:914} INFO - Processing file /home/noelsdavid/airflow_venv/lib/python3.12/site-packages/airflow/example_dags/example_branch_python_dop_operator_3.py for tasks to queue
[2026-05-18T06:20:54.729+0000] {logging_mixin.py:190} INFO - [2026-05-18T06:20:54.729+0000] {dagbag.py:588} INFO - Filling up the DagBag from /home/noelsdavid/airflow_venv/lib/python3.12/site-packages/airflow/example_dags/example_branch_python_dop_operator_3.py
[2026-05-18T06:20:54.744+0000] {processor.py:925} INFO - DAG(s) 'example_branch_dop_operator_v3' retrieved from /home/noelsdavid/airflow_venv/lib/python3.12/site-packages/airflow/example_dags/example_branch_python_dop_operator_3.py
[2026-05-18T06:20:54.767+0000] {logging_mixin.py:190} INFO - [2026-05-18T06:20:54.767+0000] {dag.py:3239} INFO - Sync 1 DAGs
[2026-05-18T06:20:54.797+0000] {logging_mixin.py:190} INFO - [2026-05-18T06:20:54.797+0000] {dag.py:4180} INFO - Setting next_dagrun for example_branch_dop_operator_v3 to 2026-05-18 06:19:00+00:00, run_after=2026-05-18 06:20:00+00:00
[2026-05-18T06:20:54.826+0000] {processor.py:208} INFO - Processing /home/noelsdavid/airflow_venv/lib/python3.12/site-packages/airflow/example_dags/example_branch_python_dop_operator_3.py took 0.109 seconds
[2026-05-18T06:21:58.712+0000] {processor.py:186} INFO - Started process (PID=8703) to work on /home/noelsdavid/airflow_venv/lib/python3.12/site-packages/airflow/example_dags/example_branch_python_dop_operator_3.py
[2026-05-18T06:21:58.715+0000] {processor.py:914} INFO - Processing file /home/noelsdavid/airflow_venv/lib/python3.12/site-packages/airflow/example_dags/example_branch_python_dop_operator_3.py for tasks to queue
[2026-05-18T06:21:58.717+0000] {logging_mixin.py:190} INFO - [2026-05-18T06:21:58.716+0000] {dagbag.py:588} INFO - Filling up the DagBag from /home/noelsdavid/airflow_venv/lib/python3.12/site-packages/airflow/example_dags/example_branch_python_dop_operator_3.py
[2026-05-18T06:21:58.731+0000] {processor.py:925} INFO - DAG(s) 'example_branch_dop_operator_v3' retrieved from /home/noelsdavid/airflow_venv/lib/python3.12/site-packages/airflow/example_dags/example_branch_python_dop_operator_3.py
[2026-05-18T06:21:58.752+0000] {logging_mixin.py:190} INFO - [2026-05-18T06:21:58.752+0000] {dag.py:3239} INFO - Sync 1 DAGs
[2026-05-18T06:21:58.783+0000] {logging_mixin.py:190} INFO - [2026-05-18T06:21:58.782+0000] {dag.py:4180} INFO - Setting next_dagrun for example_branch_dop_operator_v3 to 2026-05-18 06:20:00+00:00, run_after=2026-05-18 06:21:00+00:00
[2026-05-18T06:21:58.811+0000] {processor.py:208} INFO - Processing /home/noelsdavid/airflow_venv/lib/python3.12/site-packages/airflow/example_dags/example_branch_python_dop_operator_3.py took 0.107 seconds
[2026-05-18T06:23:02.214+0000] {processor.py:186} INFO - Started process (PID=8764) to work on /home/noelsdavid/airflow_venv/lib/python3.12/site-packages/airflow/example_dags/example_branch_python_dop_operator_3.py
[2026-05-18T06:23:02.237+0000] {processor.py:914} INFO - Processing file /home/noelsdavid/airflow_venv/lib/python3.12/site-packages/airflow/example_dags/example_branch_python_dop_operator_3.py for tasks to queue
[2026-05-18T06:23:02.239+0000] {logging_mixin.py:190} INFO - [2026-05-18T06:23:02.238+0000] {dagbag.py:588} INFO - Filling up the DagBag from /home/noelsdavid/airflow_venv/lib/python3.12/site-packages/airflow/example_dags/example_branch_python_dop_operator_3.py
[2026-05-18T06:23:02.254+0000] {processor.py:925} INFO - DAG(s) 'example_branch_dop_operator_v3' retrieved from /home/noelsdavid/airflow_venv/lib/python3.12/site-packages/airflow/example_dags/example_branch_python_dop_operator_3.py
[2026-05-18T06:23:02.276+0000] {logging_mixin.py:190} INFO - [2026-05-18T06:23:02.276+0000] {dag.py:3239} INFO - Sync 1 DAGs
[2026-05-18T06:23:02.306+0000] {logging_mixin.py:190} INFO - [2026-05-18T06:23:02.306+0000] {dag.py:4180} INFO - Setting next_dagrun for example_branch_dop_operator_v3 to 2026-05-18 06:22:00+00:00, run_after=2026-05-18 06:23:00+00:00
[2026-05-18T06:23:02.336+0000] {processor.py:208} INFO - Processing /home/noelsdavid/airflow_venv/lib/python3.12/site-packages/airflow/example_dags/example_branch_python_dop_operator_3.py took 0.130 seconds
[2026-05-18T06:24:06.901+0000] {processor.py:186} INFO - Started process (PID=8826) to work on /home/noelsdavid/airflow_venv/lib/python3.12/site-packages/airflow/example_dags/example_branch_python_dop_operator_3.py
[2026-05-18T06:24:06.904+0000] {processor.py:914} INFO - Processing file /home/noelsdavid/airflow_venv/lib/python3.12/site-packages/airflow/example_dags/example_branch_python_dop_operator_3.py for tasks to queue
[2026-05-18T06:24:06.906+0000] {logging_mixin.py:190} INFO - [2026-05-18T06:24:06.905+0000] {dagbag.py:588} INFO - Filling up the DagBag from /home/noelsdavid/airflow_venv/lib/python3.12/site-packages/airflow/example_dags/example_branch_python_dop_operator_3.py
[2026-05-18T06:24:06.920+0000] {processor.py:925} INFO - DAG(s) 'example_branch_dop_operator_v3' retrieved from /home/noelsdavid/airflow_venv/lib/python3.12/site-packages/airflow/example_dags/example_branch_python_dop_operator_3.py
[2026-05-18T06:24:06.941+0000] {logging_mixin.py:190} INFO - [2026-05-18T06:24:06.940+0000] {dag.py:3239} INFO - Sync 1 DAGs
[2026-05-18T06:24:06.970+0000] {logging_mixin.py:190} INFO - [2026-05-18T06:24:06.969+0000] {dag.py:4180} INFO - Setting next_dagrun for example_branch_dop_operator_v3 to 2026-05-18 06:23:00+00:00, run_after=2026-05-18 06:24:00+00:00
[2026-05-18T06:24:07.000+0000] {processor.py:208} INFO - Processing /home/noelsdavid/airflow_venv/lib/python3.12/site-packages/airflow/example_dags/example_branch_python_dop_operator_3.py took 0.107 seconds
[2026-05-18T06:25:12.264+0000] {processor.py:186} INFO - Started process (PID=8914) to work on /home/noelsdavid/airflow_venv/lib/python3.12/site-packages/airflow/example_dags/example_branch_python_dop_operator_3.py
[2026-05-18T06:25:12.268+0000] {processor.py:914} INFO - Processing file /home/noelsdavid/airflow_venv/lib/python3.12/site-packages/airflow/example_dags/example_branch_python_dop_operator_3.py for tasks to queue
[2026-05-18T06:25:12.271+0000] {logging_mixin.py:190} INFO - [2026-05-18T06:25:12.270+0000] {dagbag.py:588} INFO - Filling up the DagBag from /home/noelsdavid/airflow_venv/lib/python3.12/site-packages/airflow/example_dags/example_branch_python_dop_operator_3.py
[2026-05-18T06:25:12.290+0000] {processor.py:925} INFO - DAG(s) 'example_branch_dop_operator_v3' retrieved from /home/noelsdavid/airflow_venv/lib/python3.12/site-packages/airflow/example_dags/example_branch_python_dop_operator_3.py
[2026-05-18T06:25:12.316+0000] {logging_mixin.py:190} INFO - [2026-05-18T06:25:12.316+0000] {dag.py:3239} INFO - Sync 1 DAGs
[2026-05-18T06:25:12.356+0000] {logging_mixin.py:190} INFO - [2026-05-18T06:25:12.356+0000] {dag.py:4180} INFO - Setting next_dagrun for example_branch_dop_operator_v3 to 2026-05-18 06:24:00+00:00, run_after=2026-05-18 06:25:00+00:00
[2026-05-18T06:25:12.407+0000] {processor.py:208} INFO - Processing /home/noelsdavid/airflow_venv/lib/python3.12/site-packages/airflow/example_dags/example_branch_python_dop_operator_3.py took 0.152 seconds
[2026-05-18T06:26:16.723+0000] {processor.py:186} INFO - Started process (PID=9031) to work on /home/noelsdavid/airflow_venv/lib/python3.12/site-packages/airflow/example_dags/example_branch_python_dop_operator_3.py
[2026-05-18T06:26:16.725+0000] {processor.py:914} INFO - Processing file /home/noelsdavid/airflow_venv/lib/python3.12/site-packages/airflow/example_dags/example_branch_python_dop_operator_3.py for tasks to queue
[2026-05-18T06:26:16.727+0000] {logging_mixin.py:190} INFO - [2026-05-18T06:26:16.727+0000] {dagbag.py:588} INFO - Filling up the DagBag from /home/noelsdavid/airflow_venv/lib/python3.12/site-packages/airflow/example_dags/example_branch_python_dop_operator_3.py
[2026-05-18T06:26:16.742+0000] {processor.py:925} INFO - DAG(s) 'example_branch_dop_operator_v3' retrieved from /home/noelsdavid/airflow_venv/lib/python3.12/site-packages/airflow/example_dags/example_branch_python_dop_operator_3.py
[2026-05-18T06:26:16.764+0000] {logging_mixin.py:190} INFO - [2026-05-18T06:26:16.763+0000] {dag.py:3239} INFO - Sync 1 DAGs
[2026-05-18T06:26:16.799+0000] {logging_mixin.py:190} INFO - [2026-05-18T06:26:16.799+0000] {dag.py:4180} INFO - Setting next_dagrun for example_branch_dop_operator_v3 to 2026-05-18 06:25:00+00:00, run_after=2026-05-18 06:26:00+00:00
[2026-05-18T06:26:16.832+0000] {processor.py:208} INFO - Processing /home/noelsdavid/airflow_venv/lib/python3.12/site-packages/airflow/example_dags/example_branch_python_dop_operator_3.py took 0.117 seconds
[2026-05-18T06:27:35.788+0000] {processor.py:186} INFO - Started process (PID=9533) to work on /home/noelsdavid/airflow_venv/lib/python3.12/site-packages/airflow/example_dags/example_branch_python_dop_operator_3.py
[2026-05-18T06:27:35.791+0000] {processor.py:914} INFO - Processing file /home/noelsdavid/airflow_venv/lib/python3.12/site-packages/airflow/example_dags/example_branch_python_dop_operator_3.py for tasks to queue
[2026-05-18T06:27:35.793+0000] {logging_mixin.py:190} INFO - [2026-05-18T06:27:35.792+0000] {dagbag.py:588} INFO - Filling up the DagBag from /home/noelsdavid/airflow_venv/lib/python3.12/site-packages/airflow/example_dags/example_branch_python_dop_operator_3.py
[2026-05-18T06:27:35.810+0000] {processor.py:925} INFO - DAG(s) 'example_branch_dop_operator_v3' retrieved from /home/noelsdavid/airflow_venv/lib/python3.12/site-packages/airflow/example_dags/example_branch_python_dop_operator_3.py
[2026-05-18T06:27:35.831+0000] {logging_mixin.py:190} INFO - [2026-05-18T06:27:35.831+0000] {dag.py:3239} INFO - Sync 1 DAGs
[2026-05-18T06:27:35.862+0000] {logging_mixin.py:190} INFO - [2026-05-18T06:27:35.862+0000] {dag.py:4180} INFO - Setting next_dagrun for example_branch_dop_operator_v3 to 2026-05-18 06:26:00+00:00, run_after=2026-05-18 06:27:00+00:00
[2026-05-18T06:27:35.900+0000] {processor.py:208} INFO - Processing /home/noelsdavid/airflow_venv/lib/python3.12/site-packages/airflow/example_dags/example_branch_python_dop_operator_3.py took 0.120 seconds
[2026-05-18T06:28:49.833+0000] {processor.py:186} INFO - Started process (PID=9739) to work on /home/noelsdavid/airflow_venv/lib/python3.12/site-packages/airflow/example_dags/example_branch_python_dop_operator_3.py
[2026-05-18T06:28:49.845+0000] {processor.py:914} INFO - Processing file /home/noelsdavid/airflow_venv/lib/python3.12/site-packages/airflow/example_dags/example_branch_python_dop_operator_3.py for tasks to queue
[2026-05-18T06:28:49.847+0000] {logging_mixin.py:190} INFO - [2026-05-18T06:28:49.847+0000] {dagbag.py:588} INFO - Filling up the DagBag from /home/noelsdavid/airflow_venv/lib/python3.12/site-packages/airflow/example_dags/example_branch_python_dop_operator_3.py
[2026-05-18T06:28:49.869+0000] {processor.py:925} INFO - DAG(s) 'example_branch_dop_operator_v3' retrieved from /home/noelsdavid/airflow_venv/lib/python3.12/site-packages/airflow/example_dags/example_branch_python_dop_operator_3.py
[2026-05-18T06:28:49.900+0000] {logging_mixin.py:190} INFO - [2026-05-18T06:28:49.899+0000] {dag.py:3239} INFO - Sync 1 DAGs
[2026-05-18T06:28:49.935+0000] {logging_mixin.py:190} INFO - [2026-05-18T06:28:49.934+0000] {dag.py:4180} INFO - Setting next_dagrun for example_branch_dop_operator_v3 to 2026-05-18 06:27:00+00:00, run_after=2026-05-18 06:28:00+00:00
[2026-05-18T06:28:49.975+0000] {processor.py:208} INFO - Processing /home/noelsdavid/airflow_venv/lib/python3.12/site-packages/airflow/example_dags/example_branch_python_dop_operator_3.py took 0.151 seconds
[2026-05-18T06:29:58.959+0000] {processor.py:186} INFO - Started process (PID=9805) to work on /home/noelsdavid/airflow_venv/lib/python3.12/site-packages/airflow/example_dags/example_branch_python_dop_operator_3.py
[2026-05-18T06:29:58.962+0000] {processor.py:914} INFO - Processing file /home/noelsdavid/airflow_venv/lib/python3.12/site-packages/airflow/example_dags/example_branch_python_dop_operator_3.py for tasks to queue
[2026-05-18T06:29:58.963+0000] {logging_mixin.py:190} INFO - [2026-05-18T06:29:58.963+0000] {dagbag.py:588} INFO - Filling up the DagBag from /home/noelsdavid/airflow_venv/lib/python3.12/site-packages/airflow/example_dags/example_branch_python_dop_operator_3.py
[2026-05-18T06:29:58.978+0000] {processor.py:925} INFO - DAG(s) 'example_branch_dop_operator_v3' retrieved from /home/noelsdavid/airflow_venv/lib/python3.12/site-packages/airflow/example_dags/example_branch_python_dop_operator_3.py
[2026-05-18T06:29:58.999+0000] {logging_mixin.py:190} INFO - [2026-05-18T06:29:58.999+0000] {dag.py:3239} INFO - Sync 1 DAGs
[2026-05-18T06:29:59.029+0000] {logging_mixin.py:190} INFO - [2026-05-18T06:29:59.029+0000] {dag.py:4180} INFO - Setting next_dagrun for example_branch_dop_operator_v3 to 2026-05-18 06:28:00+00:00, run_after=2026-05-18 06:29:00+00:00
[2026-05-18T06:29:59.060+0000] {processor.py:208} INFO - Processing /home/noelsdavid/airflow_venv/lib/python3.12/site-packages/airflow/example_dags/example_branch_python_dop_operator_3.py took 0.108 seconds
[2026-05-18T06:31:04.528+0000] {processor.py:186} INFO - Started process (PID=9890) to work on /home/noelsdavid/airflow_venv/lib/python3.12/site-packages/airflow/example_dags/example_branch_python_dop_operator_3.py
[2026-05-18T06:31:04.531+0000] {processor.py:914} INFO - Processing file /home/noelsdavid/airflow_venv/lib/python3.12/site-packages/airflow/example_dags/example_branch_python_dop_operator_3.py for tasks to queue
[2026-05-18T06:31:04.535+0000] {logging_mixin.py:190} INFO - [2026-05-18T06:31:04.534+0000] {dagbag.py:588} INFO - Filling up the DagBag from /home/noelsdavid/airflow_venv/lib/python3.12/site-packages/airflow/example_dags/example_branch_python_dop_operator_3.py
[2026-05-18T06:31:04.551+0000] {processor.py:925} INFO - DAG(s) 'example_branch_dop_operator_v3' retrieved from /home/noelsdavid/airflow_venv/lib/python3.12/site-packages/airflow/example_dags/example_branch_python_dop_operator_3.py
[2026-05-18T06:31:04.575+0000] {logging_mixin.py:190} INFO - [2026-05-18T06:31:04.574+0000] {dag.py:3239} INFO - Sync 1 DAGs
[2026-05-18T06:31:04.608+0000] {logging_mixin.py:190} INFO - [2026-05-18T06:31:04.607+0000] {dag.py:4180} INFO - Setting next_dagrun for example_branch_dop_operator_v3 to 2026-05-18 06:30:00+00:00, run_after=2026-05-18 06:31:00+00:00
[2026-05-18T06:31:04.640+0000] {processor.py:208} INFO - Processing /home/noelsdavid/airflow_venv/lib/python3.12/site-packages/airflow/example_dags/example_branch_python_dop_operator_3.py took 0.121 seconds
[2026-05-18T06:32:08.313+0000] {processor.py:186} INFO - Started process (PID=9953) to work on /home/noelsdavid/airflow_venv/lib/python3.12/site-packages/airflow/example_dags/example_branch_python_dop_operator_3.py
[2026-05-18T06:32:08.315+0000] {processor.py:914} INFO - Processing file /home/noelsdavid/airflow_venv/lib/python3.12/site-packages/airflow/example_dags/example_branch_python_dop_operator_3.py for tasks to queue
[2026-05-18T06:32:08.317+0000] {logging_mixin.py:190} INFO - [2026-05-18T06:32:08.317+0000] {dagbag.py:588} INFO - Filling up the DagBag from /home/noelsdavid/airflow_venv/lib/python3.12/site-packages/airflow/example_dags/example_branch_python_dop_operator_3.py
[2026-05-18T06:32:08.332+0000] {processor.py:925} INFO - DAG(s) 'example_branch_dop_operator_v3' retrieved from /home/noelsdavid/airflow_venv/lib/python3.12/site-packages/airflow/example_dags/example_branch_python_dop_operator_3.py
[2026-05-18T06:32:08.353+0000] {logging_mixin.py:190} INFO - [2026-05-18T06:32:08.353+0000] {dag.py:3239} INFO - Sync 1 DAGs
[2026-05-18T06:32:08.383+0000] {logging_mixin.py:190} INFO - [2026-05-18T06:32:08.382+0000] {dag.py:4180} INFO - Setting next_dagrun for example_branch_dop_operator_v3 to 2026-05-18 06:31:00+00:00, run_after=2026-05-18 06:32:00+00:00
[2026-05-18T06:32:08.412+0000] {processor.py:208} INFO - Processing /home/noelsdavid/airflow_venv/lib/python3.12/site-packages/airflow/example_dags/example_branch_python_dop_operator_3.py took 0.107 seconds
[2026-05-18T06:33:07.249+0000] {processor.py:186} INFO - Started process (PID=10013) to work on /home/noelsdavid/airflow_venv/lib/python3.12/site-packages/airflow/example_dags/example_branch_python_dop_operator_3.py
[2026-05-18T06:33:07.251+0000] {processor.py:914} INFO - Processing file /home/noelsdavid/airflow_venv/lib/python3.12/site-packages/airflow/example_dags/example_branch_python_dop_operator_3.py for tasks to queue
[2026-05-18T06:33:07.253+0000] {logging_mixin.py:190} INFO - [2026-05-18T06:33:07.253+0000] {dagbag.py:588} INFO - Filling up the DagBag from /home/noelsdavid/airflow_venv/lib/python3.12/site-packages/airflow/example_dags/example_branch_python_dop_operator_3.py
[2026-05-18T06:33:07.269+0000] {processor.py:925} INFO - DAG(s) 'example_branch_dop_operator_v3' retrieved from /home/noelsdavid/airflow_venv/lib/python3.12/site-packages/airflow/example_dags/example_branch_python_dop_operator_3.py
[2026-05-18T06:33:07.290+0000] {logging_mixin.py:190} INFO - [2026-05-18T06:33:07.290+0000] {dag.py:3239} INFO - Sync 1 DAGs
[2026-05-18T06:33:07.320+0000] {logging_mixin.py:190} INFO - [2026-05-18T06:33:07.320+0000] {dag.py:4180} INFO - Setting next_dagrun for example_branch_dop_operator_v3 to 2026-05-18 06:32:00+00:00, run_after=2026-05-18 06:33:00+00:00
[2026-05-18T06:33:07.353+0000] {processor.py:208} INFO - Processing /home/noelsdavid/airflow_venv/lib/python3.12/site-packages/airflow/example_dags/example_branch_python_dop_operator_3.py took 0.113 seconds
[2026-05-18T06:34:14.239+0000] {processor.py:186} INFO - Started process (PID=10148) to work on /home/noelsdavid/airflow_venv/lib/python3.12/site-packages/airflow/example_dags/example_branch_python_dop_operator_3.py
[2026-05-18T06:34:14.249+0000] {processor.py:914} INFO - Processing file /home/noelsdavid/airflow_venv/lib/python3.12/site-packages/airflow/example_dags/example_branch_python_dop_operator_3.py for tasks to queue
[2026-05-18T06:34:14.251+0000] {logging_mixin.py:190} INFO - [2026-05-18T06:34:14.250+0000] {dagbag.py:588} INFO - Filling up the DagBag from /home/noelsdavid/airflow_venv/lib/python3.12/site-packages/airflow/example_dags/example_branch_python_dop_operator_3.py
[2026-05-18T06:34:14.266+0000] {processor.py:925} INFO - DAG(s) 'example_branch_dop_operator_v3' retrieved from /home/noelsdavid/airflow_venv/lib/python3.12/site-packages/airflow/example_dags/example_branch_python_dop_operator_3.py
[2026-05-18T06:34:14.289+0000] {logging_mixin.py:190} INFO - [2026-05-18T06:34:14.289+0000] {dag.py:3239} INFO - Sync 1 DAGs
[2026-05-18T06:34:14.319+0000] {logging_mixin.py:190} INFO - [2026-05-18T06:34:14.319+0000] {dag.py:4180} INFO - Setting next_dagrun for example_branch_dop_operator_v3 to 2026-05-18 06:33:00+00:00, run_after=2026-05-18 06:34:00+00:00
[2026-05-18T06:34:14.351+0000] {processor.py:208} INFO - Processing /home/noelsdavid/airflow_venv/lib/python3.12/site-packages/airflow/example_dags/example_branch_python_dop_operator_3.py took 0.121 seconds
[2026-05-18T06:35:18.679+0000] {processor.py:186} INFO - Started process (PID=10355) to work on /home/noelsdavid/airflow_venv/lib/python3.12/site-packages/airflow/example_dags/example_branch_python_dop_operator_3.py
[2026-05-18T06:35:18.681+0000] {processor.py:914} INFO - Processing file /home/noelsdavid/airflow_venv/lib/python3.12/site-packages/airflow/example_dags/example_branch_python_dop_operator_3.py for tasks to queue
[2026-05-18T06:35:18.683+0000] {logging_mixin.py:190} INFO - [2026-05-18T06:35:18.683+0000] {dagbag.py:588} INFO - Filling up the DagBag from /home/noelsdavid/airflow_venv/lib/python3.12/site-packages/airflow/example_dags/example_branch_python_dop_operator_3.py
[2026-05-18T06:35:18.700+0000] {processor.py:925} INFO - DAG(s) 'example_branch_dop_operator_v3' retrieved from /home/noelsdavid/airflow_venv/lib/python3.12/site-packages/airflow/example_dags/example_branch_python_dop_operator_3.py
[2026-05-18T06:35:18.722+0000] {logging_mixin.py:190} INFO - [2026-05-18T06:35:18.722+0000] {dag.py:3239} INFO - Sync 1 DAGs
[2026-05-18T06:35:18.754+0000] {logging_mixin.py:190} INFO - [2026-05-18T06:35:18.754+0000] {dag.py:4180} INFO - Setting next_dagrun for example_branch_dop_operator_v3 to 2026-05-18 06:34:00+00:00, run_after=2026-05-18 06:35:00+00:00
[2026-05-18T06:35:18.786+0000] {processor.py:208} INFO - Processing /home/noelsdavid/airflow_venv/lib/python3.12/site-packages/airflow/example_dags/example_branch_python_dop_operator_3.py took 0.115 seconds
[2026-05-18T06:36:22.247+0000] {processor.py:186} INFO - Started process (PID=10485) to work on /home/noelsdavid/airflow_venv/lib/python3.12/site-packages/airflow/example_dags/example_branch_python_dop_operator_3.py
[2026-05-18T06:36:22.250+0000] {processor.py:914} INFO - Processing file /home/noelsdavid/airflow_venv/lib/python3.12/site-packages/airflow/example_dags/example_branch_python_dop_operator_3.py for tasks to queue
[2026-05-18T06:36:22.252+0000] {logging_mixin.py:190} INFO - [2026-05-18T06:36:22.251+0000] {dagbag.py:588} INFO - Filling up the DagBag from /home/noelsdavid/airflow_venv/lib/python3.12/site-packages/airflow/example_dags/example_branch_python_dop_operator_3.py
[2026-05-18T06:36:22.267+0000] {processor.py:925} INFO - DAG(s) 'example_branch_dop_operator_v3' retrieved from /home/noelsdavid/airflow_venv/lib/python3.12/site-packages/airflow/example_dags/example_branch_python_dop_operator_3.py
[2026-05-18T06:36:22.291+0000] {logging_mixin.py:190} INFO - [2026-05-18T06:36:22.290+0000] {dag.py:3239} INFO - Sync 1 DAGs
[2026-05-18T06:36:22.325+0000] {logging_mixin.py:190} INFO - [2026-05-18T06:36:22.325+0000] {dag.py:4180} INFO - Setting next_dagrun for example_branch_dop_operator_v3 to 2026-05-18 06:35:00+00:00, run_after=2026-05-18 06:36:00+00:00
[2026-05-18T06:36:22.354+0000] {processor.py:208} INFO - Processing /home/noelsdavid/airflow_venv/lib/python3.12/site-packages/airflow/example_dags/example_branch_python_dop_operator_3.py took 0.115 seconds
[2026-05-18T06:37:23.707+0000] {processor.py:186} INFO - Started process (PID=10837) to work on /home/noelsdavid/airflow_venv/lib/python3.12/site-packages/airflow/example_dags/example_branch_python_dop_operator_3.py
[2026-05-18T06:37:23.709+0000] {processor.py:914} INFO - Processing file /home/noelsdavid/airflow_venv/lib/python3.12/site-packages/airflow/example_dags/example_branch_python_dop_operator_3.py for tasks to queue
[2026-05-18T06:37:23.711+0000] {logging_mixin.py:190} INFO - [2026-05-18T06:37:23.710+0000] {dagbag.py:588} INFO - Filling up the DagBag from /home/noelsdavid/airflow_venv/lib/python3.12/site-packages/airflow/example_dags/example_branch_python_dop_operator_3.py
[2026-05-18T06:37:23.726+0000] {processor.py:925} INFO - DAG(s) 'example_branch_dop_operator_v3' retrieved from /home/noelsdavid/airflow_venv/lib/python3.12/site-packages/airflow/example_dags/example_branch_python_dop_operator_3.py
[2026-05-18T06:37:23.748+0000] {logging_mixin.py:190} INFO - [2026-05-18T06:37:23.747+0000] {dag.py:3239} INFO - Sync 1 DAGs
[2026-05-18T06:37:23.779+0000] {logging_mixin.py:190} INFO - [2026-05-18T06:37:23.779+0000] {dag.py:4180} INFO - Setting next_dagrun for example_branch_dop_operator_v3 to 2026-05-18 06:36:00+00:00, run_after=2026-05-18 06:37:00+00:00
[2026-05-18T06:37:23.811+0000] {processor.py:208} INFO - Processing /home/noelsdavid/airflow_venv/lib/python3.12/site-packages/airflow/example_dags/example_branch_python_dop_operator_3.py took 0.112 seconds
[2026-05-18T06:38:30.574+0000] {processor.py:186} INFO - Started process (PID=11065) to work on /home/noelsdavid/airflow_venv/lib/python3.12/site-packages/airflow/example_dags/example_branch_python_dop_operator_3.py
[2026-05-18T06:38:30.576+0000] {processor.py:914} INFO - Processing file /home/noelsdavid/airflow_venv/lib/python3.12/site-packages/airflow/example_dags/example_branch_python_dop_operator_3.py for tasks to queue
[2026-05-18T06:38:30.578+0000] {logging_mixin.py:190} INFO - [2026-05-18T06:38:30.578+0000] {dagbag.py:588} INFO - Filling up the DagBag from /home/noelsdavid/airflow_venv/lib/python3.12/site-packages/airflow/example_dags/example_branch_python_dop_operator_3.py
[2026-05-18T06:38:30.593+0000] {processor.py:925} INFO - DAG(s) 'example_branch_dop_operator_v3' retrieved from /home/noelsdavid/airflow_venv/lib/python3.12/site-packages/airflow/example_dags/example_branch_python_dop_operator_3.py
[2026-05-18T06:38:30.614+0000] {logging_mixin.py:190} INFO - [2026-05-18T06:38:30.614+0000] {dag.py:3239} INFO - Sync 1 DAGs
[2026-05-18T06:38:30.646+0000] {logging_mixin.py:190} INFO - [2026-05-18T06:38:30.646+0000] {dag.py:4180} INFO - Setting next_dagrun for example_branch_dop_operator_v3 to 2026-05-18 06:37:00+00:00, run_after=2026-05-18 06:38:00+00:00
[2026-05-18T06:38:30.679+0000] {processor.py:208} INFO - Processing /home/noelsdavid/airflow_venv/lib/python3.12/site-packages/airflow/example_dags/example_branch_python_dop_operator_3.py took 0.113 seconds
[2026-05-18T06:39:34.585+0000] {processor.py:186} INFO - Started process (PID=11290) to work on /home/noelsdavid/airflow_venv/lib/python3.12/site-packages/airflow/example_dags/example_branch_python_dop_operator_3.py
[2026-05-18T06:39:34.590+0000] {processor.py:914} INFO - Processing file /home/noelsdavid/airflow_venv/lib/python3.12/site-packages/airflow/example_dags/example_branch_python_dop_operator_3.py for tasks to queue
[2026-05-18T06:39:34.592+0000] {logging_mixin.py:190} INFO - [2026-05-18T06:39:34.591+0000] {dagbag.py:588} INFO - Filling up the DagBag from /home/noelsdavid/airflow_venv/lib/python3.12/site-packages/airflow/example_dags/example_branch_python_dop_operator_3.py
[2026-05-18T06:39:34.608+0000] {processor.py:925} INFO - DAG(s) 'example_branch_dop_operator_v3' retrieved from /home/noelsdavid/airflow_venv/lib/python3.12/site-packages/airflow/example_dags/example_branch_python_dop_operator_3.py
[2026-05-18T06:39:34.630+0000] {logging_mixin.py:190} INFO - [2026-05-18T06:39:34.630+0000] {dag.py:3239} INFO - Sync 1 DAGs
[2026-05-18T06:39:34.664+0000] {logging_mixin.py:190} INFO - [2026-05-18T06:39:34.664+0000] {dag.py:4180} INFO - Setting next_dagrun for example_branch_dop_operator_v3 to 2026-05-18 06:38:00+00:00, run_after=2026-05-18 06:39:00+00:00
[2026-05-18T06:39:34.715+0000] {processor.py:208} INFO - Processing /home/noelsdavid/airflow_venv/lib/python3.12/site-packages/airflow/example_dags/example_branch_python_dop_operator_3.py took 0.137 seconds
[2026-05-18T06:40:45.398+0000] {processor.py:186} INFO - Started process (PID=11570) to work on /home/noelsdavid/airflow_venv/lib/python3.12/site-packages/airflow/example_dags/example_branch_python_dop_operator_3.py
[2026-05-18T06:40:45.402+0000] {processor.py:914} INFO - Processing file /home/noelsdavid/airflow_venv/lib/python3.12/site-packages/airflow/example_dags/example_branch_python_dop_operator_3.py for tasks to queue
[2026-05-18T06:40:45.405+0000] {logging_mixin.py:190} INFO - [2026-05-18T06:40:45.403+0000] {dagbag.py:588} INFO - Filling up the DagBag from /home/noelsdavid/airflow_venv/lib/python3.12/site-packages/airflow/example_dags/example_branch_python_dop_operator_3.py
[2026-05-18T06:40:45.433+0000] {processor.py:925} INFO - DAG(s) 'example_branch_dop_operator_v3' retrieved from /home/noelsdavid/airflow_venv/lib/python3.12/site-packages/airflow/example_dags/example_branch_python_dop_operator_3.py
[2026-05-18T06:40:45.469+0000] {logging_mixin.py:190} INFO - [2026-05-18T06:40:45.467+0000] {dag.py:3239} INFO - Sync 1 DAGs
[2026-05-18T06:40:45.514+0000] {logging_mixin.py:190} INFO - [2026-05-18T06:40:45.514+0000] {dag.py:4180} INFO - Setting next_dagrun for example_branch_dop_operator_v3 to 2026-05-18 06:39:00+00:00, run_after=2026-05-18 06:40:00+00:00
[2026-05-18T06:40:45.578+0000] {processor.py:208} INFO - Processing /home/noelsdavid/airflow_venv/lib/python3.12/site-packages/airflow/example_dags/example_branch_python_dop_operator_3.py took 0.191 seconds
[2026-05-18T06:41:57.978+0000] {processor.py:186} INFO - Started process (PID=12270) to work on /home/noelsdavid/airflow_venv/lib/python3.12/site-packages/airflow/example_dags/example_branch_python_dop_operator_3.py
[2026-05-18T06:41:57.981+0000] {processor.py:914} INFO - Processing file /home/noelsdavid/airflow_venv/lib/python3.12/site-packages/airflow/example_dags/example_branch_python_dop_operator_3.py for tasks to queue
[2026-05-18T06:41:57.983+0000] {logging_mixin.py:190} INFO - [2026-05-18T06:41:57.982+0000] {dagbag.py:588} INFO - Filling up the DagBag from /home/noelsdavid/airflow_venv/lib/python3.12/site-packages/airflow/example_dags/example_branch_python_dop_operator_3.py
[2026-05-18T06:41:58.000+0000] {processor.py:925} INFO - DAG(s) 'example_branch_dop_operator_v3' retrieved from /home/noelsdavid/airflow_venv/lib/python3.12/site-packages/airflow/example_dags/example_branch_python_dop_operator_3.py
[2026-05-18T06:41:58.028+0000] {logging_mixin.py:190} INFO - [2026-05-18T06:41:58.028+0000] {dag.py:3239} INFO - Sync 1 DAGs
[2026-05-18T06:41:58.062+0000] {logging_mixin.py:190} INFO - [2026-05-18T06:41:58.062+0000] {dag.py:4180} INFO - Setting next_dagrun for example_branch_dop_operator_v3 to 2026-05-18 06:40:00+00:00, run_after=2026-05-18 06:41:00+00:00
[2026-05-18T06:41:58.099+0000] {processor.py:208} INFO - Processing /home/noelsdavid/airflow_venv/lib/python3.12/site-packages/airflow/example_dags/example_branch_python_dop_operator_3.py took 0.130 seconds
[2026-05-18T06:43:10.904+0000] {processor.py:186} INFO - Started process (PID=12649) to work on /home/noelsdavid/airflow_venv/lib/python3.12/site-packages/airflow/example_dags/example_branch_python_dop_operator_3.py
[2026-05-18T06:43:10.906+0000] {processor.py:914} INFO - Processing file /home/noelsdavid/airflow_venv/lib/python3.12/site-packages/airflow/example_dags/example_branch_python_dop_operator_3.py for tasks to queue
[2026-05-18T06:43:10.909+0000] {logging_mixin.py:190} INFO - [2026-05-18T06:43:10.908+0000] {dagbag.py:588} INFO - Filling up the DagBag from /home/noelsdavid/airflow_venv/lib/python3.12/site-packages/airflow/example_dags/example_branch_python_dop_operator_3.py
[2026-05-18T06:43:10.930+0000] {processor.py:925} INFO - DAG(s) 'example_branch_dop_operator_v3' retrieved from /home/noelsdavid/airflow_venv/lib/python3.12/site-packages/airflow/example_dags/example_branch_python_dop_operator_3.py
[2026-05-18T06:43:10.953+0000] {logging_mixin.py:190} INFO - [2026-05-18T06:43:10.953+0000] {dag.py:3239} INFO - Sync 1 DAGs
[2026-05-18T06:43:10.984+0000] {logging_mixin.py:190} INFO - [2026-05-18T06:43:10.983+0000] {dag.py:4180} INFO - Setting next_dagrun for example_branch_dop_operator_v3 to 2026-05-18 06:42:00+00:00, run_after=2026-05-18 06:43:00+00:00
[2026-05-18T06:43:11.023+0000] {processor.py:208} INFO - Processing /home/noelsdavid/airflow_venv/lib/python3.12/site-packages/airflow/example_dags/example_branch_python_dop_operator_3.py took 0.129 seconds
[2026-05-18T06:44:48.668+0000] {processor.py:186} INFO - Started process (PID=13063) to work on /home/noelsdavid/airflow_venv/lib/python3.12/site-packages/airflow/example_dags/example_branch_python_dop_operator_3.py
[2026-05-18T06:44:48.685+0000] {processor.py:914} INFO - Processing file /home/noelsdavid/airflow_venv/lib/python3.12/site-packages/airflow/example_dags/example_branch_python_dop_operator_3.py for tasks to queue
[2026-05-18T06:44:48.687+0000] {logging_mixin.py:190} INFO - [2026-05-18T06:44:48.686+0000] {dagbag.py:588} INFO - Filling up the DagBag from /home/noelsdavid/airflow_venv/lib/python3.12/site-packages/airflow/example_dags/example_branch_python_dop_operator_3.py
[2026-05-18T06:44:48.702+0000] {processor.py:925} INFO - DAG(s) 'example_branch_dop_operator_v3' retrieved from /home/noelsdavid/airflow_venv/lib/python3.12/site-packages/airflow/example_dags/example_branch_python_dop_operator_3.py
[2026-05-18T06:44:48.725+0000] {logging_mixin.py:190} INFO - [2026-05-18T06:44:48.724+0000] {dag.py:3239} INFO - Sync 1 DAGs
[2026-05-18T06:44:48.756+0000] {logging_mixin.py:190} INFO - [2026-05-18T06:44:48.756+0000] {dag.py:4180} INFO - Setting next_dagrun for example_branch_dop_operator_v3 to 2026-05-18 06:43:00+00:00, run_after=2026-05-18 06:44:00+00:00
[2026-05-18T06:44:48.792+0000] {processor.py:208} INFO - Processing /home/noelsdavid/airflow_venv/lib/python3.12/site-packages/airflow/example_dags/example_branch_python_dop_operator_3.py took 0.133 seconds
[2026-05-18T06:46:01.082+0000] {processor.py:186} INFO - Started process (PID=13165) to work on /home/noelsdavid/airflow_venv/lib/python3.12/site-packages/airflow/example_dags/example_branch_python_dop_operator_3.py
[2026-05-18T06:46:01.085+0000] {processor.py:914} INFO - Processing file /home/noelsdavid/airflow_venv/lib/python3.12/site-packages/airflow/example_dags/example_branch_python_dop_operator_3.py for tasks to queue
[2026-05-18T06:46:01.087+0000] {logging_mixin.py:190} INFO - [2026-05-18T06:46:01.086+0000] {dagbag.py:588} INFO - Filling up the DagBag from /home/noelsdavid/airflow_venv/lib/python3.12/site-packages/airflow/example_dags/example_branch_python_dop_operator_3.py
[2026-05-18T06:46:01.102+0000] {processor.py:925} INFO - DAG(s) 'example_branch_dop_operator_v3' retrieved from /home/noelsdavid/airflow_venv/lib/python3.12/site-packages/airflow/example_dags/example_branch_python_dop_operator_3.py
[2026-05-18T06:46:01.125+0000] {logging_mixin.py:190} INFO - [2026-05-18T06:46:01.124+0000] {dag.py:3239} INFO - Sync 1 DAGs
[2026-05-18T06:46:01.157+0000] {logging_mixin.py:190} INFO - [2026-05-18T06:46:01.156+0000] {dag.py:4180} INFO - Setting next_dagrun for example_branch_dop_operator_v3 to 2026-05-18 06:45:00+00:00, run_after=2026-05-18 06:46:00+00:00
[2026-05-18T06:46:01.191+0000] {processor.py:208} INFO - Processing /home/noelsdavid/airflow_venv/lib/python3.12/site-packages/airflow/example_dags/example_branch_python_dop_operator_3.py took 0.119 seconds
[2026-05-18T06:47:10.746+0000] {processor.py:186} INFO - Started process (PID=13242) to work on /home/noelsdavid/airflow_venv/lib/python3.12/site-packages/airflow/example_dags/example_branch_python_dop_operator_3.py
[2026-05-18T06:47:10.749+0000] {processor.py:914} INFO - Processing file /home/noelsdavid/airflow_venv/lib/python3.12/site-packages/airflow/example_dags/example_branch_python_dop_operator_3.py for tasks to queue
[2026-05-18T06:47:10.751+0000] {logging_mixin.py:190} INFO - [2026-05-18T06:47:10.750+0000] {dagbag.py:588} INFO - Filling up the DagBag from /home/noelsdavid/airflow_venv/lib/python3.12/site-packages/airflow/example_dags/example_branch_python_dop_operator_3.py
[2026-05-18T06:47:10.766+0000] {processor.py:925} INFO - DAG(s) 'example_branch_dop_operator_v3' retrieved from /home/noelsdavid/airflow_venv/lib/python3.12/site-packages/airflow/example_dags/example_branch_python_dop_operator_3.py
[2026-05-18T06:47:10.789+0000] {logging_mixin.py:190} INFO - [2026-05-18T06:47:10.788+0000] {dag.py:3239} INFO - Sync 1 DAGs
[2026-05-18T06:47:10.821+0000] {logging_mixin.py:190} INFO - [2026-05-18T06:47:10.820+0000] {dag.py:4180} INFO - Setting next_dagrun for example_branch_dop_operator_v3 to 2026-05-18 06:46:00+00:00, run_after=2026-05-18 06:47:00+00:00
[2026-05-18T06:47:10.855+0000] {processor.py:208} INFO - Processing /home/noelsdavid/airflow_venv/lib/python3.12/site-packages/airflow/example_dags/example_branch_python_dop_operator_3.py took 0.118 seconds
[2026-05-18T06:48:15.428+0000] {processor.py:186} INFO - Started process (PID=13314) to work on /home/noelsdavid/airflow_venv/lib/python3.12/site-packages/airflow/example_dags/example_branch_python_dop_operator_3.py
[2026-05-18T06:48:15.430+0000] {processor.py:914} INFO - Processing file /home/noelsdavid/airflow_venv/lib/python3.12/site-packages/airflow/example_dags/example_branch_python_dop_operator_3.py for tasks to queue
[2026-05-18T06:48:15.432+0000] {logging_mixin.py:190} INFO - [2026-05-18T06:48:15.431+0000] {dagbag.py:588} INFO - Filling up the DagBag from /home/noelsdavid/airflow_venv/lib/python3.12/site-packages/airflow/example_dags/example_branch_python_dop_operator_3.py
[2026-05-18T06:48:15.448+0000] {processor.py:925} INFO - DAG(s) 'example_branch_dop_operator_v3' retrieved from /home/noelsdavid/airflow_venv/lib/python3.12/site-packages/airflow/example_dags/example_branch_python_dop_operator_3.py
[2026-05-18T06:48:15.470+0000] {logging_mixin.py:190} INFO - [2026-05-18T06:48:15.469+0000] {dag.py:3239} INFO - Sync 1 DAGs
[2026-05-18T06:48:15.500+0000] {logging_mixin.py:190} INFO - [2026-05-18T06:48:15.500+0000] {dag.py:4180} INFO - Setting next_dagrun for example_branch_dop_operator_v3 to 2026-05-18 06:47:00+00:00, run_after=2026-05-18 06:48:00+00:00
[2026-05-18T06:48:15.531+0000] {processor.py:208} INFO - Processing /home/noelsdavid/airflow_venv/lib/python3.12/site-packages/airflow/example_dags/example_branch_python_dop_operator_3.py took 0.113 seconds
[2026-05-18T06:49:20.480+0000] {processor.py:186} INFO - Started process (PID=13388) to work on /home/noelsdavid/airflow_venv/lib/python3.12/site-packages/airflow/example_dags/example_branch_python_dop_operator_3.py
[2026-05-18T06:49:20.483+0000] {processor.py:914} INFO - Processing file /home/noelsdavid/airflow_venv/lib/python3.12/site-packages/airflow/example_dags/example_branch_python_dop_operator_3.py for tasks to queue
[2026-05-18T06:49:20.485+0000] {logging_mixin.py:190} INFO - [2026-05-18T06:49:20.484+0000] {dagbag.py:588} INFO - Filling up the DagBag from /home/noelsdavid/airflow_venv/lib/python3.12/site-packages/airflow/example_dags/example_branch_python_dop_operator_3.py
[2026-05-18T06:49:20.501+0000] {processor.py:925} INFO - DAG(s) 'example_branch_dop_operator_v3' retrieved from /home/noelsdavid/airflow_venv/lib/python3.12/site-packages/airflow/example_dags/example_branch_python_dop_operator_3.py
[2026-05-18T06:49:20.524+0000] {logging_mixin.py:190} INFO - [2026-05-18T06:49:20.523+0000] {dag.py:3239} INFO - Sync 1 DAGs
[2026-05-18T06:49:20.554+0000] {logging_mixin.py:190} INFO - [2026-05-18T06:49:20.553+0000] {dag.py:4180} INFO - Setting next_dagrun for example_branch_dop_operator_v3 to 2026-05-18 06:48:00+00:00, run_after=2026-05-18 06:49:00+00:00
[2026-05-18T06:49:20.586+0000] {processor.py:208} INFO - Processing /home/noelsdavid/airflow_venv/lib/python3.12/site-packages/airflow/example_dags/example_branch_python_dop_operator_3.py took 0.117 seconds
[2026-05-18T06:50:28.423+0000] {processor.py:186} INFO - Started process (PID=13957) to work on /home/noelsdavid/airflow_venv/lib/python3.12/site-packages/airflow/example_dags/example_branch_python_dop_operator_3.py
[2026-05-18T06:50:28.426+0000] {processor.py:914} INFO - Processing file /home/noelsdavid/airflow_venv/lib/python3.12/site-packages/airflow/example_dags/example_branch_python_dop_operator_3.py for tasks to queue
[2026-05-18T06:50:28.428+0000] {logging_mixin.py:190} INFO - [2026-05-18T06:50:28.428+0000] {dagbag.py:588} INFO - Filling up the DagBag from /home/noelsdavid/airflow_venv/lib/python3.12/site-packages/airflow/example_dags/example_branch_python_dop_operator_3.py
[2026-05-18T06:50:28.445+0000] {processor.py:925} INFO - DAG(s) 'example_branch_dop_operator_v3' retrieved from /home/noelsdavid/airflow_venv/lib/python3.12/site-packages/airflow/example_dags/example_branch_python_dop_operator_3.py
[2026-05-18T06:50:28.466+0000] {logging_mixin.py:190} INFO - [2026-05-18T06:50:28.465+0000] {dag.py:3239} INFO - Sync 1 DAGs
[2026-05-18T06:50:28.496+0000] {logging_mixin.py:190} INFO - [2026-05-18T06:50:28.496+0000] {dag.py:4180} INFO - Setting next_dagrun for example_branch_dop_operator_v3 to 2026-05-18 06:49:00+00:00, run_after=2026-05-18 06:50:00+00:00
[2026-05-18T06:50:28.527+0000] {processor.py:208} INFO - Processing /home/noelsdavid/airflow_venv/lib/python3.12/site-packages/airflow/example_dags/example_branch_python_dop_operator_3.py took 0.114 seconds
[2026-05-18T06:51:41.165+0000] {processor.py:186} INFO - Started process (PID=14265) to work on /home/noelsdavid/airflow_venv/lib/python3.12/site-packages/airflow/example_dags/example_branch_python_dop_operator_3.py
[2026-05-18T06:51:41.169+0000] {processor.py:914} INFO - Processing file /home/noelsdavid/airflow_venv/lib/python3.12/site-packages/airflow/example_dags/example_branch_python_dop_operator_3.py for tasks to queue
[2026-05-18T06:51:41.171+0000] {logging_mixin.py:190} INFO - [2026-05-18T06:51:41.170+0000] {dagbag.py:588} INFO - Filling up the DagBag from /home/noelsdavid/airflow_venv/lib/python3.12/site-packages/airflow/example_dags/example_branch_python_dop_operator_3.py
[2026-05-18T06:51:41.190+0000] {processor.py:925} INFO - DAG(s) 'example_branch_dop_operator_v3' retrieved from /home/noelsdavid/airflow_venv/lib/python3.12/site-packages/airflow/example_dags/example_branch_python_dop_operator_3.py
[2026-05-18T06:51:41.213+0000] {logging_mixin.py:190} INFO - [2026-05-18T06:51:41.213+0000] {dag.py:3239} INFO - Sync 1 DAGs
[2026-05-18T06:51:41.248+0000] {logging_mixin.py:190} INFO - [2026-05-18T06:51:41.247+0000] {dag.py:4180} INFO - Setting next_dagrun for example_branch_dop_operator_v3 to 2026-05-18 06:50:00+00:00, run_after=2026-05-18 06:51:00+00:00
[2026-05-18T06:51:41.290+0000] {processor.py:208} INFO - Processing /home/noelsdavid/airflow_venv/lib/python3.12/site-packages/airflow/example_dags/example_branch_python_dop_operator_3.py took 0.135 seconds
[2026-05-18T06:52:50.375+0000] {processor.py:186} INFO - Started process (PID=14545) to work on /home/noelsdavid/airflow_venv/lib/python3.12/site-packages/airflow/example_dags/example_branch_python_dop_operator_3.py
[2026-05-18T06:52:50.377+0000] {processor.py:914} INFO - Processing file /home/noelsdavid/airflow_venv/lib/python3.12/site-packages/airflow/example_dags/example_branch_python_dop_operator_3.py for tasks to queue
[2026-05-18T06:52:50.379+0000] {logging_mixin.py:190} INFO - [2026-05-18T06:52:50.378+0000] {dagbag.py:588} INFO - Filling up the DagBag from /home/noelsdavid/airflow_venv/lib/python3.12/site-packages/airflow/example_dags/example_branch_python_dop_operator_3.py
[2026-05-18T06:52:50.394+0000] {processor.py:925} INFO - DAG(s) 'example_branch_dop_operator_v3' retrieved from /home/noelsdavid/airflow_venv/lib/python3.12/site-packages/airflow/example_dags/example_branch_python_dop_operator_3.py
[2026-05-18T06:52:50.416+0000] {logging_mixin.py:190} INFO - [2026-05-18T06:52:50.415+0000] {dag.py:3239} INFO - Sync 1 DAGs
[2026-05-18T06:52:50.448+0000] {logging_mixin.py:190} INFO - [2026-05-18T06:52:50.447+0000] {dag.py:4180} INFO - Setting next_dagrun for example_branch_dop_operator_v3 to 2026-05-18 06:51:00+00:00, run_after=2026-05-18 06:52:00+00:00
[2026-05-18T06:52:50.480+0000] {processor.py:208} INFO - Processing /home/noelsdavid/airflow_venv/lib/python3.12/site-packages/airflow/example_dags/example_branch_python_dop_operator_3.py took 0.115 seconds
[2026-05-18T06:54:03.916+0000] {processor.py:186} INFO - Started process (PID=14881) to work on /home/noelsdavid/airflow_venv/lib/python3.12/site-packages/airflow/example_dags/example_branch_python_dop_operator_3.py
[2026-05-18T06:54:03.918+0000] {processor.py:914} INFO - Processing file /home/noelsdavid/airflow_venv/lib/python3.12/site-packages/airflow/example_dags/example_branch_python_dop_operator_3.py for tasks to queue
[2026-05-18T06:54:03.920+0000] {logging_mixin.py:190} INFO - [2026-05-18T06:54:03.920+0000] {dagbag.py:588} INFO - Filling up the DagBag from /home/noelsdavid/airflow_venv/lib/python3.12/site-packages/airflow/example_dags/example_branch_python_dop_operator_3.py
[2026-05-18T06:54:03.937+0000] {processor.py:925} INFO - DAG(s) 'example_branch_dop_operator_v3' retrieved from /home/noelsdavid/airflow_venv/lib/python3.12/site-packages/airflow/example_dags/example_branch_python_dop_operator_3.py
[2026-05-18T06:54:03.962+0000] {logging_mixin.py:190} INFO - [2026-05-18T06:54:03.961+0000] {dag.py:3239} INFO - Sync 1 DAGs
[2026-05-18T06:54:04.004+0000] {logging_mixin.py:190} INFO - [2026-05-18T06:54:04.004+0000] {dag.py:4180} INFO - Setting next_dagrun for example_branch_dop_operator_v3 to 2026-05-18 06:53:00+00:00, run_after=2026-05-18 06:54:00+00:00
[2026-05-18T06:54:04.051+0000] {processor.py:208} INFO - Processing /home/noelsdavid/airflow_venv/lib/python3.12/site-packages/airflow/example_dags/example_branch_python_dop_operator_3.py took 0.146 seconds
[2026-05-18T06:55:16.471+0000] {processor.py:186} INFO - Started process (PID=15071) to work on /home/noelsdavid/airflow_venv/lib/python3.12/site-packages/airflow/example_dags/example_branch_python_dop_operator_3.py
[2026-05-18T06:55:16.474+0000] {processor.py:914} INFO - Processing file /home/noelsdavid/airflow_venv/lib/python3.12/site-packages/airflow/example_dags/example_branch_python_dop_operator_3.py for tasks to queue
[2026-05-18T06:55:16.476+0000] {logging_mixin.py:190} INFO - [2026-05-18T06:55:16.475+0000] {dagbag.py:588} INFO - Filling up the DagBag from /home/noelsdavid/airflow_venv/lib/python3.12/site-packages/airflow/example_dags/example_branch_python_dop_operator_3.py
[2026-05-18T06:55:16.491+0000] {processor.py:925} INFO - DAG(s) 'example_branch_dop_operator_v3' retrieved from /home/noelsdavid/airflow_venv/lib/python3.12/site-packages/airflow/example_dags/example_branch_python_dop_operator_3.py
[2026-05-18T06:55:16.531+0000] {logging_mixin.py:190} INFO - [2026-05-18T06:55:16.531+0000] {dag.py:3239} INFO - Sync 1 DAGs
[2026-05-18T06:55:16.584+0000] {logging_mixin.py:190} INFO - [2026-05-18T06:55:16.583+0000] {dag.py:4180} INFO - Setting next_dagrun for example_branch_dop_operator_v3 to 2026-05-18 06:54:00+00:00, run_after=2026-05-18 06:55:00+00:00
[2026-05-18T06:55:16.624+0000] {processor.py:208} INFO - Processing /home/noelsdavid/airflow_venv/lib/python3.12/site-packages/airflow/example_dags/example_branch_python_dop_operator_3.py took 0.162 seconds
[2026-05-18T06:56:34.520+0000] {processor.py:186} INFO - Started process (PID=15406) to work on /home/noelsdavid/airflow_venv/lib/python3.12/site-packages/airflow/example_dags/example_branch_python_dop_operator_3.py
[2026-05-18T06:56:34.523+0000] {processor.py:914} INFO - Processing file /home/noelsdavid/airflow_venv/lib/python3.12/site-packages/airflow/example_dags/example_branch_python_dop_operator_3.py for tasks to queue
[2026-05-18T06:56:34.527+0000] {logging_mixin.py:190} INFO - [2026-05-18T06:56:34.526+0000] {dagbag.py:588} INFO - Filling up the DagBag from /home/noelsdavid/airflow_venv/lib/python3.12/site-packages/airflow/example_dags/example_branch_python_dop_operator_3.py
[2026-05-18T06:56:34.559+0000] {processor.py:925} INFO - DAG(s) 'example_branch_dop_operator_v3' retrieved from /home/noelsdavid/airflow_venv/lib/python3.12/site-packages/airflow/example_dags/example_branch_python_dop_operator_3.py
[2026-05-18T06:56:34.605+0000] {logging_mixin.py:190} INFO - [2026-05-18T06:56:34.604+0000] {dag.py:3239} INFO - Sync 1 DAGs
[2026-05-18T06:56:34.652+0000] {logging_mixin.py:190} INFO - [2026-05-18T06:56:34.652+0000] {dag.py:4180} INFO - Setting next_dagrun for example_branch_dop_operator_v3 to 2026-05-18 06:55:00+00:00, run_after=2026-05-18 06:56:00+00:00
[2026-05-18T06:56:34.694+0000] {processor.py:208} INFO - Processing /home/noelsdavid/airflow_venv/lib/python3.12/site-packages/airflow/example_dags/example_branch_python_dop_operator_3.py took 0.193 seconds
[2026-05-18T06:57:52.490+0000] {processor.py:186} INFO - Started process (PID=15547) to work on /home/noelsdavid/airflow_venv/lib/python3.12/site-packages/airflow/example_dags/example_branch_python_dop_operator_3.py
[2026-05-18T06:57:52.493+0000] {processor.py:914} INFO - Processing file /home/noelsdavid/airflow_venv/lib/python3.12/site-packages/airflow/example_dags/example_branch_python_dop_operator_3.py for tasks to queue
[2026-05-18T06:57:52.495+0000] {logging_mixin.py:190} INFO - [2026-05-18T06:57:52.494+0000] {dagbag.py:588} INFO - Filling up the DagBag from /home/noelsdavid/airflow_venv/lib/python3.12/site-packages/airflow/example_dags/example_branch_python_dop_operator_3.py
[2026-05-18T06:57:52.510+0000] {processor.py:925} INFO - DAG(s) 'example_branch_dop_operator_v3' retrieved from /home/noelsdavid/airflow_venv/lib/python3.12/site-packages/airflow/example_dags/example_branch_python_dop_operator_3.py
[2026-05-18T06:57:52.533+0000] {logging_mixin.py:190} INFO - [2026-05-18T06:57:52.532+0000] {dag.py:3239} INFO - Sync 1 DAGs
[2026-05-18T06:57:52.563+0000] {logging_mixin.py:190} INFO - [2026-05-18T06:57:52.563+0000] {dag.py:4180} INFO - Setting next_dagrun for example_branch_dop_operator_v3 to 2026-05-18 06:56:00+00:00, run_after=2026-05-18 06:57:00+00:00
[2026-05-18T06:57:52.596+0000] {processor.py:208} INFO - Processing /home/noelsdavid/airflow_venv/lib/python3.12/site-packages/airflow/example_dags/example_branch_python_dop_operator_3.py took 0.115 seconds
[2026-05-18T06:59:06.671+0000] {processor.py:186} INFO - Started process (PID=15820) to work on /home/noelsdavid/airflow_venv/lib/python3.12/site-packages/airflow/example_dags/example_branch_python_dop_operator_3.py
[2026-05-18T06:59:06.673+0000] {processor.py:914} INFO - Processing file /home/noelsdavid/airflow_venv/lib/python3.12/site-packages/airflow/example_dags/example_branch_python_dop_operator_3.py for tasks to queue
[2026-05-18T06:59:06.675+0000] {logging_mixin.py:190} INFO - [2026-05-18T06:59:06.675+0000] {dagbag.py:588} INFO - Filling up the DagBag from /home/noelsdavid/airflow_venv/lib/python3.12/site-packages/airflow/example_dags/example_branch_python_dop_operator_3.py
[2026-05-18T06:59:06.694+0000] {processor.py:925} INFO - DAG(s) 'example_branch_dop_operator_v3' retrieved from /home/noelsdavid/airflow_venv/lib/python3.12/site-packages/airflow/example_dags/example_branch_python_dop_operator_3.py
[2026-05-18T06:59:06.717+0000] {logging_mixin.py:190} INFO - [2026-05-18T06:59:06.717+0000] {dag.py:3239} INFO - Sync 1 DAGs
[2026-05-18T06:59:06.748+0000] {logging_mixin.py:190} INFO - [2026-05-18T06:59:06.748+0000] {dag.py:4180} INFO - Setting next_dagrun for example_branch_dop_operator_v3 to 2026-05-18 06:58:00+00:00, run_after=2026-05-18 06:59:00+00:00
[2026-05-18T06:59:06.784+0000] {processor.py:208} INFO - Processing /home/noelsdavid/airflow_venv/lib/python3.12/site-packages/airflow/example_dags/example_branch_python_dop_operator_3.py took 0.123 seconds
[2026-05-18T07:00:26.813+0000] {processor.py:186} INFO - Started process (PID=16179) to work on /home/noelsdavid/airflow_venv/lib/python3.12/site-packages/airflow/example_dags/example_branch_python_dop_operator_3.py
[2026-05-18T07:00:26.829+0000] {processor.py:914} INFO - Processing file /home/noelsdavid/airflow_venv/lib/python3.12/site-packages/airflow/example_dags/example_branch_python_dop_operator_3.py for tasks to queue
[2026-05-18T07:00:26.831+0000] {logging_mixin.py:190} INFO - [2026-05-18T07:00:26.830+0000] {dagbag.py:588} INFO - Filling up the DagBag from /home/noelsdavid/airflow_venv/lib/python3.12/site-packages/airflow/example_dags/example_branch_python_dop_operator_3.py
[2026-05-18T07:00:26.846+0000] {processor.py:925} INFO - DAG(s) 'example_branch_dop_operator_v3' retrieved from /home/noelsdavid/airflow_venv/lib/python3.12/site-packages/airflow/example_dags/example_branch_python_dop_operator_3.py
[2026-05-18T07:00:26.867+0000] {logging_mixin.py:190} INFO - [2026-05-18T07:00:26.866+0000] {dag.py:3239} INFO - Sync 1 DAGs
[2026-05-18T07:00:26.896+0000] {logging_mixin.py:190} INFO - [2026-05-18T07:00:26.896+0000] {dag.py:4180} INFO - Setting next_dagrun for example_branch_dop_operator_v3 to 2026-05-18 06:59:00+00:00, run_after=2026-05-18 07:00:00+00:00
[2026-05-18T07:00:26.929+0000] {processor.py:208} INFO - Processing /home/noelsdavid/airflow_venv/lib/python3.12/site-packages/airflow/example_dags/example_branch_python_dop_operator_3.py took 0.125 seconds
[2026-05-18T07:01:43.601+0000] {processor.py:186} INFO - Started process (PID=16428) to work on /home/noelsdavid/airflow_venv/lib/python3.12/site-packages/airflow/example_dags/example_branch_python_dop_operator_3.py
[2026-05-18T07:01:43.604+0000] {processor.py:914} INFO - Processing file /home/noelsdavid/airflow_venv/lib/python3.12/site-packages/airflow/example_dags/example_branch_python_dop_operator_3.py for tasks to queue
[2026-05-18T07:01:43.606+0000] {logging_mixin.py:190} INFO - [2026-05-18T07:01:43.606+0000] {dagbag.py:588} INFO - Filling up the DagBag from /home/noelsdavid/airflow_venv/lib/python3.12/site-packages/airflow/example_dags/example_branch_python_dop_operator_3.py
[2026-05-18T07:01:43.623+0000] {processor.py:925} INFO - DAG(s) 'example_branch_dop_operator_v3' retrieved from /home/noelsdavid/airflow_venv/lib/python3.12/site-packages/airflow/example_dags/example_branch_python_dop_operator_3.py
[2026-05-18T07:01:43.645+0000] {logging_mixin.py:190} INFO - [2026-05-18T07:01:43.645+0000] {dag.py:3239} INFO - Sync 1 DAGs
[2026-05-18T07:01:43.675+0000] {logging_mixin.py:190} INFO - [2026-05-18T07:01:43.674+0000] {dag.py:4180} INFO - Setting next_dagrun for example_branch_dop_operator_v3 to 2026-05-18 07:00:00+00:00, run_after=2026-05-18 07:01:00+00:00
[2026-05-18T07:01:43.704+0000] {processor.py:208} INFO - Processing /home/noelsdavid/airflow_venv/lib/python3.12/site-packages/airflow/example_dags/example_branch_python_dop_operator_3.py took 0.113 seconds
[2026-05-18T07:02:55.688+0000] {processor.py:186} INFO - Started process (PID=16506) to work on /home/noelsdavid/airflow_venv/lib/python3.12/site-packages/airflow/example_dags/example_branch_python_dop_operator_3.py
[2026-05-18T07:02:55.691+0000] {processor.py:914} INFO - Processing file /home/noelsdavid/airflow_venv/lib/python3.12/site-packages/airflow/example_dags/example_branch_python_dop_operator_3.py for tasks to queue
[2026-05-18T07:02:55.694+0000] {logging_mixin.py:190} INFO - [2026-05-18T07:02:55.693+0000] {dagbag.py:588} INFO - Filling up the DagBag from /home/noelsdavid/airflow_venv/lib/python3.12/site-packages/airflow/example_dags/example_branch_python_dop_operator_3.py
[2026-05-18T07:02:55.710+0000] {processor.py:925} INFO - DAG(s) 'example_branch_dop_operator_v3' retrieved from /home/noelsdavid/airflow_venv/lib/python3.12/site-packages/airflow/example_dags/example_branch_python_dop_operator_3.py
[2026-05-18T07:02:55.734+0000] {logging_mixin.py:190} INFO - [2026-05-18T07:02:55.734+0000] {dag.py:3239} INFO - Sync 1 DAGs
[2026-05-18T07:02:55.768+0000] {logging_mixin.py:190} INFO - [2026-05-18T07:02:55.767+0000] {dag.py:4180} INFO - Setting next_dagrun for example_branch_dop_operator_v3 to 2026-05-18 07:01:00+00:00, run_after=2026-05-18 07:02:00+00:00
[2026-05-18T07:02:55.800+0000] {processor.py:208} INFO - Processing /home/noelsdavid/airflow_venv/lib/python3.12/site-packages/airflow/example_dags/example_branch_python_dop_operator_3.py took 0.121 seconds
[2026-05-18T07:04:06.635+0000] {processor.py:186} INFO - Started process (PID=16584) to work on /home/noelsdavid/airflow_venv/lib/python3.12/site-packages/airflow/example_dags/example_branch_python_dop_operator_3.py
[2026-05-18T07:04:06.637+0000] {processor.py:914} INFO - Processing file /home/noelsdavid/airflow_venv/lib/python3.12/site-packages/airflow/example_dags/example_branch_python_dop_operator_3.py for tasks to queue
[2026-05-18T07:04:06.639+0000] {logging_mixin.py:190} INFO - [2026-05-18T07:04:06.639+0000] {dagbag.py:588} INFO - Filling up the DagBag from /home/noelsdavid/airflow_venv/lib/python3.12/site-packages/airflow/example_dags/example_branch_python_dop_operator_3.py
[2026-05-18T07:04:06.655+0000] {processor.py:925} INFO - DAG(s) 'example_branch_dop_operator_v3' retrieved from /home/noelsdavid/airflow_venv/lib/python3.12/site-packages/airflow/example_dags/example_branch_python_dop_operator_3.py
[2026-05-18T07:04:06.676+0000] {logging_mixin.py:190} INFO - [2026-05-18T07:04:06.676+0000] {dag.py:3239} INFO - Sync 1 DAGs
[2026-05-18T07:04:06.705+0000] {logging_mixin.py:190} INFO - [2026-05-18T07:04:06.705+0000] {dag.py:4180} INFO - Setting next_dagrun for example_branch_dop_operator_v3 to 2026-05-18 07:03:00+00:00, run_after=2026-05-18 07:04:00+00:00
[2026-05-18T07:04:06.737+0000] {processor.py:208} INFO - Processing /home/noelsdavid/airflow_venv/lib/python3.12/site-packages/airflow/example_dags/example_branch_python_dop_operator_3.py took 0.111 seconds
[2026-05-18T07:05:15.916+0000] {processor.py:186} INFO - Started process (PID=16685) to work on /home/noelsdavid/airflow_venv/lib/python3.12/site-packages/airflow/example_dags/example_branch_python_dop_operator_3.py
[2026-05-18T07:05:15.918+0000] {processor.py:914} INFO - Processing file /home/noelsdavid/airflow_venv/lib/python3.12/site-packages/airflow/example_dags/example_branch_python_dop_operator_3.py for tasks to queue
[2026-05-18T07:05:15.920+0000] {logging_mixin.py:190} INFO - [2026-05-18T07:05:15.919+0000] {dagbag.py:588} INFO - Filling up the DagBag from /home/noelsdavid/airflow_venv/lib/python3.12/site-packages/airflow/example_dags/example_branch_python_dop_operator_3.py
[2026-05-18T07:05:15.935+0000] {processor.py:925} INFO - DAG(s) 'example_branch_dop_operator_v3' retrieved from /home/noelsdavid/airflow_venv/lib/python3.12/site-packages/airflow/example_dags/example_branch_python_dop_operator_3.py
[2026-05-18T07:05:15.958+0000] {logging_mixin.py:190} INFO - [2026-05-18T07:05:15.958+0000] {dag.py:3239} INFO - Sync 1 DAGs
[2026-05-18T07:05:15.988+0000] {logging_mixin.py:190} INFO - [2026-05-18T07:05:15.988+0000] {dag.py:4180} INFO - Setting next_dagrun for example_branch_dop_operator_v3 to 2026-05-18 07:04:00+00:00, run_after=2026-05-18 07:05:00+00:00
[2026-05-18T07:05:16.020+0000] {processor.py:208} INFO - Processing /home/noelsdavid/airflow_venv/lib/python3.12/site-packages/airflow/example_dags/example_branch_python_dop_operator_3.py took 0.114 seconds
[2026-05-18T07:06:34.176+0000] {processor.py:186} INFO - Started process (PID=16766) to work on /home/noelsdavid/airflow_venv/lib/python3.12/site-packages/airflow/example_dags/example_branch_python_dop_operator_3.py
[2026-05-18T07:06:34.204+0000] {processor.py:914} INFO - Processing file /home/noelsdavid/airflow_venv/lib/python3.12/site-packages/airflow/example_dags/example_branch_python_dop_operator_3.py for tasks to queue
[2026-05-18T07:06:34.206+0000] {logging_mixin.py:190} INFO - [2026-05-18T07:06:34.205+0000] {dagbag.py:588} INFO - Filling up the DagBag from /home/noelsdavid/airflow_venv/lib/python3.12/site-packages/airflow/example_dags/example_branch_python_dop_operator_3.py
[2026-05-18T07:06:34.222+0000] {processor.py:925} INFO - DAG(s) 'example_branch_dop_operator_v3' retrieved from /home/noelsdavid/airflow_venv/lib/python3.12/site-packages/airflow/example_dags/example_branch_python_dop_operator_3.py
[2026-05-18T07:06:34.246+0000] {logging_mixin.py:190} INFO - [2026-05-18T07:06:34.245+0000] {dag.py:3239} INFO - Sync 1 DAGs
[2026-05-18T07:06:34.278+0000] {logging_mixin.py:190} INFO - [2026-05-18T07:06:34.278+0000] {dag.py:4180} INFO - Setting next_dagrun for example_branch_dop_operator_v3 to 2026-05-18 07:05:00+00:00, run_after=2026-05-18 07:06:00+00:00
[2026-05-18T07:06:34.310+0000] {processor.py:208} INFO - Processing /home/noelsdavid/airflow_venv/lib/python3.12/site-packages/airflow/example_dags/example_branch_python_dop_operator_3.py took 0.143 seconds
[2026-05-18T07:07:53.388+0000] {processor.py:186} INFO - Started process (PID=16846) to work on /home/noelsdavid/airflow_venv/lib/python3.12/site-packages/airflow/example_dags/example_branch_python_dop_operator_3.py
[2026-05-18T07:07:53.391+0000] {processor.py:914} INFO - Processing file /home/noelsdavid/airflow_venv/lib/python3.12/site-packages/airflow/example_dags/example_branch_python_dop_operator_3.py for tasks to queue
[2026-05-18T07:07:53.393+0000] {logging_mixin.py:190} INFO - [2026-05-18T07:07:53.393+0000] {dagbag.py:588} INFO - Filling up the DagBag from /home/noelsdavid/airflow_venv/lib/python3.12/site-packages/airflow/example_dags/example_branch_python_dop_operator_3.py
[2026-05-18T07:07:53.409+0000] {processor.py:925} INFO - DAG(s) 'example_branch_dop_operator_v3' retrieved from /home/noelsdavid/airflow_venv/lib/python3.12/site-packages/airflow/example_dags/example_branch_python_dop_operator_3.py
[2026-05-18T07:07:53.433+0000] {logging_mixin.py:190} INFO - [2026-05-18T07:07:53.432+0000] {dag.py:3239} INFO - Sync 1 DAGs
[2026-05-18T07:07:53.465+0000] {logging_mixin.py:190} INFO - [2026-05-18T07:07:53.465+0000] {dag.py:4180} INFO - Setting next_dagrun for example_branch_dop_operator_v3 to 2026-05-18 07:06:00+00:00, run_after=2026-05-18 07:07:00+00:00
[2026-05-18T07:07:53.499+0000] {processor.py:208} INFO - Processing /home/noelsdavid/airflow_venv/lib/python3.12/site-packages/airflow/example_dags/example_branch_python_dop_operator_3.py took 0.121 seconds
[2026-05-18T07:09:14.697+0000] {processor.py:186} INFO - Started process (PID=16928) to work on /home/noelsdavid/airflow_venv/lib/python3.12/site-packages/airflow/example_dags/example_branch_python_dop_operator_3.py
[2026-05-18T07:09:14.700+0000] {processor.py:914} INFO - Processing file /home/noelsdavid/airflow_venv/lib/python3.12/site-packages/airflow/example_dags/example_branch_python_dop_operator_3.py for tasks to queue
[2026-05-18T07:09:14.702+0000] {logging_mixin.py:190} INFO - [2026-05-18T07:09:14.701+0000] {dagbag.py:588} INFO - Filling up the DagBag from /home/noelsdavid/airflow_venv/lib/python3.12/site-packages/airflow/example_dags/example_branch_python_dop_operator_3.py
[2026-05-18T07:09:14.887+0000] {processor.py:925} INFO - DAG(s) 'example_branch_dop_operator_v3' retrieved from /home/noelsdavid/airflow_venv/lib/python3.12/site-packages/airflow/example_dags/example_branch_python_dop_operator_3.py
[2026-05-18T07:09:14.902+0000] {logging_mixin.py:190} INFO - [2026-05-18T07:09:14.902+0000] {dag.py:3239} INFO - Sync 1 DAGs
[2026-05-18T07:09:14.927+0000] {logging_mixin.py:190} INFO - [2026-05-18T07:09:14.927+0000] {dag.py:4180} INFO - Setting next_dagrun for example_branch_dop_operator_v3 to 2026-05-18 07:08:00+00:00, run_after=2026-05-18 07:09:00+00:00
[2026-05-18T07:09:14.957+0000] {processor.py:208} INFO - Processing /home/noelsdavid/airflow_venv/lib/python3.12/site-packages/airflow/example_dags/example_branch_python_dop_operator_3.py took 0.269 seconds
[2026-05-18T07:10:36.020+0000] {processor.py:186} INFO - Started process (PID=17038) to work on /home/noelsdavid/airflow_venv/lib/python3.12/site-packages/airflow/example_dags/example_branch_python_dop_operator_3.py
[2026-05-18T07:10:36.023+0000] {processor.py:914} INFO - Processing file /home/noelsdavid/airflow_venv/lib/python3.12/site-packages/airflow/example_dags/example_branch_python_dop_operator_3.py for tasks to queue
[2026-05-18T07:10:36.025+0000] {logging_mixin.py:190} INFO - [2026-05-18T07:10:36.024+0000] {dagbag.py:588} INFO - Filling up the DagBag from /home/noelsdavid/airflow_venv/lib/python3.12/site-packages/airflow/example_dags/example_branch_python_dop_operator_3.py
[2026-05-18T07:10:36.042+0000] {processor.py:925} INFO - DAG(s) 'example_branch_dop_operator_v3' retrieved from /home/noelsdavid/airflow_venv/lib/python3.12/site-packages/airflow/example_dags/example_branch_python_dop_operator_3.py
[2026-05-18T07:10:36.068+0000] {logging_mixin.py:190} INFO - [2026-05-18T07:10:36.067+0000] {dag.py:3239} INFO - Sync 1 DAGs
[2026-05-18T07:10:36.102+0000] {logging_mixin.py:190} INFO - [2026-05-18T07:10:36.101+0000] {dag.py:4180} INFO - Setting next_dagrun for example_branch_dop_operator_v3 to 2026-05-18 07:09:00+00:00, run_after=2026-05-18 07:10:00+00:00
[2026-05-18T07:10:36.136+0000] {processor.py:208} INFO - Processing /home/noelsdavid/airflow_venv/lib/python3.12/site-packages/airflow/example_dags/example_branch_python_dop_operator_3.py took 0.126 seconds
[2026-05-18T07:11:50.283+0000] {processor.py:186} INFO - Started process (PID=17117) to work on /home/noelsdavid/airflow_venv/lib/python3.12/site-packages/airflow/example_dags/example_branch_python_dop_operator_3.py
[2026-05-18T07:11:50.286+0000] {processor.py:914} INFO - Processing file /home/noelsdavid/airflow_venv/lib/python3.12/site-packages/airflow/example_dags/example_branch_python_dop_operator_3.py for tasks to queue
[2026-05-18T07:11:50.288+0000] {logging_mixin.py:190} INFO - [2026-05-18T07:11:50.287+0000] {dagbag.py:588} INFO - Filling up the DagBag from /home/noelsdavid/airflow_venv/lib/python3.12/site-packages/airflow/example_dags/example_branch_python_dop_operator_3.py
[2026-05-18T07:11:50.305+0000] {processor.py:925} INFO - DAG(s) 'example_branch_dop_operator_v3' retrieved from /home/noelsdavid/airflow_venv/lib/python3.12/site-packages/airflow/example_dags/example_branch_python_dop_operator_3.py
[2026-05-18T07:11:50.328+0000] {logging_mixin.py:190} INFO - [2026-05-18T07:11:50.327+0000] {dag.py:3239} INFO - Sync 1 DAGs
[2026-05-18T07:11:50.361+0000] {logging_mixin.py:190} INFO - [2026-05-18T07:11:50.361+0000] {dag.py:4180} INFO - Setting next_dagrun for example_branch_dop_operator_v3 to 2026-05-18 07:10:00+00:00, run_after=2026-05-18 07:11:00+00:00
[2026-05-18T07:11:50.393+0000] {processor.py:208} INFO - Processing /home/noelsdavid/airflow_venv/lib/python3.12/site-packages/airflow/example_dags/example_branch_python_dop_operator_3.py took 0.121 seconds
[2026-05-18T07:13:04.651+0000] {processor.py:186} INFO - Started process (PID=17196) to work on /home/noelsdavid/airflow_venv/lib/python3.12/site-packages/airflow/example_dags/example_branch_python_dop_operator_3.py
[2026-05-18T07:13:04.654+0000] {processor.py:914} INFO - Processing file /home/noelsdavid/airflow_venv/lib/python3.12/site-packages/airflow/example_dags/example_branch_python_dop_operator_3.py for tasks to queue
[2026-05-18T07:13:04.657+0000] {logging_mixin.py:190} INFO - [2026-05-18T07:13:04.656+0000] {dagbag.py:588} INFO - Filling up the DagBag from /home/noelsdavid/airflow_venv/lib/python3.12/site-packages/airflow/example_dags/example_branch_python_dop_operator_3.py
[2026-05-18T07:13:04.680+0000] {processor.py:925} INFO - DAG(s) 'example_branch_dop_operator_v3' retrieved from /home/noelsdavid/airflow_venv/lib/python3.12/site-packages/airflow/example_dags/example_branch_python_dop_operator_3.py
[2026-05-18T07:13:04.708+0000] {logging_mixin.py:190} INFO - [2026-05-18T07:13:04.708+0000] {dag.py:3239} INFO - Sync 1 DAGs
[2026-05-18T07:13:04.761+0000] {logging_mixin.py:190} INFO - [2026-05-18T07:13:04.761+0000] {dag.py:4180} INFO - Setting next_dagrun for example_branch_dop_operator_v3 to 2026-05-18 07:12:00+00:00, run_after=2026-05-18 07:13:00+00:00
[2026-05-18T07:13:04.803+0000] {processor.py:208} INFO - Processing /home/noelsdavid/airflow_venv/lib/python3.12/site-packages/airflow/example_dags/example_branch_python_dop_operator_3.py took 0.162 seconds
[2026-05-18T07:14:17.922+0000] {processor.py:186} INFO - Started process (PID=17276) to work on /home/noelsdavid/airflow_venv/lib/python3.12/site-packages/airflow/example_dags/example_branch_python_dop_operator_3.py
[2026-05-18T07:14:17.925+0000] {processor.py:914} INFO - Processing file /home/noelsdavid/airflow_venv/lib/python3.12/site-packages/airflow/example_dags/example_branch_python_dop_operator_3.py for tasks to queue
[2026-05-18T07:14:17.927+0000] {logging_mixin.py:190} INFO - [2026-05-18T07:14:17.926+0000] {dagbag.py:588} INFO - Filling up the DagBag from /home/noelsdavid/airflow_venv/lib/python3.12/site-packages/airflow/example_dags/example_branch_python_dop_operator_3.py
[2026-05-18T07:14:17.944+0000] {processor.py:925} INFO - DAG(s) 'example_branch_dop_operator_v3' retrieved from /home/noelsdavid/airflow_venv/lib/python3.12/site-packages/airflow/example_dags/example_branch_python_dop_operator_3.py
[2026-05-18T07:14:17.967+0000] {logging_mixin.py:190} INFO - [2026-05-18T07:14:17.966+0000] {dag.py:3239} INFO - Sync 1 DAGs
[2026-05-18T07:14:17.998+0000] {logging_mixin.py:190} INFO - [2026-05-18T07:14:17.998+0000] {dag.py:4180} INFO - Setting next_dagrun for example_branch_dop_operator_v3 to 2026-05-18 07:13:00+00:00, run_after=2026-05-18 07:14:00+00:00
[2026-05-18T07:14:18.032+0000] {processor.py:208} INFO - Processing /home/noelsdavid/airflow_venv/lib/python3.12/site-packages/airflow/example_dags/example_branch_python_dop_operator_3.py took 0.119 seconds
[2026-05-18T07:15:28.665+0000] {processor.py:186} INFO - Started process (PID=17378) to work on /home/noelsdavid/airflow_venv/lib/python3.12/site-packages/airflow/example_dags/example_branch_python_dop_operator_3.py
[2026-05-18T07:15:28.667+0000] {processor.py:914} INFO - Processing file /home/noelsdavid/airflow_venv/lib/python3.12/site-packages/airflow/example_dags/example_branch_python_dop_operator_3.py for tasks to queue
[2026-05-18T07:15:28.669+0000] {logging_mixin.py:190} INFO - [2026-05-18T07:15:28.669+0000] {dagbag.py:588} INFO - Filling up the DagBag from /home/noelsdavid/airflow_venv/lib/python3.12/site-packages/airflow/example_dags/example_branch_python_dop_operator_3.py
[2026-05-18T07:15:28.689+0000] {processor.py:925} INFO - DAG(s) 'example_branch_dop_operator_v3' retrieved from /home/noelsdavid/airflow_venv/lib/python3.12/site-packages/airflow/example_dags/example_branch_python_dop_operator_3.py
[2026-05-18T07:15:28.714+0000] {logging_mixin.py:190} INFO - [2026-05-18T07:15:28.713+0000] {dag.py:3239} INFO - Sync 1 DAGs
[2026-05-18T07:15:28.747+0000] {logging_mixin.py:190} INFO - [2026-05-18T07:15:28.747+0000] {dag.py:4180} INFO - Setting next_dagrun for example_branch_dop_operator_v3 to 2026-05-18 07:14:00+00:00, run_after=2026-05-18 07:15:00+00:00
[2026-05-18T07:15:28.788+0000] {processor.py:208} INFO - Processing /home/noelsdavid/airflow_venv/lib/python3.12/site-packages/airflow/example_dags/example_branch_python_dop_operator_3.py took 0.132 seconds
[2026-05-18T07:16:47.780+0000] {processor.py:186} INFO - Started process (PID=17458) to work on /home/noelsdavid/airflow_venv/lib/python3.12/site-packages/airflow/example_dags/example_branch_python_dop_operator_3.py
[2026-05-18T07:16:47.794+0000] {processor.py:914} INFO - Processing file /home/noelsdavid/airflow_venv/lib/python3.12/site-packages/airflow/example_dags/example_branch_python_dop_operator_3.py for tasks to queue
[2026-05-18T07:16:47.796+0000] {logging_mixin.py:190} INFO - [2026-05-18T07:16:47.796+0000] {dagbag.py:588} INFO - Filling up the DagBag from /home/noelsdavid/airflow_venv/lib/python3.12/site-packages/airflow/example_dags/example_branch_python_dop_operator_3.py
[2026-05-18T07:16:47.815+0000] {processor.py:925} INFO - DAG(s) 'example_branch_dop_operator_v3' retrieved from /home/noelsdavid/airflow_venv/lib/python3.12/site-packages/airflow/example_dags/example_branch_python_dop_operator_3.py
[2026-05-18T07:16:47.839+0000] {logging_mixin.py:190} INFO - [2026-05-18T07:16:47.839+0000] {dag.py:3239} INFO - Sync 1 DAGs
[2026-05-18T07:16:47.872+0000] {logging_mixin.py:190} INFO - [2026-05-18T07:16:47.871+0000] {dag.py:4180} INFO - Setting next_dagrun for example_branch_dop_operator_v3 to 2026-05-18 07:15:00+00:00, run_after=2026-05-18 07:16:00+00:00
[2026-05-18T07:16:47.904+0000] {processor.py:208} INFO - Processing /home/noelsdavid/airflow_venv/lib/python3.12/site-packages/airflow/example_dags/example_branch_python_dop_operator_3.py took 0.138 seconds
[2026-05-18T07:18:02.954+0000] {processor.py:186} INFO - Started process (PID=17540) to work on /home/noelsdavid/airflow_venv/lib/python3.12/site-packages/airflow/example_dags/example_branch_python_dop_operator_3.py
[2026-05-18T07:18:02.958+0000] {processor.py:914} INFO - Processing file /home/noelsdavid/airflow_venv/lib/python3.12/site-packages/airflow/example_dags/example_branch_python_dop_operator_3.py for tasks to queue
[2026-05-18T07:18:02.960+0000] {logging_mixin.py:190} INFO - [2026-05-18T07:18:02.959+0000] {dagbag.py:588} INFO - Filling up the DagBag from /home/noelsdavid/airflow_venv/lib/python3.12/site-packages/airflow/example_dags/example_branch_python_dop_operator_3.py
[2026-05-18T07:18:02.976+0000] {processor.py:925} INFO - DAG(s) 'example_branch_dop_operator_v3' retrieved from /home/noelsdavid/airflow_venv/lib/python3.12/site-packages/airflow/example_dags/example_branch_python_dop_operator_3.py
[2026-05-18T07:18:02.997+0000] {logging_mixin.py:190} INFO - [2026-05-18T07:18:02.997+0000] {dag.py:3239} INFO - Sync 1 DAGs
[2026-05-18T07:18:03.030+0000] {logging_mixin.py:190} INFO - [2026-05-18T07:18:03.030+0000] {dag.py:4180} INFO - Setting next_dagrun for example_branch_dop_operator_v3 to 2026-05-18 07:17:00+00:00, run_after=2026-05-18 07:18:00+00:00
[2026-05-18T07:18:03.065+0000] {processor.py:208} INFO - Processing /home/noelsdavid/airflow_venv/lib/python3.12/site-packages/airflow/example_dags/example_branch_python_dop_operator_3.py took 0.122 seconds
[2026-05-18T07:19:09.432+0000] {processor.py:186} INFO - Started process (PID=17614) to work on /home/noelsdavid/airflow_venv/lib/python3.12/site-packages/airflow/example_dags/example_branch_python_dop_operator_3.py
[2026-05-18T07:19:09.435+0000] {processor.py:914} INFO - Processing file /home/noelsdavid/airflow_venv/lib/python3.12/site-packages/airflow/example_dags/example_branch_python_dop_operator_3.py for tasks to queue
[2026-05-18T07:19:09.437+0000] {logging_mixin.py:190} INFO - [2026-05-18T07:19:09.436+0000] {dagbag.py:588} INFO - Filling up the DagBag from /home/noelsdavid/airflow_venv/lib/python3.12/site-packages/airflow/example_dags/example_branch_python_dop_operator_3.py
[2026-05-18T07:19:09.452+0000] {processor.py:925} INFO - DAG(s) 'example_branch_dop_operator_v3' retrieved from /home/noelsdavid/airflow_venv/lib/python3.12/site-packages/airflow/example_dags/example_branch_python_dop_operator_3.py
[2026-05-18T07:19:09.475+0000] {logging_mixin.py:190} INFO - [2026-05-18T07:19:09.475+0000] {dag.py:3239} INFO - Sync 1 DAGs
[2026-05-18T07:19:09.506+0000] {logging_mixin.py:190} INFO - [2026-05-18T07:19:09.506+0000] {dag.py:4180} INFO - Setting next_dagrun for example_branch_dop_operator_v3 to 2026-05-18 07:18:00+00:00, run_after=2026-05-18 07:19:00+00:00
[2026-05-18T07:19:09.537+0000] {processor.py:208} INFO - Processing /home/noelsdavid/airflow_venv/lib/python3.12/site-packages/airflow/example_dags/example_branch_python_dop_operator_3.py took 0.116 seconds
[2026-05-18T07:20:20.806+0000] {processor.py:186} INFO - Started process (PID=17716) to work on /home/noelsdavid/airflow_venv/lib/python3.12/site-packages/airflow/example_dags/example_branch_python_dop_operator_3.py
[2026-05-18T07:20:20.809+0000] {processor.py:914} INFO - Processing file /home/noelsdavid/airflow_venv/lib/python3.12/site-packages/airflow/example_dags/example_branch_python_dop_operator_3.py for tasks to queue
[2026-05-18T07:20:20.811+0000] {logging_mixin.py:190} INFO - [2026-05-18T07:20:20.810+0000] {dagbag.py:588} INFO - Filling up the DagBag from /home/noelsdavid/airflow_venv/lib/python3.12/site-packages/airflow/example_dags/example_branch_python_dop_operator_3.py
[2026-05-18T07:20:20.827+0000] {processor.py:925} INFO - DAG(s) 'example_branch_dop_operator_v3' retrieved from /home/noelsdavid/airflow_venv/lib/python3.12/site-packages/airflow/example_dags/example_branch_python_dop_operator_3.py
[2026-05-18T07:20:20.849+0000] {logging_mixin.py:190} INFO - [2026-05-18T07:20:20.849+0000] {dag.py:3239} INFO - Sync 1 DAGs
[2026-05-18T07:20:20.881+0000] {logging_mixin.py:190} INFO - [2026-05-18T07:20:20.880+0000] {dag.py:4180} INFO - Setting next_dagrun for example_branch_dop_operator_v3 to 2026-05-18 07:19:00+00:00, run_after=2026-05-18 07:20:00+00:00
[2026-05-18T07:20:20.913+0000] {processor.py:208} INFO - Processing /home/noelsdavid/airflow_venv/lib/python3.12/site-packages/airflow/example_dags/example_branch_python_dop_operator_3.py took 0.117 seconds
[2026-05-18T07:21:33.080+0000] {processor.py:186} INFO - Started process (PID=17799) to work on /home/noelsdavid/airflow_venv/lib/python3.12/site-packages/airflow/example_dags/example_branch_python_dop_operator_3.py
[2026-05-18T07:21:33.083+0000] {processor.py:914} INFO - Processing file /home/noelsdavid/airflow_venv/lib/python3.12/site-packages/airflow/example_dags/example_branch_python_dop_operator_3.py for tasks to queue
[2026-05-18T07:21:33.085+0000] {logging_mixin.py:190} INFO - [2026-05-18T07:21:33.084+0000] {dagbag.py:588} INFO - Filling up the DagBag from /home/noelsdavid/airflow_venv/lib/python3.12/site-packages/airflow/example_dags/example_branch_python_dop_operator_3.py
[2026-05-18T07:21:33.101+0000] {processor.py:925} INFO - DAG(s) 'example_branch_dop_operator_v3' retrieved from /home/noelsdavid/airflow_venv/lib/python3.12/site-packages/airflow/example_dags/example_branch_python_dop_operator_3.py
[2026-05-18T07:21:33.124+0000] {logging_mixin.py:190} INFO - [2026-05-18T07:21:33.123+0000] {dag.py:3239} INFO - Sync 1 DAGs
[2026-05-18T07:21:33.157+0000] {logging_mixin.py:190} INFO - [2026-05-18T07:21:33.157+0000] {dag.py:4180} INFO - Setting next_dagrun for example_branch_dop_operator_v3 to 2026-05-18 07:20:00+00:00, run_after=2026-05-18 07:21:00+00:00
[2026-05-18T07:21:33.191+0000] {processor.py:208} INFO - Processing /home/noelsdavid/airflow_venv/lib/python3.12/site-packages/airflow/example_dags/example_branch_python_dop_operator_3.py took 0.120 seconds
[2026-05-18T07:22:45.875+0000] {processor.py:186} INFO - Started process (PID=17877) to work on /home/noelsdavid/airflow_venv/lib/python3.12/site-packages/airflow/example_dags/example_branch_python_dop_operator_3.py
[2026-05-18T07:22:45.877+0000] {processor.py:914} INFO - Processing file /home/noelsdavid/airflow_venv/lib/python3.12/site-packages/airflow/example_dags/example_branch_python_dop_operator_3.py for tasks to queue
[2026-05-18T07:22:45.879+0000] {logging_mixin.py:190} INFO - [2026-05-18T07:22:45.879+0000] {dagbag.py:588} INFO - Filling up the DagBag from /home/noelsdavid/airflow_venv/lib/python3.12/site-packages/airflow/example_dags/example_branch_python_dop_operator_3.py
[2026-05-18T07:22:45.897+0000] {processor.py:925} INFO - DAG(s) 'example_branch_dop_operator_v3' retrieved from /home/noelsdavid/airflow_venv/lib/python3.12/site-packages/airflow/example_dags/example_branch_python_dop_operator_3.py
[2026-05-18T07:22:45.920+0000] {logging_mixin.py:190} INFO - [2026-05-18T07:22:45.919+0000] {dag.py:3239} INFO - Sync 1 DAGs
[2026-05-18T07:22:45.951+0000] {logging_mixin.py:190} INFO - [2026-05-18T07:22:45.951+0000] {dag.py:4180} INFO - Setting next_dagrun for example_branch_dop_operator_v3 to 2026-05-18 07:21:00+00:00, run_after=2026-05-18 07:22:00+00:00
[2026-05-18T07:22:45.984+0000] {processor.py:208} INFO - Processing /home/noelsdavid/airflow_venv/lib/python3.12/site-packages/airflow/example_dags/example_branch_python_dop_operator_3.py took 0.119 seconds
[2026-05-18T07:23:59.374+0000] {processor.py:186} INFO - Started process (PID=17956) to work on /home/noelsdavid/airflow_venv/lib/python3.12/site-packages/airflow/example_dags/example_branch_python_dop_operator_3.py
[2026-05-18T07:23:59.376+0000] {processor.py:914} INFO - Processing file /home/noelsdavid/airflow_venv/lib/python3.12/site-packages/airflow/example_dags/example_branch_python_dop_operator_3.py for tasks to queue
[2026-05-18T07:23:59.378+0000] {logging_mixin.py:190} INFO - [2026-05-18T07:23:59.377+0000] {dagbag.py:588} INFO - Filling up the DagBag from /home/noelsdavid/airflow_venv/lib/python3.12/site-packages/airflow/example_dags/example_branch_python_dop_operator_3.py
[2026-05-18T07:23:59.394+0000] {processor.py:925} INFO - DAG(s) 'example_branch_dop_operator_v3' retrieved from /home/noelsdavid/airflow_venv/lib/python3.12/site-packages/airflow/example_dags/example_branch_python_dop_operator_3.py
[2026-05-18T07:23:59.417+0000] {logging_mixin.py:190} INFO - [2026-05-18T07:23:59.417+0000] {dag.py:3239} INFO - Sync 1 DAGs
[2026-05-18T07:23:59.453+0000] {logging_mixin.py:190} INFO - [2026-05-18T07:23:59.453+0000] {dag.py:4180} INFO - Setting next_dagrun for example_branch_dop_operator_v3 to 2026-05-18 07:22:00+00:00, run_after=2026-05-18 07:23:00+00:00
[2026-05-18T07:23:59.487+0000] {processor.py:208} INFO - Processing /home/noelsdavid/airflow_venv/lib/python3.12/site-packages/airflow/example_dags/example_branch_python_dop_operator_3.py took 0.124 seconds
[2026-05-18T07:25:12.305+0000] {processor.py:186} INFO - Started process (PID=18036) to work on /home/noelsdavid/airflow_venv/lib/python3.12/site-packages/airflow/example_dags/example_branch_python_dop_operator_3.py
[2026-05-18T07:25:12.308+0000] {processor.py:914} INFO - Processing file /home/noelsdavid/airflow_venv/lib/python3.12/site-packages/airflow/example_dags/example_branch_python_dop_operator_3.py for tasks to queue
[2026-05-18T07:25:12.310+0000] {logging_mixin.py:190} INFO - [2026-05-18T07:25:12.309+0000] {dagbag.py:588} INFO - Filling up the DagBag from /home/noelsdavid/airflow_venv/lib/python3.12/site-packages/airflow/example_dags/example_branch_python_dop_operator_3.py
[2026-05-18T07:25:12.328+0000] {processor.py:925} INFO - DAG(s) 'example_branch_dop_operator_v3' retrieved from /home/noelsdavid/airflow_venv/lib/python3.12/site-packages/airflow/example_dags/example_branch_python_dop_operator_3.py
[2026-05-18T07:25:12.351+0000] {logging_mixin.py:190} INFO - [2026-05-18T07:25:12.350+0000] {dag.py:3239} INFO - Sync 1 DAGs
[2026-05-18T07:25:12.383+0000] {logging_mixin.py:190} INFO - [2026-05-18T07:25:12.383+0000] {dag.py:4180} INFO - Setting next_dagrun for example_branch_dop_operator_v3 to 2026-05-18 07:24:00+00:00, run_after=2026-05-18 07:25:00+00:00
[2026-05-18T07:25:12.419+0000] {processor.py:208} INFO - Processing /home/noelsdavid/airflow_venv/lib/python3.12/site-packages/airflow/example_dags/example_branch_python_dop_operator_3.py took 0.124 seconds
[2026-05-18T07:26:17.867+0000] {processor.py:186} INFO - Started process (PID=18132) to work on /home/noelsdavid/airflow_venv/lib/python3.12/site-packages/airflow/example_dags/example_branch_python_dop_operator_3.py
[2026-05-18T07:26:17.869+0000] {processor.py:914} INFO - Processing file /home/noelsdavid/airflow_venv/lib/python3.12/site-packages/airflow/example_dags/example_branch_python_dop_operator_3.py for tasks to queue
[2026-05-18T07:26:17.871+0000] {logging_mixin.py:190} INFO - [2026-05-18T07:26:17.871+0000] {dagbag.py:588} INFO - Filling up the DagBag from /home/noelsdavid/airflow_venv/lib/python3.12/site-packages/airflow/example_dags/example_branch_python_dop_operator_3.py
[2026-05-18T07:26:17.888+0000] {processor.py:925} INFO - DAG(s) 'example_branch_dop_operator_v3' retrieved from /home/noelsdavid/airflow_venv/lib/python3.12/site-packages/airflow/example_dags/example_branch_python_dop_operator_3.py
[2026-05-18T07:26:17.910+0000] {logging_mixin.py:190} INFO - [2026-05-18T07:26:17.909+0000] {dag.py:3239} INFO - Sync 1 DAGs
[2026-05-18T07:26:17.943+0000] {logging_mixin.py:190} INFO - [2026-05-18T07:26:17.943+0000] {dag.py:4180} INFO - Setting next_dagrun for example_branch_dop_operator_v3 to 2026-05-18 07:25:00+00:00, run_after=2026-05-18 07:26:00+00:00
[2026-05-18T07:26:17.978+0000] {processor.py:208} INFO - Processing /home/noelsdavid/airflow_venv/lib/python3.12/site-packages/airflow/example_dags/example_branch_python_dop_operator_3.py took 0.120 seconds
[2026-05-18T07:27:28.332+0000] {processor.py:186} INFO - Started process (PID=18209) to work on /home/noelsdavid/airflow_venv/lib/python3.12/site-packages/airflow/example_dags/example_branch_python_dop_operator_3.py
[2026-05-18T07:27:28.335+0000] {processor.py:914} INFO - Processing file /home/noelsdavid/airflow_venv/lib/python3.12/site-packages/airflow/example_dags/example_branch_python_dop_operator_3.py for tasks to queue
[2026-05-18T07:27:28.337+0000] {logging_mixin.py:190} INFO - [2026-05-18T07:27:28.336+0000] {dagbag.py:588} INFO - Filling up the DagBag from /home/noelsdavid/airflow_venv/lib/python3.12/site-packages/airflow/example_dags/example_branch_python_dop_operator_3.py
[2026-05-18T07:27:28.354+0000] {processor.py:925} INFO - DAG(s) 'example_branch_dop_operator_v3' retrieved from /home/noelsdavid/airflow_venv/lib/python3.12/site-packages/airflow/example_dags/example_branch_python_dop_operator_3.py
[2026-05-18T07:27:28.376+0000] {logging_mixin.py:190} INFO - [2026-05-18T07:27:28.376+0000] {dag.py:3239} INFO - Sync 1 DAGs
[2026-05-18T07:27:28.409+0000] {logging_mixin.py:190} INFO - [2026-05-18T07:27:28.408+0000] {dag.py:4180} INFO - Setting next_dagrun for example_branch_dop_operator_v3 to 2026-05-18 07:26:00+00:00, run_after=2026-05-18 07:27:00+00:00
[2026-05-18T07:27:28.445+0000] {processor.py:208} INFO - Processing /home/noelsdavid/airflow_venv/lib/python3.12/site-packages/airflow/example_dags/example_branch_python_dop_operator_3.py took 0.124 seconds
[2026-05-18T07:28:38.732+0000] {processor.py:186} INFO - Started process (PID=18287) to work on /home/noelsdavid/airflow_venv/lib/python3.12/site-packages/airflow/example_dags/example_branch_python_dop_operator_3.py
[2026-05-18T07:28:38.735+0000] {processor.py:914} INFO - Processing file /home/noelsdavid/airflow_venv/lib/python3.12/site-packages/airflow/example_dags/example_branch_python_dop_operator_3.py for tasks to queue
[2026-05-18T07:28:38.737+0000] {logging_mixin.py:190} INFO - [2026-05-18T07:28:38.737+0000] {dagbag.py:588} INFO - Filling up the DagBag from /home/noelsdavid/airflow_venv/lib/python3.12/site-packages/airflow/example_dags/example_branch_python_dop_operator_3.py
[2026-05-18T07:28:38.755+0000] {processor.py:925} INFO - DAG(s) 'example_branch_dop_operator_v3' retrieved from /home/noelsdavid/airflow_venv/lib/python3.12/site-packages/airflow/example_dags/example_branch_python_dop_operator_3.py
[2026-05-18T07:28:38.782+0000] {logging_mixin.py:190} INFO - [2026-05-18T07:28:38.782+0000] {dag.py:3239} INFO - Sync 1 DAGs
[2026-05-18T07:28:38.817+0000] {logging_mixin.py:190} INFO - [2026-05-18T07:28:38.816+0000] {dag.py:4180} INFO - Setting next_dagrun for example_branch_dop_operator_v3 to 2026-05-18 07:27:00+00:00, run_after=2026-05-18 07:28:00+00:00
[2026-05-18T07:28:38.856+0000] {processor.py:208} INFO - Processing /home/noelsdavid/airflow_venv/lib/python3.12/site-packages/airflow/example_dags/example_branch_python_dop_operator_3.py took 0.133 seconds
[2026-05-18T07:29:52.390+0000] {processor.py:186} INFO - Started process (PID=18366) to work on /home/noelsdavid/airflow_venv/lib/python3.12/site-packages/airflow/example_dags/example_branch_python_dop_operator_3.py
[2026-05-18T07:29:52.393+0000] {processor.py:914} INFO - Processing file /home/noelsdavid/airflow_venv/lib/python3.12/site-packages/airflow/example_dags/example_branch_python_dop_operator_3.py for tasks to queue
[2026-05-18T07:29:52.395+0000] {logging_mixin.py:190} INFO - [2026-05-18T07:29:52.394+0000] {dagbag.py:588} INFO - Filling up the DagBag from /home/noelsdavid/airflow_venv/lib/python3.12/site-packages/airflow/example_dags/example_branch_python_dop_operator_3.py
[2026-05-18T07:29:52.411+0000] {processor.py:925} INFO - DAG(s) 'example_branch_dop_operator_v3' retrieved from /home/noelsdavid/airflow_venv/lib/python3.12/site-packages/airflow/example_dags/example_branch_python_dop_operator_3.py
[2026-05-18T07:29:52.437+0000] {logging_mixin.py:190} INFO - [2026-05-18T07:29:52.437+0000] {dag.py:3239} INFO - Sync 1 DAGs
[2026-05-18T07:29:52.476+0000] {logging_mixin.py:190} INFO - [2026-05-18T07:29:52.476+0000] {dag.py:4180} INFO - Setting next_dagrun for example_branch_dop_operator_v3 to 2026-05-18 07:28:00+00:00, run_after=2026-05-18 07:29:00+00:00
[2026-05-18T07:29:52.513+0000] {processor.py:208} INFO - Processing /home/noelsdavid/airflow_venv/lib/python3.12/site-packages/airflow/example_dags/example_branch_python_dop_operator_3.py took 0.132 seconds
[2026-05-18T07:31:02.416+0000] {processor.py:186} INFO - Started process (PID=18475) to work on /home/noelsdavid/airflow_venv/lib/python3.12/site-packages/airflow/example_dags/example_branch_python_dop_operator_3.py
[2026-05-18T07:31:02.419+0000] {processor.py:914} INFO - Processing file /home/noelsdavid/airflow_venv/lib/python3.12/site-packages/airflow/example_dags/example_branch_python_dop_operator_3.py for tasks to queue
[2026-05-18T07:31:02.421+0000] {logging_mixin.py:190} INFO - [2026-05-18T07:31:02.421+0000] {dagbag.py:588} INFO - Filling up the DagBag from /home/noelsdavid/airflow_venv/lib/python3.12/site-packages/airflow/example_dags/example_branch_python_dop_operator_3.py
[2026-05-18T07:31:02.438+0000] {processor.py:925} INFO - DAG(s) 'example_branch_dop_operator_v3' retrieved from /home/noelsdavid/airflow_venv/lib/python3.12/site-packages/airflow/example_dags/example_branch_python_dop_operator_3.py
[2026-05-18T07:31:02.461+0000] {logging_mixin.py:190} INFO - [2026-05-18T07:31:02.460+0000] {dag.py:3239} INFO - Sync 1 DAGs
[2026-05-18T07:31:02.492+0000] {logging_mixin.py:190} INFO - [2026-05-18T07:31:02.492+0000] {dag.py:4180} INFO - Setting next_dagrun for example_branch_dop_operator_v3 to 2026-05-18 07:30:00+00:00, run_after=2026-05-18 07:31:00+00:00
[2026-05-18T07:31:02.528+0000] {processor.py:208} INFO - Processing /home/noelsdavid/airflow_venv/lib/python3.12/site-packages/airflow/example_dags/example_branch_python_dop_operator_3.py took 0.121 seconds
[2026-05-18T07:32:13.560+0000] {processor.py:186} INFO - Started process (PID=18553) to work on /home/noelsdavid/airflow_venv/lib/python3.12/site-packages/airflow/example_dags/example_branch_python_dop_operator_3.py
[2026-05-18T07:32:13.563+0000] {processor.py:914} INFO - Processing file /home/noelsdavid/airflow_venv/lib/python3.12/site-packages/airflow/example_dags/example_branch_python_dop_operator_3.py for tasks to queue
[2026-05-18T07:32:13.565+0000] {logging_mixin.py:190} INFO - [2026-05-18T07:32:13.565+0000] {dagbag.py:588} INFO - Filling up the DagBag from /home/noelsdavid/airflow_venv/lib/python3.12/site-packages/airflow/example_dags/example_branch_python_dop_operator_3.py
[2026-05-18T07:32:13.581+0000] {processor.py:925} INFO - DAG(s) 'example_branch_dop_operator_v3' retrieved from /home/noelsdavid/airflow_venv/lib/python3.12/site-packages/airflow/example_dags/example_branch_python_dop_operator_3.py
[2026-05-18T07:32:13.606+0000] {logging_mixin.py:190} INFO - [2026-05-18T07:32:13.606+0000] {dag.py:3239} INFO - Sync 1 DAGs
[2026-05-18T07:32:13.639+0000] {logging_mixin.py:190} INFO - [2026-05-18T07:32:13.639+0000] {dag.py:4180} INFO - Setting next_dagrun for example_branch_dop_operator_v3 to 2026-05-18 07:31:00+00:00, run_after=2026-05-18 07:32:00+00:00
[2026-05-18T07:32:13.676+0000] {processor.py:208} INFO - Processing /home/noelsdavid/airflow_venv/lib/python3.12/site-packages/airflow/example_dags/example_branch_python_dop_operator_3.py took 0.127 seconds
[2026-05-18T07:33:21.593+0000] {processor.py:186} INFO - Started process (PID=18628) to work on /home/noelsdavid/airflow_venv/lib/python3.12/site-packages/airflow/example_dags/example_branch_python_dop_operator_3.py
[2026-05-18T07:33:21.596+0000] {processor.py:914} INFO - Processing file /home/noelsdavid/airflow_venv/lib/python3.12/site-packages/airflow/example_dags/example_branch_python_dop_operator_3.py for tasks to queue
[2026-05-18T07:33:21.598+0000] {logging_mixin.py:190} INFO - [2026-05-18T07:33:21.597+0000] {dagbag.py:588} INFO - Filling up the DagBag from /home/noelsdavid/airflow_venv/lib/python3.12/site-packages/airflow/example_dags/example_branch_python_dop_operator_3.py
[2026-05-18T07:33:21.615+0000] {processor.py:925} INFO - DAG(s) 'example_branch_dop_operator_v3' retrieved from /home/noelsdavid/airflow_venv/lib/python3.12/site-packages/airflow/example_dags/example_branch_python_dop_operator_3.py
[2026-05-18T07:33:21.639+0000] {logging_mixin.py:190} INFO - [2026-05-18T07:33:21.639+0000] {dag.py:3239} INFO - Sync 1 DAGs
[2026-05-18T07:33:21.693+0000] {logging_mixin.py:190} INFO - [2026-05-18T07:33:21.692+0000] {dag.py:4180} INFO - Setting next_dagrun for example_branch_dop_operator_v3 to 2026-05-18 07:32:00+00:00, run_after=2026-05-18 07:33:00+00:00
[2026-05-18T07:33:21.743+0000] {processor.py:208} INFO - Processing /home/noelsdavid/airflow_venv/lib/python3.12/site-packages/airflow/example_dags/example_branch_python_dop_operator_3.py took 0.160 seconds
[2026-05-18T07:34:30.858+0000] {processor.py:186} INFO - Started process (PID=18704) to work on /home/noelsdavid/airflow_venv/lib/python3.12/site-packages/airflow/example_dags/example_branch_python_dop_operator_3.py
[2026-05-18T07:34:30.860+0000] {processor.py:914} INFO - Processing file /home/noelsdavid/airflow_venv/lib/python3.12/site-packages/airflow/example_dags/example_branch_python_dop_operator_3.py for tasks to queue
[2026-05-18T07:34:30.863+0000] {logging_mixin.py:190} INFO - [2026-05-18T07:34:30.862+0000] {dagbag.py:588} INFO - Filling up the DagBag from /home/noelsdavid/airflow_venv/lib/python3.12/site-packages/airflow/example_dags/example_branch_python_dop_operator_3.py
[2026-05-18T07:34:30.878+0000] {processor.py:925} INFO - DAG(s) 'example_branch_dop_operator_v3' retrieved from /home/noelsdavid/airflow_venv/lib/python3.12/site-packages/airflow/example_dags/example_branch_python_dop_operator_3.py
[2026-05-18T07:34:30.900+0000] {logging_mixin.py:190} INFO - [2026-05-18T07:34:30.900+0000] {dag.py:3239} INFO - Sync 1 DAGs
[2026-05-18T07:34:30.931+0000] {logging_mixin.py:190} INFO - [2026-05-18T07:34:30.931+0000] {dag.py:4180} INFO - Setting next_dagrun for example_branch_dop_operator_v3 to 2026-05-18 07:33:00+00:00, run_after=2026-05-18 07:34:00+00:00
[2026-05-18T07:34:30.963+0000] {processor.py:208} INFO - Processing /home/noelsdavid/airflow_venv/lib/python3.12/site-packages/airflow/example_dags/example_branch_python_dop_operator_3.py took 0.115 seconds
[2026-05-18T07:35:46.119+0000] {processor.py:186} INFO - Started process (PID=18807) to work on /home/noelsdavid/airflow_venv/lib/python3.12/site-packages/airflow/example_dags/example_branch_python_dop_operator_3.py
[2026-05-18T07:35:46.132+0000] {processor.py:914} INFO - Processing file /home/noelsdavid/airflow_venv/lib/python3.12/site-packages/airflow/example_dags/example_branch_python_dop_operator_3.py for tasks to queue
[2026-05-18T07:35:46.134+0000] {logging_mixin.py:190} INFO - [2026-05-18T07:35:46.133+0000] {dagbag.py:588} INFO - Filling up the DagBag from /home/noelsdavid/airflow_venv/lib/python3.12/site-packages/airflow/example_dags/example_branch_python_dop_operator_3.py
[2026-05-18T07:35:46.149+0000] {processor.py:925} INFO - DAG(s) 'example_branch_dop_operator_v3' retrieved from /home/noelsdavid/airflow_venv/lib/python3.12/site-packages/airflow/example_dags/example_branch_python_dop_operator_3.py
[2026-05-18T07:35:46.171+0000] {logging_mixin.py:190} INFO - [2026-05-18T07:35:46.171+0000] {dag.py:3239} INFO - Sync 1 DAGs
[2026-05-18T07:35:46.204+0000] {logging_mixin.py:190} INFO - [2026-05-18T07:35:46.204+0000] {dag.py:4180} INFO - Setting next_dagrun for example_branch_dop_operator_v3 to 2026-05-18 07:34:00+00:00, run_after=2026-05-18 07:35:00+00:00
[2026-05-18T07:35:46.237+0000] {processor.py:208} INFO - Processing /home/noelsdavid/airflow_venv/lib/python3.12/site-packages/airflow/example_dags/example_branch_python_dop_operator_3.py took 0.128 seconds
[2026-05-18T07:36:54.762+0000] {processor.py:186} INFO - Started process (PID=18883) to work on /home/noelsdavid/airflow_venv/lib/python3.12/site-packages/airflow/example_dags/example_branch_python_dop_operator_3.py
[2026-05-18T07:36:54.765+0000] {processor.py:914} INFO - Processing file /home/noelsdavid/airflow_venv/lib/python3.12/site-packages/airflow/example_dags/example_branch_python_dop_operator_3.py for tasks to queue
[2026-05-18T07:36:54.767+0000] {logging_mixin.py:190} INFO - [2026-05-18T07:36:54.766+0000] {dagbag.py:588} INFO - Filling up the DagBag from /home/noelsdavid/airflow_venv/lib/python3.12/site-packages/airflow/example_dags/example_branch_python_dop_operator_3.py
[2026-05-18T07:36:54.784+0000] {processor.py:925} INFO - DAG(s) 'example_branch_dop_operator_v3' retrieved from /home/noelsdavid/airflow_venv/lib/python3.12/site-packages/airflow/example_dags/example_branch_python_dop_operator_3.py
[2026-05-18T07:36:54.806+0000] {logging_mixin.py:190} INFO - [2026-05-18T07:36:54.806+0000] {dag.py:3239} INFO - Sync 1 DAGs
[2026-05-18T07:36:54.839+0000] {logging_mixin.py:190} INFO - [2026-05-18T07:36:54.839+0000] {dag.py:4180} INFO - Setting next_dagrun for example_branch_dop_operator_v3 to 2026-05-18 07:35:00+00:00, run_after=2026-05-18 07:36:00+00:00
[2026-05-18T07:36:54.875+0000] {processor.py:208} INFO - Processing /home/noelsdavid/airflow_venv/lib/python3.12/site-packages/airflow/example_dags/example_branch_python_dop_operator_3.py took 0.123 seconds
[2026-05-18T07:38:05.759+0000] {processor.py:186} INFO - Started process (PID=18961) to work on /home/noelsdavid/airflow_venv/lib/python3.12/site-packages/airflow/example_dags/example_branch_python_dop_operator_3.py
[2026-05-18T07:38:05.762+0000] {processor.py:914} INFO - Processing file /home/noelsdavid/airflow_venv/lib/python3.12/site-packages/airflow/example_dags/example_branch_python_dop_operator_3.py for tasks to queue
[2026-05-18T07:38:05.764+0000] {logging_mixin.py:190} INFO - [2026-05-18T07:38:05.763+0000] {dagbag.py:588} INFO - Filling up the DagBag from /home/noelsdavid/airflow_venv/lib/python3.12/site-packages/airflow/example_dags/example_branch_python_dop_operator_3.py
[2026-05-18T07:38:05.782+0000] {processor.py:925} INFO - DAG(s) 'example_branch_dop_operator_v3' retrieved from /home/noelsdavid/airflow_venv/lib/python3.12/site-packages/airflow/example_dags/example_branch_python_dop_operator_3.py
[2026-05-18T07:38:05.805+0000] {logging_mixin.py:190} INFO - [2026-05-18T07:38:05.805+0000] {dag.py:3239} INFO - Sync 1 DAGs
[2026-05-18T07:38:05.840+0000] {logging_mixin.py:190} INFO - [2026-05-18T07:38:05.840+0000] {dag.py:4180} INFO - Setting next_dagrun for example_branch_dop_operator_v3 to 2026-05-18 07:37:00+00:00, run_after=2026-05-18 07:38:00+00:00
[2026-05-18T07:38:05.877+0000] {processor.py:208} INFO - Processing /home/noelsdavid/airflow_venv/lib/python3.12/site-packages/airflow/example_dags/example_branch_python_dop_operator_3.py took 0.127 seconds
[2026-05-18T07:39:14.949+0000] {processor.py:186} INFO - Started process (PID=19038) to work on /home/noelsdavid/airflow_venv/lib/python3.12/site-packages/airflow/example_dags/example_branch_python_dop_operator_3.py
[2026-05-18T07:39:14.951+0000] {processor.py:914} INFO - Processing file /home/noelsdavid/airflow_venv/lib/python3.12/site-packages/airflow/example_dags/example_branch_python_dop_operator_3.py for tasks to queue
[2026-05-18T07:39:14.953+0000] {logging_mixin.py:190} INFO - [2026-05-18T07:39:14.953+0000] {dagbag.py:588} INFO - Filling up the DagBag from /home/noelsdavid/airflow_venv/lib/python3.12/site-packages/airflow/example_dags/example_branch_python_dop_operator_3.py
[2026-05-18T07:39:14.969+0000] {processor.py:925} INFO - DAG(s) 'example_branch_dop_operator_v3' retrieved from /home/noelsdavid/airflow_venv/lib/python3.12/site-packages/airflow/example_dags/example_branch_python_dop_operator_3.py
[2026-05-18T07:39:14.991+0000] {logging_mixin.py:190} INFO - [2026-05-18T07:39:14.990+0000] {dag.py:3239} INFO - Sync 1 DAGs
[2026-05-18T07:39:15.021+0000] {logging_mixin.py:190} INFO - [2026-05-18T07:39:15.021+0000] {dag.py:4180} INFO - Setting next_dagrun for example_branch_dop_operator_v3 to 2026-05-18 07:38:00+00:00, run_after=2026-05-18 07:39:00+00:00
[2026-05-18T07:39:15.053+0000] {processor.py:208} INFO - Processing /home/noelsdavid/airflow_venv/lib/python3.12/site-packages/airflow/example_dags/example_branch_python_dop_operator_3.py took 0.113 seconds
[2026-05-18T07:40:29.987+0000] {processor.py:186} INFO - Started process (PID=19140) to work on /home/noelsdavid/airflow_venv/lib/python3.12/site-packages/airflow/example_dags/example_branch_python_dop_operator_3.py
[2026-05-18T07:40:29.990+0000] {processor.py:914} INFO - Processing file /home/noelsdavid/airflow_venv/lib/python3.12/site-packages/airflow/example_dags/example_branch_python_dop_operator_3.py for tasks to queue
[2026-05-18T07:40:29.993+0000] {logging_mixin.py:190} INFO - [2026-05-18T07:40:29.992+0000] {dagbag.py:588} INFO - Filling up the DagBag from /home/noelsdavid/airflow_venv/lib/python3.12/site-packages/airflow/example_dags/example_branch_python_dop_operator_3.py
[2026-05-18T07:40:30.011+0000] {processor.py:925} INFO - DAG(s) 'example_branch_dop_operator_v3' retrieved from /home/noelsdavid/airflow_venv/lib/python3.12/site-packages/airflow/example_dags/example_branch_python_dop_operator_3.py
[2026-05-18T07:40:30.034+0000] {logging_mixin.py:190} INFO - [2026-05-18T07:40:30.033+0000] {dag.py:3239} INFO - Sync 1 DAGs
[2026-05-18T07:40:30.065+0000] {logging_mixin.py:190} INFO - [2026-05-18T07:40:30.065+0000] {dag.py:4180} INFO - Setting next_dagrun for example_branch_dop_operator_v3 to 2026-05-18 07:39:00+00:00, run_after=2026-05-18 07:40:00+00:00
[2026-05-18T07:40:30.103+0000] {processor.py:208} INFO - Processing /home/noelsdavid/airflow_venv/lib/python3.12/site-packages/airflow/example_dags/example_branch_python_dop_operator_3.py took 0.126 seconds
