[2026-05-18T06:00:32.716+0000] {processor.py:186} INFO - Started process (PID=6912) to work on /home/noelsdavid/airflow_venv/lib/python3.12/site-packages/airflow/example_dags/example_short_circuit_operator.py
[2026-05-18T06:00:32.717+0000] {processor.py:914} INFO - Processing file /home/noelsdavid/airflow_venv/lib/python3.12/site-packages/airflow/example_dags/example_short_circuit_operator.py for tasks to queue
[2026-05-18T06:00:32.720+0000] {logging_mixin.py:190} INFO - [2026-05-18T06:00:32.719+0000] {dagbag.py:588} INFO - Filling up the DagBag from /home/noelsdavid/airflow_venv/lib/python3.12/site-packages/airflow/example_dags/example_short_circuit_operator.py
[2026-05-18T06:00:32.731+0000] {processor.py:925} INFO - DAG(s) 'example_short_circuit_operator' retrieved from /home/noelsdavid/airflow_venv/lib/python3.12/site-packages/airflow/example_dags/example_short_circuit_operator.py
[2026-05-18T06:00:32.866+0000] {logging_mixin.py:190} INFO - [2026-05-18T06:00:32.866+0000] {override.py:1911} INFO - Created Permission View: can edit on DAG:example_short_circuit_operator
[2026-05-18T06:00:32.883+0000] {logging_mixin.py:190} INFO - [2026-05-18T06:00:32.882+0000] {override.py:1911} INFO - Created Permission View: can delete on DAG:example_short_circuit_operator
[2026-05-18T06:00:32.895+0000] {logging_mixin.py:190} INFO - [2026-05-18T06:00:32.895+0000] {override.py:1911} INFO - Created Permission View: can read on DAG:example_short_circuit_operator
[2026-05-18T06:00:32.919+0000] {logging_mixin.py:190} INFO - [2026-05-18T06:00:32.918+0000] {override.py:1911} INFO - Created Permission View: can delete on DAG Run:example_short_circuit_operator
[2026-05-18T06:00:32.933+0000] {logging_mixin.py:190} INFO - [2026-05-18T06:00:32.933+0000] {override.py:1911} INFO - Created Permission View: menu access on DAG Run:example_short_circuit_operator
[2026-05-18T06:00:32.947+0000] {logging_mixin.py:190} INFO - [2026-05-18T06:00:32.947+0000] {override.py:1911} INFO - Created Permission View: can create on DAG Run:example_short_circuit_operator
[2026-05-18T06:00:32.961+0000] {logging_mixin.py:190} INFO - [2026-05-18T06:00:32.960+0000] {override.py:1911} INFO - Created Permission View: can read on DAG Run:example_short_circuit_operator
[2026-05-18T06:00:32.961+0000] {logging_mixin.py:190} INFO - [2026-05-18T06:00:32.961+0000] {dag.py:3239} INFO - Sync 1 DAGs
[2026-05-18T06:00:32.976+0000] {logging_mixin.py:190} INFO - [2026-05-18T06:00:32.976+0000] {dag.py:3262} INFO - Creating ORM DAG for example_short_circuit_operator
[2026-05-18T06:00:32.977+0000] {logging_mixin.py:190} INFO - [2026-05-18T06:00:32.976+0000] {dag.py:4180} INFO - Setting next_dagrun for example_short_circuit_operator to None, run_after=None
[2026-05-18T06:00:33.006+0000] {processor.py:208} INFO - Processing /home/noelsdavid/airflow_venv/lib/python3.12/site-packages/airflow/example_dags/example_short_circuit_operator.py took 0.297 seconds
[2026-05-18T06:01:41.729+0000] {processor.py:186} INFO - Started process (PID=6971) to work on /home/noelsdavid/airflow_venv/lib/python3.12/site-packages/airflow/example_dags/example_short_circuit_operator.py
[2026-05-18T06:01:41.733+0000] {processor.py:914} INFO - Processing file /home/noelsdavid/airflow_venv/lib/python3.12/site-packages/airflow/example_dags/example_short_circuit_operator.py for tasks to queue
[2026-05-18T06:01:41.737+0000] {logging_mixin.py:190} INFO - [2026-05-18T06:01:41.736+0000] {dagbag.py:588} INFO - Filling up the DagBag from /home/noelsdavid/airflow_venv/lib/python3.12/site-packages/airflow/example_dags/example_short_circuit_operator.py
[2026-05-18T06:01:41.755+0000] {processor.py:925} INFO - DAG(s) 'example_short_circuit_operator' retrieved from /home/noelsdavid/airflow_venv/lib/python3.12/site-packages/airflow/example_dags/example_short_circuit_operator.py
[2026-05-18T06:01:41.780+0000] {logging_mixin.py:190} INFO - [2026-05-18T06:01:41.780+0000] {dag.py:3239} INFO - Sync 1 DAGs
[2026-05-18T06:01:41.796+0000] {logging_mixin.py:190} INFO - [2026-05-18T06:01:41.796+0000] {dag.py:4180} INFO - Setting next_dagrun for example_short_circuit_operator to None, run_after=None
[2026-05-18T06:01:41.825+0000] {processor.py:208} INFO - Processing /home/noelsdavid/airflow_venv/lib/python3.12/site-packages/airflow/example_dags/example_short_circuit_operator.py took 0.106 seconds
[2026-05-18T06:02:41.237+0000] {processor.py:186} INFO - Started process (PID=7031) to work on /home/noelsdavid/airflow_venv/lib/python3.12/site-packages/airflow/example_dags/example_short_circuit_operator.py
[2026-05-18T06:02:41.239+0000] {processor.py:914} INFO - Processing file /home/noelsdavid/airflow_venv/lib/python3.12/site-packages/airflow/example_dags/example_short_circuit_operator.py for tasks to queue
[2026-05-18T06:02:41.242+0000] {logging_mixin.py:190} INFO - [2026-05-18T06:02:41.241+0000] {dagbag.py:588} INFO - Filling up the DagBag from /home/noelsdavid/airflow_venv/lib/python3.12/site-packages/airflow/example_dags/example_short_circuit_operator.py
[2026-05-18T06:02:41.254+0000] {processor.py:925} INFO - DAG(s) 'example_short_circuit_operator' retrieved from /home/noelsdavid/airflow_venv/lib/python3.12/site-packages/airflow/example_dags/example_short_circuit_operator.py
[2026-05-18T06:02:41.280+0000] {logging_mixin.py:190} INFO - [2026-05-18T06:02:41.279+0000] {dag.py:3239} INFO - Sync 1 DAGs
[2026-05-18T06:02:41.296+0000] {logging_mixin.py:190} INFO - [2026-05-18T06:02:41.295+0000] {dag.py:4180} INFO - Setting next_dagrun for example_short_circuit_operator to None, run_after=None
[2026-05-18T06:02:41.328+0000] {processor.py:208} INFO - Processing /home/noelsdavid/airflow_venv/lib/python3.12/site-packages/airflow/example_dags/example_short_circuit_operator.py took 0.098 seconds
[2026-05-18T06:03:40.598+0000] {processor.py:186} INFO - Started process (PID=7090) to work on /home/noelsdavid/airflow_venv/lib/python3.12/site-packages/airflow/example_dags/example_short_circuit_operator.py
[2026-05-18T06:03:40.601+0000] {processor.py:914} INFO - Processing file /home/noelsdavid/airflow_venv/lib/python3.12/site-packages/airflow/example_dags/example_short_circuit_operator.py for tasks to queue
[2026-05-18T06:03:40.604+0000] {logging_mixin.py:190} INFO - [2026-05-18T06:03:40.603+0000] {dagbag.py:588} INFO - Filling up the DagBag from /home/noelsdavid/airflow_venv/lib/python3.12/site-packages/airflow/example_dags/example_short_circuit_operator.py
[2026-05-18T06:03:40.616+0000] {processor.py:925} INFO - DAG(s) 'example_short_circuit_operator' retrieved from /home/noelsdavid/airflow_venv/lib/python3.12/site-packages/airflow/example_dags/example_short_circuit_operator.py
[2026-05-18T06:03:40.641+0000] {logging_mixin.py:190} INFO - [2026-05-18T06:03:40.640+0000] {dag.py:3239} INFO - Sync 1 DAGs
[2026-05-18T06:03:40.656+0000] {logging_mixin.py:190} INFO - [2026-05-18T06:03:40.656+0000] {dag.py:4180} INFO - Setting next_dagrun for example_short_circuit_operator to None, run_after=None
[2026-05-18T06:03:40.686+0000] {processor.py:208} INFO - Processing /home/noelsdavid/airflow_venv/lib/python3.12/site-packages/airflow/example_dags/example_short_circuit_operator.py took 0.095 seconds
[2026-05-18T06:04:41.711+0000] {processor.py:186} INFO - Started process (PID=7148) to work on /home/noelsdavid/airflow_venv/lib/python3.12/site-packages/airflow/example_dags/example_short_circuit_operator.py
[2026-05-18T06:04:41.714+0000] {processor.py:914} INFO - Processing file /home/noelsdavid/airflow_venv/lib/python3.12/site-packages/airflow/example_dags/example_short_circuit_operator.py for tasks to queue
[2026-05-18T06:04:41.718+0000] {logging_mixin.py:190} INFO - [2026-05-18T06:04:41.717+0000] {dagbag.py:588} INFO - Filling up the DagBag from /home/noelsdavid/airflow_venv/lib/python3.12/site-packages/airflow/example_dags/example_short_circuit_operator.py
[2026-05-18T06:04:41.738+0000] {processor.py:925} INFO - DAG(s) 'example_short_circuit_operator' retrieved from /home/noelsdavid/airflow_venv/lib/python3.12/site-packages/airflow/example_dags/example_short_circuit_operator.py
[2026-05-18T06:04:41.771+0000] {logging_mixin.py:190} INFO - [2026-05-18T06:04:41.770+0000] {dag.py:3239} INFO - Sync 1 DAGs
[2026-05-18T06:04:41.786+0000] {logging_mixin.py:190} INFO - [2026-05-18T06:04:41.786+0000] {dag.py:4180} INFO - Setting next_dagrun for example_short_circuit_operator to None, run_after=None
[2026-05-18T06:04:41.817+0000] {processor.py:208} INFO - Processing /home/noelsdavid/airflow_venv/lib/python3.12/site-packages/airflow/example_dags/example_short_circuit_operator.py took 0.115 seconds
[2026-05-18T06:05:54.536+0000] {processor.py:186} INFO - Started process (PID=7239) to work on /home/noelsdavid/airflow_venv/lib/python3.12/site-packages/airflow/example_dags/example_short_circuit_operator.py
[2026-05-18T06:05:54.538+0000] {processor.py:914} INFO - Processing file /home/noelsdavid/airflow_venv/lib/python3.12/site-packages/airflow/example_dags/example_short_circuit_operator.py for tasks to queue
[2026-05-18T06:05:54.541+0000] {logging_mixin.py:190} INFO - [2026-05-18T06:05:54.540+0000] {dagbag.py:588} INFO - Filling up the DagBag from /home/noelsdavid/airflow_venv/lib/python3.12/site-packages/airflow/example_dags/example_short_circuit_operator.py
[2026-05-18T06:05:54.550+0000] {processor.py:925} INFO - DAG(s) 'example_short_circuit_operator' retrieved from /home/noelsdavid/airflow_venv/lib/python3.12/site-packages/airflow/example_dags/example_short_circuit_operator.py
[2026-05-18T06:05:54.568+0000] {logging_mixin.py:190} INFO - [2026-05-18T06:05:54.568+0000] {dag.py:3239} INFO - Sync 1 DAGs
[2026-05-18T06:05:54.582+0000] {logging_mixin.py:190} INFO - [2026-05-18T06:05:54.582+0000] {dag.py:4180} INFO - Setting next_dagrun for example_short_circuit_operator to None, run_after=None
[2026-05-18T06:05:54.613+0000] {processor.py:208} INFO - Processing /home/noelsdavid/airflow_venv/lib/python3.12/site-packages/airflow/example_dags/example_short_circuit_operator.py took 0.271 seconds
[2026-05-18T06:06:54.699+0000] {processor.py:186} INFO - Started process (PID=7300) to work on /home/noelsdavid/airflow_venv/lib/python3.12/site-packages/airflow/example_dags/example_short_circuit_operator.py
[2026-05-18T06:06:54.702+0000] {processor.py:914} INFO - Processing file /home/noelsdavid/airflow_venv/lib/python3.12/site-packages/airflow/example_dags/example_short_circuit_operator.py for tasks to queue
[2026-05-18T06:06:54.705+0000] {logging_mixin.py:190} INFO - [2026-05-18T06:06:54.704+0000] {dagbag.py:588} INFO - Filling up the DagBag from /home/noelsdavid/airflow_venv/lib/python3.12/site-packages/airflow/example_dags/example_short_circuit_operator.py
[2026-05-18T06:06:54.718+0000] {processor.py:925} INFO - DAG(s) 'example_short_circuit_operator' retrieved from /home/noelsdavid/airflow_venv/lib/python3.12/site-packages/airflow/example_dags/example_short_circuit_operator.py
[2026-05-18T06:06:54.742+0000] {logging_mixin.py:190} INFO - [2026-05-18T06:06:54.742+0000] {dag.py:3239} INFO - Sync 1 DAGs
[2026-05-18T06:06:54.759+0000] {logging_mixin.py:190} INFO - [2026-05-18T06:06:54.759+0000] {dag.py:4180} INFO - Setting next_dagrun for example_short_circuit_operator to None, run_after=None
[2026-05-18T06:06:54.789+0000] {processor.py:208} INFO - Processing /home/noelsdavid/airflow_venv/lib/python3.12/site-packages/airflow/example_dags/example_short_circuit_operator.py took 0.099 seconds
[2026-05-18T06:07:51.832+0000] {processor.py:186} INFO - Started process (PID=7358) to work on /home/noelsdavid/airflow_venv/lib/python3.12/site-packages/airflow/example_dags/example_short_circuit_operator.py
[2026-05-18T06:07:51.835+0000] {processor.py:914} INFO - Processing file /home/noelsdavid/airflow_venv/lib/python3.12/site-packages/airflow/example_dags/example_short_circuit_operator.py for tasks to queue
[2026-05-18T06:07:51.839+0000] {logging_mixin.py:190} INFO - [2026-05-18T06:07:51.838+0000] {dagbag.py:588} INFO - Filling up the DagBag from /home/noelsdavid/airflow_venv/lib/python3.12/site-packages/airflow/example_dags/example_short_circuit_operator.py
[2026-05-18T06:07:51.851+0000] {processor.py:925} INFO - DAG(s) 'example_short_circuit_operator' retrieved from /home/noelsdavid/airflow_venv/lib/python3.12/site-packages/airflow/example_dags/example_short_circuit_operator.py
[2026-05-18T06:07:51.877+0000] {logging_mixin.py:190} INFO - [2026-05-18T06:07:51.876+0000] {dag.py:3239} INFO - Sync 1 DAGs
[2026-05-18T06:07:51.894+0000] {logging_mixin.py:190} INFO - [2026-05-18T06:07:51.894+0000] {dag.py:4180} INFO - Setting next_dagrun for example_short_circuit_operator to None, run_after=None
[2026-05-18T06:07:51.927+0000] {processor.py:208} INFO - Processing /home/noelsdavid/airflow_venv/lib/python3.12/site-packages/airflow/example_dags/example_short_circuit_operator.py took 0.103 seconds
[2026-05-18T06:08:58.595+0000] {processor.py:186} INFO - Started process (PID=7421) to work on /home/noelsdavid/airflow_venv/lib/python3.12/site-packages/airflow/example_dags/example_short_circuit_operator.py
[2026-05-18T06:08:58.598+0000] {processor.py:914} INFO - Processing file /home/noelsdavid/airflow_venv/lib/python3.12/site-packages/airflow/example_dags/example_short_circuit_operator.py for tasks to queue
[2026-05-18T06:08:58.601+0000] {logging_mixin.py:190} INFO - [2026-05-18T06:08:58.600+0000] {dagbag.py:588} INFO - Filling up the DagBag from /home/noelsdavid/airflow_venv/lib/python3.12/site-packages/airflow/example_dags/example_short_circuit_operator.py
[2026-05-18T06:08:58.614+0000] {processor.py:925} INFO - DAG(s) 'example_short_circuit_operator' retrieved from /home/noelsdavid/airflow_venv/lib/python3.12/site-packages/airflow/example_dags/example_short_circuit_operator.py
[2026-05-18T06:08:58.642+0000] {logging_mixin.py:190} INFO - [2026-05-18T06:08:58.641+0000] {dag.py:3239} INFO - Sync 1 DAGs
[2026-05-18T06:08:58.660+0000] {logging_mixin.py:190} INFO - [2026-05-18T06:08:58.660+0000] {dag.py:4180} INFO - Setting next_dagrun for example_short_circuit_operator to None, run_after=None
[2026-05-18T06:08:58.693+0000] {processor.py:208} INFO - Processing /home/noelsdavid/airflow_venv/lib/python3.12/site-packages/airflow/example_dags/example_short_circuit_operator.py took 0.106 seconds
[2026-05-18T06:10:01.155+0000] {processor.py:186} INFO - Started process (PID=7480) to work on /home/noelsdavid/airflow_venv/lib/python3.12/site-packages/airflow/example_dags/example_short_circuit_operator.py
[2026-05-18T06:10:01.158+0000] {processor.py:914} INFO - Processing file /home/noelsdavid/airflow_venv/lib/python3.12/site-packages/airflow/example_dags/example_short_circuit_operator.py for tasks to queue
[2026-05-18T06:10:01.161+0000] {logging_mixin.py:190} INFO - [2026-05-18T06:10:01.161+0000] {dagbag.py:588} INFO - Filling up the DagBag from /home/noelsdavid/airflow_venv/lib/python3.12/site-packages/airflow/example_dags/example_short_circuit_operator.py
[2026-05-18T06:10:01.174+0000] {processor.py:925} INFO - DAG(s) 'example_short_circuit_operator' retrieved from /home/noelsdavid/airflow_venv/lib/python3.12/site-packages/airflow/example_dags/example_short_circuit_operator.py
[2026-05-18T06:10:01.200+0000] {logging_mixin.py:190} INFO - [2026-05-18T06:10:01.199+0000] {dag.py:3239} INFO - Sync 1 DAGs
[2026-05-18T06:10:01.217+0000] {logging_mixin.py:190} INFO - [2026-05-18T06:10:01.217+0000] {dag.py:4180} INFO - Setting next_dagrun for example_short_circuit_operator to None, run_after=None
[2026-05-18T06:10:01.252+0000] {processor.py:208} INFO - Processing /home/noelsdavid/airflow_venv/lib/python3.12/site-packages/airflow/example_dags/example_short_circuit_operator.py took 0.105 seconds
[2026-05-18T06:11:01.217+0000] {processor.py:186} INFO - Started process (PID=7563) to work on /home/noelsdavid/airflow_venv/lib/python3.12/site-packages/airflow/example_dags/example_short_circuit_operator.py
[2026-05-18T06:11:01.219+0000] {processor.py:914} INFO - Processing file /home/noelsdavid/airflow_venv/lib/python3.12/site-packages/airflow/example_dags/example_short_circuit_operator.py for tasks to queue
[2026-05-18T06:11:01.223+0000] {logging_mixin.py:190} INFO - [2026-05-18T06:11:01.222+0000] {dagbag.py:588} INFO - Filling up the DagBag from /home/noelsdavid/airflow_venv/lib/python3.12/site-packages/airflow/example_dags/example_short_circuit_operator.py
[2026-05-18T06:11:01.235+0000] {processor.py:925} INFO - DAG(s) 'example_short_circuit_operator' retrieved from /home/noelsdavid/airflow_venv/lib/python3.12/site-packages/airflow/example_dags/example_short_circuit_operator.py
[2026-05-18T06:11:01.261+0000] {logging_mixin.py:190} INFO - [2026-05-18T06:11:01.261+0000] {dag.py:3239} INFO - Sync 1 DAGs
[2026-05-18T06:11:01.278+0000] {logging_mixin.py:190} INFO - [2026-05-18T06:11:01.278+0000] {dag.py:4180} INFO - Setting next_dagrun for example_short_circuit_operator to None, run_after=None
[2026-05-18T06:11:01.308+0000] {processor.py:208} INFO - Processing /home/noelsdavid/airflow_venv/lib/python3.12/site-packages/airflow/example_dags/example_short_circuit_operator.py took 0.099 seconds
[2026-05-18T06:12:01.298+0000] {processor.py:186} INFO - Started process (PID=7623) to work on /home/noelsdavid/airflow_venv/lib/python3.12/site-packages/airflow/example_dags/example_short_circuit_operator.py
[2026-05-18T06:12:01.300+0000] {processor.py:914} INFO - Processing file /home/noelsdavid/airflow_venv/lib/python3.12/site-packages/airflow/example_dags/example_short_circuit_operator.py for tasks to queue
[2026-05-18T06:12:01.304+0000] {logging_mixin.py:190} INFO - [2026-05-18T06:12:01.304+0000] {dagbag.py:588} INFO - Filling up the DagBag from /home/noelsdavid/airflow_venv/lib/python3.12/site-packages/airflow/example_dags/example_short_circuit_operator.py
[2026-05-18T06:12:01.316+0000] {processor.py:925} INFO - DAG(s) 'example_short_circuit_operator' retrieved from /home/noelsdavid/airflow_venv/lib/python3.12/site-packages/airflow/example_dags/example_short_circuit_operator.py
[2026-05-18T06:12:01.343+0000] {logging_mixin.py:190} INFO - [2026-05-18T06:12:01.343+0000] {dag.py:3239} INFO - Sync 1 DAGs
[2026-05-18T06:12:01.361+0000] {logging_mixin.py:190} INFO - [2026-05-18T06:12:01.361+0000] {dag.py:4180} INFO - Setting next_dagrun for example_short_circuit_operator to None, run_after=None
[2026-05-18T06:12:01.394+0000] {processor.py:208} INFO - Processing /home/noelsdavid/airflow_venv/lib/python3.12/site-packages/airflow/example_dags/example_short_circuit_operator.py took 0.105 seconds
[2026-05-18T06:12:58.980+0000] {processor.py:186} INFO - Started process (PID=7681) to work on /home/noelsdavid/airflow_venv/lib/python3.12/site-packages/airflow/example_dags/example_short_circuit_operator.py
[2026-05-18T06:12:58.982+0000] {processor.py:914} INFO - Processing file /home/noelsdavid/airflow_venv/lib/python3.12/site-packages/airflow/example_dags/example_short_circuit_operator.py for tasks to queue
[2026-05-18T06:12:58.986+0000] {logging_mixin.py:190} INFO - [2026-05-18T06:12:58.985+0000] {dagbag.py:588} INFO - Filling up the DagBag from /home/noelsdavid/airflow_venv/lib/python3.12/site-packages/airflow/example_dags/example_short_circuit_operator.py
[2026-05-18T06:12:58.999+0000] {processor.py:925} INFO - DAG(s) 'example_short_circuit_operator' retrieved from /home/noelsdavid/airflow_venv/lib/python3.12/site-packages/airflow/example_dags/example_short_circuit_operator.py
[2026-05-18T06:12:59.026+0000] {logging_mixin.py:190} INFO - [2026-05-18T06:12:59.025+0000] {dag.py:3239} INFO - Sync 1 DAGs
[2026-05-18T06:12:59.042+0000] {logging_mixin.py:190} INFO - [2026-05-18T06:12:59.042+0000] {dag.py:4180} INFO - Setting next_dagrun for example_short_circuit_operator to None, run_after=None
[2026-05-18T06:12:59.073+0000] {processor.py:208} INFO - Processing /home/noelsdavid/airflow_venv/lib/python3.12/site-packages/airflow/example_dags/example_short_circuit_operator.py took 0.101 seconds
[2026-05-18T06:14:04.616+0000] {processor.py:186} INFO - Started process (PID=7741) to work on /home/noelsdavid/airflow_venv/lib/python3.12/site-packages/airflow/example_dags/example_short_circuit_operator.py
[2026-05-18T06:14:04.618+0000] {processor.py:914} INFO - Processing file /home/noelsdavid/airflow_venv/lib/python3.12/site-packages/airflow/example_dags/example_short_circuit_operator.py for tasks to queue
[2026-05-18T06:14:04.622+0000] {logging_mixin.py:190} INFO - [2026-05-18T06:14:04.622+0000] {dagbag.py:588} INFO - Filling up the DagBag from /home/noelsdavid/airflow_venv/lib/python3.12/site-packages/airflow/example_dags/example_short_circuit_operator.py
[2026-05-18T06:14:04.636+0000] {processor.py:925} INFO - DAG(s) 'example_short_circuit_operator' retrieved from /home/noelsdavid/airflow_venv/lib/python3.12/site-packages/airflow/example_dags/example_short_circuit_operator.py
[2026-05-18T06:14:04.661+0000] {logging_mixin.py:190} INFO - [2026-05-18T06:14:04.661+0000] {dag.py:3239} INFO - Sync 1 DAGs
[2026-05-18T06:14:04.679+0000] {logging_mixin.py:190} INFO - [2026-05-18T06:14:04.678+0000] {dag.py:4180} INFO - Setting next_dagrun for example_short_circuit_operator to None, run_after=None
[2026-05-18T06:14:04.711+0000] {processor.py:208} INFO - Processing /home/noelsdavid/airflow_venv/lib/python3.12/site-packages/airflow/example_dags/example_short_circuit_operator.py took 0.104 seconds
[2026-05-18T06:15:04.565+0000] {processor.py:186} INFO - Started process (PID=7800) to work on /home/noelsdavid/airflow_venv/lib/python3.12/site-packages/airflow/example_dags/example_short_circuit_operator.py
[2026-05-18T06:15:04.567+0000] {processor.py:914} INFO - Processing file /home/noelsdavid/airflow_venv/lib/python3.12/site-packages/airflow/example_dags/example_short_circuit_operator.py for tasks to queue
[2026-05-18T06:15:04.572+0000] {logging_mixin.py:190} INFO - [2026-05-18T06:15:04.571+0000] {dagbag.py:588} INFO - Filling up the DagBag from /home/noelsdavid/airflow_venv/lib/python3.12/site-packages/airflow/example_dags/example_short_circuit_operator.py
[2026-05-18T06:15:04.585+0000] {processor.py:925} INFO - DAG(s) 'example_short_circuit_operator' retrieved from /home/noelsdavid/airflow_venv/lib/python3.12/site-packages/airflow/example_dags/example_short_circuit_operator.py
[2026-05-18T06:15:04.612+0000] {logging_mixin.py:190} INFO - [2026-05-18T06:15:04.612+0000] {dag.py:3239} INFO - Sync 1 DAGs
[2026-05-18T06:15:04.630+0000] {logging_mixin.py:190} INFO - [2026-05-18T06:15:04.630+0000] {dag.py:4180} INFO - Setting next_dagrun for example_short_circuit_operator to None, run_after=None
[2026-05-18T06:15:04.663+0000] {processor.py:208} INFO - Processing /home/noelsdavid/airflow_venv/lib/python3.12/site-packages/airflow/example_dags/example_short_circuit_operator.py took 0.106 seconds
[2026-05-18T06:16:09.057+0000] {processor.py:186} INFO - Started process (PID=8029) to work on /home/noelsdavid/airflow_venv/lib/python3.12/site-packages/airflow/example_dags/example_short_circuit_operator.py
[2026-05-18T06:16:09.060+0000] {processor.py:914} INFO - Processing file /home/noelsdavid/airflow_venv/lib/python3.12/site-packages/airflow/example_dags/example_short_circuit_operator.py for tasks to queue
[2026-05-18T06:16:09.064+0000] {logging_mixin.py:190} INFO - [2026-05-18T06:16:09.064+0000] {dagbag.py:588} INFO - Filling up the DagBag from /home/noelsdavid/airflow_venv/lib/python3.12/site-packages/airflow/example_dags/example_short_circuit_operator.py
[2026-05-18T06:16:09.078+0000] {processor.py:925} INFO - DAG(s) 'example_short_circuit_operator' retrieved from /home/noelsdavid/airflow_venv/lib/python3.12/site-packages/airflow/example_dags/example_short_circuit_operator.py
[2026-05-18T06:16:09.106+0000] {logging_mixin.py:190} INFO - [2026-05-18T06:16:09.106+0000] {dag.py:3239} INFO - Sync 1 DAGs
[2026-05-18T06:16:09.125+0000] {logging_mixin.py:190} INFO - [2026-05-18T06:16:09.125+0000] {dag.py:4180} INFO - Setting next_dagrun for example_short_circuit_operator to None, run_after=None
[2026-05-18T06:16:09.159+0000] {processor.py:208} INFO - Processing /home/noelsdavid/airflow_venv/lib/python3.12/site-packages/airflow/example_dags/example_short_circuit_operator.py took 0.110 seconds
[2026-05-18T06:17:11.140+0000] {processor.py:186} INFO - Started process (PID=8214) to work on /home/noelsdavid/airflow_venv/lib/python3.12/site-packages/airflow/example_dags/example_short_circuit_operator.py
[2026-05-18T06:17:11.169+0000] {processor.py:914} INFO - Processing file /home/noelsdavid/airflow_venv/lib/python3.12/site-packages/airflow/example_dags/example_short_circuit_operator.py for tasks to queue
[2026-05-18T06:17:11.173+0000] {logging_mixin.py:190} INFO - [2026-05-18T06:17:11.172+0000] {dagbag.py:588} INFO - Filling up the DagBag from /home/noelsdavid/airflow_venv/lib/python3.12/site-packages/airflow/example_dags/example_short_circuit_operator.py
[2026-05-18T06:17:11.185+0000] {processor.py:925} INFO - DAG(s) 'example_short_circuit_operator' retrieved from /home/noelsdavid/airflow_venv/lib/python3.12/site-packages/airflow/example_dags/example_short_circuit_operator.py
[2026-05-18T06:17:11.211+0000] {logging_mixin.py:190} INFO - [2026-05-18T06:17:11.210+0000] {dag.py:3239} INFO - Sync 1 DAGs
[2026-05-18T06:17:11.227+0000] {logging_mixin.py:190} INFO - [2026-05-18T06:17:11.227+0000] {dag.py:4180} INFO - Setting next_dagrun for example_short_circuit_operator to None, run_after=None
[2026-05-18T06:17:11.257+0000] {processor.py:208} INFO - Processing /home/noelsdavid/airflow_venv/lib/python3.12/site-packages/airflow/example_dags/example_short_circuit_operator.py took 0.125 seconds
[2026-05-18T06:18:12.603+0000] {processor.py:186} INFO - Started process (PID=8442) to work on /home/noelsdavid/airflow_venv/lib/python3.12/site-packages/airflow/example_dags/example_short_circuit_operator.py
[2026-05-18T06:18:12.605+0000] {processor.py:914} INFO - Processing file /home/noelsdavid/airflow_venv/lib/python3.12/site-packages/airflow/example_dags/example_short_circuit_operator.py for tasks to queue
[2026-05-18T06:18:12.610+0000] {logging_mixin.py:190} INFO - [2026-05-18T06:18:12.609+0000] {dagbag.py:588} INFO - Filling up the DagBag from /home/noelsdavid/airflow_venv/lib/python3.12/site-packages/airflow/example_dags/example_short_circuit_operator.py
[2026-05-18T06:18:12.622+0000] {processor.py:925} INFO - DAG(s) 'example_short_circuit_operator' retrieved from /home/noelsdavid/airflow_venv/lib/python3.12/site-packages/airflow/example_dags/example_short_circuit_operator.py
[2026-05-18T06:18:12.649+0000] {logging_mixin.py:190} INFO - [2026-05-18T06:18:12.648+0000] {dag.py:3239} INFO - Sync 1 DAGs
[2026-05-18T06:18:12.666+0000] {logging_mixin.py:190} INFO - [2026-05-18T06:18:12.666+0000] {dag.py:4180} INFO - Setting next_dagrun for example_short_circuit_operator to None, run_after=None
[2026-05-18T06:18:12.704+0000] {processor.py:208} INFO - Processing /home/noelsdavid/airflow_venv/lib/python3.12/site-packages/airflow/example_dags/example_short_circuit_operator.py took 0.109 seconds
[2026-05-18T06:19:12.080+0000] {processor.py:186} INFO - Started process (PID=8514) to work on /home/noelsdavid/airflow_venv/lib/python3.12/site-packages/airflow/example_dags/example_short_circuit_operator.py
[2026-05-18T06:19:12.082+0000] {processor.py:914} INFO - Processing file /home/noelsdavid/airflow_venv/lib/python3.12/site-packages/airflow/example_dags/example_short_circuit_operator.py for tasks to queue
[2026-05-18T06:19:12.087+0000] {logging_mixin.py:190} INFO - [2026-05-18T06:19:12.086+0000] {dagbag.py:588} INFO - Filling up the DagBag from /home/noelsdavid/airflow_venv/lib/python3.12/site-packages/airflow/example_dags/example_short_circuit_operator.py
[2026-05-18T06:19:12.101+0000] {processor.py:925} INFO - DAG(s) 'example_short_circuit_operator' retrieved from /home/noelsdavid/airflow_venv/lib/python3.12/site-packages/airflow/example_dags/example_short_circuit_operator.py
[2026-05-18T06:19:12.126+0000] {logging_mixin.py:190} INFO - [2026-05-18T06:19:12.126+0000] {dag.py:3239} INFO - Sync 1 DAGs
[2026-05-18T06:19:12.143+0000] {logging_mixin.py:190} INFO - [2026-05-18T06:19:12.143+0000] {dag.py:4180} INFO - Setting next_dagrun for example_short_circuit_operator to None, run_after=None
[2026-05-18T06:19:12.175+0000] {processor.py:208} INFO - Processing /home/noelsdavid/airflow_venv/lib/python3.12/site-packages/airflow/example_dags/example_short_circuit_operator.py took 0.104 seconds
[2026-05-18T06:20:15.377+0000] {processor.py:186} INFO - Started process (PID=8602) to work on /home/noelsdavid/airflow_venv/lib/python3.12/site-packages/airflow/example_dags/example_short_circuit_operator.py
[2026-05-18T06:20:15.380+0000] {processor.py:914} INFO - Processing file /home/noelsdavid/airflow_venv/lib/python3.12/site-packages/airflow/example_dags/example_short_circuit_operator.py for tasks to queue
[2026-05-18T06:20:15.382+0000] {logging_mixin.py:190} INFO - [2026-05-18T06:20:15.381+0000] {dagbag.py:588} INFO - Filling up the DagBag from /home/noelsdavid/airflow_venv/lib/python3.12/site-packages/airflow/example_dags/example_short_circuit_operator.py
[2026-05-18T06:20:15.395+0000] {processor.py:925} INFO - DAG(s) 'example_short_circuit_operator' retrieved from /home/noelsdavid/airflow_venv/lib/python3.12/site-packages/airflow/example_dags/example_short_circuit_operator.py
[2026-05-18T06:20:15.422+0000] {logging_mixin.py:190} INFO - [2026-05-18T06:20:15.421+0000] {dag.py:3239} INFO - Sync 1 DAGs
[2026-05-18T06:20:15.440+0000] {logging_mixin.py:190} INFO - [2026-05-18T06:20:15.440+0000] {dag.py:4180} INFO - Setting next_dagrun for example_short_circuit_operator to None, run_after=None
[2026-05-18T06:20:15.470+0000] {processor.py:208} INFO - Processing /home/noelsdavid/airflow_venv/lib/python3.12/site-packages/airflow/example_dags/example_short_circuit_operator.py took 0.102 seconds
[2026-05-18T06:21:16.575+0000] {processor.py:186} INFO - Started process (PID=8662) to work on /home/noelsdavid/airflow_venv/lib/python3.12/site-packages/airflow/example_dags/example_short_circuit_operator.py
[2026-05-18T06:21:16.579+0000] {processor.py:914} INFO - Processing file /home/noelsdavid/airflow_venv/lib/python3.12/site-packages/airflow/example_dags/example_short_circuit_operator.py for tasks to queue
[2026-05-18T06:21:16.584+0000] {logging_mixin.py:190} INFO - [2026-05-18T06:21:16.583+0000] {dagbag.py:588} INFO - Filling up the DagBag from /home/noelsdavid/airflow_venv/lib/python3.12/site-packages/airflow/example_dags/example_short_circuit_operator.py
[2026-05-18T06:21:16.601+0000] {processor.py:925} INFO - DAG(s) 'example_short_circuit_operator' retrieved from /home/noelsdavid/airflow_venv/lib/python3.12/site-packages/airflow/example_dags/example_short_circuit_operator.py
[2026-05-18T06:21:16.633+0000] {logging_mixin.py:190} INFO - [2026-05-18T06:21:16.633+0000] {dag.py:3239} INFO - Sync 1 DAGs
[2026-05-18T06:21:16.653+0000] {logging_mixin.py:190} INFO - [2026-05-18T06:21:16.653+0000] {dag.py:4180} INFO - Setting next_dagrun for example_short_circuit_operator to None, run_after=None
[2026-05-18T06:21:16.693+0000] {processor.py:208} INFO - Processing /home/noelsdavid/airflow_venv/lib/python3.12/site-packages/airflow/example_dags/example_short_circuit_operator.py took 0.131 seconds
[2026-05-18T06:22:21.906+0000] {processor.py:186} INFO - Started process (PID=8726) to work on /home/noelsdavid/airflow_venv/lib/python3.12/site-packages/airflow/example_dags/example_short_circuit_operator.py
[2026-05-18T06:22:21.918+0000] {processor.py:914} INFO - Processing file /home/noelsdavid/airflow_venv/lib/python3.12/site-packages/airflow/example_dags/example_short_circuit_operator.py for tasks to queue
[2026-05-18T06:22:21.921+0000] {logging_mixin.py:190} INFO - [2026-05-18T06:22:21.921+0000] {dagbag.py:588} INFO - Filling up the DagBag from /home/noelsdavid/airflow_venv/lib/python3.12/site-packages/airflow/example_dags/example_short_circuit_operator.py
[2026-05-18T06:22:21.934+0000] {processor.py:925} INFO - DAG(s) 'example_short_circuit_operator' retrieved from /home/noelsdavid/airflow_venv/lib/python3.12/site-packages/airflow/example_dags/example_short_circuit_operator.py
[2026-05-18T06:22:21.961+0000] {logging_mixin.py:190} INFO - [2026-05-18T06:22:21.960+0000] {dag.py:3239} INFO - Sync 1 DAGs
[2026-05-18T06:22:21.978+0000] {logging_mixin.py:190} INFO - [2026-05-18T06:22:21.978+0000] {dag.py:4180} INFO - Setting next_dagrun for example_short_circuit_operator to None, run_after=None
[2026-05-18T06:22:22.010+0000] {processor.py:208} INFO - Processing /home/noelsdavid/airflow_venv/lib/python3.12/site-packages/airflow/example_dags/example_short_circuit_operator.py took 0.111 seconds
[2026-05-18T06:23:24.037+0000] {processor.py:186} INFO - Started process (PID=8787) to work on /home/noelsdavid/airflow_venv/lib/python3.12/site-packages/airflow/example_dags/example_short_circuit_operator.py
[2026-05-18T06:23:24.041+0000] {processor.py:914} INFO - Processing file /home/noelsdavid/airflow_venv/lib/python3.12/site-packages/airflow/example_dags/example_short_circuit_operator.py for tasks to queue
[2026-05-18T06:23:24.044+0000] {logging_mixin.py:190} INFO - [2026-05-18T06:23:24.044+0000] {dagbag.py:588} INFO - Filling up the DagBag from /home/noelsdavid/airflow_venv/lib/python3.12/site-packages/airflow/example_dags/example_short_circuit_operator.py
[2026-05-18T06:23:24.057+0000] {processor.py:925} INFO - DAG(s) 'example_short_circuit_operator' retrieved from /home/noelsdavid/airflow_venv/lib/python3.12/site-packages/airflow/example_dags/example_short_circuit_operator.py
[2026-05-18T06:23:24.085+0000] {logging_mixin.py:190} INFO - [2026-05-18T06:23:24.084+0000] {dag.py:3239} INFO - Sync 1 DAGs
[2026-05-18T06:23:24.105+0000] {logging_mixin.py:190} INFO - [2026-05-18T06:23:24.105+0000] {dag.py:4180} INFO - Setting next_dagrun for example_short_circuit_operator to None, run_after=None
[2026-05-18T06:23:24.139+0000] {processor.py:208} INFO - Processing /home/noelsdavid/airflow_venv/lib/python3.12/site-packages/airflow/example_dags/example_short_circuit_operator.py took 0.110 seconds
[2026-05-18T06:24:31.245+0000] {processor.py:186} INFO - Started process (PID=8848) to work on /home/noelsdavid/airflow_venv/lib/python3.12/site-packages/airflow/example_dags/example_short_circuit_operator.py
[2026-05-18T06:24:31.267+0000] {processor.py:914} INFO - Processing file /home/noelsdavid/airflow_venv/lib/python3.12/site-packages/airflow/example_dags/example_short_circuit_operator.py for tasks to queue
[2026-05-18T06:24:31.269+0000] {logging_mixin.py:190} INFO - [2026-05-18T06:24:31.269+0000] {dagbag.py:588} INFO - Filling up the DagBag from /home/noelsdavid/airflow_venv/lib/python3.12/site-packages/airflow/example_dags/example_short_circuit_operator.py
[2026-05-18T06:24:31.282+0000] {processor.py:925} INFO - DAG(s) 'example_short_circuit_operator' retrieved from /home/noelsdavid/airflow_venv/lib/python3.12/site-packages/airflow/example_dags/example_short_circuit_operator.py
[2026-05-18T06:24:31.308+0000] {logging_mixin.py:190} INFO - [2026-05-18T06:24:31.308+0000] {dag.py:3239} INFO - Sync 1 DAGs
[2026-05-18T06:24:31.325+0000] {logging_mixin.py:190} INFO - [2026-05-18T06:24:31.325+0000] {dag.py:4180} INFO - Setting next_dagrun for example_short_circuit_operator to None, run_after=None
[2026-05-18T06:24:31.356+0000] {processor.py:208} INFO - Processing /home/noelsdavid/airflow_venv/lib/python3.12/site-packages/airflow/example_dags/example_short_circuit_operator.py took 0.121 seconds
[2026-05-18T06:25:35.142+0000] {processor.py:186} INFO - Started process (PID=8935) to work on /home/noelsdavid/airflow_venv/lib/python3.12/site-packages/airflow/example_dags/example_short_circuit_operator.py
[2026-05-18T06:25:35.156+0000] {processor.py:914} INFO - Processing file /home/noelsdavid/airflow_venv/lib/python3.12/site-packages/airflow/example_dags/example_short_circuit_operator.py for tasks to queue
[2026-05-18T06:25:35.159+0000] {logging_mixin.py:190} INFO - [2026-05-18T06:25:35.158+0000] {dagbag.py:588} INFO - Filling up the DagBag from /home/noelsdavid/airflow_venv/lib/python3.12/site-packages/airflow/example_dags/example_short_circuit_operator.py
[2026-05-18T06:25:35.171+0000] {processor.py:925} INFO - DAG(s) 'example_short_circuit_operator' retrieved from /home/noelsdavid/airflow_venv/lib/python3.12/site-packages/airflow/example_dags/example_short_circuit_operator.py
[2026-05-18T06:25:35.200+0000] {logging_mixin.py:190} INFO - [2026-05-18T06:25:35.200+0000] {dag.py:3239} INFO - Sync 1 DAGs
[2026-05-18T06:25:35.219+0000] {logging_mixin.py:190} INFO - [2026-05-18T06:25:35.219+0000] {dag.py:4180} INFO - Setting next_dagrun for example_short_circuit_operator to None, run_after=None
[2026-05-18T06:25:35.257+0000] {processor.py:208} INFO - Processing /home/noelsdavid/airflow_venv/lib/python3.12/site-packages/airflow/example_dags/example_short_circuit_operator.py took 0.123 seconds
[2026-05-18T06:26:39.756+0000] {processor.py:186} INFO - Started process (PID=9051) to work on /home/noelsdavid/airflow_venv/lib/python3.12/site-packages/airflow/example_dags/example_short_circuit_operator.py
[2026-05-18T06:26:39.758+0000] {processor.py:914} INFO - Processing file /home/noelsdavid/airflow_venv/lib/python3.12/site-packages/airflow/example_dags/example_short_circuit_operator.py for tasks to queue
[2026-05-18T06:26:39.761+0000] {logging_mixin.py:190} INFO - [2026-05-18T06:26:39.759+0000] {dagbag.py:588} INFO - Filling up the DagBag from /home/noelsdavid/airflow_venv/lib/python3.12/site-packages/airflow/example_dags/example_short_circuit_operator.py
[2026-05-18T06:26:39.780+0000] {processor.py:925} INFO - DAG(s) 'example_short_circuit_operator' retrieved from /home/noelsdavid/airflow_venv/lib/python3.12/site-packages/airflow/example_dags/example_short_circuit_operator.py
[2026-05-18T06:26:39.815+0000] {logging_mixin.py:190} INFO - [2026-05-18T06:26:39.814+0000] {dag.py:3239} INFO - Sync 1 DAGs
[2026-05-18T06:26:39.848+0000] {logging_mixin.py:190} INFO - [2026-05-18T06:26:39.847+0000] {dag.py:4180} INFO - Setting next_dagrun for example_short_circuit_operator to None, run_after=None
[2026-05-18T06:26:39.895+0000] {processor.py:208} INFO - Processing /home/noelsdavid/airflow_venv/lib/python3.12/site-packages/airflow/example_dags/example_short_circuit_operator.py took 0.148 seconds
[2026-05-18T06:28:01.777+0000] {processor.py:186} INFO - Started process (PID=9639) to work on /home/noelsdavid/airflow_venv/lib/python3.12/site-packages/airflow/example_dags/example_short_circuit_operator.py
[2026-05-18T06:28:01.782+0000] {processor.py:914} INFO - Processing file /home/noelsdavid/airflow_venv/lib/python3.12/site-packages/airflow/example_dags/example_short_circuit_operator.py for tasks to queue
[2026-05-18T06:28:01.788+0000] {logging_mixin.py:190} INFO - [2026-05-18T06:28:01.786+0000] {dagbag.py:588} INFO - Filling up the DagBag from /home/noelsdavid/airflow_venv/lib/python3.12/site-packages/airflow/example_dags/example_short_circuit_operator.py
[2026-05-18T06:28:01.821+0000] {processor.py:925} INFO - DAG(s) 'example_short_circuit_operator' retrieved from /home/noelsdavid/airflow_venv/lib/python3.12/site-packages/airflow/example_dags/example_short_circuit_operator.py
[2026-05-18T06:28:01.861+0000] {logging_mixin.py:190} INFO - [2026-05-18T06:28:01.861+0000] {dag.py:3239} INFO - Sync 1 DAGs
[2026-05-18T06:28:01.885+0000] {logging_mixin.py:190} INFO - [2026-05-18T06:28:01.884+0000] {dag.py:4180} INFO - Setting next_dagrun for example_short_circuit_operator to None, run_after=None
[2026-05-18T06:28:01.922+0000] {processor.py:208} INFO - Processing /home/noelsdavid/airflow_venv/lib/python3.12/site-packages/airflow/example_dags/example_short_circuit_operator.py took 0.164 seconds
[2026-05-18T06:29:07.811+0000] {processor.py:186} INFO - Started process (PID=9756) to work on /home/noelsdavid/airflow_venv/lib/python3.12/site-packages/airflow/example_dags/example_short_circuit_operator.py
[2026-05-18T06:29:07.814+0000] {processor.py:914} INFO - Processing file /home/noelsdavid/airflow_venv/lib/python3.12/site-packages/airflow/example_dags/example_short_circuit_operator.py for tasks to queue
[2026-05-18T06:29:07.816+0000] {logging_mixin.py:190} INFO - [2026-05-18T06:29:07.815+0000] {dagbag.py:588} INFO - Filling up the DagBag from /home/noelsdavid/airflow_venv/lib/python3.12/site-packages/airflow/example_dags/example_short_circuit_operator.py
[2026-05-18T06:29:07.829+0000] {processor.py:925} INFO - DAG(s) 'example_short_circuit_operator' retrieved from /home/noelsdavid/airflow_venv/lib/python3.12/site-packages/airflow/example_dags/example_short_circuit_operator.py
[2026-05-18T06:29:07.854+0000] {logging_mixin.py:190} INFO - [2026-05-18T06:29:07.853+0000] {dag.py:3239} INFO - Sync 1 DAGs
[2026-05-18T06:29:07.872+0000] {logging_mixin.py:190} INFO - [2026-05-18T06:29:07.872+0000] {dag.py:4180} INFO - Setting next_dagrun for example_short_circuit_operator to None, run_after=None
[2026-05-18T06:29:07.908+0000] {processor.py:208} INFO - Processing /home/noelsdavid/airflow_venv/lib/python3.12/site-packages/airflow/example_dags/example_short_circuit_operator.py took 0.104 seconds
[2026-05-18T06:30:15.270+0000] {processor.py:186} INFO - Started process (PID=9845) to work on /home/noelsdavid/airflow_venv/lib/python3.12/site-packages/airflow/example_dags/example_short_circuit_operator.py
[2026-05-18T06:30:15.302+0000] {processor.py:914} INFO - Processing file /home/noelsdavid/airflow_venv/lib/python3.12/site-packages/airflow/example_dags/example_short_circuit_operator.py for tasks to queue
[2026-05-18T06:30:15.304+0000] {logging_mixin.py:190} INFO - [2026-05-18T06:30:15.304+0000] {dagbag.py:588} INFO - Filling up the DagBag from /home/noelsdavid/airflow_venv/lib/python3.12/site-packages/airflow/example_dags/example_short_circuit_operator.py
[2026-05-18T06:30:15.318+0000] {processor.py:925} INFO - DAG(s) 'example_short_circuit_operator' retrieved from /home/noelsdavid/airflow_venv/lib/python3.12/site-packages/airflow/example_dags/example_short_circuit_operator.py
[2026-05-18T06:30:15.342+0000] {logging_mixin.py:190} INFO - [2026-05-18T06:30:15.342+0000] {dag.py:3239} INFO - Sync 1 DAGs
[2026-05-18T06:30:15.360+0000] {logging_mixin.py:190} INFO - [2026-05-18T06:30:15.360+0000] {dag.py:4180} INFO - Setting next_dagrun for example_short_circuit_operator to None, run_after=None
[2026-05-18T06:30:15.392+0000] {processor.py:208} INFO - Processing /home/noelsdavid/airflow_venv/lib/python3.12/site-packages/airflow/example_dags/example_short_circuit_operator.py took 0.130 seconds
[2026-05-18T06:31:20.636+0000] {processor.py:186} INFO - Started process (PID=9908) to work on /home/noelsdavid/airflow_venv/lib/python3.12/site-packages/airflow/example_dags/example_short_circuit_operator.py
[2026-05-18T06:31:20.639+0000] {processor.py:914} INFO - Processing file /home/noelsdavid/airflow_venv/lib/python3.12/site-packages/airflow/example_dags/example_short_circuit_operator.py for tasks to queue
[2026-05-18T06:31:20.641+0000] {logging_mixin.py:190} INFO - [2026-05-18T06:31:20.640+0000] {dagbag.py:588} INFO - Filling up the DagBag from /home/noelsdavid/airflow_venv/lib/python3.12/site-packages/airflow/example_dags/example_short_circuit_operator.py
[2026-05-18T06:31:20.654+0000] {processor.py:925} INFO - DAG(s) 'example_short_circuit_operator' retrieved from /home/noelsdavid/airflow_venv/lib/python3.12/site-packages/airflow/example_dags/example_short_circuit_operator.py
[2026-05-18T06:31:20.681+0000] {logging_mixin.py:190} INFO - [2026-05-18T06:31:20.681+0000] {dag.py:3239} INFO - Sync 1 DAGs
[2026-05-18T06:31:20.698+0000] {logging_mixin.py:190} INFO - [2026-05-18T06:31:20.697+0000] {dag.py:4180} INFO - Setting next_dagrun for example_short_circuit_operator to None, run_after=None
[2026-05-18T06:31:20.726+0000] {processor.py:208} INFO - Processing /home/noelsdavid/airflow_venv/lib/python3.12/site-packages/airflow/example_dags/example_short_circuit_operator.py took 0.098 seconds
[2026-05-18T06:32:21.899+0000] {processor.py:186} INFO - Started process (PID=9967) to work on /home/noelsdavid/airflow_venv/lib/python3.12/site-packages/airflow/example_dags/example_short_circuit_operator.py
[2026-05-18T06:32:21.901+0000] {processor.py:914} INFO - Processing file /home/noelsdavid/airflow_venv/lib/python3.12/site-packages/airflow/example_dags/example_short_circuit_operator.py for tasks to queue
[2026-05-18T06:32:21.903+0000] {logging_mixin.py:190} INFO - [2026-05-18T06:32:21.902+0000] {dagbag.py:588} INFO - Filling up the DagBag from /home/noelsdavid/airflow_venv/lib/python3.12/site-packages/airflow/example_dags/example_short_circuit_operator.py
[2026-05-18T06:32:21.916+0000] {processor.py:925} INFO - DAG(s) 'example_short_circuit_operator' retrieved from /home/noelsdavid/airflow_venv/lib/python3.12/site-packages/airflow/example_dags/example_short_circuit_operator.py
[2026-05-18T06:32:21.940+0000] {logging_mixin.py:190} INFO - [2026-05-18T06:32:21.940+0000] {dag.py:3239} INFO - Sync 1 DAGs
[2026-05-18T06:32:21.957+0000] {logging_mixin.py:190} INFO - [2026-05-18T06:32:21.957+0000] {dag.py:4180} INFO - Setting next_dagrun for example_short_circuit_operator to None, run_after=None
[2026-05-18T06:32:21.987+0000] {processor.py:208} INFO - Processing /home/noelsdavid/airflow_venv/lib/python3.12/site-packages/airflow/example_dags/example_short_circuit_operator.py took 0.096 seconds
[2026-05-18T06:33:20.489+0000] {processor.py:186} INFO - Started process (PID=10026) to work on /home/noelsdavid/airflow_venv/lib/python3.12/site-packages/airflow/example_dags/example_short_circuit_operator.py
[2026-05-18T06:33:20.491+0000] {processor.py:914} INFO - Processing file /home/noelsdavid/airflow_venv/lib/python3.12/site-packages/airflow/example_dags/example_short_circuit_operator.py for tasks to queue
[2026-05-18T06:33:20.494+0000] {logging_mixin.py:190} INFO - [2026-05-18T06:33:20.493+0000] {dagbag.py:588} INFO - Filling up the DagBag from /home/noelsdavid/airflow_venv/lib/python3.12/site-packages/airflow/example_dags/example_short_circuit_operator.py
[2026-05-18T06:33:20.512+0000] {processor.py:925} INFO - DAG(s) 'example_short_circuit_operator' retrieved from /home/noelsdavid/airflow_venv/lib/python3.12/site-packages/airflow/example_dags/example_short_circuit_operator.py
[2026-05-18T06:33:20.547+0000] {logging_mixin.py:190} INFO - [2026-05-18T06:33:20.547+0000] {dag.py:3239} INFO - Sync 1 DAGs
[2026-05-18T06:33:20.571+0000] {logging_mixin.py:190} INFO - [2026-05-18T06:33:20.570+0000] {dag.py:4180} INFO - Setting next_dagrun for example_short_circuit_operator to None, run_after=None
[2026-05-18T06:33:20.619+0000] {processor.py:208} INFO - Processing /home/noelsdavid/airflow_venv/lib/python3.12/site-packages/airflow/example_dags/example_short_circuit_operator.py took 0.140 seconds
[2026-05-18T06:34:28.327+0000] {processor.py:186} INFO - Started process (PID=10161) to work on /home/noelsdavid/airflow_venv/lib/python3.12/site-packages/airflow/example_dags/example_short_circuit_operator.py
[2026-05-18T06:34:28.330+0000] {processor.py:914} INFO - Processing file /home/noelsdavid/airflow_venv/lib/python3.12/site-packages/airflow/example_dags/example_short_circuit_operator.py for tasks to queue
[2026-05-18T06:34:28.332+0000] {logging_mixin.py:190} INFO - [2026-05-18T06:34:28.332+0000] {dagbag.py:588} INFO - Filling up the DagBag from /home/noelsdavid/airflow_venv/lib/python3.12/site-packages/airflow/example_dags/example_short_circuit_operator.py
[2026-05-18T06:34:28.346+0000] {processor.py:925} INFO - DAG(s) 'example_short_circuit_operator' retrieved from /home/noelsdavid/airflow_venv/lib/python3.12/site-packages/airflow/example_dags/example_short_circuit_operator.py
[2026-05-18T06:34:28.371+0000] {logging_mixin.py:190} INFO - [2026-05-18T06:34:28.370+0000] {dag.py:3239} INFO - Sync 1 DAGs
[2026-05-18T06:34:28.389+0000] {logging_mixin.py:190} INFO - [2026-05-18T06:34:28.388+0000] {dag.py:4180} INFO - Setting next_dagrun for example_short_circuit_operator to None, run_after=None
[2026-05-18T06:34:28.420+0000] {processor.py:208} INFO - Processing /home/noelsdavid/airflow_venv/lib/python3.12/site-packages/airflow/example_dags/example_short_circuit_operator.py took 0.101 seconds
[2026-05-18T06:35:33.473+0000] {processor.py:186} INFO - Started process (PID=10369) to work on /home/noelsdavid/airflow_venv/lib/python3.12/site-packages/airflow/example_dags/example_short_circuit_operator.py
[2026-05-18T06:35:33.494+0000] {processor.py:914} INFO - Processing file /home/noelsdavid/airflow_venv/lib/python3.12/site-packages/airflow/example_dags/example_short_circuit_operator.py for tasks to queue
[2026-05-18T06:35:33.497+0000] {logging_mixin.py:190} INFO - [2026-05-18T06:35:33.496+0000] {dagbag.py:588} INFO - Filling up the DagBag from /home/noelsdavid/airflow_venv/lib/python3.12/site-packages/airflow/example_dags/example_short_circuit_operator.py
[2026-05-18T06:35:33.511+0000] {processor.py:925} INFO - DAG(s) 'example_short_circuit_operator' retrieved from /home/noelsdavid/airflow_venv/lib/python3.12/site-packages/airflow/example_dags/example_short_circuit_operator.py
[2026-05-18T06:35:33.537+0000] {logging_mixin.py:190} INFO - [2026-05-18T06:35:33.536+0000] {dag.py:3239} INFO - Sync 1 DAGs
[2026-05-18T06:35:33.555+0000] {logging_mixin.py:190} INFO - [2026-05-18T06:35:33.555+0000] {dag.py:4180} INFO - Setting next_dagrun for example_short_circuit_operator to None, run_after=None
[2026-05-18T06:35:33.588+0000] {processor.py:208} INFO - Processing /home/noelsdavid/airflow_venv/lib/python3.12/site-packages/airflow/example_dags/example_short_circuit_operator.py took 0.122 seconds
[2026-05-18T06:36:35.176+0000] {processor.py:186} INFO - Started process (PID=10532) to work on /home/noelsdavid/airflow_venv/lib/python3.12/site-packages/airflow/example_dags/example_short_circuit_operator.py
[2026-05-18T06:36:35.178+0000] {processor.py:914} INFO - Processing file /home/noelsdavid/airflow_venv/lib/python3.12/site-packages/airflow/example_dags/example_short_circuit_operator.py for tasks to queue
[2026-05-18T06:36:35.180+0000] {logging_mixin.py:190} INFO - [2026-05-18T06:36:35.180+0000] {dagbag.py:588} INFO - Filling up the DagBag from /home/noelsdavid/airflow_venv/lib/python3.12/site-packages/airflow/example_dags/example_short_circuit_operator.py
[2026-05-18T06:36:35.193+0000] {processor.py:925} INFO - DAG(s) 'example_short_circuit_operator' retrieved from /home/noelsdavid/airflow_venv/lib/python3.12/site-packages/airflow/example_dags/example_short_circuit_operator.py
[2026-05-18T06:36:35.219+0000] {logging_mixin.py:190} INFO - [2026-05-18T06:36:35.218+0000] {dag.py:3239} INFO - Sync 1 DAGs
[2026-05-18T06:36:35.237+0000] {logging_mixin.py:190} INFO - [2026-05-18T06:36:35.236+0000] {dag.py:4180} INFO - Setting next_dagrun for example_short_circuit_operator to None, run_after=None
[2026-05-18T06:36:35.267+0000] {processor.py:208} INFO - Processing /home/noelsdavid/airflow_venv/lib/python3.12/site-packages/airflow/example_dags/example_short_circuit_operator.py took 0.099 seconds
[2026-05-18T06:37:38.248+0000] {processor.py:186} INFO - Started process (PID=10932) to work on /home/noelsdavid/airflow_venv/lib/python3.12/site-packages/airflow/example_dags/example_short_circuit_operator.py
[2026-05-18T06:37:38.251+0000] {processor.py:914} INFO - Processing file /home/noelsdavid/airflow_venv/lib/python3.12/site-packages/airflow/example_dags/example_short_circuit_operator.py for tasks to queue
[2026-05-18T06:37:38.253+0000] {logging_mixin.py:190} INFO - [2026-05-18T06:37:38.253+0000] {dagbag.py:588} INFO - Filling up the DagBag from /home/noelsdavid/airflow_venv/lib/python3.12/site-packages/airflow/example_dags/example_short_circuit_operator.py
[2026-05-18T06:37:38.272+0000] {processor.py:925} INFO - DAG(s) 'example_short_circuit_operator' retrieved from /home/noelsdavid/airflow_venv/lib/python3.12/site-packages/airflow/example_dags/example_short_circuit_operator.py
[2026-05-18T06:37:38.300+0000] {logging_mixin.py:190} INFO - [2026-05-18T06:37:38.300+0000] {dag.py:3239} INFO - Sync 1 DAGs
[2026-05-18T06:37:38.320+0000] {logging_mixin.py:190} INFO - [2026-05-18T06:37:38.319+0000] {dag.py:4180} INFO - Setting next_dagrun for example_short_circuit_operator to None, run_after=None
[2026-05-18T06:37:38.355+0000] {processor.py:208} INFO - Processing /home/noelsdavid/airflow_venv/lib/python3.12/site-packages/airflow/example_dags/example_short_circuit_operator.py took 0.115 seconds
[2026-05-18T06:38:44.059+0000] {processor.py:186} INFO - Started process (PID=11105) to work on /home/noelsdavid/airflow_venv/lib/python3.12/site-packages/airflow/example_dags/example_short_circuit_operator.py
[2026-05-18T06:38:44.062+0000] {processor.py:914} INFO - Processing file /home/noelsdavid/airflow_venv/lib/python3.12/site-packages/airflow/example_dags/example_short_circuit_operator.py for tasks to queue
[2026-05-18T06:38:44.064+0000] {logging_mixin.py:190} INFO - [2026-05-18T06:38:44.063+0000] {dagbag.py:588} INFO - Filling up the DagBag from /home/noelsdavid/airflow_venv/lib/python3.12/site-packages/airflow/example_dags/example_short_circuit_operator.py
[2026-05-18T06:38:44.078+0000] {processor.py:925} INFO - DAG(s) 'example_short_circuit_operator' retrieved from /home/noelsdavid/airflow_venv/lib/python3.12/site-packages/airflow/example_dags/example_short_circuit_operator.py
[2026-05-18T06:38:44.104+0000] {logging_mixin.py:190} INFO - [2026-05-18T06:38:44.104+0000] {dag.py:3239} INFO - Sync 1 DAGs
[2026-05-18T06:38:44.123+0000] {logging_mixin.py:190} INFO - [2026-05-18T06:38:44.122+0000] {dag.py:4180} INFO - Setting next_dagrun for example_short_circuit_operator to None, run_after=None
[2026-05-18T06:38:44.157+0000] {processor.py:208} INFO - Processing /home/noelsdavid/airflow_venv/lib/python3.12/site-packages/airflow/example_dags/example_short_circuit_operator.py took 0.105 seconds
[2026-05-18T06:39:49.667+0000] {processor.py:186} INFO - Started process (PID=11331) to work on /home/noelsdavid/airflow_venv/lib/python3.12/site-packages/airflow/example_dags/example_short_circuit_operator.py
[2026-05-18T06:39:49.669+0000] {processor.py:914} INFO - Processing file /home/noelsdavid/airflow_venv/lib/python3.12/site-packages/airflow/example_dags/example_short_circuit_operator.py for tasks to queue
[2026-05-18T06:39:49.672+0000] {logging_mixin.py:190} INFO - [2026-05-18T06:39:49.671+0000] {dagbag.py:588} INFO - Filling up the DagBag from /home/noelsdavid/airflow_venv/lib/python3.12/site-packages/airflow/example_dags/example_short_circuit_operator.py
[2026-05-18T06:39:49.690+0000] {processor.py:925} INFO - DAG(s) 'example_short_circuit_operator' retrieved from /home/noelsdavid/airflow_venv/lib/python3.12/site-packages/airflow/example_dags/example_short_circuit_operator.py
[2026-05-18T06:39:49.719+0000] {logging_mixin.py:190} INFO - [2026-05-18T06:39:49.719+0000] {dag.py:3239} INFO - Sync 1 DAGs
[2026-05-18T06:39:49.738+0000] {logging_mixin.py:190} INFO - [2026-05-18T06:39:49.738+0000] {dag.py:4180} INFO - Setting next_dagrun for example_short_circuit_operator to None, run_after=None
[2026-05-18T06:39:49.777+0000] {processor.py:208} INFO - Processing /home/noelsdavid/airflow_venv/lib/python3.12/site-packages/airflow/example_dags/example_short_circuit_operator.py took 0.118 seconds
[2026-05-18T06:41:03.546+0000] {processor.py:186} INFO - Started process (PID=11679) to work on /home/noelsdavid/airflow_venv/lib/python3.12/site-packages/airflow/example_dags/example_short_circuit_operator.py
[2026-05-18T06:41:03.549+0000] {processor.py:914} INFO - Processing file /home/noelsdavid/airflow_venv/lib/python3.12/site-packages/airflow/example_dags/example_short_circuit_operator.py for tasks to queue
[2026-05-18T06:41:03.551+0000] {logging_mixin.py:190} INFO - [2026-05-18T06:41:03.550+0000] {dagbag.py:588} INFO - Filling up the DagBag from /home/noelsdavid/airflow_venv/lib/python3.12/site-packages/airflow/example_dags/example_short_circuit_operator.py
[2026-05-18T06:41:03.565+0000] {processor.py:925} INFO - DAG(s) 'example_short_circuit_operator' retrieved from /home/noelsdavid/airflow_venv/lib/python3.12/site-packages/airflow/example_dags/example_short_circuit_operator.py
[2026-05-18T06:41:03.592+0000] {logging_mixin.py:190} INFO - [2026-05-18T06:41:03.592+0000] {dag.py:3239} INFO - Sync 1 DAGs
[2026-05-18T06:41:03.613+0000] {logging_mixin.py:190} INFO - [2026-05-18T06:41:03.613+0000] {dag.py:4180} INFO - Setting next_dagrun for example_short_circuit_operator to None, run_after=None
[2026-05-18T06:41:03.654+0000] {processor.py:208} INFO - Processing /home/noelsdavid/airflow_venv/lib/python3.12/site-packages/airflow/example_dags/example_short_circuit_operator.py took 0.117 seconds
[2026-05-18T06:42:16.211+0000] {processor.py:186} INFO - Started process (PID=12371) to work on /home/noelsdavid/airflow_venv/lib/python3.12/site-packages/airflow/example_dags/example_short_circuit_operator.py
[2026-05-18T06:42:16.214+0000] {processor.py:914} INFO - Processing file /home/noelsdavid/airflow_venv/lib/python3.12/site-packages/airflow/example_dags/example_short_circuit_operator.py for tasks to queue
[2026-05-18T06:42:16.216+0000] {logging_mixin.py:190} INFO - [2026-05-18T06:42:16.215+0000] {dagbag.py:588} INFO - Filling up the DagBag from /home/noelsdavid/airflow_venv/lib/python3.12/site-packages/airflow/example_dags/example_short_circuit_operator.py
[2026-05-18T06:42:16.232+0000] {processor.py:925} INFO - DAG(s) 'example_short_circuit_operator' retrieved from /home/noelsdavid/airflow_venv/lib/python3.12/site-packages/airflow/example_dags/example_short_circuit_operator.py
[2026-05-18T06:42:16.282+0000] {logging_mixin.py:190} INFO - [2026-05-18T06:42:16.282+0000] {dag.py:3239} INFO - Sync 1 DAGs
[2026-05-18T06:42:16.320+0000] {logging_mixin.py:190} INFO - [2026-05-18T06:42:16.320+0000] {dag.py:4180} INFO - Setting next_dagrun for example_short_circuit_operator to None, run_after=None
[2026-05-18T06:42:16.380+0000] {processor.py:208} INFO - Processing /home/noelsdavid/airflow_venv/lib/python3.12/site-packages/airflow/example_dags/example_short_circuit_operator.py took 0.181 seconds
[2026-05-18T06:43:47.796+0000] {processor.py:186} INFO - Started process (PID=12963) to work on /home/noelsdavid/airflow_venv/lib/python3.12/site-packages/airflow/example_dags/example_short_circuit_operator.py
[2026-05-18T06:43:47.880+0000] {processor.py:914} INFO - Processing file /home/noelsdavid/airflow_venv/lib/python3.12/site-packages/airflow/example_dags/example_short_circuit_operator.py for tasks to queue
[2026-05-18T06:43:47.882+0000] {logging_mixin.py:190} INFO - [2026-05-18T06:43:47.881+0000] {dagbag.py:588} INFO - Filling up the DagBag from /home/noelsdavid/airflow_venv/lib/python3.12/site-packages/airflow/example_dags/example_short_circuit_operator.py
[2026-05-18T06:43:47.896+0000] {processor.py:925} INFO - DAG(s) 'example_short_circuit_operator' retrieved from /home/noelsdavid/airflow_venv/lib/python3.12/site-packages/airflow/example_dags/example_short_circuit_operator.py
[2026-05-18T06:43:47.930+0000] {logging_mixin.py:190} INFO - [2026-05-18T06:43:47.929+0000] {dag.py:3239} INFO - Sync 1 DAGs
[2026-05-18T06:43:47.952+0000] {logging_mixin.py:190} INFO - [2026-05-18T06:43:47.951+0000] {dag.py:4180} INFO - Setting next_dagrun for example_short_circuit_operator to None, run_after=None
[2026-05-18T06:43:47.990+0000] {processor.py:208} INFO - Processing /home/noelsdavid/airflow_venv/lib/python3.12/site-packages/airflow/example_dags/example_short_circuit_operator.py took 0.207 seconds
[2026-05-18T06:45:07.662+0000] {processor.py:186} INFO - Started process (PID=13084) to work on /home/noelsdavid/airflow_venv/lib/python3.12/site-packages/airflow/example_dags/example_short_circuit_operator.py
[2026-05-18T06:45:07.666+0000] {processor.py:914} INFO - Processing file /home/noelsdavid/airflow_venv/lib/python3.12/site-packages/airflow/example_dags/example_short_circuit_operator.py for tasks to queue
[2026-05-18T06:45:07.668+0000] {logging_mixin.py:190} INFO - [2026-05-18T06:45:07.667+0000] {dagbag.py:588} INFO - Filling up the DagBag from /home/noelsdavid/airflow_venv/lib/python3.12/site-packages/airflow/example_dags/example_short_circuit_operator.py
[2026-05-18T06:45:07.680+0000] {processor.py:925} INFO - DAG(s) 'example_short_circuit_operator' retrieved from /home/noelsdavid/airflow_venv/lib/python3.12/site-packages/airflow/example_dags/example_short_circuit_operator.py
[2026-05-18T06:45:07.709+0000] {logging_mixin.py:190} INFO - [2026-05-18T06:45:07.708+0000] {dag.py:3239} INFO - Sync 1 DAGs
[2026-05-18T06:45:07.730+0000] {logging_mixin.py:190} INFO - [2026-05-18T06:45:07.730+0000] {dag.py:4180} INFO - Setting next_dagrun for example_short_circuit_operator to None, run_after=None
[2026-05-18T06:45:07.773+0000] {processor.py:208} INFO - Processing /home/noelsdavid/airflow_venv/lib/python3.12/site-packages/airflow/example_dags/example_short_circuit_operator.py took 0.121 seconds
[2026-05-18T06:46:18.136+0000] {processor.py:186} INFO - Started process (PID=13186) to work on /home/noelsdavid/airflow_venv/lib/python3.12/site-packages/airflow/example_dags/example_short_circuit_operator.py
[2026-05-18T06:46:18.203+0000] {processor.py:914} INFO - Processing file /home/noelsdavid/airflow_venv/lib/python3.12/site-packages/airflow/example_dags/example_short_circuit_operator.py for tasks to queue
[2026-05-18T06:46:18.205+0000] {logging_mixin.py:190} INFO - [2026-05-18T06:46:18.204+0000] {dagbag.py:588} INFO - Filling up the DagBag from /home/noelsdavid/airflow_venv/lib/python3.12/site-packages/airflow/example_dags/example_short_circuit_operator.py
[2026-05-18T06:46:18.219+0000] {processor.py:925} INFO - DAG(s) 'example_short_circuit_operator' retrieved from /home/noelsdavid/airflow_venv/lib/python3.12/site-packages/airflow/example_dags/example_short_circuit_operator.py
[2026-05-18T06:46:18.251+0000] {logging_mixin.py:190} INFO - [2026-05-18T06:46:18.250+0000] {dag.py:3239} INFO - Sync 1 DAGs
[2026-05-18T06:46:18.270+0000] {logging_mixin.py:190} INFO - [2026-05-18T06:46:18.270+0000] {dag.py:4180} INFO - Setting next_dagrun for example_short_circuit_operator to None, run_after=None
[2026-05-18T06:46:18.322+0000] {processor.py:208} INFO - Processing /home/noelsdavid/airflow_venv/lib/python3.12/site-packages/airflow/example_dags/example_short_circuit_operator.py took 0.197 seconds
[2026-05-18T06:47:25.995+0000] {processor.py:186} INFO - Started process (PID=13262) to work on /home/noelsdavid/airflow_venv/lib/python3.12/site-packages/airflow/example_dags/example_short_circuit_operator.py
[2026-05-18T06:47:25.998+0000] {processor.py:914} INFO - Processing file /home/noelsdavid/airflow_venv/lib/python3.12/site-packages/airflow/example_dags/example_short_circuit_operator.py for tasks to queue
[2026-05-18T06:47:26.000+0000] {logging_mixin.py:190} INFO - [2026-05-18T06:47:25.999+0000] {dagbag.py:588} INFO - Filling up the DagBag from /home/noelsdavid/airflow_venv/lib/python3.12/site-packages/airflow/example_dags/example_short_circuit_operator.py
[2026-05-18T06:47:26.012+0000] {processor.py:925} INFO - DAG(s) 'example_short_circuit_operator' retrieved from /home/noelsdavid/airflow_venv/lib/python3.12/site-packages/airflow/example_dags/example_short_circuit_operator.py
[2026-05-18T06:47:26.040+0000] {logging_mixin.py:190} INFO - [2026-05-18T06:47:26.039+0000] {dag.py:3239} INFO - Sync 1 DAGs
[2026-05-18T06:47:26.057+0000] {logging_mixin.py:190} INFO - [2026-05-18T06:47:26.056+0000] {dag.py:4180} INFO - Setting next_dagrun for example_short_circuit_operator to None, run_after=None
[2026-05-18T06:47:26.089+0000] {processor.py:208} INFO - Processing /home/noelsdavid/airflow_venv/lib/python3.12/site-packages/airflow/example_dags/example_short_circuit_operator.py took 0.104 seconds
[2026-05-18T06:48:30.469+0000] {processor.py:186} INFO - Started process (PID=13334) to work on /home/noelsdavid/airflow_venv/lib/python3.12/site-packages/airflow/example_dags/example_short_circuit_operator.py
[2026-05-18T06:48:30.525+0000] {processor.py:914} INFO - Processing file /home/noelsdavid/airflow_venv/lib/python3.12/site-packages/airflow/example_dags/example_short_circuit_operator.py for tasks to queue
[2026-05-18T06:48:30.527+0000] {logging_mixin.py:190} INFO - [2026-05-18T06:48:30.526+0000] {dagbag.py:588} INFO - Filling up the DagBag from /home/noelsdavid/airflow_venv/lib/python3.12/site-packages/airflow/example_dags/example_short_circuit_operator.py
[2026-05-18T06:48:30.539+0000] {processor.py:925} INFO - DAG(s) 'example_short_circuit_operator' retrieved from /home/noelsdavid/airflow_venv/lib/python3.12/site-packages/airflow/example_dags/example_short_circuit_operator.py
[2026-05-18T06:48:30.563+0000] {logging_mixin.py:190} INFO - [2026-05-18T06:48:30.563+0000] {dag.py:3239} INFO - Sync 1 DAGs
[2026-05-18T06:48:30.581+0000] {logging_mixin.py:190} INFO - [2026-05-18T06:48:30.581+0000] {dag.py:4180} INFO - Setting next_dagrun for example_short_circuit_operator to None, run_after=None
[2026-05-18T06:48:30.611+0000] {processor.py:208} INFO - Processing /home/noelsdavid/airflow_venv/lib/python3.12/site-packages/airflow/example_dags/example_short_circuit_operator.py took 0.155 seconds
[2026-05-18T06:49:34.341+0000] {processor.py:186} INFO - Started process (PID=13406) to work on /home/noelsdavid/airflow_venv/lib/python3.12/site-packages/airflow/example_dags/example_short_circuit_operator.py
[2026-05-18T06:49:34.344+0000] {processor.py:914} INFO - Processing file /home/noelsdavid/airflow_venv/lib/python3.12/site-packages/airflow/example_dags/example_short_circuit_operator.py for tasks to queue
[2026-05-18T06:49:34.347+0000] {logging_mixin.py:190} INFO - [2026-05-18T06:49:34.346+0000] {dagbag.py:588} INFO - Filling up the DagBag from /home/noelsdavid/airflow_venv/lib/python3.12/site-packages/airflow/example_dags/example_short_circuit_operator.py
[2026-05-18T06:49:34.362+0000] {processor.py:925} INFO - DAG(s) 'example_short_circuit_operator' retrieved from /home/noelsdavid/airflow_venv/lib/python3.12/site-packages/airflow/example_dags/example_short_circuit_operator.py
[2026-05-18T06:49:34.389+0000] {logging_mixin.py:190} INFO - [2026-05-18T06:49:34.388+0000] {dag.py:3239} INFO - Sync 1 DAGs
[2026-05-18T06:49:34.408+0000] {logging_mixin.py:190} INFO - [2026-05-18T06:49:34.407+0000] {dag.py:4180} INFO - Setting next_dagrun for example_short_circuit_operator to None, run_after=None
[2026-05-18T06:49:34.439+0000] {processor.py:208} INFO - Processing /home/noelsdavid/airflow_venv/lib/python3.12/site-packages/airflow/example_dags/example_short_circuit_operator.py took 0.108 seconds
[2026-05-18T06:50:43.033+0000] {processor.py:186} INFO - Started process (PID=13988) to work on /home/noelsdavid/airflow_venv/lib/python3.12/site-packages/airflow/example_dags/example_short_circuit_operator.py
[2026-05-18T06:50:43.035+0000] {processor.py:914} INFO - Processing file /home/noelsdavid/airflow_venv/lib/python3.12/site-packages/airflow/example_dags/example_short_circuit_operator.py for tasks to queue
[2026-05-18T06:50:43.037+0000] {logging_mixin.py:190} INFO - [2026-05-18T06:50:43.037+0000] {dagbag.py:588} INFO - Filling up the DagBag from /home/noelsdavid/airflow_venv/lib/python3.12/site-packages/airflow/example_dags/example_short_circuit_operator.py
[2026-05-18T06:50:43.050+0000] {processor.py:925} INFO - DAG(s) 'example_short_circuit_operator' retrieved from /home/noelsdavid/airflow_venv/lib/python3.12/site-packages/airflow/example_dags/example_short_circuit_operator.py
[2026-05-18T06:50:43.079+0000] {logging_mixin.py:190} INFO - [2026-05-18T06:50:43.079+0000] {dag.py:3239} INFO - Sync 1 DAGs
[2026-05-18T06:50:43.097+0000] {logging_mixin.py:190} INFO - [2026-05-18T06:50:43.096+0000] {dag.py:4180} INFO - Setting next_dagrun for example_short_circuit_operator to None, run_after=None
[2026-05-18T06:50:43.126+0000] {processor.py:208} INFO - Processing /home/noelsdavid/airflow_venv/lib/python3.12/site-packages/airflow/example_dags/example_short_circuit_operator.py took 0.103 seconds
[2026-05-18T06:51:58.208+0000] {processor.py:186} INFO - Started process (PID=14345) to work on /home/noelsdavid/airflow_venv/lib/python3.12/site-packages/airflow/example_dags/example_short_circuit_operator.py
[2026-05-18T06:51:58.226+0000] {processor.py:914} INFO - Processing file /home/noelsdavid/airflow_venv/lib/python3.12/site-packages/airflow/example_dags/example_short_circuit_operator.py for tasks to queue
[2026-05-18T06:51:58.228+0000] {logging_mixin.py:190} INFO - [2026-05-18T06:51:58.228+0000] {dagbag.py:588} INFO - Filling up the DagBag from /home/noelsdavid/airflow_venv/lib/python3.12/site-packages/airflow/example_dags/example_short_circuit_operator.py
[2026-05-18T06:51:58.241+0000] {processor.py:925} INFO - DAG(s) 'example_short_circuit_operator' retrieved from /home/noelsdavid/airflow_venv/lib/python3.12/site-packages/airflow/example_dags/example_short_circuit_operator.py
[2026-05-18T06:51:58.268+0000] {logging_mixin.py:190} INFO - [2026-05-18T06:51:58.268+0000] {dag.py:3239} INFO - Sync 1 DAGs
[2026-05-18T06:51:58.286+0000] {logging_mixin.py:190} INFO - [2026-05-18T06:51:58.286+0000] {dag.py:4180} INFO - Setting next_dagrun for example_short_circuit_operator to None, run_after=None
[2026-05-18T06:51:58.316+0000] {processor.py:208} INFO - Processing /home/noelsdavid/airflow_venv/lib/python3.12/site-packages/airflow/example_dags/example_short_circuit_operator.py took 0.118 seconds
[2026-05-18T06:53:06.914+0000] {processor.py:186} INFO - Started process (PID=14583) to work on /home/noelsdavid/airflow_venv/lib/python3.12/site-packages/airflow/example_dags/example_short_circuit_operator.py
[2026-05-18T06:53:06.927+0000] {processor.py:914} INFO - Processing file /home/noelsdavid/airflow_venv/lib/python3.12/site-packages/airflow/example_dags/example_short_circuit_operator.py for tasks to queue
[2026-05-18T06:53:06.929+0000] {logging_mixin.py:190} INFO - [2026-05-18T06:53:06.929+0000] {dagbag.py:588} INFO - Filling up the DagBag from /home/noelsdavid/airflow_venv/lib/python3.12/site-packages/airflow/example_dags/example_short_circuit_operator.py
[2026-05-18T06:53:06.942+0000] {processor.py:925} INFO - DAG(s) 'example_short_circuit_operator' retrieved from /home/noelsdavid/airflow_venv/lib/python3.12/site-packages/airflow/example_dags/example_short_circuit_operator.py
[2026-05-18T06:53:06.969+0000] {logging_mixin.py:190} INFO - [2026-05-18T06:53:06.968+0000] {dag.py:3239} INFO - Sync 1 DAGs
[2026-05-18T06:53:06.986+0000] {logging_mixin.py:190} INFO - [2026-05-18T06:53:06.986+0000] {dag.py:4180} INFO - Setting next_dagrun for example_short_circuit_operator to None, run_after=None
[2026-05-18T06:53:07.018+0000] {processor.py:208} INFO - Processing /home/noelsdavid/airflow_venv/lib/python3.12/site-packages/airflow/example_dags/example_short_circuit_operator.py took 0.114 seconds
[2026-05-18T06:54:20.898+0000] {processor.py:186} INFO - Started process (PID=14952) to work on /home/noelsdavid/airflow_venv/lib/python3.12/site-packages/airflow/example_dags/example_short_circuit_operator.py
[2026-05-18T06:54:20.934+0000] {processor.py:914} INFO - Processing file /home/noelsdavid/airflow_venv/lib/python3.12/site-packages/airflow/example_dags/example_short_circuit_operator.py for tasks to queue
[2026-05-18T06:54:20.936+0000] {logging_mixin.py:190} INFO - [2026-05-18T06:54:20.935+0000] {dagbag.py:588} INFO - Filling up the DagBag from /home/noelsdavid/airflow_venv/lib/python3.12/site-packages/airflow/example_dags/example_short_circuit_operator.py
[2026-05-18T06:54:20.948+0000] {processor.py:925} INFO - DAG(s) 'example_short_circuit_operator' retrieved from /home/noelsdavid/airflow_venv/lib/python3.12/site-packages/airflow/example_dags/example_short_circuit_operator.py
[2026-05-18T06:54:20.973+0000] {logging_mixin.py:190} INFO - [2026-05-18T06:54:20.973+0000] {dag.py:3239} INFO - Sync 1 DAGs
[2026-05-18T06:54:20.992+0000] {logging_mixin.py:190} INFO - [2026-05-18T06:54:20.991+0000] {dag.py:4180} INFO - Setting next_dagrun for example_short_circuit_operator to None, run_after=None
[2026-05-18T06:54:21.026+0000] {processor.py:208} INFO - Processing /home/noelsdavid/airflow_venv/lib/python3.12/site-packages/airflow/example_dags/example_short_circuit_operator.py took 0.138 seconds
[2026-05-18T06:55:35.837+0000] {processor.py:186} INFO - Started process (PID=15149) to work on /home/noelsdavid/airflow_venv/lib/python3.12/site-packages/airflow/example_dags/example_short_circuit_operator.py
[2026-05-18T06:55:35.841+0000] {processor.py:914} INFO - Processing file /home/noelsdavid/airflow_venv/lib/python3.12/site-packages/airflow/example_dags/example_short_circuit_operator.py for tasks to queue
[2026-05-18T06:55:35.845+0000] {logging_mixin.py:190} INFO - [2026-05-18T06:55:35.844+0000] {dagbag.py:588} INFO - Filling up the DagBag from /home/noelsdavid/airflow_venv/lib/python3.12/site-packages/airflow/example_dags/example_short_circuit_operator.py
[2026-05-18T06:55:35.871+0000] {processor.py:925} INFO - DAG(s) 'example_short_circuit_operator' retrieved from /home/noelsdavid/airflow_venv/lib/python3.12/site-packages/airflow/example_dags/example_short_circuit_operator.py
[2026-05-18T06:55:35.921+0000] {logging_mixin.py:190} INFO - [2026-05-18T06:55:35.921+0000] {dag.py:3239} INFO - Sync 1 DAGs
[2026-05-18T06:55:35.947+0000] {logging_mixin.py:190} INFO - [2026-05-18T06:55:35.946+0000] {dag.py:4180} INFO - Setting next_dagrun for example_short_circuit_operator to None, run_after=None
[2026-05-18T06:55:35.980+0000] {processor.py:208} INFO - Processing /home/noelsdavid/airflow_venv/lib/python3.12/site-packages/airflow/example_dags/example_short_circuit_operator.py took 0.162 seconds
[2026-05-18T06:56:52.061+0000] {processor.py:186} INFO - Started process (PID=15427) to work on /home/noelsdavid/airflow_venv/lib/python3.12/site-packages/airflow/example_dags/example_short_circuit_operator.py
[2026-05-18T06:56:52.065+0000] {processor.py:914} INFO - Processing file /home/noelsdavid/airflow_venv/lib/python3.12/site-packages/airflow/example_dags/example_short_circuit_operator.py for tasks to queue
[2026-05-18T06:56:52.067+0000] {logging_mixin.py:190} INFO - [2026-05-18T06:56:52.067+0000] {dagbag.py:588} INFO - Filling up the DagBag from /home/noelsdavid/airflow_venv/lib/python3.12/site-packages/airflow/example_dags/example_short_circuit_operator.py
[2026-05-18T06:56:52.089+0000] {processor.py:925} INFO - DAG(s) 'example_short_circuit_operator' retrieved from /home/noelsdavid/airflow_venv/lib/python3.12/site-packages/airflow/example_dags/example_short_circuit_operator.py
[2026-05-18T06:56:52.123+0000] {logging_mixin.py:190} INFO - [2026-05-18T06:56:52.122+0000] {dag.py:3239} INFO - Sync 1 DAGs
[2026-05-18T06:56:52.143+0000] {logging_mixin.py:190} INFO - [2026-05-18T06:56:52.142+0000] {dag.py:4180} INFO - Setting next_dagrun for example_short_circuit_operator to None, run_after=None
[2026-05-18T06:56:52.190+0000] {processor.py:208} INFO - Processing /home/noelsdavid/airflow_venv/lib/python3.12/site-packages/airflow/example_dags/example_short_circuit_operator.py took 0.143 seconds
[2026-05-18T06:58:10.249+0000] {processor.py:186} INFO - Started process (PID=15659) to work on /home/noelsdavid/airflow_venv/lib/python3.12/site-packages/airflow/example_dags/example_short_circuit_operator.py
[2026-05-18T06:58:10.251+0000] {processor.py:914} INFO - Processing file /home/noelsdavid/airflow_venv/lib/python3.12/site-packages/airflow/example_dags/example_short_circuit_operator.py for tasks to queue
[2026-05-18T06:58:10.253+0000] {logging_mixin.py:190} INFO - [2026-05-18T06:58:10.252+0000] {dagbag.py:588} INFO - Filling up the DagBag from /home/noelsdavid/airflow_venv/lib/python3.12/site-packages/airflow/example_dags/example_short_circuit_operator.py
[2026-05-18T06:58:10.266+0000] {processor.py:925} INFO - DAG(s) 'example_short_circuit_operator' retrieved from /home/noelsdavid/airflow_venv/lib/python3.12/site-packages/airflow/example_dags/example_short_circuit_operator.py
[2026-05-18T06:58:10.291+0000] {logging_mixin.py:190} INFO - [2026-05-18T06:58:10.291+0000] {dag.py:3239} INFO - Sync 1 DAGs
[2026-05-18T06:58:10.309+0000] {logging_mixin.py:190} INFO - [2026-05-18T06:58:10.309+0000] {dag.py:4180} INFO - Setting next_dagrun for example_short_circuit_operator to None, run_after=None
[2026-05-18T06:58:10.339+0000] {processor.py:208} INFO - Processing /home/noelsdavid/airflow_venv/lib/python3.12/site-packages/airflow/example_dags/example_short_circuit_operator.py took 0.100 seconds
[2026-05-18T06:59:26.005+0000] {processor.py:186} INFO - Started process (PID=15852) to work on /home/noelsdavid/airflow_venv/lib/python3.12/site-packages/airflow/example_dags/example_short_circuit_operator.py
[2026-05-18T06:59:26.021+0000] {processor.py:914} INFO - Processing file /home/noelsdavid/airflow_venv/lib/python3.12/site-packages/airflow/example_dags/example_short_circuit_operator.py for tasks to queue
[2026-05-18T06:59:26.023+0000] {logging_mixin.py:190} INFO - [2026-05-18T06:59:26.023+0000] {dagbag.py:588} INFO - Filling up the DagBag from /home/noelsdavid/airflow_venv/lib/python3.12/site-packages/airflow/example_dags/example_short_circuit_operator.py
[2026-05-18T06:59:26.036+0000] {processor.py:925} INFO - DAG(s) 'example_short_circuit_operator' retrieved from /home/noelsdavid/airflow_venv/lib/python3.12/site-packages/airflow/example_dags/example_short_circuit_operator.py
[2026-05-18T06:59:26.064+0000] {logging_mixin.py:190} INFO - [2026-05-18T06:59:26.064+0000] {dag.py:3239} INFO - Sync 1 DAGs
[2026-05-18T06:59:26.083+0000] {logging_mixin.py:190} INFO - [2026-05-18T06:59:26.082+0000] {dag.py:4180} INFO - Setting next_dagrun for example_short_circuit_operator to None, run_after=None
[2026-05-18T06:59:26.116+0000] {processor.py:208} INFO - Processing /home/noelsdavid/airflow_venv/lib/python3.12/site-packages/airflow/example_dags/example_short_circuit_operator.py took 0.122 seconds
[2026-05-18T07:00:47.416+0000] {processor.py:186} INFO - Started process (PID=16222) to work on /home/noelsdavid/airflow_venv/lib/python3.12/site-packages/airflow/example_dags/example_short_circuit_operator.py
[2026-05-18T07:00:47.427+0000] {processor.py:914} INFO - Processing file /home/noelsdavid/airflow_venv/lib/python3.12/site-packages/airflow/example_dags/example_short_circuit_operator.py for tasks to queue
[2026-05-18T07:00:47.429+0000] {logging_mixin.py:190} INFO - [2026-05-18T07:00:47.429+0000] {dagbag.py:588} INFO - Filling up the DagBag from /home/noelsdavid/airflow_venv/lib/python3.12/site-packages/airflow/example_dags/example_short_circuit_operator.py
[2026-05-18T07:00:47.442+0000] {processor.py:925} INFO - DAG(s) 'example_short_circuit_operator' retrieved from /home/noelsdavid/airflow_venv/lib/python3.12/site-packages/airflow/example_dags/example_short_circuit_operator.py
[2026-05-18T07:00:47.467+0000] {logging_mixin.py:190} INFO - [2026-05-18T07:00:47.467+0000] {dag.py:3239} INFO - Sync 1 DAGs
[2026-05-18T07:00:47.484+0000] {logging_mixin.py:190} INFO - [2026-05-18T07:00:47.484+0000] {dag.py:4180} INFO - Setting next_dagrun for example_short_circuit_operator to None, run_after=None
[2026-05-18T07:00:47.513+0000] {processor.py:208} INFO - Processing /home/noelsdavid/airflow_venv/lib/python3.12/site-packages/airflow/example_dags/example_short_circuit_operator.py took 0.108 seconds
[2026-05-18T07:02:01.062+0000] {processor.py:186} INFO - Started process (PID=16449) to work on /home/noelsdavid/airflow_venv/lib/python3.12/site-packages/airflow/example_dags/example_short_circuit_operator.py
[2026-05-18T07:02:01.064+0000] {processor.py:914} INFO - Processing file /home/noelsdavid/airflow_venv/lib/python3.12/site-packages/airflow/example_dags/example_short_circuit_operator.py for tasks to queue
[2026-05-18T07:02:01.066+0000] {logging_mixin.py:190} INFO - [2026-05-18T07:02:01.066+0000] {dagbag.py:588} INFO - Filling up the DagBag from /home/noelsdavid/airflow_venv/lib/python3.12/site-packages/airflow/example_dags/example_short_circuit_operator.py
[2026-05-18T07:02:01.079+0000] {processor.py:925} INFO - DAG(s) 'example_short_circuit_operator' retrieved from /home/noelsdavid/airflow_venv/lib/python3.12/site-packages/airflow/example_dags/example_short_circuit_operator.py
[2026-05-18T07:02:01.109+0000] {logging_mixin.py:190} INFO - [2026-05-18T07:02:01.108+0000] {dag.py:3239} INFO - Sync 1 DAGs
[2026-05-18T07:02:01.127+0000] {logging_mixin.py:190} INFO - [2026-05-18T07:02:01.127+0000] {dag.py:4180} INFO - Setting next_dagrun for example_short_circuit_operator to None, run_after=None
[2026-05-18T07:02:01.159+0000] {processor.py:208} INFO - Processing /home/noelsdavid/airflow_venv/lib/python3.12/site-packages/airflow/example_dags/example_short_circuit_operator.py took 0.108 seconds
[2026-05-18T07:03:13.445+0000] {processor.py:186} INFO - Started process (PID=16527) to work on /home/noelsdavid/airflow_venv/lib/python3.12/site-packages/airflow/example_dags/example_short_circuit_operator.py
[2026-05-18T07:03:13.453+0000] {processor.py:914} INFO - Processing file /home/noelsdavid/airflow_venv/lib/python3.12/site-packages/airflow/example_dags/example_short_circuit_operator.py for tasks to queue
[2026-05-18T07:03:13.455+0000] {logging_mixin.py:190} INFO - [2026-05-18T07:03:13.454+0000] {dagbag.py:588} INFO - Filling up the DagBag from /home/noelsdavid/airflow_venv/lib/python3.12/site-packages/airflow/example_dags/example_short_circuit_operator.py
[2026-05-18T07:03:13.467+0000] {processor.py:925} INFO - DAG(s) 'example_short_circuit_operator' retrieved from /home/noelsdavid/airflow_venv/lib/python3.12/site-packages/airflow/example_dags/example_short_circuit_operator.py
[2026-05-18T07:03:13.494+0000] {logging_mixin.py:190} INFO - [2026-05-18T07:03:13.493+0000] {dag.py:3239} INFO - Sync 1 DAGs
[2026-05-18T07:03:13.512+0000] {logging_mixin.py:190} INFO - [2026-05-18T07:03:13.511+0000] {dag.py:4180} INFO - Setting next_dagrun for example_short_circuit_operator to None, run_after=None
[2026-05-18T07:03:13.543+0000] {processor.py:208} INFO - Processing /home/noelsdavid/airflow_venv/lib/python3.12/site-packages/airflow/example_dags/example_short_circuit_operator.py took 0.108 seconds
[2026-05-18T07:04:20.533+0000] {processor.py:186} INFO - Started process (PID=16604) to work on /home/noelsdavid/airflow_venv/lib/python3.12/site-packages/airflow/example_dags/example_short_circuit_operator.py
[2026-05-18T07:04:20.536+0000] {processor.py:914} INFO - Processing file /home/noelsdavid/airflow_venv/lib/python3.12/site-packages/airflow/example_dags/example_short_circuit_operator.py for tasks to queue
[2026-05-18T07:04:20.538+0000] {logging_mixin.py:190} INFO - [2026-05-18T07:04:20.537+0000] {dagbag.py:588} INFO - Filling up the DagBag from /home/noelsdavid/airflow_venv/lib/python3.12/site-packages/airflow/example_dags/example_short_circuit_operator.py
[2026-05-18T07:04:20.550+0000] {processor.py:925} INFO - DAG(s) 'example_short_circuit_operator' retrieved from /home/noelsdavid/airflow_venv/lib/python3.12/site-packages/airflow/example_dags/example_short_circuit_operator.py
[2026-05-18T07:04:20.576+0000] {logging_mixin.py:190} INFO - [2026-05-18T07:04:20.576+0000] {dag.py:3239} INFO - Sync 1 DAGs
[2026-05-18T07:04:20.593+0000] {logging_mixin.py:190} INFO - [2026-05-18T07:04:20.593+0000] {dag.py:4180} INFO - Setting next_dagrun for example_short_circuit_operator to None, run_after=None
[2026-05-18T07:04:20.625+0000] {processor.py:208} INFO - Processing /home/noelsdavid/airflow_venv/lib/python3.12/site-packages/airflow/example_dags/example_short_circuit_operator.py took 0.102 seconds
[2026-05-18T07:05:34.292+0000] {processor.py:186} INFO - Started process (PID=16707) to work on /home/noelsdavid/airflow_venv/lib/python3.12/site-packages/airflow/example_dags/example_short_circuit_operator.py
[2026-05-18T07:05:34.295+0000] {processor.py:914} INFO - Processing file /home/noelsdavid/airflow_venv/lib/python3.12/site-packages/airflow/example_dags/example_short_circuit_operator.py for tasks to queue
[2026-05-18T07:05:34.297+0000] {logging_mixin.py:190} INFO - [2026-05-18T07:05:34.296+0000] {dagbag.py:588} INFO - Filling up the DagBag from /home/noelsdavid/airflow_venv/lib/python3.12/site-packages/airflow/example_dags/example_short_circuit_operator.py
[2026-05-18T07:05:34.309+0000] {processor.py:925} INFO - DAG(s) 'example_short_circuit_operator' retrieved from /home/noelsdavid/airflow_venv/lib/python3.12/site-packages/airflow/example_dags/example_short_circuit_operator.py
[2026-05-18T07:05:34.338+0000] {logging_mixin.py:190} INFO - [2026-05-18T07:05:34.338+0000] {dag.py:3239} INFO - Sync 1 DAGs
[2026-05-18T07:05:34.359+0000] {logging_mixin.py:190} INFO - [2026-05-18T07:05:34.359+0000] {dag.py:4180} INFO - Setting next_dagrun for example_short_circuit_operator to None, run_after=None
[2026-05-18T07:05:34.399+0000] {processor.py:208} INFO - Processing /home/noelsdavid/airflow_venv/lib/python3.12/site-packages/airflow/example_dags/example_short_circuit_operator.py took 0.118 seconds
[2026-05-18T07:06:54.617+0000] {processor.py:186} INFO - Started process (PID=16788) to work on /home/noelsdavid/airflow_venv/lib/python3.12/site-packages/airflow/example_dags/example_short_circuit_operator.py
[2026-05-18T07:06:54.620+0000] {processor.py:914} INFO - Processing file /home/noelsdavid/airflow_venv/lib/python3.12/site-packages/airflow/example_dags/example_short_circuit_operator.py for tasks to queue
[2026-05-18T07:06:54.622+0000] {logging_mixin.py:190} INFO - [2026-05-18T07:06:54.622+0000] {dagbag.py:588} INFO - Filling up the DagBag from /home/noelsdavid/airflow_venv/lib/python3.12/site-packages/airflow/example_dags/example_short_circuit_operator.py
[2026-05-18T07:06:54.637+0000] {processor.py:925} INFO - DAG(s) 'example_short_circuit_operator' retrieved from /home/noelsdavid/airflow_venv/lib/python3.12/site-packages/airflow/example_dags/example_short_circuit_operator.py
[2026-05-18T07:06:54.666+0000] {logging_mixin.py:190} INFO - [2026-05-18T07:06:54.666+0000] {dag.py:3239} INFO - Sync 1 DAGs
[2026-05-18T07:06:54.686+0000] {logging_mixin.py:190} INFO - [2026-05-18T07:06:54.686+0000] {dag.py:4180} INFO - Setting next_dagrun for example_short_circuit_operator to None, run_after=None
[2026-05-18T07:06:54.720+0000] {processor.py:208} INFO - Processing /home/noelsdavid/airflow_venv/lib/python3.12/site-packages/airflow/example_dags/example_short_circuit_operator.py took 0.114 seconds
[2026-05-18T07:08:13.307+0000] {processor.py:186} INFO - Started process (PID=16870) to work on /home/noelsdavid/airflow_venv/lib/python3.12/site-packages/airflow/example_dags/example_short_circuit_operator.py
[2026-05-18T07:08:13.311+0000] {processor.py:914} INFO - Processing file /home/noelsdavid/airflow_venv/lib/python3.12/site-packages/airflow/example_dags/example_short_circuit_operator.py for tasks to queue
[2026-05-18T07:08:13.313+0000] {logging_mixin.py:190} INFO - [2026-05-18T07:08:13.312+0000] {dagbag.py:588} INFO - Filling up the DagBag from /home/noelsdavid/airflow_venv/lib/python3.12/site-packages/airflow/example_dags/example_short_circuit_operator.py
[2026-05-18T07:08:13.327+0000] {processor.py:925} INFO - DAG(s) 'example_short_circuit_operator' retrieved from /home/noelsdavid/airflow_venv/lib/python3.12/site-packages/airflow/example_dags/example_short_circuit_operator.py
[2026-05-18T07:08:13.358+0000] {logging_mixin.py:190} INFO - [2026-05-18T07:08:13.358+0000] {dag.py:3239} INFO - Sync 1 DAGs
[2026-05-18T07:08:13.377+0000] {logging_mixin.py:190} INFO - [2026-05-18T07:08:13.377+0000] {dag.py:4180} INFO - Setting next_dagrun for example_short_circuit_operator to None, run_after=None
[2026-05-18T07:08:13.413+0000] {processor.py:208} INFO - Processing /home/noelsdavid/airflow_venv/lib/python3.12/site-packages/airflow/example_dags/example_short_circuit_operator.py took 0.117 seconds
[2026-05-18T07:09:37.569+0000] {processor.py:186} INFO - Started process (PID=16953) to work on /home/noelsdavid/airflow_venv/lib/python3.12/site-packages/airflow/example_dags/example_short_circuit_operator.py
[2026-05-18T07:09:37.595+0000] {processor.py:914} INFO - Processing file /home/noelsdavid/airflow_venv/lib/python3.12/site-packages/airflow/example_dags/example_short_circuit_operator.py for tasks to queue
[2026-05-18T07:09:37.597+0000] {logging_mixin.py:190} INFO - [2026-05-18T07:09:37.596+0000] {dagbag.py:588} INFO - Filling up the DagBag from /home/noelsdavid/airflow_venv/lib/python3.12/site-packages/airflow/example_dags/example_short_circuit_operator.py
[2026-05-18T07:09:37.610+0000] {processor.py:925} INFO - DAG(s) 'example_short_circuit_operator' retrieved from /home/noelsdavid/airflow_venv/lib/python3.12/site-packages/airflow/example_dags/example_short_circuit_operator.py
[2026-05-18T07:09:37.637+0000] {logging_mixin.py:190} INFO - [2026-05-18T07:09:37.637+0000] {dag.py:3239} INFO - Sync 1 DAGs
[2026-05-18T07:09:37.657+0000] {logging_mixin.py:190} INFO - [2026-05-18T07:09:37.657+0000] {dag.py:4180} INFO - Setting next_dagrun for example_short_circuit_operator to None, run_after=None
[2026-05-18T07:09:37.690+0000] {processor.py:208} INFO - Processing /home/noelsdavid/airflow_venv/lib/python3.12/site-packages/airflow/example_dags/example_short_circuit_operator.py took 0.132 seconds
[2026-05-18T07:10:55.026+0000] {processor.py:186} INFO - Started process (PID=17060) to work on /home/noelsdavid/airflow_venv/lib/python3.12/site-packages/airflow/example_dags/example_short_circuit_operator.py
[2026-05-18T07:10:55.029+0000] {processor.py:914} INFO - Processing file /home/noelsdavid/airflow_venv/lib/python3.12/site-packages/airflow/example_dags/example_short_circuit_operator.py for tasks to queue
[2026-05-18T07:10:55.030+0000] {logging_mixin.py:190} INFO - [2026-05-18T07:10:55.030+0000] {dagbag.py:588} INFO - Filling up the DagBag from /home/noelsdavid/airflow_venv/lib/python3.12/site-packages/airflow/example_dags/example_short_circuit_operator.py
[2026-05-18T07:10:55.043+0000] {processor.py:925} INFO - DAG(s) 'example_short_circuit_operator' retrieved from /home/noelsdavid/airflow_venv/lib/python3.12/site-packages/airflow/example_dags/example_short_circuit_operator.py
[2026-05-18T07:10:55.069+0000] {logging_mixin.py:190} INFO - [2026-05-18T07:10:55.068+0000] {dag.py:3239} INFO - Sync 1 DAGs
[2026-05-18T07:10:55.086+0000] {logging_mixin.py:190} INFO - [2026-05-18T07:10:55.086+0000] {dag.py:4180} INFO - Setting next_dagrun for example_short_circuit_operator to None, run_after=None
[2026-05-18T07:10:55.119+0000] {processor.py:208} INFO - Processing /home/noelsdavid/airflow_venv/lib/python3.12/site-packages/airflow/example_dags/example_short_circuit_operator.py took 0.103 seconds
[2026-05-18T07:12:08.181+0000] {processor.py:186} INFO - Started process (PID=17139) to work on /home/noelsdavid/airflow_venv/lib/python3.12/site-packages/airflow/example_dags/example_short_circuit_operator.py
[2026-05-18T07:12:08.212+0000] {processor.py:914} INFO - Processing file /home/noelsdavid/airflow_venv/lib/python3.12/site-packages/airflow/example_dags/example_short_circuit_operator.py for tasks to queue
[2026-05-18T07:12:08.214+0000] {logging_mixin.py:190} INFO - [2026-05-18T07:12:08.214+0000] {dagbag.py:588} INFO - Filling up the DagBag from /home/noelsdavid/airflow_venv/lib/python3.12/site-packages/airflow/example_dags/example_short_circuit_operator.py
[2026-05-18T07:12:08.230+0000] {processor.py:925} INFO - DAG(s) 'example_short_circuit_operator' retrieved from /home/noelsdavid/airflow_venv/lib/python3.12/site-packages/airflow/example_dags/example_short_circuit_operator.py
[2026-05-18T07:12:08.257+0000] {logging_mixin.py:190} INFO - [2026-05-18T07:12:08.257+0000] {dag.py:3239} INFO - Sync 1 DAGs
[2026-05-18T07:12:08.276+0000] {logging_mixin.py:190} INFO - [2026-05-18T07:12:08.276+0000] {dag.py:4180} INFO - Setting next_dagrun for example_short_circuit_operator to None, run_after=None
[2026-05-18T07:12:08.310+0000] {processor.py:208} INFO - Processing /home/noelsdavid/airflow_venv/lib/python3.12/site-packages/airflow/example_dags/example_short_circuit_operator.py took 0.139 seconds
[2026-05-18T07:13:25.161+0000] {processor.py:186} INFO - Started process (PID=17220) to work on /home/noelsdavid/airflow_venv/lib/python3.12/site-packages/airflow/example_dags/example_short_circuit_operator.py
[2026-05-18T07:13:25.184+0000] {processor.py:914} INFO - Processing file /home/noelsdavid/airflow_venv/lib/python3.12/site-packages/airflow/example_dags/example_short_circuit_operator.py for tasks to queue
[2026-05-18T07:13:25.186+0000] {logging_mixin.py:190} INFO - [2026-05-18T07:13:25.186+0000] {dagbag.py:588} INFO - Filling up the DagBag from /home/noelsdavid/airflow_venv/lib/python3.12/site-packages/airflow/example_dags/example_short_circuit_operator.py
[2026-05-18T07:13:25.200+0000] {processor.py:925} INFO - DAG(s) 'example_short_circuit_operator' retrieved from /home/noelsdavid/airflow_venv/lib/python3.12/site-packages/airflow/example_dags/example_short_circuit_operator.py
[2026-05-18T07:13:25.229+0000] {logging_mixin.py:190} INFO - [2026-05-18T07:13:25.228+0000] {dag.py:3239} INFO - Sync 1 DAGs
[2026-05-18T07:13:25.248+0000] {logging_mixin.py:190} INFO - [2026-05-18T07:13:25.247+0000] {dag.py:4180} INFO - Setting next_dagrun for example_short_circuit_operator to None, run_after=None
[2026-05-18T07:13:25.281+0000] {processor.py:208} INFO - Processing /home/noelsdavid/airflow_venv/lib/python3.12/site-packages/airflow/example_dags/example_short_circuit_operator.py took 0.130 seconds
[2026-05-18T07:14:34.607+0000] {processor.py:186} INFO - Started process (PID=17297) to work on /home/noelsdavid/airflow_venv/lib/python3.12/site-packages/airflow/example_dags/example_short_circuit_operator.py
[2026-05-18T07:14:34.622+0000] {processor.py:914} INFO - Processing file /home/noelsdavid/airflow_venv/lib/python3.12/site-packages/airflow/example_dags/example_short_circuit_operator.py for tasks to queue
[2026-05-18T07:14:34.624+0000] {logging_mixin.py:190} INFO - [2026-05-18T07:14:34.624+0000] {dagbag.py:588} INFO - Filling up the DagBag from /home/noelsdavid/airflow_venv/lib/python3.12/site-packages/airflow/example_dags/example_short_circuit_operator.py
[2026-05-18T07:14:34.638+0000] {processor.py:925} INFO - DAG(s) 'example_short_circuit_operator' retrieved from /home/noelsdavid/airflow_venv/lib/python3.12/site-packages/airflow/example_dags/example_short_circuit_operator.py
[2026-05-18T07:14:34.665+0000] {logging_mixin.py:190} INFO - [2026-05-18T07:14:34.664+0000] {dag.py:3239} INFO - Sync 1 DAGs
[2026-05-18T07:14:34.683+0000] {logging_mixin.py:190} INFO - [2026-05-18T07:14:34.683+0000] {dag.py:4180} INFO - Setting next_dagrun for example_short_circuit_operator to None, run_after=None
[2026-05-18T07:14:34.717+0000] {processor.py:208} INFO - Processing /home/noelsdavid/airflow_venv/lib/python3.12/site-packages/airflow/example_dags/example_short_circuit_operator.py took 0.120 seconds
[2026-05-18T07:15:46.597+0000] {processor.py:186} INFO - Started process (PID=17399) to work on /home/noelsdavid/airflow_venv/lib/python3.12/site-packages/airflow/example_dags/example_short_circuit_operator.py
[2026-05-18T07:15:46.600+0000] {processor.py:914} INFO - Processing file /home/noelsdavid/airflow_venv/lib/python3.12/site-packages/airflow/example_dags/example_short_circuit_operator.py for tasks to queue
[2026-05-18T07:15:46.602+0000] {logging_mixin.py:190} INFO - [2026-05-18T07:15:46.601+0000] {dagbag.py:588} INFO - Filling up the DagBag from /home/noelsdavid/airflow_venv/lib/python3.12/site-packages/airflow/example_dags/example_short_circuit_operator.py
[2026-05-18T07:15:46.615+0000] {processor.py:925} INFO - DAG(s) 'example_short_circuit_operator' retrieved from /home/noelsdavid/airflow_venv/lib/python3.12/site-packages/airflow/example_dags/example_short_circuit_operator.py
[2026-05-18T07:15:46.643+0000] {logging_mixin.py:190} INFO - [2026-05-18T07:15:46.642+0000] {dag.py:3239} INFO - Sync 1 DAGs
[2026-05-18T07:15:46.663+0000] {logging_mixin.py:190} INFO - [2026-05-18T07:15:46.662+0000] {dag.py:4180} INFO - Setting next_dagrun for example_short_circuit_operator to None, run_after=None
[2026-05-18T07:15:46.698+0000] {processor.py:208} INFO - Processing /home/noelsdavid/airflow_venv/lib/python3.12/site-packages/airflow/example_dags/example_short_circuit_operator.py took 0.111 seconds
[2026-05-18T07:17:09.657+0000] {processor.py:186} INFO - Started process (PID=17482) to work on /home/noelsdavid/airflow_venv/lib/python3.12/site-packages/airflow/example_dags/example_short_circuit_operator.py
[2026-05-18T07:17:09.659+0000] {processor.py:914} INFO - Processing file /home/noelsdavid/airflow_venv/lib/python3.12/site-packages/airflow/example_dags/example_short_circuit_operator.py for tasks to queue
[2026-05-18T07:17:09.661+0000] {logging_mixin.py:190} INFO - [2026-05-18T07:17:09.661+0000] {dagbag.py:588} INFO - Filling up the DagBag from /home/noelsdavid/airflow_venv/lib/python3.12/site-packages/airflow/example_dags/example_short_circuit_operator.py
[2026-05-18T07:17:09.676+0000] {processor.py:925} INFO - DAG(s) 'example_short_circuit_operator' retrieved from /home/noelsdavid/airflow_venv/lib/python3.12/site-packages/airflow/example_dags/example_short_circuit_operator.py
[2026-05-18T07:17:09.703+0000] {logging_mixin.py:190} INFO - [2026-05-18T07:17:09.702+0000] {dag.py:3239} INFO - Sync 1 DAGs
[2026-05-18T07:17:09.721+0000] {logging_mixin.py:190} INFO - [2026-05-18T07:17:09.721+0000] {dag.py:4180} INFO - Setting next_dagrun for example_short_circuit_operator to None, run_after=None
[2026-05-18T07:17:09.752+0000] {processor.py:208} INFO - Processing /home/noelsdavid/airflow_venv/lib/python3.12/site-packages/airflow/example_dags/example_short_circuit_operator.py took 0.105 seconds
[2026-05-18T07:18:18.322+0000] {processor.py:186} INFO - Started process (PID=17561) to work on /home/noelsdavid/airflow_venv/lib/python3.12/site-packages/airflow/example_dags/example_short_circuit_operator.py
[2026-05-18T07:18:18.325+0000] {processor.py:914} INFO - Processing file /home/noelsdavid/airflow_venv/lib/python3.12/site-packages/airflow/example_dags/example_short_circuit_operator.py for tasks to queue
[2026-05-18T07:18:18.327+0000] {logging_mixin.py:190} INFO - [2026-05-18T07:18:18.327+0000] {dagbag.py:588} INFO - Filling up the DagBag from /home/noelsdavid/airflow_venv/lib/python3.12/site-packages/airflow/example_dags/example_short_circuit_operator.py
[2026-05-18T07:18:18.341+0000] {processor.py:925} INFO - DAG(s) 'example_short_circuit_operator' retrieved from /home/noelsdavid/airflow_venv/lib/python3.12/site-packages/airflow/example_dags/example_short_circuit_operator.py
[2026-05-18T07:18:18.367+0000] {logging_mixin.py:190} INFO - [2026-05-18T07:18:18.367+0000] {dag.py:3239} INFO - Sync 1 DAGs
[2026-05-18T07:18:18.385+0000] {logging_mixin.py:190} INFO - [2026-05-18T07:18:18.385+0000] {dag.py:4180} INFO - Setting next_dagrun for example_short_circuit_operator to None, run_after=None
[2026-05-18T07:18:18.418+0000] {processor.py:208} INFO - Processing /home/noelsdavid/airflow_venv/lib/python3.12/site-packages/airflow/example_dags/example_short_circuit_operator.py took 0.106 seconds
[2026-05-18T07:19:26.896+0000] {processor.py:186} INFO - Started process (PID=17637) to work on /home/noelsdavid/airflow_venv/lib/python3.12/site-packages/airflow/example_dags/example_short_circuit_operator.py
[2026-05-18T07:19:26.898+0000] {processor.py:914} INFO - Processing file /home/noelsdavid/airflow_venv/lib/python3.12/site-packages/airflow/example_dags/example_short_circuit_operator.py for tasks to queue
[2026-05-18T07:19:26.900+0000] {logging_mixin.py:190} INFO - [2026-05-18T07:19:26.899+0000] {dagbag.py:588} INFO - Filling up the DagBag from /home/noelsdavid/airflow_venv/lib/python3.12/site-packages/airflow/example_dags/example_short_circuit_operator.py
[2026-05-18T07:19:26.913+0000] {processor.py:925} INFO - DAG(s) 'example_short_circuit_operator' retrieved from /home/noelsdavid/airflow_venv/lib/python3.12/site-packages/airflow/example_dags/example_short_circuit_operator.py
[2026-05-18T07:19:26.938+0000] {logging_mixin.py:190} INFO - [2026-05-18T07:19:26.938+0000] {dag.py:3239} INFO - Sync 1 DAGs
[2026-05-18T07:19:26.956+0000] {logging_mixin.py:190} INFO - [2026-05-18T07:19:26.955+0000] {dag.py:4180} INFO - Setting next_dagrun for example_short_circuit_operator to None, run_after=None
[2026-05-18T07:19:26.987+0000] {processor.py:208} INFO - Processing /home/noelsdavid/airflow_venv/lib/python3.12/site-packages/airflow/example_dags/example_short_circuit_operator.py took 0.102 seconds
[2026-05-18T07:20:38.732+0000] {processor.py:186} INFO - Started process (PID=17739) to work on /home/noelsdavid/airflow_venv/lib/python3.12/site-packages/airflow/example_dags/example_short_circuit_operator.py
[2026-05-18T07:20:38.735+0000] {processor.py:914} INFO - Processing file /home/noelsdavid/airflow_venv/lib/python3.12/site-packages/airflow/example_dags/example_short_circuit_operator.py for tasks to queue
[2026-05-18T07:20:38.737+0000] {logging_mixin.py:190} INFO - [2026-05-18T07:20:38.736+0000] {dagbag.py:588} INFO - Filling up the DagBag from /home/noelsdavid/airflow_venv/lib/python3.12/site-packages/airflow/example_dags/example_short_circuit_operator.py
[2026-05-18T07:20:38.750+0000] {processor.py:925} INFO - DAG(s) 'example_short_circuit_operator' retrieved from /home/noelsdavid/airflow_venv/lib/python3.12/site-packages/airflow/example_dags/example_short_circuit_operator.py
[2026-05-18T07:20:38.777+0000] {logging_mixin.py:190} INFO - [2026-05-18T07:20:38.776+0000] {dag.py:3239} INFO - Sync 1 DAGs
[2026-05-18T07:20:38.795+0000] {logging_mixin.py:190} INFO - [2026-05-18T07:20:38.795+0000] {dag.py:4180} INFO - Setting next_dagrun for example_short_circuit_operator to None, run_after=None
[2026-05-18T07:20:38.828+0000] {processor.py:208} INFO - Processing /home/noelsdavid/airflow_venv/lib/python3.12/site-packages/airflow/example_dags/example_short_circuit_operator.py took 0.106 seconds
[2026-05-18T07:21:48.769+0000] {processor.py:186} INFO - Started process (PID=17821) to work on /home/noelsdavid/airflow_venv/lib/python3.12/site-packages/airflow/example_dags/example_short_circuit_operator.py
[2026-05-18T07:21:48.772+0000] {processor.py:914} INFO - Processing file /home/noelsdavid/airflow_venv/lib/python3.12/site-packages/airflow/example_dags/example_short_circuit_operator.py for tasks to queue
[2026-05-18T07:21:48.774+0000] {logging_mixin.py:190} INFO - [2026-05-18T07:21:48.773+0000] {dagbag.py:588} INFO - Filling up the DagBag from /home/noelsdavid/airflow_venv/lib/python3.12/site-packages/airflow/example_dags/example_short_circuit_operator.py
[2026-05-18T07:21:48.789+0000] {processor.py:925} INFO - DAG(s) 'example_short_circuit_operator' retrieved from /home/noelsdavid/airflow_venv/lib/python3.12/site-packages/airflow/example_dags/example_short_circuit_operator.py
[2026-05-18T07:21:48.815+0000] {logging_mixin.py:190} INFO - [2026-05-18T07:21:48.815+0000] {dag.py:3239} INFO - Sync 1 DAGs
[2026-05-18T07:21:48.833+0000] {logging_mixin.py:190} INFO - [2026-05-18T07:21:48.833+0000] {dag.py:4180} INFO - Setting next_dagrun for example_short_circuit_operator to None, run_after=None
[2026-05-18T07:21:48.865+0000] {processor.py:208} INFO - Processing /home/noelsdavid/airflow_venv/lib/python3.12/site-packages/airflow/example_dags/example_short_circuit_operator.py took 0.106 seconds
[2026-05-18T07:23:04.537+0000] {processor.py:186} INFO - Started process (PID=17901) to work on /home/noelsdavid/airflow_venv/lib/python3.12/site-packages/airflow/example_dags/example_short_circuit_operator.py
[2026-05-18T07:23:04.540+0000] {processor.py:914} INFO - Processing file /home/noelsdavid/airflow_venv/lib/python3.12/site-packages/airflow/example_dags/example_short_circuit_operator.py for tasks to queue
[2026-05-18T07:23:04.542+0000] {logging_mixin.py:190} INFO - [2026-05-18T07:23:04.541+0000] {dagbag.py:588} INFO - Filling up the DagBag from /home/noelsdavid/airflow_venv/lib/python3.12/site-packages/airflow/example_dags/example_short_circuit_operator.py
[2026-05-18T07:23:04.555+0000] {processor.py:925} INFO - DAG(s) 'example_short_circuit_operator' retrieved from /home/noelsdavid/airflow_venv/lib/python3.12/site-packages/airflow/example_dags/example_short_circuit_operator.py
[2026-05-18T07:23:04.583+0000] {logging_mixin.py:190} INFO - [2026-05-18T07:23:04.583+0000] {dag.py:3239} INFO - Sync 1 DAGs
[2026-05-18T07:23:04.602+0000] {logging_mixin.py:190} INFO - [2026-05-18T07:23:04.602+0000] {dag.py:4180} INFO - Setting next_dagrun for example_short_circuit_operator to None, run_after=None
[2026-05-18T07:23:04.635+0000] {processor.py:208} INFO - Processing /home/noelsdavid/airflow_venv/lib/python3.12/site-packages/airflow/example_dags/example_short_circuit_operator.py took 0.109 seconds
[2026-05-18T07:24:18.949+0000] {processor.py:186} INFO - Started process (PID=17979) to work on /home/noelsdavid/airflow_venv/lib/python3.12/site-packages/airflow/example_dags/example_short_circuit_operator.py
[2026-05-18T07:24:18.966+0000] {processor.py:914} INFO - Processing file /home/noelsdavid/airflow_venv/lib/python3.12/site-packages/airflow/example_dags/example_short_circuit_operator.py for tasks to queue
[2026-05-18T07:24:18.968+0000] {logging_mixin.py:190} INFO - [2026-05-18T07:24:18.967+0000] {dagbag.py:588} INFO - Filling up the DagBag from /home/noelsdavid/airflow_venv/lib/python3.12/site-packages/airflow/example_dags/example_short_circuit_operator.py
[2026-05-18T07:24:18.980+0000] {processor.py:925} INFO - DAG(s) 'example_short_circuit_operator' retrieved from /home/noelsdavid/airflow_venv/lib/python3.12/site-packages/airflow/example_dags/example_short_circuit_operator.py
[2026-05-18T07:24:19.006+0000] {logging_mixin.py:190} INFO - [2026-05-18T07:24:19.005+0000] {dag.py:3239} INFO - Sync 1 DAGs
[2026-05-18T07:24:19.022+0000] {logging_mixin.py:190} INFO - [2026-05-18T07:24:19.022+0000] {dag.py:4180} INFO - Setting next_dagrun for example_short_circuit_operator to None, run_after=None
[2026-05-18T07:24:19.053+0000] {processor.py:208} INFO - Processing /home/noelsdavid/airflow_venv/lib/python3.12/site-packages/airflow/example_dags/example_short_circuit_operator.py took 0.115 seconds
[2026-05-18T07:25:29.128+0000] {processor.py:186} INFO - Started process (PID=18081) to work on /home/noelsdavid/airflow_venv/lib/python3.12/site-packages/airflow/example_dags/example_short_circuit_operator.py
[2026-05-18T07:25:29.132+0000] {processor.py:914} INFO - Processing file /home/noelsdavid/airflow_venv/lib/python3.12/site-packages/airflow/example_dags/example_short_circuit_operator.py for tasks to queue
[2026-05-18T07:25:29.134+0000] {logging_mixin.py:190} INFO - [2026-05-18T07:25:29.133+0000] {dagbag.py:588} INFO - Filling up the DagBag from /home/noelsdavid/airflow_venv/lib/python3.12/site-packages/airflow/example_dags/example_short_circuit_operator.py
[2026-05-18T07:25:29.146+0000] {processor.py:925} INFO - DAG(s) 'example_short_circuit_operator' retrieved from /home/noelsdavid/airflow_venv/lib/python3.12/site-packages/airflow/example_dags/example_short_circuit_operator.py
[2026-05-18T07:25:29.172+0000] {logging_mixin.py:190} INFO - [2026-05-18T07:25:29.172+0000] {dag.py:3239} INFO - Sync 1 DAGs
[2026-05-18T07:25:29.190+0000] {logging_mixin.py:190} INFO - [2026-05-18T07:25:29.189+0000] {dag.py:4180} INFO - Setting next_dagrun for example_short_circuit_operator to None, run_after=None
[2026-05-18T07:25:29.224+0000] {processor.py:208} INFO - Processing /home/noelsdavid/airflow_venv/lib/python3.12/site-packages/airflow/example_dags/example_short_circuit_operator.py took 0.106 seconds
[2026-05-18T07:26:34.556+0000] {processor.py:186} INFO - Started process (PID=18153) to work on /home/noelsdavid/airflow_venv/lib/python3.12/site-packages/airflow/example_dags/example_short_circuit_operator.py
[2026-05-18T07:26:34.559+0000] {processor.py:914} INFO - Processing file /home/noelsdavid/airflow_venv/lib/python3.12/site-packages/airflow/example_dags/example_short_circuit_operator.py for tasks to queue
[2026-05-18T07:26:34.562+0000] {logging_mixin.py:190} INFO - [2026-05-18T07:26:34.561+0000] {dagbag.py:588} INFO - Filling up the DagBag from /home/noelsdavid/airflow_venv/lib/python3.12/site-packages/airflow/example_dags/example_short_circuit_operator.py
[2026-05-18T07:26:34.576+0000] {processor.py:925} INFO - DAG(s) 'example_short_circuit_operator' retrieved from /home/noelsdavid/airflow_venv/lib/python3.12/site-packages/airflow/example_dags/example_short_circuit_operator.py
[2026-05-18T07:26:34.607+0000] {logging_mixin.py:190} INFO - [2026-05-18T07:26:34.606+0000] {dag.py:3239} INFO - Sync 1 DAGs
[2026-05-18T07:26:34.627+0000] {logging_mixin.py:190} INFO - [2026-05-18T07:26:34.627+0000] {dag.py:4180} INFO - Setting next_dagrun for example_short_circuit_operator to None, run_after=None
[2026-05-18T07:26:34.660+0000] {processor.py:208} INFO - Processing /home/noelsdavid/airflow_venv/lib/python3.12/site-packages/airflow/example_dags/example_short_circuit_operator.py took 0.114 seconds
[2026-05-18T07:27:46.633+0000] {processor.py:186} INFO - Started process (PID=18231) to work on /home/noelsdavid/airflow_venv/lib/python3.12/site-packages/airflow/example_dags/example_short_circuit_operator.py
[2026-05-18T07:27:46.650+0000] {processor.py:914} INFO - Processing file /home/noelsdavid/airflow_venv/lib/python3.12/site-packages/airflow/example_dags/example_short_circuit_operator.py for tasks to queue
[2026-05-18T07:27:46.652+0000] {logging_mixin.py:190} INFO - [2026-05-18T07:27:46.651+0000] {dagbag.py:588} INFO - Filling up the DagBag from /home/noelsdavid/airflow_venv/lib/python3.12/site-packages/airflow/example_dags/example_short_circuit_operator.py
[2026-05-18T07:27:46.666+0000] {processor.py:925} INFO - DAG(s) 'example_short_circuit_operator' retrieved from /home/noelsdavid/airflow_venv/lib/python3.12/site-packages/airflow/example_dags/example_short_circuit_operator.py
[2026-05-18T07:27:46.692+0000] {logging_mixin.py:190} INFO - [2026-05-18T07:27:46.692+0000] {dag.py:3239} INFO - Sync 1 DAGs
[2026-05-18T07:27:46.712+0000] {logging_mixin.py:190} INFO - [2026-05-18T07:27:46.712+0000] {dag.py:4180} INFO - Setting next_dagrun for example_short_circuit_operator to None, run_after=None
[2026-05-18T07:27:46.747+0000] {processor.py:208} INFO - Processing /home/noelsdavid/airflow_venv/lib/python3.12/site-packages/airflow/example_dags/example_short_circuit_operator.py took 0.124 seconds
[2026-05-18T07:28:56.285+0000] {processor.py:186} INFO - Started process (PID=18308) to work on /home/noelsdavid/airflow_venv/lib/python3.12/site-packages/airflow/example_dags/example_short_circuit_operator.py
[2026-05-18T07:28:56.288+0000] {processor.py:914} INFO - Processing file /home/noelsdavid/airflow_venv/lib/python3.12/site-packages/airflow/example_dags/example_short_circuit_operator.py for tasks to queue
[2026-05-18T07:28:56.290+0000] {logging_mixin.py:190} INFO - [2026-05-18T07:28:56.290+0000] {dagbag.py:588} INFO - Filling up the DagBag from /home/noelsdavid/airflow_venv/lib/python3.12/site-packages/airflow/example_dags/example_short_circuit_operator.py
[2026-05-18T07:28:56.305+0000] {processor.py:925} INFO - DAG(s) 'example_short_circuit_operator' retrieved from /home/noelsdavid/airflow_venv/lib/python3.12/site-packages/airflow/example_dags/example_short_circuit_operator.py
[2026-05-18T07:28:56.332+0000] {logging_mixin.py:190} INFO - [2026-05-18T07:28:56.331+0000] {dag.py:3239} INFO - Sync 1 DAGs
[2026-05-18T07:28:56.350+0000] {logging_mixin.py:190} INFO - [2026-05-18T07:28:56.349+0000] {dag.py:4180} INFO - Setting next_dagrun for example_short_circuit_operator to None, run_after=None
[2026-05-18T07:28:56.382+0000] {processor.py:208} INFO - Processing /home/noelsdavid/airflow_venv/lib/python3.12/site-packages/airflow/example_dags/example_short_circuit_operator.py took 0.107 seconds
[2026-05-18T07:30:07.593+0000] {processor.py:186} INFO - Started process (PID=18385) to work on /home/noelsdavid/airflow_venv/lib/python3.12/site-packages/airflow/example_dags/example_short_circuit_operator.py
[2026-05-18T07:30:07.595+0000] {processor.py:914} INFO - Processing file /home/noelsdavid/airflow_venv/lib/python3.12/site-packages/airflow/example_dags/example_short_circuit_operator.py for tasks to queue
[2026-05-18T07:30:07.597+0000] {logging_mixin.py:190} INFO - [2026-05-18T07:30:07.597+0000] {dagbag.py:588} INFO - Filling up the DagBag from /home/noelsdavid/airflow_venv/lib/python3.12/site-packages/airflow/example_dags/example_short_circuit_operator.py
[2026-05-18T07:30:07.610+0000] {processor.py:925} INFO - DAG(s) 'example_short_circuit_operator' retrieved from /home/noelsdavid/airflow_venv/lib/python3.12/site-packages/airflow/example_dags/example_short_circuit_operator.py
[2026-05-18T07:30:07.636+0000] {logging_mixin.py:190} INFO - [2026-05-18T07:30:07.636+0000] {dag.py:3239} INFO - Sync 1 DAGs
[2026-05-18T07:30:07.654+0000] {logging_mixin.py:190} INFO - [2026-05-18T07:30:07.654+0000] {dag.py:4180} INFO - Setting next_dagrun for example_short_circuit_operator to None, run_after=None
[2026-05-18T07:30:07.686+0000] {processor.py:208} INFO - Processing /home/noelsdavid/airflow_venv/lib/python3.12/site-packages/airflow/example_dags/example_short_circuit_operator.py took 0.104 seconds
[2026-05-18T07:31:19.148+0000] {processor.py:186} INFO - Started process (PID=18496) to work on /home/noelsdavid/airflow_venv/lib/python3.12/site-packages/airflow/example_dags/example_short_circuit_operator.py
[2026-05-18T07:31:19.151+0000] {processor.py:914} INFO - Processing file /home/noelsdavid/airflow_venv/lib/python3.12/site-packages/airflow/example_dags/example_short_circuit_operator.py for tasks to queue
[2026-05-18T07:31:19.153+0000] {logging_mixin.py:190} INFO - [2026-05-18T07:31:19.152+0000] {dagbag.py:588} INFO - Filling up the DagBag from /home/noelsdavid/airflow_venv/lib/python3.12/site-packages/airflow/example_dags/example_short_circuit_operator.py
[2026-05-18T07:31:19.165+0000] {processor.py:925} INFO - DAG(s) 'example_short_circuit_operator' retrieved from /home/noelsdavid/airflow_venv/lib/python3.12/site-packages/airflow/example_dags/example_short_circuit_operator.py
[2026-05-18T07:31:19.191+0000] {logging_mixin.py:190} INFO - [2026-05-18T07:31:19.191+0000] {dag.py:3239} INFO - Sync 1 DAGs
[2026-05-18T07:31:19.208+0000] {logging_mixin.py:190} INFO - [2026-05-18T07:31:19.208+0000] {dag.py:4180} INFO - Setting next_dagrun for example_short_circuit_operator to None, run_after=None
[2026-05-18T07:31:19.239+0000] {processor.py:208} INFO - Processing /home/noelsdavid/airflow_venv/lib/python3.12/site-packages/airflow/example_dags/example_short_circuit_operator.py took 0.103 seconds
[2026-05-18T07:32:29.659+0000] {processor.py:186} INFO - Started process (PID=18574) to work on /home/noelsdavid/airflow_venv/lib/python3.12/site-packages/airflow/example_dags/example_short_circuit_operator.py
[2026-05-18T07:32:29.662+0000] {processor.py:914} INFO - Processing file /home/noelsdavid/airflow_venv/lib/python3.12/site-packages/airflow/example_dags/example_short_circuit_operator.py for tasks to queue
[2026-05-18T07:32:29.664+0000] {logging_mixin.py:190} INFO - [2026-05-18T07:32:29.664+0000] {dagbag.py:588} INFO - Filling up the DagBag from /home/noelsdavid/airflow_venv/lib/python3.12/site-packages/airflow/example_dags/example_short_circuit_operator.py
[2026-05-18T07:32:29.677+0000] {processor.py:925} INFO - DAG(s) 'example_short_circuit_operator' retrieved from /home/noelsdavid/airflow_venv/lib/python3.12/site-packages/airflow/example_dags/example_short_circuit_operator.py
[2026-05-18T07:32:29.703+0000] {logging_mixin.py:190} INFO - [2026-05-18T07:32:29.703+0000] {dag.py:3239} INFO - Sync 1 DAGs
[2026-05-18T07:32:29.722+0000] {logging_mixin.py:190} INFO - [2026-05-18T07:32:29.721+0000] {dag.py:4180} INFO - Setting next_dagrun for example_short_circuit_operator to None, run_after=None
[2026-05-18T07:32:29.756+0000] {processor.py:208} INFO - Processing /home/noelsdavid/airflow_venv/lib/python3.12/site-packages/airflow/example_dags/example_short_circuit_operator.py took 0.107 seconds
[2026-05-18T07:33:38.386+0000] {processor.py:186} INFO - Started process (PID=18650) to work on /home/noelsdavid/airflow_venv/lib/python3.12/site-packages/airflow/example_dags/example_short_circuit_operator.py
[2026-05-18T07:33:38.388+0000] {processor.py:914} INFO - Processing file /home/noelsdavid/airflow_venv/lib/python3.12/site-packages/airflow/example_dags/example_short_circuit_operator.py for tasks to queue
[2026-05-18T07:33:38.390+0000] {logging_mixin.py:190} INFO - [2026-05-18T07:33:38.390+0000] {dagbag.py:588} INFO - Filling up the DagBag from /home/noelsdavid/airflow_venv/lib/python3.12/site-packages/airflow/example_dags/example_short_circuit_operator.py
[2026-05-18T07:33:38.404+0000] {processor.py:925} INFO - DAG(s) 'example_short_circuit_operator' retrieved from /home/noelsdavid/airflow_venv/lib/python3.12/site-packages/airflow/example_dags/example_short_circuit_operator.py
[2026-05-18T07:33:38.430+0000] {logging_mixin.py:190} INFO - [2026-05-18T07:33:38.430+0000] {dag.py:3239} INFO - Sync 1 DAGs
[2026-05-18T07:33:38.447+0000] {logging_mixin.py:190} INFO - [2026-05-18T07:33:38.447+0000] {dag.py:4180} INFO - Setting next_dagrun for example_short_circuit_operator to None, run_after=None
[2026-05-18T07:33:38.479+0000] {processor.py:208} INFO - Processing /home/noelsdavid/airflow_venv/lib/python3.12/site-packages/airflow/example_dags/example_short_circuit_operator.py took 0.103 seconds
[2026-05-18T07:34:49.329+0000] {processor.py:186} INFO - Started process (PID=18727) to work on /home/noelsdavid/airflow_venv/lib/python3.12/site-packages/airflow/example_dags/example_short_circuit_operator.py
[2026-05-18T07:34:49.356+0000] {processor.py:914} INFO - Processing file /home/noelsdavid/airflow_venv/lib/python3.12/site-packages/airflow/example_dags/example_short_circuit_operator.py for tasks to queue
[2026-05-18T07:34:49.360+0000] {logging_mixin.py:190} INFO - [2026-05-18T07:34:49.359+0000] {dagbag.py:588} INFO - Filling up the DagBag from /home/noelsdavid/airflow_venv/lib/python3.12/site-packages/airflow/example_dags/example_short_circuit_operator.py
[2026-05-18T07:34:49.373+0000] {processor.py:925} INFO - DAG(s) 'example_short_circuit_operator' retrieved from /home/noelsdavid/airflow_venv/lib/python3.12/site-packages/airflow/example_dags/example_short_circuit_operator.py
[2026-05-18T07:34:49.400+0000] {logging_mixin.py:190} INFO - [2026-05-18T07:34:49.399+0000] {dag.py:3239} INFO - Sync 1 DAGs
[2026-05-18T07:34:49.418+0000] {logging_mixin.py:190} INFO - [2026-05-18T07:34:49.418+0000] {dag.py:4180} INFO - Setting next_dagrun for example_short_circuit_operator to None, run_after=None
[2026-05-18T07:34:49.451+0000] {processor.py:208} INFO - Processing /home/noelsdavid/airflow_venv/lib/python3.12/site-packages/airflow/example_dags/example_short_circuit_operator.py took 0.133 seconds
[2026-05-18T07:36:01.001+0000] {processor.py:186} INFO - Started process (PID=18827) to work on /home/noelsdavid/airflow_venv/lib/python3.12/site-packages/airflow/example_dags/example_short_circuit_operator.py
[2026-05-18T07:36:01.016+0000] {processor.py:914} INFO - Processing file /home/noelsdavid/airflow_venv/lib/python3.12/site-packages/airflow/example_dags/example_short_circuit_operator.py for tasks to queue
[2026-05-18T07:36:01.018+0000] {logging_mixin.py:190} INFO - [2026-05-18T07:36:01.017+0000] {dagbag.py:588} INFO - Filling up the DagBag from /home/noelsdavid/airflow_venv/lib/python3.12/site-packages/airflow/example_dags/example_short_circuit_operator.py
[2026-05-18T07:36:01.035+0000] {processor.py:925} INFO - DAG(s) 'example_short_circuit_operator' retrieved from /home/noelsdavid/airflow_venv/lib/python3.12/site-packages/airflow/example_dags/example_short_circuit_operator.py
[2026-05-18T07:36:01.067+0000] {logging_mixin.py:190} INFO - [2026-05-18T07:36:01.067+0000] {dag.py:3239} INFO - Sync 1 DAGs
[2026-05-18T07:36:01.090+0000] {logging_mixin.py:190} INFO - [2026-05-18T07:36:01.089+0000] {dag.py:4180} INFO - Setting next_dagrun for example_short_circuit_operator to None, run_after=None
[2026-05-18T07:36:01.127+0000] {processor.py:208} INFO - Processing /home/noelsdavid/airflow_venv/lib/python3.12/site-packages/airflow/example_dags/example_short_circuit_operator.py took 0.136 seconds
[2026-05-18T07:37:12.727+0000] {processor.py:186} INFO - Started process (PID=18904) to work on /home/noelsdavid/airflow_venv/lib/python3.12/site-packages/airflow/example_dags/example_short_circuit_operator.py
[2026-05-18T07:37:12.731+0000] {processor.py:914} INFO - Processing file /home/noelsdavid/airflow_venv/lib/python3.12/site-packages/airflow/example_dags/example_short_circuit_operator.py for tasks to queue
[2026-05-18T07:37:12.734+0000] {logging_mixin.py:190} INFO - [2026-05-18T07:37:12.733+0000] {dagbag.py:588} INFO - Filling up the DagBag from /home/noelsdavid/airflow_venv/lib/python3.12/site-packages/airflow/example_dags/example_short_circuit_operator.py
[2026-05-18T07:37:12.748+0000] {processor.py:925} INFO - DAG(s) 'example_short_circuit_operator' retrieved from /home/noelsdavid/airflow_venv/lib/python3.12/site-packages/airflow/example_dags/example_short_circuit_operator.py
[2026-05-18T07:37:12.775+0000] {logging_mixin.py:190} INFO - [2026-05-18T07:37:12.775+0000] {dag.py:3239} INFO - Sync 1 DAGs
[2026-05-18T07:37:12.795+0000] {logging_mixin.py:190} INFO - [2026-05-18T07:37:12.795+0000] {dag.py:4180} INFO - Setting next_dagrun for example_short_circuit_operator to None, run_after=None
[2026-05-18T07:37:12.828+0000] {processor.py:208} INFO - Processing /home/noelsdavid/airflow_venv/lib/python3.12/site-packages/airflow/example_dags/example_short_circuit_operator.py took 0.111 seconds
[2026-05-18T07:38:23.291+0000] {processor.py:186} INFO - Started process (PID=18982) to work on /home/noelsdavid/airflow_venv/lib/python3.12/site-packages/airflow/example_dags/example_short_circuit_operator.py
[2026-05-18T07:38:23.294+0000] {processor.py:914} INFO - Processing file /home/noelsdavid/airflow_venv/lib/python3.12/site-packages/airflow/example_dags/example_short_circuit_operator.py for tasks to queue
[2026-05-18T07:38:23.296+0000] {logging_mixin.py:190} INFO - [2026-05-18T07:38:23.295+0000] {dagbag.py:588} INFO - Filling up the DagBag from /home/noelsdavid/airflow_venv/lib/python3.12/site-packages/airflow/example_dags/example_short_circuit_operator.py
[2026-05-18T07:38:23.312+0000] {processor.py:925} INFO - DAG(s) 'example_short_circuit_operator' retrieved from /home/noelsdavid/airflow_venv/lib/python3.12/site-packages/airflow/example_dags/example_short_circuit_operator.py
[2026-05-18T07:38:23.341+0000] {logging_mixin.py:190} INFO - [2026-05-18T07:38:23.341+0000] {dag.py:3239} INFO - Sync 1 DAGs
[2026-05-18T07:38:23.359+0000] {logging_mixin.py:190} INFO - [2026-05-18T07:38:23.359+0000] {dag.py:4180} INFO - Setting next_dagrun for example_short_circuit_operator to None, run_after=None
[2026-05-18T07:38:23.390+0000] {processor.py:208} INFO - Processing /home/noelsdavid/airflow_venv/lib/python3.12/site-packages/airflow/example_dags/example_short_circuit_operator.py took 0.109 seconds
[2026-05-18T07:39:32.119+0000] {processor.py:186} INFO - Started process (PID=19059) to work on /home/noelsdavid/airflow_venv/lib/python3.12/site-packages/airflow/example_dags/example_short_circuit_operator.py
[2026-05-18T07:39:32.122+0000] {processor.py:914} INFO - Processing file /home/noelsdavid/airflow_venv/lib/python3.12/site-packages/airflow/example_dags/example_short_circuit_operator.py for tasks to queue
[2026-05-18T07:39:32.124+0000] {logging_mixin.py:190} INFO - [2026-05-18T07:39:32.123+0000] {dagbag.py:588} INFO - Filling up the DagBag from /home/noelsdavid/airflow_venv/lib/python3.12/site-packages/airflow/example_dags/example_short_circuit_operator.py
[2026-05-18T07:39:32.136+0000] {processor.py:925} INFO - DAG(s) 'example_short_circuit_operator' retrieved from /home/noelsdavid/airflow_venv/lib/python3.12/site-packages/airflow/example_dags/example_short_circuit_operator.py
[2026-05-18T07:39:32.163+0000] {logging_mixin.py:190} INFO - [2026-05-18T07:39:32.162+0000] {dag.py:3239} INFO - Sync 1 DAGs
[2026-05-18T07:39:32.180+0000] {logging_mixin.py:190} INFO - [2026-05-18T07:39:32.180+0000] {dag.py:4180} INFO - Setting next_dagrun for example_short_circuit_operator to None, run_after=None
[2026-05-18T07:39:32.213+0000] {processor.py:208} INFO - Processing /home/noelsdavid/airflow_venv/lib/python3.12/site-packages/airflow/example_dags/example_short_circuit_operator.py took 0.105 seconds
                                                                                                                                                                                                                                                                                                                                                                                                                                                                                                                                                                                                                                                                                                                                                                                                                                                                                                                                                                                                                                                                                                                                                                                                                                                                                                                                                                                                                                                                        