[2026-05-18T06:01:07.160+0000] {processor.py:186} INFO - Started process (PID=6940) to work on /home/noelsdavid/airflow_venv/lib/python3.12/site-packages/airflow/example_dags/example_dataset_alias.py
[2026-05-18T06:01:07.162+0000] {processor.py:914} INFO - Processing file /home/noelsdavid/airflow_venv/lib/python3.12/site-packages/airflow/example_dags/example_dataset_alias.py for tasks to queue
[2026-05-18T06:01:07.164+0000] {logging_mixin.py:190} INFO - [2026-05-18T06:01:07.164+0000] {dagbag.py:588} INFO - Filling up the DagBag from /home/noelsdavid/airflow_venv/lib/python3.12/site-packages/airflow/example_dags/example_dataset_alias.py
[2026-05-18T06:01:07.190+0000] {processor.py:925} INFO - DAG(s) 'dataset_s3_bucket_producer', 'dataset_alias_example_alias_consumer', 'dataset_s3_bucket_consumer', 'dataset_alias_example_alias_producer' retrieved from /home/noelsdavid/airflow_venv/lib/python3.12/site-packages/airflow/example_dags/example_dataset_alias.py
[2026-05-18T06:01:07.313+0000] {logging_mixin.py:190} INFO - [2026-05-18T06:01:07.312+0000] {override.py:1911} INFO - Created Permission View: can edit on DAG:dataset_s3_bucket_producer
[2026-05-18T06:01:07.331+0000] {logging_mixin.py:190} INFO - [2026-05-18T06:01:07.330+0000] {override.py:1911} INFO - Created Permission View: can delete on DAG:dataset_s3_bucket_producer
[2026-05-18T06:01:07.345+0000] {logging_mixin.py:190} INFO - [2026-05-18T06:01:07.344+0000] {override.py:1911} INFO - Created Permission View: can read on DAG:dataset_s3_bucket_producer
[2026-05-18T06:01:07.366+0000] {logging_mixin.py:190} INFO - [2026-05-18T06:01:07.366+0000] {override.py:1911} INFO - Created Permission View: can delete on DAG Run:dataset_s3_bucket_producer
[2026-05-18T06:01:07.379+0000] {logging_mixin.py:190} INFO - [2026-05-18T06:01:07.378+0000] {override.py:1911} INFO - Created Permission View: menu access on DAG Run:dataset_s3_bucket_producer
[2026-05-18T06:01:07.392+0000] {logging_mixin.py:190} INFO - [2026-05-18T06:01:07.392+0000] {override.py:1911} INFO - Created Permission View: can create on DAG Run:dataset_s3_bucket_producer
[2026-05-18T06:01:07.406+0000] {logging_mixin.py:190} INFO - [2026-05-18T06:01:07.406+0000] {override.py:1911} INFO - Created Permission View: can read on DAG Run:dataset_s3_bucket_producer
[2026-05-18T06:01:07.435+0000] {logging_mixin.py:190} INFO - [2026-05-18T06:01:07.434+0000] {override.py:1911} INFO - Created Permission View: can edit on DAG:dataset_alias_example_alias_consumer
[2026-05-18T06:01:07.449+0000] {logging_mixin.py:190} INFO - [2026-05-18T06:01:07.448+0000] {override.py:1911} INFO - Created Permission View: can delete on DAG:dataset_alias_example_alias_consumer
[2026-05-18T06:01:07.461+0000] {logging_mixin.py:190} INFO - [2026-05-18T06:01:07.460+0000] {override.py:1911} INFO - Created Permission View: can read on DAG:dataset_alias_example_alias_consumer
[2026-05-18T06:01:07.484+0000] {logging_mixin.py:190} INFO - [2026-05-18T06:01:07.483+0000] {override.py:1911} INFO - Created Permission View: can delete on DAG Run:dataset_alias_example_alias_consumer
[2026-05-18T06:01:07.497+0000] {logging_mixin.py:190} INFO - [2026-05-18T06:01:07.497+0000] {override.py:1911} INFO - Created Permission View: menu access on DAG Run:dataset_alias_example_alias_consumer
[2026-05-18T06:01:07.511+0000] {logging_mixin.py:190} INFO - [2026-05-18T06:01:07.510+0000] {override.py:1911} INFO - Created Permission View: can create on DAG Run:dataset_alias_example_alias_consumer
[2026-05-18T06:01:07.526+0000] {logging_mixin.py:190} INFO - [2026-05-18T06:01:07.525+0000] {override.py:1911} INFO - Created Permission View: can read on DAG Run:dataset_alias_example_alias_consumer
[2026-05-18T06:01:07.556+0000] {logging_mixin.py:190} INFO - [2026-05-18T06:01:07.556+0000] {override.py:1911} INFO - Created Permission View: can edit on DAG:dataset_s3_bucket_consumer
[2026-05-18T06:01:07.571+0000] {logging_mixin.py:190} INFO - [2026-05-18T06:01:07.570+0000] {override.py:1911} INFO - Created Permission View: can delete on DAG:dataset_s3_bucket_consumer
[2026-05-18T06:01:07.585+0000] {logging_mixin.py:190} INFO - [2026-05-18T06:01:07.584+0000] {override.py:1911} INFO - Created Permission View: can read on DAG:dataset_s3_bucket_consumer
[2026-05-18T06:01:07.610+0000] {logging_mixin.py:190} INFO - [2026-05-18T06:01:07.609+0000] {override.py:1911} INFO - Created Permission View: can delete on DAG Run:dataset_s3_bucket_consumer
[2026-05-18T06:01:07.624+0000] {logging_mixin.py:190} INFO - [2026-05-18T06:01:07.624+0000] {override.py:1911} INFO - Created Permission View: menu access on DAG Run:dataset_s3_bucket_consumer
[2026-05-18T06:01:07.637+0000] {logging_mixin.py:190} INFO - [2026-05-18T06:01:07.637+0000] {override.py:1911} INFO - Created Permission View: can create on DAG Run:dataset_s3_bucket_consumer
[2026-05-18T06:01:07.649+0000] {logging_mixin.py:190} INFO - [2026-05-18T06:01:07.649+0000] {override.py:1911} INFO - Created Permission View: can read on DAG Run:dataset_s3_bucket_consumer
[2026-05-18T06:01:07.682+0000] {logging_mixin.py:190} INFO - [2026-05-18T06:01:07.681+0000] {override.py:1911} INFO - Created Permission View: can edit on DAG:dataset_alias_example_alias_producer
[2026-05-18T06:01:07.696+0000] {logging_mixin.py:190} INFO - [2026-05-18T06:01:07.695+0000] {override.py:1911} INFO - Created Permission View: can delete on DAG:dataset_alias_example_alias_producer
[2026-05-18T06:01:07.710+0000] {logging_mixin.py:190} INFO - [2026-05-18T06:01:07.709+0000] {override.py:1911} INFO - Created Permission View: can read on DAG:dataset_alias_example_alias_producer
[2026-05-18T06:01:07.733+0000] {logging_mixin.py:190} INFO - [2026-05-18T06:01:07.732+0000] {override.py:1911} INFO - Created Permission View: can delete on DAG Run:dataset_alias_example_alias_producer
[2026-05-18T06:01:07.746+0000] {logging_mixin.py:190} INFO - [2026-05-18T06:01:07.746+0000] {override.py:1911} INFO - Created Permission View: menu access on DAG Run:dataset_alias_example_alias_producer
[2026-05-18T06:01:07.759+0000] {logging_mixin.py:190} INFO - [2026-05-18T06:01:07.759+0000] {override.py:1911} INFO - Created Permission View: can create on DAG Run:dataset_alias_example_alias_producer
[2026-05-18T06:01:07.773+0000] {logging_mixin.py:190} INFO - [2026-05-18T06:01:07.772+0000] {override.py:1911} INFO - Created Permission View: can read on DAG Run:dataset_alias_example_alias_producer
[2026-05-18T06:01:07.773+0000] {logging_mixin.py:190} INFO - [2026-05-18T06:01:07.773+0000] {dag.py:3239} INFO - Sync 4 DAGs
[2026-05-18T06:01:07.786+0000] {logging_mixin.py:190} INFO - [2026-05-18T06:01:07.786+0000] {dag.py:3262} INFO - Creating ORM DAG for dataset_alias_example_alias_producer
[2026-05-18T06:01:07.787+0000] {logging_mixin.py:190} INFO - [2026-05-18T06:01:07.787+0000] {dag.py:3262} INFO - Creating ORM DAG for dataset_s3_bucket_consumer
[2026-05-18T06:01:07.787+0000] {logging_mixin.py:190} INFO - [2026-05-18T06:01:07.787+0000] {dag.py:3262} INFO - Creating ORM DAG for dataset_alias_example_alias_consumer
[2026-05-18T06:01:07.788+0000] {logging_mixin.py:190} INFO - [2026-05-18T06:01:07.788+0000] {dag.py:3262} INFO - Creating ORM DAG for dataset_s3_bucket_producer
[2026-05-18T06:01:07.799+0000] {logging_mixin.py:190} INFO - [2026-05-18T06:01:07.799+0000] {dag.py:4180} INFO - Setting next_dagrun for dataset_alias_example_alias_consumer to None, run_after=None
[2026-05-18T06:01:07.800+0000] {logging_mixin.py:190} INFO - [2026-05-18T06:01:07.799+0000] {dag.py:4180} INFO - Setting next_dagrun for dataset_alias_example_alias_producer to None, run_after=None
[2026-05-18T06:01:07.800+0000] {logging_mixin.py:190} INFO - [2026-05-18T06:01:07.800+0000] {dag.py:4180} INFO - Setting next_dagrun for dataset_s3_bucket_consumer to None, run_after=None
[2026-05-18T06:01:07.801+0000] {logging_mixin.py:190} INFO - [2026-05-18T06:01:07.801+0000] {dag.py:4180} INFO - Setting next_dagrun for dataset_s3_bucket_producer to None, run_after=None
[2026-05-18T06:01:07.838+0000] {processor.py:208} INFO - Processing /home/noelsdavid/airflow_venv/lib/python3.12/site-packages/airflow/example_dags/example_dataset_alias.py took 0.685 seconds
[2026-05-18T06:02:14.610+0000] {processor.py:186} INFO - Started process (PID=7004) to work on /home/noelsdavid/airflow_venv/lib/python3.12/site-packages/airflow/example_dags/example_dataset_alias.py
[2026-05-18T06:02:14.612+0000] {processor.py:914} INFO - Processing file /home/noelsdavid/airflow_venv/lib/python3.12/site-packages/airflow/example_dags/example_dataset_alias.py for tasks to queue
[2026-05-18T06:02:14.615+0000] {logging_mixin.py:190} INFO - [2026-05-18T06:02:14.615+0000] {dagbag.py:588} INFO - Filling up the DagBag from /home/noelsdavid/airflow_venv/lib/python3.12/site-packages/airflow/example_dags/example_dataset_alias.py
[2026-05-18T06:02:14.648+0000] {processor.py:925} INFO - DAG(s) 'dataset_s3_bucket_consumer', 'dataset_alias_example_alias_producer', 'dataset_alias_example_alias_consumer', 'dataset_s3_bucket_producer' retrieved from /home/noelsdavid/airflow_venv/lib/python3.12/site-packages/airflow/example_dags/example_dataset_alias.py
[2026-05-18T06:02:14.672+0000] {logging_mixin.py:190} INFO - [2026-05-18T06:02:14.672+0000] {dag.py:3239} INFO - Sync 4 DAGs
[2026-05-18T06:02:14.696+0000] {logging_mixin.py:190} INFO - [2026-05-18T06:02:14.696+0000] {dag.py:4180} INFO - Setting next_dagrun for dataset_alias_example_alias_consumer to None, run_after=None
[2026-05-18T06:02:14.699+0000] {logging_mixin.py:190} INFO - [2026-05-18T06:02:14.699+0000] {dag.py:4180} INFO - Setting next_dagrun for dataset_alias_example_alias_producer to None, run_after=None
[2026-05-18T06:02:14.700+0000] {logging_mixin.py:190} INFO - [2026-05-18T06:02:14.700+0000] {dag.py:4180} INFO - Setting next_dagrun for dataset_s3_bucket_consumer to None, run_after=None
[2026-05-18T06:02:14.701+0000] {logging_mixin.py:190} INFO - [2026-05-18T06:02:14.701+0000] {dag.py:4180} INFO - Setting next_dagrun for dataset_s3_bucket_producer to None, run_after=None
[2026-05-18T06:02:14.735+0000] {processor.py:208} INFO - Processing /home/noelsdavid/airflow_venv/lib/python3.12/site-packages/airflow/example_dags/example_dataset_alias.py took 0.133 seconds
[2026-05-18T06:03:14.501+0000] {processor.py:186} INFO - Started process (PID=7063) to work on /home/noelsdavid/airflow_venv/lib/python3.12/site-packages/airflow/example_dags/example_dataset_alias.py
[2026-05-18T06:03:14.504+0000] {processor.py:914} INFO - Processing file /home/noelsdavid/airflow_venv/lib/python3.12/site-packages/airflow/example_dags/example_dataset_alias.py for tasks to queue
[2026-05-18T06:03:14.507+0000] {logging_mixin.py:190} INFO - [2026-05-18T06:03:14.506+0000] {dagbag.py:588} INFO - Filling up the DagBag from /home/noelsdavid/airflow_venv/lib/python3.12/site-packages/airflow/example_dags/example_dataset_alias.py
[2026-05-18T06:03:14.538+0000] {processor.py:925} INFO - DAG(s) 'dataset_alias_example_alias_consumer', 'dataset_s3_bucket_consumer', 'dataset_alias_example_alias_producer', 'dataset_s3_bucket_producer' retrieved from /home/noelsdavid/airflow_venv/lib/python3.12/site-packages/airflow/example_dags/example_dataset_alias.py
[2026-05-18T06:03:14.562+0000] {logging_mixin.py:190} INFO - [2026-05-18T06:03:14.561+0000] {dag.py:3239} INFO - Sync 4 DAGs
[2026-05-18T06:03:14.587+0000] {logging_mixin.py:190} INFO - [2026-05-18T06:03:14.586+0000] {dag.py:4180} INFO - Setting next_dagrun for dataset_alias_example_alias_consumer to None, run_after=None
[2026-05-18T06:03:14.591+0000] {logging_mixin.py:190} INFO - [2026-05-18T06:03:14.591+0000] {dag.py:4180} INFO - Setting next_dagrun for dataset_alias_example_alias_producer to None, run_after=None
[2026-05-18T06:03:14.592+0000] {logging_mixin.py:190} INFO - [2026-05-18T06:03:14.592+0000] {dag.py:4180} INFO - Setting next_dagrun for dataset_s3_bucket_consumer to None, run_after=None
[2026-05-18T06:03:14.593+0000] {logging_mixin.py:190} INFO - [2026-05-18T06:03:14.593+0000] {dag.py:4180} INFO - Setting next_dagrun for dataset_s3_bucket_producer to None, run_after=None
[2026-05-18T06:03:14.627+0000] {processor.py:208} INFO - Processing /home/noelsdavid/airflow_venv/lib/python3.12/site-packages/airflow/example_dags/example_dataset_alias.py took 0.133 seconds
[2026-05-18T06:04:14.954+0000] {processor.py:186} INFO - Started process (PID=7123) to work on /home/noelsdavid/airflow_venv/lib/python3.12/site-packages/airflow/example_dags/example_dataset_alias.py
[2026-05-18T06:04:14.957+0000] {processor.py:914} INFO - Processing file /home/noelsdavid/airflow_venv/lib/python3.12/site-packages/airflow/example_dags/example_dataset_alias.py for tasks to queue
[2026-05-18T06:04:14.960+0000] {logging_mixin.py:190} INFO - [2026-05-18T06:04:14.959+0000] {dagbag.py:588} INFO - Filling up the DagBag from /home/noelsdavid/airflow_venv/lib/python3.12/site-packages/airflow/example_dags/example_dataset_alias.py
[2026-05-18T06:04:14.994+0000] {processor.py:925} INFO - DAG(s) 'dataset_alias_example_alias_consumer', 'dataset_alias_example_alias_producer', 'dataset_s3_bucket_consumer', 'dataset_s3_bucket_producer' retrieved from /home/noelsdavid/airflow_venv/lib/python3.12/site-packages/airflow/example_dags/example_dataset_alias.py
[2026-05-18T06:04:15.021+0000] {logging_mixin.py:190} INFO - [2026-05-18T06:04:15.020+0000] {dag.py:3239} INFO - Sync 4 DAGs
[2026-05-18T06:04:15.045+0000] {logging_mixin.py:190} INFO - [2026-05-18T06:04:15.045+0000] {dag.py:4180} INFO - Setting next_dagrun for dataset_alias_example_alias_consumer to None, run_after=None
[2026-05-18T06:04:15.047+0000] {logging_mixin.py:190} INFO - [2026-05-18T06:04:15.047+0000] {dag.py:4180} INFO - Setting next_dagrun for dataset_alias_example_alias_producer to None, run_after=None
[2026-05-18T06:04:15.049+0000] {logging_mixin.py:190} INFO - [2026-05-18T06:04:15.049+0000] {dag.py:4180} INFO - Setting next_dagrun for dataset_s3_bucket_consumer to None, run_after=None
[2026-05-18T06:04:15.050+0000] {logging_mixin.py:190} INFO - [2026-05-18T06:04:15.050+0000] {dag.py:4180} INFO - Setting next_dagrun for dataset_s3_bucket_producer to None, run_after=None
[2026-05-18T06:04:15.082+0000] {processor.py:208} INFO - Processing /home/noelsdavid/airflow_venv/lib/python3.12/site-packages/airflow/example_dags/example_dataset_alias.py took 0.136 seconds
[2026-05-18T06:05:19.566+0000] {processor.py:186} INFO - Started process (PID=7210) to work on /home/noelsdavid/airflow_venv/lib/python3.12/site-packages/airflow/example_dags/example_dataset_alias.py
[2026-05-18T06:05:19.569+0000] {processor.py:914} INFO - Processing file /home/noelsdavid/airflow_venv/lib/python3.12/site-packages/airflow/example_dags/example_dataset_alias.py for tasks to queue
[2026-05-18T06:05:19.572+0000] {logging_mixin.py:190} INFO - [2026-05-18T06:05:19.571+0000] {dagbag.py:588} INFO - Filling up the DagBag from /home/noelsdavid/airflow_venv/lib/python3.12/site-packages/airflow/example_dags/example_dataset_alias.py
[2026-05-18T06:05:19.607+0000] {processor.py:925} INFO - DAG(s) 'dataset_s3_bucket_producer', 'dataset_alias_example_alias_consumer', 'dataset_s3_bucket_consumer', 'dataset_alias_example_alias_producer' retrieved from /home/noelsdavid/airflow_venv/lib/python3.12/site-packages/airflow/example_dags/example_dataset_alias.py
[2026-05-18T06:05:19.634+0000] {logging_mixin.py:190} INFO - [2026-05-18T06:05:19.633+0000] {dag.py:3239} INFO - Sync 4 DAGs
[2026-05-18T06:05:19.819+0000] {logging_mixin.py:190} INFO - [2026-05-18T06:05:19.819+0000] {dag.py:4180} INFO - Setting next_dagrun for dataset_alias_example_alias_consumer to None, run_after=None
[2026-05-18T06:05:19.822+0000] {logging_mixin.py:190} INFO - [2026-05-18T06:05:19.822+0000] {dag.py:4180} INFO - Setting next_dagrun for dataset_alias_example_alias_producer to None, run_after=None
[2026-05-18T06:05:19.823+0000] {logging_mixin.py:190} INFO - [2026-05-18T06:05:19.823+0000] {dag.py:4180} INFO - Setting next_dagrun for dataset_s3_bucket_consumer to None, run_after=None
[2026-05-18T06:05:19.825+0000] {logging_mixin.py:190} INFO - [2026-05-18T06:05:19.824+0000] {dag.py:4180} INFO - Setting next_dagrun for dataset_s3_bucket_producer to None, run_after=None
[2026-05-18T06:05:19.856+0000] {processor.py:208} INFO - Processing /home/noelsdavid/airflow_venv/lib/python3.12/site-packages/airflow/example_dags/example_dataset_alias.py took 0.297 seconds
[2026-05-18T06:06:29.355+0000] {processor.py:186} INFO - Started process (PID=7276) to work on /home/noelsdavid/airflow_venv/lib/python3.12/site-packages/airflow/example_dags/example_dataset_alias.py
[2026-05-18T06:06:29.357+0000] {processor.py:914} INFO - Processing file /home/noelsdavid/airflow_venv/lib/python3.12/site-packages/airflow/example_dags/example_dataset_alias.py for tasks to queue
[2026-05-18T06:06:29.361+0000] {logging_mixin.py:190} INFO - [2026-05-18T06:06:29.360+0000] {dagbag.py:588} INFO - Filling up the DagBag from /home/noelsdavid/airflow_venv/lib/python3.12/site-packages/airflow/example_dags/example_dataset_alias.py
[2026-05-18T06:06:29.394+0000] {processor.py:925} INFO - DAG(s) 'dataset_alias_example_alias_consumer', 'dataset_s3_bucket_consumer', 'dataset_alias_example_alias_producer', 'dataset_s3_bucket_producer' retrieved from /home/noelsdavid/airflow_venv/lib/python3.12/site-packages/airflow/example_dags/example_dataset_alias.py
[2026-05-18T06:06:29.419+0000] {logging_mixin.py:190} INFO - [2026-05-18T06:06:29.419+0000] {dag.py:3239} INFO - Sync 4 DAGs
[2026-05-18T06:06:29.445+0000] {logging_mixin.py:190} INFO - [2026-05-18T06:06:29.445+0000] {dag.py:4180} INFO - Setting next_dagrun for dataset_alias_example_alias_consumer to None, run_after=None
[2026-05-18T06:06:29.448+0000] {logging_mixin.py:190} INFO - [2026-05-18T06:06:29.448+0000] {dag.py:4180} INFO - Setting next_dagrun for dataset_alias_example_alias_producer to None, run_after=None
[2026-05-18T06:06:29.449+0000] {logging_mixin.py:190} INFO - [2026-05-18T06:06:29.449+0000] {dag.py:4180} INFO - Setting next_dagrun for dataset_s3_bucket_consumer to None, run_after=None
[2026-05-18T06:06:29.451+0000] {logging_mixin.py:190} INFO - [2026-05-18T06:06:29.450+0000] {dag.py:4180} INFO - Setting next_dagrun for dataset_s3_bucket_producer to None, run_after=None
[2026-05-18T06:06:29.485+0000] {processor.py:208} INFO - Processing /home/noelsdavid/airflow_venv/lib/python3.12/site-packages/airflow/example_dags/example_dataset_alias.py took 0.137 seconds
[2026-05-18T06:07:27.271+0000] {processor.py:186} INFO - Started process (PID=7335) to work on /home/noelsdavid/airflow_venv/lib/python3.12/site-packages/airflow/example_dags/example_dataset_alias.py
[2026-05-18T06:07:27.274+0000] {processor.py:914} INFO - Processing file /home/noelsdavid/airflow_venv/lib/python3.12/site-packages/airflow/example_dags/example_dataset_alias.py for tasks to queue
[2026-05-18T06:07:27.277+0000] {logging_mixin.py:190} INFO - [2026-05-18T06:07:27.276+0000] {dagbag.py:588} INFO - Filling up the DagBag from /home/noelsdavid/airflow_venv/lib/python3.12/site-packages/airflow/example_dags/example_dataset_alias.py
[2026-05-18T06:07:27.313+0000] {processor.py:925} INFO - DAG(s) 'dataset_s3_bucket_producer', 'dataset_alias_example_alias_producer', 'dataset_s3_bucket_consumer', 'dataset_alias_example_alias_consumer' retrieved from /home/noelsdavid/airflow_venv/lib/python3.12/site-packages/airflow/example_dags/example_dataset_alias.py
[2026-05-18T06:07:27.342+0000] {logging_mixin.py:190} INFO - [2026-05-18T06:07:27.342+0000] {dag.py:3239} INFO - Sync 4 DAGs
[2026-05-18T06:07:27.377+0000] {logging_mixin.py:190} INFO - [2026-05-18T06:07:27.376+0000] {dag.py:4180} INFO - Setting next_dagrun for dataset_alias_example_alias_consumer to None, run_after=None
[2026-05-18T06:07:27.382+0000] {logging_mixin.py:190} INFO - [2026-05-18T06:07:27.381+0000] {dag.py:4180} INFO - Setting next_dagrun for dataset_alias_example_alias_producer to None, run_after=None
[2026-05-18T06:07:27.385+0000] {logging_mixin.py:190} INFO - [2026-05-18T06:07:27.384+0000] {dag.py:4180} INFO - Setting next_dagrun for dataset_s3_bucket_consumer to None, run_after=None
[2026-05-18T06:07:27.389+0000] {logging_mixin.py:190} INFO - [2026-05-18T06:07:27.388+0000] {dag.py:4180} INFO - Setting next_dagrun for dataset_s3_bucket_producer to None, run_after=None
[2026-05-18T06:07:27.439+0000] {processor.py:208} INFO - Processing /home/noelsdavid/airflow_venv/lib/python3.12/site-packages/airflow/example_dags/example_dataset_alias.py took 0.177 seconds
[2026-05-18T06:08:29.925+0000] {processor.py:186} INFO - Started process (PID=7392) to work on /home/noelsdavid/airflow_venv/lib/python3.12/site-packages/airflow/example_dags/example_dataset_alias.py
[2026-05-18T06:08:29.928+0000] {processor.py:914} INFO - Processing file /home/noelsdavid/airflow_venv/lib/python3.12/site-packages/airflow/example_dags/example_dataset_alias.py for tasks to queue
[2026-05-18T06:08:29.931+0000] {logging_mixin.py:190} INFO - [2026-05-18T06:08:29.930+0000] {dagbag.py:588} INFO - Filling up the DagBag from /home/noelsdavid/airflow_venv/lib/python3.12/site-packages/airflow/example_dags/example_dataset_alias.py
[2026-05-18T06:08:29.965+0000] {processor.py:925} INFO - DAG(s) 'dataset_s3_bucket_consumer', 'dataset_alias_example_alias_producer', 'dataset_alias_example_alias_consumer', 'dataset_s3_bucket_producer' retrieved from /home/noelsdavid/airflow_venv/lib/python3.12/site-packages/airflow/example_dags/example_dataset_alias.py
[2026-05-18T06:08:29.992+0000] {logging_mixin.py:190} INFO - [2026-05-18T06:08:29.991+0000] {dag.py:3239} INFO - Sync 4 DAGs
[2026-05-18T06:08:30.021+0000] {logging_mixin.py:190} INFO - [2026-05-18T06:08:30.021+0000] {dag.py:4180} INFO - Setting next_dagrun for dataset_alias_example_alias_consumer to None, run_after=None
[2026-05-18T06:08:30.026+0000] {logging_mixin.py:190} INFO - [2026-05-18T06:08:30.026+0000] {dag.py:4180} INFO - Setting next_dagrun for dataset_alias_example_alias_producer to None, run_after=None
[2026-05-18T06:08:30.027+0000] {logging_mixin.py:190} INFO - [2026-05-18T06:08:30.027+0000] {dag.py:4180} INFO - Setting next_dagrun for dataset_s3_bucket_consumer to None, run_after=None
[2026-05-18T06:08:30.028+0000] {logging_mixin.py:190} INFO - [2026-05-18T06:08:30.028+0000] {dag.py:4180} INFO - Setting next_dagrun for dataset_s3_bucket_producer to None, run_after=None
[2026-05-18T06:08:30.063+0000] {processor.py:208} INFO - Processing /home/noelsdavid/airflow_venv/lib/python3.12/site-packages/airflow/example_dags/example_dataset_alias.py took 0.146 seconds
[2026-05-18T06:09:33.683+0000] {processor.py:186} INFO - Started process (PID=7454) to work on /home/noelsdavid/airflow_venv/lib/python3.12/site-packages/airflow/example_dags/example_dataset_alias.py
[2026-05-18T06:09:33.686+0000] {processor.py:914} INFO - Processing file /home/noelsdavid/airflow_venv/lib/python3.12/site-packages/airflow/example_dags/example_dataset_alias.py for tasks to queue
[2026-05-18T06:09:33.689+0000] {logging_mixin.py:190} INFO - [2026-05-18T06:09:33.688+0000] {dagbag.py:588} INFO - Filling up the DagBag from /home/noelsdavid/airflow_venv/lib/python3.12/site-packages/airflow/example_dags/example_dataset_alias.py
[2026-05-18T06:09:33.723+0000] {processor.py:925} INFO - DAG(s) 'dataset_alias_example_alias_consumer', 'dataset_s3_bucket_consumer', 'dataset_alias_example_alias_producer', 'dataset_s3_bucket_producer' retrieved from /home/noelsdavid/airflow_venv/lib/python3.12/site-packages/airflow/example_dags/example_dataset_alias.py
[2026-05-18T06:09:33.749+0000] {logging_mixin.py:190} INFO - [2026-05-18T06:09:33.749+0000] {dag.py:3239} INFO - Sync 4 DAGs
[2026-05-18T06:09:33.775+0000] {logging_mixin.py:190} INFO - [2026-05-18T06:09:33.775+0000] {dag.py:4180} INFO - Setting next_dagrun for dataset_alias_example_alias_consumer to None, run_after=None
[2026-05-18T06:09:33.778+0000] {logging_mixin.py:190} INFO - [2026-05-18T06:09:33.778+0000] {dag.py:4180} INFO - Setting next_dagrun for dataset_alias_example_alias_producer to None, run_after=None
[2026-05-18T06:09:33.779+0000] {logging_mixin.py:190} INFO - [2026-05-18T06:09:33.779+0000] {dag.py:4180} INFO - Setting next_dagrun for dataset_s3_bucket_consumer to None, run_after=None
[2026-05-18T06:09:33.780+0000] {logging_mixin.py:190} INFO - [2026-05-18T06:09:33.780+0000] {dag.py:4180} INFO - Setting next_dagrun for dataset_s3_bucket_producer to None, run_after=None
[2026-05-18T06:09:33.812+0000] {processor.py:208} INFO - Processing /home/noelsdavid/airflow_venv/lib/python3.12/site-packages/airflow/example_dags/example_dataset_alias.py took 0.137 seconds
[2026-05-18T06:10:34.735+0000] {processor.py:186} INFO - Started process (PID=7539) to work on /home/noelsdavid/airflow_venv/lib/python3.12/site-packages/airflow/example_dags/example_dataset_alias.py
[2026-05-18T06:10:34.737+0000] {processor.py:914} INFO - Processing file /home/noelsdavid/airflow_venv/lib/python3.12/site-packages/airflow/example_dags/example_dataset_alias.py for tasks to queue
[2026-05-18T06:10:34.740+0000] {logging_mixin.py:190} INFO - [2026-05-18T06:10:34.740+0000] {dagbag.py:588} INFO - Filling up the DagBag from /home/noelsdavid/airflow_venv/lib/python3.12/site-packages/airflow/example_dags/example_dataset_alias.py
[2026-05-18T06:10:34.775+0000] {processor.py:925} INFO - DAG(s) 'dataset_alias_example_alias_consumer', 'dataset_alias_example_alias_producer', 'dataset_s3_bucket_consumer', 'dataset_s3_bucket_producer' retrieved from /home/noelsdavid/airflow_venv/lib/python3.12/site-packages/airflow/example_dags/example_dataset_alias.py
[2026-05-18T06:10:34.801+0000] {logging_mixin.py:190} INFO - [2026-05-18T06:10:34.801+0000] {dag.py:3239} INFO - Sync 4 DAGs
[2026-05-18T06:10:34.827+0000] {logging_mixin.py:190} INFO - [2026-05-18T06:10:34.826+0000] {dag.py:4180} INFO - Setting next_dagrun for dataset_alias_example_alias_consumer to None, run_after=None
[2026-05-18T06:10:34.829+0000] {logging_mixin.py:190} INFO - [2026-05-18T06:10:34.829+0000] {dag.py:4180} INFO - Setting next_dagrun for dataset_alias_example_alias_producer to None, run_after=None
[2026-05-18T06:10:34.831+0000] {logging_mixin.py:190} INFO - [2026-05-18T06:10:34.830+0000] {dag.py:4180} INFO - Setting next_dagrun for dataset_s3_bucket_consumer to None, run_after=None
[2026-05-18T06:10:34.832+0000] {logging_mixin.py:190} INFO - [2026-05-18T06:10:34.832+0000] {dag.py:4180} INFO - Setting next_dagrun for dataset_s3_bucket_producer to None, run_after=None
[2026-05-18T06:10:34.868+0000] {processor.py:208} INFO - Processing /home/noelsdavid/airflow_venv/lib/python3.12/site-packages/airflow/example_dags/example_dataset_alias.py took 0.142 seconds
[2026-05-18T06:11:34.697+0000] {processor.py:186} INFO - Started process (PID=7598) to work on /home/noelsdavid/airflow_venv/lib/python3.12/site-packages/airflow/example_dags/example_dataset_alias.py
[2026-05-18T06:11:34.700+0000] {processor.py:914} INFO - Processing file /home/noelsdavid/airflow_venv/lib/python3.12/site-packages/airflow/example_dags/example_dataset_alias.py for tasks to queue
[2026-05-18T06:11:34.703+0000] {logging_mixin.py:190} INFO - [2026-05-18T06:11:34.703+0000] {dagbag.py:588} INFO - Filling up the DagBag from /home/noelsdavid/airflow_venv/lib/python3.12/site-packages/airflow/example_dags/example_dataset_alias.py
[2026-05-18T06:11:34.737+0000] {processor.py:925} INFO - DAG(s) 'dataset_alias_example_alias_consumer', 'dataset_s3_bucket_producer', 'dataset_s3_bucket_consumer', 'dataset_alias_example_alias_producer' retrieved from /home/noelsdavid/airflow_venv/lib/python3.12/site-packages/airflow/example_dags/example_dataset_alias.py
[2026-05-18T06:11:34.764+0000] {logging_mixin.py:190} INFO - [2026-05-18T06:11:34.764+0000] {dag.py:3239} INFO - Sync 4 DAGs
[2026-05-18T06:11:34.790+0000] {logging_mixin.py:190} INFO - [2026-05-18T06:11:34.789+0000] {dag.py:4180} INFO - Setting next_dagrun for dataset_alias_example_alias_consumer to None, run_after=None
[2026-05-18T06:11:34.792+0000] {logging_mixin.py:190} INFO - [2026-05-18T06:11:34.792+0000] {dag.py:4180} INFO - Setting next_dagrun for dataset_alias_example_alias_producer to None, run_after=None
[2026-05-18T06:11:34.794+0000] {logging_mixin.py:190} INFO - [2026-05-18T06:11:34.793+0000] {dag.py:4180} INFO - Setting next_dagrun for dataset_s3_bucket_consumer to None, run_after=None
[2026-05-18T06:11:34.795+0000] {logging_mixin.py:190} INFO - [2026-05-18T06:11:34.795+0000] {dag.py:4180} INFO - Setting next_dagrun for dataset_s3_bucket_producer to None, run_after=None
[2026-05-18T06:11:34.828+0000] {processor.py:208} INFO - Processing /home/noelsdavid/airflow_venv/lib/python3.12/site-packages/airflow/example_dags/example_dataset_alias.py took 0.139 seconds
[2026-05-18T06:12:34.125+0000] {processor.py:186} INFO - Started process (PID=7655) to work on /home/noelsdavid/airflow_venv/lib/python3.12/site-packages/airflow/example_dags/example_dataset_alias.py
[2026-05-18T06:12:34.127+0000] {processor.py:914} INFO - Processing file /home/noelsdavid/airflow_venv/lib/python3.12/site-packages/airflow/example_dags/example_dataset_alias.py for tasks to queue
[2026-05-18T06:12:34.131+0000] {logging_mixin.py:190} INFO - [2026-05-18T06:12:34.130+0000] {dagbag.py:588} INFO - Filling up the DagBag from /home/noelsdavid/airflow_venv/lib/python3.12/site-packages/airflow/example_dags/example_dataset_alias.py
[2026-05-18T06:12:34.165+0000] {processor.py:925} INFO - DAG(s) 'dataset_s3_bucket_consumer', 'dataset_alias_example_alias_producer', 'dataset_s3_bucket_producer', 'dataset_alias_example_alias_consumer' retrieved from /home/noelsdavid/airflow_venv/lib/python3.12/site-packages/airflow/example_dags/example_dataset_alias.py
[2026-05-18T06:12:34.192+0000] {logging_mixin.py:190} INFO - [2026-05-18T06:12:34.191+0000] {dag.py:3239} INFO - Sync 4 DAGs
[2026-05-18T06:12:34.218+0000] {logging_mixin.py:190} INFO - [2026-05-18T06:12:34.218+0000] {dag.py:4180} INFO - Setting next_dagrun for dataset_alias_example_alias_consumer to None, run_after=None
[2026-05-18T06:12:34.221+0000] {logging_mixin.py:190} INFO - [2026-05-18T06:12:34.221+0000] {dag.py:4180} INFO - Setting next_dagrun for dataset_alias_example_alias_producer to None, run_after=None
[2026-05-18T06:12:34.222+0000] {logging_mixin.py:190} INFO - [2026-05-18T06:12:34.222+0000] {dag.py:4180} INFO - Setting next_dagrun for dataset_s3_bucket_consumer to None, run_after=None
[2026-05-18T06:12:34.223+0000] {logging_mixin.py:190} INFO - [2026-05-18T06:12:34.223+0000] {dag.py:4180} INFO - Setting next_dagrun for dataset_s3_bucket_producer to None, run_after=None
[2026-05-18T06:12:34.257+0000] {processor.py:208} INFO - Processing /home/noelsdavid/airflow_venv/lib/python3.12/site-packages/airflow/example_dags/example_dataset_alias.py took 0.140 seconds
[2026-05-18T06:13:35.013+0000] {processor.py:186} INFO - Started process (PID=7714) to work on /home/noelsdavid/airflow_venv/lib/python3.12/site-packages/airflow/example_dags/example_dataset_alias.py
[2026-05-18T06:13:35.016+0000] {processor.py:914} INFO - Processing file /home/noelsdavid/airflow_venv/lib/python3.12/site-packages/airflow/example_dags/example_dataset_alias.py for tasks to queue
[2026-05-18T06:13:35.019+0000] {logging_mixin.py:190} INFO - [2026-05-18T06:13:35.018+0000] {dagbag.py:588} INFO - Filling up the DagBag from /home/noelsdavid/airflow_venv/lib/python3.12/site-packages/airflow/example_dags/example_dataset_alias.py
[2026-05-18T06:13:35.054+0000] {processor.py:925} INFO - DAG(s) 'dataset_s3_bucket_consumer', 'dataset_alias_example_alias_producer', 'dataset_alias_example_alias_consumer', 'dataset_s3_bucket_producer' retrieved from /home/noelsdavid/airflow_venv/lib/python3.12/site-packages/airflow/example_dags/example_dataset_alias.py
[2026-05-18T06:13:35.081+0000] {logging_mixin.py:190} INFO - [2026-05-18T06:13:35.081+0000] {dag.py:3239} INFO - Sync 4 DAGs
[2026-05-18T06:13:35.106+0000] {logging_mixin.py:190} INFO - [2026-05-18T06:13:35.106+0000] {dag.py:4180} INFO - Setting next_dagrun for dataset_alias_example_alias_consumer to None, run_after=None
[2026-05-18T06:13:35.109+0000] {logging_mixin.py:190} INFO - [2026-05-18T06:13:35.109+0000] {dag.py:4180} INFO - Setting next_dagrun for dataset_alias_example_alias_producer to None, run_after=None
[2026-05-18T06:13:35.110+0000] {logging_mixin.py:190} INFO - [2026-05-18T06:13:35.110+0000] {dag.py:4180} INFO - Setting next_dagrun for dataset_s3_bucket_consumer to None, run_after=None
[2026-05-18T06:13:35.113+0000] {logging_mixin.py:190} INFO - [2026-05-18T06:13:35.113+0000] {dag.py:4180} INFO - Setting next_dagrun for dataset_s3_bucket_producer to None, run_after=None
[2026-05-18T06:13:35.148+0000] {processor.py:208} INFO - Processing /home/noelsdavid/airflow_venv/lib/python3.12/site-packages/airflow/example_dags/example_dataset_alias.py took 0.143 seconds
[2026-05-18T06:14:36.093+0000] {processor.py:186} INFO - Started process (PID=7774) to work on /home/noelsdavid/airflow_venv/lib/python3.12/site-packages/airflow/example_dags/example_dataset_alias.py
[2026-05-18T06:14:36.096+0000] {processor.py:914} INFO - Processing file /home/noelsdavid/airflow_venv/lib/python3.12/site-packages/airflow/example_dags/example_dataset_alias.py for tasks to queue
[2026-05-18T06:14:36.099+0000] {logging_mixin.py:190} INFO - [2026-05-18T06:14:36.099+0000] {dagbag.py:588} INFO - Filling up the DagBag from /home/noelsdavid/airflow_venv/lib/python3.12/site-packages/airflow/example_dags/example_dataset_alias.py
[2026-05-18T06:14:36.133+0000] {processor.py:925} INFO - DAG(s) 'dataset_s3_bucket_consumer', 'dataset_alias_example_alias_consumer', 'dataset_s3_bucket_producer', 'dataset_alias_example_alias_producer' retrieved from /home/noelsdavid/airflow_venv/lib/python3.12/site-packages/airflow/example_dags/example_dataset_alias.py
[2026-05-18T06:14:36.161+0000] {logging_mixin.py:190} INFO - [2026-05-18T06:14:36.161+0000] {dag.py:3239} INFO - Sync 4 DAGs
[2026-05-18T06:14:36.185+0000] {logging_mixin.py:190} INFO - [2026-05-18T06:14:36.185+0000] {dag.py:4180} INFO - Setting next_dagrun for dataset_alias_example_alias_consumer to None, run_after=None
[2026-05-18T06:14:36.188+0000] {logging_mixin.py:190} INFO - [2026-05-18T06:14:36.188+0000] {dag.py:4180} INFO - Setting next_dagrun for dataset_alias_example_alias_producer to None, run_after=None
[2026-05-18T06:14:36.189+0000] {logging_mixin.py:190} INFO - [2026-05-18T06:14:36.189+0000] {dag.py:4180} INFO - Setting next_dagrun for dataset_s3_bucket_consumer to None, run_after=None
[2026-05-18T06:14:36.191+0000] {logging_mixin.py:190} INFO - [2026-05-18T06:14:36.190+0000] {dag.py:4180} INFO - Setting next_dagrun for dataset_s3_bucket_producer to None, run_after=None
[2026-05-18T06:14:36.225+0000] {processor.py:208} INFO - Processing /home/noelsdavid/airflow_venv/lib/python3.12/site-packages/airflow/example_dags/example_dataset_alias.py took 0.140 seconds
[2026-05-18T06:15:39.211+0000] {processor.py:186} INFO - Started process (PID=7920) to work on /home/noelsdavid/airflow_venv/lib/python3.12/site-packages/airflow/example_dags/example_dataset_alias.py
[2026-05-18T06:15:39.213+0000] {processor.py:914} INFO - Processing file /home/noelsdavid/airflow_venv/lib/python3.12/site-packages/airflow/example_dags/example_dataset_alias.py for tasks to queue
[2026-05-18T06:15:39.217+0000] {logging_mixin.py:190} INFO - [2026-05-18T06:15:39.216+0000] {dagbag.py:588} INFO - Filling up the DagBag from /home/noelsdavid/airflow_venv/lib/python3.12/site-packages/airflow/example_dags/example_dataset_alias.py
[2026-05-18T06:15:39.253+0000] {processor.py:925} INFO - DAG(s) 'dataset_s3_bucket_producer', 'dataset_alias_example_alias_producer', 'dataset_s3_bucket_consumer', 'dataset_alias_example_alias_consumer' retrieved from /home/noelsdavid/airflow_venv/lib/python3.12/site-packages/airflow/example_dags/example_dataset_alias.py
[2026-05-18T06:15:39.279+0000] {logging_mixin.py:190} INFO - [2026-05-18T06:15:39.279+0000] {dag.py:3239} INFO - Sync 4 DAGs
[2026-05-18T06:15:39.304+0000] {logging_mixin.py:190} INFO - [2026-05-18T06:15:39.304+0000] {dag.py:4180} INFO - Setting next_dagrun for dataset_alias_example_alias_consumer to None, run_after=None
[2026-05-18T06:15:39.307+0000] {logging_mixin.py:190} INFO - [2026-05-18T06:15:39.307+0000] {dag.py:4180} INFO - Setting next_dagrun for dataset_alias_example_alias_producer to None, run_after=None
[2026-05-18T06:15:39.308+0000] {logging_mixin.py:190} INFO - [2026-05-18T06:15:39.308+0000] {dag.py:4180} INFO - Setting next_dagrun for dataset_s3_bucket_consumer to None, run_after=None
[2026-05-18T06:15:39.310+0000] {logging_mixin.py:190} INFO - [2026-05-18T06:15:39.309+0000] {dag.py:4180} INFO - Setting next_dagrun for dataset_s3_bucket_producer to None, run_after=None
[2026-05-18T06:15:39.344+0000] {processor.py:208} INFO - Processing /home/noelsdavid/airflow_venv/lib/python3.12/site-packages/airflow/example_dags/example_dataset_alias.py took 0.142 seconds
[2026-05-18T06:16:42.607+0000] {processor.py:186} INFO - Started process (PID=8063) to work on /home/noelsdavid/airflow_venv/lib/python3.12/site-packages/airflow/example_dags/example_dataset_alias.py
[2026-05-18T06:16:42.609+0000] {processor.py:914} INFO - Processing file /home/noelsdavid/airflow_venv/lib/python3.12/site-packages/airflow/example_dags/example_dataset_alias.py for tasks to queue
[2026-05-18T06:16:42.613+0000] {logging_mixin.py:190} INFO - [2026-05-18T06:16:42.612+0000] {dagbag.py:588} INFO - Filling up the DagBag from /home/noelsdavid/airflow_venv/lib/python3.12/site-packages/airflow/example_dags/example_dataset_alias.py
[2026-05-18T06:16:42.648+0000] {processor.py:925} INFO - DAG(s) 'dataset_alias_example_alias_consumer', 'dataset_s3_bucket_consumer', 'dataset_alias_example_alias_producer', 'dataset_s3_bucket_producer' retrieved from /home/noelsdavid/airflow_venv/lib/python3.12/site-packages/airflow/example_dags/example_dataset_alias.py
[2026-05-18T06:16:42.677+0000] {logging_mixin.py:190} INFO - [2026-05-18T06:16:42.677+0000] {dag.py:3239} INFO - Sync 4 DAGs
[2026-05-18T06:16:42.705+0000] {logging_mixin.py:190} INFO - [2026-05-18T06:16:42.705+0000] {dag.py:4180} INFO - Setting next_dagrun for dataset_alias_example_alias_consumer to None, run_after=None
[2026-05-18T06:16:42.708+0000] {logging_mixin.py:190} INFO - [2026-05-18T06:16:42.707+0000] {dag.py:4180} INFO - Setting next_dagrun for dataset_alias_example_alias_producer to None, run_after=None
[2026-05-18T06:16:42.709+0000] {logging_mixin.py:190} INFO - [2026-05-18T06:16:42.709+0000] {dag.py:4180} INFO - Setting next_dagrun for dataset_s3_bucket_consumer to None, run_after=None
[2026-05-18T06:16:42.711+0000] {logging_mixin.py:190} INFO - [2026-05-18T06:16:42.710+0000] {dag.py:4180} INFO - Setting next_dagrun for dataset_s3_bucket_producer to None, run_after=None
[2026-05-18T06:16:42.744+0000] {processor.py:208} INFO - Processing /home/noelsdavid/airflow_venv/lib/python3.12/site-packages/airflow/example_dags/example_dataset_alias.py took 0.145 seconds
[2026-05-18T06:17:46.303+0000] {processor.py:186} INFO - Started process (PID=8375) to work on /home/noelsdavid/airflow_venv/lib/python3.12/site-packages/airflow/example_dags/example_dataset_alias.py
[2026-05-18T06:17:46.305+0000] {processor.py:914} INFO - Processing file /home/noelsdavid/airflow_venv/lib/python3.12/site-packages/airflow/example_dags/example_dataset_alias.py for tasks to queue
[2026-05-18T06:17:46.308+0000] {logging_mixin.py:190} INFO - [2026-05-18T06:17:46.307+0000] {dagbag.py:588} INFO - Filling up the DagBag from /home/noelsdavid/airflow_venv/lib/python3.12/site-packages/airflow/example_dags/example_dataset_alias.py
[2026-05-18T06:17:46.341+0000] {processor.py:925} INFO - DAG(s) 'dataset_alias_example_alias_producer', 'dataset_s3_bucket_producer', 'dataset_s3_bucket_consumer', 'dataset_alias_example_alias_consumer' retrieved from /home/noelsdavid/airflow_venv/lib/python3.12/site-packages/airflow/example_dags/example_dataset_alias.py
[2026-05-18T06:17:46.367+0000] {logging_mixin.py:190} INFO - [2026-05-18T06:17:46.367+0000] {dag.py:3239} INFO - Sync 4 DAGs
[2026-05-18T06:17:46.393+0000] {logging_mixin.py:190} INFO - [2026-05-18T06:17:46.392+0000] {dag.py:4180} INFO - Setting next_dagrun for dataset_alias_example_alias_consumer to None, run_after=None
[2026-05-18T06:17:46.395+0000] {logging_mixin.py:190} INFO - [2026-05-18T06:17:46.395+0000] {dag.py:4180} INFO - Setting next_dagrun for dataset_alias_example_alias_producer to None, run_after=None
[2026-05-18T06:17:46.397+0000] {logging_mixin.py:190} INFO - [2026-05-18T06:17:46.397+0000] {dag.py:4180} INFO - Setting next_dagrun for dataset_s3_bucket_consumer to None, run_after=None
[2026-05-18T06:17:46.398+0000] {logging_mixin.py:190} INFO - [2026-05-18T06:17:46.398+0000] {dag.py:4180} INFO - Setting next_dagrun for dataset_s3_bucket_producer to None, run_after=None
[2026-05-18T06:17:46.432+0000] {processor.py:208} INFO - Processing /home/noelsdavid/airflow_venv/lib/python3.12/site-packages/airflow/example_dags/example_dataset_alias.py took 0.137 seconds
[2026-05-18T06:18:44.603+0000] {processor.py:186} INFO - Started process (PID=8488) to work on /home/noelsdavid/airflow_venv/lib/python3.12/site-packages/airflow/example_dags/example_dataset_alias.py
[2026-05-18T06:18:44.606+0000] {processor.py:914} INFO - Processing file /home/noelsdavid/airflow_venv/lib/python3.12/site-packages/airflow/example_dags/example_dataset_alias.py for tasks to queue
[2026-05-18T06:18:44.609+0000] {logging_mixin.py:190} INFO - [2026-05-18T06:18:44.609+0000] {dagbag.py:588} INFO - Filling up the DagBag from /home/noelsdavid/airflow_venv/lib/python3.12/site-packages/airflow/example_dags/example_dataset_alias.py
[2026-05-18T06:18:44.643+0000] {processor.py:925} INFO - DAG(s) 'dataset_s3_bucket_consumer', 'dataset_s3_bucket_producer', 'dataset_alias_example_alias_producer', 'dataset_alias_example_alias_consumer' retrieved from /home/noelsdavid/airflow_venv/lib/python3.12/site-packages/airflow/example_dags/example_dataset_alias.py
[2026-05-18T06:18:44.668+0000] {logging_mixin.py:190} INFO - [2026-05-18T06:18:44.668+0000] {dag.py:3239} INFO - Sync 4 DAGs
[2026-05-18T06:18:44.693+0000] {logging_mixin.py:190} INFO - [2026-05-18T06:18:44.693+0000] {dag.py:4180} INFO - Setting next_dagrun for dataset_alias_example_alias_consumer to None, run_after=None
[2026-05-18T06:18:44.696+0000] {logging_mixin.py:190} INFO - [2026-05-18T06:18:44.696+0000] {dag.py:4180} INFO - Setting next_dagrun for dataset_alias_example_alias_producer to None, run_after=None
[2026-05-18T06:18:44.697+0000] {logging_mixin.py:190} INFO - [2026-05-18T06:18:44.697+0000] {dag.py:4180} INFO - Setting next_dagrun for dataset_s3_bucket_consumer to None, run_after=None
[2026-05-18T06:18:44.699+0000] {logging_mixin.py:190} INFO - [2026-05-18T06:18:44.698+0000] {dag.py:4180} INFO - Setting next_dagrun for dataset_s3_bucket_producer to None, run_after=None
[2026-05-18T06:18:44.731+0000] {processor.py:208} INFO - Processing /home/noelsdavid/airflow_venv/lib/python3.12/site-packages/airflow/example_dags/example_dataset_alias.py took 0.135 seconds
[2026-05-18T06:19:44.868+0000] {processor.py:186} INFO - Started process (PID=8547) to work on /home/noelsdavid/airflow_venv/lib/python3.12/site-packages/airflow/example_dags/example_dataset_alias.py
[2026-05-18T06:19:44.870+0000] {processor.py:914} INFO - Processing file /home/noelsdavid/airflow_venv/lib/python3.12/site-packages/airflow/example_dags/example_dataset_alias.py for tasks to queue
[2026-05-18T06:19:44.874+0000] {logging_mixin.py:190} INFO - [2026-05-18T06:19:44.873+0000] {dagbag.py:588} INFO - Filling up the DagBag from /home/noelsdavid/airflow_venv/lib/python3.12/site-packages/airflow/example_dags/example_dataset_alias.py
[2026-05-18T06:19:44.908+0000] {processor.py:925} INFO - DAG(s) 'dataset_s3_bucket_producer', 'dataset_alias_example_alias_producer', 'dataset_alias_example_alias_consumer', 'dataset_s3_bucket_consumer' retrieved from /home/noelsdavid/airflow_venv/lib/python3.12/site-packages/airflow/example_dags/example_dataset_alias.py
[2026-05-18T06:19:44.940+0000] {logging_mixin.py:190} INFO - [2026-05-18T06:19:44.939+0000] {dag.py:3239} INFO - Sync 4 DAGs
[2026-05-18T06:19:44.965+0000] {logging_mixin.py:190} INFO - [2026-05-18T06:19:44.965+0000] {dag.py:4180} INFO - Setting next_dagrun for dataset_alias_example_alias_consumer to None, run_after=None
[2026-05-18T06:19:44.970+0000] {logging_mixin.py:190} INFO - [2026-05-18T06:19:44.969+0000] {dag.py:4180} INFO - Setting next_dagrun for dataset_alias_example_alias_producer to None, run_after=None
[2026-05-18T06:19:44.971+0000] {logging_mixin.py:190} INFO - [2026-05-18T06:19:44.971+0000] {dag.py:4180} INFO - Setting next_dagrun for dataset_s3_bucket_consumer to None, run_after=None
[2026-05-18T06:19:44.973+0000] {logging_mixin.py:190} INFO - [2026-05-18T06:19:44.973+0000] {dag.py:4180} INFO - Setting next_dagrun for dataset_s3_bucket_producer to None, run_after=None
[2026-05-18T06:19:45.014+0000] {processor.py:208} INFO - Processing /home/noelsdavid/airflow_venv/lib/python3.12/site-packages/airflow/example_dags/example_dataset_alias.py took 0.154 seconds
[2026-05-18T06:20:48.635+0000] {processor.py:186} INFO - Started process (PID=8636) to work on /home/noelsdavid/airflow_venv/lib/python3.12/site-packages/airflow/example_dags/example_dataset_alias.py
[2026-05-18T06:20:48.638+0000] {processor.py:914} INFO - Processing file /home/noelsdavid/airflow_venv/lib/python3.12/site-packages/airflow/example_dags/example_dataset_alias.py for tasks to queue
[2026-05-18T06:20:48.640+0000] {logging_mixin.py:190} INFO - [2026-05-18T06:20:48.639+0000] {dagbag.py:588} INFO - Filling up the DagBag from /home/noelsdavid/airflow_venv/lib/python3.12/site-packages/airflow/example_dags/example_dataset_alias.py
[2026-05-18T06:20:48.678+0000] {processor.py:925} INFO - DAG(s) 'dataset_s3_bucket_consumer', 'dataset_alias_example_alias_consumer', 'dataset_alias_example_alias_producer', 'dataset_s3_bucket_producer' retrieved from /home/noelsdavid/airflow_venv/lib/python3.12/site-packages/airflow/example_dags/example_dataset_alias.py
[2026-05-18T06:20:48.706+0000] {logging_mixin.py:190} INFO - [2026-05-18T06:20:48.706+0000] {dag.py:3239} INFO - Sync 4 DAGs
[2026-05-18T06:20:48.733+0000] {logging_mixin.py:190} INFO - [2026-05-18T06:20:48.733+0000] {dag.py:4180} INFO - Setting next_dagrun for dataset_alias_example_alias_consumer to None, run_after=None
[2026-05-18T06:20:48.737+0000] {logging_mixin.py:190} INFO - [2026-05-18T06:20:48.736+0000] {dag.py:4180} INFO - Setting next_dagrun for dataset_alias_example_alias_producer to None, run_after=None
[2026-05-18T06:20:48.738+0000] {logging_mixin.py:190} INFO - [2026-05-18T06:20:48.738+0000] {dag.py:4180} INFO - Setting next_dagrun for dataset_s3_bucket_consumer to None, run_after=None
[2026-05-18T06:20:48.739+0000] {logging_mixin.py:190} INFO - [2026-05-18T06:20:48.739+0000] {dag.py:4180} INFO - Setting next_dagrun for dataset_s3_bucket_producer to None, run_after=None
[2026-05-18T06:20:48.775+0000] {processor.py:208} INFO - Processing /home/noelsdavid/airflow_venv/lib/python3.12/site-packages/airflow/example_dags/example_dataset_alias.py took 0.148 seconds
[2026-05-18T06:21:52.456+0000] {processor.py:186} INFO - Started process (PID=8696) to work on /home/noelsdavid/airflow_venv/lib/python3.12/site-packages/airflow/example_dags/example_dataset_alias.py
[2026-05-18T06:21:52.458+0000] {processor.py:914} INFO - Processing file /home/noelsdavid/airflow_venv/lib/python3.12/site-packages/airflow/example_dags/example_dataset_alias.py for tasks to queue
[2026-05-18T06:21:52.460+0000] {logging_mixin.py:190} INFO - [2026-05-18T06:21:52.460+0000] {dagbag.py:588} INFO - Filling up the DagBag from /home/noelsdavid/airflow_venv/lib/python3.12/site-packages/airflow/example_dags/example_dataset_alias.py
[2026-05-18T06:21:52.493+0000] {processor.py:925} INFO - DAG(s) 'dataset_s3_bucket_producer', 'dataset_alias_example_alias_producer', 'dataset_alias_example_alias_consumer', 'dataset_s3_bucket_consumer' retrieved from /home/noelsdavid/airflow_venv/lib/python3.12/site-packages/airflow/example_dags/example_dataset_alias.py
[2026-05-18T06:21:52.520+0000] {logging_mixin.py:190} INFO - [2026-05-18T06:21:52.520+0000] {dag.py:3239} INFO - Sync 4 DAGs
[2026-05-18T06:21:52.547+0000] {logging_mixin.py:190} INFO - [2026-05-18T06:21:52.546+0000] {dag.py:4180} INFO - Setting next_dagrun for dataset_alias_example_alias_consumer to None, run_after=None
[2026-05-18T06:21:52.550+0000] {logging_mixin.py:190} INFO - [2026-05-18T06:21:52.549+0000] {dag.py:4180} INFO - Setting next_dagrun for dataset_alias_example_alias_producer to None, run_after=None
[2026-05-18T06:21:52.551+0000] {logging_mixin.py:190} INFO - [2026-05-18T06:21:52.551+0000] {dag.py:4180} INFO - Setting next_dagrun for dataset_s3_bucket_consumer to None, run_after=None
[2026-05-18T06:21:52.552+0000] {logging_mixin.py:190} INFO - [2026-05-18T06:21:52.552+0000] {dag.py:4180} INFO - Setting next_dagrun for dataset_s3_bucket_producer to None, run_after=None
[2026-05-18T06:21:52.585+0000] {processor.py:208} INFO - Processing /home/noelsdavid/airflow_venv/lib/python3.12/site-packages/airflow/example_dags/example_dataset_alias.py took 0.137 seconds
[2026-05-18T06:22:56.953+0000] {processor.py:186} INFO - Started process (PID=8759) to work on /home/noelsdavid/airflow_venv/lib/python3.12/site-packages/airflow/example_dags/example_dataset_alias.py
[2026-05-18T06:22:56.955+0000] {processor.py:914} INFO - Processing file /home/noelsdavid/airflow_venv/lib/python3.12/site-packages/airflow/example_dags/example_dataset_alias.py for tasks to queue
[2026-05-18T06:22:56.957+0000] {logging_mixin.py:190} INFO - [2026-05-18T06:22:56.956+0000] {dagbag.py:588} INFO - Filling up the DagBag from /home/noelsdavid/airflow_venv/lib/python3.12/site-packages/airflow/example_dags/example_dataset_alias.py
[2026-05-18T06:22:56.990+0000] {processor.py:925} INFO - DAG(s) 'dataset_alias_example_alias_consumer', 'dataset_s3_bucket_consumer', 'dataset_alias_example_alias_producer', 'dataset_s3_bucket_producer' retrieved from /home/noelsdavid/airflow_venv/lib/python3.12/site-packages/airflow/example_dags/example_dataset_alias.py
[2026-05-18T06:22:57.017+0000] {logging_mixin.py:190} INFO - [2026-05-18T06:22:57.017+0000] {dag.py:3239} INFO - Sync 4 DAGs
[2026-05-18T06:22:57.043+0000] {logging_mixin.py:190} INFO - [2026-05-18T06:22:57.042+0000] {dag.py:4180} INFO - Setting next_dagrun for dataset_alias_example_alias_consumer to None, run_after=None
[2026-05-18T06:22:57.045+0000] {logging_mixin.py:190} INFO - [2026-05-18T06:22:57.045+0000] {dag.py:4180} INFO - Setting next_dagrun for dataset_alias_example_alias_producer to None, run_after=None
[2026-05-18T06:22:57.046+0000] {logging_mixin.py:190} INFO - [2026-05-18T06:22:57.046+0000] {dag.py:4180} INFO - Setting next_dagrun for dataset_s3_bucket_consumer to None, run_after=None
[2026-05-18T06:22:57.048+0000] {logging_mixin.py:190} INFO - [2026-05-18T06:22:57.048+0000] {dag.py:4180} INFO - Setting next_dagrun for dataset_s3_bucket_producer to None, run_after=None
[2026-05-18T06:22:57.079+0000] {processor.py:208} INFO - Processing /home/noelsdavid/airflow_venv/lib/python3.12/site-packages/airflow/example_dags/example_dataset_alias.py took 0.135 seconds
[2026-05-18T06:24:00.831+0000] {processor.py:186} INFO - Started process (PID=8821) to work on /home/noelsdavid/airflow_venv/lib/python3.12/site-packages/airflow/example_dags/example_dataset_alias.py
[2026-05-18T06:24:00.834+0000] {processor.py:914} INFO - Processing file /home/noelsdavid/airflow_venv/lib/python3.12/site-packages/airflow/example_dags/example_dataset_alias.py for tasks to queue
[2026-05-18T06:24:00.836+0000] {logging_mixin.py:190} INFO - [2026-05-18T06:24:00.835+0000] {dagbag.py:588} INFO - Filling up the DagBag from /home/noelsdavid/airflow_venv/lib/python3.12/site-packages/airflow/example_dags/example_dataset_alias.py
[2026-05-18T06:24:00.872+0000] {processor.py:925} INFO - DAG(s) 'dataset_s3_bucket_producer', 'dataset_alias_example_alias_consumer', 'dataset_s3_bucket_consumer', 'dataset_alias_example_alias_producer' retrieved from /home/noelsdavid/airflow_venv/lib/python3.12/site-packages/airflow/example_dags/example_dataset_alias.py
[2026-05-18T06:24:00.899+0000] {logging_mixin.py:190} INFO - [2026-05-18T06:24:00.899+0000] {dag.py:3239} INFO - Sync 4 DAGs
[2026-05-18T06:24:00.927+0000] {logging_mixin.py:190} INFO - [2026-05-18T06:24:00.927+0000] {dag.py:4180} INFO - Setting next_dagrun for dataset_alias_example_alias_consumer to None, run_after=None
[2026-05-18T06:24:00.930+0000] {logging_mixin.py:190} INFO - [2026-05-18T06:24:00.929+0000] {dag.py:4180} INFO - Setting next_dagrun for dataset_alias_example_alias_producer to None, run_after=None
[2026-05-18T06:24:00.931+0000] {logging_mixin.py:190} INFO - [2026-05-18T06:24:00.931+0000] {dag.py:4180} INFO - Setting next_dagrun for dataset_s3_bucket_consumer to None, run_after=None
[2026-05-18T06:24:00.932+0000] {logging_mixin.py:190} INFO - [2026-05-18T06:24:00.932+0000] {dag.py:4180} INFO - Setting next_dagrun for dataset_s3_bucket_producer to None, run_after=None
[2026-05-18T06:24:00.967+0000] {processor.py:208} INFO - Processing /home/noelsdavid/airflow_venv/lib/python3.12/site-packages/airflow/example_dags/example_dataset_alias.py took 0.144 seconds
[2026-05-18T06:25:07.759+0000] {processor.py:186} INFO - Started process (PID=8885) to work on /home/noelsdavid/airflow_venv/lib/python3.12/site-packages/airflow/example_dags/example_dataset_alias.py
[2026-05-18T06:25:07.762+0000] {processor.py:914} INFO - Processing file /home/noelsdavid/airflow_venv/lib/python3.12/site-packages/airflow/example_dags/example_dataset_alias.py for tasks to queue
[2026-05-18T06:25:07.764+0000] {logging_mixin.py:190} INFO - [2026-05-18T06:25:07.763+0000] {dagbag.py:588} INFO - Filling up the DagBag from /home/noelsdavid/airflow_venv/lib/python3.12/site-packages/airflow/example_dags/example_dataset_alias.py
[2026-05-18T06:25:07.801+0000] {processor.py:925} INFO - DAG(s) 'dataset_alias_example_alias_producer', 'dataset_s3_bucket_consumer', 'dataset_alias_example_alias_consumer', 'dataset_s3_bucket_producer' retrieved from /home/noelsdavid/airflow_venv/lib/python3.12/site-packages/airflow/example_dags/example_dataset_alias.py
[2026-05-18T06:25:07.829+0000] {logging_mixin.py:190} INFO - [2026-05-18T06:25:07.829+0000] {dag.py:3239} INFO - Sync 4 DAGs
[2026-05-18T06:25:07.859+0000] {logging_mixin.py:190} INFO - [2026-05-18T06:25:07.859+0000] {dag.py:4180} INFO - Setting next_dagrun for dataset_alias_example_alias_consumer to None, run_after=None
[2026-05-18T06:25:07.863+0000] {logging_mixin.py:190} INFO - [2026-05-18T06:25:07.863+0000] {dag.py:4180} INFO - Setting next_dagrun for dataset_alias_example_alias_producer to None, run_after=None
[2026-05-18T06:25:07.864+0000] {logging_mixin.py:190} INFO - [2026-05-18T06:25:07.864+0000] {dag.py:4180} INFO - Setting next_dagrun for dataset_s3_bucket_consumer to None, run_after=None
[2026-05-18T06:25:07.865+0000] {logging_mixin.py:190} INFO - [2026-05-18T06:25:07.865+0000] {dag.py:4180} INFO - Setting next_dagrun for dataset_s3_bucket_producer to None, run_after=None
[2026-05-18T06:25:07.901+0000] {processor.py:208} INFO - Processing /home/noelsdavid/airflow_venv/lib/python3.12/site-packages/airflow/example_dags/example_dataset_alias.py took 0.150 seconds
[2026-05-18T06:26:12.109+0000] {processor.py:186} INFO - Started process (PID=9026) to work on /home/noelsdavid/airflow_venv/lib/python3.12/site-packages/airflow/example_dags/example_dataset_alias.py
[2026-05-18T06:26:12.111+0000] {processor.py:914} INFO - Processing file /home/noelsdavid/airflow_venv/lib/python3.12/site-packages/airflow/example_dags/example_dataset_alias.py for tasks to queue
[2026-05-18T06:26:12.114+0000] {logging_mixin.py:190} INFO - [2026-05-18T06:26:12.113+0000] {dagbag.py:588} INFO - Filling up the DagBag from /home/noelsdavid/airflow_venv/lib/python3.12/site-packages/airflow/example_dags/example_dataset_alias.py
[2026-05-18T06:26:12.148+0000] {processor.py:925} INFO - DAG(s) 'dataset_alias_example_alias_consumer', 'dataset_s3_bucket_producer', 'dataset_alias_example_alias_producer', 'dataset_s3_bucket_consumer' retrieved from /home/noelsdavid/airflow_venv/lib/python3.12/site-packages/airflow/example_dags/example_dataset_alias.py
[2026-05-18T06:26:12.175+0000] {logging_mixin.py:190} INFO - [2026-05-18T06:26:12.175+0000] {dag.py:3239} INFO - Sync 4 DAGs
[2026-05-18T06:26:12.204+0000] {logging_mixin.py:190} INFO - [2026-05-18T06:26:12.203+0000] {dag.py:4180} INFO - Setting next_dagrun for dataset_alias_example_alias_consumer to None, run_after=None
[2026-05-18T06:26:12.208+0000] {logging_mixin.py:190} INFO - [2026-05-18T06:26:12.207+0000] {dag.py:4180} INFO - Setting next_dagrun for dataset_alias_example_alias_producer to None, run_after=None
[2026-05-18T06:26:12.209+0000] {logging_mixin.py:190} INFO - [2026-05-18T06:26:12.209+0000] {dag.py:4180} INFO - Setting next_dagrun for dataset_s3_bucket_consumer to None, run_after=None
[2026-05-18T06:26:12.210+0000] {logging_mixin.py:190} INFO - [2026-05-18T06:26:12.210+0000] {dag.py:4180} INFO - Setting next_dagrun for dataset_s3_bucket_producer to None, run_after=None
[2026-05-18T06:26:12.247+0000] {processor.py:208} INFO - Processing /home/noelsdavid/airflow_venv/lib/python3.12/site-packages/airflow/example_dags/example_dataset_alias.py took 0.146 seconds
[2026-05-18T06:27:29.523+0000] {processor.py:186} INFO - Started process (PID=9501) to work on /home/noelsdavid/airflow_venv/lib/python3.12/site-packages/airflow/example_dags/example_dataset_alias.py
[2026-05-18T06:27:29.525+0000] {processor.py:914} INFO - Processing file /home/noelsdavid/airflow_venv/lib/python3.12/site-packages/airflow/example_dags/example_dataset_alias.py for tasks to queue
[2026-05-18T06:27:29.527+0000] {logging_mixin.py:190} INFO - [2026-05-18T06:27:29.527+0000] {dagbag.py:588} INFO - Filling up the DagBag from /home/noelsdavid/airflow_venv/lib/python3.12/site-packages/airflow/example_dags/example_dataset_alias.py
[2026-05-18T06:27:29.561+0000] {processor.py:925} INFO - DAG(s) 'dataset_s3_bucket_producer', 'dataset_s3_bucket_consumer', 'dataset_alias_example_alias_consumer', 'dataset_alias_example_alias_producer' retrieved from /home/noelsdavid/airflow_venv/lib/python3.12/site-packages/airflow/example_dags/example_dataset_alias.py
[2026-05-18T06:27:29.587+0000] {logging_mixin.py:190} INFO - [2026-05-18T06:27:29.587+0000] {dag.py:3239} INFO - Sync 4 DAGs
[2026-05-18T06:27:29.611+0000] {logging_mixin.py:190} INFO - [2026-05-18T06:27:29.611+0000] {dag.py:4180} INFO - Setting next_dagrun for dataset_alias_example_alias_consumer to None, run_after=None
[2026-05-18T06:27:29.614+0000] {logging_mixin.py:190} INFO - [2026-05-18T06:27:29.614+0000] {dag.py:4180} INFO - Setting next_dagrun for dataset_alias_example_alias_producer to None, run_after=None
[2026-05-18T06:27:29.615+0000] {logging_mixin.py:190} INFO - [2026-05-18T06:27:29.615+0000] {dag.py:4180} INFO - Setting next_dagrun for dataset_s3_bucket_consumer to None, run_after=None
[2026-05-18T06:27:29.616+0000] {logging_mixin.py:190} INFO - [2026-05-18T06:27:29.616+0000] {dag.py:4180} INFO - Setting next_dagrun for dataset_s3_bucket_producer to None, run_after=None
[2026-05-18T06:27:29.653+0000] {processor.py:208} INFO - Processing /home/noelsdavid/airflow_venv/lib/python3.12/site-packages/airflow/example_dags/example_dataset_alias.py took 0.138 seconds
[2026-05-18T06:28:43.487+0000] {processor.py:186} INFO - Started process (PID=9734) to work on /home/noelsdavid/airflow_venv/lib/python3.12/site-packages/airflow/example_dags/example_dataset_alias.py
[2026-05-18T06:28:43.490+0000] {processor.py:914} INFO - Processing file /home/noelsdavid/airflow_venv/lib/python3.12/site-packages/airflow/example_dags/example_dataset_alias.py for tasks to queue
[2026-05-18T06:28:43.493+0000] {logging_mixin.py:190} INFO - [2026-05-18T06:28:43.492+0000] {dagbag.py:588} INFO - Filling up the DagBag from /home/noelsdavid/airflow_venv/lib/python3.12/site-packages/airflow/example_dags/example_dataset_alias.py
[2026-05-18T06:28:43.538+0000] {processor.py:925} INFO - DAG(s) 'dataset_alias_example_alias_producer', 'dataset_s3_bucket_consumer', 'dataset_alias_example_alias_consumer', 'dataset_s3_bucket_producer' retrieved from /home/noelsdavid/airflow_venv/lib/python3.12/site-packages/airflow/example_dags/example_dataset_alias.py
[2026-05-18T06:28:43.574+0000] {logging_mixin.py:190} INFO - [2026-05-18T06:28:43.574+0000] {dag.py:3239} INFO - Sync 4 DAGs
[2026-05-18T06:28:43.613+0000] {logging_mixin.py:190} INFO - [2026-05-18T06:28:43.613+0000] {dag.py:4180} INFO - Setting next_dagrun for dataset_alias_example_alias_consumer to None, run_after=None
[2026-05-18T06:28:43.616+0000] {logging_mixin.py:190} INFO - [2026-05-18T06:28:43.616+0000] {dag.py:4180} INFO - Setting next_dagrun for dataset_alias_example_alias_producer to None, run_after=None
[2026-05-18T06:28:43.619+0000] {logging_mixin.py:190} INFO - [2026-05-18T06:28:43.618+0000] {dag.py:4180} INFO - Setting next_dagrun for dataset_s3_bucket_consumer to None, run_after=None
[2026-05-18T06:28:43.620+0000] {logging_mixin.py:190} INFO - [2026-05-18T06:28:43.620+0000] {dag.py:4180} INFO - Setting next_dagrun for dataset_s3_bucket_producer to None, run_after=None
[2026-05-18T06:28:43.670+0000] {processor.py:208} INFO - Processing /home/noelsdavid/airflow_venv/lib/python3.12/site-packages/airflow/example_dags/example_dataset_alias.py took 0.192 seconds
[2026-05-18T06:29:53.825+0000] {processor.py:186} INFO - Started process (PID=9798) to work on /home/noelsdavid/airflow_venv/lib/python3.12/site-packages/airflow/example_dags/example_dataset_alias.py
[2026-05-18T06:29:53.827+0000] {processor.py:914} INFO - Processing file /home/noelsdavid/airflow_venv/lib/python3.12/site-packages/airflow/example_dags/example_dataset_alias.py for tasks to queue
[2026-05-18T06:29:53.829+0000] {logging_mixin.py:190} INFO - [2026-05-18T06:29:53.829+0000] {dagbag.py:588} INFO - Filling up the DagBag from /home/noelsdavid/airflow_venv/lib/python3.12/site-packages/airflow/example_dags/example_dataset_alias.py
[2026-05-18T06:29:53.863+0000] {processor.py:925} INFO - DAG(s) 'dataset_s3_bucket_producer', 'dataset_alias_example_alias_producer', 'dataset_alias_example_alias_consumer', 'dataset_s3_bucket_consumer' retrieved from /home/noelsdavid/airflow_venv/lib/python3.12/site-packages/airflow/example_dags/example_dataset_alias.py
[2026-05-18T06:29:53.890+0000] {logging_mixin.py:190} INFO - [2026-05-18T06:29:53.890+0000] {dag.py:3239} INFO - Sync 4 DAGs
[2026-05-18T06:29:53.915+0000] {logging_mixin.py:190} INFO - [2026-05-18T06:29:53.915+0000] {dag.py:4180} INFO - Setting next_dagrun for dataset_alias_example_alias_consumer to None, run_after=None
[2026-05-18T06:29:53.918+0000] {logging_mixin.py:190} INFO - [2026-05-18T06:29:53.918+0000] {dag.py:4180} INFO - Setting next_dagrun for dataset_alias_example_alias_producer to None, run_after=None
[2026-05-18T06:29:53.919+0000] {logging_mixin.py:190} INFO - [2026-05-18T06:29:53.919+0000] {dag.py:4180} INFO - Setting next_dagrun for dataset_s3_bucket_consumer to None, run_after=None
[2026-05-18T06:29:53.921+0000] {logging_mixin.py:190} INFO - [2026-05-18T06:29:53.920+0000] {dag.py:4180} INFO - Setting next_dagrun for dataset_s3_bucket_producer to None, run_after=None
[2026-05-18T06:29:53.953+0000] {processor.py:208} INFO - Processing /home/noelsdavid/airflow_venv/lib/python3.12/site-packages/airflow/example_dags/example_dataset_alias.py took 0.136 seconds
[2026-05-18T06:30:59.261+0000] {processor.py:186} INFO - Started process (PID=9885) to work on /home/noelsdavid/airflow_venv/lib/python3.12/site-packages/airflow/example_dags/example_dataset_alias.py
[2026-05-18T06:30:59.270+0000] {processor.py:914} INFO - Processing file /home/noelsdavid/airflow_venv/lib/python3.12/site-packages/airflow/example_dags/example_dataset_alias.py for tasks to queue
[2026-05-18T06:30:59.272+0000] {logging_mixin.py:190} INFO - [2026-05-18T06:30:59.271+0000] {dagbag.py:588} INFO - Filling up the DagBag from /home/noelsdavid/airflow_venv/lib/python3.12/site-packages/airflow/example_dags/example_dataset_alias.py
[2026-05-18T06:30:59.305+0000] {processor.py:925} INFO - DAG(s) 'dataset_alias_example_alias_consumer', 'dataset_alias_example_alias_producer', 'dataset_s3_bucket_consumer', 'dataset_s3_bucket_producer' retrieved from /home/noelsdavid/airflow_venv/lib/python3.12/site-packages/airflow/example_dags/example_dataset_alias.py
[2026-05-18T06:30:59.331+0000] {logging_mixin.py:190} INFO - [2026-05-18T06:30:59.330+0000] {dag.py:3239} INFO - Sync 4 DAGs
[2026-05-18T06:30:59.358+0000] {logging_mixin.py:190} INFO - [2026-05-18T06:30:59.358+0000] {dag.py:4180} INFO - Setting next_dagrun for dataset_alias_example_alias_consumer to None, run_after=None
[2026-05-18T06:30:59.360+0000] {logging_mixin.py:190} INFO - [2026-05-18T06:30:59.360+0000] {dag.py:4180} INFO - Setting next_dagrun for dataset_alias_example_alias_producer to None, run_after=None
[2026-05-18T06:30:59.362+0000] {logging_mixin.py:190} INFO - [2026-05-18T06:30:59.361+0000] {dag.py:4180} INFO - Setting next_dagrun for dataset_s3_bucket_consumer to None, run_after=None
[2026-05-18T06:30:59.363+0000] {logging_mixin.py:190} INFO - [2026-05-18T06:30:59.362+0000] {dag.py:4180} INFO - Setting next_dagrun for dataset_s3_bucket_producer to None, run_after=None
[2026-05-18T06:30:59.395+0000] {processor.py:208} INFO - Processing /home/noelsdavid/airflow_venv/lib/python3.12/site-packages/airflow/example_dags/example_dataset_alias.py took 0.142 seconds
[2026-05-18T06:32:02.770+0000] {processor.py:186} INFO - Started process (PID=9948) to work on /home/noelsdavid/airflow_venv/lib/python3.12/site-packages/airflow/example_dags/example_dataset_alias.py
[2026-05-18T06:32:02.785+0000] {processor.py:914} INFO - Processing file /home/noelsdavid/airflow_venv/lib/python3.12/site-packages/airflow/example_dags/example_dataset_alias.py for tasks to queue
[2026-05-18T06:32:02.787+0000] {logging_mixin.py:190} INFO - [2026-05-18T06:32:02.786+0000] {dagbag.py:588} INFO - Filling up the DagBag from /home/noelsdavid/airflow_venv/lib/python3.12/site-packages/airflow/example_dags/example_dataset_alias.py
[2026-05-18T06:32:02.819+0000] {processor.py:925} INFO - DAG(s) 'dataset_alias_example_alias_consumer', 'dataset_s3_bucket_producer', 'dataset_s3_bucket_consumer', 'dataset_alias_example_alias_producer' retrieved from /home/noelsdavid/airflow_venv/lib/python3.12/site-packages/airflow/example_dags/example_dataset_alias.py
[2026-05-18T06:32:02.844+0000] {logging_mixin.py:190} INFO - [2026-05-18T06:32:02.844+0000] {dag.py:3239} INFO - Sync 4 DAGs
[2026-05-18T06:32:02.868+0000] {logging_mixin.py:190} INFO - [2026-05-18T06:32:02.868+0000] {dag.py:4180} INFO - Setting next_dagrun for dataset_alias_example_alias_consumer to None, run_after=None
[2026-05-18T06:32:02.871+0000] {logging_mixin.py:190} INFO - [2026-05-18T06:32:02.871+0000] {dag.py:4180} INFO - Setting next_dagrun for dataset_alias_example_alias_producer to None, run_after=None
[2026-05-18T06:32:02.872+0000] {logging_mixin.py:190} INFO - [2026-05-18T06:32:02.872+0000] {dag.py:4180} INFO - Setting next_dagrun for dataset_s3_bucket_consumer to None, run_after=None
[2026-05-18T06:32:02.873+0000] {logging_mixin.py:190} INFO - [2026-05-18T06:32:02.873+0000] {dag.py:4180} INFO - Setting next_dagrun for dataset_s3_bucket_producer to None, run_after=None
[2026-05-18T06:32:02.908+0000] {processor.py:208} INFO - Processing /home/noelsdavid/airflow_venv/lib/python3.12/site-packages/airflow/example_dags/example_dataset_alias.py took 0.145 seconds
[2026-05-18T06:33:01.985+0000] {processor.py:186} INFO - Started process (PID=10008) to work on /home/noelsdavid/airflow_venv/lib/python3.12/site-packages/airflow/example_dags/example_dataset_alias.py
[2026-05-18T06:33:01.987+0000] {processor.py:914} INFO - Processing file /home/noelsdavid/airflow_venv/lib/python3.12/site-packages/airflow/example_dags/example_dataset_alias.py for tasks to queue
[2026-05-18T06:33:01.989+0000] {logging_mixin.py:190} INFO - [2026-05-18T06:33:01.988+0000] {dagbag.py:588} INFO - Filling up the DagBag from /home/noelsdavid/airflow_venv/lib/python3.12/site-packages/airflow/example_dags/example_dataset_alias.py
[2026-05-18T06:33:02.022+0000] {processor.py:925} INFO - DAG(s) 'dataset_s3_bucket_consumer', 'dataset_alias_example_alias_consumer', 'dataset_s3_bucket_producer', 'dataset_alias_example_alias_producer' retrieved from /home/noelsdavid/airflow_venv/lib/python3.12/site-packages/airflow/example_dags/example_dataset_alias.py
[2026-05-18T06:33:02.048+0000] {logging_mixin.py:190} INFO - [2026-05-18T06:33:02.047+0000] {dag.py:3239} INFO - Sync 4 DAGs
[2026-05-18T06:33:02.072+0000] {logging_mixin.py:190} INFO - [2026-05-18T06:33:02.072+0000] {dag.py:4180} INFO - Setting next_dagrun for dataset_alias_example_alias_consumer to None, run_after=None
[2026-05-18T06:33:02.075+0000] {logging_mixin.py:190} INFO - [2026-05-18T06:33:02.075+0000] {dag.py:4180} INFO - Setting next_dagrun for dataset_alias_example_alias_producer to None, run_after=None
[2026-05-18T06:33:02.076+0000] {logging_mixin.py:190} INFO - [2026-05-18T06:33:02.076+0000] {dag.py:4180} INFO - Setting next_dagrun for dataset_s3_bucket_consumer to None, run_after=None
[2026-05-18T06:33:02.077+0000] {logging_mixin.py:190} INFO - [2026-05-18T06:33:02.077+0000] {dag.py:4180} INFO - Setting next_dagrun for dataset_s3_bucket_producer to None, run_after=None
[2026-05-18T06:33:02.109+0000] {processor.py:208} INFO - Processing /home/noelsdavid/airflow_venv/lib/python3.12/site-packages/airflow/example_dags/example_dataset_alias.py took 0.132 seconds
[2026-05-18T06:34:09.777+0000] {processor.py:186} INFO - Started process (PID=10143) to work on /home/noelsdavid/airflow_venv/lib/python3.12/site-packages/airflow/example_dags/example_dataset_alias.py
[2026-05-18T06:34:09.793+0000] {processor.py:914} INFO - Processing file /home/noelsdavid/airflow_venv/lib/python3.12/site-packages/airflow/example_dags/example_dataset_alias.py for tasks to queue
[2026-05-18T06:34:09.795+0000] {logging_mixin.py:190} INFO - [2026-05-18T06:34:09.794+0000] {dagbag.py:588} INFO - Filling up the DagBag from /home/noelsdavid/airflow_venv/lib/python3.12/site-packages/airflow/example_dags/example_dataset_alias.py
[2026-05-18T06:34:09.829+0000] {processor.py:925} INFO - DAG(s) 'dataset_alias_example_alias_consumer', 'dataset_alias_example_alias_producer', 'dataset_s3_bucket_consumer', 'dataset_s3_bucket_producer' retrieved from /home/noelsdavid/airflow_venv/lib/python3.12/site-packages/airflow/example_dags/example_dataset_alias.py
[2026-05-18T06:34:09.858+0000] {logging_mixin.py:190} INFO - [2026-05-18T06:34:09.858+0000] {dag.py:3239} INFO - Sync 4 DAGs
[2026-05-18T06:34:09.885+0000] {logging_mixin.py:190} INFO - [2026-05-18T06:34:09.885+0000] {dag.py:4180} INFO - Setting next_dagrun for dataset_alias_example_alias_consumer to None, run_after=None
[2026-05-18T06:34:09.889+0000] {logging_mixin.py:190} INFO - [2026-05-18T06:34:09.888+0000] {dag.py:4180} INFO - Setting next_dagrun for dataset_alias_example_alias_producer to None, run_after=None
[2026-05-18T06:34:09.890+0000] {logging_mixin.py:190} INFO - [2026-05-18T06:34:09.890+0000] {dag.py:4180} INFO - Setting next_dagrun for dataset_s3_bucket_consumer to None, run_after=None
[2026-05-18T06:34:09.891+0000] {logging_mixin.py:190} INFO - [2026-05-18T06:34:09.891+0000] {dag.py:4180} INFO - Setting next_dagrun for dataset_s3_bucket_producer to None, run_after=None
[2026-05-18T06:34:09.927+0000] {processor.py:208} INFO - Processing /home/noelsdavid/airflow_venv/lib/python3.12/site-packages/airflow/example_dags/example_dataset_alias.py took 0.158 seconds
[2026-05-18T06:35:12.324+0000] {processor.py:186} INFO - Started process (PID=10293) to work on /home/noelsdavid/airflow_venv/lib/python3.12/site-packages/airflow/example_dags/example_dataset_alias.py
[2026-05-18T06:35:12.327+0000] {processor.py:914} INFO - Processing file /home/noelsdavid/airflow_venv/lib/python3.12/site-packages/airflow/example_dags/example_dataset_alias.py for tasks to queue
[2026-05-18T06:35:12.329+0000] {logging_mixin.py:190} INFO - [2026-05-18T06:35:12.328+0000] {dagbag.py:588} INFO - Filling up the DagBag from /home/noelsdavid/airflow_venv/lib/python3.12/site-packages/airflow/example_dags/example_dataset_alias.py
[2026-05-18T06:35:12.363+0000] {processor.py:925} INFO - DAG(s) 'dataset_alias_example_alias_consumer', 'dataset_alias_example_alias_producer', 'dataset_s3_bucket_producer', 'dataset_s3_bucket_consumer' retrieved from /home/noelsdavid/airflow_venv/lib/python3.12/site-packages/airflow/example_dags/example_dataset_alias.py
[2026-05-18T06:35:12.389+0000] {logging_mixin.py:190} INFO - [2026-05-18T06:35:12.389+0000] {dag.py:3239} INFO - Sync 4 DAGs
[2026-05-18T06:35:12.418+0000] {logging_mixin.py:190} INFO - [2026-05-18T06:35:12.417+0000] {dag.py:4180} INFO - Setting next_dagrun for dataset_alias_example_alias_consumer to None, run_after=None
[2026-05-18T06:35:12.420+0000] {logging_mixin.py:190} INFO - [2026-05-18T06:35:12.420+0000] {dag.py:4180} INFO - Setting next_dagrun for dataset_alias_example_alias_producer to None, run_after=None
[2026-05-18T06:35:12.422+0000] {logging_mixin.py:190} INFO - [2026-05-18T06:35:12.421+0000] {dag.py:4180} INFO - Setting next_dagrun for dataset_s3_bucket_consumer to None, run_after=None
[2026-05-18T06:35:12.423+0000] {logging_mixin.py:190} INFO - [2026-05-18T06:35:12.423+0000] {dag.py:4180} INFO - Setting next_dagrun for dataset_s3_bucket_producer to None, run_after=None
[2026-05-18T06:35:12.459+0000] {processor.py:208} INFO - Processing /home/noelsdavid/airflow_venv/lib/python3.12/site-packages/airflow/example_dags/example_dataset_alias.py took 0.142 seconds
[2026-05-18T06:36:16.988+0000] {processor.py:186} INFO - Started process (PID=10478) to work on /home/noelsdavid/airflow_venv/lib/python3.12/site-packages/airflow/example_dags/example_dataset_alias.py
[2026-05-18T06:36:16.990+0000] {processor.py:914} INFO - Processing file /home/noelsdavid/airflow_venv/lib/python3.12/site-packages/airflow/example_dags/example_dataset_alias.py for tasks to queue
[2026-05-18T06:36:16.992+0000] {logging_mixin.py:190} INFO - [2026-05-18T06:36:16.992+0000] {dagbag.py:588} INFO - Filling up the DagBag from /home/noelsdavid/airflow_venv/lib/python3.12/site-packages/airflow/example_dags/example_dataset_alias.py
[2026-05-18T06:36:17.028+0000] {processor.py:925} INFO - DAG(s) 'dataset_s3_bucket_consumer', 'dataset_alias_example_alias_producer', 'dataset_alias_example_alias_consumer', 'dataset_s3_bucket_producer' retrieved from /home/noelsdavid/airflow_venv/lib/python3.12/site-packages/airflow/example_dags/example_dataset_alias.py
[2026-05-18T06:36:17.056+0000] {logging_mixin.py:190} INFO - [2026-05-18T06:36:17.055+0000] {dag.py:3239} INFO - Sync 4 DAGs
[2026-05-18T06:36:17.085+0000] {logging_mixin.py:190} INFO - [2026-05-18T06:36:17.084+0000] {dag.py:4180} INFO - Setting next_dagrun for dataset_alias_example_alias_consumer to None, run_after=None
[2026-05-18T06:36:17.087+0000] {logging_mixin.py:190} INFO - [2026-05-18T06:36:17.087+0000] {dag.py:4180} INFO - Setting next_dagrun for dataset_alias_example_alias_producer to None, run_after=None
[2026-05-18T06:36:17.089+0000] {logging_mixin.py:190} INFO - [2026-05-18T06:36:17.088+0000] {dag.py:4180} INFO - Setting next_dagrun for dataset_s3_bucket_consumer to None, run_after=None
[2026-05-18T06:36:17.090+0000] {logging_mixin.py:190} INFO - [2026-05-18T06:36:17.089+0000] {dag.py:4180} INFO - Setting next_dagrun for dataset_s3_bucket_producer to None, run_after=None
[2026-05-18T06:36:17.122+0000] {processor.py:208} INFO - Processing /home/noelsdavid/airflow_venv/lib/python3.12/site-packages/airflow/example_dags/example_dataset_alias.py took 0.142 seconds
[2026-05-18T06:37:17.844+0000] {processor.py:186} INFO - Started process (PID=10804) to work on /home/noelsdavid/airflow_venv/lib/python3.12/site-packages/airflow/example_dags/example_dataset_alias.py
[2026-05-18T06:37:17.847+0000] {processor.py:914} INFO - Processing file /home/noelsdavid/airflow_venv/lib/python3.12/site-packages/airflow/example_dags/example_dataset_alias.py for tasks to queue
[2026-05-18T06:37:17.849+0000] {logging_mixin.py:190} INFO - [2026-05-18T06:37:17.848+0000] {dagbag.py:588} INFO - Filling up the DagBag from /home/noelsdavid/airflow_venv/lib/python3.12/site-packages/airflow/example_dags/example_dataset_alias.py
[2026-05-18T06:37:17.883+0000] {processor.py:925} INFO - DAG(s) 'dataset_alias_example_alias_consumer', 'dataset_s3_bucket_producer', 'dataset_s3_bucket_consumer', 'dataset_alias_example_alias_producer' retrieved from /home/noelsdavid/airflow_venv/lib/python3.12/site-packages/airflow/example_dags/example_dataset_alias.py
[2026-05-18T06:37:17.909+0000] {logging_mixin.py:190} INFO - [2026-05-18T06:37:17.909+0000] {dag.py:3239} INFO - Sync 4 DAGs
[2026-05-18T06:37:17.939+0000] {logging_mixin.py:190} INFO - [2026-05-18T06:37:17.939+0000] {dag.py:4180} INFO - Setting next_dagrun for dataset_alias_example_alias_consumer to None, run_after=None
[2026-05-18T06:37:17.943+0000] {logging_mixin.py:190} INFO - [2026-05-18T06:37:17.943+0000] {dag.py:4180} INFO - Setting next_dagrun for dataset_alias_example_alias_producer to None, run_after=None
[2026-05-18T06:37:17.944+0000] {logging_mixin.py:190} INFO - [2026-05-18T06:37:17.944+0000] {dag.py:4180} INFO - Setting next_dagrun for dataset_s3_bucket_consumer to None, run_after=None
[2026-05-18T06:37:17.946+0000] {logging_mixin.py:190} INFO - [2026-05-18T06:37:17.945+0000] {dag.py:4180} INFO - Setting next_dagrun for dataset_s3_bucket_producer to None, run_after=None
[2026-05-18T06:37:17.982+0000] {processor.py:208} INFO - Processing /home/noelsdavid/airflow_venv/lib/python3.12/site-packages/airflow/example_dags/example_dataset_alias.py took 0.146 seconds
[2026-05-18T06:38:26.926+0000] {processor.py:186} INFO - Started process (PID=11060) to work on /home/noelsdavid/airflow_venv/lib/python3.12/site-packages/airflow/example_dags/example_dataset_alias.py
[2026-05-18T06:38:26.928+0000] {processor.py:914} INFO - Processing file /home/noelsdavid/airflow_venv/lib/python3.12/site-packages/airflow/example_dags/example_dataset_alias.py for tasks to queue
[2026-05-18T06:38:26.930+0000] {logging_mixin.py:190} INFO - [2026-05-18T06:38:26.930+0000] {dagbag.py:588} INFO - Filling up the DagBag from /home/noelsdavid/airflow_venv/lib/python3.12/site-packages/airflow/example_dags/example_dataset_alias.py
[2026-05-18T06:38:26.964+0000] {processor.py:925} INFO - DAG(s) 'dataset_s3_bucket_producer', 'dataset_alias_example_alias_consumer', 'dataset_alias_example_alias_producer', 'dataset_s3_bucket_consumer' retrieved from /home/noelsdavid/airflow_venv/lib/python3.12/site-packages/airflow/example_dags/example_dataset_alias.py
[2026-05-18T06:38:26.989+0000] {logging_mixin.py:190} INFO - [2026-05-18T06:38:26.989+0000] {dag.py:3239} INFO - Sync 4 DAGs
[2026-05-18T06:38:27.016+0000] {logging_mixin.py:190} INFO - [2026-05-18T06:38:27.016+0000] {dag.py:4180} INFO - Setting next_dagrun for dataset_alias_example_alias_consumer to None, run_after=None
[2026-05-18T06:38:27.019+0000] {logging_mixin.py:190} INFO - [2026-05-18T06:38:27.019+0000] {dag.py:4180} INFO - Setting next_dagrun for dataset_alias_example_alias_producer to None, run_after=None
[2026-05-18T06:38:27.020+0000] {logging_mixin.py:190} INFO - [2026-05-18T06:38:27.020+0000] {dag.py:4180} INFO - Setting next_dagrun for dataset_s3_bucket_consumer to None, run_after=None
[2026-05-18T06:38:27.021+0000] {logging_mixin.py:190} INFO - [2026-05-18T06:38:27.021+0000] {dag.py:4180} INFO - Setting next_dagrun for dataset_s3_bucket_producer to None, run_after=None
[2026-05-18T06:38:27.058+0000] {processor.py:208} INFO - Processing /home/noelsdavid/airflow_venv/lib/python3.12/site-packages/airflow/example_dags/example_dataset_alias.py took 0.140 seconds
[2026-05-18T06:39:29.588+0000] {processor.py:186} INFO - Started process (PID=11285) to work on /home/noelsdavid/airflow_venv/lib/python3.12/site-packages/airflow/example_dags/example_dataset_alias.py
[2026-05-18T06:39:29.591+0000] {processor.py:914} INFO - Processing file /home/noelsdavid/airflow_venv/lib/python3.12/site-packages/airflow/example_dags/example_dataset_alias.py for tasks to queue
[2026-05-18T06:39:29.593+0000] {logging_mixin.py:190} INFO - [2026-05-18T06:39:29.592+0000] {dagbag.py:588} INFO - Filling up the DagBag from /home/noelsdavid/airflow_venv/lib/python3.12/site-packages/airflow/example_dags/example_dataset_alias.py
[2026-05-18T06:39:29.627+0000] {processor.py:925} INFO - DAG(s) 'dataset_alias_example_alias_producer', 'dataset_alias_example_alias_consumer', 'dataset_s3_bucket_consumer', 'dataset_s3_bucket_producer' retrieved from /home/noelsdavid/airflow_venv/lib/python3.12/site-packages/airflow/example_dags/example_dataset_alias.py
[2026-05-18T06:39:29.654+0000] {logging_mixin.py:190} INFO - [2026-05-18T06:39:29.653+0000] {dag.py:3239} INFO - Sync 4 DAGs
[2026-05-18T06:39:29.681+0000] {logging_mixin.py:190} INFO - [2026-05-18T06:39:29.680+0000] {dag.py:4180} INFO - Setting next_dagrun for dataset_alias_example_alias_consumer to None, run_after=None
[2026-05-18T06:39:29.684+0000] {logging_mixin.py:190} INFO - [2026-05-18T06:39:29.683+0000] {dag.py:4180} INFO - Setting next_dagrun for dataset_alias_example_alias_producer to None, run_after=None
[2026-05-18T06:39:29.685+0000] {logging_mixin.py:190} INFO - [2026-05-18T06:39:29.685+0000] {dag.py:4180} INFO - Setting next_dagrun for dataset_s3_bucket_consumer to None, run_after=None
[2026-05-18T06:39:29.687+0000] {logging_mixin.py:190} INFO - [2026-05-18T06:39:29.686+0000] {dag.py:4180} INFO - Setting next_dagrun for dataset_s3_bucket_producer to None, run_after=None
[2026-05-18T06:39:29.723+0000] {processor.py:208} INFO - Processing /home/noelsdavid/airflow_venv/lib/python3.12/site-packages/airflow/example_dags/example_dataset_alias.py took 0.143 seconds
[2026-05-18T06:40:39.909+0000] {processor.py:186} INFO - Started process (PID=11564) to work on /home/noelsdavid/airflow_venv/lib/python3.12/site-packages/airflow/example_dags/example_dataset_alias.py
[2026-05-18T06:40:39.912+0000] {processor.py:914} INFO - Processing file /home/noelsdavid/airflow_venv/lib/python3.12/site-packages/airflow/example_dags/example_dataset_alias.py for tasks to queue
[2026-05-18T06:40:39.914+0000] {logging_mixin.py:190} INFO - [2026-05-18T06:40:39.913+0000] {dagbag.py:588} INFO - Filling up the DagBag from /home/noelsdavid/airflow_venv/lib/python3.12/site-packages/airflow/example_dags/example_dataset_alias.py
[2026-05-18T06:40:39.955+0000] {processor.py:925} INFO - DAG(s) 'dataset_s3_bucket_consumer', 'dataset_alias_example_alias_consumer', 'dataset_alias_example_alias_producer', 'dataset_s3_bucket_producer' retrieved from /home/noelsdavid/airflow_venv/lib/python3.12/site-packages/airflow/example_dags/example_dataset_alias.py
[2026-05-18T06:40:39.991+0000] {logging_mixin.py:190} INFO - [2026-05-18T06:40:39.991+0000] {dag.py:3239} INFO - Sync 4 DAGs
[2026-05-18T06:40:40.030+0000] {logging_mixin.py:190} INFO - [2026-05-18T06:40:40.030+0000] {dag.py:4180} INFO - Setting next_dagrun for dataset_alias_example_alias_consumer to None, run_after=None
[2026-05-18T06:40:40.035+0000] {logging_mixin.py:190} INFO - [2026-05-18T06:40:40.034+0000] {dag.py:4180} INFO - Setting next_dagrun for dataset_alias_example_alias_producer to None, run_after=None
[2026-05-18T06:40:40.036+0000] {logging_mixin.py:190} INFO - [2026-05-18T06:40:40.036+0000] {dag.py:4180} INFO - Setting next_dagrun for dataset_s3_bucket_consumer to None, run_after=None
[2026-05-18T06:40:40.038+0000] {logging_mixin.py:190} INFO - [2026-05-18T06:40:40.037+0000] {dag.py:4180} INFO - Setting next_dagrun for dataset_s3_bucket_producer to None, run_after=None
[2026-05-18T06:40:40.091+0000] {processor.py:208} INFO - Processing /home/noelsdavid/airflow_venv/lib/python3.12/site-packages/airflow/example_dags/example_dataset_alias.py took 0.192 seconds
[2026-05-18T06:41:53.030+0000] {processor.py:186} INFO - Started process (PID=12241) to work on /home/noelsdavid/airflow_venv/lib/python3.12/site-packages/airflow/example_dags/example_dataset_alias.py
[2026-05-18T06:41:53.047+0000] {processor.py:914} INFO - Processing file /home/noelsdavid/airflow_venv/lib/python3.12/site-packages/airflow/example_dags/example_dataset_alias.py for tasks to queue
[2026-05-18T06:41:53.049+0000] {logging_mixin.py:190} INFO - [2026-05-18T06:41:53.049+0000] {dagbag.py:588} INFO - Filling up the DagBag from /home/noelsdavid/airflow_venv/lib/python3.12/site-packages/airflow/example_dags/example_dataset_alias.py
[2026-05-18T06:41:53.089+0000] {processor.py:925} INFO - DAG(s) 'dataset_s3_bucket_producer', 'dataset_s3_bucket_consumer', 'dataset_alias_example_alias_producer', 'dataset_alias_example_alias_consumer' retrieved from /home/noelsdavid/airflow_venv/lib/python3.12/site-packages/airflow/example_dags/example_dataset_alias.py
[2026-05-18T06:41:53.125+0000] {logging_mixin.py:190} INFO - [2026-05-18T06:41:53.124+0000] {dag.py:3239} INFO - Sync 4 DAGs
[2026-05-18T06:41:53.156+0000] {logging_mixin.py:190} INFO - [2026-05-18T06:41:53.156+0000] {dag.py:4180} INFO - Setting next_dagrun for dataset_alias_example_alias_consumer to None, run_after=None
[2026-05-18T06:41:53.160+0000] {logging_mixin.py:190} INFO - [2026-05-18T06:41:53.159+0000] {dag.py:4180} INFO - Setting next_dagrun for dataset_alias_example_alias_producer to None, run_after=None
[2026-05-18T06:41:53.162+0000] {logging_mixin.py:190} INFO - [2026-05-18T06:41:53.161+0000] {dag.py:4180} INFO - Setting next_dagrun for dataset_s3_bucket_consumer to None, run_after=None
[2026-05-18T06:41:53.163+0000] {logging_mixin.py:190} INFO - [2026-05-18T06:41:53.163+0000] {dag.py:4180} INFO - Setting next_dagrun for dataset_s3_bucket_producer to None, run_after=None
[2026-05-18T06:41:53.211+0000] {processor.py:208} INFO - Processing /home/noelsdavid/airflow_venv/lib/python3.12/site-packages/airflow/example_dags/example_dataset_alias.py took 0.192 seconds
[2026-05-18T06:43:05.360+0000] {processor.py:186} INFO - Started process (PID=12623) to work on /home/noelsdavid/airflow_venv/lib/python3.12/site-packages/airflow/example_dags/example_dataset_alias.py
[2026-05-18T06:43:05.363+0000] {processor.py:914} INFO - Processing file /home/noelsdavid/airflow_venv/lib/python3.12/site-packages/airflow/example_dags/example_dataset_alias.py for tasks to queue
[2026-05-18T06:43:05.366+0000] {logging_mixin.py:190} INFO - [2026-05-18T06:43:05.365+0000] {dagbag.py:588} INFO - Filling up the DagBag from /home/noelsdavid/airflow_venv/lib/python3.12/site-packages/airflow/example_dags/example_dataset_alias.py
[2026-05-18T06:43:05.408+0000] {processor.py:925} INFO - DAG(s) 'dataset_alias_example_alias_producer', 'dataset_s3_bucket_producer', 'dataset_alias_example_alias_consumer', 'dataset_s3_bucket_consumer' retrieved from /home/noelsdavid/airflow_venv/lib/python3.12/site-packages/airflow/example_dags/example_dataset_alias.py
[2026-05-18T06:43:05.440+0000] {logging_mixin.py:190} INFO - [2026-05-18T06:43:05.439+0000] {dag.py:3239} INFO - Sync 4 DAGs
[2026-05-18T06:43:05.476+0000] {logging_mixin.py:190} INFO - [2026-05-18T06:43:05.476+0000] {dag.py:4180} INFO - Setting next_dagrun for dataset_alias_example_alias_consumer to None, run_after=None
[2026-05-18T06:43:05.479+0000] {logging_mixin.py:190} INFO - [2026-05-18T06:43:05.479+0000] {dag.py:4180} INFO - Setting next_dagrun for dataset_alias_example_alias_producer to None, run_after=None
[2026-05-18T06:43:05.481+0000] {logging_mixin.py:190} INFO - [2026-05-18T06:43:05.481+0000] {dag.py:4180} INFO - Setting next_dagrun for dataset_s3_bucket_consumer to None, run_after=None
[2026-05-18T06:43:05.484+0000] {logging_mixin.py:190} INFO - [2026-05-18T06:43:05.483+0000] {dag.py:4180} INFO - Setting next_dagrun for dataset_s3_bucket_producer to None, run_after=None
[2026-05-18T06:43:05.523+0000] {processor.py:208} INFO - Processing /home/noelsdavid/airflow_venv/lib/python3.12/site-packages/airflow/example_dags/example_dataset_alias.py took 0.174 seconds
[2026-05-18T06:44:43.401+0000] {processor.py:186} INFO - Started process (PID=13058) to work on /home/noelsdavid/airflow_venv/lib/python3.12/site-packages/airflow/example_dags/example_dataset_alias.py
[2026-05-18T06:44:43.403+0000] {processor.py:914} INFO - Processing file /home/noelsdavid/airflow_venv/lib/python3.12/site-packages/airflow/example_dags/example_dataset_alias.py for tasks to queue
[2026-05-18T06:44:43.406+0000] {logging_mixin.py:190} INFO - [2026-05-18T06:44:43.405+0000] {dagbag.py:588} INFO - Filling up the DagBag from /home/noelsdavid/airflow_venv/lib/python3.12/site-packages/airflow/example_dags/example_dataset_alias.py
[2026-05-18T06:44:43.441+0000] {processor.py:925} INFO - DAG(s) 'dataset_alias_example_alias_consumer', 'dataset_s3_bucket_consumer', 'dataset_s3_bucket_producer', 'dataset_alias_example_alias_producer' retrieved from /home/noelsdavid/airflow_venv/lib/python3.12/site-packages/airflow/example_dags/example_dataset_alias.py
[2026-05-18T06:44:43.468+0000] {logging_mixin.py:190} INFO - [2026-05-18T06:44:43.467+0000] {dag.py:3239} INFO - Sync 4 DAGs
[2026-05-18T06:44:43.494+0000] {logging_mixin.py:190} INFO - [2026-05-18T06:44:43.494+0000] {dag.py:4180} INFO - Setting next_dagrun for dataset_alias_example_alias_consumer to None, run_after=None
[2026-05-18T06:44:43.497+0000] {logging_mixin.py:190} INFO - [2026-05-18T06:44:43.497+0000] {dag.py:4180} INFO - Setting next_dagrun for dataset_alias_example_alias_producer to None, run_after=None
[2026-05-18T06:44:43.498+0000] {logging_mixin.py:190} INFO - [2026-05-18T06:44:43.498+0000] {dag.py:4180} INFO - Setting next_dagrun for dataset_s3_bucket_consumer to None, run_after=None
[2026-05-18T06:44:43.499+0000] {logging_mixin.py:190} INFO - [2026-05-18T06:44:43.499+0000] {dag.py:4180} INFO - Setting next_dagrun for dataset_s3_bucket_producer to None, run_after=None
[2026-05-18T06:44:43.540+0000] {processor.py:208} INFO - Processing /home/noelsdavid/airflow_venv/lib/python3.12/site-packages/airflow/example_dags/example_dataset_alias.py took 0.147 seconds
[2026-05-18T06:45:55.812+0000] {processor.py:186} INFO - Started process (PID=13160) to work on /home/noelsdavid/airflow_venv/lib/python3.12/site-packages/airflow/example_dags/example_dataset_alias.py
[2026-05-18T06:45:55.834+0000] {processor.py:914} INFO - Processing file /home/noelsdavid/airflow_venv/lib/python3.12/site-packages/airflow/example_dags/example_dataset_alias.py for tasks to queue
[2026-05-18T06:45:55.837+0000] {logging_mixin.py:190} INFO - [2026-05-18T06:45:55.836+0000] {dagbag.py:588} INFO - Filling up the DagBag from /home/noelsdavid/airflow_venv/lib/python3.12/site-packages/airflow/example_dags/example_dataset_alias.py
[2026-05-18T06:45:55.870+0000] {processor.py:925} INFO - DAG(s) 'dataset_alias_example_alias_producer', 'dataset_s3_bucket_consumer', 'dataset_s3_bucket_producer', 'dataset_alias_example_alias_consumer' retrieved from /home/noelsdavid/airflow_venv/lib/python3.12/site-packages/airflow/example_dags/example_dataset_alias.py
[2026-05-18T06:45:55.898+0000] {logging_mixin.py:190} INFO - [2026-05-18T06:45:55.897+0000] {dag.py:3239} INFO - Sync 4 DAGs
[2026-05-18T06:45:55.925+0000] {logging_mixin.py:190} INFO - [2026-05-18T06:45:55.925+0000] {dag.py:4180} INFO - Setting next_dagrun for dataset_alias_example_alias_consumer to None, run_after=None
[2026-05-18T06:45:55.928+0000] {logging_mixin.py:190} INFO - [2026-05-18T06:45:55.928+0000] {dag.py:4180} INFO - Setting next_dagrun for dataset_alias_example_alias_producer to None, run_after=None
[2026-05-18T06:45:55.930+0000] {logging_mixin.py:190} INFO - [2026-05-18T06:45:55.930+0000] {dag.py:4180} INFO - Setting next_dagrun for dataset_s3_bucket_consumer to None, run_after=None
[2026-05-18T06:45:55.932+0000] {logging_mixin.py:190} INFO - [2026-05-18T06:45:55.932+0000] {dag.py:4180} INFO - Setting next_dagrun for dataset_s3_bucket_producer to None, run_after=None
[2026-05-18T06:45:55.967+0000] {processor.py:208} INFO - Processing /home/noelsdavid/airflow_venv/lib/python3.12/site-packages/airflow/example_dags/example_dataset_alias.py took 0.165 seconds
[2026-05-18T06:47:05.484+0000] {processor.py:186} INFO - Started process (PID=13237) to work on /home/noelsdavid/airflow_venv/lib/python3.12/site-packages/airflow/example_dags/example_dataset_alias.py
[2026-05-18T06:47:05.486+0000] {processor.py:914} INFO - Processing file /home/noelsdavid/airflow_venv/lib/python3.12/site-packages/airflow/example_dags/example_dataset_alias.py for tasks to queue
[2026-05-18T06:47:05.489+0000] {logging_mixin.py:190} INFO - [2026-05-18T06:47:05.488+0000] {dagbag.py:588} INFO - Filling up the DagBag from /home/noelsdavid/airflow_venv/lib/python3.12/site-packages/airflow/example_dags/example_dataset_alias.py
[2026-05-18T06:47:05.525+0000] {processor.py:925} INFO - DAG(s) 'dataset_s3_bucket_consumer', 'dataset_s3_bucket_producer', 'dataset_alias_example_alias_consumer', 'dataset_alias_example_alias_producer' retrieved from /home/noelsdavid/airflow_venv/lib/python3.12/site-packages/airflow/example_dags/example_dataset_alias.py
[2026-05-18T06:47:05.551+0000] {logging_mixin.py:190} INFO - [2026-05-18T06:47:05.551+0000] {dag.py:3239} INFO - Sync 4 DAGs
[2026-05-18T06:47:05.578+0000] {logging_mixin.py:190} INFO - [2026-05-18T06:47:05.578+0000] {dag.py:4180} INFO - Setting next_dagrun for dataset_alias_example_alias_consumer to None, run_after=None
[2026-05-18T06:47:05.582+0000] {logging_mixin.py:190} INFO - [2026-05-18T06:47:05.581+0000] {dag.py:4180} INFO - Setting next_dagrun for dataset_alias_example_alias_producer to None, run_after=None
[2026-05-18T06:47:05.583+0000] {logging_mixin.py:190} INFO - [2026-05-18T06:47:05.583+0000] {dag.py:4180} INFO - Setting next_dagrun for dataset_s3_bucket_consumer to None, run_after=None
[2026-05-18T06:47:05.585+0000] {logging_mixin.py:190} INFO - [2026-05-18T06:47:05.585+0000] {dag.py:4180} INFO - Setting next_dagrun for dataset_s3_bucket_producer to None, run_after=None
[2026-05-18T06:47:05.621+0000] {processor.py:208} INFO - Processing /home/noelsdavid/airflow_venv/lib/python3.12/site-packages/airflow/example_dags/example_dataset_alias.py took 0.146 seconds
[2026-05-18T06:48:11.065+0000] {processor.py:186} INFO - Started process (PID=13309) to work on /home/noelsdavid/airflow_venv/lib/python3.12/site-packages/airflow/example_dags/example_dataset_alias.py
[2026-05-18T06:48:11.083+0000] {processor.py:914} INFO - Processing file /home/noelsdavid/airflow_venv/lib/python3.12/site-packages/airflow/example_dags/example_dataset_alias.py for tasks to queue
[2026-05-18T06:48:11.086+0000] {logging_mixin.py:190} INFO - [2026-05-18T06:48:11.085+0000] {dagbag.py:588} INFO - Filling up the DagBag from /home/noelsdavid/airflow_venv/lib/python3.12/site-packages/airflow/example_dags/example_dataset_alias.py
[2026-05-18T06:48:11.119+0000] {processor.py:925} INFO - DAG(s) 'dataset_alias_example_alias_consumer', 'dataset_alias_example_alias_producer', 'dataset_s3_bucket_consumer', 'dataset_s3_bucket_producer' retrieved from /home/noelsdavid/airflow_venv/lib/python3.12/site-packages/airflow/example_dags/example_dataset_alias.py
[2026-05-18T06:48:11.145+0000] {logging_mixin.py:190} INFO - [2026-05-18T06:48:11.144+0000] {dag.py:3239} INFO - Sync 4 DAGs
[2026-05-18T06:48:11.171+0000] {logging_mixin.py:190} INFO - [2026-05-18T06:48:11.171+0000] {dag.py:4180} INFO - Setting next_dagrun for dataset_alias_example_alias_consumer to None, run_after=None
[2026-05-18T06:48:11.174+0000] {logging_mixin.py:190} INFO - [2026-05-18T06:48:11.174+0000] {dag.py:4180} INFO - Setting next_dagrun for dataset_alias_example_alias_producer to None, run_after=None
[2026-05-18T06:48:11.175+0000] {logging_mixin.py:190} INFO - [2026-05-18T06:48:11.175+0000] {dag.py:4180} INFO - Setting next_dagrun for dataset_s3_bucket_consumer to None, run_after=None
[2026-05-18T06:48:11.176+0000] {logging_mixin.py:190} INFO - [2026-05-18T06:48:11.176+0000] {dag.py:4180} INFO - Setting next_dagrun for dataset_s3_bucket_producer to None, run_after=None
[2026-05-18T06:48:11.215+0000] {processor.py:208} INFO - Processing /home/noelsdavid/airflow_venv/lib/python3.12/site-packages/airflow/example_dags/example_dataset_alias.py took 0.159 seconds
[2026-05-18T06:49:15.214+0000] {processor.py:186} INFO - Started process (PID=13383) to work on /home/noelsdavid/airflow_venv/lib/python3.12/site-packages/airflow/example_dags/example_dataset_alias.py
[2026-05-18T06:49:15.216+0000] {processor.py:914} INFO - Processing file /home/noelsdavid/airflow_venv/lib/python3.12/site-packages/airflow/example_dags/example_dataset_alias.py for tasks to queue
[2026-05-18T06:49:15.219+0000] {logging_mixin.py:190} INFO - [2026-05-18T06:49:15.218+0000] {dagbag.py:588} INFO - Filling up the DagBag from /home/noelsdavid/airflow_venv/lib/python3.12/site-packages/airflow/example_dags/example_dataset_alias.py
[2026-05-18T06:49:15.252+0000] {processor.py:925} INFO - DAG(s) 'dataset_s3_bucket_producer', 'dataset_alias_example_alias_consumer', 'dataset_alias_example_alias_producer', 'dataset_s3_bucket_consumer' retrieved from /home/noelsdavid/airflow_venv/lib/python3.12/site-packages/airflow/example_dags/example_dataset_alias.py
[2026-05-18T06:49:15.279+0000] {logging_mixin.py:190} INFO - [2026-05-18T06:49:15.278+0000] {dag.py:3239} INFO - Sync 4 DAGs
[2026-05-18T06:49:15.303+0000] {logging_mixin.py:190} INFO - [2026-05-18T06:49:15.303+0000] {dag.py:4180} INFO - Setting next_dagrun for dataset_alias_example_alias_consumer to None, run_after=None
[2026-05-18T06:49:15.307+0000] {logging_mixin.py:190} INFO - [2026-05-18T06:49:15.306+0000] {dag.py:4180} INFO - Setting next_dagrun for dataset_alias_example_alias_producer to None, run_after=None
[2026-05-18T06:49:15.308+0000] {logging_mixin.py:190} INFO - [2026-05-18T06:49:15.308+0000] {dag.py:4180} INFO - Setting next_dagrun for dataset_s3_bucket_consumer to None, run_after=None
[2026-05-18T06:49:15.309+0000] {logging_mixin.py:190} INFO - [2026-05-18T06:49:15.309+0000] {dag.py:4180} INFO - Setting next_dagrun for dataset_s3_bucket_producer to None, run_after=None
[2026-05-18T06:49:15.345+0000] {processor.py:208} INFO - Processing /home/noelsdavid/airflow_venv/lib/python3.12/site-packages/airflow/example_dags/example_dataset_alias.py took 0.140 seconds
[2026-05-18T06:50:23.160+0000] {processor.py:186} INFO - Started process (PID=13945) to work on /home/noelsdavid/airflow_venv/lib/python3.12/site-packages/airflow/example_dags/example_dataset_alias.py
[2026-05-18T06:50:23.162+0000] {processor.py:914} INFO - Processing file /home/noelsdavid/airflow_venv/lib/python3.12/site-packages/airflow/example_dags/example_dataset_alias.py for tasks to queue
[2026-05-18T06:50:23.165+0000] {logging_mixin.py:190} INFO - [2026-05-18T06:50:23.164+0000] {dagbag.py:588} INFO - Filling up the DagBag from /home/noelsdavid/airflow_venv/lib/python3.12/site-packages/airflow/example_dags/example_dataset_alias.py
[2026-05-18T06:50:23.198+0000] {processor.py:925} INFO - DAG(s) 'dataset_alias_example_alias_consumer', 'dataset_s3_bucket_producer', 'dataset_alias_example_alias_producer', 'dataset_s3_bucket_consumer' retrieved from /home/noelsdavid/airflow_venv/lib/python3.12/site-packages/airflow/example_dags/example_dataset_alias.py
[2026-05-18T06:50:23.225+0000] {logging_mixin.py:190} INFO - [2026-05-18T06:50:23.224+0000] {dag.py:3239} INFO - Sync 4 DAGs
[2026-05-18T06:50:23.250+0000] {logging_mixin.py:190} INFO - [2026-05-18T06:50:23.250+0000] {dag.py:4180} INFO - Setting next_dagrun for dataset_alias_example_alias_consumer to None, run_after=None
[2026-05-18T06:50:23.253+0000] {logging_mixin.py:190} INFO - [2026-05-18T06:50:23.253+0000] {dag.py:4180} INFO - Setting next_dagrun for dataset_alias_example_alias_producer to None, run_after=None
[2026-05-18T06:50:23.255+0000] {logging_mixin.py:190} INFO - [2026-05-18T06:50:23.255+0000] {dag.py:4180} INFO - Setting next_dagrun for dataset_s3_bucket_consumer to None, run_after=None
[2026-05-18T06:50:23.256+0000] {logging_mixin.py:190} INFO - [2026-05-18T06:50:23.256+0000] {dag.py:4180} INFO - Setting next_dagrun for dataset_s3_bucket_producer to None, run_after=None
[2026-05-18T06:50:23.290+0000] {processor.py:208} INFO - Processing /home/noelsdavid/airflow_venv/lib/python3.12/site-packages/airflow/example_dags/example_dataset_alias.py took 0.139 seconds
[2026-05-18T06:51:35.384+0000] {processor.py:186} INFO - Started process (PID=14255) to work on /home/noelsdavid/airflow_venv/lib/python3.12/site-packages/airflow/example_dags/example_dataset_alias.py
[2026-05-18T06:51:35.387+0000] {processor.py:914} INFO - Processing file /home/noelsdavid/airflow_venv/lib/python3.12/site-packages/airflow/example_dags/example_dataset_alias.py for tasks to queue
[2026-05-18T06:51:35.390+0000] {logging_mixin.py:190} INFO - [2026-05-18T06:51:35.389+0000] {dagbag.py:588} INFO - Filling up the DagBag from /home/noelsdavid/airflow_venv/lib/python3.12/site-packages/airflow/example_dags/example_dataset_alias.py
[2026-05-18T06:51:35.424+0000] {processor.py:925} INFO - DAG(s) 'dataset_alias_example_alias_consumer', 'dataset_s3_bucket_producer', 'dataset_s3_bucket_consumer', 'dataset_alias_example_alias_producer' retrieved from /home/noelsdavid/airflow_venv/lib/python3.12/site-packages/airflow/example_dags/example_dataset_alias.py
[2026-05-18T06:51:35.451+0000] {logging_mixin.py:190} INFO - [2026-05-18T06:51:35.451+0000] {dag.py:3239} INFO - Sync 4 DAGs
[2026-05-18T06:51:35.479+0000] {logging_mixin.py:190} INFO - [2026-05-18T06:51:35.478+0000] {dag.py:4180} INFO - Setting next_dagrun for dataset_alias_example_alias_consumer to None, run_after=None
[2026-05-18T06:51:35.482+0000] {logging_mixin.py:190} INFO - [2026-05-18T06:51:35.481+0000] {dag.py:4180} INFO - Setting next_dagrun for dataset_alias_example_alias_producer to None, run_after=None
[2026-05-18T06:51:35.483+0000] {logging_mixin.py:190} INFO - [2026-05-18T06:51:35.483+0000] {dag.py:4180} INFO - Setting next_dagrun for dataset_s3_bucket_consumer to None, run_after=None
[2026-05-18T06:51:35.484+0000] {logging_mixin.py:190} INFO - [2026-05-18T06:51:35.484+0000] {dag.py:4180} INFO - Setting next_dagrun for dataset_s3_bucket_producer to None, run_after=None
[2026-05-18T06:51:35.523+0000] {processor.py:208} INFO - Processing /home/noelsdavid/airflow_venv/lib/python3.12/site-packages/airflow/example_dags/example_dataset_alias.py took 0.148 seconds
[2026-05-18T06:52:44.346+0000] {processor.py:186} INFO - Started process (PID=14511) to work on /home/noelsdavid/airflow_venv/lib/python3.12/site-packages/airflow/example_dags/example_dataset_alias.py
[2026-05-18T06:52:44.378+0000] {processor.py:914} INFO - Processing file /home/noelsdavid/airflow_venv/lib/python3.12/site-packages/airflow/example_dags/example_dataset_alias.py for tasks to queue
[2026-05-18T06:52:44.380+0000] {logging_mixin.py:190} INFO - [2026-05-18T06:52:44.380+0000] {dagbag.py:588} INFO - Filling up the DagBag from /home/noelsdavid/airflow_venv/lib/python3.12/site-packages/airflow/example_dags/example_dataset_alias.py
[2026-05-18T06:52:44.415+0000] {processor.py:925} INFO - DAG(s) 'dataset_alias_example_alias_producer', 'dataset_alias_example_alias_consumer', 'dataset_s3_bucket_consumer', 'dataset_s3_bucket_producer' retrieved from /home/noelsdavid/airflow_venv/lib/python3.12/site-packages/airflow/example_dags/example_dataset_alias.py
[2026-05-18T06:52:44.446+0000] {logging_mixin.py:190} INFO - [2026-05-18T06:52:44.445+0000] {dag.py:3239} INFO - Sync 4 DAGs
[2026-05-18T06:52:44.473+0000] {logging_mixin.py:190} INFO - [2026-05-18T06:52:44.473+0000] {dag.py:4180} INFO - Setting next_dagrun for dataset_alias_example_alias_consumer to None, run_after=None
[2026-05-18T06:52:44.477+0000] {logging_mixin.py:190} INFO - [2026-05-18T06:52:44.476+0000] {dag.py:4180} INFO - Setting next_dagrun for dataset_alias_example_alias_producer to None, run_after=None
[2026-05-18T06:52:44.478+0000] {logging_mixin.py:190} INFO - [2026-05-18T06:52:44.478+0000] {dag.py:4180} INFO - Setting next_dagrun for dataset_s3_bucket_consumer to None, run_after=None
[2026-05-18T06:52:44.479+0000] {logging_mixin.py:190} INFO - [2026-05-18T06:52:44.479+0000] {dag.py:4180} INFO - Setting next_dagrun for dataset_s3_bucket_producer to None, run_after=None
[2026-05-18T06:52:44.516+0000] {processor.py:208} INFO - Processing /home/noelsdavid/airflow_venv/lib/python3.12/site-packages/airflow/example_dags/example_dataset_alias.py took 0.179 seconds
[2026-05-18T06:53:58.650+0000] {processor.py:186} INFO - Started process (PID=14838) to work on /home/noelsdavid/airflow_venv/lib/python3.12/site-packages/airflow/example_dags/example_dataset_alias.py
[2026-05-18T06:53:58.653+0000] {processor.py:914} INFO - Processing file /home/noelsdavid/airflow_venv/lib/python3.12/site-packages/airflow/example_dags/example_dataset_alias.py for tasks to queue
[2026-05-18T06:53:58.655+0000] {logging_mixin.py:190} INFO - [2026-05-18T06:53:58.655+0000] {dagbag.py:588} INFO - Filling up the DagBag from /home/noelsdavid/airflow_venv/lib/python3.12/site-packages/airflow/example_dags/example_dataset_alias.py
[2026-05-18T06:53:58.688+0000] {processor.py:925} INFO - DAG(s) 'dataset_alias_example_alias_consumer', 'dataset_s3_bucket_producer', 'dataset_alias_example_alias_producer', 'dataset_s3_bucket_consumer' retrieved from /home/noelsdavid/airflow_venv/lib/python3.12/site-packages/airflow/example_dags/example_dataset_alias.py
[2026-05-18T06:53:58.715+0000] {logging_mixin.py:190} INFO - [2026-05-18T06:53:58.715+0000] {dag.py:3239} INFO - Sync 4 DAGs
[2026-05-18T06:53:58.741+0000] {logging_mixin.py:190} INFO - [2026-05-18T06:53:58.741+0000] {dag.py:4180} INFO - Setting next_dagrun for dataset_alias_example_alias_consumer to None, run_after=None
[2026-05-18T06:53:58.744+0000] {logging_mixin.py:190} INFO - [2026-05-18T06:53:58.744+0000] {dag.py:4180} INFO - Setting next_dagrun for dataset_alias_example_alias_producer to None, run_after=None
[2026-05-18T06:53:58.745+0000] {logging_mixin.py:190} INFO - [2026-05-18T06:53:58.745+0000] {dag.py:4180} INFO - Setting next_dagrun for dataset_s3_bucket_consumer to None, run_after=None
[2026-05-18T06:53:58.747+0000] {logging_mixin.py:190} INFO - [2026-05-18T06:53:58.746+0000] {dag.py:4180} INFO - Setting next_dagrun for dataset_s3_bucket_producer to None, run_after=None
[2026-05-18T06:53:58.781+0000] {processor.py:208} INFO - Processing /home/noelsdavid/airflow_venv/lib/python3.12/site-packages/airflow/example_dags/example_dataset_alias.py took 0.141 seconds
[2026-05-18T06:55:10.565+0000] {processor.py:186} INFO - Started process (PID=15042) to work on /home/noelsdavid/airflow_venv/lib/python3.12/site-packages/airflow/example_dags/example_dataset_alias.py
[2026-05-18T06:55:10.567+0000] {processor.py:914} INFO - Processing file /home/noelsdavid/airflow_venv/lib/python3.12/site-packages/airflow/example_dags/example_dataset_alias.py for tasks to queue
[2026-05-18T06:55:10.569+0000] {logging_mixin.py:190} INFO - [2026-05-18T06:55:10.569+0000] {dagbag.py:588} INFO - Filling up the DagBag from /home/noelsdavid/airflow_venv/lib/python3.12/site-packages/airflow/example_dags/example_dataset_alias.py
[2026-05-18T06:55:10.642+0000] {processor.py:925} INFO - DAG(s) 'dataset_s3_bucket_producer', 'dataset_alias_example_alias_consumer', 'dataset_s3_bucket_consumer', 'dataset_alias_example_alias_producer' retrieved from /home/noelsdavid/airflow_venv/lib/python3.12/site-packages/airflow/example_dags/example_dataset_alias.py
[2026-05-18T06:55:10.686+0000] {logging_mixin.py:190} INFO - [2026-05-18T06:55:10.685+0000] {dag.py:3239} INFO - Sync 4 DAGs
[2026-05-18T06:55:10.729+0000] {logging_mixin.py:190} INFO - [2026-05-18T06:55:10.729+0000] {dag.py:4180} INFO - Setting next_dagrun for dataset_alias_example_alias_consumer to None, run_after=None
[2026-05-18T06:55:10.733+0000] {logging_mixin.py:190} INFO - [2026-05-18T06:55:10.733+0000] {dag.py:4180} INFO - Setting next_dagrun for dataset_alias_example_alias_producer to None, run_after=None
[2026-05-18T06:55:10.734+0000] {logging_mixin.py:190} INFO - [2026-05-18T06:55:10.734+0000] {dag.py:4180} INFO - Setting next_dagrun for dataset_s3_bucket_consumer to None, run_after=None
[2026-05-18T06:55:10.736+0000] {logging_mixin.py:190} INFO - [2026-05-18T06:55:10.735+0000] {dag.py:4180} INFO - Setting next_dagrun for dataset_s3_bucket_producer to None, run_after=None
[2026-05-18T06:55:10.789+0000] {processor.py:208} INFO - Processing /home/noelsdavid/airflow_venv/lib/python3.12/site-packages/airflow/example_dags/example_dataset_alias.py took 0.234 seconds
[2026-05-18T06:56:28.761+0000] {processor.py:186} INFO - Started process (PID=15401) to work on /home/noelsdavid/airflow_venv/lib/python3.12/site-packages/airflow/example_dags/example_dataset_alias.py
[2026-05-18T06:56:28.775+0000] {processor.py:914} INFO - Processing file /home/noelsdavid/airflow_venv/lib/python3.12/site-packages/airflow/example_dags/example_dataset_alias.py for tasks to queue
[2026-05-18T06:56:28.778+0000] {logging_mixin.py:190} INFO - [2026-05-18T06:56:28.777+0000] {dagbag.py:588} INFO - Filling up the DagBag from /home/noelsdavid/airflow_venv/lib/python3.12/site-packages/airflow/example_dags/example_dataset_alias.py
[2026-05-18T06:56:28.815+0000] {processor.py:925} INFO - DAG(s) 'dataset_alias_example_alias_producer', 'dataset_s3_bucket_consumer', 'dataset_alias_example_alias_consumer', 'dataset_s3_bucket_producer' retrieved from /home/noelsdavid/airflow_venv/lib/python3.12/site-packages/airflow/example_dags/example_dataset_alias.py
[2026-05-18T06:56:28.842+0000] {logging_mixin.py:190} INFO - [2026-05-18T06:56:28.841+0000] {dag.py:3239} INFO - Sync 4 DAGs
[2026-05-18T06:56:28.868+0000] {logging_mixin.py:190} INFO - [2026-05-18T06:56:28.867+0000] {dag.py:4180} INFO - Setting next_dagrun for dataset_alias_example_alias_consumer to None, run_after=None
[2026-05-18T06:56:28.870+0000] {logging_mixin.py:190} INFO - [2026-05-18T06:56:28.870+0000] {dag.py:4180} INFO - Setting next_dagrun for dataset_alias_example_alias_producer to None, run_after=None
[2026-05-18T06:56:28.872+0000] {logging_mixin.py:190} INFO - [2026-05-18T06:56:28.871+0000] {dag.py:4180} INFO - Setting next_dagrun for dataset_s3_bucket_consumer to None, run_after=None
[2026-05-18T06:56:28.873+0000] {logging_mixin.py:190} INFO - [2026-05-18T06:56:28.873+0000] {dag.py:4180} INFO - Setting next_dagrun for dataset_s3_bucket_producer to None, run_after=None
[2026-05-18T06:56:28.913+0000] {processor.py:208} INFO - Processing /home/noelsdavid/airflow_venv/lib/python3.12/site-packages/airflow/example_dags/example_dataset_alias.py took 0.163 seconds
[2026-05-18T06:57:47.461+0000] {processor.py:186} INFO - Started process (PID=15519) to work on /home/noelsdavid/airflow_venv/lib/python3.12/site-packages/airflow/example_dags/example_dataset_alias.py
[2026-05-18T06:57:47.464+0000] {processor.py:914} INFO - Processing file /home/noelsdavid/airflow_venv/lib/python3.12/site-packages/airflow/example_dags/example_dataset_alias.py for tasks to queue
[2026-05-18T06:57:47.466+0000] {logging_mixin.py:190} INFO - [2026-05-18T06:57:47.466+0000] {dagbag.py:588} INFO - Filling up the DagBag from /home/noelsdavid/airflow_venv/lib/python3.12/site-packages/airflow/example_dags/example_dataset_alias.py
[2026-05-18T06:57:47.503+0000] {processor.py:925} INFO - DAG(s) 'dataset_s3_bucket_producer', 'dataset_s3_bucket_consumer', 'dataset_alias_example_alias_consumer', 'dataset_alias_example_alias_producer' retrieved from /home/noelsdavid/airflow_venv/lib/python3.12/site-packages/airflow/example_dags/example_dataset_alias.py
[2026-05-18T06:57:47.538+0000] {logging_mixin.py:190} INFO - [2026-05-18T06:57:47.538+0000] {dag.py:3239} INFO - Sync 4 DAGs
[2026-05-18T06:57:47.564+0000] {logging_mixin.py:190} INFO - [2026-05-18T06:57:47.564+0000] {dag.py:4180} INFO - Setting next_dagrun for dataset_alias_example_alias_consumer to None, run_after=None
[2026-05-18T06:57:47.570+0000] {logging_mixin.py:190} INFO - [2026-05-18T06:57:47.569+0000] {dag.py:4180} INFO - Setting next_dagrun for dataset_alias_example_alias_producer to None, run_after=None
[2026-05-18T06:57:47.572+0000] {logging_mixin.py:190} INFO - [2026-05-18T06:57:47.572+0000] {dag.py:4180} INFO - Setting next_dagrun for dataset_s3_bucket_consumer to None, run_after=None
[2026-05-18T06:57:47.574+0000] {logging_mixin.py:190} INFO - [2026-05-18T06:57:47.573+0000] {dag.py:4180} INFO - Setting next_dagrun for dataset_s3_bucket_producer to None, run_after=None
[2026-05-18T06:57:47.607+0000] {processor.py:208} INFO - Processing /home/noelsdavid/airflow_venv/lib/python3.12/site-packages/airflow/example_dags/example_dataset_alias.py took 0.156 seconds
[2026-05-18T06:59:00.488+0000] {processor.py:186} INFO - Started process (PID=15810) to work on /home/noelsdavid/airflow_venv/lib/python3.12/site-packages/airflow/example_dags/example_dataset_alias.py
[2026-05-18T06:59:00.490+0000] {processor.py:914} INFO - Processing file /home/noelsdavid/airflow_venv/lib/python3.12/site-packages/airflow/example_dags/example_dataset_alias.py for tasks to queue
[2026-05-18T06:59:00.495+0000] {logging_mixin.py:190} INFO - [2026-05-18T06:59:00.493+0000] {dagbag.py:588} INFO - Filling up the DagBag from /home/noelsdavid/airflow_venv/lib/python3.12/site-packages/airflow/example_dags/example_dataset_alias.py
[2026-05-18T06:59:00.537+0000] {processor.py:925} INFO - DAG(s) 'dataset_s3_bucket_consumer', 'dataset_alias_example_alias_producer', 'dataset_s3_bucket_producer', 'dataset_alias_example_alias_consumer' retrieved from /home/noelsdavid/airflow_venv/lib/python3.12/site-packages/airflow/example_dags/example_dataset_alias.py
[2026-05-18T06:59:00.567+0000] {logging_mixin.py:190} INFO - [2026-05-18T06:59:00.566+0000] {dag.py:3239} INFO - Sync 4 DAGs
[2026-05-18T06:59:00.594+0000] {logging_mixin.py:190} INFO - [2026-05-18T06:59:00.593+0000] {dag.py:4180} INFO - Setting next_dagrun for dataset_alias_example_alias_consumer to None, run_after=None
[2026-05-18T06:59:00.598+0000] {logging_mixin.py:190} INFO - [2026-05-18T06:59:00.597+0000] {dag.py:4180} INFO - Setting next_dagrun for dataset_alias_example_alias_producer to None, run_after=None
[2026-05-18T06:59:00.600+0000] {logging_mixin.py:190} INFO - [2026-05-18T06:59:00.600+0000] {dag.py:4180} INFO - Setting next_dagrun for dataset_s3_bucket_consumer to None, run_after=None
[2026-05-18T06:59:00.602+0000] {logging_mixin.py:190} INFO - [2026-05-18T06:59:00.602+0000] {dag.py:4180} INFO - Setting next_dagrun for dataset_s3_bucket_producer to None, run_after=None
[2026-05-18T06:59:00.642+0000] {processor.py:208} INFO - Processing /home/noelsdavid/airflow_venv/lib/python3.12/site-packages/airflow/example_dags/example_dataset_alias.py took 0.164 seconds
[2026-05-18T07:00:21.522+0000] {processor.py:186} INFO - Started process (PID=16148) to work on /home/noelsdavid/airflow_venv/lib/python3.12/site-packages/airflow/example_dags/example_dataset_alias.py
[2026-05-18T07:00:21.525+0000] {processor.py:914} INFO - Processing file /home/noelsdavid/airflow_venv/lib/python3.12/site-packages/airflow/example_dags/example_dataset_alias.py for tasks to queue
[2026-05-18T07:00:21.527+0000] {logging_mixin.py:190} INFO - [2026-05-18T07:00:21.527+0000] {dagbag.py:588} INFO - Filling up the DagBag from /home/noelsdavid/airflow_venv/lib/python3.12/site-packages/airflow/example_dags/example_dataset_alias.py
[2026-05-18T07:00:21.563+0000] {processor.py:925} INFO - DAG(s) 'dataset_alias_example_alias_producer', 'dataset_s3_bucket_consumer', 'dataset_alias_example_alias_consumer', 'dataset_s3_bucket_producer' retrieved from /home/noelsdavid/airflow_venv/lib/python3.12/site-packages/airflow/example_dags/example_dataset_alias.py
[2026-05-18T07:00:21.591+0000] {logging_mixin.py:190} INFO - [2026-05-18T07:00:21.590+0000] {dag.py:3239} INFO - Sync 4 DAGs
[2026-05-18T07:00:21.616+0000] {logging_mixin.py:190} INFO - [2026-05-18T07:00:21.616+0000] {dag.py:4180} INFO - Setting next_dagrun for dataset_alias_example_alias_consumer to None, run_after=None
[2026-05-18T07:00:21.620+0000] {logging_mixin.py:190} INFO - [2026-05-18T07:00:21.619+0000] {dag.py:4180} INFO - Setting next_dagrun for dataset_alias_example_alias_producer to None, run_after=None
[2026-05-18T07:00:21.621+0000] {logging_mixin.py:190} INFO - [2026-05-18T07:00:21.621+0000] {dag.py:4180} INFO - Setting next_dagrun for dataset_s3_bucket_consumer to None, run_after=None
[2026-05-18T07:00:21.623+0000] {logging_mixin.py:190} INFO - [2026-05-18T07:00:21.623+0000] {dag.py:4180} INFO - Setting next_dagrun for dataset_s3_bucket_producer to None, run_after=None
[2026-05-18T07:00:21.665+0000] {processor.py:208} INFO - Processing /home/noelsdavid/airflow_venv/lib/python3.12/site-packages/airflow/example_dags/example_dataset_alias.py took 0.152 seconds
[2026-05-18T07:01:38.241+0000] {processor.py:186} INFO - Started process (PID=16423) to work on /home/noelsdavid/airflow_venv/lib/python3.12/site-packages/airflow/example_dags/example_dataset_alias.py
[2026-05-18T07:01:38.244+0000] {processor.py:914} INFO - Processing file /home/noelsdavid/airflow_venv/lib/python3.12/site-packages/airflow/example_dags/example_dataset_alias.py for tasks to queue
[2026-05-18T07:01:38.247+0000] {logging_mixin.py:190} INFO - [2026-05-18T07:01:38.246+0000] {dagbag.py:588} INFO - Filling up the DagBag from /home/noelsdavid/airflow_venv/lib/python3.12/site-packages/airflow/example_dags/example_dataset_alias.py
[2026-05-18T07:01:38.281+0000] {processor.py:925} INFO - DAG(s) 'dataset_s3_bucket_producer', 'dataset_s3_bucket_consumer', 'dataset_alias_example_alias_producer', 'dataset_alias_example_alias_consumer' retrieved from /home/noelsdavid/airflow_venv/lib/python3.12/site-packages/airflow/example_dags/example_dataset_alias.py
[2026-05-18T07:01:38.309+0000] {logging_mixin.py:190} INFO - [2026-05-18T07:01:38.309+0000] {dag.py:3239} INFO - Sync 4 DAGs
[2026-05-18T07:01:38.335+0000] {logging_mixin.py:190} INFO - [2026-05-18T07:01:38.335+0000] {dag.py:4180} INFO - Setting next_dagrun for dataset_alias_example_alias_consumer to None, run_after=None
[2026-05-18T07:01:38.339+0000] {logging_mixin.py:190} INFO - [2026-05-18T07:01:38.338+0000] {dag.py:4180} INFO - Setting next_dagrun for dataset_alias_example_alias_producer to None, run_after=None
[2026-05-18T07:01:38.340+0000] {logging_mixin.py:190} INFO - [2026-05-18T07:01:38.340+0000] {dag.py:4180} INFO - Setting next_dagrun for dataset_s3_bucket_consumer to None, run_after=None
[2026-05-18T07:01:38.341+0000] {logging_mixin.py:190} INFO - [2026-05-18T07:01:38.341+0000] {dag.py:4180} INFO - Setting next_dagrun for dataset_s3_bucket_producer to None, run_after=None
[2026-05-18T07:01:38.376+0000] {processor.py:208} INFO - Processing /home/noelsdavid/airflow_venv/lib/python3.12/site-packages/airflow/example_dags/example_dataset_alias.py took 0.145 seconds
[2026-05-18T07:02:49.428+0000] {processor.py:186} INFO - Started process (PID=16501) to work on /home/noelsdavid/airflow_venv/lib/python3.12/site-packages/airflow/example_dags/example_dataset_alias.py
[2026-05-18T07:02:49.432+0000] {processor.py:914} INFO - Processing file /home/noelsdavid/airflow_venv/lib/python3.12/site-packages/airflow/example_dags/example_dataset_alias.py for tasks to queue
[2026-05-18T07:02:49.434+0000] {logging_mixin.py:190} INFO - [2026-05-18T07:02:49.434+0000] {dagbag.py:588} INFO - Filling up the DagBag from /home/noelsdavid/airflow_venv/lib/python3.12/site-packages/airflow/example_dags/example_dataset_alias.py
[2026-05-18T07:02:49.468+0000] {processor.py:925} INFO - DAG(s) 'dataset_alias_example_alias_producer', 'dataset_alias_example_alias_consumer', 'dataset_s3_bucket_consumer', 'dataset_s3_bucket_producer' retrieved from /home/noelsdavid/airflow_venv/lib/python3.12/site-packages/airflow/example_dags/example_dataset_alias.py
[2026-05-18T07:02:49.494+0000] {logging_mixin.py:190} INFO - [2026-05-18T07:02:49.494+0000] {dag.py:3239} INFO - Sync 4 DAGs
[2026-05-18T07:02:49.519+0000] {logging_mixin.py:190} INFO - [2026-05-18T07:02:49.519+0000] {dag.py:4180} INFO - Setting next_dagrun for dataset_alias_example_alias_consumer to None, run_after=None
[2026-05-18T07:02:49.522+0000] {logging_mixin.py:190} INFO - [2026-05-18T07:02:49.522+0000] {dag.py:4180} INFO - Setting next_dagrun for dataset_alias_example_alias_producer to None, run_after=None
[2026-05-18T07:02:49.523+0000] {logging_mixin.py:190} INFO - [2026-05-18T07:02:49.523+0000] {dag.py:4180} INFO - Setting next_dagrun for dataset_s3_bucket_consumer to None, run_after=None
[2026-05-18T07:02:49.525+0000] {logging_mixin.py:190} INFO - [2026-05-18T07:02:49.524+0000] {dag.py:4180} INFO - Setting next_dagrun for dataset_s3_bucket_producer to None, run_after=None
[2026-05-18T07:02:49.558+0000] {processor.py:208} INFO - Processing /home/noelsdavid/airflow_venv/lib/python3.12/site-packages/airflow/example_dags/example_dataset_alias.py took 0.140 seconds
[2026-05-18T07:04:00.949+0000] {processor.py:186} INFO - Started process (PID=16579) to work on /home/noelsdavid/airflow_venv/lib/python3.12/site-packages/airflow/example_dags/example_dataset_alias.py
[2026-05-18T07:04:00.952+0000] {processor.py:914} INFO - Processing file /home/noelsdavid/airflow_venv/lib/python3.12/site-packages/airflow/example_dags/example_dataset_alias.py for tasks to queue
[2026-05-18T07:04:00.955+0000] {logging_mixin.py:190} INFO - [2026-05-18T07:04:00.954+0000] {dagbag.py:588} INFO - Filling up the DagBag from /home/noelsdavid/airflow_venv/lib/python3.12/site-packages/airflow/example_dags/example_dataset_alias.py
[2026-05-18T07:04:00.991+0000] {processor.py:925} INFO - DAG(s) 'dataset_s3_bucket_consumer', 'dataset_alias_example_alias_consumer', 'dataset_alias_example_alias_producer', 'dataset_s3_bucket_producer' retrieved from /home/noelsdavid/airflow_venv/lib/python3.12/site-packages/airflow/example_dags/example_dataset_alias.py
[2026-05-18T07:04:01.027+0000] {logging_mixin.py:190} INFO - [2026-05-18T07:04:01.027+0000] {dag.py:3239} INFO - Sync 4 DAGs
[2026-05-18T07:04:01.054+0000] {logging_mixin.py:190} INFO - [2026-05-18T07:04:01.054+0000] {dag.py:4180} INFO - Setting next_dagrun for dataset_alias_example_alias_consumer to None, run_after=None
[2026-05-18T07:04:01.057+0000] {logging_mixin.py:190} INFO - [2026-05-18T07:04:01.057+0000] {dag.py:4180} INFO - Setting next_dagrun for dataset_alias_example_alias_producer to None, run_after=None
[2026-05-18T07:04:01.058+0000] {logging_mixin.py:190} INFO - [2026-05-18T07:04:01.058+0000] {dag.py:4180} INFO - Setting next_dagrun for dataset_s3_bucket_consumer to None, run_after=None
[2026-05-18T07:04:01.059+0000] {logging_mixin.py:190} INFO - [2026-05-18T07:04:01.059+0000] {dag.py:4180} INFO - Setting next_dagrun for dataset_s3_bucket_producer to None, run_after=None
[2026-05-18T07:04:01.092+0000] {processor.py:208} INFO - Processing /home/noelsdavid/airflow_venv/lib/python3.12/site-packages/airflow/example_dags/example_dataset_alias.py took 0.153 seconds
[2026-05-18T07:05:10.648+0000] {processor.py:186} INFO - Started process (PID=16656) to work on /home/noelsdavid/airflow_venv/lib/python3.12/site-packages/airflow/example_dags/example_dataset_alias.py
[2026-05-18T07:05:10.651+0000] {processor.py:914} INFO - Processing file /home/noelsdavid/airflow_venv/lib/python3.12/site-packages/airflow/example_dags/example_dataset_alias.py for tasks to queue
[2026-05-18T07:05:10.654+0000] {logging_mixin.py:190} INFO - [2026-05-18T07:05:10.653+0000] {dagbag.py:588} INFO - Filling up the DagBag from /home/noelsdavid/airflow_venv/lib/python3.12/site-packages/airflow/example_dags/example_dataset_alias.py
[2026-05-18T07:05:10.688+0000] {processor.py:925} INFO - DAG(s) 'dataset_s3_bucket_producer', 'dataset_s3_bucket_consumer', 'dataset_alias_example_alias_consumer', 'dataset_alias_example_alias_producer' retrieved from /home/noelsdavid/airflow_venv/lib/python3.12/site-packages/airflow/example_dags/example_dataset_alias.py
[2026-05-18T07:05:10.714+0000] {logging_mixin.py:190} INFO - [2026-05-18T07:05:10.714+0000] {dag.py:3239} INFO - Sync 4 DAGs
[2026-05-18T07:05:10.740+0000] {logging_mixin.py:190} INFO - [2026-05-18T07:05:10.740+0000] {dag.py:4180} INFO - Setting next_dagrun for dataset_alias_example_alias_consumer to None, run_after=None
[2026-05-18T07:05:10.743+0000] {logging_mixin.py:190} INFO - [2026-05-18T07:05:10.743+0000] {dag.py:4180} INFO - Setting next_dagrun for dataset_alias_example_alias_producer to None, run_after=None
[2026-05-18T07:05:10.745+0000] {logging_mixin.py:190} INFO - [2026-05-18T07:05:10.744+0000] {dag.py:4180} INFO - Setting next_dagrun for dataset_s3_bucket_consumer to None, run_after=None
[2026-05-18T07:05:10.746+0000] {logging_mixin.py:190} INFO - [2026-05-18T07:05:10.746+0000] {dag.py:4180} INFO - Setting next_dagrun for dataset_s3_bucket_producer to None, run_after=None
[2026-05-18T07:05:10.782+0000] {processor.py:208} INFO - Processing /home/noelsdavid/airflow_venv/lib/python3.12/site-packages/airflow/example_dags/example_dataset_alias.py took 0.143 seconds
[2026-05-18T07:06:30.177+0000] {processor.py:186} INFO - Started process (PID=16761) to work on /home/noelsdavid/airflow_venv/lib/python3.12/site-packages/airflow/example_dags/example_dataset_alias.py
[2026-05-18T07:06:30.180+0000] {processor.py:914} INFO - Processing file /home/noelsdavid/airflow_venv/lib/python3.12/site-packages/airflow/example_dags/example_dataset_alias.py for tasks to queue
[2026-05-18T07:06:30.183+0000] {logging_mixin.py:190} INFO - [2026-05-18T07:06:30.182+0000] {dagbag.py:588} INFO - Filling up the DagBag from /home/noelsdavid/airflow_venv/lib/python3.12/site-packages/airflow/example_dags/example_dataset_alias.py
[2026-05-18T07:06:30.221+0000] {processor.py:925} INFO - DAG(s) 'dataset_s3_bucket_consumer', 'dataset_alias_example_alias_consumer', 'dataset_alias_example_alias_producer', 'dataset_s3_bucket_producer' retrieved from /home/noelsdavid/airflow_venv/lib/python3.12/site-packages/airflow/example_dags/example_dataset_alias.py
[2026-05-18T07:06:30.251+0000] {logging_mixin.py:190} INFO - [2026-05-18T07:06:30.251+0000] {dag.py:3239} INFO - Sync 4 DAGs
[2026-05-18T07:06:30.278+0000] {logging_mixin.py:190} INFO - [2026-05-18T07:06:30.278+0000] {dag.py:4180} INFO - Setting next_dagrun for dataset_alias_example_alias_consumer to None, run_after=None
[2026-05-18T07:06:30.281+0000] {logging_mixin.py:190} INFO - [2026-05-18T07:06:30.281+0000] {dag.py:4180} INFO - Setting next_dagrun for dataset_alias_example_alias_producer to None, run_after=None
[2026-05-18T07:06:30.283+0000] {logging_mixin.py:190} INFO - [2026-05-18T07:06:30.283+0000] {dag.py:4180} INFO - Setting next_dagrun for dataset_s3_bucket_consumer to None, run_after=None
[2026-05-18T07:06:30.284+0000] {logging_mixin.py:190} INFO - [2026-05-18T07:06:30.284+0000] {dag.py:4180} INFO - Setting next_dagrun for dataset_s3_bucket_producer to None, run_after=None
[2026-05-18T07:06:30.322+0000] {processor.py:208} INFO - Processing /home/noelsdavid/airflow_venv/lib/python3.12/site-packages/airflow/example_dags/example_dataset_alias.py took 0.154 seconds
[2026-05-18T07:07:47.908+0000] {processor.py:186} INFO - Started process (PID=16841) to work on /home/noelsdavid/airflow_venv/lib/python3.12/site-packages/airflow/example_dags/example_dataset_alias.py
[2026-05-18T07:07:47.910+0000] {processor.py:914} INFO - Processing file /home/noelsdavid/airflow_venv/lib/python3.12/site-packages/airflow/example_dags/example_dataset_alias.py for tasks to queue
[2026-05-18T07:07:47.913+0000] {logging_mixin.py:190} INFO - [2026-05-18T07:07:47.912+0000] {dagbag.py:588} INFO - Filling up the DagBag from /home/noelsdavid/airflow_venv/lib/python3.12/site-packages/airflow/example_dags/example_dataset_alias.py
[2026-05-18T07:07:47.954+0000] {processor.py:925} INFO - DAG(s) 'dataset_s3_bucket_consumer', 'dataset_alias_example_alias_producer', 'dataset_alias_example_alias_consumer', 'dataset_s3_bucket_producer' retrieved from /home/noelsdavid/airflow_venv/lib/python3.12/site-packages/airflow/example_dags/example_dataset_alias.py
[2026-05-18T07:07:48.160+0000] {logging_mixin.py:190} INFO - [2026-05-18T07:07:48.159+0000] {dag.py:3239} INFO - Sync 4 DAGs
[2026-05-18T07:07:48.184+0000] {logging_mixin.py:190} INFO - [2026-05-18T07:07:48.184+0000] {dag.py:4180} INFO - Setting next_dagrun for dataset_alias_example_alias_consumer to None, run_after=None
[2026-05-18T07:07:48.187+0000] {logging_mixin.py:190} INFO - [2026-05-18T07:07:48.187+0000] {dag.py:4180} INFO - Setting next_dagrun for dataset_alias_example_alias_producer to None, run_after=None
[2026-05-18T07:07:48.189+0000] {logging_mixin.py:190} INFO - [2026-05-18T07:07:48.189+0000] {dag.py:4180} INFO - Setting next_dagrun for dataset_s3_bucket_consumer to None, run_after=None
[2026-05-18T07:07:48.190+0000] {logging_mixin.py:190} INFO - [2026-05-18T07:07:48.190+0000] {dag.py:4180} INFO - Setting next_dagrun for dataset_s3_bucket_producer to None, run_after=None
[2026-05-18T07:07:48.226+0000] {processor.py:208} INFO - Processing /home/noelsdavid/airflow_venv/lib/python3.12/site-packages/airflow/example_dags/example_dataset_alias.py took 0.328 seconds
[2026-05-18T07:09:07.889+0000] {processor.py:186} INFO - Started process (PID=16923) to work on /home/noelsdavid/airflow_venv/lib/python3.12/site-packages/airflow/example_dags/example_dataset_alias.py
[2026-05-18T07:09:07.891+0000] {processor.py:914} INFO - Processing file /home/noelsdavid/airflow_venv/lib/python3.12/site-packages/airflow/example_dags/example_dataset_alias.py for tasks to queue
[2026-05-18T07:09:07.894+0000] {logging_mixin.py:190} INFO - [2026-05-18T07:09:07.893+0000] {dagbag.py:588} INFO - Filling up the DagBag from /home/noelsdavid/airflow_venv/lib/python3.12/site-packages/airflow/example_dags/example_dataset_alias.py
[2026-05-18T07:09:07.929+0000] {processor.py:925} INFO - DAG(s) 'dataset_s3_bucket_consumer', 'dataset_alias_example_alias_producer', 'dataset_s3_bucket_producer', 'dataset_alias_example_alias_consumer' retrieved from /home/noelsdavid/airflow_venv/lib/python3.12/site-packages/airflow/example_dags/example_dataset_alias.py
[2026-05-18T07:09:08.119+0000] {logging_mixin.py:190} INFO - [2026-05-18T07:09:08.118+0000] {dag.py:3239} INFO - Sync 4 DAGs
[2026-05-18T07:09:08.141+0000] {logging_mixin.py:190} INFO - [2026-05-18T07:09:08.141+0000] {dag.py:4180} INFO - Setting next_dagrun for dataset_alias_example_alias_consumer to None, run_after=None
[2026-05-18T07:09:08.144+0000] {logging_mixin.py:190} INFO - [2026-05-18T07:09:08.144+0000] {dag.py:4180} INFO - Setting next_dagrun for dataset_alias_example_alias_producer to None, run_after=None
[2026-05-18T07:09:08.146+0000] {logging_mixin.py:190} INFO - [2026-05-18T07:09:08.146+0000] {dag.py:4180} INFO - Setting next_dagrun for dataset_s3_bucket_consumer to None, run_after=None
[2026-05-18T07:09:08.147+0000] {logging_mixin.py:190} INFO - [2026-05-18T07:09:08.147+0000] {dag.py:4180} INFO - Setting next_dagrun for dataset_s3_bucket_producer to None, run_after=None
[2026-05-18T07:09:08.180+0000] {processor.py:208} INFO - Processing /home/noelsdavid/airflow_venv/lib/python3.12/site-packages/airflow/example_dags/example_dataset_alias.py took 0.303 seconds
[2026-05-18T07:10:29.917+0000] {processor.py:186} INFO - Started process (PID=17033) to work on /home/noelsdavid/airflow_venv/lib/python3.12/site-packages/airflow/example_dags/example_dataset_alias.py
[2026-05-18T07:10:29.919+0000] {processor.py:914} INFO - Processing file /home/noelsdavid/airflow_venv/lib/python3.12/site-packages/airflow/example_dags/example_dataset_alias.py for tasks to queue
[2026-05-18T07:10:29.922+0000] {logging_mixin.py:190} INFO - [2026-05-18T07:10:29.922+0000] {dagbag.py:588} INFO - Filling up the DagBag from /home/noelsdavid/airflow_venv/lib/python3.12/site-packages/airflow/example_dags/example_dataset_alias.py
[2026-05-18T07:10:29.965+0000] {processor.py:925} INFO - DAG(s) 'dataset_alias_example_alias_consumer', 'dataset_s3_bucket_producer', 'dataset_s3_bucket_consumer', 'dataset_alias_example_alias_producer' retrieved from /home/noelsdavid/airflow_venv/lib/python3.12/site-packages/airflow/example_dags/example_dataset_alias.py
[2026-05-18T07:10:30.002+0000] {logging_mixin.py:190} INFO - [2026-05-18T07:10:30.002+0000] {dag.py:3239} INFO - Sync 4 DAGs
[2026-05-18T07:10:30.032+0000] {logging_mixin.py:190} INFO - [2026-05-18T07:10:30.031+0000] {dag.py:4180} INFO - Setting next_dagrun for dataset_alias_example_alias_consumer to None, run_after=None
[2026-05-18T07:10:30.036+0000] {logging_mixin.py:190} INFO - [2026-05-18T07:10:30.036+0000] {dag.py:4180} INFO - Setting next_dagrun for dataset_alias_example_alias_producer to None, run_after=None
[2026-05-18T07:10:30.038+0000] {logging_mixin.py:190} INFO - [2026-05-18T07:10:30.037+0000] {dag.py:4180} INFO - Setting next_dagrun for dataset_s3_bucket_consumer to None, run_after=None
[2026-05-18T07:10:30.039+0000] {logging_mixin.py:190} INFO - [2026-05-18T07:10:30.039+0000] {dag.py:4180} INFO - Setting next_dagrun for dataset_s3_bucket_producer to None, run_after=None
[2026-05-18T07:10:30.080+0000] {processor.py:208} INFO - Processing /home/noelsdavid/airflow_venv/lib/python3.12/site-packages/airflow/example_dags/example_dataset_alias.py took 0.173 seconds
[2026-05-18T07:11:43.983+0000] {processor.py:186} INFO - Started process (PID=17112) to work on /home/noelsdavid/airflow_venv/lib/python3.12/site-packages/airflow/example_dags/example_dataset_alias.py
[2026-05-18T07:11:44.047+0000] {processor.py:914} INFO - Processing file /home/noelsdavid/airflow_venv/lib/python3.12/site-packages/airflow/example_dags/example_dataset_alias.py for tasks to queue
[2026-05-18T07:11:44.050+0000] {logging_mixin.py:190} INFO - [2026-05-18T07:11:44.050+0000] {dagbag.py:588} INFO - Filling up the DagBag from /home/noelsdavid/airflow_venv/lib/python3.12/site-packages/airflow/example_dags/example_dataset_alias.py
[2026-05-18T07:11:44.085+0000] {processor.py:925} INFO - DAG(s) 'dataset_alias_example_alias_consumer', 'dataset_s3_bucket_producer', 'dataset_s3_bucket_consumer', 'dataset_alias_example_alias_producer' retrieved from /home/noelsdavid/airflow_venv/lib/python3.12/site-packages/airflow/example_dags/example_dataset_alias.py
[2026-05-18T07:11:44.116+0000] {logging_mixin.py:190} INFO - [2026-05-18T07:11:44.115+0000] {dag.py:3239} INFO - Sync 4 DAGs
[2026-05-18T07:11:44.149+0000] {logging_mixin.py:190} INFO - [2026-05-18T07:11:44.149+0000] {dag.py:4180} INFO - Setting next_dagrun for dataset_alias_example_alias_consumer to None, run_after=None
[2026-05-18T07:11:44.153+0000] {logging_mixin.py:190} INFO - [2026-05-18T07:11:44.152+0000] {dag.py:4180} INFO - Setting next_dagrun for dataset_alias_example_alias_producer to None, run_after=None
[2026-05-18T07:11:44.154+0000] {logging_mixin.py:190} INFO - [2026-05-18T07:11:44.154+0000] {dag.py:4180} INFO - Setting next_dagrun for dataset_s3_bucket_consumer to None, run_after=None
[2026-05-18T07:11:44.155+0000] {logging_mixin.py:190} INFO - [2026-05-18T07:11:44.155+0000] {dag.py:4180} INFO - Setting next_dagrun for dataset_s3_bucket_producer to None, run_after=None
[2026-05-18T07:11:44.190+0000] {processor.py:208} INFO - Processing /home/noelsdavid/airflow_venv/lib/python3.12/site-packages/airflow/example_dags/example_dataset_alias.py took 0.216 seconds
[2026-05-18T07:12:58.015+0000] {processor.py:186} INFO - Started process (PID=17191) to work on /home/noelsdavid/airflow_venv/lib/python3.12/site-packages/airflow/example_dags/example_dataset_alias.py
[2026-05-18T07:12:58.017+0000] {processor.py:914} INFO - Processing file /home/noelsdavid/airflow_venv/lib/python3.12/site-packages/airflow/example_dags/example_dataset_alias.py for tasks to queue
[2026-05-18T07:12:58.021+0000] {logging_mixin.py:190} INFO - [2026-05-18T07:12:58.020+0000] {dagbag.py:588} INFO - Filling up the DagBag from /home/noelsdavid/airflow_venv/lib/python3.12/site-packages/airflow/example_dags/example_dataset_alias.py
[2026-05-18T07:12:58.058+0000] {processor.py:925} INFO - DAG(s) 'dataset_alias_example_alias_producer', 'dataset_s3_bucket_producer', 'dataset_s3_bucket_consumer', 'dataset_alias_example_alias_consumer' retrieved from /home/noelsdavid/airflow_venv/lib/python3.12/site-packages/airflow/example_dags/example_dataset_alias.py
[2026-05-18T07:12:58.087+0000] {logging_mixin.py:190} INFO - [2026-05-18T07:12:58.087+0000] {dag.py:3239} INFO - Sync 4 DAGs
[2026-05-18T07:12:58.116+0000] {logging_mixin.py:190} INFO - [2026-05-18T07:12:58.116+0000] {dag.py:4180} INFO - Setting next_dagrun for dataset_alias_example_alias_consumer to None, run_after=None
[2026-05-18T07:12:58.119+0000] {logging_mixin.py:190} INFO - [2026-05-18T07:12:58.119+0000] {dag.py:4180} INFO - Setting next_dagrun for dataset_alias_example_alias_producer to None, run_after=None
[2026-05-18T07:12:58.121+0000] {logging_mixin.py:190} INFO - [2026-05-18T07:12:58.121+0000] {dag.py:4180} INFO - Setting next_dagrun for dataset_s3_bucket_consumer to None, run_after=None
[2026-05-18T07:12:58.123+0000] {logging_mixin.py:190} INFO - [2026-05-18T07:12:58.123+0000] {dag.py:4180} INFO - Setting next_dagrun for dataset_s3_bucket_producer to None, run_after=None
[2026-05-18T07:12:58.165+0000] {processor.py:208} INFO - Processing /home/noelsdavid/airflow_venv/lib/python3.12/site-packages/airflow/example_dags/example_dataset_alias.py took 0.160 seconds
[2026-05-18T07:14:13.225+0000] {processor.py:186} INFO - Started process (PID=17271) to work on /home/noelsdavid/airflow_venv/lib/python3.12/site-packages/airflow/example_dags/example_dataset_alias.py
[2026-05-18T07:14:13.228+0000] {processor.py:914} INFO - Processing file /home/noelsdavid/airflow_venv/lib/python3.12/site-packages/airflow/example_dags/example_dataset_alias.py for tasks to queue
[2026-05-18T07:14:13.230+0000] {logging_mixin.py:190} INFO - [2026-05-18T07:14:13.230+0000] {dagbag.py:588} INFO - Filling up the DagBag from /home/noelsdavid/airflow_venv/lib/python3.12/site-packages/airflow/example_dags/example_dataset_alias.py
[2026-05-18T07:14:13.266+0000] {processor.py:925} INFO - DAG(s) 'dataset_alias_example_alias_producer', 'dataset_s3_bucket_consumer', 'dataset_alias_example_alias_consumer', 'dataset_s3_bucket_producer' retrieved from /home/noelsdavid/airflow_venv/lib/python3.12/site-packages/airflow/example_dags/example_dataset_alias.py
[2026-05-18T07:14:13.296+0000] {logging_mixin.py:190} INFO - [2026-05-18T07:14:13.296+0000] {dag.py:3239} INFO - Sync 4 DAGs
[2026-05-18T07:14:13.322+0000] {logging_mixin.py:190} INFO - [2026-05-18T07:14:13.322+0000] {dag.py:4180} INFO - Setting next_dagrun for dataset_alias_example_alias_consumer to None, run_after=None
[2026-05-18T07:14:13.325+0000] {logging_mixin.py:190} INFO - [2026-05-18T07:14:13.325+0000] {dag.py:4180} INFO - Setting next_dagrun for dataset_alias_example_alias_producer to None, run_after=None
[2026-05-18T07:14:13.326+0000] {logging_mixin.py:190} INFO - [2026-05-18T07:14:13.326+0000] {dag.py:4180} INFO - Setting next_dagrun for dataset_s3_bucket_consumer to None, run_after=None
[2026-05-18T07:14:13.327+0000] {logging_mixin.py:190} INFO - [2026-05-18T07:14:13.327+0000] {dag.py:4180} INFO - Setting next_dagrun for dataset_s3_bucket_producer to None, run_after=None
[2026-05-18T07:14:13.364+0000] {processor.py:208} INFO - Processing /home/noelsdavid/airflow_venv/lib/python3.12/site-packages/airflow/example_dags/example_dataset_alias.py took 0.149 seconds
[2026-05-18T07:15:22.814+0000] {processor.py:186} INFO - Started process (PID=17371) to work on /home/noelsdavid/airflow_venv/lib/python3.12/site-packages/airflow/example_dags/example_dataset_alias.py
[2026-05-18T07:15:22.816+0000] {processor.py:914} INFO - Processing file /home/noelsdavid/airflow_venv/lib/python3.12/site-packages/airflow/example_dags/example_dataset_alias.py for tasks to queue
[2026-05-18T07:15:22.818+0000] {logging_mixin.py:190} INFO - [2026-05-18T07:15:22.818+0000] {dagbag.py:588} INFO - Filling up the DagBag from /home/noelsdavid/airflow_venv/lib/python3.12/site-packages/airflow/example_dags/example_dataset_alias.py
[2026-05-18T07:15:22.853+0000] {processor.py:925} INFO - DAG(s) 'dataset_s3_bucket_consumer', 'dataset_s3_bucket_producer', 'dataset_alias_example_alias_producer', 'dataset_alias_example_alias_consumer' retrieved from /home/noelsdavid/airflow_venv/lib/python3.12/site-packages/airflow/example_dags/example_dataset_alias.py
[2026-05-18T07:15:22.881+0000] {logging_mixin.py:190} INFO - [2026-05-18T07:15:22.881+0000] {dag.py:3239} INFO - Sync 4 DAGs
[2026-05-18T07:15:22.908+0000] {logging_mixin.py:190} INFO - [2026-05-18T07:15:22.908+0000] {dag.py:4180} INFO - Setting next_dagrun for dataset_alias_example_alias_consumer to None, run_after=None
[2026-05-18T07:15:22.911+0000] {logging_mixin.py:190} INFO - [2026-05-18T07:15:22.911+0000] {dag.py:4180} INFO - Setting next_dagrun for dataset_alias_example_alias_producer to None, run_after=None
[2026-05-18T07:15:22.912+0000] {logging_mixin.py:190} INFO - [2026-05-18T07:15:22.912+0000] {dag.py:4180} INFO - Setting next_dagrun for dataset_s3_bucket_consumer to None, run_after=None
[2026-05-18T07:15:22.914+0000] {logging_mixin.py:190} INFO - [2026-05-18T07:15:22.913+0000] {dag.py:4180} INFO - Setting next_dagrun for dataset_s3_bucket_producer to None, run_after=None
[2026-05-18T07:15:22.949+0000] {processor.py:208} INFO - Processing /home/noelsdavid/airflow_venv/lib/python3.12/site-packages/airflow/example_dags/example_dataset_alias.py took 0.145 seconds
[2026-05-18T07:16:41.495+0000] {processor.py:186} INFO - Started process (PID=17451) to work on /home/noelsdavid/airflow_venv/lib/python3.12/site-packages/airflow/example_dags/example_dataset_alias.py
[2026-05-18T07:16:41.497+0000] {processor.py:914} INFO - Processing file /home/noelsdavid/airflow_venv/lib/python3.12/site-packages/airflow/example_dags/example_dataset_alias.py for tasks to queue
[2026-05-18T07:16:41.500+0000] {logging_mixin.py:190} INFO - [2026-05-18T07:16:41.499+0000] {dagbag.py:588} INFO - Filling up the DagBag from /home/noelsdavid/airflow_venv/lib/python3.12/site-packages/airflow/example_dags/example_dataset_alias.py
[2026-05-18T07:16:41.535+0000] {processor.py:925} INFO - DAG(s) 'dataset_s3_bucket_consumer', 'dataset_alias_example_alias_consumer', 'dataset_s3_bucket_producer', 'dataset_alias_example_alias_producer' retrieved from /home/noelsdavid/airflow_venv/lib/python3.12/site-packages/airflow/example_dags/example_dataset_alias.py
[2026-05-18T07:16:41.566+0000] {logging_mixin.py:190} INFO - [2026-05-18T07:16:41.565+0000] {dag.py:3239} INFO - Sync 4 DAGs
[2026-05-18T07:16:41.595+0000] {logging_mixin.py:190} INFO - [2026-05-18T07:16:41.595+0000] {dag.py:4180} INFO - Setting next_dagrun for dataset_alias_example_alias_consumer to None, run_after=None
[2026-05-18T07:16:41.598+0000] {logging_mixin.py:190} INFO - [2026-05-18T07:16:41.598+0000] {dag.py:4180} INFO - Setting next_dagrun for dataset_alias_example_alias_producer to None, run_after=None
[2026-05-18T07:16:41.600+0000] {logging_mixin.py:190} INFO - [2026-05-18T07:16:41.599+0000] {dag.py:4180} INFO - Setting next_dagrun for dataset_s3_bucket_consumer to None, run_after=None
[2026-05-18T07:16:41.601+0000] {logging_mixin.py:190} INFO - [2026-05-18T07:16:41.601+0000] {dag.py:4180} INFO - Setting next_dagrun for dataset_s3_bucket_producer to None, run_after=None
[2026-05-18T07:16:41.637+0000] {processor.py:208} INFO - Processing /home/noelsdavid/airflow_venv/lib/python3.12/site-packages/airflow/example_dags/example_dataset_alias.py took 0.152 seconds
[2026-05-18T07:17:57.639+0000] {processor.py:186} INFO - Started process (PID=17533) to work on /home/noelsdavid/airflow_venv/lib/python3.12/site-packages/airflow/example_dags/example_dataset_alias.py
[2026-05-18T07:17:57.641+0000] {processor.py:914} INFO - Processing file /home/noelsdavid/airflow_venv/lib/python3.12/site-packages/airflow/example_dags/example_dataset_alias.py for tasks to queue
[2026-05-18T07:17:57.644+0000] {logging_mixin.py:190} INFO - [2026-05-18T07:17:57.644+0000] {dagbag.py:588} INFO - Filling up the DagBag from /home/noelsdavid/airflow_venv/lib/python3.12/site-packages/airflow/example_dags/example_dataset_alias.py
[2026-05-18T07:17:57.680+0000] {processor.py:925} INFO - DAG(s) 'dataset_alias_example_alias_consumer', 'dataset_s3_bucket_consumer', 'dataset_s3_bucket_producer', 'dataset_alias_example_alias_producer' retrieved from /home/noelsdavid/airflow_venv/lib/python3.12/site-packages/airflow/example_dags/example_dataset_alias.py
[2026-05-18T07:17:57.712+0000] {logging_mixin.py:190} INFO - [2026-05-18T07:17:57.711+0000] {dag.py:3239} INFO - Sync 4 DAGs
[2026-05-18T07:17:57.740+0000] {logging_mixin.py:190} INFO - [2026-05-18T07:17:57.740+0000] {dag.py:4180} INFO - Setting next_dagrun for dataset_alias_example_alias_consumer to None, run_after=None
[2026-05-18T07:17:57.743+0000] {logging_mixin.py:190} INFO - [2026-05-18T07:17:57.743+0000] {dag.py:4180} INFO - Setting next_dagrun for dataset_alias_example_alias_producer to None, run_after=None
[2026-05-18T07:17:57.744+0000] {logging_mixin.py:190} INFO - [2026-05-18T07:17:57.744+0000] {dag.py:4180} INFO - Setting next_dagrun for dataset_s3_bucket_consumer to None, run_after=None
[2026-05-18T07:17:57.745+0000] {logging_mixin.py:190} INFO - [2026-05-18T07:17:57.745+0000] {dag.py:4180} INFO - Setting next_dagrun for dataset_s3_bucket_producer to None, run_after=None
[2026-05-18T07:17:57.780+0000] {processor.py:208} INFO - Processing /home/noelsdavid/airflow_venv/lib/python3.12/site-packages/airflow/example_dags/example_dataset_alias.py took 0.152 seconds
[2026-05-18T07:19:04.171+0000] {processor.py:186} INFO - Started process (PID=17609) to work on /home/noelsdavid/airflow_venv/lib/python3.12/site-packages/airflow/example_dags/example_dataset_alias.py
[2026-05-18T07:19:04.173+0000] {processor.py:914} INFO - Processing file /home/noelsdavid/airflow_venv/lib/python3.12/site-packages/airflow/example_dags/example_dataset_alias.py for tasks to queue
[2026-05-18T07:19:04.176+0000] {logging_mixin.py:190} INFO - [2026-05-18T07:19:04.176+0000] {dagbag.py:588} INFO - Filling up the DagBag from /home/noelsdavid/airflow_venv/lib/python3.12/site-packages/airflow/example_dags/example_dataset_alias.py
[2026-05-18T07:19:04.212+0000] {processor.py:925} INFO - DAG(s) 'dataset_alias_example_alias_consumer', 'dataset_s3_bucket_consumer', 'dataset_alias_example_alias_producer', 'dataset_s3_bucket_producer' retrieved from /home/noelsdavid/airflow_venv/lib/python3.12/site-packages/airflow/example_dags/example_dataset_alias.py
[2026-05-18T07:19:04.244+0000] {logging_mixin.py:190} INFO - [2026-05-18T07:19:04.243+0000] {dag.py:3239} INFO - Sync 4 DAGs
[2026-05-18T07:19:04.274+0000] {logging_mixin.py:190} INFO - [2026-05-18T07:19:04.273+0000] {dag.py:4180} INFO - Setting next_dagrun for dataset_alias_example_alias_consumer to None, run_after=None
[2026-05-18T07:19:04.279+0000] {logging_mixin.py:190} INFO - [2026-05-18T07:19:04.279+0000] {dag.py:4180} INFO - Setting next_dagrun for dataset_alias_example_alias_producer to None, run_after=None
[2026-05-18T07:19:04.281+0000] {logging_mixin.py:190} INFO - [2026-05-18T07:19:04.280+0000] {dag.py:4180} INFO - Setting next_dagrun for dataset_s3_bucket_consumer to None, run_after=None
[2026-05-18T07:19:04.282+0000] {logging_mixin.py:190} INFO - [2026-05-18T07:19:04.282+0000] {dag.py:4180} INFO - Setting next_dagrun for dataset_s3_bucket_producer to None, run_after=None
[2026-05-18T07:19:04.327+0000] {processor.py:208} INFO - Processing /home/noelsdavid/airflow_venv/lib/python3.12/site-packages/airflow/example_dags/example_dataset_alias.py took 0.166 seconds
[2026-05-18T07:20:15.505+0000] {processor.py:186} INFO - Started process (PID=17711) to work on /home/noelsdavid/airflow_venv/lib/python3.12/site-packages/airflow/example_dags/example_dataset_alias.py
[2026-05-18T07:20:15.524+0000] {processor.py:914} INFO - Processing file /home/noelsdavid/airflow_venv/lib/python3.12/site-packages/airflow/example_dags/example_dataset_alias.py for tasks to queue
[2026-05-18T07:20:15.527+0000] {logging_mixin.py:190} INFO - [2026-05-18T07:20:15.527+0000] {dagbag.py:588} INFO - Filling up the DagBag from /home/noelsdavid/airflow_venv/lib/python3.12/site-packages/airflow/example_dags/example_dataset_alias.py
[2026-05-18T07:20:15.563+0000] {processor.py:925} INFO - DAG(s) 'dataset_s3_bucket_producer', 'dataset_s3_bucket_consumer', 'dataset_alias_example_alias_consumer', 'dataset_alias_example_alias_producer' retrieved from /home/noelsdavid/airflow_venv/lib/python3.12/site-packages/airflow/example_dags/example_dataset_alias.py
[2026-05-18T07:20:15.595+0000] {logging_mixin.py:190} INFO - [2026-05-18T07:20:15.594+0000] {dag.py:3239} INFO - Sync 4 DAGs
[2026-05-18T07:20:15.623+0000] {logging_mixin.py:190} INFO - [2026-05-18T07:20:15.622+0000] {dag.py:4180} INFO - Setting next_dagrun for dataset_alias_example_alias_consumer to None, run_after=None
[2026-05-18T07:20:15.626+0000] {logging_mixin.py:190} INFO - [2026-05-18T07:20:15.625+0000] {dag.py:4180} INFO - Setting next_dagrun for dataset_alias_example_alias_producer to None, run_after=None
[2026-05-18T07:20:15.627+0000] {logging_mixin.py:190} INFO - [2026-05-18T07:20:15.627+0000] {dag.py:4180} INFO - Setting next_dagrun for dataset_s3_bucket_consumer to None, run_after=None
[2026-05-18T07:20:15.629+0000] {logging_mixin.py:190} INFO - [2026-05-18T07:20:15.628+0000] {dag.py:4180} INFO - Setting next_dagrun for dataset_s3_bucket_producer to None, run_after=None
[2026-05-18T07:20:15.669+0000] {processor.py:208} INFO - Processing /home/noelsdavid/airflow_venv/lib/python3.12/site-packages/airflow/example_dags/example_dataset_alias.py took 0.174 seconds
[2026-05-18T07:21:29.080+0000] {processor.py:186} INFO - Started process (PID=17794) to work on /home/noelsdavid/airflow_venv/lib/python3.12/site-packages/airflow/example_dags/example_dataset_alias.py
[2026-05-18T07:21:29.082+0000] {processor.py:914} INFO - Processing file /home/noelsdavid/airflow_venv/lib/python3.12/site-packages/airflow/example_dags/example_dataset_alias.py for tasks to queue
[2026-05-18T07:21:29.085+0000] {logging_mixin.py:190} INFO - [2026-05-18T07:21:29.085+0000] {dagbag.py:588} INFO - Filling up the DagBag from /home/noelsdavid/airflow_venv/lib/python3.12/site-packages/airflow/example_dags/example_dataset_alias.py
[2026-05-18T07:21:29.122+0000] {processor.py:925} INFO - DAG(s) 'dataset_alias_example_alias_consumer', 'dataset_s3_bucket_producer', 'dataset_s3_bucket_consumer', 'dataset_alias_example_alias_producer' retrieved from /home/noelsdavid/airflow_venv/lib/python3.12/site-packages/airflow/example_dags/example_dataset_alias.py
[2026-05-18T07:21:29.151+0000] {logging_mixin.py:190} INFO - [2026-05-18T07:21:29.151+0000] {dag.py:3239} INFO - Sync 4 DAGs
[2026-05-18T07:21:29.178+0000] {logging_mixin.py:190} INFO - [2026-05-18T07:21:29.178+0000] {dag.py:4180} INFO - Setting next_dagrun for dataset_alias_example_alias_consumer to None, run_after=None
[2026-05-18T07:21:29.181+0000] {logging_mixin.py:190} INFO - [2026-05-18T07:21:29.181+0000] {dag.py:4180} INFO - Setting next_dagrun for dataset_alias_example_alias_producer to None, run_after=None
[2026-05-18T07:21:29.182+0000] {logging_mixin.py:190} INFO - [2026-05-18T07:21:29.182+0000] {dag.py:4180} INFO - Setting next_dagrun for dataset_s3_bucket_consumer to None, run_after=None
[2026-05-18T07:21:29.184+0000] {logging_mixin.py:190} INFO - [2026-05-18T07:21:29.183+0000] {dag.py:4180} INFO - Setting next_dagrun for dataset_s3_bucket_producer to None, run_after=None
[2026-05-18T07:21:29.220+0000] {processor.py:208} INFO - Processing /home/noelsdavid/airflow_venv/lib/python3.12/site-packages/airflow/example_dags/example_dataset_alias.py took 0.150 seconds
[2026-05-18T07:22:40.613+0000] {processor.py:186} INFO - Started process (PID=17872) to work on /home/noelsdavid/airflow_venv/lib/python3.12/site-packages/airflow/example_dags/example_dataset_alias.py
[2026-05-18T07:22:40.616+0000] {processor.py:914} INFO - Processing file /home/noelsdavid/airflow_venv/lib/python3.12/site-packages/airflow/example_dags/example_dataset_alias.py for tasks to queue
[2026-05-18T07:22:40.619+0000] {logging_mixin.py:190} INFO - [2026-05-18T07:22:40.618+0000] {dagbag.py:588} INFO - Filling up the DagBag from /home/noelsdavid/airflow_venv/lib/python3.12/site-packages/airflow/example_dags/example_dataset_alias.py
[2026-05-18T07:22:40.655+0000] {processor.py:925} INFO - DAG(s) 'dataset_s3_bucket_consumer', 'dataset_alias_example_alias_producer', 'dataset_alias_example_alias_consumer', 'dataset_s3_bucket_producer' retrieved from /home/noelsdavid/airflow_venv/lib/python3.12/site-packages/airflow/example_dags/example_dataset_alias.py
[2026-05-18T07:22:40.683+0000] {logging_mixin.py:190} INFO - [2026-05-18T07:22:40.682+0000] {dag.py:3239} INFO - Sync 4 DAGs
[2026-05-18T07:22:40.710+0000] {logging_mixin.py:190} INFO - [2026-05-18T07:22:40.709+0000] {dag.py:4180} INFO - Setting next_dagrun for dataset_alias_example_alias_consumer to None, run_after=None
[2026-05-18T07:22:40.713+0000] {logging_mixin.py:190} INFO - [2026-05-18T07:22:40.713+0000] {dag.py:4180} INFO - Setting next_dagrun for dataset_alias_example_alias_producer to None, run_after=None
[2026-05-18T07:22:40.714+0000] {logging_mixin.py:190} INFO - [2026-05-18T07:22:40.714+0000] {dag.py:4180} INFO - Setting next_dagrun for dataset_s3_bucket_consumer to None, run_after=None
[2026-05-18T07:22:40.716+0000] {logging_mixin.py:190} INFO - [2026-05-18T07:22:40.715+0000] {dag.py:4180} INFO - Setting next_dagrun for dataset_s3_bucket_producer to None, run_after=None
[2026-05-18T07:22:40.751+0000] {processor.py:208} INFO - Processing /home/noelsdavid/airflow_venv/lib/python3.12/site-packages/airflow/example_dags/example_dataset_alias.py took 0.148 seconds
[2026-05-18T07:23:54.079+0000] {processor.py:186} INFO - Started process (PID=17951) to work on /home/noelsdavid/airflow_venv/lib/python3.12/site-packages/airflow/example_dags/example_dataset_alias.py
[2026-05-18T07:23:54.082+0000] {processor.py:914} INFO - Processing file /home/noelsdavid/airflow_venv/lib/python3.12/site-packages/airflow/example_dags/example_dataset_alias.py for tasks to queue
[2026-05-18T07:23:54.085+0000] {logging_mixin.py:190} INFO - [2026-05-18T07:23:54.084+0000] {dagbag.py:588} INFO - Filling up the DagBag from /home/noelsdavid/airflow_venv/lib/python3.12/site-packages/airflow/example_dags/example_dataset_alias.py
[2026-05-18T07:23:54.125+0000] {processor.py:925} INFO - DAG(s) 'dataset_alias_example_alias_producer', 'dataset_alias_example_alias_consumer', 'dataset_s3_bucket_producer', 'dataset_s3_bucket_consumer' retrieved from /home/noelsdavid/airflow_venv/lib/python3.12/site-packages/airflow/example_dags/example_dataset_alias.py
[2026-05-18T07:23:54.155+0000] {logging_mixin.py:190} INFO - [2026-05-18T07:23:54.155+0000] {dag.py:3239} INFO - Sync 4 DAGs
[2026-05-18T07:23:54.186+0000] {logging_mixin.py:190} INFO - [2026-05-18T07:23:54.185+0000] {dag.py:4180} INFO - Setting next_dagrun for dataset_alias_example_alias_consumer to None, run_after=None
[2026-05-18T07:23:54.189+0000] {logging_mixin.py:190} INFO - [2026-05-18T07:23:54.189+0000] {dag.py:4180} INFO - Setting next_dagrun for dataset_alias_example_alias_producer to None, run_after=None
[2026-05-18T07:23:54.191+0000] {logging_mixin.py:190} INFO - [2026-05-18T07:23:54.191+0000] {dag.py:4180} INFO - Setting next_dagrun for dataset_s3_bucket_consumer to None, run_after=None
[2026-05-18T07:23:54.193+0000] {logging_mixin.py:190} INFO - [2026-05-18T07:23:54.193+0000] {dag.py:4180} INFO - Setting next_dagrun for dataset_s3_bucket_producer to None, run_after=None
[2026-05-18T07:23:54.235+0000] {processor.py:208} INFO - Processing /home/noelsdavid/airflow_venv/lib/python3.12/site-packages/airflow/example_dags/example_dataset_alias.py took 0.165 seconds
[2026-05-18T07:25:06.747+0000] {processor.py:186} INFO - Started process (PID=18031) to work on /home/noelsdavid/airflow_venv/lib/python3.12/site-packages/airflow/example_dags/example_dataset_alias.py
[2026-05-18T07:25:06.750+0000] {processor.py:914} INFO - Processing file /home/noelsdavid/airflow_venv/lib/python3.12/site-packages/airflow/example_dags/example_dataset_alias.py for tasks to queue
[2026-05-18T07:25:06.753+0000] {logging_mixin.py:190} INFO - [2026-05-18T07:25:06.752+0000] {dagbag.py:588} INFO - Filling up the DagBag from /home/noelsdavid/airflow_venv/lib/python3.12/site-packages/airflow/example_dags/example_dataset_alias.py
[2026-05-18T07:25:06.791+0000] {processor.py:925} INFO - DAG(s) 'dataset_alias_example_alias_consumer', 'dataset_s3_bucket_producer', 'dataset_s3_bucket_consumer', 'dataset_alias_example_alias_producer' retrieved from /home/noelsdavid/airflow_venv/lib/python3.12/site-packages/airflow/example_dags/example_dataset_alias.py
[2026-05-18T07:25:06.820+0000] {logging_mixin.py:190} INFO - [2026-05-18T07:25:06.820+0000] {dag.py:3239} INFO - Sync 4 DAGs
[2026-05-18T07:25:06.848+0000] {logging_mixin.py:190} INFO - [2026-05-18T07:25:06.847+0000] {dag.py:4180} INFO - Setting next_dagrun for dataset_alias_example_alias_consumer to None, run_after=None
[2026-05-18T07:25:06.851+0000] {logging_mixin.py:190} INFO - [2026-05-18T07:25:06.850+0000] {dag.py:4180} INFO - Setting next_dagrun for dataset_alias_example_alias_producer to None, run_after=None
[2026-05-18T07:25:06.852+0000] {logging_mixin.py:190} INFO - [2026-05-18T07:25:06.852+0000] {dag.py:4180} INFO - Setting next_dagrun for dataset_s3_bucket_consumer to None, run_after=None
[2026-05-18T07:25:06.853+0000] {logging_mixin.py:190} INFO - [2026-05-18T07:25:06.853+0000] {dag.py:4180} INFO - Setting next_dagrun for dataset_s3_bucket_producer to None, run_after=None
[2026-05-18T07:25:06.889+0000] {processor.py:208} INFO - Processing /home/noelsdavid/airflow_venv/lib/python3.12/site-packages/airflow/example_dags/example_dataset_alias.py took 0.152 seconds
[2026-05-18T07:26:12.601+0000] {processor.py:186} INFO - Started process (PID=18127) to work on /home/noelsdavid/airflow_venv/lib/python3.12/site-packages/airflow/example_dags/example_dataset_alias.py
[2026-05-18T07:26:12.619+0000] {processor.py:914} INFO - Processing file /home/noelsdavid/airflow_venv/lib/python3.12/site-packages/airflow/example_dags/example_dataset_alias.py for tasks to queue
[2026-05-18T07:26:12.622+0000] {logging_mixin.py:190} INFO - [2026-05-18T07:26:12.621+0000] {dagbag.py:588} INFO - Filling up the DagBag from /home/noelsdavid/airflow_venv/lib/python3.12/site-packages/airflow/example_dags/example_dataset_alias.py
[2026-05-18T07:26:12.656+0000] {processor.py:925} INFO - DAG(s) 'dataset_alias_example_alias_consumer', 'dataset_s3_bucket_consumer', 'dataset_s3_bucket_producer', 'dataset_alias_example_alias_producer' retrieved from /home/noelsdavid/airflow_venv/lib/python3.12/site-packages/airflow/example_dags/example_dataset_alias.py
[2026-05-18T07:26:12.686+0000] {logging_mixin.py:190} INFO - [2026-05-18T07:26:12.685+0000] {dag.py:3239} INFO - Sync 4 DAGs
[2026-05-18T07:26:12.712+0000] {logging_mixin.py:190} INFO - [2026-05-18T07:26:12.712+0000] {dag.py:4180} INFO - Setting next_dagrun for dataset_alias_example_alias_consumer to None, run_after=None
[2026-05-18T07:26:12.715+0000] {logging_mixin.py:190} INFO - [2026-05-18T07:26:12.715+0000] {dag.py:4180} INFO - Setting next_dagrun for dataset_alias_example_alias_producer to None, run_after=None
[2026-05-18T07:26:12.717+0000] {logging_mixin.py:190} INFO - [2026-05-18T07:26:12.717+0000] {dag.py:4180} INFO - Setting next_dagrun for dataset_s3_bucket_consumer to None, run_after=None
[2026-05-18T07:26:12.718+0000] {logging_mixin.py:190} INFO - [2026-05-18T07:26:12.718+0000] {dag.py:4180} INFO - Setting next_dagrun for dataset_s3_bucket_producer to None, run_after=None
[2026-05-18T07:26:12.753+0000] {processor.py:208} INFO - Processing /home/noelsdavid/airflow_venv/lib/python3.12/site-packages/airflow/example_dags/example_dataset_alias.py took 0.161 seconds
[2026-05-18T07:27:22.123+0000] {processor.py:186} INFO - Started process (PID=18204) to work on /home/noelsdavid/airflow_venv/lib/python3.12/site-packages/airflow/example_dags/example_dataset_alias.py
[2026-05-18T07:27:22.125+0000] {processor.py:914} INFO - Processing file /home/noelsdavid/airflow_venv/lib/python3.12/site-packages/airflow/example_dags/example_dataset_alias.py for tasks to queue
[2026-05-18T07:27:22.128+0000] {logging_mixin.py:190} INFO - [2026-05-18T07:27:22.128+0000] {dagbag.py:588} INFO - Filling up the DagBag from /home/noelsdavid/airflow_venv/lib/python3.12/site-packages/airflow/example_dags/example_dataset_alias.py
[2026-05-18T07:27:22.163+0000] {processor.py:925} INFO - DAG(s) 'dataset_s3_bucket_producer', 'dataset_alias_example_alias_producer', 'dataset_alias_example_alias_consumer', 'dataset_s3_bucket_consumer' retrieved from /home/noelsdavid/airflow_venv/lib/python3.12/site-packages/airflow/example_dags/example_dataset_alias.py
[2026-05-18T07:27:22.190+0000] {logging_mixin.py:190} INFO - [2026-05-18T07:27:22.190+0000] {dag.py:3239} INFO - Sync 4 DAGs
[2026-05-18T07:27:22.216+0000] {logging_mixin.py:190} INFO - [2026-05-18T07:27:22.216+0000] {dag.py:4180} INFO - Setting next_dagrun for dataset_alias_example_alias_consumer to None, run_after=None
[2026-05-18T07:27:22.219+0000] {logging_mixin.py:190} INFO - [2026-05-18T07:27:22.219+0000] {dag.py:4180} INFO - Setting next_dagrun for dataset_alias_example_alias_producer to None, run_after=None
[2026-05-18T07:27:22.221+0000] {logging_mixin.py:190} INFO - [2026-05-18T07:27:22.220+0000] {dag.py:4180} INFO - Setting next_dagrun for dataset_s3_bucket_consumer to None, run_after=None
[2026-05-18T07:27:22.222+0000] {logging_mixin.py:190} INFO - [2026-05-18T07:27:22.222+0000] {dag.py:4180} INFO - Setting next_dagrun for dataset_s3_bucket_producer to None, run_after=None
[2026-05-18T07:27:22.256+0000] {processor.py:208} INFO - Processing /home/noelsdavid/airflow_venv/lib/python3.12/site-packages/airflow/example_dags/example_dataset_alias.py took 0.143 seconds
[2026-05-18T07:28:33.247+0000] {processor.py:186} INFO - Started process (PID=18282) to work on /home/noelsdavid/airflow_venv/lib/python3.12/site-packages/airflow/example_dags/example_dataset_alias.py
[2026-05-18T07:28:33.271+0000] {processor.py:914} INFO - Processing file /home/noelsdavid/airflow_venv/lib/python3.12/site-packages/airflow/example_dags/example_dataset_alias.py for tasks to queue
[2026-05-18T07:28:33.274+0000] {logging_mixin.py:190} INFO - [2026-05-18T07:28:33.274+0000] {dagbag.py:588} INFO - Filling up the DagBag from /home/noelsdavid/airflow_venv/lib/python3.12/site-packages/airflow/example_dags/example_dataset_alias.py
[2026-05-18T07:28:33.310+0000] {processor.py:925} INFO - DAG(s) 'dataset_s3_bucket_producer', 'dataset_alias_example_alias_consumer', 'dataset_alias_example_alias_producer', 'dataset_s3_bucket_consumer' retrieved from /home/noelsdavid/airflow_venv/lib/python3.12/site-packages/airflow/example_dags/example_dataset_alias.py
[2026-05-18T07:28:33.340+0000] {logging_mixin.py:190} INFO - [2026-05-18T07:28:33.340+0000] {dag.py:3239} INFO - Sync 4 DAGs
[2026-05-18T07:28:33.370+0000] {logging_mixin.py:190} INFO - [2026-05-18T07:28:33.370+0000] {dag.py:4180} INFO - Setting next_dagrun for dataset_alias_example_alias_consumer to None, run_after=None
[2026-05-18T07:28:33.374+0000] {logging_mixin.py:190} INFO - [2026-05-18T07:28:33.374+0000] {dag.py:4180} INFO - Setting next_dagrun for dataset_alias_example_alias_producer to None, run_after=None
[2026-05-18T07:28:33.376+0000] {logging_mixin.py:190} INFO - [2026-05-18T07:28:33.376+0000] {dag.py:4180} INFO - Setting next_dagrun for dataset_s3_bucket_consumer to None, run_after=None
[2026-05-18T07:28:33.378+0000] {logging_mixin.py:190} INFO - [2026-05-18T07:28:33.377+0000] {dag.py:4180} INFO - Setting next_dagrun for dataset_s3_bucket_producer to None, run_after=None
[2026-05-18T07:28:33.415+0000] {processor.py:208} INFO - Processing /home/noelsdavid/airflow_venv/lib/python3.12/site-packages/airflow/example_dags/example_dataset_alias.py took 0.177 seconds
[2026-05-18T07:29:46.666+0000] {processor.py:186} INFO - Started process (PID=18361) to work on /home/noelsdavid/airflow_venv/lib/python3.12/site-packages/airflow/example_dags/example_dataset_alias.py
[2026-05-18T07:29:46.669+0000] {processor.py:914} INFO - Processing file /home/noelsdavid/airflow_venv/lib/python3.12/site-packages/airflow/example_dags/example_dataset_alias.py for tasks to queue
[2026-05-18T07:29:46.672+0000] {logging_mixin.py:190} INFO - [2026-05-18T07:29:46.671+0000] {dagbag.py:588} INFO - Filling up the DagBag from /home/noelsdavid/airflow_venv/lib/python3.12/site-packages/airflow/example_dags/example_dataset_alias.py
[2026-05-18T07:29:46.708+0000] {processor.py:925} INFO - DAG(s) 'dataset_alias_example_alias_consumer', 'dataset_alias_example_alias_producer', 'dataset_s3_bucket_producer', 'dataset_s3_bucket_consumer' retrieved from /home/noelsdavid/airflow_venv/lib/python3.12/site-packages/airflow/example_dags/example_dataset_alias.py
[2026-05-18T07:29:46.736+0000] {logging_mixin.py:190} INFO - [2026-05-18T07:29:46.736+0000] {dag.py:3239} INFO - Sync 4 DAGs
[2026-05-18T07:29:46.762+0000] {logging_mixin.py:190} INFO - [2026-05-18T07:29:46.762+0000] {dag.py:4180} INFO - Setting next_dagrun for dataset_alias_example_alias_consumer to None, run_after=None
[2026-05-18T07:29:46.765+0000] {logging_mixin.py:190} INFO - [2026-05-18T07:29:46.765+0000] {dag.py:4180} INFO - Setting next_dagrun for dataset_alias_example_alias_producer to None, run_after=None
[2026-05-18T07:29:46.767+0000] {logging_mixin.py:190} INFO - [2026-05-18T07:29:46.767+0000] {dag.py:4180} INFO - Setting next_dagrun for dataset_s3_bucket_consumer to None, run_after=None
[2026-05-18T07:29:46.768+0000] {logging_mixin.py:190} INFO - [2026-05-18T07:29:46.768+0000] {dag.py:4180} INFO - Setting next_dagrun for dataset_s3_bucket_producer to None, run_after=None
[2026-05-18T07:29:46.804+0000] {processor.py:208} INFO - Processing /home/noelsdavid/airflow_venv/lib/python3.12/site-packages/airflow/example_dags/example_dataset_alias.py took 0.147 seconds
[2026-05-18T07:30:56.127+0000] {processor.py:186} INFO - Started process (PID=18470) to work on /home/noelsdavid/airflow_venv/lib/python3.12/site-packages/airflow/example_dags/example_dataset_alias.py
[2026-05-18T07:30:56.130+0000] {processor.py:914} INFO - Processing file /home/noelsdavid/airflow_venv/lib/python3.12/site-packages/airflow/example_dags/example_dataset_alias.py for tasks to queue
[2026-05-18T07:30:56.133+0000] {logging_mixin.py:190} INFO - [2026-05-18T07:30:56.132+0000] {dagbag.py:588} INFO - Filling up the DagBag from /home/noelsdavid/airflow_venv/lib/python3.12/site-packages/airflow/example_dags/example_dataset_alias.py
[2026-05-18T07:30:56.169+0000] {processor.py:925} INFO - DAG(s) 'dataset_alias_example_alias_consumer', 'dataset_s3_bucket_consumer', 'dataset_s3_bucket_producer', 'dataset_alias_example_alias_producer' retrieved from /home/noelsdavid/airflow_venv/lib/python3.12/site-packages/airflow/example_dags/example_dataset_alias.py
[2026-05-18T07:30:56.200+0000] {logging_mixin.py:190} INFO - [2026-05-18T07:30:56.200+0000] {dag.py:3239} INFO - Sync 4 DAGs
[2026-05-18T07:30:56.227+0000] {logging_mixin.py:190} INFO - [2026-05-18T07:30:56.227+0000] {dag.py:4180} INFO - Setting next_dagrun for dataset_alias_example_alias_consumer to None, run_after=None
[2026-05-18T07:30:56.230+0000] {logging_mixin.py:190} INFO - [2026-05-18T07:30:56.230+0000] {dag.py:4180} INFO - Setting next_dagrun for dataset_alias_example_alias_producer to None, run_after=None
[2026-05-18T07:30:56.231+0000] {logging_mixin.py:190} INFO - [2026-05-18T07:30:56.231+0000] {dag.py:4180} INFO - Setting next_dagrun for dataset_s3_bucket_consumer to None, run_after=None
[2026-05-18T07:30:56.232+0000] {logging_mixin.py:190} INFO - [2026-05-18T07:30:56.232+0000] {dag.py:4180} INFO - Setting next_dagrun for dataset_s3_bucket_producer to None, run_after=None
[2026-05-18T07:30:56.267+0000] {processor.py:208} INFO - Processing /home/noelsdavid/airflow_venv/lib/python3.12/site-packages/airflow/example_dags/example_dataset_alias.py took 0.150 seconds
[2026-05-18T07:32:07.565+0000] {processor.py:186} INFO - Started process (PID=18546) to work on /home/noelsdavid/airflow_venv/lib/python3.12/site-packages/airflow/example_dags/example_dataset_alias.py
[2026-05-18T07:32:07.568+0000] {processor.py:914} INFO - Processing file /home/noelsdavid/airflow_venv/lib/python3.12/site-packages/airflow/example_dags/example_dataset_alias.py for tasks to queue
[2026-05-18T07:32:07.571+0000] {logging_mixin.py:190} INFO - [2026-05-18T07:32:07.570+0000] {dagbag.py:588} INFO - Filling up the DagBag from /home/noelsdavid/airflow_venv/lib/python3.12/site-packages/airflow/example_dags/example_dataset_alias.py
[2026-05-18T07:32:07.609+0000] {processor.py:925} INFO - DAG(s) 'dataset_alias_example_alias_producer', 'dataset_s3_bucket_producer', 'dataset_s3_bucket_consumer', 'dataset_alias_example_alias_consumer' retrieved from /home/noelsdavid/airflow_venv/lib/python3.12/site-packages/airflow/example_dags/example_dataset_alias.py
[2026-05-18T07:32:07.639+0000] {logging_mixin.py:190} INFO - [2026-05-18T07:32:07.639+0000] {dag.py:3239} INFO - Sync 4 DAGs
[2026-05-18T07:32:07.667+0000] {logging_mixin.py:190} INFO - [2026-05-18T07:32:07.666+0000] {dag.py:4180} INFO - Setting next_dagrun for dataset_alias_example_alias_consumer to None, run_after=None
[2026-05-18T07:32:07.669+0000] {logging_mixin.py:190} INFO - [2026-05-18T07:32:07.669+0000] {dag.py:4180} INFO - Setting next_dagrun for dataset_alias_example_alias_producer to None, run_after=None
[2026-05-18T07:32:07.671+0000] {logging_mixin.py:190} INFO - [2026-05-18T07:32:07.670+0000] {dag.py:4180} INFO - Setting next_dagrun for dataset_s3_bucket_consumer to None, run_after=None
[2026-05-18T07:32:07.672+0000] {logging_mixin.py:190} INFO - [2026-05-18T07:32:07.672+0000] {dag.py:4180} INFO - Setting next_dagrun for dataset_s3_bucket_producer to None, run_after=None
[2026-05-18T07:32:07.707+0000] {processor.py:208} INFO - Processing /home/noelsdavid/airflow_venv/lib/python3.12/site-packages/airflow/example_dags/example_dataset_alias.py took 0.151 seconds
[2026-05-18T07:33:16.330+0000] {processor.py:186} INFO - Started process (PID=18623) to work on /home/noelsdavid/airflow_venv/lib/python3.12/site-packages/airflow/example_dags/example_dataset_alias.py
[2026-05-18T07:33:16.332+0000] {processor.py:914} INFO - Processing file /home/noelsdavid/airflow_venv/lib/python3.12/site-packages/airflow/example_dags/example_dataset_alias.py for tasks to queue
[2026-05-18T07:33:16.335+0000] {logging_mixin.py:190} INFO - [2026-05-18T07:33:16.335+0000] {dagbag.py:588} INFO - Filling up the DagBag from /home/noelsdavid/airflow_venv/lib/python3.12/site-packages/airflow/example_dags/example_dataset_alias.py
[2026-05-18T07:33:16.371+0000] {processor.py:925} INFO - DAG(s) 'dataset_s3_bucket_consumer', 'dataset_alias_example_alias_consumer', 'dataset_s3_bucket_producer', 'dataset_alias_example_alias_producer' retrieved from /home/noelsdavid/airflow_venv/lib/python3.12/site-packages/airflow/example_dags/example_dataset_alias.py
[2026-05-18T07:33:16.398+0000] {logging_mixin.py:190} INFO - [2026-05-18T07:33:16.398+0000] {dag.py:3239} INFO - Sync 4 DAGs
[2026-05-18T07:33:16.427+0000] {logging_mixin.py:190} INFO - [2026-05-18T07:33:16.427+0000] {dag.py:4180} INFO - Setting next_dagrun for dataset_alias_example_alias_consumer to None, run_after=None
[2026-05-18T07:33:16.431+0000] {logging_mixin.py:190} INFO - [2026-05-18T07:33:16.430+0000] {dag.py:4180} INFO - Setting next_dagrun for dataset_alias_example_alias_producer to None, run_after=None
[2026-05-18T07:33:16.432+0000] {logging_mixin.py:190} INFO - [2026-05-18T07:33:16.432+0000] {dag.py:4180} INFO - Setting next_dagrun for dataset_s3_bucket_consumer to None, run_after=None
[2026-05-18T07:33:16.433+0000] {logging_mixin.py:190} INFO - [2026-05-18T07:33:16.433+0000] {dag.py:4180} INFO - Setting next_dagrun for dataset_s3_bucket_producer to None, run_after=None
[2026-05-18T07:33:16.468+0000] {processor.py:208} INFO - Processing /home/noelsdavid/airflow_venv/lib/python3.12/site-packages/airflow/example_dags/example_dataset_alias.py took 0.150 seconds
[2026-05-18T07:34:25.506+0000] {processor.py:186} INFO - Started process (PID=18699) to work on /home/noelsdavid/airflow_venv/lib/python3.12/site-packages/airflow/example_dags/example_dataset_alias.py
[2026-05-18T07:34:25.510+0000] {processor.py:914} INFO - Processing file /home/noelsdavid/airflow_venv/lib/python3.12/site-packages/airflow/example_dags/example_dataset_alias.py for tasks to queue
[2026-05-18T07:34:25.513+0000] {logging_mixin.py:190} INFO - [2026-05-18T07:34:25.512+0000] {dagbag.py:588} INFO - Filling up the DagBag from /home/noelsdavid/airflow_venv/lib/python3.12/site-packages/airflow/example_dags/example_dataset_alias.py
[2026-05-18T07:34:25.550+0000] {processor.py:925} INFO - DAG(s) 'dataset_alias_example_alias_consumer', 'dataset_alias_example_alias_producer', 'dataset_s3_bucket_consumer', 'dataset_s3_bucket_producer' retrieved from /home/noelsdavid/airflow_venv/lib/python3.12/site-packages/airflow/example_dags/example_dataset_alias.py
[2026-05-18T07:34:25.582+0000] {logging_mixin.py:190} INFO - [2026-05-18T07:34:25.582+0000] {dag.py:3239} INFO - Sync 4 DAGs
[2026-05-18T07:34:25.613+0000] {logging_mixin.py:190} INFO - [2026-05-18T07:34:25.613+0000] {dag.py:4180} INFO - Setting next_dagrun for dataset_alias_example_alias_consumer to None, run_after=None
[2026-05-18T07:34:25.617+0000] {logging_mixin.py:190} INFO - [2026-05-18T07:34:25.617+0000] {dag.py:4180} INFO - Setting next_dagrun for dataset_alias_example_alias_producer to None, run_after=None
[2026-05-18T07:34:25.619+0000] {logging_mixin.py:190} INFO - [2026-05-18T07:34:25.619+0000] {dag.py:4180} INFO - Setting next_dagrun for dataset_s3_bucket_consumer to None, run_after=None
[2026-05-18T07:34:25.621+0000] {logging_mixin.py:190} INFO - [2026-05-18T07:34:25.620+0000] {dag.py:4180} INFO - Setting next_dagrun for dataset_s3_bucket_producer to None, run_after=None
[2026-05-18T07:34:25.660+0000] {processor.py:208} INFO - Processing /home/noelsdavid/airflow_venv/lib/python3.12/site-packages/airflow/example_dags/example_dataset_alias.py took 0.163 seconds
[2026-05-18T07:35:40.329+0000] {processor.py:186} INFO - Started process (PID=18802) to work on /home/noelsdavid/airflow_venv/lib/python3.12/site-packages/airflow/example_dags/example_dataset_alias.py
[2026-05-18T07:35:40.347+0000] {processor.py:914} INFO - Processing file /home/noelsdavid/airflow_venv/lib/python3.12/site-packages/airflow/example_dags/example_dataset_alias.py for tasks to queue
[2026-05-18T07:35:40.350+0000] {logging_mixin.py:190} INFO - [2026-05-18T07:35:40.349+0000] {dagbag.py:588} INFO - Filling up the DagBag from /home/noelsdavid/airflow_venv/lib/python3.12/site-packages/airflow/example_dags/example_dataset_alias.py
[2026-05-18T07:35:40.385+0000] {processor.py:925} INFO - DAG(s) 'dataset_s3_bucket_producer', 'dataset_alias_example_alias_producer', 'dataset_s3_bucket_consumer', 'dataset_alias_example_alias_consumer' retrieved from /home/noelsdavid/airflow_venv/lib/python3.12/site-packages/airflow/example_dags/example_dataset_alias.py
[2026-05-18T07:35:40.415+0000] {logging_mixin.py:190} INFO - [2026-05-18T07:35:40.414+0000] {dag.py:3239} INFO - Sync 4 DAGs
[2026-05-18T07:35:40.442+0000] {logging_mixin.py:190} INFO - [2026-05-18T07:35:40.442+0000] {dag.py:4180} INFO - Setting next_dagrun for dataset_alias_example_alias_consumer to None, run_after=None
[2026-05-18T07:35:40.446+0000] {logging_mixin.py:190} INFO - [2026-05-18T07:35:40.445+0000] {dag.py:4180} INFO - Setting next_dagrun for dataset_alias_example_alias_producer to None, run_after=None
[2026-05-18T07:35:40.447+0000] {logging_mixin.py:190} INFO - [2026-05-18T07:35:40.447+0000] {dag.py:4180} INFO - Setting next_dagrun for dataset_s3_bucket_consumer to None, run_after=None
[2026-05-18T07:35:40.448+0000] {logging_mixin.py:190} INFO - [2026-05-18T07:35:40.448+0000] {dag.py:4180} INFO - Setting next_dagrun for dataset_s3_bucket_producer to None, run_after=None
[2026-05-18T07:35:40.482+0000] {processor.py:208} INFO - Processing /home/noelsdavid/airflow_venv/lib/python3.12/site-packages/airflow/example_dags/example_dataset_alias.py took 0.163 seconds
[2026-05-18T07:36:49.157+0000] {processor.py:186} INFO - Started process (PID=18878) to work on /home/noelsdavid/airflow_venv/lib/python3.12/site-packages/airflow/example_dags/example_dataset_alias.py
[2026-05-18T07:36:49.160+0000] {processor.py:914} INFO - Processing file /home/noelsdavid/airflow_venv/lib/python3.12/site-packages/airflow/example_dags/example_dataset_alias.py for tasks to queue
[2026-05-18T07:36:49.163+0000] {logging_mixin.py:190} INFO - [2026-05-18T07:36:49.162+0000] {dagbag.py:588} INFO - Filling up the DagBag from /home/noelsdavid/airflow_venv/lib/python3.12/site-packages/airflow/example_dags/example_dataset_alias.py
[2026-05-18T07:36:49.198+0000] {processor.py:925} INFO - DAG(s) 'dataset_s3_bucket_producer', 'dataset_alias_example_alias_consumer', 'dataset_alias_example_alias_producer', 'dataset_s3_bucket_consumer' retrieved from /home/noelsdavid/airflow_venv/lib/python3.12/site-packages/airflow/example_dags/example_dataset_alias.py
[2026-05-18T07:36:49.225+0000] {logging_mixin.py:190} INFO - [2026-05-18T07:36:49.225+0000] {dag.py:3239} INFO - Sync 4 DAGs
[2026-05-18T07:36:49.253+0000] {logging_mixin.py:190} INFO - [2026-05-18T07:36:49.252+0000] {dag.py:4180} INFO - Setting next_dagrun for dataset_alias_example_alias_consumer to None, run_after=None
[2026-05-18T07:36:49.256+0000] {logging_mixin.py:190} INFO - [2026-05-18T07:36:49.255+0000] {dag.py:4180} INFO - Setting next_dagrun for dataset_alias_example_alias_producer to None, run_after=None
[2026-05-18T07:36:49.257+0000] {logging_mixin.py:190} INFO - [2026-05-18T07:36:49.257+0000] {dag.py:4180} INFO - Setting next_dagrun for dataset_s3_bucket_consumer to None, run_after=None
[2026-05-18T07:36:49.258+0000] {logging_mixin.py:190} INFO - [2026-05-18T07:36:49.258+0000] {dag.py:4180} INFO - Setting next_dagrun for dataset_s3_bucket_producer to None, run_after=None
[2026-05-18T07:36:49.295+0000] {processor.py:208} INFO - Processing /home/noelsdavid/airflow_venv/lib/python3.12/site-packages/airflow/example_dags/example_dataset_alias.py took 0.148 seconds
[2026-05-18T07:38:00.587+0000] {processor.py:186} INFO - Started process (PID=18956) to work on /home/noelsdavid/airflow_venv/lib/python3.12/site-packages/airflow/example_dags/example_dataset_alias.py
[2026-05-18T07:38:00.589+0000] {processor.py:914} INFO - Processing file /home/noelsdavid/airflow_venv/lib/python3.12/site-packages/airflow/example_dags/example_dataset_alias.py for tasks to queue
[2026-05-18T07:38:00.592+0000] {logging_mixin.py:190} INFO - [2026-05-18T07:38:00.592+0000] {dagbag.py:588} INFO - Filling up the DagBag from /home/noelsdavid/airflow_venv/lib/python3.12/site-packages/airflow/example_dags/example_dataset_alias.py
[2026-05-18T07:38:00.627+0000] {processor.py:925} INFO - DAG(s) 'dataset_s3_bucket_consumer', 'dataset_alias_example_alias_consumer', 'dataset_s3_bucket_producer', 'dataset_alias_example_alias_producer' retrieved from /home/noelsdavid/airflow_venv/lib/python3.12/site-packages/airflow/example_dags/example_dataset_alias.py
[2026-05-18T07:38:00.657+0000] {logging_mixin.py:190} INFO - [2026-05-18T07:38:00.657+0000] {dag.py:3239} INFO - Sync 4 DAGs
[2026-05-18T07:38:00.684+0000] {logging_mixin.py:190} INFO - [2026-05-18T07:38:00.684+0000] {dag.py:4180} INFO - Setting next_dagrun for dataset_alias_example_alias_consumer to None, run_after=None
[2026-05-18T07:38:00.688+0000] {logging_mixin.py:190} INFO - [2026-05-18T07:38:00.687+0000] {dag.py:4180} INFO - Setting next_dagrun for dataset_alias_example_alias_producer to None, run_after=None
[2026-05-18T07:38:00.690+0000] {logging_mixin.py:190} INFO - [2026-05-18T07:38:00.689+0000] {dag.py:4180} INFO - Setting next_dagrun for dataset_s3_bucket_consumer to None, run_after=None
[2026-05-18T07:38:00.691+0000] {logging_mixin.py:190} INFO - [2026-05-18T07:38:00.691+0000] {dag.py:4180} INFO - Setting next_dagrun for dataset_s3_bucket_producer to None, run_after=None
[2026-05-18T07:38:00.729+0000] {processor.py:208} INFO - Processing /home/noelsdavid/airflow_venv/lib/python3.12/site-packages/airflow/example_dags/example_dataset_alias.py took 0.152 seconds
[2026-05-18T07:39:09.334+0000] {processor.py:186} INFO - Started process (PID=19033) to work on /home/noelsdavid/airflow_venv/lib/python3.12/site-packages/airflow/example_dags/example_dataset_alias.py
[2026-05-18T07:39:09.337+0000] {processor.py:914} INFO - Processing file /home/noelsdavid/airflow_venv/lib/python3.12/site-packages/airflow/example_dags/example_dataset_alias.py for tasks to queue
[2026-05-18T07:39:09.340+0000] {logging_mixin.py:190} INFO - [2026-05-18T07:39:09.339+0000] {dagbag.py:588} INFO - Filling up the DagBag from /home/noelsdavid/airflow_venv/lib/python3.12/site-packages/airflow/example_dags/example_dataset_alias.py
[2026-05-18T07:39:09.376+0000] {processor.py:925} INFO - DAG(s) 'dataset_s3_bucket_producer', 'dataset_alias_example_alias_consumer', 'dataset_alias_example_alias_producer', 'dataset_s3_bucket_consumer' retrieved from /home/noelsdavid/airflow_venv/lib/python3.12/site-packages/airflow/example_dags/example_dataset_alias.py
[2026-05-18T07:39:09.404+0000] {logging_mixin.py:190} INFO - [2026-05-18T07:39:09.403+0000] {dag.py:3239} INFO - Sync 4 DAGs
[2026-05-18T07:39:09.431+0000] {logging_mixin.py:190} INFO - [2026-05-18T07:39:09.431+0000] {dag.py:4180} INFO - Setting next_dagrun for dataset_alias_example_alias_consumer to None, run_after=None
[2026-05-18T07:39:09.434+0000] {logging_mixin.py:190} INFO - [2026-05-18T07:39:09.434+0000] {dag.py:4180} INFO - Setting next_dagrun for dataset_alias_example_alias_producer to None, run_after=None
[2026-05-18T07:39:09.435+0000] {logging_mixin.py:190} INFO - [2026-05-18T07:39:09.435+0000] {dag.py:4180} INFO - Setting next_dagrun for dataset_s3_bucket_consumer to None, run_after=None
[2026-05-18T07:39:09.437+0000] {logging_mixin.py:190} INFO - [2026-05-18T07:39:09.436+0000] {dag.py:4180} INFO - Setting next_dagrun for dataset_s3_bucket_producer to None, run_after=None
[2026-05-18T07:39:09.473+0000] {processor.py:208} INFO - Processing /home/noelsdavid/airflow_venv/lib/python3.12/site-packages/airflow/example_dags/example_dataset_alias.py took 0.148 seconds
[2026-05-18T07:40:23.701+0000] {processor.py:186} INFO - Started process (PID=19135) to work on /home/noelsdavid/airflow_venv/lib/python3.12/site-packages/airflow/example_dags/example_dataset_alias.py
[2026-05-18T07:40:23.704+0000] {processor.py:914} INFO - Processing file /home/noelsdavid/airflow_venv/lib/python3.12/site-packages/airflow/example_dags/example_dataset_alias.py for tasks to queue
[2026-05-18T07:40:23.706+0000] {logging_mixin.py:190} INFO - [2026-05-18T07:40:23.705+0000] {dagbag.py:588} INFO - Filling up the DagBag from /home/noelsdavid/airflow_venv/lib/python3.12/site-packages/airflow/example_dags/example_dataset_alias.py
[2026-05-18T07:40:23.741+0000] {processor.py:925} INFO - DAG(s) 'dataset_s3_bucket_producer', 'dataset_alias_example_alias_consumer', 'dataset_alias_example_alias_producer', 'dataset_s3_bucket_consumer' retrieved from /home/noelsdavid/airflow_venv/lib/python3.12/site-packages/airflow/example_dags/example_dataset_alias.py
[2026-05-18T07:40:23.772+0000] {logging_mixin.py:190} INFO - [2026-05-18T07:40:23.771+0000] {dag.py:3239} INFO - Sync 4 DAGs
[2026-05-18T07:40:23.801+0000] {logging_mixin.py:190} INFO - [2026-05-18T07:40:23.801+0000] {dag.py:4180} INFO - Setting next_dagrun for dataset_alias_example_alias_consumer to None, run_after=None
[2026-05-18T07:40:23.804+0000] {logging_mixin.py:190} INFO - [2026-05-18T07:40:23.804+0000] {dag.py:4180} INFO - Setting next_dagrun for dataset_alias_example_alias_producer to None, run_after=None
[2026-05-18T07:40:23.806+0000] {logging_mixin.py:190} INFO - [2026-05-18T07:40:23.805+0000] {dag.py:4180} INFO - Setting next_dagrun for dataset_s3_bucket_consumer to None, run_after=None
[2026-05-18T07:40:23.807+0000] {logging_mixin.py:190} INFO - [2026-05-18T07:40:23.807+0000] {dag.py:4180} INFO - Setting next_dagrun for dataset_s3_bucket_producer to None, run_after=None
[2026-05-18T07:40:23.843+0000] {processor.py:208} INFO - Processing /home/noelsdavid/airflow_venv/lib/python3.12/site-packages/airflow/example_dags/example_dataset_alias.py took 0.151 seconds
