[2026-05-18T06:00:55.663+0000] {processor.py:186} INFO - Started process (PID=6930) to work on /home/noelsdavid/airflow_venv/lib/python3.12/site-packages/airflow/example_dags/example_inlet_event_extra.py
[2026-05-18T06:00:55.664+0000] {processor.py:914} INFO - Processing file /home/noelsdavid/airflow_venv/lib/python3.12/site-packages/airflow/example_dags/example_inlet_event_extra.py for tasks to queue
[2026-05-18T06:00:55.667+0000] {logging_mixin.py:190} INFO - [2026-05-18T06:00:55.666+0000] {dagbag.py:588} INFO - Filling up the DagBag from /home/noelsdavid/airflow_venv/lib/python3.12/site-packages/airflow/example_dags/example_inlet_event_extra.py
[2026-05-18T06:00:55.686+0000] {processor.py:925} INFO - DAG(s) 'read_dataset_event_from_classic', 'read_dataset_event' retrieved from /home/noelsdavid/airflow_venv/lib/python3.12/site-packages/airflow/example_dags/example_inlet_event_extra.py
[2026-05-18T06:00:55.823+0000] {logging_mixin.py:190} INFO - [2026-05-18T06:00:55.822+0000] {override.py:1911} INFO - Created Permission View: can edit on DAG:read_dataset_event_from_classic
[2026-05-18T06:00:55.842+0000] {logging_mixin.py:190} INFO - [2026-05-18T06:00:55.841+0000] {override.py:1911} INFO - Created Permission View: can delete on DAG:read_dataset_event_from_classic
[2026-05-18T06:00:55.860+0000] {logging_mixin.py:190} INFO - [2026-05-18T06:00:55.860+0000] {override.py:1911} INFO - Created Permission View: can read on DAG:read_dataset_event_from_classic
[2026-05-18T06:00:55.891+0000] {logging_mixin.py:190} INFO - [2026-05-18T06:00:55.891+0000] {override.py:1911} INFO - Created Permission View: can delete on DAG Run:read_dataset_event_from_classic
[2026-05-18T06:00:55.907+0000] {logging_mixin.py:190} INFO - [2026-05-18T06:00:55.906+0000] {override.py:1911} INFO - Created Permission View: menu access on DAG Run:read_dataset_event_from_classic
[2026-05-18T06:00:55.922+0000] {logging_mixin.py:190} INFO - [2026-05-18T06:00:55.922+0000] {override.py:1911} INFO - Created Permission View: can create on DAG Run:read_dataset_event_from_classic
[2026-05-18T06:00:55.937+0000] {logging_mixin.py:190} INFO - [2026-05-18T06:00:55.936+0000] {override.py:1911} INFO - Created Permission View: can read on DAG Run:read_dataset_event_from_classic
[2026-05-18T06:00:55.964+0000] {logging_mixin.py:190} INFO - [2026-05-18T06:00:55.963+0000] {override.py:1911} INFO - Created Permission View: can edit on DAG:read_dataset_event
[2026-05-18T06:00:55.977+0000] {logging_mixin.py:190} INFO - [2026-05-18T06:00:55.977+0000] {override.py:1911} INFO - Created Permission View: can delete on DAG:read_dataset_event
[2026-05-18T06:00:55.992+0000] {logging_mixin.py:190} INFO - [2026-05-18T06:00:55.992+0000] {override.py:1911} INFO - Created Permission View: can read on DAG:read_dataset_event
[2026-05-18T06:00:56.018+0000] {logging_mixin.py:190} INFO - [2026-05-18T06:00:56.018+0000] {override.py:1911} INFO - Created Permission View: can delete on DAG Run:read_dataset_event
[2026-05-18T06:00:56.035+0000] {logging_mixin.py:190} INFO - [2026-05-18T06:00:56.034+0000] {override.py:1911} INFO - Created Permission View: menu access on DAG Run:read_dataset_event
[2026-05-18T06:00:56.050+0000] {logging_mixin.py:190} INFO - [2026-05-18T06:00:56.050+0000] {override.py:1911} INFO - Created Permission View: can create on DAG Run:read_dataset_event
[2026-05-18T06:00:56.066+0000] {logging_mixin.py:190} INFO - [2026-05-18T06:00:56.065+0000] {override.py:1911} INFO - Created Permission View: can read on DAG Run:read_dataset_event
[2026-05-18T06:00:56.066+0000] {logging_mixin.py:190} INFO - [2026-05-18T06:00:56.066+0000] {dag.py:3239} INFO - Sync 2 DAGs
[2026-05-18T06:00:56.081+0000] {logging_mixin.py:190} INFO - [2026-05-18T06:00:56.081+0000] {dag.py:3262} INFO - Creating ORM DAG for read_dataset_event_from_classic
[2026-05-18T06:00:56.082+0000] {logging_mixin.py:190} INFO - [2026-05-18T06:00:56.082+0000] {dag.py:3262} INFO - Creating ORM DAG for read_dataset_event
[2026-05-18T06:00:56.094+0000] {logging_mixin.py:190} INFO - [2026-05-18T06:00:56.094+0000] {dag.py:4180} INFO - Setting next_dagrun for read_dataset_event to 2026-05-17 00:00:00+00:00, run_after=2026-05-18 00:00:00+00:00
[2026-05-18T06:00:56.096+0000] {logging_mixin.py:190} INFO - [2026-05-18T06:00:56.096+0000] {dag.py:4180} INFO - Setting next_dagrun for read_dataset_event_from_classic to 2026-05-17 00:00:00+00:00, run_after=2026-05-18 00:00:00+00:00
[2026-05-18T06:00:56.126+0000] {processor.py:208} INFO - Processing /home/noelsdavid/airflow_venv/lib/python3.12/site-packages/airflow/example_dags/example_inlet_event_extra.py took 0.470 seconds
[2026-05-18T06:02:07.797+0000] {processor.py:186} INFO - Started process (PID=6996) to work on /home/noelsdavid/airflow_venv/lib/python3.12/site-packages/airflow/example_dags/example_inlet_event_extra.py
[2026-05-18T06:02:07.799+0000] {processor.py:914} INFO - Processing file /home/noelsdavid/airflow_venv/lib/python3.12/site-packages/airflow/example_dags/example_inlet_event_extra.py for tasks to queue
[2026-05-18T06:02:07.802+0000] {logging_mixin.py:190} INFO - [2026-05-18T06:02:07.801+0000] {dagbag.py:588} INFO - Filling up the DagBag from /home/noelsdavid/airflow_venv/lib/python3.12/site-packages/airflow/example_dags/example_inlet_event_extra.py
[2026-05-18T06:02:07.819+0000] {processor.py:925} INFO - DAG(s) 'read_dataset_event_from_classic', 'read_dataset_event' retrieved from /home/noelsdavid/airflow_venv/lib/python3.12/site-packages/airflow/example_dags/example_inlet_event_extra.py
[2026-05-18T06:02:07.841+0000] {logging_mixin.py:190} INFO - [2026-05-18T06:02:07.841+0000] {dag.py:3239} INFO - Sync 2 DAGs
[2026-05-18T06:02:07.870+0000] {logging_mixin.py:190} INFO - [2026-05-18T06:02:07.870+0000] {dag.py:4180} INFO - Setting next_dagrun for read_dataset_event to 2026-05-17 00:00:00+00:00, run_after=2026-05-18 00:00:00+00:00
[2026-05-18T06:02:07.875+0000] {logging_mixin.py:190} INFO - [2026-05-18T06:02:07.875+0000] {dag.py:4180} INFO - Setting next_dagrun for read_dataset_event_from_classic to 2026-05-17 00:00:00+00:00, run_after=2026-05-18 00:00:00+00:00
[2026-05-18T06:02:07.902+0000] {processor.py:208} INFO - Processing /home/noelsdavid/airflow_venv/lib/python3.12/site-packages/airflow/example_dags/example_inlet_event_extra.py took 0.112 seconds
[2026-05-18T06:03:05.778+0000] {processor.py:186} INFO - Started process (PID=7055) to work on /home/noelsdavid/airflow_venv/lib/python3.12/site-packages/airflow/example_dags/example_inlet_event_extra.py
[2026-05-18T06:03:05.780+0000] {processor.py:914} INFO - Processing file /home/noelsdavid/airflow_venv/lib/python3.12/site-packages/airflow/example_dags/example_inlet_event_extra.py for tasks to queue
[2026-05-18T06:03:05.783+0000] {logging_mixin.py:190} INFO - [2026-05-18T06:03:05.782+0000] {dagbag.py:588} INFO - Filling up the DagBag from /home/noelsdavid/airflow_venv/lib/python3.12/site-packages/airflow/example_dags/example_inlet_event_extra.py
[2026-05-18T06:03:05.800+0000] {processor.py:925} INFO - DAG(s) 'read_dataset_event', 'read_dataset_event_from_classic' retrieved from /home/noelsdavid/airflow_venv/lib/python3.12/site-packages/airflow/example_dags/example_inlet_event_extra.py
[2026-05-18T06:03:05.822+0000] {logging_mixin.py:190} INFO - [2026-05-18T06:03:05.822+0000] {dag.py:3239} INFO - Sync 2 DAGs
[2026-05-18T06:03:05.847+0000] {logging_mixin.py:190} INFO - [2026-05-18T06:03:05.847+0000] {dag.py:4180} INFO - Setting next_dagrun for read_dataset_event to 2026-05-17 00:00:00+00:00, run_after=2026-05-18 00:00:00+00:00
[2026-05-18T06:03:05.852+0000] {logging_mixin.py:190} INFO - [2026-05-18T06:03:05.852+0000] {dag.py:4180} INFO - Setting next_dagrun for read_dataset_event_from_classic to 2026-05-17 00:00:00+00:00, run_after=2026-05-18 00:00:00+00:00
[2026-05-18T06:03:05.879+0000] {processor.py:208} INFO - Processing /home/noelsdavid/airflow_venv/lib/python3.12/site-packages/airflow/example_dags/example_inlet_event_extra.py took 0.108 seconds
[2026-05-18T06:04:06.753+0000] {processor.py:186} INFO - Started process (PID=7115) to work on /home/noelsdavid/airflow_venv/lib/python3.12/site-packages/airflow/example_dags/example_inlet_event_extra.py
[2026-05-18T06:04:06.755+0000] {processor.py:914} INFO - Processing file /home/noelsdavid/airflow_venv/lib/python3.12/site-packages/airflow/example_dags/example_inlet_event_extra.py for tasks to queue
[2026-05-18T06:04:06.758+0000] {logging_mixin.py:190} INFO - [2026-05-18T06:04:06.758+0000] {dagbag.py:588} INFO - Filling up the DagBag from /home/noelsdavid/airflow_venv/lib/python3.12/site-packages/airflow/example_dags/example_inlet_event_extra.py
[2026-05-18T06:04:06.776+0000] {processor.py:925} INFO - DAG(s) 'read_dataset_event_from_classic', 'read_dataset_event' retrieved from /home/noelsdavid/airflow_venv/lib/python3.12/site-packages/airflow/example_dags/example_inlet_event_extra.py
[2026-05-18T06:04:06.805+0000] {logging_mixin.py:190} INFO - [2026-05-18T06:04:06.804+0000] {dag.py:3239} INFO - Sync 2 DAGs
[2026-05-18T06:04:06.848+0000] {logging_mixin.py:190} INFO - [2026-05-18T06:04:06.847+0000] {dag.py:4180} INFO - Setting next_dagrun for read_dataset_event to 2026-05-17 00:00:00+00:00, run_after=2026-05-18 00:00:00+00:00
[2026-05-18T06:04:06.854+0000] {logging_mixin.py:190} INFO - [2026-05-18T06:04:06.854+0000] {dag.py:4180} INFO - Setting next_dagrun for read_dataset_event_from_classic to 2026-05-17 00:00:00+00:00, run_after=2026-05-18 00:00:00+00:00
[2026-05-18T06:04:06.889+0000] {processor.py:208} INFO - Processing /home/noelsdavid/airflow_venv/lib/python3.12/site-packages/airflow/example_dags/example_inlet_event_extra.py took 0.144 seconds
[2026-05-18T06:05:09.640+0000] {processor.py:186} INFO - Started process (PID=7176) to work on /home/noelsdavid/airflow_venv/lib/python3.12/site-packages/airflow/example_dags/example_inlet_event_extra.py
[2026-05-18T06:05:09.643+0000] {processor.py:914} INFO - Processing file /home/noelsdavid/airflow_venv/lib/python3.12/site-packages/airflow/example_dags/example_inlet_event_extra.py for tasks to queue
[2026-05-18T06:05:09.646+0000] {logging_mixin.py:190} INFO - [2026-05-18T06:05:09.646+0000] {dagbag.py:588} INFO - Filling up the DagBag from /home/noelsdavid/airflow_venv/lib/python3.12/site-packages/airflow/example_dags/example_inlet_event_extra.py
[2026-05-18T06:05:09.665+0000] {processor.py:925} INFO - DAG(s) 'read_dataset_event_from_classic', 'read_dataset_event' retrieved from /home/noelsdavid/airflow_venv/lib/python3.12/site-packages/airflow/example_dags/example_inlet_event_extra.py
[2026-05-18T06:05:09.691+0000] {logging_mixin.py:190} INFO - [2026-05-18T06:05:09.691+0000] {dag.py:3239} INFO - Sync 2 DAGs
[2026-05-18T06:05:09.903+0000] {logging_mixin.py:190} INFO - [2026-05-18T06:05:09.903+0000] {dag.py:4180} INFO - Setting next_dagrun for read_dataset_event to 2026-05-17 00:00:00+00:00, run_after=2026-05-18 00:00:00+00:00
[2026-05-18T06:05:09.909+0000] {logging_mixin.py:190} INFO - [2026-05-18T06:05:09.909+0000] {dag.py:4180} INFO - Setting next_dagrun for read_dataset_event_from_classic to 2026-05-17 00:00:00+00:00, run_after=2026-05-18 00:00:00+00:00
[2026-05-18T06:05:09.944+0000] {processor.py:208} INFO - Processing /home/noelsdavid/airflow_venv/lib/python3.12/site-packages/airflow/example_dags/example_inlet_event_extra.py took 0.313 seconds
[2026-05-18T06:06:21.867+0000] {processor.py:186} INFO - Started process (PID=7268) to work on /home/noelsdavid/airflow_venv/lib/python3.12/site-packages/airflow/example_dags/example_inlet_event_extra.py
[2026-05-18T06:06:21.870+0000] {processor.py:914} INFO - Processing file /home/noelsdavid/airflow_venv/lib/python3.12/site-packages/airflow/example_dags/example_inlet_event_extra.py for tasks to queue
[2026-05-18T06:06:21.873+0000] {logging_mixin.py:190} INFO - [2026-05-18T06:06:21.872+0000] {dagbag.py:588} INFO - Filling up the DagBag from /home/noelsdavid/airflow_venv/lib/python3.12/site-packages/airflow/example_dags/example_inlet_event_extra.py
[2026-05-18T06:06:21.892+0000] {processor.py:925} INFO - DAG(s) 'read_dataset_event', 'read_dataset_event_from_classic' retrieved from /home/noelsdavid/airflow_venv/lib/python3.12/site-packages/airflow/example_dags/example_inlet_event_extra.py
[2026-05-18T06:06:21.917+0000] {logging_mixin.py:190} INFO - [2026-05-18T06:06:21.917+0000] {dag.py:3239} INFO - Sync 2 DAGs
[2026-05-18T06:06:21.947+0000] {logging_mixin.py:190} INFO - [2026-05-18T06:06:21.947+0000] {dag.py:4180} INFO - Setting next_dagrun for read_dataset_event to 2026-05-17 00:00:00+00:00, run_after=2026-05-18 00:00:00+00:00
[2026-05-18T06:06:21.954+0000] {logging_mixin.py:190} INFO - [2026-05-18T06:06:21.953+0000] {dag.py:4180} INFO - Setting next_dagrun for read_dataset_event_from_classic to 2026-05-17 00:00:00+00:00, run_after=2026-05-18 00:00:00+00:00
[2026-05-18T06:06:21.982+0000] {processor.py:208} INFO - Processing /home/noelsdavid/airflow_venv/lib/python3.12/site-packages/airflow/example_dags/example_inlet_event_extra.py took 0.123 seconds
[2026-05-18T06:07:18.861+0000] {processor.py:186} INFO - Started process (PID=7325) to work on /home/noelsdavid/airflow_venv/lib/python3.12/site-packages/airflow/example_dags/example_inlet_event_extra.py
[2026-05-18T06:07:18.864+0000] {processor.py:914} INFO - Processing file /home/noelsdavid/airflow_venv/lib/python3.12/site-packages/airflow/example_dags/example_inlet_event_extra.py for tasks to queue
[2026-05-18T06:07:18.867+0000] {logging_mixin.py:190} INFO - [2026-05-18T06:07:18.867+0000] {dagbag.py:588} INFO - Filling up the DagBag from /home/noelsdavid/airflow_venv/lib/python3.12/site-packages/airflow/example_dags/example_inlet_event_extra.py
[2026-05-18T06:07:18.888+0000] {processor.py:925} INFO - DAG(s) 'read_dataset_event', 'read_dataset_event_from_classic' retrieved from /home/noelsdavid/airflow_venv/lib/python3.12/site-packages/airflow/example_dags/example_inlet_event_extra.py
[2026-05-18T06:07:18.912+0000] {logging_mixin.py:190} INFO - [2026-05-18T06:07:18.912+0000] {dag.py:3239} INFO - Sync 2 DAGs
[2026-05-18T06:07:18.942+0000] {logging_mixin.py:190} INFO - [2026-05-18T06:07:18.942+0000] {dag.py:4180} INFO - Setting next_dagrun for read_dataset_event to 2026-05-17 00:00:00+00:00, run_after=2026-05-18 00:00:00+00:00
[2026-05-18T06:07:18.949+0000] {logging_mixin.py:190} INFO - [2026-05-18T06:07:18.949+0000] {dag.py:4180} INFO - Setting next_dagrun for read_dataset_event_from_classic to 2026-05-17 00:00:00+00:00, run_after=2026-05-18 00:00:00+00:00
[2026-05-18T06:07:18.983+0000] {processor.py:208} INFO - Processing /home/noelsdavid/airflow_venv/lib/python3.12/site-packages/airflow/example_dags/example_inlet_event_extra.py took 0.130 seconds
[2026-05-18T06:08:21.005+0000] {processor.py:186} INFO - Started process (PID=7384) to work on /home/noelsdavid/airflow_venv/lib/python3.12/site-packages/airflow/example_dags/example_inlet_event_extra.py
[2026-05-18T06:08:21.008+0000] {processor.py:914} INFO - Processing file /home/noelsdavid/airflow_venv/lib/python3.12/site-packages/airflow/example_dags/example_inlet_event_extra.py for tasks to queue
[2026-05-18T06:08:21.012+0000] {logging_mixin.py:190} INFO - [2026-05-18T06:08:21.011+0000] {dagbag.py:588} INFO - Filling up the DagBag from /home/noelsdavid/airflow_venv/lib/python3.12/site-packages/airflow/example_dags/example_inlet_event_extra.py
[2026-05-18T06:08:21.031+0000] {processor.py:925} INFO - DAG(s) 'read_dataset_event_from_classic', 'read_dataset_event' retrieved from /home/noelsdavid/airflow_venv/lib/python3.12/site-packages/airflow/example_dags/example_inlet_event_extra.py
[2026-05-18T06:08:21.055+0000] {logging_mixin.py:190} INFO - [2026-05-18T06:08:21.054+0000] {dag.py:3239} INFO - Sync 2 DAGs
[2026-05-18T06:08:21.085+0000] {logging_mixin.py:190} INFO - [2026-05-18T06:08:21.084+0000] {dag.py:4180} INFO - Setting next_dagrun for read_dataset_event to 2026-05-17 00:00:00+00:00, run_after=2026-05-18 00:00:00+00:00
[2026-05-18T06:08:21.091+0000] {logging_mixin.py:190} INFO - [2026-05-18T06:08:21.090+0000] {dag.py:4180} INFO - Setting next_dagrun for read_dataset_event_from_classic to 2026-05-17 00:00:00+00:00, run_after=2026-05-18 00:00:00+00:00
[2026-05-18T06:08:21.120+0000] {processor.py:208} INFO - Processing /home/noelsdavid/airflow_venv/lib/python3.12/site-packages/airflow/example_dags/example_inlet_event_extra.py took 0.124 seconds
[2026-05-18T06:09:25.668+0000] {processor.py:186} INFO - Started process (PID=7446) to work on /home/noelsdavid/airflow_venv/lib/python3.12/site-packages/airflow/example_dags/example_inlet_event_extra.py
[2026-05-18T06:09:25.670+0000] {processor.py:914} INFO - Processing file /home/noelsdavid/airflow_venv/lib/python3.12/site-packages/airflow/example_dags/example_inlet_event_extra.py for tasks to queue
[2026-05-18T06:09:25.673+0000] {logging_mixin.py:190} INFO - [2026-05-18T06:09:25.673+0000] {dagbag.py:588} INFO - Filling up the DagBag from /home/noelsdavid/airflow_venv/lib/python3.12/site-packages/airflow/example_dags/example_inlet_event_extra.py
[2026-05-18T06:09:25.691+0000] {processor.py:925} INFO - DAG(s) 'read_dataset_event_from_classic', 'read_dataset_event' retrieved from /home/noelsdavid/airflow_venv/lib/python3.12/site-packages/airflow/example_dags/example_inlet_event_extra.py
[2026-05-18T06:09:25.715+0000] {logging_mixin.py:190} INFO - [2026-05-18T06:09:25.715+0000] {dag.py:3239} INFO - Sync 2 DAGs
[2026-05-18T06:09:25.744+0000] {logging_mixin.py:190} INFO - [2026-05-18T06:09:25.744+0000] {dag.py:4180} INFO - Setting next_dagrun for read_dataset_event to 2026-05-17 00:00:00+00:00, run_after=2026-05-18 00:00:00+00:00
[2026-05-18T06:09:25.750+0000] {logging_mixin.py:190} INFO - [2026-05-18T06:09:25.750+0000] {dag.py:4180} INFO - Setting next_dagrun for read_dataset_event_from_classic to 2026-05-17 00:00:00+00:00, run_after=2026-05-18 00:00:00+00:00
[2026-05-18T06:09:25.776+0000] {processor.py:208} INFO - Processing /home/noelsdavid/airflow_venv/lib/python3.12/site-packages/airflow/example_dags/example_inlet_event_extra.py took 0.116 seconds
[2026-05-18T06:10:27.410+0000] {processor.py:186} INFO - Started process (PID=7531) to work on /home/noelsdavid/airflow_venv/lib/python3.12/site-packages/airflow/example_dags/example_inlet_event_extra.py
[2026-05-18T06:10:27.432+0000] {processor.py:914} INFO - Processing file /home/noelsdavid/airflow_venv/lib/python3.12/site-packages/airflow/example_dags/example_inlet_event_extra.py for tasks to queue
[2026-05-18T06:10:27.435+0000] {logging_mixin.py:190} INFO - [2026-05-18T06:10:27.434+0000] {dagbag.py:588} INFO - Filling up the DagBag from /home/noelsdavid/airflow_venv/lib/python3.12/site-packages/airflow/example_dags/example_inlet_event_extra.py
[2026-05-18T06:10:27.453+0000] {processor.py:925} INFO - DAG(s) 'read_dataset_event', 'read_dataset_event_from_classic' retrieved from /home/noelsdavid/airflow_venv/lib/python3.12/site-packages/airflow/example_dags/example_inlet_event_extra.py
[2026-05-18T06:10:27.477+0000] {logging_mixin.py:190} INFO - [2026-05-18T06:10:27.477+0000] {dag.py:3239} INFO - Sync 2 DAGs
[2026-05-18T06:10:27.507+0000] {logging_mixin.py:190} INFO - [2026-05-18T06:10:27.507+0000] {dag.py:4180} INFO - Setting next_dagrun for read_dataset_event to 2026-05-17 00:00:00+00:00, run_after=2026-05-18 00:00:00+00:00
[2026-05-18T06:10:27.513+0000] {logging_mixin.py:190} INFO - [2026-05-18T06:10:27.512+0000] {dag.py:4180} INFO - Setting next_dagrun for read_dataset_event_from_classic to 2026-05-17 00:00:00+00:00, run_after=2026-05-18 00:00:00+00:00
[2026-05-18T06:10:27.541+0000] {processor.py:208} INFO - Processing /home/noelsdavid/airflow_venv/lib/python3.12/site-packages/airflow/example_dags/example_inlet_event_extra.py took 0.139 seconds
[2026-05-18T06:11:26.945+0000] {processor.py:186} INFO - Started process (PID=7590) to work on /home/noelsdavid/airflow_venv/lib/python3.12/site-packages/airflow/example_dags/example_inlet_event_extra.py
[2026-05-18T06:11:26.968+0000] {processor.py:914} INFO - Processing file /home/noelsdavid/airflow_venv/lib/python3.12/site-packages/airflow/example_dags/example_inlet_event_extra.py for tasks to queue
[2026-05-18T06:11:26.972+0000] {logging_mixin.py:190} INFO - [2026-05-18T06:11:26.971+0000] {dagbag.py:588} INFO - Filling up the DagBag from /home/noelsdavid/airflow_venv/lib/python3.12/site-packages/airflow/example_dags/example_inlet_event_extra.py
[2026-05-18T06:11:26.990+0000] {processor.py:925} INFO - DAG(s) 'read_dataset_event', 'read_dataset_event_from_classic' retrieved from /home/noelsdavid/airflow_venv/lib/python3.12/site-packages/airflow/example_dags/example_inlet_event_extra.py
[2026-05-18T06:11:27.014+0000] {logging_mixin.py:190} INFO - [2026-05-18T06:11:27.014+0000] {dag.py:3239} INFO - Sync 2 DAGs
[2026-05-18T06:11:27.042+0000] {logging_mixin.py:190} INFO - [2026-05-18T06:11:27.042+0000] {dag.py:4180} INFO - Setting next_dagrun for read_dataset_event to 2026-05-17 00:00:00+00:00, run_after=2026-05-18 00:00:00+00:00
[2026-05-18T06:11:27.048+0000] {logging_mixin.py:190} INFO - [2026-05-18T06:11:27.047+0000] {dag.py:4180} INFO - Setting next_dagrun for read_dataset_event_from_classic to 2026-05-17 00:00:00+00:00, run_after=2026-05-18 00:00:00+00:00
[2026-05-18T06:11:27.075+0000] {processor.py:208} INFO - Processing /home/noelsdavid/airflow_venv/lib/python3.12/site-packages/airflow/example_dags/example_inlet_event_extra.py took 0.139 seconds
[2026-05-18T06:12:25.702+0000] {processor.py:186} INFO - Started process (PID=7647) to work on /home/noelsdavid/airflow_venv/lib/python3.12/site-packages/airflow/example_dags/example_inlet_event_extra.py
[2026-05-18T06:12:25.705+0000] {processor.py:914} INFO - Processing file /home/noelsdavid/airflow_venv/lib/python3.12/site-packages/airflow/example_dags/example_inlet_event_extra.py for tasks to queue
[2026-05-18T06:12:25.708+0000] {logging_mixin.py:190} INFO - [2026-05-18T06:12:25.707+0000] {dagbag.py:588} INFO - Filling up the DagBag from /home/noelsdavid/airflow_venv/lib/python3.12/site-packages/airflow/example_dags/example_inlet_event_extra.py
[2026-05-18T06:12:25.725+0000] {processor.py:925} INFO - DAG(s) 'read_dataset_event', 'read_dataset_event_from_classic' retrieved from /home/noelsdavid/airflow_venv/lib/python3.12/site-packages/airflow/example_dags/example_inlet_event_extra.py
[2026-05-18T06:12:25.749+0000] {logging_mixin.py:190} INFO - [2026-05-18T06:12:25.749+0000] {dag.py:3239} INFO - Sync 2 DAGs
[2026-05-18T06:12:25.778+0000] {logging_mixin.py:190} INFO - [2026-05-18T06:12:25.778+0000] {dag.py:4180} INFO - Setting next_dagrun for read_dataset_event to 2026-05-17 00:00:00+00:00, run_after=2026-05-18 00:00:00+00:00
[2026-05-18T06:12:25.784+0000] {logging_mixin.py:190} INFO - [2026-05-18T06:12:25.784+0000] {dag.py:4180} INFO - Setting next_dagrun for read_dataset_event_from_classic to 2026-05-17 00:00:00+00:00, run_after=2026-05-18 00:00:00+00:00
[2026-05-18T06:12:25.814+0000] {processor.py:208} INFO - Processing /home/noelsdavid/airflow_venv/lib/python3.12/site-packages/airflow/example_dags/example_inlet_event_extra.py took 0.119 seconds
[2026-05-18T06:13:25.994+0000] {processor.py:186} INFO - Started process (PID=7706) to work on /home/noelsdavid/airflow_venv/lib/python3.12/site-packages/airflow/example_dags/example_inlet_event_extra.py
[2026-05-18T06:13:25.997+0000] {processor.py:914} INFO - Processing file /home/noelsdavid/airflow_venv/lib/python3.12/site-packages/airflow/example_dags/example_inlet_event_extra.py for tasks to queue
[2026-05-18T06:13:26.000+0000] {logging_mixin.py:190} INFO - [2026-05-18T06:13:25.999+0000] {dagbag.py:588} INFO - Filling up the DagBag from /home/noelsdavid/airflow_venv/lib/python3.12/site-packages/airflow/example_dags/example_inlet_event_extra.py
[2026-05-18T06:13:26.020+0000] {processor.py:925} INFO - DAG(s) 'read_dataset_event_from_classic', 'read_dataset_event' retrieved from /home/noelsdavid/airflow_venv/lib/python3.12/site-packages/airflow/example_dags/example_inlet_event_extra.py
[2026-05-18T06:13:26.044+0000] {logging_mixin.py:190} INFO - [2026-05-18T06:13:26.043+0000] {dag.py:3239} INFO - Sync 2 DAGs
[2026-05-18T06:13:26.072+0000] {logging_mixin.py:190} INFO - [2026-05-18T06:13:26.072+0000] {dag.py:4180} INFO - Setting next_dagrun for read_dataset_event to 2026-05-17 00:00:00+00:00, run_after=2026-05-18 00:00:00+00:00
[2026-05-18T06:13:26.078+0000] {logging_mixin.py:190} INFO - [2026-05-18T06:13:26.078+0000] {dag.py:4180} INFO - Setting next_dagrun for read_dataset_event_from_classic to 2026-05-17 00:00:00+00:00, run_after=2026-05-18 00:00:00+00:00
[2026-05-18T06:13:26.105+0000] {processor.py:208} INFO - Processing /home/noelsdavid/airflow_venv/lib/python3.12/site-packages/airflow/example_dags/example_inlet_event_extra.py took 0.119 seconds
[2026-05-18T06:14:27.803+0000] {processor.py:186} INFO - Started process (PID=7766) to work on /home/noelsdavid/airflow_venv/lib/python3.12/site-packages/airflow/example_dags/example_inlet_event_extra.py
[2026-05-18T06:14:27.813+0000] {processor.py:914} INFO - Processing file /home/noelsdavid/airflow_venv/lib/python3.12/site-packages/airflow/example_dags/example_inlet_event_extra.py for tasks to queue
[2026-05-18T06:14:27.816+0000] {logging_mixin.py:190} INFO - [2026-05-18T06:14:27.816+0000] {dagbag.py:588} INFO - Filling up the DagBag from /home/noelsdavid/airflow_venv/lib/python3.12/site-packages/airflow/example_dags/example_inlet_event_extra.py
[2026-05-18T06:14:27.835+0000] {processor.py:925} INFO - DAG(s) 'read_dataset_event', 'read_dataset_event_from_classic' retrieved from /home/noelsdavid/airflow_venv/lib/python3.12/site-packages/airflow/example_dags/example_inlet_event_extra.py
[2026-05-18T06:14:27.859+0000] {logging_mixin.py:190} INFO - [2026-05-18T06:14:27.858+0000] {dag.py:3239} INFO - Sync 2 DAGs
[2026-05-18T06:14:27.888+0000] {logging_mixin.py:190} INFO - [2026-05-18T06:14:27.888+0000] {dag.py:4180} INFO - Setting next_dagrun for read_dataset_event to 2026-05-17 00:00:00+00:00, run_after=2026-05-18 00:00:00+00:00
[2026-05-18T06:14:27.894+0000] {logging_mixin.py:190} INFO - [2026-05-18T06:14:27.894+0000] {dag.py:4180} INFO - Setting next_dagrun for read_dataset_event_from_classic to 2026-05-17 00:00:00+00:00, run_after=2026-05-18 00:00:00+00:00
[2026-05-18T06:14:27.922+0000] {processor.py:208} INFO - Processing /home/noelsdavid/airflow_venv/lib/python3.12/site-packages/airflow/example_dags/example_inlet_event_extra.py took 0.127 seconds
[2026-05-18T06:15:30.210+0000] {processor.py:186} INFO - Started process (PID=7870) to work on /home/noelsdavid/airflow_venv/lib/python3.12/site-packages/airflow/example_dags/example_inlet_event_extra.py
[2026-05-18T06:15:30.213+0000] {processor.py:914} INFO - Processing file /home/noelsdavid/airflow_venv/lib/python3.12/site-packages/airflow/example_dags/example_inlet_event_extra.py for tasks to queue
[2026-05-18T06:15:30.216+0000] {logging_mixin.py:190} INFO - [2026-05-18T06:15:30.216+0000] {dagbag.py:588} INFO - Filling up the DagBag from /home/noelsdavid/airflow_venv/lib/python3.12/site-packages/airflow/example_dags/example_inlet_event_extra.py
[2026-05-18T06:15:30.236+0000] {processor.py:925} INFO - DAG(s) 'read_dataset_event', 'read_dataset_event_from_classic' retrieved from /home/noelsdavid/airflow_venv/lib/python3.12/site-packages/airflow/example_dags/example_inlet_event_extra.py
[2026-05-18T06:15:30.262+0000] {logging_mixin.py:190} INFO - [2026-05-18T06:15:30.262+0000] {dag.py:3239} INFO - Sync 2 DAGs
[2026-05-18T06:15:30.291+0000] {logging_mixin.py:190} INFO - [2026-05-18T06:15:30.291+0000] {dag.py:4180} INFO - Setting next_dagrun for read_dataset_event to 2026-05-17 00:00:00+00:00, run_after=2026-05-18 00:00:00+00:00
[2026-05-18T06:15:30.299+0000] {logging_mixin.py:190} INFO - [2026-05-18T06:15:30.298+0000] {dag.py:4180} INFO - Setting next_dagrun for read_dataset_event_from_classic to 2026-05-17 00:00:00+00:00, run_after=2026-05-18 00:00:00+00:00
[2026-05-18T06:15:30.331+0000] {processor.py:208} INFO - Processing /home/noelsdavid/airflow_venv/lib/python3.12/site-packages/airflow/example_dags/example_inlet_event_extra.py took 0.129 seconds
[2026-05-18T06:16:34.473+0000] {processor.py:186} INFO - Started process (PID=8053) to work on /home/noelsdavid/airflow_venv/lib/python3.12/site-packages/airflow/example_dags/example_inlet_event_extra.py
[2026-05-18T06:16:34.475+0000] {processor.py:914} INFO - Processing file /home/noelsdavid/airflow_venv/lib/python3.12/site-packages/airflow/example_dags/example_inlet_event_extra.py for tasks to queue
[2026-05-18T06:16:34.479+0000] {logging_mixin.py:190} INFO - [2026-05-18T06:16:34.478+0000] {dagbag.py:588} INFO - Filling up the DagBag from /home/noelsdavid/airflow_venv/lib/python3.12/site-packages/airflow/example_dags/example_inlet_event_extra.py
[2026-05-18T06:16:34.497+0000] {processor.py:925} INFO - DAG(s) 'read_dataset_event', 'read_dataset_event_from_classic' retrieved from /home/noelsdavid/airflow_venv/lib/python3.12/site-packages/airflow/example_dags/example_inlet_event_extra.py
[2026-05-18T06:16:34.523+0000] {logging_mixin.py:190} INFO - [2026-05-18T06:16:34.522+0000] {dag.py:3239} INFO - Sync 2 DAGs
[2026-05-18T06:16:34.551+0000] {logging_mixin.py:190} INFO - [2026-05-18T06:16:34.551+0000] {dag.py:4180} INFO - Setting next_dagrun for read_dataset_event to 2026-05-17 00:00:00+00:00, run_after=2026-05-18 00:00:00+00:00
[2026-05-18T06:16:34.557+0000] {logging_mixin.py:190} INFO - [2026-05-18T06:16:34.557+0000] {dag.py:4180} INFO - Setting next_dagrun for read_dataset_event_from_classic to 2026-05-17 00:00:00+00:00, run_after=2026-05-18 00:00:00+00:00
[2026-05-18T06:16:34.584+0000] {processor.py:208} INFO - Processing /home/noelsdavid/airflow_venv/lib/python3.12/site-packages/airflow/example_dags/example_inlet_event_extra.py took 0.120 seconds
[2026-05-18T06:17:38.272+0000] {processor.py:186} INFO - Started process (PID=8367) to work on /home/noelsdavid/airflow_venv/lib/python3.12/site-packages/airflow/example_dags/example_inlet_event_extra.py
[2026-05-18T06:17:38.302+0000] {processor.py:914} INFO - Processing file /home/noelsdavid/airflow_venv/lib/python3.12/site-packages/airflow/example_dags/example_inlet_event_extra.py for tasks to queue
[2026-05-18T06:17:38.305+0000] {logging_mixin.py:190} INFO - [2026-05-18T06:17:38.305+0000] {dagbag.py:588} INFO - Filling up the DagBag from /home/noelsdavid/airflow_venv/lib/python3.12/site-packages/airflow/example_dags/example_inlet_event_extra.py
[2026-05-18T06:17:38.323+0000] {processor.py:925} INFO - DAG(s) 'read_dataset_event_from_classic', 'read_dataset_event' retrieved from /home/noelsdavid/airflow_venv/lib/python3.12/site-packages/airflow/example_dags/example_inlet_event_extra.py
[2026-05-18T06:17:38.345+0000] {logging_mixin.py:190} INFO - [2026-05-18T06:17:38.345+0000] {dag.py:3239} INFO - Sync 2 DAGs
[2026-05-18T06:17:38.373+0000] {logging_mixin.py:190} INFO - [2026-05-18T06:17:38.372+0000] {dag.py:4180} INFO - Setting next_dagrun for read_dataset_event to 2026-05-17 00:00:00+00:00, run_after=2026-05-18 00:00:00+00:00
[2026-05-18T06:17:38.378+0000] {logging_mixin.py:190} INFO - [2026-05-18T06:17:38.378+0000] {dag.py:4180} INFO - Setting next_dagrun for read_dataset_event_from_classic to 2026-05-17 00:00:00+00:00, run_after=2026-05-18 00:00:00+00:00
[2026-05-18T06:17:38.406+0000] {processor.py:208} INFO - Processing /home/noelsdavid/airflow_venv/lib/python3.12/site-packages/airflow/example_dags/example_inlet_event_extra.py took 0.141 seconds
[2026-05-18T06:18:35.823+0000] {processor.py:186} INFO - Started process (PID=8480) to work on /home/noelsdavid/airflow_venv/lib/python3.12/site-packages/airflow/example_dags/example_inlet_event_extra.py
[2026-05-18T06:18:35.825+0000] {processor.py:914} INFO - Processing file /home/noelsdavid/airflow_venv/lib/python3.12/site-packages/airflow/example_dags/example_inlet_event_extra.py for tasks to queue
[2026-05-18T06:18:35.828+0000] {logging_mixin.py:190} INFO - [2026-05-18T06:18:35.828+0000] {dagbag.py:588} INFO - Filling up the DagBag from /home/noelsdavid/airflow_venv/lib/python3.12/site-packages/airflow/example_dags/example_inlet_event_extra.py
[2026-05-18T06:18:35.846+0000] {processor.py:925} INFO - DAG(s) 'read_dataset_event_from_classic', 'read_dataset_event' retrieved from /home/noelsdavid/airflow_venv/lib/python3.12/site-packages/airflow/example_dags/example_inlet_event_extra.py
[2026-05-18T06:18:35.869+0000] {logging_mixin.py:190} INFO - [2026-05-18T06:18:35.868+0000] {dag.py:3239} INFO - Sync 2 DAGs
[2026-05-18T06:18:35.895+0000] {logging_mixin.py:190} INFO - [2026-05-18T06:18:35.895+0000] {dag.py:4180} INFO - Setting next_dagrun for read_dataset_event to 2026-05-17 00:00:00+00:00, run_after=2026-05-18 00:00:00+00:00
[2026-05-18T06:18:35.901+0000] {logging_mixin.py:190} INFO - [2026-05-18T06:18:35.901+0000] {dag.py:4180} INFO - Setting next_dagrun for read_dataset_event_from_classic to 2026-05-17 00:00:00+00:00, run_after=2026-05-18 00:00:00+00:00
[2026-05-18T06:18:35.928+0000] {processor.py:208} INFO - Processing /home/noelsdavid/airflow_venv/lib/python3.12/site-packages/airflow/example_dags/example_inlet_event_extra.py took 0.113 seconds
[2026-05-18T06:19:35.866+0000] {processor.py:186} INFO - Started process (PID=8539) to work on /home/noelsdavid/airflow_venv/lib/python3.12/site-packages/airflow/example_dags/example_inlet_event_extra.py
[2026-05-18T06:19:35.869+0000] {processor.py:914} INFO - Processing file /home/noelsdavid/airflow_venv/lib/python3.12/site-packages/airflow/example_dags/example_inlet_event_extra.py for tasks to queue
[2026-05-18T06:19:35.872+0000] {logging_mixin.py:190} INFO - [2026-05-18T06:19:35.871+0000] {dagbag.py:588} INFO - Filling up the DagBag from /home/noelsdavid/airflow_venv/lib/python3.12/site-packages/airflow/example_dags/example_inlet_event_extra.py
[2026-05-18T06:19:35.890+0000] {processor.py:925} INFO - DAG(s) 'read_dataset_event', 'read_dataset_event_from_classic' retrieved from /home/noelsdavid/airflow_venv/lib/python3.12/site-packages/airflow/example_dags/example_inlet_event_extra.py
[2026-05-18T06:19:35.913+0000] {logging_mixin.py:190} INFO - [2026-05-18T06:19:35.913+0000] {dag.py:3239} INFO - Sync 2 DAGs
[2026-05-18T06:19:35.940+0000] {logging_mixin.py:190} INFO - [2026-05-18T06:19:35.939+0000] {dag.py:4180} INFO - Setting next_dagrun for read_dataset_event to 2026-05-17 00:00:00+00:00, run_after=2026-05-18 00:00:00+00:00
[2026-05-18T06:19:35.945+0000] {logging_mixin.py:190} INFO - [2026-05-18T06:19:35.945+0000] {dag.py:4180} INFO - Setting next_dagrun for read_dataset_event_from_classic to 2026-05-17 00:00:00+00:00, run_after=2026-05-18 00:00:00+00:00
[2026-05-18T06:19:35.971+0000] {processor.py:208} INFO - Processing /home/noelsdavid/airflow_venv/lib/python3.12/site-packages/airflow/example_dags/example_inlet_event_extra.py took 0.113 seconds
[2026-05-18T06:20:40.443+0000] {processor.py:186} INFO - Started process (PID=8628) to work on /home/noelsdavid/airflow_venv/lib/python3.12/site-packages/airflow/example_dags/example_inlet_event_extra.py
[2026-05-18T06:20:40.446+0000] {processor.py:914} INFO - Processing file /home/noelsdavid/airflow_venv/lib/python3.12/site-packages/airflow/example_dags/example_inlet_event_extra.py for tasks to queue
[2026-05-18T06:20:40.448+0000] {logging_mixin.py:190} INFO - [2026-05-18T06:20:40.447+0000] {dagbag.py:588} INFO - Filling up the DagBag from /home/noelsdavid/airflow_venv/lib/python3.12/site-packages/airflow/example_dags/example_inlet_event_extra.py
[2026-05-18T06:20:40.465+0000] {processor.py:925} INFO - DAG(s) 'read_dataset_event', 'read_dataset_event_from_classic' retrieved from /home/noelsdavid/airflow_venv/lib/python3.12/site-packages/airflow/example_dags/example_inlet_event_extra.py
[2026-05-18T06:20:40.488+0000] {logging_mixin.py:190} INFO - [2026-05-18T06:20:40.487+0000] {dag.py:3239} INFO - Sync 2 DAGs
[2026-05-18T06:20:40.515+0000] {logging_mixin.py:190} INFO - [2026-05-18T06:20:40.515+0000] {dag.py:4180} INFO - Setting next_dagrun for read_dataset_event to 2026-05-17 00:00:00+00:00, run_after=2026-05-18 00:00:00+00:00
[2026-05-18T06:20:40.522+0000] {logging_mixin.py:190} INFO - [2026-05-18T06:20:40.522+0000] {dag.py:4180} INFO - Setting next_dagrun for read_dataset_event_from_classic to 2026-05-17 00:00:00+00:00, run_after=2026-05-18 00:00:00+00:00
[2026-05-18T06:20:40.548+0000] {processor.py:208} INFO - Processing /home/noelsdavid/airflow_venv/lib/python3.12/site-packages/airflow/example_dags/example_inlet_event_extra.py took 0.112 seconds
[2026-05-18T06:21:43.101+0000] {processor.py:186} INFO - Started process (PID=8688) to work on /home/noelsdavid/airflow_venv/lib/python3.12/site-packages/airflow/example_dags/example_inlet_event_extra.py
[2026-05-18T06:21:43.127+0000] {processor.py:914} INFO - Processing file /home/noelsdavid/airflow_venv/lib/python3.12/site-packages/airflow/example_dags/example_inlet_event_extra.py for tasks to queue
[2026-05-18T06:21:43.129+0000] {logging_mixin.py:190} INFO - [2026-05-18T06:21:43.128+0000] {dagbag.py:588} INFO - Filling up the DagBag from /home/noelsdavid/airflow_venv/lib/python3.12/site-packages/airflow/example_dags/example_inlet_event_extra.py
[2026-05-18T06:21:43.148+0000] {processor.py:925} INFO - DAG(s) 'read_dataset_event', 'read_dataset_event_from_classic' retrieved from /home/noelsdavid/airflow_venv/lib/python3.12/site-packages/airflow/example_dags/example_inlet_event_extra.py
[2026-05-18T06:21:43.175+0000] {logging_mixin.py:190} INFO - [2026-05-18T06:21:43.174+0000] {dag.py:3239} INFO - Sync 2 DAGs
[2026-05-18T06:21:43.210+0000] {logging_mixin.py:190} INFO - [2026-05-18T06:21:43.209+0000] {dag.py:4180} INFO - Setting next_dagrun for read_dataset_event to 2026-05-17 00:00:00+00:00, run_after=2026-05-18 00:00:00+00:00
[2026-05-18T06:21:43.216+0000] {logging_mixin.py:190} INFO - [2026-05-18T06:21:43.216+0000] {dag.py:4180} INFO - Setting next_dagrun for read_dataset_event_from_classic to 2026-05-17 00:00:00+00:00, run_after=2026-05-18 00:00:00+00:00
[2026-05-18T06:21:43.244+0000] {processor.py:208} INFO - Processing /home/noelsdavid/airflow_venv/lib/python3.12/site-packages/airflow/example_dags/example_inlet_event_extra.py took 0.153 seconds
[2026-05-18T06:22:48.369+0000] {processor.py:186} INFO - Started process (PID=8751) to work on /home/noelsdavid/airflow_venv/lib/python3.12/site-packages/airflow/example_dags/example_inlet_event_extra.py
[2026-05-18T06:22:48.372+0000] {processor.py:914} INFO - Processing file /home/noelsdavid/airflow_venv/lib/python3.12/site-packages/airflow/example_dags/example_inlet_event_extra.py for tasks to queue
[2026-05-18T06:22:48.374+0000] {logging_mixin.py:190} INFO - [2026-05-18T06:22:48.373+0000] {dagbag.py:588} INFO - Filling up the DagBag from /home/noelsdavid/airflow_venv/lib/python3.12/site-packages/airflow/example_dags/example_inlet_event_extra.py
[2026-05-18T06:22:48.392+0000] {processor.py:925} INFO - DAG(s) 'read_dataset_event', 'read_dataset_event_from_classic' retrieved from /home/noelsdavid/airflow_venv/lib/python3.12/site-packages/airflow/example_dags/example_inlet_event_extra.py
[2026-05-18T06:22:48.419+0000] {logging_mixin.py:190} INFO - [2026-05-18T06:22:48.418+0000] {dag.py:3239} INFO - Sync 2 DAGs
[2026-05-18T06:22:48.450+0000] {logging_mixin.py:190} INFO - [2026-05-18T06:22:48.450+0000] {dag.py:4180} INFO - Setting next_dagrun for read_dataset_event to 2026-05-17 00:00:00+00:00, run_after=2026-05-18 00:00:00+00:00
[2026-05-18T06:22:48.456+0000] {logging_mixin.py:190} INFO - [2026-05-18T06:22:48.456+0000] {dag.py:4180} INFO - Setting next_dagrun for read_dataset_event_from_classic to 2026-05-17 00:00:00+00:00, run_after=2026-05-18 00:00:00+00:00
[2026-05-18T06:22:48.484+0000] {processor.py:208} INFO - Processing /home/noelsdavid/airflow_venv/lib/python3.12/site-packages/airflow/example_dags/example_inlet_event_extra.py took 0.124 seconds
[2026-05-18T06:23:51.913+0000] {processor.py:186} INFO - Started process (PID=8813) to work on /home/noelsdavid/airflow_venv/lib/python3.12/site-packages/airflow/example_dags/example_inlet_event_extra.py
[2026-05-18T06:23:51.915+0000] {processor.py:914} INFO - Processing file /home/noelsdavid/airflow_venv/lib/python3.12/site-packages/airflow/example_dags/example_inlet_event_extra.py for tasks to queue
[2026-05-18T06:23:51.917+0000] {logging_mixin.py:190} INFO - [2026-05-18T06:23:51.917+0000] {dagbag.py:588} INFO - Filling up the DagBag from /home/noelsdavid/airflow_venv/lib/python3.12/site-packages/airflow/example_dags/example_inlet_event_extra.py
[2026-05-18T06:23:51.936+0000] {processor.py:925} INFO - DAG(s) 'read_dataset_event_from_classic', 'read_dataset_event' retrieved from /home/noelsdavid/airflow_venv/lib/python3.12/site-packages/airflow/example_dags/example_inlet_event_extra.py
[2026-05-18T06:23:51.961+0000] {logging_mixin.py:190} INFO - [2026-05-18T06:23:51.961+0000] {dag.py:3239} INFO - Sync 2 DAGs
[2026-05-18T06:23:51.990+0000] {logging_mixin.py:190} INFO - [2026-05-18T06:23:51.989+0000] {dag.py:4180} INFO - Setting next_dagrun for read_dataset_event to 2026-05-17 00:00:00+00:00, run_after=2026-05-18 00:00:00+00:00
[2026-05-18T06:23:51.997+0000] {logging_mixin.py:190} INFO - [2026-05-18T06:23:51.997+0000] {dag.py:4180} INFO - Setting next_dagrun for read_dataset_event_from_classic to 2026-05-17 00:00:00+00:00, run_after=2026-05-18 00:00:00+00:00
[2026-05-18T06:23:52.025+0000] {processor.py:208} INFO - Processing /home/noelsdavid/airflow_venv/lib/python3.12/site-packages/airflow/example_dags/example_inlet_event_extra.py took 0.121 seconds
[2026-05-18T06:24:59.881+0000] {processor.py:186} INFO - Started process (PID=8877) to work on /home/noelsdavid/airflow_venv/lib/python3.12/site-packages/airflow/example_dags/example_inlet_event_extra.py
[2026-05-18T06:24:59.883+0000] {processor.py:914} INFO - Processing file /home/noelsdavid/airflow_venv/lib/python3.12/site-packages/airflow/example_dags/example_inlet_event_extra.py for tasks to queue
[2026-05-18T06:24:59.885+0000] {logging_mixin.py:190} INFO - [2026-05-18T06:24:59.884+0000] {dagbag.py:588} INFO - Filling up the DagBag from /home/noelsdavid/airflow_venv/lib/python3.12/site-packages/airflow/example_dags/example_inlet_event_extra.py
[2026-05-18T06:24:59.904+0000] {processor.py:925} INFO - DAG(s) 'read_dataset_event', 'read_dataset_event_from_classic' retrieved from /home/noelsdavid/airflow_venv/lib/python3.12/site-packages/airflow/example_dags/example_inlet_event_extra.py
[2026-05-18T06:24:59.929+0000] {logging_mixin.py:190} INFO - [2026-05-18T06:24:59.928+0000] {dag.py:3239} INFO - Sync 2 DAGs
[2026-05-18T06:24:59.958+0000] {logging_mixin.py:190} INFO - [2026-05-18T06:24:59.958+0000] {dag.py:4180} INFO - Setting next_dagrun for read_dataset_event to 2026-05-17 00:00:00+00:00, run_after=2026-05-18 00:00:00+00:00
[2026-05-18T06:24:59.965+0000] {logging_mixin.py:190} INFO - [2026-05-18T06:24:59.964+0000] {dag.py:4180} INFO - Setting next_dagrun for read_dataset_event_from_classic to 2026-05-17 00:00:00+00:00, run_after=2026-05-18 00:00:00+00:00
[2026-05-18T06:24:59.992+0000] {processor.py:208} INFO - Processing /home/noelsdavid/airflow_venv/lib/python3.12/site-packages/airflow/example_dags/example_inlet_event_extra.py took 0.120 seconds
[2026-05-18T06:26:03.396+0000] {processor.py:186} INFO - Started process (PID=8964) to work on /home/noelsdavid/airflow_venv/lib/python3.12/site-packages/airflow/example_dags/example_inlet_event_extra.py
[2026-05-18T06:26:03.399+0000] {processor.py:914} INFO - Processing file /home/noelsdavid/airflow_venv/lib/python3.12/site-packages/airflow/example_dags/example_inlet_event_extra.py for tasks to queue
[2026-05-18T06:26:03.401+0000] {logging_mixin.py:190} INFO - [2026-05-18T06:26:03.401+0000] {dagbag.py:588} INFO - Filling up the DagBag from /home/noelsdavid/airflow_venv/lib/python3.12/site-packages/airflow/example_dags/example_inlet_event_extra.py
[2026-05-18T06:26:03.426+0000] {processor.py:925} INFO - DAG(s) 'read_dataset_event_from_classic', 'read_dataset_event' retrieved from /home/noelsdavid/airflow_venv/lib/python3.12/site-packages/airflow/example_dags/example_inlet_event_extra.py
[2026-05-18T06:26:03.452+0000] {logging_mixin.py:190} INFO - [2026-05-18T06:26:03.452+0000] {dag.py:3239} INFO - Sync 2 DAGs
[2026-05-18T06:26:03.497+0000] {logging_mixin.py:190} INFO - [2026-05-18T06:26:03.496+0000] {dag.py:4180} INFO - Setting next_dagrun for read_dataset_event to 2026-05-17 00:00:00+00:00, run_after=2026-05-18 00:00:00+00:00
[2026-05-18T06:26:03.504+0000] {logging_mixin.py:190} INFO - [2026-05-18T06:26:03.504+0000] {dag.py:4180} INFO - Setting next_dagrun for read_dataset_event_from_classic to 2026-05-17 00:00:00+00:00, run_after=2026-05-18 00:00:00+00:00
[2026-05-18T06:26:03.558+0000] {processor.py:208} INFO - Processing /home/noelsdavid/airflow_venv/lib/python3.12/site-packages/airflow/example_dags/example_inlet_event_extra.py took 0.171 seconds
[2026-05-18T06:27:19.584+0000] {processor.py:186} INFO - Started process (PID=9391) to work on /home/noelsdavid/airflow_venv/lib/python3.12/site-packages/airflow/example_dags/example_inlet_event_extra.py
[2026-05-18T06:27:19.603+0000] {processor.py:914} INFO - Processing file /home/noelsdavid/airflow_venv/lib/python3.12/site-packages/airflow/example_dags/example_inlet_event_extra.py for tasks to queue
[2026-05-18T06:27:19.605+0000] {logging_mixin.py:190} INFO - [2026-05-18T06:27:19.605+0000] {dagbag.py:588} INFO - Filling up the DagBag from /home/noelsdavid/airflow_venv/lib/python3.12/site-packages/airflow/example_dags/example_inlet_event_extra.py
[2026-05-18T06:27:19.624+0000] {processor.py:925} INFO - DAG(s) 'read_dataset_event_from_classic', 'read_dataset_event' retrieved from /home/noelsdavid/airflow_venv/lib/python3.12/site-packages/airflow/example_dags/example_inlet_event_extra.py
[2026-05-18T06:27:19.648+0000] {logging_mixin.py:190} INFO - [2026-05-18T06:27:19.648+0000] {dag.py:3239} INFO - Sync 2 DAGs
[2026-05-18T06:27:19.681+0000] {logging_mixin.py:190} INFO - [2026-05-18T06:27:19.681+0000] {dag.py:4180} INFO - Setting next_dagrun for read_dataset_event to 2026-05-17 00:00:00+00:00, run_after=2026-05-18 00:00:00+00:00
[2026-05-18T06:27:19.687+0000] {logging_mixin.py:190} INFO - [2026-05-18T06:27:19.687+0000] {dag.py:4180} INFO - Setting next_dagrun for read_dataset_event_from_classic to 2026-05-17 00:00:00+00:00, run_after=2026-05-18 00:00:00+00:00
[2026-05-18T06:27:19.720+0000] {processor.py:208} INFO - Processing /home/noelsdavid/airflow_venv/lib/python3.12/site-packages/airflow/example_dags/example_inlet_event_extra.py took 0.144 seconds
[2026-05-18T06:28:34.167+0000] {processor.py:186} INFO - Started process (PID=9724) to work on /home/noelsdavid/airflow_venv/lib/python3.12/site-packages/airflow/example_dags/example_inlet_event_extra.py
[2026-05-18T06:28:34.169+0000] {processor.py:914} INFO - Processing file /home/noelsdavid/airflow_venv/lib/python3.12/site-packages/airflow/example_dags/example_inlet_event_extra.py for tasks to queue
[2026-05-18T06:28:34.171+0000] {logging_mixin.py:190} INFO - [2026-05-18T06:28:34.170+0000] {dagbag.py:588} INFO - Filling up the DagBag from /home/noelsdavid/airflow_venv/lib/python3.12/site-packages/airflow/example_dags/example_inlet_event_extra.py
[2026-05-18T06:28:34.190+0000] {processor.py:925} INFO - DAG(s) 'read_dataset_event', 'read_dataset_event_from_classic' retrieved from /home/noelsdavid/airflow_venv/lib/python3.12/site-packages/airflow/example_dags/example_inlet_event_extra.py
[2026-05-18T06:28:34.216+0000] {logging_mixin.py:190} INFO - [2026-05-18T06:28:34.215+0000] {dag.py:3239} INFO - Sync 2 DAGs
[2026-05-18T06:28:34.248+0000] {logging_mixin.py:190} INFO - [2026-05-18T06:28:34.247+0000] {dag.py:4180} INFO - Setting next_dagrun for read_dataset_event to 2026-05-17 00:00:00+00:00, run_after=2026-05-18 00:00:00+00:00
[2026-05-18T06:28:34.253+0000] {logging_mixin.py:190} INFO - [2026-05-18T06:28:34.253+0000] {dag.py:4180} INFO - Setting next_dagrun for read_dataset_event_from_classic to 2026-05-17 00:00:00+00:00, run_after=2026-05-18 00:00:00+00:00
[2026-05-18T06:28:34.285+0000] {processor.py:208} INFO - Processing /home/noelsdavid/airflow_venv/lib/python3.12/site-packages/airflow/example_dags/example_inlet_event_extra.py took 0.126 seconds
[2026-05-18T06:29:45.187+0000] {processor.py:186} INFO - Started process (PID=9790) to work on /home/noelsdavid/airflow_venv/lib/python3.12/site-packages/airflow/example_dags/example_inlet_event_extra.py
[2026-05-18T06:29:45.191+0000] {processor.py:914} INFO - Processing file /home/noelsdavid/airflow_venv/lib/python3.12/site-packages/airflow/example_dags/example_inlet_event_extra.py for tasks to queue
[2026-05-18T06:29:45.193+0000] {logging_mixin.py:190} INFO - [2026-05-18T06:29:45.192+0000] {dagbag.py:588} INFO - Filling up the DagBag from /home/noelsdavid/airflow_venv/lib/python3.12/site-packages/airflow/example_dags/example_inlet_event_extra.py
[2026-05-18T06:29:45.215+0000] {processor.py:925} INFO - DAG(s) 'read_dataset_event_from_classic', 'read_dataset_event' retrieved from /home/noelsdavid/airflow_venv/lib/python3.12/site-packages/airflow/example_dags/example_inlet_event_extra.py
[2026-05-18T06:29:45.244+0000] {logging_mixin.py:190} INFO - [2026-05-18T06:29:45.244+0000] {dag.py:3239} INFO - Sync 2 DAGs
[2026-05-18T06:29:45.276+0000] {logging_mixin.py:190} INFO - [2026-05-18T06:29:45.276+0000] {dag.py:4180} INFO - Setting next_dagrun for read_dataset_event to 2026-05-17 00:00:00+00:00, run_after=2026-05-18 00:00:00+00:00
[2026-05-18T06:29:45.282+0000] {logging_mixin.py:190} INFO - [2026-05-18T06:29:45.282+0000] {dag.py:4180} INFO - Setting next_dagrun for read_dataset_event_from_classic to 2026-05-17 00:00:00+00:00, run_after=2026-05-18 00:00:00+00:00
[2026-05-18T06:29:45.318+0000] {processor.py:208} INFO - Processing /home/noelsdavid/airflow_venv/lib/python3.12/site-packages/airflow/example_dags/example_inlet_event_extra.py took 0.138 seconds
[2026-05-18T06:30:49.984+0000] {processor.py:186} INFO - Started process (PID=9877) to work on /home/noelsdavid/airflow_venv/lib/python3.12/site-packages/airflow/example_dags/example_inlet_event_extra.py
[2026-05-18T06:30:49.987+0000] {processor.py:914} INFO - Processing file /home/noelsdavid/airflow_venv/lib/python3.12/site-packages/airflow/example_dags/example_inlet_event_extra.py for tasks to queue
[2026-05-18T06:30:49.989+0000] {logging_mixin.py:190} INFO - [2026-05-18T06:30:49.988+0000] {dagbag.py:588} INFO - Filling up the DagBag from /home/noelsdavid/airflow_venv/lib/python3.12/site-packages/airflow/example_dags/example_inlet_event_extra.py
[2026-05-18T06:30:50.008+0000] {processor.py:925} INFO - DAG(s) 'read_dataset_event_from_classic', 'read_dataset_event' retrieved from /home/noelsdavid/airflow_venv/lib/python3.12/site-packages/airflow/example_dags/example_inlet_event_extra.py
[2026-05-18T06:30:50.033+0000] {logging_mixin.py:190} INFO - [2026-05-18T06:30:50.032+0000] {dag.py:3239} INFO - Sync 2 DAGs
[2026-05-18T06:30:50.063+0000] {logging_mixin.py:190} INFO - [2026-05-18T06:30:50.063+0000] {dag.py:4180} INFO - Setting next_dagrun for read_dataset_event to 2026-05-17 00:00:00+00:00, run_after=2026-05-18 00:00:00+00:00
[2026-05-18T06:30:50.069+0000] {logging_mixin.py:190} INFO - [2026-05-18T06:30:50.069+0000] {dag.py:4180} INFO - Setting next_dagrun for read_dataset_event_from_classic to 2026-05-17 00:00:00+00:00, run_after=2026-05-18 00:00:00+00:00
[2026-05-18T06:30:50.099+0000] {processor.py:208} INFO - Processing /home/noelsdavid/airflow_venv/lib/python3.12/site-packages/airflow/example_dags/example_inlet_event_extra.py took 0.123 seconds
[2026-05-18T06:31:54.314+0000] {processor.py:186} INFO - Started process (PID=9940) to work on /home/noelsdavid/airflow_venv/lib/python3.12/site-packages/airflow/example_dags/example_inlet_event_extra.py
[2026-05-18T06:31:54.316+0000] {processor.py:914} INFO - Processing file /home/noelsdavid/airflow_venv/lib/python3.12/site-packages/airflow/example_dags/example_inlet_event_extra.py for tasks to queue
[2026-05-18T06:31:54.318+0000] {logging_mixin.py:190} INFO - [2026-05-18T06:31:54.317+0000] {dagbag.py:588} INFO - Filling up the DagBag from /home/noelsdavid/airflow_venv/lib/python3.12/site-packages/airflow/example_dags/example_inlet_event_extra.py
[2026-05-18T06:31:54.336+0000] {processor.py:925} INFO - DAG(s) 'read_dataset_event_from_classic', 'read_dataset_event' retrieved from /home/noelsdavid/airflow_venv/lib/python3.12/site-packages/airflow/example_dags/example_inlet_event_extra.py
[2026-05-18T06:31:54.361+0000] {logging_mixin.py:190} INFO - [2026-05-18T06:31:54.361+0000] {dag.py:3239} INFO - Sync 2 DAGs
[2026-05-18T06:31:54.389+0000] {logging_mixin.py:190} INFO - [2026-05-18T06:31:54.388+0000] {dag.py:4180} INFO - Setting next_dagrun for read_dataset_event to 2026-05-17 00:00:00+00:00, run_after=2026-05-18 00:00:00+00:00
[2026-05-18T06:31:54.394+0000] {logging_mixin.py:190} INFO - [2026-05-18T06:31:54.394+0000] {dag.py:4180} INFO - Setting next_dagrun for read_dataset_event_from_classic to 2026-05-17 00:00:00+00:00, run_after=2026-05-18 00:00:00+00:00
[2026-05-18T06:31:54.421+0000] {processor.py:208} INFO - Processing /home/noelsdavid/airflow_venv/lib/python3.12/site-packages/airflow/example_dags/example_inlet_event_extra.py took 0.116 seconds
[2026-05-18T06:32:52.974+0000] {processor.py:186} INFO - Started process (PID=10000) to work on /home/noelsdavid/airflow_venv/lib/python3.12/site-packages/airflow/example_dags/example_inlet_event_extra.py
[2026-05-18T06:32:52.977+0000] {processor.py:914} INFO - Processing file /home/noelsdavid/airflow_venv/lib/python3.12/site-packages/airflow/example_dags/example_inlet_event_extra.py for tasks to queue
[2026-05-18T06:32:52.978+0000] {logging_mixin.py:190} INFO - [2026-05-18T06:32:52.978+0000] {dagbag.py:588} INFO - Filling up the DagBag from /home/noelsdavid/airflow_venv/lib/python3.12/site-packages/airflow/example_dags/example_inlet_event_extra.py
[2026-05-18T06:32:52.996+0000] {processor.py:925} INFO - DAG(s) 'read_dataset_event', 'read_dataset_event_from_classic' retrieved from /home/noelsdavid/airflow_venv/lib/python3.12/site-packages/airflow/example_dags/example_inlet_event_extra.py
[2026-05-18T06:32:53.019+0000] {logging_mixin.py:190} INFO - [2026-05-18T06:32:53.019+0000] {dag.py:3239} INFO - Sync 2 DAGs
[2026-05-18T06:32:53.048+0000] {logging_mixin.py:190} INFO - [2026-05-18T06:32:53.048+0000] {dag.py:4180} INFO - Setting next_dagrun for read_dataset_event to 2026-05-17 00:00:00+00:00, run_after=2026-05-18 00:00:00+00:00
[2026-05-18T06:32:53.054+0000] {logging_mixin.py:190} INFO - [2026-05-18T06:32:53.054+0000] {dag.py:4180} INFO - Setting next_dagrun for read_dataset_event_from_classic to 2026-05-17 00:00:00+00:00, run_after=2026-05-18 00:00:00+00:00
[2026-05-18T06:32:53.080+0000] {processor.py:208} INFO - Processing /home/noelsdavid/airflow_venv/lib/python3.12/site-packages/airflow/example_dags/example_inlet_event_extra.py took 0.114 seconds
[2026-05-18T06:34:00.757+0000] {processor.py:186} INFO - Started process (PID=10105) to work on /home/noelsdavid/airflow_venv/lib/python3.12/site-packages/airflow/example_dags/example_inlet_event_extra.py
[2026-05-18T06:34:00.760+0000] {processor.py:914} INFO - Processing file /home/noelsdavid/airflow_venv/lib/python3.12/site-packages/airflow/example_dags/example_inlet_event_extra.py for tasks to queue
[2026-05-18T06:34:00.762+0000] {logging_mixin.py:190} INFO - [2026-05-18T06:34:00.761+0000] {dagbag.py:588} INFO - Filling up the DagBag from /home/noelsdavid/airflow_venv/lib/python3.12/site-packages/airflow/example_dags/example_inlet_event_extra.py
[2026-05-18T06:34:00.781+0000] {processor.py:925} INFO - DAG(s) 'read_dataset_event', 'read_dataset_event_from_classic' retrieved from /home/noelsdavid/airflow_venv/lib/python3.12/site-packages/airflow/example_dags/example_inlet_event_extra.py
[2026-05-18T06:34:00.804+0000] {logging_mixin.py:190} INFO - [2026-05-18T06:34:00.804+0000] {dag.py:3239} INFO - Sync 2 DAGs
[2026-05-18T06:34:00.838+0000] {logging_mixin.py:190} INFO - [2026-05-18T06:34:00.838+0000] {dag.py:4180} INFO - Setting next_dagrun for read_dataset_event to 2026-05-17 00:00:00+00:00, run_after=2026-05-18 00:00:00+00:00
[2026-05-18T06:34:00.846+0000] {logging_mixin.py:190} INFO - [2026-05-18T06:34:00.846+0000] {dag.py:4180} INFO - Setting next_dagrun for read_dataset_event_from_classic to 2026-05-17 00:00:00+00:00, run_after=2026-05-18 00:00:00+00:00
[2026-05-18T06:34:00.885+0000] {processor.py:208} INFO - Processing /home/noelsdavid/airflow_venv/lib/python3.12/site-packages/airflow/example_dags/example_inlet_event_extra.py took 0.135 seconds
[2026-05-18T06:35:03.644+0000] {processor.py:186} INFO - Started process (PID=10258) to work on /home/noelsdavid/airflow_venv/lib/python3.12/site-packages/airflow/example_dags/example_inlet_event_extra.py
[2026-05-18T06:35:03.646+0000] {processor.py:914} INFO - Processing file /home/noelsdavid/airflow_venv/lib/python3.12/site-packages/airflow/example_dags/example_inlet_event_extra.py for tasks to queue
[2026-05-18T06:35:03.648+0000] {logging_mixin.py:190} INFO - [2026-05-18T06:35:03.648+0000] {dagbag.py:588} INFO - Filling up the DagBag from /home/noelsdavid/airflow_venv/lib/python3.12/site-packages/airflow/example_dags/example_inlet_event_extra.py
[2026-05-18T06:35:03.668+0000] {processor.py:925} INFO - DAG(s) 'read_dataset_event_from_classic', 'read_dataset_event' retrieved from /home/noelsdavid/airflow_venv/lib/python3.12/site-packages/airflow/example_dags/example_inlet_event_extra.py
[2026-05-18T06:35:03.691+0000] {logging_mixin.py:190} INFO - [2026-05-18T06:35:03.691+0000] {dag.py:3239} INFO - Sync 2 DAGs
[2026-05-18T06:35:03.719+0000] {logging_mixin.py:190} INFO - [2026-05-18T06:35:03.719+0000] {dag.py:4180} INFO - Setting next_dagrun for read_dataset_event to 2026-05-17 00:00:00+00:00, run_after=2026-05-18 00:00:00+00:00
[2026-05-18T06:35:03.725+0000] {logging_mixin.py:190} INFO - [2026-05-18T06:35:03.724+0000] {dag.py:4180} INFO - Setting next_dagrun for read_dataset_event_from_classic to 2026-05-17 00:00:00+00:00, run_after=2026-05-18 00:00:00+00:00
[2026-05-18T06:35:03.758+0000] {processor.py:208} INFO - Processing /home/noelsdavid/airflow_venv/lib/python3.12/site-packages/airflow/example_dags/example_inlet_event_extra.py took 0.122 seconds
[2026-05-18T06:36:10.114+0000] {processor.py:186} INFO - Started process (PID=10470) to work on /home/noelsdavid/airflow_venv/lib/python3.12/site-packages/airflow/example_dags/example_inlet_event_extra.py
[2026-05-18T06:36:10.117+0000] {processor.py:914} INFO - Processing file /home/noelsdavid/airflow_venv/lib/python3.12/site-packages/airflow/example_dags/example_inlet_event_extra.py for tasks to queue
[2026-05-18T06:36:10.119+0000] {logging_mixin.py:190} INFO - [2026-05-18T06:36:10.118+0000] {dagbag.py:588} INFO - Filling up the DagBag from /home/noelsdavid/airflow_venv/lib/python3.12/site-packages/airflow/example_dags/example_inlet_event_extra.py
[2026-05-18T06:36:10.137+0000] {processor.py:925} INFO - DAG(s) 'read_dataset_event', 'read_dataset_event_from_classic' retrieved from /home/noelsdavid/airflow_venv/lib/python3.12/site-packages/airflow/example_dags/example_inlet_event_extra.py
[2026-05-18T06:36:10.161+0000] {logging_mixin.py:190} INFO - [2026-05-18T06:36:10.160+0000] {dag.py:3239} INFO - Sync 2 DAGs
[2026-05-18T06:36:10.188+0000] {logging_mixin.py:190} INFO - [2026-05-18T06:36:10.188+0000] {dag.py:4180} INFO - Setting next_dagrun for read_dataset_event to 2026-05-17 00:00:00+00:00, run_after=2026-05-18 00:00:00+00:00
[2026-05-18T06:36:10.194+0000] {logging_mixin.py:190} INFO - [2026-05-18T06:36:10.193+0000] {dag.py:4180} INFO - Setting next_dagrun for read_dataset_event_from_classic to 2026-05-17 00:00:00+00:00, run_after=2026-05-18 00:00:00+00:00
[2026-05-18T06:36:10.223+0000] {processor.py:208} INFO - Processing /home/noelsdavid/airflow_venv/lib/python3.12/site-packages/airflow/example_dags/example_inlet_event_extra.py took 0.116 seconds
[2026-05-18T06:37:09.396+0000] {processor.py:186} INFO - Started process (PID=10755) to work on /home/noelsdavid/airflow_venv/lib/python3.12/site-packages/airflow/example_dags/example_inlet_event_extra.py
[2026-05-18T06:37:09.398+0000] {processor.py:914} INFO - Processing file /home/noelsdavid/airflow_venv/lib/python3.12/site-packages/airflow/example_dags/example_inlet_event_extra.py for tasks to queue
[2026-05-18T06:37:09.400+0000] {logging_mixin.py:190} INFO - [2026-05-18T06:37:09.400+0000] {dagbag.py:588} INFO - Filling up the DagBag from /home/noelsdavid/airflow_venv/lib/python3.12/site-packages/airflow/example_dags/example_inlet_event_extra.py
[2026-05-18T06:37:09.419+0000] {processor.py:925} INFO - DAG(s) 'read_dataset_event', 'read_dataset_event_from_classic' retrieved from /home/noelsdavid/airflow_venv/lib/python3.12/site-packages/airflow/example_dags/example_inlet_event_extra.py
[2026-05-18T06:37:09.443+0000] {logging_mixin.py:190} INFO - [2026-05-18T06:37:09.442+0000] {dag.py:3239} INFO - Sync 2 DAGs
[2026-05-18T06:37:09.470+0000] {logging_mixin.py:190} INFO - [2026-05-18T06:37:09.470+0000] {dag.py:4180} INFO - Setting next_dagrun for read_dataset_event to 2026-05-17 00:00:00+00:00, run_after=2026-05-18 00:00:00+00:00
[2026-05-18T06:37:09.476+0000] {logging_mixin.py:190} INFO - [2026-05-18T06:37:09.476+0000] {dag.py:4180} INFO - Setting next_dagrun for read_dataset_event_from_classic to 2026-05-17 00:00:00+00:00, run_after=2026-05-18 00:00:00+00:00
[2026-05-18T06:37:09.504+0000] {processor.py:208} INFO - Processing /home/noelsdavid/airflow_venv/lib/python3.12/site-packages/airflow/example_dags/example_inlet_event_extra.py took 0.116 seconds
[2026-05-18T06:38:17.919+0000] {processor.py:186} INFO - Started process (PID=10998) to work on /home/noelsdavid/airflow_venv/lib/python3.12/site-packages/airflow/example_dags/example_inlet_event_extra.py
[2026-05-18T06:38:17.936+0000] {processor.py:914} INFO - Processing file /home/noelsdavid/airflow_venv/lib/python3.12/site-packages/airflow/example_dags/example_inlet_event_extra.py for tasks to queue
[2026-05-18T06:38:17.938+0000] {logging_mixin.py:190} INFO - [2026-05-18T06:38:17.937+0000] {dagbag.py:588} INFO - Filling up the DagBag from /home/noelsdavid/airflow_venv/lib/python3.12/site-packages/airflow/example_dags/example_inlet_event_extra.py
[2026-05-18T06:38:17.957+0000] {processor.py:925} INFO - DAG(s) 'read_dataset_event', 'read_dataset_event_from_classic' retrieved from /home/noelsdavid/airflow_venv/lib/python3.12/site-packages/airflow/example_dags/example_inlet_event_extra.py
[2026-05-18T06:38:17.980+0000] {logging_mixin.py:190} INFO - [2026-05-18T06:38:17.980+0000] {dag.py:3239} INFO - Sync 2 DAGs
[2026-05-18T06:38:18.009+0000] {logging_mixin.py:190} INFO - [2026-05-18T06:38:18.008+0000] {dag.py:4180} INFO - Setting next_dagrun for read_dataset_event to 2026-05-17 00:00:00+00:00, run_after=2026-05-18 00:00:00+00:00
[2026-05-18T06:38:18.014+0000] {logging_mixin.py:190} INFO - [2026-05-18T06:38:18.014+0000] {dag.py:4180} INFO - Setting next_dagrun for read_dataset_event_from_classic to 2026-05-17 00:00:00+00:00, run_after=2026-05-18 00:00:00+00:00
[2026-05-18T06:38:18.042+0000] {processor.py:208} INFO - Processing /home/noelsdavid/airflow_venv/lib/python3.12/site-packages/airflow/example_dags/example_inlet_event_extra.py took 0.131 seconds
[2026-05-18T06:39:20.587+0000] {processor.py:186} INFO - Started process (PID=11277) to work on /home/noelsdavid/airflow_venv/lib/python3.12/site-packages/airflow/example_dags/example_inlet_event_extra.py
[2026-05-18T06:39:20.590+0000] {processor.py:914} INFO - Processing file /home/noelsdavid/airflow_venv/lib/python3.12/site-packages/airflow/example_dags/example_inlet_event_extra.py for tasks to queue
[2026-05-18T06:39:20.592+0000] {logging_mixin.py:190} INFO - [2026-05-18T06:39:20.591+0000] {dagbag.py:588} INFO - Filling up the DagBag from /home/noelsdavid/airflow_venv/lib/python3.12/site-packages/airflow/example_dags/example_inlet_event_extra.py
[2026-05-18T06:39:20.610+0000] {processor.py:925} INFO - DAG(s) 'read_dataset_event_from_classic', 'read_dataset_event' retrieved from /home/noelsdavid/airflow_venv/lib/python3.12/site-packages/airflow/example_dags/example_inlet_event_extra.py
[2026-05-18T06:39:20.634+0000] {logging_mixin.py:190} INFO - [2026-05-18T06:39:20.634+0000] {dag.py:3239} INFO - Sync 2 DAGs
[2026-05-18T06:39:20.662+0000] {logging_mixin.py:190} INFO - [2026-05-18T06:39:20.662+0000] {dag.py:4180} INFO - Setting next_dagrun for read_dataset_event to 2026-05-17 00:00:00+00:00, run_after=2026-05-18 00:00:00+00:00
[2026-05-18T06:39:20.667+0000] {logging_mixin.py:190} INFO - [2026-05-18T06:39:20.667+0000] {dag.py:4180} INFO - Setting next_dagrun for read_dataset_event_from_classic to 2026-05-17 00:00:00+00:00, run_after=2026-05-18 00:00:00+00:00
[2026-05-18T06:39:20.696+0000] {processor.py:208} INFO - Processing /home/noelsdavid/airflow_venv/lib/python3.12/site-packages/airflow/example_dags/example_inlet_event_extra.py took 0.117 seconds
[2026-05-18T06:40:30.132+0000] {processor.py:186} INFO - Started process (PID=11556) to work on /home/noelsdavid/airflow_venv/lib/python3.12/site-packages/airflow/example_dags/example_inlet_event_extra.py
[2026-05-18T06:40:30.134+0000] {processor.py:914} INFO - Processing file /home/noelsdavid/airflow_venv/lib/python3.12/site-packages/airflow/example_dags/example_inlet_event_extra.py for tasks to queue
[2026-05-18T06:40:30.136+0000] {logging_mixin.py:190} INFO - [2026-05-18T06:40:30.135+0000] {dagbag.py:588} INFO - Filling up the DagBag from /home/noelsdavid/airflow_venv/lib/python3.12/site-packages/airflow/example_dags/example_inlet_event_extra.py
[2026-05-18T06:40:30.156+0000] {processor.py:925} INFO - DAG(s) 'read_dataset_event', 'read_dataset_event_from_classic' retrieved from /home/noelsdavid/airflow_venv/lib/python3.12/site-packages/airflow/example_dags/example_inlet_event_extra.py
[2026-05-18T06:40:30.182+0000] {logging_mixin.py:190} INFO - [2026-05-18T06:40:30.181+0000] {dag.py:3239} INFO - Sync 2 DAGs
[2026-05-18T06:40:30.215+0000] {logging_mixin.py:190} INFO - [2026-05-18T06:40:30.215+0000] {dag.py:4180} INFO - Setting next_dagrun for read_dataset_event to 2026-05-17 00:00:00+00:00, run_after=2026-05-18 00:00:00+00:00
[2026-05-18T06:40:30.222+0000] {logging_mixin.py:190} INFO - [2026-05-18T06:40:30.222+0000] {dag.py:4180} INFO - Setting next_dagrun for read_dataset_event_from_classic to 2026-05-17 00:00:00+00:00, run_after=2026-05-18 00:00:00+00:00
[2026-05-18T06:40:30.254+0000] {processor.py:208} INFO - Processing /home/noelsdavid/airflow_venv/lib/python3.12/site-packages/airflow/example_dags/example_inlet_event_extra.py took 0.130 seconds
[2026-05-18T06:41:43.531+0000] {processor.py:186} INFO - Started process (PID=12210) to work on /home/noelsdavid/airflow_venv/lib/python3.12/site-packages/airflow/example_dags/example_inlet_event_extra.py
[2026-05-18T06:41:43.534+0000] {processor.py:914} INFO - Processing file /home/noelsdavid/airflow_venv/lib/python3.12/site-packages/airflow/example_dags/example_inlet_event_extra.py for tasks to queue
[2026-05-18T06:41:43.536+0000] {logging_mixin.py:190} INFO - [2026-05-18T06:41:43.535+0000] {dagbag.py:588} INFO - Filling up the DagBag from /home/noelsdavid/airflow_venv/lib/python3.12/site-packages/airflow/example_dags/example_inlet_event_extra.py
[2026-05-18T06:41:43.555+0000] {processor.py:925} INFO - DAG(s) 'read_dataset_event_from_classic', 'read_dataset_event' retrieved from /home/noelsdavid/airflow_venv/lib/python3.12/site-packages/airflow/example_dags/example_inlet_event_extra.py
[2026-05-18T06:41:43.581+0000] {logging_mixin.py:190} INFO - [2026-05-18T06:41:43.581+0000] {dag.py:3239} INFO - Sync 2 DAGs
[2026-05-18T06:41:43.619+0000] {logging_mixin.py:190} INFO - [2026-05-18T06:41:43.619+0000] {dag.py:4180} INFO - Setting next_dagrun for read_dataset_event to 2026-05-17 00:00:00+00:00, run_after=2026-05-18 00:00:00+00:00
[2026-05-18T06:41:43.626+0000] {logging_mixin.py:190} INFO - [2026-05-18T06:41:43.625+0000] {dag.py:4180} INFO - Setting next_dagrun for read_dataset_event_from_classic to 2026-05-17 00:00:00+00:00, run_after=2026-05-18 00:00:00+00:00
[2026-05-18T06:41:43.664+0000] {processor.py:208} INFO - Processing /home/noelsdavid/airflow_venv/lib/python3.12/site-packages/airflow/example_dags/example_inlet_event_extra.py took 0.142 seconds
[2026-05-18T06:42:56.349+0000] {processor.py:186} INFO - Started process (PID=12575) to work on /home/noelsdavid/airflow_venv/lib/python3.12/site-packages/airflow/example_dags/example_inlet_event_extra.py
[2026-05-18T06:42:56.351+0000] {processor.py:914} INFO - Processing file /home/noelsdavid/airflow_venv/lib/python3.12/site-packages/airflow/example_dags/example_inlet_event_extra.py for tasks to queue
[2026-05-18T06:42:56.353+0000] {logging_mixin.py:190} INFO - [2026-05-18T06:42:56.353+0000] {dagbag.py:588} INFO - Filling up the DagBag from /home/noelsdavid/airflow_venv/lib/python3.12/site-packages/airflow/example_dags/example_inlet_event_extra.py
[2026-05-18T06:42:56.373+0000] {processor.py:925} INFO - DAG(s) 'read_dataset_event_from_classic', 'read_dataset_event' retrieved from /home/noelsdavid/airflow_venv/lib/python3.12/site-packages/airflow/example_dags/example_inlet_event_extra.py
[2026-05-18T06:42:56.398+0000] {logging_mixin.py:190} INFO - [2026-05-18T06:42:56.397+0000] {dag.py:3239} INFO - Sync 2 DAGs
[2026-05-18T06:42:56.425+0000] {logging_mixin.py:190} INFO - [2026-05-18T06:42:56.425+0000] {dag.py:4180} INFO - Setting next_dagrun for read_dataset_event to 2026-05-17 00:00:00+00:00, run_after=2026-05-18 00:00:00+00:00
[2026-05-18T06:42:56.432+0000] {logging_mixin.py:190} INFO - [2026-05-18T06:42:56.432+0000] {dag.py:4180} INFO - Setting next_dagrun for read_dataset_event_from_classic to 2026-05-17 00:00:00+00:00, run_after=2026-05-18 00:00:00+00:00
[2026-05-18T06:42:56.468+0000] {processor.py:208} INFO - Processing /home/noelsdavid/airflow_venv/lib/python3.12/site-packages/airflow/example_dags/example_inlet_event_extra.py took 0.129 seconds
[2026-05-18T06:44:35.534+0000] {processor.py:186} INFO - Started process (PID=13050) to work on /home/noelsdavid/airflow_venv/lib/python3.12/site-packages/airflow/example_dags/example_inlet_event_extra.py
[2026-05-18T06:44:35.536+0000] {processor.py:914} INFO - Processing file /home/noelsdavid/airflow_venv/lib/python3.12/site-packages/airflow/example_dags/example_inlet_event_extra.py for tasks to queue
[2026-05-18T06:44:35.539+0000] {logging_mixin.py:190} INFO - [2026-05-18T06:44:35.538+0000] {dagbag.py:588} INFO - Filling up the DagBag from /home/noelsdavid/airflow_venv/lib/python3.12/site-packages/airflow/example_dags/example_inlet_event_extra.py
[2026-05-18T06:44:35.558+0000] {processor.py:925} INFO - DAG(s) 'read_dataset_event', 'read_dataset_event_from_classic' retrieved from /home/noelsdavid/airflow_venv/lib/python3.12/site-packages/airflow/example_dags/example_inlet_event_extra.py
[2026-05-18T06:44:35.584+0000] {logging_mixin.py:190} INFO - [2026-05-18T06:44:35.584+0000] {dag.py:3239} INFO - Sync 2 DAGs
[2026-05-18T06:44:35.614+0000] {logging_mixin.py:190} INFO - [2026-05-18T06:44:35.613+0000] {dag.py:4180} INFO - Setting next_dagrun for read_dataset_event to 2026-05-17 00:00:00+00:00, run_after=2026-05-18 00:00:00+00:00
[2026-05-18T06:44:35.619+0000] {logging_mixin.py:190} INFO - [2026-05-18T06:44:35.619+0000] {dag.py:4180} INFO - Setting next_dagrun for read_dataset_event_from_classic to 2026-05-17 00:00:00+00:00, run_after=2026-05-18 00:00:00+00:00
[2026-05-18T06:44:35.649+0000] {processor.py:208} INFO - Processing /home/noelsdavid/airflow_venv/lib/python3.12/site-packages/airflow/example_dags/example_inlet_event_extra.py took 0.125 seconds
[2026-05-18T06:45:47.923+0000] {processor.py:186} INFO - Started process (PID=13152) to work on /home/noelsdavid/airflow_venv/lib/python3.12/site-packages/airflow/example_dags/example_inlet_event_extra.py
[2026-05-18T06:45:47.926+0000] {processor.py:914} INFO - Processing file /home/noelsdavid/airflow_venv/lib/python3.12/site-packages/airflow/example_dags/example_inlet_event_extra.py for tasks to queue
[2026-05-18T06:45:47.928+0000] {logging_mixin.py:190} INFO - [2026-05-18T06:45:47.927+0000] {dagbag.py:588} INFO - Filling up the DagBag from /home/noelsdavid/airflow_venv/lib/python3.12/site-packages/airflow/example_dags/example_inlet_event_extra.py
[2026-05-18T06:45:47.948+0000] {processor.py:925} INFO - DAG(s) 'read_dataset_event_from_classic', 'read_dataset_event' retrieved from /home/noelsdavid/airflow_venv/lib/python3.12/site-packages/airflow/example_dags/example_inlet_event_extra.py
[2026-05-18T06:45:47.971+0000] {logging_mixin.py:190} INFO - [2026-05-18T06:45:47.971+0000] {dag.py:3239} INFO - Sync 2 DAGs
[2026-05-18T06:45:48.004+0000] {logging_mixin.py:190} INFO - [2026-05-18T06:45:48.004+0000] {dag.py:4180} INFO - Setting next_dagrun for read_dataset_event to 2026-05-17 00:00:00+00:00, run_after=2026-05-18 00:00:00+00:00
[2026-05-18T06:45:48.011+0000] {logging_mixin.py:190} INFO - [2026-05-18T06:45:48.010+0000] {dag.py:4180} INFO - Setting next_dagrun for read_dataset_event_from_classic to 2026-05-17 00:00:00+00:00, run_after=2026-05-18 00:00:00+00:00
[2026-05-18T06:45:48.040+0000] {processor.py:208} INFO - Processing /home/noelsdavid/airflow_venv/lib/python3.12/site-packages/airflow/example_dags/example_inlet_event_extra.py took 0.127 seconds
[2026-05-18T06:46:56.749+0000] {processor.py:186} INFO - Started process (PID=13229) to work on /home/noelsdavid/airflow_venv/lib/python3.12/site-packages/airflow/example_dags/example_inlet_event_extra.py
[2026-05-18T06:46:56.752+0000] {processor.py:914} INFO - Processing file /home/noelsdavid/airflow_venv/lib/python3.12/site-packages/airflow/example_dags/example_inlet_event_extra.py for tasks to queue
[2026-05-18T06:46:56.755+0000] {logging_mixin.py:190} INFO - [2026-05-18T06:46:56.754+0000] {dagbag.py:588} INFO - Filling up the DagBag from /home/noelsdavid/airflow_venv/lib/python3.12/site-packages/airflow/example_dags/example_inlet_event_extra.py
[2026-05-18T06:46:56.777+0000] {processor.py:925} INFO - DAG(s) 'read_dataset_event', 'read_dataset_event_from_classic' retrieved from /home/noelsdavid/airflow_venv/lib/python3.12/site-packages/airflow/example_dags/example_inlet_event_extra.py
[2026-05-18T06:46:56.800+0000] {logging_mixin.py:190} INFO - [2026-05-18T06:46:56.800+0000] {dag.py:3239} INFO - Sync 2 DAGs
[2026-05-18T06:46:56.830+0000] {logging_mixin.py:190} INFO - [2026-05-18T06:46:56.829+0000] {dag.py:4180} INFO - Setting next_dagrun for read_dataset_event to 2026-05-17 00:00:00+00:00, run_after=2026-05-18 00:00:00+00:00
[2026-05-18T06:46:56.836+0000] {logging_mixin.py:190} INFO - [2026-05-18T06:46:56.835+0000] {dag.py:4180} INFO - Setting next_dagrun for read_dataset_event_from_classic to 2026-05-17 00:00:00+00:00, run_after=2026-05-18 00:00:00+00:00
[2026-05-18T06:46:56.863+0000] {processor.py:208} INFO - Processing /home/noelsdavid/airflow_venv/lib/python3.12/site-packages/airflow/example_dags/example_inlet_event_extra.py took 0.125 seconds
[2026-05-18T06:48:02.016+0000] {processor.py:186} INFO - Started process (PID=13299) to work on /home/noelsdavid/airflow_venv/lib/python3.12/site-packages/airflow/example_dags/example_inlet_event_extra.py
[2026-05-18T06:48:02.019+0000] {processor.py:914} INFO - Processing file /home/noelsdavid/airflow_venv/lib/python3.12/site-packages/airflow/example_dags/example_inlet_event_extra.py for tasks to queue
[2026-05-18T06:48:02.021+0000] {logging_mixin.py:190} INFO - [2026-05-18T06:48:02.020+0000] {dagbag.py:588} INFO - Filling up the DagBag from /home/noelsdavid/airflow_venv/lib/python3.12/site-packages/airflow/example_dags/example_inlet_event_extra.py
[2026-05-18T06:48:02.040+0000] {processor.py:925} INFO - DAG(s) 'read_dataset_event_from_classic', 'read_dataset_event' retrieved from /home/noelsdavid/airflow_venv/lib/python3.12/site-packages/airflow/example_dags/example_inlet_event_extra.py
[2026-05-18T06:48:02.064+0000] {logging_mixin.py:190} INFO - [2026-05-18T06:48:02.064+0000] {dag.py:3239} INFO - Sync 2 DAGs
[2026-05-18T06:48:02.095+0000] {logging_mixin.py:190} INFO - [2026-05-18T06:48:02.095+0000] {dag.py:4180} INFO - Setting next_dagrun for read_dataset_event to 2026-05-17 00:00:00+00:00, run_after=2026-05-18 00:00:00+00:00
[2026-05-18T06:48:02.100+0000] {logging_mixin.py:190} INFO - [2026-05-18T06:48:02.100+0000] {dag.py:4180} INFO - Setting next_dagrun for read_dataset_event_from_classic to 2026-05-17 00:00:00+00:00, run_after=2026-05-18 00:00:00+00:00
[2026-05-18T06:48:02.130+0000] {processor.py:208} INFO - Processing /home/noelsdavid/airflow_venv/lib/python3.12/site-packages/airflow/example_dags/example_inlet_event_extra.py took 0.124 seconds
[2026-05-18T06:49:08.540+0000] {processor.py:186} INFO - Started process (PID=13375) to work on /home/noelsdavid/airflow_venv/lib/python3.12/site-packages/airflow/example_dags/example_inlet_event_extra.py
[2026-05-18T06:49:08.542+0000] {processor.py:914} INFO - Processing file /home/noelsdavid/airflow_venv/lib/python3.12/site-packages/airflow/example_dags/example_inlet_event_extra.py for tasks to queue
[2026-05-18T06:49:08.544+0000] {logging_mixin.py:190} INFO - [2026-05-18T06:49:08.544+0000] {dagbag.py:588} INFO - Filling up the DagBag from /home/noelsdavid/airflow_venv/lib/python3.12/site-packages/airflow/example_dags/example_inlet_event_extra.py
[2026-05-18T06:49:08.564+0000] {processor.py:925} INFO - DAG(s) 'read_dataset_event', 'read_dataset_event_from_classic' retrieved from /home/noelsdavid/airflow_venv/lib/python3.12/site-packages/airflow/example_dags/example_inlet_event_extra.py
[2026-05-18T06:49:08.589+0000] {logging_mixin.py:190} INFO - [2026-05-18T06:49:08.588+0000] {dag.py:3239} INFO - Sync 2 DAGs
[2026-05-18T06:49:08.618+0000] {logging_mixin.py:190} INFO - [2026-05-18T06:49:08.618+0000] {dag.py:4180} INFO - Setting next_dagrun for read_dataset_event to 2026-05-17 00:00:00+00:00, run_after=2026-05-18 00:00:00+00:00
[2026-05-18T06:49:08.624+0000] {logging_mixin.py:190} INFO - [2026-05-18T06:49:08.624+0000] {dag.py:4180} INFO - Setting next_dagrun for read_dataset_event_from_classic to 2026-05-17 00:00:00+00:00, run_after=2026-05-18 00:00:00+00:00
[2026-05-18T06:49:08.651+0000] {processor.py:208} INFO - Processing /home/noelsdavid/airflow_venv/lib/python3.12/site-packages/airflow/example_dags/example_inlet_event_extra.py took 0.121 seconds
[2026-05-18T06:50:15.111+0000] {processor.py:186} INFO - Started process (PID=13891) to work on /home/noelsdavid/airflow_venv/lib/python3.12/site-packages/airflow/example_dags/example_inlet_event_extra.py
[2026-05-18T06:50:15.114+0000] {processor.py:914} INFO - Processing file /home/noelsdavid/airflow_venv/lib/python3.12/site-packages/airflow/example_dags/example_inlet_event_extra.py for tasks to queue
[2026-05-18T06:50:15.116+0000] {logging_mixin.py:190} INFO - [2026-05-18T06:50:15.115+0000] {dagbag.py:588} INFO - Filling up the DagBag from /home/noelsdavid/airflow_venv/lib/python3.12/site-packages/airflow/example_dags/example_inlet_event_extra.py
[2026-05-18T06:50:15.136+0000] {processor.py:925} INFO - DAG(s) 'read_dataset_event_from_classic', 'read_dataset_event' retrieved from /home/noelsdavid/airflow_venv/lib/python3.12/site-packages/airflow/example_dags/example_inlet_event_extra.py
[2026-05-18T06:50:15.162+0000] {logging_mixin.py:190} INFO - [2026-05-18T06:50:15.161+0000] {dag.py:3239} INFO - Sync 2 DAGs
[2026-05-18T06:50:15.195+0000] {logging_mixin.py:190} INFO - [2026-05-18T06:50:15.194+0000] {dag.py:4180} INFO - Setting next_dagrun for read_dataset_event to 2026-05-17 00:00:00+00:00, run_after=2026-05-18 00:00:00+00:00
[2026-05-18T06:50:15.200+0000] {logging_mixin.py:190} INFO - [2026-05-18T06:50:15.200+0000] {dag.py:4180} INFO - Setting next_dagrun for read_dataset_event_from_classic to 2026-05-17 00:00:00+00:00, run_after=2026-05-18 00:00:00+00:00
[2026-05-18T06:50:15.231+0000] {processor.py:208} INFO - Processing /home/noelsdavid/airflow_venv/lib/python3.12/site-packages/airflow/example_dags/example_inlet_event_extra.py took 0.132 seconds
[2026-05-18T06:51:26.244+0000] {processor.py:186} INFO - Started process (PID=14231) to work on /home/noelsdavid/airflow_venv/lib/python3.12/site-packages/airflow/example_dags/example_inlet_event_extra.py
[2026-05-18T06:51:26.247+0000] {processor.py:914} INFO - Processing file /home/noelsdavid/airflow_venv/lib/python3.12/site-packages/airflow/example_dags/example_inlet_event_extra.py for tasks to queue
[2026-05-18T06:51:26.250+0000] {logging_mixin.py:190} INFO - [2026-05-18T06:51:26.249+0000] {dagbag.py:588} INFO - Filling up the DagBag from /home/noelsdavid/airflow_venv/lib/python3.12/site-packages/airflow/example_dags/example_inlet_event_extra.py
[2026-05-18T06:51:26.268+0000] {processor.py:925} INFO - DAG(s) 'read_dataset_event_from_classic', 'read_dataset_event' retrieved from /home/noelsdavid/airflow_venv/lib/python3.12/site-packages/airflow/example_dags/example_inlet_event_extra.py
[2026-05-18T06:51:26.293+0000] {logging_mixin.py:190} INFO - [2026-05-18T06:51:26.292+0000] {dag.py:3239} INFO - Sync 2 DAGs
[2026-05-18T06:51:26.325+0000] {logging_mixin.py:190} INFO - [2026-05-18T06:51:26.325+0000] {dag.py:4180} INFO - Setting next_dagrun for read_dataset_event to 2026-05-17 00:00:00+00:00, run_after=2026-05-18 00:00:00+00:00
[2026-05-18T06:51:26.331+0000] {logging_mixin.py:190} INFO - [2026-05-18T06:51:26.331+0000] {dag.py:4180} INFO - Setting next_dagrun for read_dataset_event_from_classic to 2026-05-17 00:00:00+00:00, run_after=2026-05-18 00:00:00+00:00
[2026-05-18T06:51:26.360+0000] {processor.py:208} INFO - Processing /home/noelsdavid/airflow_venv/lib/python3.12/site-packages/airflow/example_dags/example_inlet_event_extra.py took 0.127 seconds
[2026-05-18T06:52:35.215+0000] {processor.py:186} INFO - Started process (PID=14461) to work on /home/noelsdavid/airflow_venv/lib/python3.12/site-packages/airflow/example_dags/example_inlet_event_extra.py
[2026-05-18T06:52:35.218+0000] {processor.py:914} INFO - Processing file /home/noelsdavid/airflow_venv/lib/python3.12/site-packages/airflow/example_dags/example_inlet_event_extra.py for tasks to queue
[2026-05-18T06:52:35.220+0000] {logging_mixin.py:190} INFO - [2026-05-18T06:52:35.219+0000] {dagbag.py:588} INFO - Filling up the DagBag from /home/noelsdavid/airflow_venv/lib/python3.12/site-packages/airflow/example_dags/example_inlet_event_extra.py
[2026-05-18T06:52:35.239+0000] {processor.py:925} INFO - DAG(s) 'read_dataset_event', 'read_dataset_event_from_classic' retrieved from /home/noelsdavid/airflow_venv/lib/python3.12/site-packages/airflow/example_dags/example_inlet_event_extra.py
[2026-05-18T06:52:35.263+0000] {logging_mixin.py:190} INFO - [2026-05-18T06:52:35.263+0000] {dag.py:3239} INFO - Sync 2 DAGs
[2026-05-18T06:52:35.297+0000] {logging_mixin.py:190} INFO - [2026-05-18T06:52:35.296+0000] {dag.py:4180} INFO - Setting next_dagrun for read_dataset_event to 2026-05-17 00:00:00+00:00, run_after=2026-05-18 00:00:00+00:00
[2026-05-18T06:52:35.302+0000] {logging_mixin.py:190} INFO - [2026-05-18T06:52:35.302+0000] {dag.py:4180} INFO - Setting next_dagrun for read_dataset_event_from_classic to 2026-05-17 00:00:00+00:00, run_after=2026-05-18 00:00:00+00:00
[2026-05-18T06:52:35.332+0000] {processor.py:208} INFO - Processing /home/noelsdavid/airflow_venv/lib/python3.12/site-packages/airflow/example_dags/example_inlet_event_extra.py took 0.127 seconds
[2026-05-18T06:53:49.640+0000] {processor.py:186} INFO - Started process (PID=14810) to work on /home/noelsdavid/airflow_venv/lib/python3.12/site-packages/airflow/example_dags/example_inlet_event_extra.py
[2026-05-18T06:53:49.643+0000] {processor.py:914} INFO - Processing file /home/noelsdavid/airflow_venv/lib/python3.12/site-packages/airflow/example_dags/example_inlet_event_extra.py for tasks to queue
[2026-05-18T06:53:49.645+0000] {logging_mixin.py:190} INFO - [2026-05-18T06:53:49.645+0000] {dagbag.py:588} INFO - Filling up the DagBag from /home/noelsdavid/airflow_venv/lib/python3.12/site-packages/airflow/example_dags/example_inlet_event_extra.py
[2026-05-18T06:53:49.671+0000] {processor.py:925} INFO - DAG(s) 'read_dataset_event_from_classic', 'read_dataset_event' retrieved from /home/noelsdavid/airflow_venv/lib/python3.12/site-packages/airflow/example_dags/example_inlet_event_extra.py
[2026-05-18T06:53:49.701+0000] {logging_mixin.py:190} INFO - [2026-05-18T06:53:49.701+0000] {dag.py:3239} INFO - Sync 2 DAGs
[2026-05-18T06:53:49.735+0000] {logging_mixin.py:190} INFO - [2026-05-18T06:53:49.735+0000] {dag.py:4180} INFO - Setting next_dagrun for read_dataset_event to 2026-05-17 00:00:00+00:00, run_after=2026-05-18 00:00:00+00:00
[2026-05-18T06:53:49.742+0000] {logging_mixin.py:190} INFO - [2026-05-18T06:53:49.742+0000] {dag.py:4180} INFO - Setting next_dagrun for read_dataset_event_from_classic to 2026-05-17 00:00:00+00:00, run_after=2026-05-18 00:00:00+00:00
[2026-05-18T06:53:49.777+0000] {processor.py:208} INFO - Processing /home/noelsdavid/airflow_venv/lib/python3.12/site-packages/airflow/example_dags/example_inlet_event_extra.py took 0.148 seconds
[2026-05-18T06:55:01.235+0000] {processor.py:186} INFO - Started process (PID=15025) to work on /home/noelsdavid/airflow_venv/lib/python3.12/site-packages/airflow/example_dags/example_inlet_event_extra.py
[2026-05-18T06:55:01.238+0000] {processor.py:914} INFO - Processing file /home/noelsdavid/airflow_venv/lib/python3.12/site-packages/airflow/example_dags/example_inlet_event_extra.py for tasks to queue
[2026-05-18T06:55:01.241+0000] {logging_mixin.py:190} INFO - [2026-05-18T06:55:01.240+0000] {dagbag.py:588} INFO - Filling up the DagBag from /home/noelsdavid/airflow_venv/lib/python3.12/site-packages/airflow/example_dags/example_inlet_event_extra.py
[2026-05-18T06:55:01.265+0000] {processor.py:925} INFO - DAG(s) 'read_dataset_event_from_classic', 'read_dataset_event' retrieved from /home/noelsdavid/airflow_venv/lib/python3.12/site-packages/airflow/example_dags/example_inlet_event_extra.py
[2026-05-18T06:55:01.297+0000] {logging_mixin.py:190} INFO - [2026-05-18T06:55:01.297+0000] {dag.py:3239} INFO - Sync 2 DAGs
[2026-05-18T06:55:01.339+0000] {logging_mixin.py:190} INFO - [2026-05-18T06:55:01.339+0000] {dag.py:4180} INFO - Setting next_dagrun for read_dataset_event to 2026-05-17 00:00:00+00:00, run_after=2026-05-18 00:00:00+00:00
[2026-05-18T06:55:01.347+0000] {logging_mixin.py:190} INFO - [2026-05-18T06:55:01.347+0000] {dag.py:4180} INFO - Setting next_dagrun for read_dataset_event_from_classic to 2026-05-17 00:00:00+00:00, run_after=2026-05-18 00:00:00+00:00
[2026-05-18T06:55:01.379+0000] {processor.py:208} INFO - Processing /home/noelsdavid/airflow_venv/lib/python3.12/site-packages/airflow/example_dags/example_inlet_event_extra.py took 0.162 seconds
[2026-05-18T06:56:20.739+0000] {processor.py:186} INFO - Started process (PID=15374) to work on /home/noelsdavid/airflow_venv/lib/python3.12/site-packages/airflow/example_dags/example_inlet_event_extra.py
[2026-05-18T06:56:20.742+0000] {processor.py:914} INFO - Processing file /home/noelsdavid/airflow_venv/lib/python3.12/site-packages/airflow/example_dags/example_inlet_event_extra.py for tasks to queue
[2026-05-18T06:56:20.744+0000] {logging_mixin.py:190} INFO - [2026-05-18T06:56:20.743+0000] {dagbag.py:588} INFO - Filling up the DagBag from /home/noelsdavid/airflow_venv/lib/python3.12/site-packages/airflow/example_dags/example_inlet_event_extra.py
[2026-05-18T06:56:20.763+0000] {processor.py:925} INFO - DAG(s) 'read_dataset_event', 'read_dataset_event_from_classic' retrieved from /home/noelsdavid/airflow_venv/lib/python3.12/site-packages/airflow/example_dags/example_inlet_event_extra.py
[2026-05-18T06:56:20.789+0000] {logging_mixin.py:190} INFO - [2026-05-18T06:56:20.789+0000] {dag.py:3239} INFO - Sync 2 DAGs
[2026-05-18T06:56:20.819+0000] {logging_mixin.py:190} INFO - [2026-05-18T06:56:20.819+0000] {dag.py:4180} INFO - Setting next_dagrun for read_dataset_event to 2026-05-17 00:00:00+00:00, run_after=2026-05-18 00:00:00+00:00
[2026-05-18T06:56:20.826+0000] {logging_mixin.py:190} INFO - [2026-05-18T06:56:20.826+0000] {dag.py:4180} INFO - Setting next_dagrun for read_dataset_event_from_classic to 2026-05-17 00:00:00+00:00, run_after=2026-05-18 00:00:00+00:00
[2026-05-18T06:56:20.855+0000] {processor.py:208} INFO - Processing /home/noelsdavid/airflow_venv/lib/python3.12/site-packages/airflow/example_dags/example_inlet_event_extra.py took 0.128 seconds
[2026-05-18T06:57:38.367+0000] {processor.py:186} INFO - Started process (PID=15478) to work on /home/noelsdavid/airflow_venv/lib/python3.12/site-packages/airflow/example_dags/example_inlet_event_extra.py
[2026-05-18T06:57:38.371+0000] {processor.py:914} INFO - Processing file /home/noelsdavid/airflow_venv/lib/python3.12/site-packages/airflow/example_dags/example_inlet_event_extra.py for tasks to queue
[2026-05-18T06:57:38.375+0000] {logging_mixin.py:190} INFO - [2026-05-18T06:57:38.374+0000] {dagbag.py:588} INFO - Filling up the DagBag from /home/noelsdavid/airflow_venv/lib/python3.12/site-packages/airflow/example_dags/example_inlet_event_extra.py
[2026-05-18T06:57:38.415+0000] {processor.py:925} INFO - DAG(s) 'read_dataset_event_from_classic', 'read_dataset_event' retrieved from /home/noelsdavid/airflow_venv/lib/python3.12/site-packages/airflow/example_dags/example_inlet_event_extra.py
[2026-05-18T06:57:38.468+0000] {logging_mixin.py:190} INFO - [2026-05-18T06:57:38.467+0000] {dag.py:3239} INFO - Sync 2 DAGs
[2026-05-18T06:57:38.519+0000] {logging_mixin.py:190} INFO - [2026-05-18T06:57:38.518+0000] {dag.py:4180} INFO - Setting next_dagrun for read_dataset_event to 2026-05-17 00:00:00+00:00, run_after=2026-05-18 00:00:00+00:00
[2026-05-18T06:57:38.526+0000] {logging_mixin.py:190} INFO - [2026-05-18T06:57:38.526+0000] {dag.py:4180} INFO - Setting next_dagrun for read_dataset_event_from_classic to 2026-05-17 00:00:00+00:00, run_after=2026-05-18 00:00:00+00:00
[2026-05-18T06:57:38.564+0000] {processor.py:208} INFO - Processing /home/noelsdavid/airflow_venv/lib/python3.12/site-packages/airflow/example_dags/example_inlet_event_extra.py took 0.221 seconds
[2026-05-18T06:58:51.269+0000] {processor.py:186} INFO - Started process (PID=15797) to work on /home/noelsdavid/airflow_venv/lib/python3.12/site-packages/airflow/example_dags/example_inlet_event_extra.py
[2026-05-18T06:58:51.273+0000] {processor.py:914} INFO - Processing file /home/noelsdavid/airflow_venv/lib/python3.12/site-packages/airflow/example_dags/example_inlet_event_extra.py for tasks to queue
[2026-05-18T06:58:51.275+0000] {logging_mixin.py:190} INFO - [2026-05-18T06:58:51.275+0000] {dagbag.py:588} INFO - Filling up the DagBag from /home/noelsdavid/airflow_venv/lib/python3.12/site-packages/airflow/example_dags/example_inlet_event_extra.py
[2026-05-18T06:58:51.300+0000] {processor.py:925} INFO - DAG(s) 'read_dataset_event', 'read_dataset_event_from_classic' retrieved from /home/noelsdavid/airflow_venv/lib/python3.12/site-packages/airflow/example_dags/example_inlet_event_extra.py
[2026-05-18T06:58:51.358+0000] {logging_mixin.py:190} INFO - [2026-05-18T06:58:51.357+0000] {dag.py:3239} INFO - Sync 2 DAGs
[2026-05-18T06:58:51.419+0000] {logging_mixin.py:190} INFO - [2026-05-18T06:58:51.417+0000] {dag.py:4180} INFO - Setting next_dagrun for read_dataset_event to 2026-05-17 00:00:00+00:00, run_after=2026-05-18 00:00:00+00:00
[2026-05-18T06:58:51.447+0000] {logging_mixin.py:190} INFO - [2026-05-18T06:58:51.447+0000] {dag.py:4180} INFO - Setting next_dagrun for read_dataset_event_from_classic to 2026-05-17 00:00:00+00:00, run_after=2026-05-18 00:00:00+00:00
[2026-05-18T06:58:51.516+0000] {processor.py:208} INFO - Processing /home/noelsdavid/airflow_venv/lib/python3.12/site-packages/airflow/example_dags/example_inlet_event_extra.py took 0.260 seconds
[2026-05-18T07:00:13.651+0000] {processor.py:186} INFO - Started process (PID=16021) to work on /home/noelsdavid/airflow_venv/lib/python3.12/site-packages/airflow/example_dags/example_inlet_event_extra.py
[2026-05-18T07:00:13.654+0000] {processor.py:914} INFO - Processing file /home/noelsdavid/airflow_venv/lib/python3.12/site-packages/airflow/example_dags/example_inlet_event_extra.py for tasks to queue
[2026-05-18T07:00:13.657+0000] {logging_mixin.py:190} INFO - [2026-05-18T07:00:13.656+0000] {dagbag.py:588} INFO - Filling up the DagBag from /home/noelsdavid/airflow_venv/lib/python3.12/site-packages/airflow/example_dags/example_inlet_event_extra.py
[2026-05-18T07:00:13.679+0000] {processor.py:925} INFO - DAG(s) 'read_dataset_event_from_classic', 'read_dataset_event' retrieved from /home/noelsdavid/airflow_venv/lib/python3.12/site-packages/airflow/example_dags/example_inlet_event_extra.py
[2026-05-18T07:00:13.707+0000] {logging_mixin.py:190} INFO - [2026-05-18T07:00:13.707+0000] {dag.py:3239} INFO - Sync 2 DAGs
[2026-05-18T07:00:13.755+0000] {logging_mixin.py:190} INFO - [2026-05-18T07:00:13.754+0000] {dag.py:4180} INFO - Setting next_dagrun for read_dataset_event to 2026-05-17 00:00:00+00:00, run_after=2026-05-18 00:00:00+00:00
[2026-05-18T07:00:13.762+0000] {logging_mixin.py:190} INFO - [2026-05-18T07:00:13.762+0000] {dag.py:4180} INFO - Setting next_dagrun for read_dataset_event_from_classic to 2026-05-17 00:00:00+00:00, run_after=2026-05-18 00:00:00+00:00
[2026-05-18T07:00:13.803+0000] {processor.py:208} INFO - Processing /home/noelsdavid/airflow_venv/lib/python3.12/site-packages/airflow/example_dags/example_inlet_event_extra.py took 0.170 seconds
[2026-05-18T07:01:29.020+0000] {processor.py:186} INFO - Started process (PID=16415) to work on /home/noelsdavid/airflow_venv/lib/python3.12/site-packages/airflow/example_dags/example_inlet_event_extra.py
[2026-05-18T07:01:29.032+0000] {processor.py:914} INFO - Processing file /home/noelsdavid/airflow_venv/lib/python3.12/site-packages/airflow/example_dags/example_inlet_event_extra.py for tasks to queue
[2026-05-18T07:01:29.034+0000] {logging_mixin.py:190} INFO - [2026-05-18T07:01:29.034+0000] {dagbag.py:588} INFO - Filling up the DagBag from /home/noelsdavid/airflow_venv/lib/python3.12/site-packages/airflow/example_dags/example_inlet_event_extra.py
[2026-05-18T07:01:29.053+0000] {processor.py:925} INFO - DAG(s) 'read_dataset_event', 'read_dataset_event_from_classic' retrieved from /home/noelsdavid/airflow_venv/lib/python3.12/site-packages/airflow/example_dags/example_inlet_event_extra.py
[2026-05-18T07:01:29.079+0000] {logging_mixin.py:190} INFO - [2026-05-18T07:01:29.079+0000] {dag.py:3239} INFO - Sync 2 DAGs
[2026-05-18T07:01:29.107+0000] {logging_mixin.py:190} INFO - [2026-05-18T07:01:29.107+0000] {dag.py:4180} INFO - Setting next_dagrun for read_dataset_event to 2026-05-17 00:00:00+00:00, run_after=2026-05-18 00:00:00+00:00
[2026-05-18T07:01:29.113+0000] {logging_mixin.py:190} INFO - [2026-05-18T07:01:29.112+0000] {dag.py:4180} INFO - Setting next_dagrun for read_dataset_event_from_classic to 2026-05-17 00:00:00+00:00, run_after=2026-05-18 00:00:00+00:00
[2026-05-18T07:01:29.141+0000] {processor.py:208} INFO - Processing /home/noelsdavid/airflow_venv/lib/python3.12/site-packages/airflow/example_dags/example_inlet_event_extra.py took 0.132 seconds
[2026-05-18T07:02:41.292+0000] {processor.py:186} INFO - Started process (PID=16493) to work on /home/noelsdavid/airflow_venv/lib/python3.12/site-packages/airflow/example_dags/example_inlet_event_extra.py
[2026-05-18T07:02:41.295+0000] {processor.py:914} INFO - Processing file /home/noelsdavid/airflow_venv/lib/python3.12/site-packages/airflow/example_dags/example_inlet_event_extra.py for tasks to queue
[2026-05-18T07:02:41.297+0000] {logging_mixin.py:190} INFO - [2026-05-18T07:02:41.296+0000] {dagbag.py:588} INFO - Filling up the DagBag from /home/noelsdavid/airflow_venv/lib/python3.12/site-packages/airflow/example_dags/example_inlet_event_extra.py
[2026-05-18T07:02:41.317+0000] {processor.py:925} INFO - DAG(s) 'read_dataset_event', 'read_dataset_event_from_classic' retrieved from /home/noelsdavid/airflow_venv/lib/python3.12/site-packages/airflow/example_dags/example_inlet_event_extra.py
[2026-05-18T07:02:41.341+0000] {logging_mixin.py:190} INFO - [2026-05-18T07:02:41.341+0000] {dag.py:3239} INFO - Sync 2 DAGs
[2026-05-18T07:02:41.369+0000] {logging_mixin.py:190} INFO - [2026-05-18T07:02:41.369+0000] {dag.py:4180} INFO - Setting next_dagrun for read_dataset_event to 2026-05-17 00:00:00+00:00, run_after=2026-05-18 00:00:00+00:00
[2026-05-18T07:02:41.375+0000] {logging_mixin.py:190} INFO - [2026-05-18T07:02:41.375+0000] {dag.py:4180} INFO - Setting next_dagrun for read_dataset_event_from_classic to 2026-05-17 00:00:00+00:00, run_after=2026-05-18 00:00:00+00:00
[2026-05-18T07:02:41.404+0000] {processor.py:208} INFO - Processing /home/noelsdavid/airflow_venv/lib/python3.12/site-packages/airflow/example_dags/example_inlet_event_extra.py took 0.121 seconds
[2026-05-18T07:03:54.187+0000] {processor.py:186} INFO - Started process (PID=16571) to work on /home/noelsdavid/airflow_venv/lib/python3.12/site-packages/airflow/example_dags/example_inlet_event_extra.py
[2026-05-18T07:03:54.189+0000] {processor.py:914} INFO - Processing file /home/noelsdavid/airflow_venv/lib/python3.12/site-packages/airflow/example_dags/example_inlet_event_extra.py for tasks to queue
[2026-05-18T07:03:54.191+0000] {logging_mixin.py:190} INFO - [2026-05-18T07:03:54.191+0000] {dagbag.py:588} INFO - Filling up the DagBag from /home/noelsdavid/airflow_venv/lib/python3.12/site-packages/airflow/example_dags/example_inlet_event_extra.py
[2026-05-18T07:03:54.210+0000] {processor.py:925} INFO - DAG(s) 'read_dataset_event', 'read_dataset_event_from_classic' retrieved from /home/noelsdavid/airflow_venv/lib/python3.12/site-packages/airflow/example_dags/example_inlet_event_extra.py
[2026-05-18T07:03:54.238+0000] {logging_mixin.py:190} INFO - [2026-05-18T07:03:54.237+0000] {dag.py:3239} INFO - Sync 2 DAGs
[2026-05-18T07:03:54.266+0000] {logging_mixin.py:190} INFO - [2026-05-18T07:03:54.265+0000] {dag.py:4180} INFO - Setting next_dagrun for read_dataset_event to 2026-05-17 00:00:00+00:00, run_after=2026-05-18 00:00:00+00:00
[2026-05-18T07:03:54.271+0000] {logging_mixin.py:190} INFO - [2026-05-18T07:03:54.271+0000] {dag.py:4180} INFO - Setting next_dagrun for read_dataset_event_from_classic to 2026-05-17 00:00:00+00:00, run_after=2026-05-18 00:00:00+00:00
[2026-05-18T07:03:54.299+0000] {processor.py:208} INFO - Processing /home/noelsdavid/airflow_venv/lib/python3.12/site-packages/airflow/example_dags/example_inlet_event_extra.py took 0.123 seconds
[2026-05-18T07:05:02.168+0000] {processor.py:186} INFO - Started process (PID=16646) to work on /home/noelsdavid/airflow_venv/lib/python3.12/site-packages/airflow/example_dags/example_inlet_event_extra.py
[2026-05-18T07:05:02.171+0000] {processor.py:914} INFO - Processing file /home/noelsdavid/airflow_venv/lib/python3.12/site-packages/airflow/example_dags/example_inlet_event_extra.py for tasks to queue
[2026-05-18T07:05:02.173+0000] {logging_mixin.py:190} INFO - [2026-05-18T07:05:02.172+0000] {dagbag.py:588} INFO - Filling up the DagBag from /home/noelsdavid/airflow_venv/lib/python3.12/site-packages/airflow/example_dags/example_inlet_event_extra.py
[2026-05-18T07:05:02.195+0000] {processor.py:925} INFO - DAG(s) 'read_dataset_event', 'read_dataset_event_from_classic' retrieved from /home/noelsdavid/airflow_venv/lib/python3.12/site-packages/airflow/example_dags/example_inlet_event_extra.py
[2026-05-18T07:05:02.229+0000] {logging_mixin.py:190} INFO - [2026-05-18T07:05:02.229+0000] {dag.py:3239} INFO - Sync 2 DAGs
[2026-05-18T07:05:02.459+0000] {logging_mixin.py:190} INFO - [2026-05-18T07:05:02.459+0000] {dag.py:4180} INFO - Setting next_dagrun for read_dataset_event to 2026-05-17 00:00:00+00:00, run_after=2026-05-18 00:00:00+00:00
[2026-05-18T07:05:02.471+0000] {logging_mixin.py:190} INFO - [2026-05-18T07:05:02.470+0000] {dag.py:4180} INFO - Setting next_dagrun for read_dataset_event_from_classic to 2026-05-17 00:00:00+00:00, run_after=2026-05-18 00:00:00+00:00
[2026-05-18T07:05:02.505+0000] {processor.py:208} INFO - Processing /home/noelsdavid/airflow_venv/lib/python3.12/site-packages/airflow/example_dags/example_inlet_event_extra.py took 0.350 seconds
[2026-05-18T07:06:21.485+0000] {processor.py:186} INFO - Started process (PID=16751) to work on /home/noelsdavid/airflow_venv/lib/python3.12/site-packages/airflow/example_dags/example_inlet_event_extra.py
[2026-05-18T07:06:21.487+0000] {processor.py:914} INFO - Processing file /home/noelsdavid/airflow_venv/lib/python3.12/site-packages/airflow/example_dags/example_inlet_event_extra.py for tasks to queue
[2026-05-18T07:06:21.490+0000] {logging_mixin.py:190} INFO - [2026-05-18T07:06:21.489+0000] {dagbag.py:588} INFO - Filling up the DagBag from /home/noelsdavid/airflow_venv/lib/python3.12/site-packages/airflow/example_dags/example_inlet_event_extra.py
[2026-05-18T07:06:21.509+0000] {processor.py:925} INFO - DAG(s) 'read_dataset_event_from_classic', 'read_dataset_event' retrieved from /home/noelsdavid/airflow_venv/lib/python3.12/site-packages/airflow/example_dags/example_inlet_event_extra.py
[2026-05-18T07:06:21.539+0000] {logging_mixin.py:190} INFO - [2026-05-18T07:06:21.538+0000] {dag.py:3239} INFO - Sync 2 DAGs
[2026-05-18T07:06:21.768+0000] {logging_mixin.py:190} INFO - [2026-05-18T07:06:21.768+0000] {dag.py:4180} INFO - Setting next_dagrun for read_dataset_event to 2026-05-17 00:00:00+00:00, run_after=2026-05-18 00:00:00+00:00
[2026-05-18T07:06:21.779+0000] {logging_mixin.py:190} INFO - [2026-05-18T07:06:21.779+0000] {dag.py:4180} INFO - Setting next_dagrun for read_dataset_event_from_classic to 2026-05-17 00:00:00+00:00, run_after=2026-05-18 00:00:00+00:00
[2026-05-18T07:06:21.816+0000] {processor.py:208} INFO - Processing /home/noelsdavid/airflow_venv/lib/python3.12/site-packages/airflow/example_dags/example_inlet_event_extra.py took 0.343 seconds
[2026-05-18T07:07:37.428+0000] {processor.py:186} INFO - Started process (PID=16831) to work on /home/noelsdavid/airflow_venv/lib/python3.12/site-packages/airflow/example_dags/example_inlet_event_extra.py
[2026-05-18T07:07:37.431+0000] {processor.py:914} INFO - Processing file /home/noelsdavid/airflow_venv/lib/python3.12/site-packages/airflow/example_dags/example_inlet_event_extra.py for tasks to queue
[2026-05-18T07:07:37.433+0000] {logging_mixin.py:190} INFO - [2026-05-18T07:07:37.432+0000] {dagbag.py:588} INFO - Filling up the DagBag from /home/noelsdavid/airflow_venv/lib/python3.12/site-packages/airflow/example_dags/example_inlet_event_extra.py
[2026-05-18T07:07:37.451+0000] {processor.py:925} INFO - DAG(s) 'read_dataset_event_from_classic', 'read_dataset_event' retrieved from /home/noelsdavid/airflow_venv/lib/python3.12/site-packages/airflow/example_dags/example_inlet_event_extra.py
[2026-05-18T07:07:37.476+0000] {logging_mixin.py:190} INFO - [2026-05-18T07:07:37.475+0000] {dag.py:3239} INFO - Sync 2 DAGs
[2026-05-18T07:07:37.669+0000] {logging_mixin.py:190} INFO - [2026-05-18T07:07:37.669+0000] {dag.py:4180} INFO - Setting next_dagrun for read_dataset_event to 2026-05-17 00:00:00+00:00, run_after=2026-05-18 00:00:00+00:00
[2026-05-18T07:07:37.675+0000] {logging_mixin.py:190} INFO - [2026-05-18T07:07:37.674+0000] {dag.py:4180} INFO - Setting next_dagrun for read_dataset_event_from_classic to 2026-05-17 00:00:00+00:00, run_after=2026-05-18 00:00:00+00:00
[2026-05-18T07:07:37.702+0000] {processor.py:208} INFO - Processing /home/noelsdavid/airflow_venv/lib/python3.12/site-packages/airflow/example_dags/example_inlet_event_extra.py took 0.284 seconds
[2026-05-18T07:08:58.454+0000] {processor.py:186} INFO - Started process (PID=16913) to work on /home/noelsdavid/airflow_venv/lib/python3.12/site-packages/airflow/example_dags/example_inlet_event_extra.py
[2026-05-18T07:08:58.471+0000] {processor.py:914} INFO - Processing file /home/noelsdavid/airflow_venv/lib/python3.12/site-packages/airflow/example_dags/example_inlet_event_extra.py for tasks to queue
[2026-05-18T07:08:58.473+0000] {logging_mixin.py:190} INFO - [2026-05-18T07:08:58.472+0000] {dagbag.py:588} INFO - Filling up the DagBag from /home/noelsdavid/airflow_venv/lib/python3.12/site-packages/airflow/example_dags/example_inlet_event_extra.py
[2026-05-18T07:08:58.491+0000] {processor.py:925} INFO - DAG(s) 'read_dataset_event', 'read_dataset_event_from_classic' retrieved from /home/noelsdavid/airflow_venv/lib/python3.12/site-packages/airflow/example_dags/example_inlet_event_extra.py
[2026-05-18T07:08:58.517+0000] {logging_mixin.py:190} INFO - [2026-05-18T07:08:58.517+0000] {dag.py:3239} INFO - Sync 2 DAGs
[2026-05-18T07:08:58.710+0000] {logging_mixin.py:190} INFO - [2026-05-18T07:08:58.710+0000] {dag.py:4180} INFO - Setting next_dagrun for read_dataset_event to 2026-05-17 00:00:00+00:00, run_after=2026-05-18 00:00:00+00:00
[2026-05-18T07:08:58.716+0000] {logging_mixin.py:190} INFO - [2026-05-18T07:08:58.715+0000] {dag.py:4180} INFO - Setting next_dagrun for read_dataset_event_from_classic to 2026-05-17 00:00:00+00:00, run_after=2026-05-18 00:00:00+00:00
[2026-05-18T07:08:58.743+0000] {processor.py:208} INFO - Processing /home/noelsdavid/airflow_venv/lib/python3.12/site-packages/airflow/example_dags/example_inlet_event_extra.py took 0.299 seconds
[2026-05-18T07:10:20.762+0000] {processor.py:186} INFO - Started process (PID=17023) to work on /home/noelsdavid/airflow_venv/lib/python3.12/site-packages/airflow/example_dags/example_inlet_event_extra.py
[2026-05-18T07:10:20.766+0000] {processor.py:914} INFO - Processing file /home/noelsdavid/airflow_venv/lib/python3.12/site-packages/airflow/example_dags/example_inlet_event_extra.py for tasks to queue
[2026-05-18T07:10:20.769+0000] {logging_mixin.py:190} INFO - [2026-05-18T07:10:20.768+0000] {dagbag.py:588} INFO - Filling up the DagBag from /home/noelsdavid/airflow_venv/lib/python3.12/site-packages/airflow/example_dags/example_inlet_event_extra.py
[2026-05-18T07:10:20.789+0000] {processor.py:925} INFO - DAG(s) 'read_dataset_event_from_classic', 'read_dataset_event' retrieved from /home/noelsdavid/airflow_venv/lib/python3.12/site-packages/airflow/example_dags/example_inlet_event_extra.py
[2026-05-18T07:10:20.815+0000] {logging_mixin.py:190} INFO - [2026-05-18T07:10:20.815+0000] {dag.py:3239} INFO - Sync 2 DAGs
[2026-05-18T07:10:20.845+0000] {logging_mixin.py:190} INFO - [2026-05-18T07:10:20.845+0000] {dag.py:4180} INFO - Setting next_dagrun for read_dataset_event to 2026-05-17 00:00:00+00:00, run_after=2026-05-18 00:00:00+00:00
[2026-05-18T07:10:20.852+0000] {logging_mixin.py:190} INFO - [2026-05-18T07:10:20.852+0000] {dag.py:4180} INFO - Setting next_dagrun for read_dataset_event_from_classic to 2026-05-17 00:00:00+00:00, run_after=2026-05-18 00:00:00+00:00
[2026-05-18T07:10:20.882+0000] {processor.py:208} INFO - Processing /home/noelsdavid/airflow_venv/lib/python3.12/site-packages/airflow/example_dags/example_inlet_event_extra.py took 0.130 seconds
[2026-05-18T07:11:34.762+0000] {processor.py:186} INFO - Started process (PID=17102) to work on /home/noelsdavid/airflow_venv/lib/python3.12/site-packages/airflow/example_dags/example_inlet_event_extra.py
[2026-05-18T07:11:34.772+0000] {processor.py:914} INFO - Processing file /home/noelsdavid/airflow_venv/lib/python3.12/site-packages/airflow/example_dags/example_inlet_event_extra.py for tasks to queue
[2026-05-18T07:11:34.774+0000] {logging_mixin.py:190} INFO - [2026-05-18T07:11:34.774+0000] {dagbag.py:588} INFO - Filling up the DagBag from /home/noelsdavid/airflow_venv/lib/python3.12/site-packages/airflow/example_dags/example_inlet_event_extra.py
[2026-05-18T07:11:34.794+0000] {processor.py:925} INFO - DAG(s) 'read_dataset_event', 'read_dataset_event_from_classic' retrieved from /home/noelsdavid/airflow_venv/lib/python3.12/site-packages/airflow/example_dags/example_inlet_event_extra.py
[2026-05-18T07:11:34.819+0000] {logging_mixin.py:190} INFO - [2026-05-18T07:11:34.819+0000] {dag.py:3239} INFO - Sync 2 DAGs
[2026-05-18T07:11:34.849+0000] {logging_mixin.py:190} INFO - [2026-05-18T07:11:34.849+0000] {dag.py:4180} INFO - Setting next_dagrun for read_dataset_event to 2026-05-17 00:00:00+00:00, run_after=2026-05-18 00:00:00+00:00
[2026-05-18T07:11:34.855+0000] {logging_mixin.py:190} INFO - [2026-05-18T07:11:34.855+0000] {dag.py:4180} INFO - Setting next_dagrun for read_dataset_event_from_classic to 2026-05-17 00:00:00+00:00, run_after=2026-05-18 00:00:00+00:00
[2026-05-18T07:11:34.884+0000] {processor.py:208} INFO - Processing /home/noelsdavid/airflow_venv/lib/python3.12/site-packages/airflow/example_dags/example_inlet_event_extra.py took 0.133 seconds
[2026-05-18T07:12:48.965+0000] {processor.py:186} INFO - Started process (PID=17181) to work on /home/noelsdavid/airflow_venv/lib/python3.12/site-packages/airflow/example_dags/example_inlet_event_extra.py
[2026-05-18T07:12:48.967+0000] {processor.py:914} INFO - Processing file /home/noelsdavid/airflow_venv/lib/python3.12/site-packages/airflow/example_dags/example_inlet_event_extra.py for tasks to queue
[2026-05-18T07:12:48.970+0000] {logging_mixin.py:190} INFO - [2026-05-18T07:12:48.969+0000] {dagbag.py:588} INFO - Filling up the DagBag from /home/noelsdavid/airflow_venv/lib/python3.12/site-packages/airflow/example_dags/example_inlet_event_extra.py
[2026-05-18T07:12:48.988+0000] {processor.py:925} INFO - DAG(s) 'read_dataset_event', 'read_dataset_event_from_classic' retrieved from /home/noelsdavid/airflow_venv/lib/python3.12/site-packages/airflow/example_dags/example_inlet_event_extra.py
[2026-05-18T07:12:49.015+0000] {logging_mixin.py:190} INFO - [2026-05-18T07:12:49.014+0000] {dag.py:3239} INFO - Sync 2 DAGs
[2026-05-18T07:12:49.045+0000] {logging_mixin.py:190} INFO - [2026-05-18T07:12:49.045+0000] {dag.py:4180} INFO - Setting next_dagrun for read_dataset_event to 2026-05-17 00:00:00+00:00, run_after=2026-05-18 00:00:00+00:00
[2026-05-18T07:12:49.052+0000] {logging_mixin.py:190} INFO - [2026-05-18T07:12:49.051+0000] {dag.py:4180} INFO - Setting next_dagrun for read_dataset_event_from_classic to 2026-05-17 00:00:00+00:00, run_after=2026-05-18 00:00:00+00:00
[2026-05-18T07:12:49.081+0000] {processor.py:208} INFO - Processing /home/noelsdavid/airflow_venv/lib/python3.12/site-packages/airflow/example_dags/example_inlet_event_extra.py took 0.128 seconds
[2026-05-18T07:14:04.387+0000] {processor.py:186} INFO - Started process (PID=17261) to work on /home/noelsdavid/airflow_venv/lib/python3.12/site-packages/airflow/example_dags/example_inlet_event_extra.py
[2026-05-18T07:14:04.390+0000] {processor.py:914} INFO - Processing file /home/noelsdavid/airflow_venv/lib/python3.12/site-packages/airflow/example_dags/example_inlet_event_extra.py for tasks to queue
[2026-05-18T07:14:04.392+0000] {logging_mixin.py:190} INFO - [2026-05-18T07:14:04.391+0000] {dagbag.py:588} INFO - Filling up the DagBag from /home/noelsdavid/airflow_venv/lib/python3.12/site-packages/airflow/example_dags/example_inlet_event_extra.py
[2026-05-18T07:14:04.413+0000] {processor.py:925} INFO - DAG(s) 'read_dataset_event_from_classic', 'read_dataset_event' retrieved from /home/noelsdavid/airflow_venv/lib/python3.12/site-packages/airflow/example_dags/example_inlet_event_extra.py
[2026-05-18T07:14:04.439+0000] {logging_mixin.py:190} INFO - [2026-05-18T07:14:04.439+0000] {dag.py:3239} INFO - Sync 2 DAGs
[2026-05-18T07:14:04.470+0000] {logging_mixin.py:190} INFO - [2026-05-18T07:14:04.470+0000] {dag.py:4180} INFO - Setting next_dagrun for read_dataset_event to 2026-05-17 00:00:00+00:00, run_after=2026-05-18 00:00:00+00:00
[2026-05-18T07:14:04.476+0000] {logging_mixin.py:190} INFO - [2026-05-18T07:14:04.476+0000] {dag.py:4180} INFO - Setting next_dagrun for read_dataset_event_from_classic to 2026-05-17 00:00:00+00:00, run_after=2026-05-18 00:00:00+00:00
[2026-05-18T07:14:04.507+0000] {processor.py:208} INFO - Processing /home/noelsdavid/airflow_venv/lib/python3.12/site-packages/airflow/example_dags/example_inlet_event_extra.py took 0.133 seconds
[2026-05-18T07:15:13.814+0000] {processor.py:186} INFO - Started process (PID=17350) to work on /home/noelsdavid/airflow_venv/lib/python3.12/site-packages/airflow/example_dags/example_inlet_event_extra.py
[2026-05-18T07:15:13.817+0000] {processor.py:914} INFO - Processing file /home/noelsdavid/airflow_venv/lib/python3.12/site-packages/airflow/example_dags/example_inlet_event_extra.py for tasks to queue
[2026-05-18T07:15:13.819+0000] {logging_mixin.py:190} INFO - [2026-05-18T07:15:13.818+0000] {dagbag.py:588} INFO - Filling up the DagBag from /home/noelsdavid/airflow_venv/lib/python3.12/site-packages/airflow/example_dags/example_inlet_event_extra.py
[2026-05-18T07:15:13.839+0000] {processor.py:925} INFO - DAG(s) 'read_dataset_event_from_classic', 'read_dataset_event' retrieved from /home/noelsdavid/airflow_venv/lib/python3.12/site-packages/airflow/example_dags/example_inlet_event_extra.py
[2026-05-18T07:15:13.864+0000] {logging_mixin.py:190} INFO - [2026-05-18T07:15:13.864+0000] {dag.py:3239} INFO - Sync 2 DAGs
[2026-05-18T07:15:13.893+0000] {logging_mixin.py:190} INFO - [2026-05-18T07:15:13.893+0000] {dag.py:4180} INFO - Setting next_dagrun for read_dataset_event to 2026-05-17 00:00:00+00:00, run_after=2026-05-18 00:00:00+00:00
[2026-05-18T07:15:13.899+0000] {logging_mixin.py:190} INFO - [2026-05-18T07:15:13.899+0000] {dag.py:4180} INFO - Setting next_dagrun for read_dataset_event_from_classic to 2026-05-17 00:00:00+00:00, run_after=2026-05-18 00:00:00+00:00
[2026-05-18T07:15:13.927+0000] {processor.py:208} INFO - Processing /home/noelsdavid/airflow_venv/lib/python3.12/site-packages/airflow/example_dags/example_inlet_event_extra.py took 0.124 seconds
[2026-05-18T07:16:32.506+0000] {processor.py:186} INFO - Started process (PID=17443) to work on /home/noelsdavid/airflow_venv/lib/python3.12/site-packages/airflow/example_dags/example_inlet_event_extra.py
[2026-05-18T07:16:32.509+0000] {processor.py:914} INFO - Processing file /home/noelsdavid/airflow_venv/lib/python3.12/site-packages/airflow/example_dags/example_inlet_event_extra.py for tasks to queue
[2026-05-18T07:16:32.511+0000] {logging_mixin.py:190} INFO - [2026-05-18T07:16:32.510+0000] {dagbag.py:588} INFO - Filling up the DagBag from /home/noelsdavid/airflow_venv/lib/python3.12/site-packages/airflow/example_dags/example_inlet_event_extra.py
[2026-05-18T07:16:32.532+0000] {processor.py:925} INFO - DAG(s) 'read_dataset_event', 'read_dataset_event_from_classic' retrieved from /home/noelsdavid/airflow_venv/lib/python3.12/site-packages/airflow/example_dags/example_inlet_event_extra.py
[2026-05-18T07:16:32.558+0000] {logging_mixin.py:190} INFO - [2026-05-18T07:16:32.557+0000] {dag.py:3239} INFO - Sync 2 DAGs
[2026-05-18T07:16:32.589+0000] {logging_mixin.py:190} INFO - [2026-05-18T07:16:32.589+0000] {dag.py:4180} INFO - Setting next_dagrun for read_dataset_event to 2026-05-17 00:00:00+00:00, run_after=2026-05-18 00:00:00+00:00
[2026-05-18T07:16:32.597+0000] {logging_mixin.py:190} INFO - [2026-05-18T07:16:32.596+0000] {dag.py:4180} INFO - Setting next_dagrun for read_dataset_event_from_classic to 2026-05-17 00:00:00+00:00, run_after=2026-05-18 00:00:00+00:00
[2026-05-18T07:16:32.629+0000] {processor.py:208} INFO - Processing /home/noelsdavid/airflow_venv/lib/python3.12/site-packages/airflow/example_dags/example_inlet_event_extra.py took 0.133 seconds
[2026-05-18T07:17:49.287+0000] {processor.py:186} INFO - Started process (PID=17525) to work on /home/noelsdavid/airflow_venv/lib/python3.12/site-packages/airflow/example_dags/example_inlet_event_extra.py
[2026-05-18T07:17:49.289+0000] {processor.py:914} INFO - Processing file /home/noelsdavid/airflow_venv/lib/python3.12/site-packages/airflow/example_dags/example_inlet_event_extra.py for tasks to queue
[2026-05-18T07:17:49.292+0000] {logging_mixin.py:190} INFO - [2026-05-18T07:17:49.291+0000] {dagbag.py:588} INFO - Filling up the DagBag from /home/noelsdavid/airflow_venv/lib/python3.12/site-packages/airflow/example_dags/example_inlet_event_extra.py
[2026-05-18T07:17:49.311+0000] {processor.py:925} INFO - DAG(s) 'read_dataset_event', 'read_dataset_event_from_classic' retrieved from /home/noelsdavid/airflow_venv/lib/python3.12/site-packages/airflow/example_dags/example_inlet_event_extra.py
[2026-05-18T07:17:49.335+0000] {logging_mixin.py:190} INFO - [2026-05-18T07:17:49.335+0000] {dag.py:3239} INFO - Sync 2 DAGs
[2026-05-18T07:17:49.364+0000] {logging_mixin.py:190} INFO - [2026-05-18T07:17:49.364+0000] {dag.py:4180} INFO - Setting next_dagrun for read_dataset_event to 2026-05-17 00:00:00+00:00, run_after=2026-05-18 00:00:00+00:00
[2026-05-18T07:17:49.370+0000] {logging_mixin.py:190} INFO - [2026-05-18T07:17:49.370+0000] {dag.py:4180} INFO - Setting next_dagrun for read_dataset_event_from_classic to 2026-05-17 00:00:00+00:00, run_after=2026-05-18 00:00:00+00:00
[2026-05-18T07:17:49.401+0000] {processor.py:208} INFO - Processing /home/noelsdavid/airflow_venv/lib/python3.12/site-packages/airflow/example_dags/example_inlet_event_extra.py took 0.125 seconds
[2026-05-18T07:18:56.028+0000] {processor.py:186} INFO - Started process (PID=17601) to work on /home/noelsdavid/airflow_venv/lib/python3.12/site-packages/airflow/example_dags/example_inlet_event_extra.py
[2026-05-18T07:18:56.030+0000] {processor.py:914} INFO - Processing file /home/noelsdavid/airflow_venv/lib/python3.12/site-packages/airflow/example_dags/example_inlet_event_extra.py for tasks to queue
[2026-05-18T07:18:56.032+0000] {logging_mixin.py:190} INFO - [2026-05-18T07:18:56.032+0000] {dagbag.py:588} INFO - Filling up the DagBag from /home/noelsdavid/airflow_venv/lib/python3.12/site-packages/airflow/example_dags/example_inlet_event_extra.py
[2026-05-18T07:18:56.051+0000] {processor.py:925} INFO - DAG(s) 'read_dataset_event', 'read_dataset_event_from_classic' retrieved from /home/noelsdavid/airflow_venv/lib/python3.12/site-packages/airflow/example_dags/example_inlet_event_extra.py
[2026-05-18T07:18:56.076+0000] {logging_mixin.py:190} INFO - [2026-05-18T07:18:56.075+0000] {dag.py:3239} INFO - Sync 2 DAGs
[2026-05-18T07:18:56.105+0000] {logging_mixin.py:190} INFO - [2026-05-18T07:18:56.105+0000] {dag.py:4180} INFO - Setting next_dagrun for read_dataset_event to 2026-05-17 00:00:00+00:00, run_after=2026-05-18 00:00:00+00:00
[2026-05-18T07:18:56.111+0000] {logging_mixin.py:190} INFO - [2026-05-18T07:18:56.111+0000] {dag.py:4180} INFO - Setting next_dagrun for read_dataset_event_from_classic to 2026-05-17 00:00:00+00:00, run_after=2026-05-18 00:00:00+00:00
[2026-05-18T07:18:56.144+0000] {processor.py:208} INFO - Processing /home/noelsdavid/airflow_venv/lib/python3.12/site-packages/airflow/example_dags/example_inlet_event_extra.py took 0.126 seconds
[2026-05-18T07:20:07.496+0000] {processor.py:186} INFO - Started process (PID=17679) to work on /home/noelsdavid/airflow_venv/lib/python3.12/site-packages/airflow/example_dags/example_inlet_event_extra.py
[2026-05-18T07:20:07.498+0000] {processor.py:914} INFO - Processing file /home/noelsdavid/airflow_venv/lib/python3.12/site-packages/airflow/example_dags/example_inlet_event_extra.py for tasks to queue
[2026-05-18T07:20:07.500+0000] {logging_mixin.py:190} INFO - [2026-05-18T07:20:07.500+0000] {dagbag.py:588} INFO - Filling up the DagBag from /home/noelsdavid/airflow_venv/lib/python3.12/site-packages/airflow/example_dags/example_inlet_event_extra.py
[2026-05-18T07:20:07.520+0000] {processor.py:925} INFO - DAG(s) 'read_dataset_event', 'read_dataset_event_from_classic' retrieved from /home/noelsdavid/airflow_venv/lib/python3.12/site-packages/airflow/example_dags/example_inlet_event_extra.py
[2026-05-18T07:20:07.550+0000] {logging_mixin.py:190} INFO - [2026-05-18T07:20:07.550+0000] {dag.py:3239} INFO - Sync 2 DAGs
[2026-05-18T07:20:07.579+0000] {logging_mixin.py:190} INFO - [2026-05-18T07:20:07.579+0000] {dag.py:4180} INFO - Setting next_dagrun for read_dataset_event to 2026-05-17 00:00:00+00:00, run_after=2026-05-18 00:00:00+00:00
[2026-05-18T07:20:07.585+0000] {logging_mixin.py:190} INFO - [2026-05-18T07:20:07.585+0000] {dag.py:4180} INFO - Setting next_dagrun for read_dataset_event_from_classic to 2026-05-17 00:00:00+00:00, run_after=2026-05-18 00:00:00+00:00
[2026-05-18T07:20:07.615+0000] {processor.py:208} INFO - Processing /home/noelsdavid/airflow_venv/lib/python3.12/site-packages/airflow/example_dags/example_inlet_event_extra.py took 0.131 seconds
[2026-05-18T07:21:20.017+0000] {processor.py:186} INFO - Started process (PID=17782) to work on /home/noelsdavid/airflow_venv/lib/python3.12/site-packages/airflow/example_dags/example_inlet_event_extra.py
[2026-05-18T07:21:20.019+0000] {processor.py:914} INFO - Processing file /home/noelsdavid/airflow_venv/lib/python3.12/site-packages/airflow/example_dags/example_inlet_event_extra.py for tasks to queue
[2026-05-18T07:21:20.021+0000] {logging_mixin.py:190} INFO - [2026-05-18T07:21:20.020+0000] {dagbag.py:588} INFO - Filling up the DagBag from /home/noelsdavid/airflow_venv/lib/python3.12/site-packages/airflow/example_dags/example_inlet_event_extra.py
[2026-05-18T07:21:20.039+0000] {processor.py:925} INFO - DAG(s) 'read_dataset_event', 'read_dataset_event_from_classic' retrieved from /home/noelsdavid/airflow_venv/lib/python3.12/site-packages/airflow/example_dags/example_inlet_event_extra.py
[2026-05-18T07:21:20.064+0000] {logging_mixin.py:190} INFO - [2026-05-18T07:21:20.063+0000] {dag.py:3239} INFO - Sync 2 DAGs
[2026-05-18T07:21:20.093+0000] {logging_mixin.py:190} INFO - [2026-05-18T07:21:20.093+0000] {dag.py:4180} INFO - Setting next_dagrun for read_dataset_event to 2026-05-17 00:00:00+00:00, run_after=2026-05-18 00:00:00+00:00
[2026-05-18T07:21:20.099+0000] {logging_mixin.py:190} INFO - [2026-05-18T07:21:20.099+0000] {dag.py:4180} INFO - Setting next_dagrun for read_dataset_event_from_classic to 2026-05-17 00:00:00+00:00, run_after=2026-05-18 00:00:00+00:00
[2026-05-18T07:21:20.129+0000] {processor.py:208} INFO - Processing /home/noelsdavid/airflow_venv/lib/python3.12/site-packages/airflow/example_dags/example_inlet_event_extra.py took 0.122 seconds
[2026-05-18T07:22:31.504+0000] {processor.py:186} INFO - Started process (PID=17864) to work on /home/noelsdavid/airflow_venv/lib/python3.12/site-packages/airflow/example_dags/example_inlet_event_extra.py
[2026-05-18T07:22:31.507+0000] {processor.py:914} INFO - Processing file /home/noelsdavid/airflow_venv/lib/python3.12/site-packages/airflow/example_dags/example_inlet_event_extra.py for tasks to queue
[2026-05-18T07:22:31.509+0000] {logging_mixin.py:190} INFO - [2026-05-18T07:22:31.509+0000] {dagbag.py:588} INFO - Filling up the DagBag from /home/noelsdavid/airflow_venv/lib/python3.12/site-packages/airflow/example_dags/example_inlet_event_extra.py
[2026-05-18T07:22:31.527+0000] {processor.py:925} INFO - DAG(s) 'read_dataset_event', 'read_dataset_event_from_classic' retrieved from /home/noelsdavid/airflow_venv/lib/python3.12/site-packages/airflow/example_dags/example_inlet_event_extra.py
[2026-05-18T07:22:31.552+0000] {logging_mixin.py:190} INFO - [2026-05-18T07:22:31.552+0000] {dag.py:3239} INFO - Sync 2 DAGs
[2026-05-18T07:22:31.582+0000] {logging_mixin.py:190} INFO - [2026-05-18T07:22:31.582+0000] {dag.py:4180} INFO - Setting next_dagrun for read_dataset_event to 2026-05-17 00:00:00+00:00, run_after=2026-05-18 00:00:00+00:00
[2026-05-18T07:22:31.589+0000] {logging_mixin.py:190} INFO - [2026-05-18T07:22:31.588+0000] {dag.py:4180} INFO - Setting next_dagrun for read_dataset_event_from_classic to 2026-05-17 00:00:00+00:00, run_after=2026-05-18 00:00:00+00:00
[2026-05-18T07:22:31.617+0000] {processor.py:208} INFO - Processing /home/noelsdavid/airflow_venv/lib/python3.12/site-packages/airflow/example_dags/example_inlet_event_extra.py took 0.123 seconds
[2026-05-18T07:23:45.082+0000] {processor.py:186} INFO - Started process (PID=17943) to work on /home/noelsdavid/airflow_venv/lib/python3.12/site-packages/airflow/example_dags/example_inlet_event_extra.py
[2026-05-18T07:23:45.085+0000] {processor.py:914} INFO - Processing file /home/noelsdavid/airflow_venv/lib/python3.12/site-packages/airflow/example_dags/example_inlet_event_extra.py for tasks to queue
[2026-05-18T07:23:45.087+0000] {logging_mixin.py:190} INFO - [2026-05-18T07:23:45.086+0000] {dagbag.py:588} INFO - Filling up the DagBag from /home/noelsdavid/airflow_venv/lib/python3.12/site-packages/airflow/example_dags/example_inlet_event_extra.py
[2026-05-18T07:23:45.111+0000] {processor.py:925} INFO - DAG(s) 'read_dataset_event', 'read_dataset_event_from_classic' retrieved from /home/noelsdavid/airflow_venv/lib/python3.12/site-packages/airflow/example_dags/example_inlet_event_extra.py
[2026-05-18T07:23:45.139+0000] {logging_mixin.py:190} INFO - [2026-05-18T07:23:45.139+0000] {dag.py:3239} INFO - Sync 2 DAGs
[2026-05-18T07:23:45.190+0000] {logging_mixin.py:190} INFO - [2026-05-18T07:23:45.189+0000] {dag.py:4180} INFO - Setting next_dagrun for read_dataset_event to 2026-05-17 00:00:00+00:00, run_after=2026-05-18 00:00:00+00:00
[2026-05-18T07:23:45.205+0000] {logging_mixin.py:190} INFO - [2026-05-18T07:23:45.204+0000] {dag.py:4180} INFO - Setting next_dagrun for read_dataset_event_from_classic to 2026-05-17 00:00:00+00:00, run_after=2026-05-18 00:00:00+00:00
[2026-05-18T07:23:45.254+0000] {processor.py:208} INFO - Processing /home/noelsdavid/airflow_venv/lib/python3.12/site-packages/airflow/example_dags/example_inlet_event_extra.py took 0.183 seconds
[2026-05-18T07:24:57.891+0000] {processor.py:186} INFO - Started process (PID=18023) to work on /home/noelsdavid/airflow_venv/lib/python3.12/site-packages/airflow/example_dags/example_inlet_event_extra.py
[2026-05-18T07:24:57.895+0000] {processor.py:914} INFO - Processing file /home/noelsdavid/airflow_venv/lib/python3.12/site-packages/airflow/example_dags/example_inlet_event_extra.py for tasks to queue
[2026-05-18T07:24:57.897+0000] {logging_mixin.py:190} INFO - [2026-05-18T07:24:57.896+0000] {dagbag.py:588} INFO - Filling up the DagBag from /home/noelsdavid/airflow_venv/lib/python3.12/site-packages/airflow/example_dags/example_inlet_event_extra.py
[2026-05-18T07:24:57.916+0000] {processor.py:925} INFO - DAG(s) 'read_dataset_event', 'read_dataset_event_from_classic' retrieved from /home/noelsdavid/airflow_venv/lib/python3.12/site-packages/airflow/example_dags/example_inlet_event_extra.py
[2026-05-18T07:24:57.940+0000] {logging_mixin.py:190} INFO - [2026-05-18T07:24:57.940+0000] {dag.py:3239} INFO - Sync 2 DAGs
[2026-05-18T07:24:57.970+0000] {logging_mixin.py:190} INFO - [2026-05-18T07:24:57.970+0000] {dag.py:4180} INFO - Setting next_dagrun for read_dataset_event to 2026-05-17 00:00:00+00:00, run_after=2026-05-18 00:00:00+00:00
[2026-05-18T07:24:57.976+0000] {logging_mixin.py:190} INFO - [2026-05-18T07:24:57.976+0000] {dag.py:4180} INFO - Setting next_dagrun for read_dataset_event_from_classic to 2026-05-17 00:00:00+00:00, run_after=2026-05-18 00:00:00+00:00
[2026-05-18T07:24:58.005+0000] {processor.py:208} INFO - Processing /home/noelsdavid/airflow_venv/lib/python3.12/site-packages/airflow/example_dags/example_inlet_event_extra.py took 0.124 seconds
[2026-05-18T07:26:03.479+0000] {processor.py:186} INFO - Started process (PID=18119) to work on /home/noelsdavid/airflow_venv/lib/python3.12/site-packages/airflow/example_dags/example_inlet_event_extra.py
[2026-05-18T07:26:03.482+0000] {processor.py:914} INFO - Processing file /home/noelsdavid/airflow_venv/lib/python3.12/site-packages/airflow/example_dags/example_inlet_event_extra.py for tasks to queue
[2026-05-18T07:26:03.484+0000] {logging_mixin.py:190} INFO - [2026-05-18T07:26:03.483+0000] {dagbag.py:588} INFO - Filling up the DagBag from /home/noelsdavid/airflow_venv/lib/python3.12/site-packages/airflow/example_dags/example_inlet_event_extra.py
[2026-05-18T07:26:03.503+0000] {processor.py:925} INFO - DAG(s) 'read_dataset_event', 'read_dataset_event_from_classic' retrieved from /home/noelsdavid/airflow_venv/lib/python3.12/site-packages/airflow/example_dags/example_inlet_event_extra.py
[2026-05-18T07:26:03.529+0000] {logging_mixin.py:190} INFO - [2026-05-18T07:26:03.529+0000] {dag.py:3239} INFO - Sync 2 DAGs
[2026-05-18T07:26:03.563+0000] {logging_mixin.py:190} INFO - [2026-05-18T07:26:03.562+0000] {dag.py:4180} INFO - Setting next_dagrun for read_dataset_event to 2026-05-17 00:00:00+00:00, run_after=2026-05-18 00:00:00+00:00
[2026-05-18T07:26:03.569+0000] {logging_mixin.py:190} INFO - [2026-05-18T07:26:03.569+0000] {dag.py:4180} INFO - Setting next_dagrun for read_dataset_event_from_classic to 2026-05-17 00:00:00+00:00, run_after=2026-05-18 00:00:00+00:00
[2026-05-18T07:26:03.601+0000] {processor.py:208} INFO - Processing /home/noelsdavid/airflow_venv/lib/python3.12/site-packages/airflow/example_dags/example_inlet_event_extra.py took 0.132 seconds
[2026-05-18T07:27:13.923+0000] {processor.py:186} INFO - Started process (PID=18196) to work on /home/noelsdavid/airflow_venv/lib/python3.12/site-packages/airflow/example_dags/example_inlet_event_extra.py
[2026-05-18T07:27:13.938+0000] {processor.py:914} INFO - Processing file /home/noelsdavid/airflow_venv/lib/python3.12/site-packages/airflow/example_dags/example_inlet_event_extra.py for tasks to queue
[2026-05-18T07:27:13.940+0000] {logging_mixin.py:190} INFO - [2026-05-18T07:27:13.940+0000] {dagbag.py:588} INFO - Filling up the DagBag from /home/noelsdavid/airflow_venv/lib/python3.12/site-packages/airflow/example_dags/example_inlet_event_extra.py
[2026-05-18T07:27:13.960+0000] {processor.py:925} INFO - DAG(s) 'read_dataset_event_from_classic', 'read_dataset_event' retrieved from /home/noelsdavid/airflow_venv/lib/python3.12/site-packages/airflow/example_dags/example_inlet_event_extra.py
[2026-05-18T07:27:13.986+0000] {logging_mixin.py:190} INFO - [2026-05-18T07:27:13.985+0000] {dag.py:3239} INFO - Sync 2 DAGs
[2026-05-18T07:27:14.015+0000] {logging_mixin.py:190} INFO - [2026-05-18T07:27:14.015+0000] {dag.py:4180} INFO - Setting next_dagrun for read_dataset_event to 2026-05-17 00:00:00+00:00, run_after=2026-05-18 00:00:00+00:00
[2026-05-18T07:27:14.021+0000] {logging_mixin.py:190} INFO - [2026-05-18T07:27:14.020+0000] {dag.py:4180} INFO - Setting next_dagrun for read_dataset_event_from_classic to 2026-05-17 00:00:00+00:00, run_after=2026-05-18 00:00:00+00:00
[2026-05-18T07:27:14.050+0000] {processor.py:208} INFO - Processing /home/noelsdavid/airflow_venv/lib/python3.12/site-packages/airflow/example_dags/example_inlet_event_extra.py took 0.139 seconds
[2026-05-18T07:28:24.498+0000] {processor.py:186} INFO - Started process (PID=18274) to work on /home/noelsdavid/airflow_venv/lib/python3.12/site-packages/airflow/example_dags/example_inlet_event_extra.py
[2026-05-18T07:28:24.501+0000] {processor.py:914} INFO - Processing file /home/noelsdavid/airflow_venv/lib/python3.12/site-packages/airflow/example_dags/example_inlet_event_extra.py for tasks to queue
[2026-05-18T07:28:24.503+0000] {logging_mixin.py:190} INFO - [2026-05-18T07:28:24.502+0000] {dagbag.py:588} INFO - Filling up the DagBag from /home/noelsdavid/airflow_venv/lib/python3.12/site-packages/airflow/example_dags/example_inlet_event_extra.py
[2026-05-18T07:28:24.521+0000] {processor.py:925} INFO - DAG(s) 'read_dataset_event_from_classic', 'read_dataset_event' retrieved from /home/noelsdavid/airflow_venv/lib/python3.12/site-packages/airflow/example_dags/example_inlet_event_extra.py
[2026-05-18T07:28:24.547+0000] {logging_mixin.py:190} INFO - [2026-05-18T07:28:24.547+0000] {dag.py:3239} INFO - Sync 2 DAGs
[2026-05-18T07:28:24.579+0000] {logging_mixin.py:190} INFO - [2026-05-18T07:28:24.579+0000] {dag.py:4180} INFO - Setting next_dagrun for read_dataset_event to 2026-05-17 00:00:00+00:00, run_after=2026-05-18 00:00:00+00:00
[2026-05-18T07:28:24.586+0000] {logging_mixin.py:190} INFO - [2026-05-18T07:28:24.585+0000] {dag.py:4180} INFO - Setting next_dagrun for read_dataset_event_from_classic to 2026-05-17 00:00:00+00:00, run_after=2026-05-18 00:00:00+00:00
[2026-05-18T07:28:24.616+0000] {processor.py:208} INFO - Processing /home/noelsdavid/airflow_venv/lib/python3.12/site-packages/airflow/example_dags/example_inlet_event_extra.py took 0.130 seconds
[2026-05-18T07:29:37.543+0000] {processor.py:186} INFO - Started process (PID=18353) to work on /home/noelsdavid/airflow_venv/lib/python3.12/site-packages/airflow/example_dags/example_inlet_event_extra.py
[2026-05-18T07:29:37.546+0000] {processor.py:914} INFO - Processing file /home/noelsdavid/airflow_venv/lib/python3.12/site-packages/airflow/example_dags/example_inlet_event_extra.py for tasks to queue
[2026-05-18T07:29:37.548+0000] {logging_mixin.py:190} INFO - [2026-05-18T07:29:37.547+0000] {dagbag.py:588} INFO - Filling up the DagBag from /home/noelsdavid/airflow_venv/lib/python3.12/site-packages/airflow/example_dags/example_inlet_event_extra.py
[2026-05-18T07:29:37.566+0000] {processor.py:925} INFO - DAG(s) 'read_dataset_event', 'read_dataset_event_from_classic' retrieved from /home/noelsdavid/airflow_venv/lib/python3.12/site-packages/airflow/example_dags/example_inlet_event_extra.py
[2026-05-18T07:29:37.592+0000] {logging_mixin.py:190} INFO - [2026-05-18T07:29:37.592+0000] {dag.py:3239} INFO - Sync 2 DAGs
[2026-05-18T07:29:37.622+0000] {logging_mixin.py:190} INFO - [2026-05-18T07:29:37.622+0000] {dag.py:4180} INFO - Setting next_dagrun for read_dataset_event to 2026-05-17 00:00:00+00:00, run_after=2026-05-18 00:00:00+00:00
[2026-05-18T07:29:37.628+0000] {logging_mixin.py:190} INFO - [2026-05-18T07:29:37.628+0000] {dag.py:4180} INFO - Setting next_dagrun for read_dataset_event_from_classic to 2026-05-17 00:00:00+00:00, run_after=2026-05-18 00:00:00+00:00
[2026-05-18T07:29:37.657+0000] {processor.py:208} INFO - Processing /home/noelsdavid/airflow_venv/lib/python3.12/site-packages/airflow/example_dags/example_inlet_event_extra.py took 0.124 seconds
[2026-05-18T07:30:48.111+0000] {processor.py:186} INFO - Started process (PID=18460) to work on /home/noelsdavid/airflow_venv/lib/python3.12/site-packages/airflow/example_dags/example_inlet_event_extra.py
[2026-05-18T07:30:48.113+0000] {processor.py:914} INFO - Processing file /home/noelsdavid/airflow_venv/lib/python3.12/site-packages/airflow/example_dags/example_inlet_event_extra.py for tasks to queue
[2026-05-18T07:30:48.115+0000] {logging_mixin.py:190} INFO - [2026-05-18T07:30:48.115+0000] {dagbag.py:588} INFO - Filling up the DagBag from /home/noelsdavid/airflow_venv/lib/python3.12/site-packages/airflow/example_dags/example_inlet_event_extra.py
[2026-05-18T07:30:48.134+0000] {processor.py:925} INFO - DAG(s) 'read_dataset_event', 'read_dataset_event_from_classic' retrieved from /home/noelsdavid/airflow_venv/lib/python3.12/site-packages/airflow/example_dags/example_inlet_event_extra.py
[2026-05-18T07:30:48.160+0000] {logging_mixin.py:190} INFO - [2026-05-18T07:30:48.159+0000] {dag.py:3239} INFO - Sync 2 DAGs
[2026-05-18T07:30:48.191+0000] {logging_mixin.py:190} INFO - [2026-05-18T07:30:48.191+0000] {dag.py:4180} INFO - Setting next_dagrun for read_dataset_event to 2026-05-17 00:00:00+00:00, run_after=2026-05-18 00:00:00+00:00
[2026-05-18T07:30:48.198+0000] {logging_mixin.py:190} INFO - [2026-05-18T07:30:48.197+0000] {dag.py:4180} INFO - Setting next_dagrun for read_dataset_event_from_classic to 2026-05-17 00:00:00+00:00, run_after=2026-05-18 00:00:00+00:00
[2026-05-18T07:30:48.229+0000] {processor.py:208} INFO - Processing /home/noelsdavid/airflow_venv/lib/python3.12/site-packages/airflow/example_dags/example_inlet_event_extra.py took 0.130 seconds
[2026-05-18T07:31:59.400+0000] {processor.py:186} INFO - Started process (PID=18538) to work on /home/noelsdavid/airflow_venv/lib/python3.12/site-packages/airflow/example_dags/example_inlet_event_extra.py
[2026-05-18T07:31:59.403+0000] {processor.py:914} INFO - Processing file /home/noelsdavid/airflow_venv/lib/python3.12/site-packages/airflow/example_dags/example_inlet_event_extra.py for tasks to queue
[2026-05-18T07:31:59.405+0000] {logging_mixin.py:190} INFO - [2026-05-18T07:31:59.404+0000] {dagbag.py:588} INFO - Filling up the DagBag from /home/noelsdavid/airflow_venv/lib/python3.12/site-packages/airflow/example_dags/example_inlet_event_extra.py
[2026-05-18T07:31:59.425+0000] {processor.py:925} INFO - DAG(s) 'read_dataset_event_from_classic', 'read_dataset_event' retrieved from /home/noelsdavid/airflow_venv/lib/python3.12/site-packages/airflow/example_dags/example_inlet_event_extra.py
[2026-05-18T07:31:59.450+0000] {logging_mixin.py:190} INFO - [2026-05-18T07:31:59.450+0000] {dag.py:3239} INFO - Sync 2 DAGs
[2026-05-18T07:31:59.479+0000] {logging_mixin.py:190} INFO - [2026-05-18T07:31:59.479+0000] {dag.py:4180} INFO - Setting next_dagrun for read_dataset_event to 2026-05-17 00:00:00+00:00, run_after=2026-05-18 00:00:00+00:00
[2026-05-18T07:31:59.485+0000] {logging_mixin.py:190} INFO - [2026-05-18T07:31:59.485+0000] {dag.py:4180} INFO - Setting next_dagrun for read_dataset_event_from_classic to 2026-05-17 00:00:00+00:00, run_after=2026-05-18 00:00:00+00:00
[2026-05-18T07:31:59.514+0000] {processor.py:208} INFO - Processing /home/noelsdavid/airflow_venv/lib/python3.12/site-packages/airflow/example_dags/example_inlet_event_extra.py took 0.124 seconds
[2026-05-18T07:33:07.709+0000] {processor.py:186} INFO - Started process (PID=18615) to work on /home/noelsdavid/airflow_venv/lib/python3.12/site-packages/airflow/example_dags/example_inlet_event_extra.py
[2026-05-18T07:33:07.711+0000] {processor.py:914} INFO - Processing file /home/noelsdavid/airflow_venv/lib/python3.12/site-packages/airflow/example_dags/example_inlet_event_extra.py for tasks to queue
[2026-05-18T07:33:07.713+0000] {logging_mixin.py:190} INFO - [2026-05-18T07:33:07.712+0000] {dagbag.py:588} INFO - Filling up the DagBag from /home/noelsdavid/airflow_venv/lib/python3.12/site-packages/airflow/example_dags/example_inlet_event_extra.py
[2026-05-18T07:33:07.731+0000] {processor.py:925} INFO - DAG(s) 'read_dataset_event', 'read_dataset_event_from_classic' retrieved from /home/noelsdavid/airflow_venv/lib/python3.12/site-packages/airflow/example_dags/example_inlet_event_extra.py
[2026-05-18T07:33:07.756+0000] {logging_mixin.py:190} INFO - [2026-05-18T07:33:07.755+0000] {dag.py:3239} INFO - Sync 2 DAGs
[2026-05-18T07:33:07.788+0000] {logging_mixin.py:190} INFO - [2026-05-18T07:33:07.787+0000] {dag.py:4180} INFO - Setting next_dagrun for read_dataset_event to 2026-05-17 00:00:00+00:00, run_after=2026-05-18 00:00:00+00:00
[2026-05-18T07:33:07.793+0000] {logging_mixin.py:190} INFO - [2026-05-18T07:33:07.793+0000] {dag.py:4180} INFO - Setting next_dagrun for read_dataset_event_from_classic to 2026-05-17 00:00:00+00:00, run_after=2026-05-18 00:00:00+00:00
[2026-05-18T07:33:07.822+0000] {processor.py:208} INFO - Processing /home/noelsdavid/airflow_venv/lib/python3.12/site-packages/airflow/example_dags/example_inlet_event_extra.py took 0.125 seconds
[2026-05-18T07:34:17.270+0000] {processor.py:186} INFO - Started process (PID=18691) to work on /home/noelsdavid/airflow_venv/lib/python3.12/site-packages/airflow/example_dags/example_inlet_event_extra.py
[2026-05-18T07:34:17.301+0000] {processor.py:914} INFO - Processing file /home/noelsdavid/airflow_venv/lib/python3.12/site-packages/airflow/example_dags/example_inlet_event_extra.py for tasks to queue
[2026-05-18T07:34:17.303+0000] {logging_mixin.py:190} INFO - [2026-05-18T07:34:17.302+0000] {dagbag.py:588} INFO - Filling up the DagBag from /home/noelsdavid/airflow_venv/lib/python3.12/site-packages/airflow/example_dags/example_inlet_event_extra.py
[2026-05-18T07:34:17.322+0000] {processor.py:925} INFO - DAG(s) 'read_dataset_event', 'read_dataset_event_from_classic' retrieved from /home/noelsdavid/airflow_venv/lib/python3.12/site-packages/airflow/example_dags/example_inlet_event_extra.py
[2026-05-18T07:34:17.347+0000] {logging_mixin.py:190} INFO - [2026-05-18T07:34:17.347+0000] {dag.py:3239} INFO - Sync 2 DAGs
[2026-05-18T07:34:17.378+0000] {logging_mixin.py:190} INFO - [2026-05-18T07:34:17.377+0000] {dag.py:4180} INFO - Setting next_dagrun for read_dataset_event to 2026-05-17 00:00:00+00:00, run_after=2026-05-18 00:00:00+00:00
[2026-05-18T07:34:17.386+0000] {logging_mixin.py:190} INFO - [2026-05-18T07:34:17.385+0000] {dag.py:4180} INFO - Setting next_dagrun for read_dataset_event_from_classic to 2026-05-17 00:00:00+00:00, run_after=2026-05-18 00:00:00+00:00
[2026-05-18T07:34:17.414+0000] {processor.py:208} INFO - Processing /home/noelsdavid/airflow_venv/lib/python3.12/site-packages/airflow/example_dags/example_inlet_event_extra.py took 0.154 seconds
[2026-05-18T07:35:31.836+0000] {processor.py:186} INFO - Started process (PID=18794) to work on /home/noelsdavid/airflow_venv/lib/python3.12/site-packages/airflow/example_dags/example_inlet_event_extra.py
[2026-05-18T07:35:31.838+0000] {processor.py:914} INFO - Processing file /home/noelsdavid/airflow_venv/lib/python3.12/site-packages/airflow/example_dags/example_inlet_event_extra.py for tasks to queue
[2026-05-18T07:35:31.840+0000] {logging_mixin.py:190} INFO - [2026-05-18T07:35:31.839+0000] {dagbag.py:588} INFO - Filling up the DagBag from /home/noelsdavid/airflow_venv/lib/python3.12/site-packages/airflow/example_dags/example_inlet_event_extra.py
[2026-05-18T07:35:31.858+0000] {processor.py:925} INFO - DAG(s) 'read_dataset_event', 'read_dataset_event_from_classic' retrieved from /home/noelsdavid/airflow_venv/lib/python3.12/site-packages/airflow/example_dags/example_inlet_event_extra.py
[2026-05-18T07:35:31.882+0000] {logging_mixin.py:190} INFO - [2026-05-18T07:35:31.882+0000] {dag.py:3239} INFO - Sync 2 DAGs
[2026-05-18T07:35:31.914+0000] {logging_mixin.py:190} INFO - [2026-05-18T07:35:31.914+0000] {dag.py:4180} INFO - Setting next_dagrun for read_dataset_event to 2026-05-17 00:00:00+00:00, run_after=2026-05-18 00:00:00+00:00
[2026-05-18T07:35:31.920+0000] {logging_mixin.py:190} INFO - [2026-05-18T07:35:31.920+0000] {dag.py:4180} INFO - Setting next_dagrun for read_dataset_event_from_classic to 2026-05-17 00:00:00+00:00, run_after=2026-05-18 00:00:00+00:00
[2026-05-18T07:35:31.947+0000] {processor.py:208} INFO - Processing /home/noelsdavid/airflow_venv/lib/python3.12/site-packages/airflow/example_dags/example_inlet_event_extra.py took 0.122 seconds
[2026-05-18T07:36:40.758+0000] {processor.py:186} INFO - Started process (PID=18870) to work on /home/noelsdavid/airflow_venv/lib/python3.12/site-packages/airflow/example_dags/example_inlet_event_extra.py
[2026-05-18T07:36:40.781+0000] {processor.py:914} INFO - Processing file /home/noelsdavid/airflow_venv/lib/python3.12/site-packages/airflow/example_dags/example_inlet_event_extra.py for tasks to queue
[2026-05-18T07:36:40.783+0000] {logging_mixin.py:190} INFO - [2026-05-18T07:36:40.782+0000] {dagbag.py:588} INFO - Filling up the DagBag from /home/noelsdavid/airflow_venv/lib/python3.12/site-packages/airflow/example_dags/example_inlet_event_extra.py
[2026-05-18T07:36:40.803+0000] {processor.py:925} INFO - DAG(s) 'read_dataset_event', 'read_dataset_event_from_classic' retrieved from /home/noelsdavid/airflow_venv/lib/python3.12/site-packages/airflow/example_dags/example_inlet_event_extra.py
[2026-05-18T07:36:40.829+0000] {logging_mixin.py:190} INFO - [2026-05-18T07:36:40.829+0000] {dag.py:3239} INFO - Sync 2 DAGs
[2026-05-18T07:36:40.858+0000] {logging_mixin.py:190} INFO - [2026-05-18T07:36:40.857+0000] {dag.py:4180} INFO - Setting next_dagrun for read_dataset_event to 2026-05-17 00:00:00+00:00, run_after=2026-05-18 00:00:00+00:00
[2026-05-18T07:36:40.865+0000] {logging_mixin.py:190} INFO - [2026-05-18T07:36:40.865+0000] {dag.py:4180} INFO - Setting next_dagrun for read_dataset_event_from_classic to 2026-05-17 00:00:00+00:00, run_after=2026-05-18 00:00:00+00:00
[2026-05-18T07:36:40.894+0000] {processor.py:208} INFO - Processing /home/noelsdavid/airflow_venv/lib/python3.12/site-packages/airflow/example_dags/example_inlet_event_extra.py took 0.147 seconds
[2026-05-18T07:37:51.798+0000] {processor.py:186} INFO - Started process (PID=18948) to work on /home/noelsdavid/airflow_venv/lib/python3.12/site-packages/airflow/example_dags/example_inlet_event_extra.py
[2026-05-18T07:37:51.800+0000] {processor.py:914} INFO - Processing file /home/noelsdavid/airflow_venv/lib/python3.12/site-packages/airflow/example_dags/example_inlet_event_extra.py for tasks to queue
[2026-05-18T07:37:51.803+0000] {logging_mixin.py:190} INFO - [2026-05-18T07:37:51.802+0000] {dagbag.py:588} INFO - Filling up the DagBag from /home/noelsdavid/airflow_venv/lib/python3.12/site-packages/airflow/example_dags/example_inlet_event_extra.py
[2026-05-18T07:37:51.821+0000] {processor.py:925} INFO - DAG(s) 'read_dataset_event', 'read_dataset_event_from_classic' retrieved from /home/noelsdavid/airflow_venv/lib/python3.12/site-packages/airflow/example_dags/example_inlet_event_extra.py
[2026-05-18T07:37:51.846+0000] {logging_mixin.py:190} INFO - [2026-05-18T07:37:51.846+0000] {dag.py:3239} INFO - Sync 2 DAGs
[2026-05-18T07:37:51.876+0000] {logging_mixin.py:190} INFO - [2026-05-18T07:37:51.876+0000] {dag.py:4180} INFO - Setting next_dagrun for read_dataset_event to 2026-05-17 00:00:00+00:00, run_after=2026-05-18 00:00:00+00:00
[2026-05-18T07:37:51.884+0000] {logging_mixin.py:190} INFO - [2026-05-18T07:37:51.884+0000] {dag.py:4180} INFO - Setting next_dagrun for read_dataset_event_from_classic to 2026-05-17 00:00:00+00:00, run_after=2026-05-18 00:00:00+00:00
[2026-05-18T07:37:51.913+0000] {processor.py:208} INFO - Processing /home/noelsdavid/airflow_venv/lib/python3.12/site-packages/airflow/example_dags/example_inlet_event_extra.py took 0.126 seconds
[2026-05-18T07:39:00.202+0000] {processor.py:186} INFO - Started process (PID=19025) to work on /home/noelsdavid/airflow_venv/lib/python3.12/site-packages/airflow/example_dags/example_inlet_event_extra.py
[2026-05-18T07:39:00.205+0000] {processor.py:914} INFO - Processing file /home/noelsdavid/airflow_venv/lib/python3.12/site-packages/airflow/example_dags/example_inlet_event_extra.py for tasks to queue
[2026-05-18T07:39:00.207+0000] {logging_mixin.py:190} INFO - [2026-05-18T07:39:00.206+0000] {dagbag.py:588} INFO - Filling up the DagBag from /home/noelsdavid/airflow_venv/lib/python3.12/site-packages/airflow/example_dags/example_inlet_event_extra.py
[2026-05-18T07:39:00.225+0000] {processor.py:925} INFO - DAG(s) 'read_dataset_event', 'read_dataset_event_from_classic' retrieved from /home/noelsdavid/airflow_venv/lib/python3.12/site-packages/airflow/example_dags/example_inlet_event_extra.py
[2026-05-18T07:39:00.252+0000] {logging_mixin.py:190} INFO - [2026-05-18T07:39:00.251+0000] {dag.py:3239} INFO - Sync 2 DAGs
[2026-05-18T07:39:00.285+0000] {logging_mixin.py:190} INFO - [2026-05-18T07:39:00.285+0000] {dag.py:4180} INFO - Setting next_dagrun for read_dataset_event to 2026-05-17 00:00:00+00:00, run_after=2026-05-18 00:00:00+00:00
[2026-05-18T07:39:00.292+0000] {logging_mixin.py:190} INFO - [2026-05-18T07:39:00.292+0000] {dag.py:4180} INFO - Setting next_dagrun for read_dataset_event_from_classic to 2026-05-17 00:00:00+00:00, run_after=2026-05-18 00:00:00+00:00
[2026-05-18T07:39:00.324+0000] {processor.py:208} INFO - Processing /home/noelsdavid/airflow_venv/lib/python3.12/site-packages/airflow/example_dags/example_inlet_event_extra.py took 0.132 seconds
[2026-05-18T07:40:13.878+0000] {processor.py:186} INFO - Started process (PID=19103) to work on /home/noelsdavid/airflow_venv/lib/python3.12/site-packages/airflow/example_dags/example_inlet_event_extra.py
[2026-05-18T07:40:13.880+0000] {processor.py:914} INFO - Processing file /home/noelsdavid/airflow_venv/lib/python3.12/site-packages/airflow/example_dags/example_inlet_event_extra.py for tasks to queue
[2026-05-18T07:40:13.883+0000] {logging_mixin.py:190} INFO - [2026-05-18T07:40:13.882+0000] {dagbag.py:588} INFO - Filling up the DagBag from /home/noelsdavid/airflow_venv/lib/python3.12/site-packages/airflow/example_dags/example_inlet_event_extra.py
[2026-05-18T07:40:13.905+0000] {processor.py:925} INFO - DAG(s) 'read_dataset_event_from_classic', 'read_dataset_event' retrieved from /home/noelsdavid/airflow_venv/lib/python3.12/site-packages/airflow/example_dags/example_inlet_event_extra.py
[2026-05-18T07:40:13.929+0000] {logging_mixin.py:190} INFO - [2026-05-18T07:40:13.929+0000] {dag.py:3239} INFO - Sync 2 DAGs
[2026-05-18T07:40:13.961+0000] {logging_mixin.py:190} INFO - [2026-05-18T07:40:13.961+0000] {dag.py:4180} INFO - Setting next_dagrun for read_dataset_event to 2026-05-17 00:00:00+00:00, run_after=2026-05-18 00:00:00+00:00
[2026-05-18T07:40:13.968+0000] {logging_mixin.py:190} INFO - [2026-05-18T07:40:13.967+0000] {dag.py:4180} INFO - Setting next_dagrun for read_dataset_event_from_classic to 2026-05-17 00:00:00+00:00, run_after=2026-05-18 00:00:00+00:00
[2026-05-18T07:40:14.000+0000] {processor.py:208} INFO - Processing /home/noelsdavid/airflow_venv/lib/python3.12/site-packages/airflow/example_dags/example_inlet_event_extra.py took 0.133 seconds
