[2026-05-18T06:01:12.158+0000] {processor.py:186} INFO - Started process (PID=6944) to work on /home/noelsdavid/airflow_venv/lib/python3.12/site-packages/airflow/example_dags/example_branch_operator_decorator.py
[2026-05-18T06:01:12.159+0000] {processor.py:914} INFO - Processing file /home/noelsdavid/airflow_venv/lib/python3.12/site-packages/airflow/example_dags/example_branch_operator_decorator.py for tasks to queue
[2026-05-18T06:01:12.162+0000] {logging_mixin.py:190} INFO - [2026-05-18T06:01:12.161+0000] {dagbag.py:588} INFO - Filling up the DagBag from /home/noelsdavid/airflow_venv/lib/python3.12/site-packages/airflow/example_dags/example_branch_operator_decorator.py
[2026-05-18T06:01:12.189+0000] {processor.py:925} INFO - DAG(s) 'example_branch_python_operator_decorator' retrieved from /home/noelsdavid/airflow_venv/lib/python3.12/site-packages/airflow/example_dags/example_branch_operator_decorator.py
[2026-05-18T06:01:12.334+0000] {logging_mixin.py:190} INFO - [2026-05-18T06:01:12.333+0000] {override.py:1911} INFO - Created Permission View: can edit on DAG:example_branch_python_operator_decorator
[2026-05-18T06:01:12.351+0000] {logging_mixin.py:190} INFO - [2026-05-18T06:01:12.351+0000] {override.py:1911} INFO - Created Permission View: can delete on DAG:example_branch_python_operator_decorator
[2026-05-18T06:01:12.365+0000] {logging_mixin.py:190} INFO - [2026-05-18T06:01:12.365+0000] {override.py:1911} INFO - Created Permission View: can read on DAG:example_branch_python_operator_decorator
[2026-05-18T06:01:12.392+0000] {logging_mixin.py:190} INFO - [2026-05-18T06:01:12.391+0000] {override.py:1911} INFO - Created Permission View: can delete on DAG Run:example_branch_python_operator_decorator
[2026-05-18T06:01:12.405+0000] {logging_mixin.py:190} INFO - [2026-05-18T06:01:12.405+0000] {override.py:1911} INFO - Created Permission View: menu access on DAG Run:example_branch_python_operator_decorator
[2026-05-18T06:01:12.419+0000] {logging_mixin.py:190} INFO - [2026-05-18T06:01:12.418+0000] {override.py:1911} INFO - Created Permission View: can create on DAG Run:example_branch_python_operator_decorator
[2026-05-18T06:01:12.432+0000] {logging_mixin.py:190} INFO - [2026-05-18T06:01:12.432+0000] {override.py:1911} INFO - Created Permission View: can read on DAG Run:example_branch_python_operator_decorator
[2026-05-18T06:01:12.433+0000] {logging_mixin.py:190} INFO - [2026-05-18T06:01:12.433+0000] {dag.py:3239} INFO - Sync 1 DAGs
[2026-05-18T06:01:12.448+0000] {logging_mixin.py:190} INFO - [2026-05-18T06:01:12.447+0000] {dag.py:3262} INFO - Creating ORM DAG for example_branch_python_operator_decorator
[2026-05-18T06:01:12.458+0000] {logging_mixin.py:190} INFO - [2026-05-18T06:01:12.458+0000] {dag.py:4180} INFO - Setting next_dagrun for example_branch_python_operator_decorator to 2026-05-17 00:00:00+00:00, run_after=2026-05-18 00:00:00+00:00
[2026-05-18T06:01:12.488+0000] {processor.py:208} INFO - Processing /home/noelsdavid/airflow_venv/lib/python3.12/site-packages/airflow/example_dags/example_branch_operator_decorator.py took 0.337 seconds
[2026-05-18T06:02:19.579+0000] {processor.py:186} INFO - Started process (PID=7010) to work on /home/noelsdavid/airflow_venv/lib/python3.12/site-packages/airflow/example_dags/example_branch_operator_decorator.py
[2026-05-18T06:02:19.581+0000] {processor.py:914} INFO - Processing file /home/noelsdavid/airflow_venv/lib/python3.12/site-packages/airflow/example_dags/example_branch_operator_decorator.py for tasks to queue
[2026-05-18T06:02:19.584+0000] {logging_mixin.py:190} INFO - [2026-05-18T06:02:19.583+0000] {dagbag.py:588} INFO - Filling up the DagBag from /home/noelsdavid/airflow_venv/lib/python3.12/site-packages/airflow/example_dags/example_branch_operator_decorator.py
[2026-05-18T06:02:19.613+0000] {processor.py:925} INFO - DAG(s) 'example_branch_python_operator_decorator' retrieved from /home/noelsdavid/airflow_venv/lib/python3.12/site-packages/airflow/example_dags/example_branch_operator_decorator.py
[2026-05-18T06:02:19.645+0000] {logging_mixin.py:190} INFO - [2026-05-18T06:02:19.645+0000] {dag.py:3239} INFO - Sync 1 DAGs
[2026-05-18T06:02:19.669+0000] {logging_mixin.py:190} INFO - [2026-05-18T06:02:19.669+0000] {dag.py:4180} INFO - Setting next_dagrun for example_branch_python_operator_decorator to 2026-05-17 00:00:00+00:00, run_after=2026-05-18 00:00:00+00:00
[2026-05-18T06:02:19.698+0000] {processor.py:208} INFO - Processing /home/noelsdavid/airflow_venv/lib/python3.12/site-packages/airflow/example_dags/example_branch_operator_decorator.py took 0.127 seconds
[2026-05-18T06:03:18.502+0000] {processor.py:186} INFO - Started process (PID=7067) to work on /home/noelsdavid/airflow_venv/lib/python3.12/site-packages/airflow/example_dags/example_branch_operator_decorator.py
[2026-05-18T06:03:18.505+0000] {processor.py:914} INFO - Processing file /home/noelsdavid/airflow_venv/lib/python3.12/site-packages/airflow/example_dags/example_branch_operator_decorator.py for tasks to queue
[2026-05-18T06:03:18.508+0000] {logging_mixin.py:190} INFO - [2026-05-18T06:03:18.507+0000] {dagbag.py:588} INFO - Filling up the DagBag from /home/noelsdavid/airflow_venv/lib/python3.12/site-packages/airflow/example_dags/example_branch_operator_decorator.py
[2026-05-18T06:03:18.538+0000] {processor.py:925} INFO - DAG(s) 'example_branch_python_operator_decorator' retrieved from /home/noelsdavid/airflow_venv/lib/python3.12/site-packages/airflow/example_dags/example_branch_operator_decorator.py
[2026-05-18T06:03:18.568+0000] {logging_mixin.py:190} INFO - [2026-05-18T06:03:18.568+0000] {dag.py:3239} INFO - Sync 1 DAGs
[2026-05-18T06:03:18.593+0000] {logging_mixin.py:190} INFO - [2026-05-18T06:03:18.593+0000] {dag.py:4180} INFO - Setting next_dagrun for example_branch_python_operator_decorator to 2026-05-17 00:00:00+00:00, run_after=2026-05-18 00:00:00+00:00
[2026-05-18T06:03:18.623+0000] {processor.py:208} INFO - Processing /home/noelsdavid/airflow_venv/lib/python3.12/site-packages/airflow/example_dags/example_branch_operator_decorator.py took 0.128 seconds
[2026-05-18T06:04:19.505+0000] {processor.py:186} INFO - Started process (PID=7127) to work on /home/noelsdavid/airflow_venv/lib/python3.12/site-packages/airflow/example_dags/example_branch_operator_decorator.py
[2026-05-18T06:04:19.507+0000] {processor.py:914} INFO - Processing file /home/noelsdavid/airflow_venv/lib/python3.12/site-packages/airflow/example_dags/example_branch_operator_decorator.py for tasks to queue
[2026-05-18T06:04:19.510+0000] {logging_mixin.py:190} INFO - [2026-05-18T06:04:19.510+0000] {dagbag.py:588} INFO - Filling up the DagBag from /home/noelsdavid/airflow_venv/lib/python3.12/site-packages/airflow/example_dags/example_branch_operator_decorator.py
[2026-05-18T06:04:19.538+0000] {processor.py:925} INFO - DAG(s) 'example_branch_python_operator_decorator' retrieved from /home/noelsdavid/airflow_venv/lib/python3.12/site-packages/airflow/example_dags/example_branch_operator_decorator.py
[2026-05-18T06:04:19.569+0000] {logging_mixin.py:190} INFO - [2026-05-18T06:04:19.569+0000] {dag.py:3239} INFO - Sync 1 DAGs
[2026-05-18T06:04:19.597+0000] {logging_mixin.py:190} INFO - [2026-05-18T06:04:19.597+0000] {dag.py:4180} INFO - Setting next_dagrun for example_branch_python_operator_decorator to 2026-05-17 00:00:00+00:00, run_after=2026-05-18 00:00:00+00:00
[2026-05-18T06:04:19.629+0000] {processor.py:208} INFO - Processing /home/noelsdavid/airflow_venv/lib/python3.12/site-packages/airflow/example_dags/example_branch_operator_decorator.py took 0.131 seconds
[2026-05-18T06:05:24.930+0000] {processor.py:186} INFO - Started process (PID=7214) to work on /home/noelsdavid/airflow_venv/lib/python3.12/site-packages/airflow/example_dags/example_branch_operator_decorator.py
[2026-05-18T06:05:24.932+0000] {processor.py:914} INFO - Processing file /home/noelsdavid/airflow_venv/lib/python3.12/site-packages/airflow/example_dags/example_branch_operator_decorator.py for tasks to queue
[2026-05-18T06:05:24.935+0000] {logging_mixin.py:190} INFO - [2026-05-18T06:05:24.935+0000] {dagbag.py:588} INFO - Filling up the DagBag from /home/noelsdavid/airflow_venv/lib/python3.12/site-packages/airflow/example_dags/example_branch_operator_decorator.py
[2026-05-18T06:05:24.965+0000] {processor.py:925} INFO - DAG(s) 'example_branch_python_operator_decorator' retrieved from /home/noelsdavid/airflow_venv/lib/python3.12/site-packages/airflow/example_dags/example_branch_operator_decorator.py
[2026-05-18T06:05:25.165+0000] {logging_mixin.py:190} INFO - [2026-05-18T06:05:25.164+0000] {dag.py:3239} INFO - Sync 1 DAGs
[2026-05-18T06:05:25.187+0000] {logging_mixin.py:190} INFO - [2026-05-18T06:05:25.186+0000] {dag.py:4180} INFO - Setting next_dagrun for example_branch_python_operator_decorator to 2026-05-17 00:00:00+00:00, run_after=2026-05-18 00:00:00+00:00
[2026-05-18T06:05:25.216+0000] {processor.py:208} INFO - Processing /home/noelsdavid/airflow_venv/lib/python3.12/site-packages/airflow/example_dags/example_branch_operator_decorator.py took 0.294 seconds
[2026-05-18T06:06:33.653+0000] {processor.py:186} INFO - Started process (PID=7280) to work on /home/noelsdavid/airflow_venv/lib/python3.12/site-packages/airflow/example_dags/example_branch_operator_decorator.py
[2026-05-18T06:06:33.656+0000] {processor.py:914} INFO - Processing file /home/noelsdavid/airflow_venv/lib/python3.12/site-packages/airflow/example_dags/example_branch_operator_decorator.py for tasks to queue
[2026-05-18T06:06:33.661+0000] {logging_mixin.py:190} INFO - [2026-05-18T06:06:33.660+0000] {dagbag.py:588} INFO - Filling up the DagBag from /home/noelsdavid/airflow_venv/lib/python3.12/site-packages/airflow/example_dags/example_branch_operator_decorator.py
[2026-05-18T06:06:33.695+0000] {processor.py:925} INFO - DAG(s) 'example_branch_python_operator_decorator' retrieved from /home/noelsdavid/airflow_venv/lib/python3.12/site-packages/airflow/example_dags/example_branch_operator_decorator.py
[2026-05-18T06:06:33.728+0000] {logging_mixin.py:190} INFO - [2026-05-18T06:06:33.728+0000] {dag.py:3239} INFO - Sync 1 DAGs
[2026-05-18T06:06:33.756+0000] {logging_mixin.py:190} INFO - [2026-05-18T06:06:33.756+0000] {dag.py:4180} INFO - Setting next_dagrun for example_branch_python_operator_decorator to 2026-05-17 00:00:00+00:00, run_after=2026-05-18 00:00:00+00:00
[2026-05-18T06:06:33.786+0000] {processor.py:208} INFO - Processing /home/noelsdavid/airflow_venv/lib/python3.12/site-packages/airflow/example_dags/example_branch_operator_decorator.py took 0.141 seconds
[2026-05-18T06:07:30.367+0000] {processor.py:186} INFO - Started process (PID=7339) to work on /home/noelsdavid/airflow_venv/lib/python3.12/site-packages/airflow/example_dags/example_branch_operator_decorator.py
[2026-05-18T06:07:30.371+0000] {processor.py:914} INFO - Processing file /home/noelsdavid/airflow_venv/lib/python3.12/site-packages/airflow/example_dags/example_branch_operator_decorator.py for tasks to queue
[2026-05-18T06:07:30.375+0000] {logging_mixin.py:190} INFO - [2026-05-18T06:07:30.375+0000] {dagbag.py:588} INFO - Filling up the DagBag from /home/noelsdavid/airflow_venv/lib/python3.12/site-packages/airflow/example_dags/example_branch_operator_decorator.py
[2026-05-18T06:07:30.419+0000] {processor.py:925} INFO - DAG(s) 'example_branch_python_operator_decorator' retrieved from /home/noelsdavid/airflow_venv/lib/python3.12/site-packages/airflow/example_dags/example_branch_operator_decorator.py
[2026-05-18T06:07:30.464+0000] {logging_mixin.py:190} INFO - [2026-05-18T06:07:30.464+0000] {dag.py:3239} INFO - Sync 1 DAGs
[2026-05-18T06:07:30.509+0000] {logging_mixin.py:190} INFO - [2026-05-18T06:07:30.508+0000] {dag.py:4180} INFO - Setting next_dagrun for example_branch_python_operator_decorator to 2026-05-17 00:00:00+00:00, run_after=2026-05-18 00:00:00+00:00
[2026-05-18T06:07:30.557+0000] {processor.py:208} INFO - Processing /home/noelsdavid/airflow_venv/lib/python3.12/site-packages/airflow/example_dags/example_branch_operator_decorator.py took 0.199 seconds
[2026-05-18T06:08:34.933+0000] {processor.py:186} INFO - Started process (PID=7396) to work on /home/noelsdavid/airflow_venv/lib/python3.12/site-packages/airflow/example_dags/example_branch_operator_decorator.py
[2026-05-18T06:08:34.935+0000] {processor.py:914} INFO - Processing file /home/noelsdavid/airflow_venv/lib/python3.12/site-packages/airflow/example_dags/example_branch_operator_decorator.py for tasks to queue
[2026-05-18T06:08:34.939+0000] {logging_mixin.py:190} INFO - [2026-05-18T06:08:34.938+0000] {dagbag.py:588} INFO - Filling up the DagBag from /home/noelsdavid/airflow_venv/lib/python3.12/site-packages/airflow/example_dags/example_branch_operator_decorator.py
[2026-05-18T06:08:34.969+0000] {processor.py:925} INFO - DAG(s) 'example_branch_python_operator_decorator' retrieved from /home/noelsdavid/airflow_venv/lib/python3.12/site-packages/airflow/example_dags/example_branch_operator_decorator.py
[2026-05-18T06:08:35.005+0000] {logging_mixin.py:190} INFO - [2026-05-18T06:08:35.005+0000] {dag.py:3239} INFO - Sync 1 DAGs
[2026-05-18T06:08:35.036+0000] {logging_mixin.py:190} INFO - [2026-05-18T06:08:35.036+0000] {dag.py:4180} INFO - Setting next_dagrun for example_branch_python_operator_decorator to 2026-05-17 00:00:00+00:00, run_after=2026-05-18 00:00:00+00:00
[2026-05-18T06:08:35.068+0000] {processor.py:208} INFO - Processing /home/noelsdavid/airflow_venv/lib/python3.12/site-packages/airflow/example_dags/example_branch_operator_decorator.py took 0.144 seconds
[2026-05-18T06:09:38.685+0000] {processor.py:186} INFO - Started process (PID=7458) to work on /home/noelsdavid/airflow_venv/lib/python3.12/site-packages/airflow/example_dags/example_branch_operator_decorator.py
[2026-05-18T06:09:38.724+0000] {processor.py:914} INFO - Processing file /home/noelsdavid/airflow_venv/lib/python3.12/site-packages/airflow/example_dags/example_branch_operator_decorator.py for tasks to queue
[2026-05-18T06:09:38.728+0000] {logging_mixin.py:190} INFO - [2026-05-18T06:09:38.727+0000] {dagbag.py:588} INFO - Filling up the DagBag from /home/noelsdavid/airflow_venv/lib/python3.12/site-packages/airflow/example_dags/example_branch_operator_decorator.py
[2026-05-18T06:09:38.760+0000] {processor.py:925} INFO - DAG(s) 'example_branch_python_operator_decorator' retrieved from /home/noelsdavid/airflow_venv/lib/python3.12/site-packages/airflow/example_dags/example_branch_operator_decorator.py
[2026-05-18T06:09:38.793+0000] {logging_mixin.py:190} INFO - [2026-05-18T06:09:38.793+0000] {dag.py:3239} INFO - Sync 1 DAGs
[2026-05-18T06:09:38.821+0000] {logging_mixin.py:190} INFO - [2026-05-18T06:09:38.820+0000] {dag.py:4180} INFO - Setting next_dagrun for example_branch_python_operator_decorator to 2026-05-17 00:00:00+00:00, run_after=2026-05-18 00:00:00+00:00
[2026-05-18T06:09:38.856+0000] {processor.py:208} INFO - Processing /home/noelsdavid/airflow_venv/lib/python3.12/site-packages/airflow/example_dags/example_branch_operator_decorator.py took 0.179 seconds
[2026-05-18T06:10:39.181+0000] {processor.py:186} INFO - Started process (PID=7543) to work on /home/noelsdavid/airflow_venv/lib/python3.12/site-packages/airflow/example_dags/example_branch_operator_decorator.py
[2026-05-18T06:10:39.184+0000] {processor.py:914} INFO - Processing file /home/noelsdavid/airflow_venv/lib/python3.12/site-packages/airflow/example_dags/example_branch_operator_decorator.py for tasks to queue
[2026-05-18T06:10:39.187+0000] {logging_mixin.py:190} INFO - [2026-05-18T06:10:39.186+0000] {dagbag.py:588} INFO - Filling up the DagBag from /home/noelsdavid/airflow_venv/lib/python3.12/site-packages/airflow/example_dags/example_branch_operator_decorator.py
[2026-05-18T06:10:39.217+0000] {processor.py:925} INFO - DAG(s) 'example_branch_python_operator_decorator' retrieved from /home/noelsdavid/airflow_venv/lib/python3.12/site-packages/airflow/example_dags/example_branch_operator_decorator.py
[2026-05-18T06:10:39.248+0000] {logging_mixin.py:190} INFO - [2026-05-18T06:10:39.248+0000] {dag.py:3239} INFO - Sync 1 DAGs
[2026-05-18T06:10:39.276+0000] {logging_mixin.py:190} INFO - [2026-05-18T06:10:39.275+0000] {dag.py:4180} INFO - Setting next_dagrun for example_branch_python_operator_decorator to 2026-05-17 00:00:00+00:00, run_after=2026-05-18 00:00:00+00:00
[2026-05-18T06:10:39.309+0000] {processor.py:208} INFO - Processing /home/noelsdavid/airflow_venv/lib/python3.12/site-packages/airflow/example_dags/example_branch_operator_decorator.py took 0.136 seconds
[2026-05-18T06:11:39.345+0000] {processor.py:186} INFO - Started process (PID=7602) to work on /home/noelsdavid/airflow_venv/lib/python3.12/site-packages/airflow/example_dags/example_branch_operator_decorator.py
[2026-05-18T06:11:39.348+0000] {processor.py:914} INFO - Processing file /home/noelsdavid/airflow_venv/lib/python3.12/site-packages/airflow/example_dags/example_branch_operator_decorator.py for tasks to queue
[2026-05-18T06:11:39.352+0000] {logging_mixin.py:190} INFO - [2026-05-18T06:11:39.351+0000] {dagbag.py:588} INFO - Filling up the DagBag from /home/noelsdavid/airflow_venv/lib/python3.12/site-packages/airflow/example_dags/example_branch_operator_decorator.py
[2026-05-18T06:11:39.384+0000] {processor.py:925} INFO - DAG(s) 'example_branch_python_operator_decorator' retrieved from /home/noelsdavid/airflow_venv/lib/python3.12/site-packages/airflow/example_dags/example_branch_operator_decorator.py
[2026-05-18T06:11:39.416+0000] {logging_mixin.py:190} INFO - [2026-05-18T06:11:39.415+0000] {dag.py:3239} INFO - Sync 1 DAGs
[2026-05-18T06:11:39.444+0000] {logging_mixin.py:190} INFO - [2026-05-18T06:11:39.444+0000] {dag.py:4180} INFO - Setting next_dagrun for example_branch_python_operator_decorator to 2026-05-17 00:00:00+00:00, run_after=2026-05-18 00:00:00+00:00
[2026-05-18T06:11:39.475+0000] {processor.py:208} INFO - Processing /home/noelsdavid/airflow_venv/lib/python3.12/site-packages/airflow/example_dags/example_branch_operator_decorator.py took 0.138 seconds
[2026-05-18T06:12:38.044+0000] {processor.py:186} INFO - Started process (PID=7659) to work on /home/noelsdavid/airflow_venv/lib/python3.12/site-packages/airflow/example_dags/example_branch_operator_decorator.py
[2026-05-18T06:12:38.046+0000] {processor.py:914} INFO - Processing file /home/noelsdavid/airflow_venv/lib/python3.12/site-packages/airflow/example_dags/example_branch_operator_decorator.py for tasks to queue
[2026-05-18T06:12:38.050+0000] {logging_mixin.py:190} INFO - [2026-05-18T06:12:38.049+0000] {dagbag.py:588} INFO - Filling up the DagBag from /home/noelsdavid/airflow_venv/lib/python3.12/site-packages/airflow/example_dags/example_branch_operator_decorator.py
[2026-05-18T06:12:38.081+0000] {processor.py:925} INFO - DAG(s) 'example_branch_python_operator_decorator' retrieved from /home/noelsdavid/airflow_venv/lib/python3.12/site-packages/airflow/example_dags/example_branch_operator_decorator.py
[2026-05-18T06:12:38.113+0000] {logging_mixin.py:190} INFO - [2026-05-18T06:12:38.113+0000] {dag.py:3239} INFO - Sync 1 DAGs
[2026-05-18T06:12:38.146+0000] {logging_mixin.py:190} INFO - [2026-05-18T06:12:38.145+0000] {dag.py:4180} INFO - Setting next_dagrun for example_branch_python_operator_decorator to 2026-05-17 00:00:00+00:00, run_after=2026-05-18 00:00:00+00:00
[2026-05-18T06:12:38.180+0000] {processor.py:208} INFO - Processing /home/noelsdavid/airflow_venv/lib/python3.12/site-packages/airflow/example_dags/example_branch_operator_decorator.py took 0.144 seconds
[2026-05-18T06:13:39.015+0000] {processor.py:186} INFO - Started process (PID=7718) to work on /home/noelsdavid/airflow_venv/lib/python3.12/site-packages/airflow/example_dags/example_branch_operator_decorator.py
[2026-05-18T06:13:39.017+0000] {processor.py:914} INFO - Processing file /home/noelsdavid/airflow_venv/lib/python3.12/site-packages/airflow/example_dags/example_branch_operator_decorator.py for tasks to queue
[2026-05-18T06:13:39.020+0000] {logging_mixin.py:190} INFO - [2026-05-18T06:13:39.019+0000] {dagbag.py:588} INFO - Filling up the DagBag from /home/noelsdavid/airflow_venv/lib/python3.12/site-packages/airflow/example_dags/example_branch_operator_decorator.py
[2026-05-18T06:13:39.050+0000] {processor.py:925} INFO - DAG(s) 'example_branch_python_operator_decorator' retrieved from /home/noelsdavid/airflow_venv/lib/python3.12/site-packages/airflow/example_dags/example_branch_operator_decorator.py
[2026-05-18T06:13:39.083+0000] {logging_mixin.py:190} INFO - [2026-05-18T06:13:39.082+0000] {dag.py:3239} INFO - Sync 1 DAGs
[2026-05-18T06:13:39.111+0000] {logging_mixin.py:190} INFO - [2026-05-18T06:13:39.110+0000] {dag.py:4180} INFO - Setting next_dagrun for example_branch_python_operator_decorator to 2026-05-17 00:00:00+00:00, run_after=2026-05-18 00:00:00+00:00
[2026-05-18T06:13:39.140+0000] {processor.py:208} INFO - Processing /home/noelsdavid/airflow_venv/lib/python3.12/site-packages/airflow/example_dags/example_branch_operator_decorator.py took 0.134 seconds
[2026-05-18T06:14:40.515+0000] {processor.py:186} INFO - Started process (PID=7778) to work on /home/noelsdavid/airflow_venv/lib/python3.12/site-packages/airflow/example_dags/example_branch_operator_decorator.py
[2026-05-18T06:14:40.517+0000] {processor.py:914} INFO - Processing file /home/noelsdavid/airflow_venv/lib/python3.12/site-packages/airflow/example_dags/example_branch_operator_decorator.py for tasks to queue
[2026-05-18T06:14:40.520+0000] {logging_mixin.py:190} INFO - [2026-05-18T06:14:40.520+0000] {dagbag.py:588} INFO - Filling up the DagBag from /home/noelsdavid/airflow_venv/lib/python3.12/site-packages/airflow/example_dags/example_branch_operator_decorator.py
[2026-05-18T06:14:40.551+0000] {processor.py:925} INFO - DAG(s) 'example_branch_python_operator_decorator' retrieved from /home/noelsdavid/airflow_venv/lib/python3.12/site-packages/airflow/example_dags/example_branch_operator_decorator.py
[2026-05-18T06:14:40.586+0000] {logging_mixin.py:190} INFO - [2026-05-18T06:14:40.586+0000] {dag.py:3239} INFO - Sync 1 DAGs
[2026-05-18T06:14:40.613+0000] {logging_mixin.py:190} INFO - [2026-05-18T06:14:40.612+0000] {dag.py:4180} INFO - Setting next_dagrun for example_branch_python_operator_decorator to 2026-05-17 00:00:00+00:00, run_after=2026-05-18 00:00:00+00:00
[2026-05-18T06:14:40.648+0000] {processor.py:208} INFO - Processing /home/noelsdavid/airflow_venv/lib/python3.12/site-packages/airflow/example_dags/example_branch_operator_decorator.py took 0.141 seconds
[2026-05-18T06:15:44.015+0000] {processor.py:186} INFO - Started process (PID=7951) to work on /home/noelsdavid/airflow_venv/lib/python3.12/site-packages/airflow/example_dags/example_branch_operator_decorator.py
[2026-05-18T06:15:44.018+0000] {processor.py:914} INFO - Processing file /home/noelsdavid/airflow_venv/lib/python3.12/site-packages/airflow/example_dags/example_branch_operator_decorator.py for tasks to queue
[2026-05-18T06:15:44.021+0000] {logging_mixin.py:190} INFO - [2026-05-18T06:15:44.021+0000] {dagbag.py:588} INFO - Filling up the DagBag from /home/noelsdavid/airflow_venv/lib/python3.12/site-packages/airflow/example_dags/example_branch_operator_decorator.py
[2026-05-18T06:15:44.052+0000] {processor.py:925} INFO - DAG(s) 'example_branch_python_operator_decorator' retrieved from /home/noelsdavid/airflow_venv/lib/python3.12/site-packages/airflow/example_dags/example_branch_operator_decorator.py
[2026-05-18T06:15:44.087+0000] {logging_mixin.py:190} INFO - [2026-05-18T06:15:44.087+0000] {dag.py:3239} INFO - Sync 1 DAGs
[2026-05-18T06:15:44.115+0000] {logging_mixin.py:190} INFO - [2026-05-18T06:15:44.115+0000] {dag.py:4180} INFO - Setting next_dagrun for example_branch_python_operator_decorator to 2026-05-17 00:00:00+00:00, run_after=2026-05-18 00:00:00+00:00
[2026-05-18T06:15:44.148+0000] {processor.py:208} INFO - Processing /home/noelsdavid/airflow_venv/lib/python3.12/site-packages/airflow/example_dags/example_branch_operator_decorator.py took 0.142 seconds
[2026-05-18T06:16:47.617+0000] {processor.py:186} INFO - Started process (PID=8078) to work on /home/noelsdavid/airflow_venv/lib/python3.12/site-packages/airflow/example_dags/example_branch_operator_decorator.py
[2026-05-18T06:16:47.620+0000] {processor.py:914} INFO - Processing file /home/noelsdavid/airflow_venv/lib/python3.12/site-packages/airflow/example_dags/example_branch_operator_decorator.py for tasks to queue
[2026-05-18T06:16:47.623+0000] {logging_mixin.py:190} INFO - [2026-05-18T06:16:47.622+0000] {dagbag.py:588} INFO - Filling up the DagBag from /home/noelsdavid/airflow_venv/lib/python3.12/site-packages/airflow/example_dags/example_branch_operator_decorator.py
[2026-05-18T06:16:47.657+0000] {processor.py:925} INFO - DAG(s) 'example_branch_python_operator_decorator' retrieved from /home/noelsdavid/airflow_venv/lib/python3.12/site-packages/airflow/example_dags/example_branch_operator_decorator.py
[2026-05-18T06:16:47.699+0000] {logging_mixin.py:190} INFO - [2026-05-18T06:16:47.699+0000] {dag.py:3239} INFO - Sync 1 DAGs
[2026-05-18T06:16:47.728+0000] {logging_mixin.py:190} INFO - [2026-05-18T06:16:47.728+0000] {dag.py:4180} INFO - Setting next_dagrun for example_branch_python_operator_decorator to 2026-05-17 00:00:00+00:00, run_after=2026-05-18 00:00:00+00:00
[2026-05-18T06:16:47.759+0000] {processor.py:208} INFO - Processing /home/noelsdavid/airflow_venv/lib/python3.12/site-packages/airflow/example_dags/example_branch_operator_decorator.py took 0.150 seconds
[2026-05-18T06:17:51.301+0000] {processor.py:186} INFO - Started process (PID=8379) to work on /home/noelsdavid/airflow_venv/lib/python3.12/site-packages/airflow/example_dags/example_branch_operator_decorator.py
[2026-05-18T06:17:51.303+0000] {processor.py:914} INFO - Processing file /home/noelsdavid/airflow_venv/lib/python3.12/site-packages/airflow/example_dags/example_branch_operator_decorator.py for tasks to queue
[2026-05-18T06:17:51.306+0000] {logging_mixin.py:190} INFO - [2026-05-18T06:17:51.306+0000] {dagbag.py:588} INFO - Filling up the DagBag from /home/noelsdavid/airflow_venv/lib/python3.12/site-packages/airflow/example_dags/example_branch_operator_decorator.py
[2026-05-18T06:17:51.336+0000] {processor.py:925} INFO - DAG(s) 'example_branch_python_operator_decorator' retrieved from /home/noelsdavid/airflow_venv/lib/python3.12/site-packages/airflow/example_dags/example_branch_operator_decorator.py
[2026-05-18T06:17:51.367+0000] {logging_mixin.py:190} INFO - [2026-05-18T06:17:51.367+0000] {dag.py:3239} INFO - Sync 1 DAGs
[2026-05-18T06:17:51.395+0000] {logging_mixin.py:190} INFO - [2026-05-18T06:17:51.394+0000] {dag.py:4180} INFO - Setting next_dagrun for example_branch_python_operator_decorator to 2026-05-17 00:00:00+00:00, run_after=2026-05-18 00:00:00+00:00
[2026-05-18T06:17:51.423+0000] {processor.py:208} INFO - Processing /home/noelsdavid/airflow_venv/lib/python3.12/site-packages/airflow/example_dags/example_branch_operator_decorator.py took 0.130 seconds
[2026-05-18T06:18:48.858+0000] {processor.py:186} INFO - Started process (PID=8492) to work on /home/noelsdavid/airflow_venv/lib/python3.12/site-packages/airflow/example_dags/example_branch_operator_decorator.py
[2026-05-18T06:18:48.875+0000] {processor.py:914} INFO - Processing file /home/noelsdavid/airflow_venv/lib/python3.12/site-packages/airflow/example_dags/example_branch_operator_decorator.py for tasks to queue
[2026-05-18T06:18:48.878+0000] {logging_mixin.py:190} INFO - [2026-05-18T06:18:48.878+0000] {dagbag.py:588} INFO - Filling up the DagBag from /home/noelsdavid/airflow_venv/lib/python3.12/site-packages/airflow/example_dags/example_branch_operator_decorator.py
[2026-05-18T06:18:48.908+0000] {processor.py:925} INFO - DAG(s) 'example_branch_python_operator_decorator' retrieved from /home/noelsdavid/airflow_venv/lib/python3.12/site-packages/airflow/example_dags/example_branch_operator_decorator.py
[2026-05-18T06:18:48.940+0000] {logging_mixin.py:190} INFO - [2026-05-18T06:18:48.940+0000] {dag.py:3239} INFO - Sync 1 DAGs
[2026-05-18T06:18:48.967+0000] {logging_mixin.py:190} INFO - [2026-05-18T06:18:48.967+0000] {dag.py:4180} INFO - Setting next_dagrun for example_branch_python_operator_decorator to 2026-05-17 00:00:00+00:00, run_after=2026-05-18 00:00:00+00:00
[2026-05-18T06:18:48.995+0000] {processor.py:208} INFO - Processing /home/noelsdavid/airflow_venv/lib/python3.12/site-packages/airflow/example_dags/example_branch_operator_decorator.py took 0.145 seconds
[2026-05-18T06:19:49.700+0000] {processor.py:186} INFO - Started process (PID=8551) to work on /home/noelsdavid/airflow_venv/lib/python3.12/site-packages/airflow/example_dags/example_branch_operator_decorator.py
[2026-05-18T06:19:49.703+0000] {processor.py:914} INFO - Processing file /home/noelsdavid/airflow_venv/lib/python3.12/site-packages/airflow/example_dags/example_branch_operator_decorator.py for tasks to queue
[2026-05-18T06:19:49.706+0000] {logging_mixin.py:190} INFO - [2026-05-18T06:19:49.705+0000] {dagbag.py:588} INFO - Filling up the DagBag from /home/noelsdavid/airflow_venv/lib/python3.12/site-packages/airflow/example_dags/example_branch_operator_decorator.py
[2026-05-18T06:19:49.737+0000] {processor.py:925} INFO - DAG(s) 'example_branch_python_operator_decorator' retrieved from /home/noelsdavid/airflow_venv/lib/python3.12/site-packages/airflow/example_dags/example_branch_operator_decorator.py
[2026-05-18T06:19:49.776+0000] {logging_mixin.py:190} INFO - [2026-05-18T06:19:49.775+0000] {dag.py:3239} INFO - Sync 1 DAGs
[2026-05-18T06:19:49.807+0000] {logging_mixin.py:190} INFO - [2026-05-18T06:19:49.807+0000] {dag.py:4180} INFO - Setting next_dagrun for example_branch_python_operator_decorator to 2026-05-17 00:00:00+00:00, run_after=2026-05-18 00:00:00+00:00
[2026-05-18T06:19:49.839+0000] {processor.py:208} INFO - Processing /home/noelsdavid/airflow_venv/lib/python3.12/site-packages/airflow/example_dags/example_branch_operator_decorator.py took 0.147 seconds
[2026-05-18T06:20:53.480+0000] {processor.py:186} INFO - Started process (PID=8640) to work on /home/noelsdavid/airflow_venv/lib/python3.12/site-packages/airflow/example_dags/example_branch_operator_decorator.py
[2026-05-18T06:20:53.482+0000] {processor.py:914} INFO - Processing file /home/noelsdavid/airflow_venv/lib/python3.12/site-packages/airflow/example_dags/example_branch_operator_decorator.py for tasks to queue
[2026-05-18T06:20:53.484+0000] {logging_mixin.py:190} INFO - [2026-05-18T06:20:53.484+0000] {dagbag.py:588} INFO - Filling up the DagBag from /home/noelsdavid/airflow_venv/lib/python3.12/site-packages/airflow/example_dags/example_branch_operator_decorator.py
[2026-05-18T06:20:53.514+0000] {processor.py:925} INFO - DAG(s) 'example_branch_python_operator_decorator' retrieved from /home/noelsdavid/airflow_venv/lib/python3.12/site-packages/airflow/example_dags/example_branch_operator_decorator.py
[2026-05-18T06:20:53.544+0000] {logging_mixin.py:190} INFO - [2026-05-18T06:20:53.544+0000] {dag.py:3239} INFO - Sync 1 DAGs
[2026-05-18T06:20:53.571+0000] {logging_mixin.py:190} INFO - [2026-05-18T06:20:53.571+0000] {dag.py:4180} INFO - Setting next_dagrun for example_branch_python_operator_decorator to 2026-05-17 00:00:00+00:00, run_after=2026-05-18 00:00:00+00:00
[2026-05-18T06:20:53.603+0000] {processor.py:208} INFO - Processing /home/noelsdavid/airflow_venv/lib/python3.12/site-packages/airflow/example_dags/example_branch_operator_decorator.py took 0.131 seconds
[2026-05-18T06:21:57.456+0000] {processor.py:186} INFO - Started process (PID=8702) to work on /home/noelsdavid/airflow_venv/lib/python3.12/site-packages/airflow/example_dags/example_branch_operator_decorator.py
[2026-05-18T06:21:57.459+0000] {processor.py:914} INFO - Processing file /home/noelsdavid/airflow_venv/lib/python3.12/site-packages/airflow/example_dags/example_branch_operator_decorator.py for tasks to queue
[2026-05-18T06:21:57.461+0000] {logging_mixin.py:190} INFO - [2026-05-18T06:21:57.460+0000] {dagbag.py:588} INFO - Filling up the DagBag from /home/noelsdavid/airflow_venv/lib/python3.12/site-packages/airflow/example_dags/example_branch_operator_decorator.py
[2026-05-18T06:21:57.490+0000] {processor.py:925} INFO - DAG(s) 'example_branch_python_operator_decorator' retrieved from /home/noelsdavid/airflow_venv/lib/python3.12/site-packages/airflow/example_dags/example_branch_operator_decorator.py
[2026-05-18T06:21:57.522+0000] {logging_mixin.py:190} INFO - [2026-05-18T06:21:57.522+0000] {dag.py:3239} INFO - Sync 1 DAGs
[2026-05-18T06:21:57.550+0000] {logging_mixin.py:190} INFO - [2026-05-18T06:21:57.549+0000] {dag.py:4180} INFO - Setting next_dagrun for example_branch_python_operator_decorator to 2026-05-17 00:00:00+00:00, run_after=2026-05-18 00:00:00+00:00
[2026-05-18T06:21:57.581+0000] {processor.py:208} INFO - Processing /home/noelsdavid/airflow_venv/lib/python3.12/site-packages/airflow/example_dags/example_branch_operator_decorator.py took 0.133 seconds
[2026-05-18T06:23:00.954+0000] {processor.py:186} INFO - Started process (PID=8763) to work on /home/noelsdavid/airflow_venv/lib/python3.12/site-packages/airflow/example_dags/example_branch_operator_decorator.py
[2026-05-18T06:23:00.961+0000] {processor.py:914} INFO - Processing file /home/noelsdavid/airflow_venv/lib/python3.12/site-packages/airflow/example_dags/example_branch_operator_decorator.py for tasks to queue
[2026-05-18T06:23:00.963+0000] {logging_mixin.py:190} INFO - [2026-05-18T06:23:00.963+0000] {dagbag.py:588} INFO - Filling up the DagBag from /home/noelsdavid/airflow_venv/lib/python3.12/site-packages/airflow/example_dags/example_branch_operator_decorator.py
[2026-05-18T06:23:00.993+0000] {processor.py:925} INFO - DAG(s) 'example_branch_python_operator_decorator' retrieved from /home/noelsdavid/airflow_venv/lib/python3.12/site-packages/airflow/example_dags/example_branch_operator_decorator.py
[2026-05-18T06:23:01.025+0000] {logging_mixin.py:190} INFO - [2026-05-18T06:23:01.025+0000] {dag.py:3239} INFO - Sync 1 DAGs
[2026-05-18T06:23:01.053+0000] {logging_mixin.py:190} INFO - [2026-05-18T06:23:01.052+0000] {dag.py:4180} INFO - Setting next_dagrun for example_branch_python_operator_decorator to 2026-05-17 00:00:00+00:00, run_after=2026-05-18 00:00:00+00:00
[2026-05-18T06:23:01.082+0000] {processor.py:208} INFO - Processing /home/noelsdavid/airflow_venv/lib/python3.12/site-packages/airflow/example_dags/example_branch_operator_decorator.py took 0.137 seconds
[2026-05-18T06:24:05.657+0000] {processor.py:186} INFO - Started process (PID=8825) to work on /home/noelsdavid/airflow_venv/lib/python3.12/site-packages/airflow/example_dags/example_branch_operator_decorator.py
[2026-05-18T06:24:05.659+0000] {processor.py:914} INFO - Processing file /home/noelsdavid/airflow_venv/lib/python3.12/site-packages/airflow/example_dags/example_branch_operator_decorator.py for tasks to queue
[2026-05-18T06:24:05.661+0000] {logging_mixin.py:190} INFO - [2026-05-18T06:24:05.661+0000] {dagbag.py:588} INFO - Filling up the DagBag from /home/noelsdavid/airflow_venv/lib/python3.12/site-packages/airflow/example_dags/example_branch_operator_decorator.py
[2026-05-18T06:24:05.692+0000] {processor.py:925} INFO - DAG(s) 'example_branch_python_operator_decorator' retrieved from /home/noelsdavid/airflow_venv/lib/python3.12/site-packages/airflow/example_dags/example_branch_operator_decorator.py
[2026-05-18T06:24:05.722+0000] {logging_mixin.py:190} INFO - [2026-05-18T06:24:05.722+0000] {dag.py:3239} INFO - Sync 1 DAGs
[2026-05-18T06:24:05.750+0000] {logging_mixin.py:190} INFO - [2026-05-18T06:24:05.749+0000] {dag.py:4180} INFO - Setting next_dagrun for example_branch_python_operator_decorator to 2026-05-17 00:00:00+00:00, run_after=2026-05-18 00:00:00+00:00
[2026-05-18T06:24:05.778+0000] {processor.py:208} INFO - Processing /home/noelsdavid/airflow_venv/lib/python3.12/site-packages/airflow/example_dags/example_branch_operator_decorator.py took 0.130 seconds
[2026-05-18T06:25:11.009+0000] {processor.py:186} INFO - Started process (PID=8900) to work on /home/noelsdavid/airflow_venv/lib/python3.12/site-packages/airflow/example_dags/example_branch_operator_decorator.py
[2026-05-18T06:25:11.014+0000] {processor.py:914} INFO - Processing file /home/noelsdavid/airflow_venv/lib/python3.12/site-packages/airflow/example_dags/example_branch_operator_decorator.py for tasks to queue
[2026-05-18T06:25:11.017+0000] {logging_mixin.py:190} INFO - [2026-05-18T06:25:11.016+0000] {dagbag.py:588} INFO - Filling up the DagBag from /home/noelsdavid/airflow_venv/lib/python3.12/site-packages/airflow/example_dags/example_branch_operator_decorator.py
[2026-05-18T06:25:11.058+0000] {processor.py:925} INFO - DAG(s) 'example_branch_python_operator_decorator' retrieved from /home/noelsdavid/airflow_venv/lib/python3.12/site-packages/airflow/example_dags/example_branch_operator_decorator.py
[2026-05-18T06:25:11.099+0000] {logging_mixin.py:190} INFO - [2026-05-18T06:25:11.099+0000] {dag.py:3239} INFO - Sync 1 DAGs
[2026-05-18T06:25:11.135+0000] {logging_mixin.py:190} INFO - [2026-05-18T06:25:11.135+0000] {dag.py:4180} INFO - Setting next_dagrun for example_branch_python_operator_decorator to 2026-05-17 00:00:00+00:00, run_after=2026-05-18 00:00:00+00:00
[2026-05-18T06:25:11.172+0000] {processor.py:208} INFO - Processing /home/noelsdavid/airflow_venv/lib/python3.12/site-packages/airflow/example_dags/example_branch_operator_decorator.py took 0.175 seconds
[2026-05-18T06:26:16.310+0000] {processor.py:186} INFO - Started process (PID=9030) to work on /home/noelsdavid/airflow_venv/lib/python3.12/site-packages/airflow/example_dags/example_branch_operator_decorator.py
[2026-05-18T06:26:16.313+0000] {processor.py:914} INFO - Processing file /home/noelsdavid/airflow_venv/lib/python3.12/site-packages/airflow/example_dags/example_branch_operator_decorator.py for tasks to queue
[2026-05-18T06:26:16.316+0000] {logging_mixin.py:190} INFO - [2026-05-18T06:26:16.315+0000] {dagbag.py:588} INFO - Filling up the DagBag from /home/noelsdavid/airflow_venv/lib/python3.12/site-packages/airflow/example_dags/example_branch_operator_decorator.py
[2026-05-18T06:26:16.346+0000] {processor.py:925} INFO - DAG(s) 'example_branch_python_operator_decorator' retrieved from /home/noelsdavid/airflow_venv/lib/python3.12/site-packages/airflow/example_dags/example_branch_operator_decorator.py
[2026-05-18T06:26:16.377+0000] {logging_mixin.py:190} INFO - [2026-05-18T06:26:16.376+0000] {dag.py:3239} INFO - Sync 1 DAGs
[2026-05-18T06:26:16.408+0000] {logging_mixin.py:190} INFO - [2026-05-18T06:26:16.407+0000] {dag.py:4180} INFO - Setting next_dagrun for example_branch_python_operator_decorator to 2026-05-17 00:00:00+00:00, run_after=2026-05-18 00:00:00+00:00
[2026-05-18T06:26:16.442+0000] {processor.py:208} INFO - Processing /home/noelsdavid/airflow_venv/lib/python3.12/site-packages/airflow/example_dags/example_branch_operator_decorator.py took 0.140 seconds
[2026-05-18T06:27:34.537+0000] {processor.py:186} INFO - Started process (PID=9532) to work on /home/noelsdavid/airflow_venv/lib/python3.12/site-packages/airflow/example_dags/example_branch_operator_decorator.py
[2026-05-18T06:27:34.539+0000] {processor.py:914} INFO - Processing file /home/noelsdavid/airflow_venv/lib/python3.12/site-packages/airflow/example_dags/example_branch_operator_decorator.py for tasks to queue
[2026-05-18T06:27:34.542+0000] {logging_mixin.py:190} INFO - [2026-05-18T06:27:34.541+0000] {dagbag.py:588} INFO - Filling up the DagBag from /home/noelsdavid/airflow_venv/lib/python3.12/site-packages/airflow/example_dags/example_branch_operator_decorator.py
[2026-05-18T06:27:34.571+0000] {processor.py:925} INFO - DAG(s) 'example_branch_python_operator_decorator' retrieved from /home/noelsdavid/airflow_venv/lib/python3.12/site-packages/airflow/example_dags/example_branch_operator_decorator.py
[2026-05-18T06:27:34.605+0000] {logging_mixin.py:190} INFO - [2026-05-18T06:27:34.604+0000] {dag.py:3239} INFO - Sync 1 DAGs
[2026-05-18T06:27:34.632+0000] {logging_mixin.py:190} INFO - [2026-05-18T06:27:34.631+0000] {dag.py:4180} INFO - Setting next_dagrun for example_branch_python_operator_decorator to 2026-05-17 00:00:00+00:00, run_after=2026-05-18 00:00:00+00:00
[2026-05-18T06:27:34.663+0000] {processor.py:208} INFO - Processing /home/noelsdavid/airflow_venv/lib/python3.12/site-packages/airflow/example_dags/example_branch_operator_decorator.py took 0.134 seconds
[2026-05-18T06:28:48.564+0000] {processor.py:186} INFO - Started process (PID=9738) to work on /home/noelsdavid/airflow_venv/lib/python3.12/site-packages/airflow/example_dags/example_branch_operator_decorator.py
[2026-05-18T06:28:48.567+0000] {processor.py:914} INFO - Processing file /home/noelsdavid/airflow_venv/lib/python3.12/site-packages/airflow/example_dags/example_branch_operator_decorator.py for tasks to queue
[2026-05-18T06:28:48.570+0000] {logging_mixin.py:190} INFO - [2026-05-18T06:28:48.569+0000] {dagbag.py:588} INFO - Filling up the DagBag from /home/noelsdavid/airflow_venv/lib/python3.12/site-packages/airflow/example_dags/example_branch_operator_decorator.py
[2026-05-18T06:28:48.605+0000] {processor.py:925} INFO - DAG(s) 'example_branch_python_operator_decorator' retrieved from /home/noelsdavid/airflow_venv/lib/python3.12/site-packages/airflow/example_dags/example_branch_operator_decorator.py
[2026-05-18T06:28:48.646+0000] {logging_mixin.py:190} INFO - [2026-05-18T06:28:48.646+0000] {dag.py:3239} INFO - Sync 1 DAGs
[2026-05-18T06:28:48.682+0000] {logging_mixin.py:190} INFO - [2026-05-18T06:28:48.682+0000] {dag.py:4180} INFO - Setting next_dagrun for example_branch_python_operator_decorator to 2026-05-17 00:00:00+00:00, run_after=2026-05-18 00:00:00+00:00
[2026-05-18T06:28:48.730+0000] {processor.py:208} INFO - Processing /home/noelsdavid/airflow_venv/lib/python3.12/site-packages/airflow/example_dags/example_branch_operator_decorator.py took 0.175 seconds
[2026-05-18T06:29:58.247+0000] {processor.py:186} INFO - Started process (PID=9804) to work on /home/noelsdavid/airflow_venv/lib/python3.12/site-packages/airflow/example_dags/example_branch_operator_decorator.py
[2026-05-18T06:29:58.250+0000] {processor.py:914} INFO - Processing file /home/noelsdavid/airflow_venv/lib/python3.12/site-packages/airflow/example_dags/example_branch_operator_decorator.py for tasks to queue
[2026-05-18T06:29:58.252+0000] {logging_mixin.py:190} INFO - [2026-05-18T06:29:58.251+0000] {dagbag.py:588} INFO - Filling up the DagBag from /home/noelsdavid/airflow_venv/lib/python3.12/site-packages/airflow/example_dags/example_branch_operator_decorator.py
[2026-05-18T06:29:58.284+0000] {processor.py:925} INFO - DAG(s) 'example_branch_python_operator_decorator' retrieved from /home/noelsdavid/airflow_venv/lib/python3.12/site-packages/airflow/example_dags/example_branch_operator_decorator.py
[2026-05-18T06:29:58.314+0000] {logging_mixin.py:190} INFO - [2026-05-18T06:29:58.314+0000] {dag.py:3239} INFO - Sync 1 DAGs
[2026-05-18T06:29:58.341+0000] {logging_mixin.py:190} INFO - [2026-05-18T06:29:58.341+0000] {dag.py:4180} INFO - Setting next_dagrun for example_branch_python_operator_decorator to 2026-05-17 00:00:00+00:00, run_after=2026-05-18 00:00:00+00:00
[2026-05-18T06:29:58.371+0000] {processor.py:208} INFO - Processing /home/noelsdavid/airflow_venv/lib/python3.12/site-packages/airflow/example_dags/example_branch_operator_decorator.py took 0.132 seconds
[2026-05-18T06:31:03.260+0000] {processor.py:186} INFO - Started process (PID=9889) to work on /home/noelsdavid/airflow_venv/lib/python3.12/site-packages/airflow/example_dags/example_branch_operator_decorator.py
[2026-05-18T06:31:03.262+0000] {processor.py:914} INFO - Processing file /home/noelsdavid/airflow_venv/lib/python3.12/site-packages/airflow/example_dags/example_branch_operator_decorator.py for tasks to queue
[2026-05-18T06:31:03.264+0000] {logging_mixin.py:190} INFO - [2026-05-18T06:31:03.263+0000] {dagbag.py:588} INFO - Filling up the DagBag from /home/noelsdavid/airflow_venv/lib/python3.12/site-packages/airflow/example_dags/example_branch_operator_decorator.py
[2026-05-18T06:31:03.295+0000] {processor.py:925} INFO - DAG(s) 'example_branch_python_operator_decorator' retrieved from /home/noelsdavid/airflow_venv/lib/python3.12/site-packages/airflow/example_dags/example_branch_operator_decorator.py
[2026-05-18T06:31:03.325+0000] {logging_mixin.py:190} INFO - [2026-05-18T06:31:03.325+0000] {dag.py:3239} INFO - Sync 1 DAGs
[2026-05-18T06:31:03.356+0000] {logging_mixin.py:190} INFO - [2026-05-18T06:31:03.355+0000] {dag.py:4180} INFO - Setting next_dagrun for example_branch_python_operator_decorator to 2026-05-17 00:00:00+00:00, run_after=2026-05-18 00:00:00+00:00
[2026-05-18T06:31:03.386+0000] {processor.py:208} INFO - Processing /home/noelsdavid/airflow_venv/lib/python3.12/site-packages/airflow/example_dags/example_branch_operator_decorator.py took 0.134 seconds
[2026-05-18T06:32:07.118+0000] {processor.py:186} INFO - Started process (PID=9952) to work on /home/noelsdavid/airflow_venv/lib/python3.12/site-packages/airflow/example_dags/example_branch_operator_decorator.py
[2026-05-18T06:32:07.121+0000] {processor.py:914} INFO - Processing file /home/noelsdavid/airflow_venv/lib/python3.12/site-packages/airflow/example_dags/example_branch_operator_decorator.py for tasks to queue
[2026-05-18T06:32:07.122+0000] {logging_mixin.py:190} INFO - [2026-05-18T06:32:07.122+0000] {dagbag.py:588} INFO - Filling up the DagBag from /home/noelsdavid/airflow_venv/lib/python3.12/site-packages/airflow/example_dags/example_branch_operator_decorator.py
[2026-05-18T06:32:07.153+0000] {processor.py:925} INFO - DAG(s) 'example_branch_python_operator_decorator' retrieved from /home/noelsdavid/airflow_venv/lib/python3.12/site-packages/airflow/example_dags/example_branch_operator_decorator.py
[2026-05-18T06:32:07.183+0000] {logging_mixin.py:190} INFO - [2026-05-18T06:32:07.183+0000] {dag.py:3239} INFO - Sync 1 DAGs
[2026-05-18T06:32:07.209+0000] {logging_mixin.py:190} INFO - [2026-05-18T06:32:07.208+0000] {dag.py:4180} INFO - Setting next_dagrun for example_branch_python_operator_decorator to 2026-05-17 00:00:00+00:00, run_after=2026-05-18 00:00:00+00:00
[2026-05-18T06:32:07.237+0000] {processor.py:208} INFO - Processing /home/noelsdavid/airflow_venv/lib/python3.12/site-packages/airflow/example_dags/example_branch_operator_decorator.py took 0.127 seconds
[2026-05-18T06:33:06.004+0000] {processor.py:186} INFO - Started process (PID=10012) to work on /home/noelsdavid/airflow_venv/lib/python3.12/site-packages/airflow/example_dags/example_branch_operator_decorator.py
[2026-05-18T06:33:06.007+0000] {processor.py:914} INFO - Processing file /home/noelsdavid/airflow_venv/lib/python3.12/site-packages/airflow/example_dags/example_branch_operator_decorator.py for tasks to queue
[2026-05-18T06:33:06.009+0000] {logging_mixin.py:190} INFO - [2026-05-18T06:33:06.009+0000] {dagbag.py:588} INFO - Filling up the DagBag from /home/noelsdavid/airflow_venv/lib/python3.12/site-packages/airflow/example_dags/example_branch_operator_decorator.py
[2026-05-18T06:33:06.038+0000] {processor.py:925} INFO - DAG(s) 'example_branch_python_operator_decorator' retrieved from /home/noelsdavid/airflow_venv/lib/python3.12/site-packages/airflow/example_dags/example_branch_operator_decorator.py
[2026-05-18T06:33:06.069+0000] {logging_mixin.py:190} INFO - [2026-05-18T06:33:06.069+0000] {dag.py:3239} INFO - Sync 1 DAGs
[2026-05-18T06:33:06.096+0000] {logging_mixin.py:190} INFO - [2026-05-18T06:33:06.096+0000] {dag.py:4180} INFO - Setting next_dagrun for example_branch_python_operator_decorator to 2026-05-17 00:00:00+00:00, run_after=2026-05-18 00:00:00+00:00
[2026-05-18T06:33:06.126+0000] {processor.py:208} INFO - Processing /home/noelsdavid/airflow_venv/lib/python3.12/site-packages/airflow/example_dags/example_branch_operator_decorator.py took 0.130 seconds
[2026-05-18T06:34:13.146+0000] {processor.py:186} INFO - Started process (PID=10147) to work on /home/noelsdavid/airflow_venv/lib/python3.12/site-packages/airflow/example_dags/example_branch_operator_decorator.py
[2026-05-18T06:34:13.148+0000] {processor.py:914} INFO - Processing file /home/noelsdavid/airflow_venv/lib/python3.12/site-packages/airflow/example_dags/example_branch_operator_decorator.py for tasks to queue
[2026-05-18T06:34:13.150+0000] {logging_mixin.py:190} INFO - [2026-05-18T06:34:13.150+0000] {dagbag.py:588} INFO - Filling up the DagBag from /home/noelsdavid/airflow_venv/lib/python3.12/site-packages/airflow/example_dags/example_branch_operator_decorator.py
[2026-05-18T06:34:13.181+0000] {processor.py:925} INFO - DAG(s) 'example_branch_python_operator_decorator' retrieved from /home/noelsdavid/airflow_venv/lib/python3.12/site-packages/airflow/example_dags/example_branch_operator_decorator.py
[2026-05-18T06:34:13.212+0000] {logging_mixin.py:190} INFO - [2026-05-18T06:34:13.211+0000] {dag.py:3239} INFO - Sync 1 DAGs
[2026-05-18T06:34:13.241+0000] {logging_mixin.py:190} INFO - [2026-05-18T06:34:13.240+0000] {dag.py:4180} INFO - Setting next_dagrun for example_branch_python_operator_decorator to 2026-05-17 00:00:00+00:00, run_after=2026-05-18 00:00:00+00:00
[2026-05-18T06:34:13.273+0000] {processor.py:208} INFO - Processing /home/noelsdavid/airflow_venv/lib/python3.12/site-packages/airflow/example_dags/example_branch_operator_decorator.py took 0.135 seconds
[2026-05-18T06:35:17.426+0000] {processor.py:186} INFO - Started process (PID=10354) to work on /home/noelsdavid/airflow_venv/lib/python3.12/site-packages/airflow/example_dags/example_branch_operator_decorator.py
[2026-05-18T06:35:17.444+0000] {processor.py:914} INFO - Processing file /home/noelsdavid/airflow_venv/lib/python3.12/site-packages/airflow/example_dags/example_branch_operator_decorator.py for tasks to queue
[2026-05-18T06:35:17.446+0000] {logging_mixin.py:190} INFO - [2026-05-18T06:35:17.446+0000] {dagbag.py:588} INFO - Filling up the DagBag from /home/noelsdavid/airflow_venv/lib/python3.12/site-packages/airflow/example_dags/example_branch_operator_decorator.py
[2026-05-18T06:35:17.476+0000] {processor.py:925} INFO - DAG(s) 'example_branch_python_operator_decorator' retrieved from /home/noelsdavid/airflow_venv/lib/python3.12/site-packages/airflow/example_dags/example_branch_operator_decorator.py
[2026-05-18T06:35:17.509+0000] {logging_mixin.py:190} INFO - [2026-05-18T06:35:17.508+0000] {dag.py:3239} INFO - Sync 1 DAGs
[2026-05-18T06:35:17.537+0000] {logging_mixin.py:190} INFO - [2026-05-18T06:35:17.537+0000] {dag.py:4180} INFO - Setting next_dagrun for example_branch_python_operator_decorator to 2026-05-17 00:00:00+00:00, run_after=2026-05-18 00:00:00+00:00
[2026-05-18T06:35:17.569+0000] {processor.py:208} INFO - Processing /home/noelsdavid/airflow_venv/lib/python3.12/site-packages/airflow/example_dags/example_branch_operator_decorator.py took 0.151 seconds
[2026-05-18T06:36:21.424+0000] {processor.py:186} INFO - Started process (PID=10483) to work on /home/noelsdavid/airflow_venv/lib/python3.12/site-packages/airflow/example_dags/example_branch_operator_decorator.py
[2026-05-18T06:36:21.426+0000] {processor.py:914} INFO - Processing file /home/noelsdavid/airflow_venv/lib/python3.12/site-packages/airflow/example_dags/example_branch_operator_decorator.py for tasks to queue
[2026-05-18T06:36:21.428+0000] {logging_mixin.py:190} INFO - [2026-05-18T06:36:21.428+0000] {dagbag.py:588} INFO - Filling up the DagBag from /home/noelsdavid/airflow_venv/lib/python3.12/site-packages/airflow/example_dags/example_branch_operator_decorator.py
[2026-05-18T06:36:21.460+0000] {processor.py:925} INFO - DAG(s) 'example_branch_python_operator_decorator' retrieved from /home/noelsdavid/airflow_venv/lib/python3.12/site-packages/airflow/example_dags/example_branch_operator_decorator.py
[2026-05-18T06:36:21.491+0000] {logging_mixin.py:190} INFO - [2026-05-18T06:36:21.491+0000] {dag.py:3239} INFO - Sync 1 DAGs
[2026-05-18T06:36:21.519+0000] {logging_mixin.py:190} INFO - [2026-05-18T06:36:21.519+0000] {dag.py:4180} INFO - Setting next_dagrun for example_branch_python_operator_decorator to 2026-05-17 00:00:00+00:00, run_after=2026-05-18 00:00:00+00:00
[2026-05-18T06:36:21.549+0000] {processor.py:208} INFO - Processing /home/noelsdavid/airflow_venv/lib/python3.12/site-packages/airflow/example_dags/example_branch_operator_decorator.py took 0.132 seconds
[2026-05-18T06:37:22.454+0000] {processor.py:186} INFO - Started process (PID=10825) to work on /home/noelsdavid/airflow_venv/lib/python3.12/site-packages/airflow/example_dags/example_branch_operator_decorator.py
[2026-05-18T06:37:22.457+0000] {processor.py:914} INFO - Processing file /home/noelsdavid/airflow_venv/lib/python3.12/site-packages/airflow/example_dags/example_branch_operator_decorator.py for tasks to queue
[2026-05-18T06:37:22.459+0000] {logging_mixin.py:190} INFO - [2026-05-18T06:37:22.458+0000] {dagbag.py:588} INFO - Filling up the DagBag from /home/noelsdavid/airflow_venv/lib/python3.12/site-packages/airflow/example_dags/example_branch_operator_decorator.py
[2026-05-18T06:37:22.489+0000] {processor.py:925} INFO - DAG(s) 'example_branch_python_operator_decorator' retrieved from /home/noelsdavid/airflow_venv/lib/python3.12/site-packages/airflow/example_dags/example_branch_operator_decorator.py
[2026-05-18T06:37:22.521+0000] {logging_mixin.py:190} INFO - [2026-05-18T06:37:22.520+0000] {dag.py:3239} INFO - Sync 1 DAGs
[2026-05-18T06:37:22.552+0000] {logging_mixin.py:190} INFO - [2026-05-18T06:37:22.552+0000] {dag.py:4180} INFO - Setting next_dagrun for example_branch_python_operator_decorator to 2026-05-17 00:00:00+00:00, run_after=2026-05-18 00:00:00+00:00
[2026-05-18T06:37:22.584+0000] {processor.py:208} INFO - Processing /home/noelsdavid/airflow_venv/lib/python3.12/site-packages/airflow/example_dags/example_branch_operator_decorator.py took 0.138 seconds
[2026-05-18T06:38:29.321+0000] {processor.py:186} INFO - Started process (PID=11064) to work on /home/noelsdavid/airflow_venv/lib/python3.12/site-packages/airflow/example_dags/example_branch_operator_decorator.py
[2026-05-18T06:38:29.324+0000] {processor.py:914} INFO - Processing file /home/noelsdavid/airflow_venv/lib/python3.12/site-packages/airflow/example_dags/example_branch_operator_decorator.py for tasks to queue
[2026-05-18T06:38:29.326+0000] {logging_mixin.py:190} INFO - [2026-05-18T06:38:29.325+0000] {dagbag.py:588} INFO - Filling up the DagBag from /home/noelsdavid/airflow_venv/lib/python3.12/site-packages/airflow/example_dags/example_branch_operator_decorator.py
[2026-05-18T06:38:29.356+0000] {processor.py:925} INFO - DAG(s) 'example_branch_python_operator_decorator' retrieved from /home/noelsdavid/airflow_venv/lib/python3.12/site-packages/airflow/example_dags/example_branch_operator_decorator.py
[2026-05-18T06:38:29.388+0000] {logging_mixin.py:190} INFO - [2026-05-18T06:38:29.388+0000] {dag.py:3239} INFO - Sync 1 DAGs
[2026-05-18T06:38:29.415+0000] {logging_mixin.py:190} INFO - [2026-05-18T06:38:29.415+0000] {dag.py:4180} INFO - Setting next_dagrun for example_branch_python_operator_decorator to 2026-05-17 00:00:00+00:00, run_after=2026-05-18 00:00:00+00:00
[2026-05-18T06:38:29.445+0000] {processor.py:208} INFO - Processing /home/noelsdavid/airflow_venv/lib/python3.12/site-packages/airflow/example_dags/example_branch_operator_decorator.py took 0.131 seconds
[2026-05-18T06:39:33.335+0000] {processor.py:186} INFO - Started process (PID=11289) to work on /home/noelsdavid/airflow_venv/lib/python3.12/site-packages/airflow/example_dags/example_branch_operator_decorator.py
[2026-05-18T06:39:33.338+0000] {processor.py:914} INFO - Processing file /home/noelsdavid/airflow_venv/lib/python3.12/site-packages/airflow/example_dags/example_branch_operator_decorator.py for tasks to queue
[2026-05-18T06:39:33.340+0000] {logging_mixin.py:190} INFO - [2026-05-18T06:39:33.339+0000] {dagbag.py:588} INFO - Filling up the DagBag from /home/noelsdavid/airflow_venv/lib/python3.12/site-packages/airflow/example_dags/example_branch_operator_decorator.py
[2026-05-18T06:39:33.373+0000] {processor.py:925} INFO - DAG(s) 'example_branch_python_operator_decorator' retrieved from /home/noelsdavid/airflow_venv/lib/python3.12/site-packages/airflow/example_dags/example_branch_operator_decorator.py
[2026-05-18T06:39:33.407+0000] {logging_mixin.py:190} INFO - [2026-05-18T06:39:33.407+0000] {dag.py:3239} INFO - Sync 1 DAGs
[2026-05-18T06:39:33.435+0000] {logging_mixin.py:190} INFO - [2026-05-18T06:39:33.435+0000] {dag.py:4180} INFO - Setting next_dagrun for example_branch_python_operator_decorator to 2026-05-17 00:00:00+00:00, run_after=2026-05-18 00:00:00+00:00
[2026-05-18T06:39:33.471+0000] {processor.py:208} INFO - Processing /home/noelsdavid/airflow_venv/lib/python3.12/site-packages/airflow/example_dags/example_branch_operator_decorator.py took 0.144 seconds
[2026-05-18T06:40:44.940+0000] {processor.py:186} INFO - Started process (PID=11569) to work on /home/noelsdavid/airflow_venv/lib/python3.12/site-packages/airflow/example_dags/example_branch_operator_decorator.py
[2026-05-18T06:40:44.960+0000] {processor.py:914} INFO - Processing file /home/noelsdavid/airflow_venv/lib/python3.12/site-packages/airflow/example_dags/example_branch_operator_decorator.py for tasks to queue
[2026-05-18T06:40:44.963+0000] {logging_mixin.py:190} INFO - [2026-05-18T06:40:44.962+0000] {dagbag.py:588} INFO - Filling up the DagBag from /home/noelsdavid/airflow_venv/lib/python3.12/site-packages/airflow/example_dags/example_branch_operator_decorator.py
[2026-05-18T06:40:45.006+0000] {processor.py:925} INFO - DAG(s) 'example_branch_python_operator_decorator' retrieved from /home/noelsdavid/airflow_venv/lib/python3.12/site-packages/airflow/example_dags/example_branch_operator_decorator.py
[2026-05-18T06:40:45.053+0000] {logging_mixin.py:190} INFO - [2026-05-18T06:40:45.052+0000] {dag.py:3239} INFO - Sync 1 DAGs
[2026-05-18T06:40:45.096+0000] {logging_mixin.py:190} INFO - [2026-05-18T06:40:45.095+0000] {dag.py:4180} INFO - Setting next_dagrun for example_branch_python_operator_decorator to 2026-05-17 00:00:00+00:00, run_after=2026-05-18 00:00:00+00:00
[2026-05-18T06:40:45.147+0000] {processor.py:208} INFO - Processing /home/noelsdavid/airflow_venv/lib/python3.12/site-packages/airflow/example_dags/example_branch_operator_decorator.py took 0.215 seconds
[2026-05-18T06:41:56.730+0000] {processor.py:186} INFO - Started process (PID=12264) to work on /home/noelsdavid/airflow_venv/lib/python3.12/site-packages/airflow/example_dags/example_branch_operator_decorator.py
[2026-05-18T06:41:56.745+0000] {processor.py:914} INFO - Processing file /home/noelsdavid/airflow_venv/lib/python3.12/site-packages/airflow/example_dags/example_branch_operator_decorator.py for tasks to queue
[2026-05-18T06:41:56.747+0000] {logging_mixin.py:190} INFO - [2026-05-18T06:41:56.747+0000] {dagbag.py:588} INFO - Filling up the DagBag from /home/noelsdavid/airflow_venv/lib/python3.12/site-packages/airflow/example_dags/example_branch_operator_decorator.py
[2026-05-18T06:41:56.780+0000] {processor.py:925} INFO - DAG(s) 'example_branch_python_operator_decorator' retrieved from /home/noelsdavid/airflow_venv/lib/python3.12/site-packages/airflow/example_dags/example_branch_operator_decorator.py
[2026-05-18T06:41:56.813+0000] {logging_mixin.py:190} INFO - [2026-05-18T06:41:56.813+0000] {dag.py:3239} INFO - Sync 1 DAGs
[2026-05-18T06:41:56.844+0000] {logging_mixin.py:190} INFO - [2026-05-18T06:41:56.844+0000] {dag.py:4180} INFO - Setting next_dagrun for example_branch_python_operator_decorator to 2026-05-17 00:00:00+00:00, run_after=2026-05-18 00:00:00+00:00
[2026-05-18T06:41:56.885+0000] {processor.py:208} INFO - Processing /home/noelsdavid/airflow_venv/lib/python3.12/site-packages/airflow/example_dags/example_branch_operator_decorator.py took 0.162 seconds
[2026-05-18T06:43:09.662+0000] {processor.py:186} INFO - Started process (PID=12648) to work on /home/noelsdavid/airflow_venv/lib/python3.12/site-packages/airflow/example_dags/example_branch_operator_decorator.py
[2026-05-18T06:43:09.665+0000] {processor.py:914} INFO - Processing file /home/noelsdavid/airflow_venv/lib/python3.12/site-packages/airflow/example_dags/example_branch_operator_decorator.py for tasks to queue
[2026-05-18T06:43:09.668+0000] {logging_mixin.py:190} INFO - [2026-05-18T06:43:09.666+0000] {dagbag.py:588} INFO - Filling up the DagBag from /home/noelsdavid/airflow_venv/lib/python3.12/site-packages/airflow/example_dags/example_branch_operator_decorator.py
[2026-05-18T06:43:09.709+0000] {processor.py:925} INFO - DAG(s) 'example_branch_python_operator_decorator' retrieved from /home/noelsdavid/airflow_venv/lib/python3.12/site-packages/airflow/example_dags/example_branch_operator_decorator.py
[2026-05-18T06:43:09.745+0000] {logging_mixin.py:190} INFO - [2026-05-18T06:43:09.744+0000] {dag.py:3239} INFO - Sync 1 DAGs
[2026-05-18T06:43:09.774+0000] {logging_mixin.py:190} INFO - [2026-05-18T06:43:09.774+0000] {dag.py:4180} INFO - Setting next_dagrun for example_branch_python_operator_decorator to 2026-05-17 00:00:00+00:00, run_after=2026-05-18 00:00:00+00:00
[2026-05-18T06:43:09.813+0000] {processor.py:208} INFO - Processing /home/noelsdavid/airflow_venv/lib/python3.12/site-packages/airflow/example_dags/example_branch_operator_decorator.py took 0.165 seconds
[2026-05-18T06:44:47.539+0000] {processor.py:186} INFO - Started process (PID=13062) to work on /home/noelsdavid/airflow_venv/lib/python3.12/site-packages/airflow/example_dags/example_branch_operator_decorator.py
[2026-05-18T06:44:47.568+0000] {processor.py:914} INFO - Processing file /home/noelsdavid/airflow_venv/lib/python3.12/site-packages/airflow/example_dags/example_branch_operator_decorator.py for tasks to queue
[2026-05-18T06:44:47.571+0000] {logging_mixin.py:190} INFO - [2026-05-18T06:44:47.570+0000] {dagbag.py:588} INFO - Filling up the DagBag from /home/noelsdavid/airflow_venv/lib/python3.12/site-packages/airflow/example_dags/example_branch_operator_decorator.py
[2026-05-18T06:44:47.609+0000] {processor.py:925} INFO - DAG(s) 'example_branch_python_operator_decorator' retrieved from /home/noelsdavid/airflow_venv/lib/python3.12/site-packages/airflow/example_dags/example_branch_operator_decorator.py
[2026-05-18T06:44:47.642+0000] {logging_mixin.py:190} INFO - [2026-05-18T06:44:47.642+0000] {dag.py:3239} INFO - Sync 1 DAGs
[2026-05-18T06:44:47.674+0000] {logging_mixin.py:190} INFO - [2026-05-18T06:44:47.673+0000] {dag.py:4180} INFO - Setting next_dagrun for example_branch_python_operator_decorator to 2026-05-17 00:00:00+00:00, run_after=2026-05-18 00:00:00+00:00
[2026-05-18T06:44:47.707+0000] {processor.py:208} INFO - Processing /home/noelsdavid/airflow_venv/lib/python3.12/site-packages/airflow/example_dags/example_branch_operator_decorator.py took 0.178 seconds
[2026-05-18T06:46:00.792+0000] {processor.py:186} INFO - Started process (PID=13164) to work on /home/noelsdavid/airflow_venv/lib/python3.12/site-packages/airflow/example_dags/example_branch_operator_decorator.py
[2026-05-18T06:46:00.795+0000] {processor.py:914} INFO - Processing file /home/noelsdavid/airflow_venv/lib/python3.12/site-packages/airflow/example_dags/example_branch_operator_decorator.py for tasks to queue
[2026-05-18T06:46:00.797+0000] {logging_mixin.py:190} INFO - [2026-05-18T06:46:00.796+0000] {dagbag.py:588} INFO - Filling up the DagBag from /home/noelsdavid/airflow_venv/lib/python3.12/site-packages/airflow/example_dags/example_branch_operator_decorator.py
[2026-05-18T06:46:00.827+0000] {processor.py:925} INFO - DAG(s) 'example_branch_python_operator_decorator' retrieved from /home/noelsdavid/airflow_venv/lib/python3.12/site-packages/airflow/example_dags/example_branch_operator_decorator.py
[2026-05-18T06:46:00.859+0000] {logging_mixin.py:190} INFO - [2026-05-18T06:46:00.859+0000] {dag.py:3239} INFO - Sync 1 DAGs
[2026-05-18T06:46:00.888+0000] {logging_mixin.py:190} INFO - [2026-05-18T06:46:00.887+0000] {dag.py:4180} INFO - Setting next_dagrun for example_branch_python_operator_decorator to 2026-05-17 00:00:00+00:00, run_after=2026-05-18 00:00:00+00:00
[2026-05-18T06:46:00.921+0000] {processor.py:208} INFO - Processing /home/noelsdavid/airflow_venv/lib/python3.12/site-packages/airflow/example_dags/example_branch_operator_decorator.py took 0.138 seconds
[2026-05-18T06:47:10.494+0000] {processor.py:186} INFO - Started process (PID=13241) to work on /home/noelsdavid/airflow_venv/lib/python3.12/site-packages/airflow/example_dags/example_branch_operator_decorator.py
[2026-05-18T06:47:10.497+0000] {processor.py:914} INFO - Processing file /home/noelsdavid/airflow_venv/lib/python3.12/site-packages/airflow/example_dags/example_branch_operator_decorator.py for tasks to queue
[2026-05-18T06:47:10.499+0000] {logging_mixin.py:190} INFO - [2026-05-18T06:47:10.499+0000] {dagbag.py:588} INFO - Filling up the DagBag from /home/noelsdavid/airflow_venv/lib/python3.12/site-packages/airflow/example_dags/example_branch_operator_decorator.py
[2026-05-18T06:47:10.530+0000] {processor.py:925} INFO - DAG(s) 'example_branch_python_operator_decorator' retrieved from /home/noelsdavid/airflow_venv/lib/python3.12/site-packages/airflow/example_dags/example_branch_operator_decorator.py
[2026-05-18T06:47:10.562+0000] {logging_mixin.py:190} INFO - [2026-05-18T06:47:10.562+0000] {dag.py:3239} INFO - Sync 1 DAGs
[2026-05-18T06:47:10.589+0000] {logging_mixin.py:190} INFO - [2026-05-18T06:47:10.589+0000] {dag.py:4180} INFO - Setting next_dagrun for example_branch_python_operator_decorator to 2026-05-17 00:00:00+00:00, run_after=2026-05-18 00:00:00+00:00
[2026-05-18T06:47:10.623+0000] {processor.py:208} INFO - Processing /home/noelsdavid/airflow_venv/lib/python3.12/site-packages/airflow/example_dags/example_branch_operator_decorator.py took 0.139 seconds
[2026-05-18T06:48:14.177+0000] {processor.py:186} INFO - Started process (PID=13313) to work on /home/noelsdavid/airflow_venv/lib/python3.12/site-packages/airflow/example_dags/example_branch_operator_decorator.py
[2026-05-18T06:48:14.196+0000] {processor.py:914} INFO - Processing file /home/noelsdavid/airflow_venv/lib/python3.12/site-packages/airflow/example_dags/example_branch_operator_decorator.py for tasks to queue
[2026-05-18T06:48:14.198+0000] {logging_mixin.py:190} INFO - [2026-05-18T06:48:14.198+0000] {dagbag.py:588} INFO - Filling up the DagBag from /home/noelsdavid/airflow_venv/lib/python3.12/site-packages/airflow/example_dags/example_branch_operator_decorator.py
[2026-05-18T06:48:14.229+0000] {processor.py:925} INFO - DAG(s) 'example_branch_python_operator_decorator' retrieved from /home/noelsdavid/airflow_venv/lib/python3.12/site-packages/airflow/example_dags/example_branch_operator_decorator.py
[2026-05-18T06:48:14.261+0000] {logging_mixin.py:190} INFO - [2026-05-18T06:48:14.261+0000] {dag.py:3239} INFO - Sync 1 DAGs
[2026-05-18T06:48:14.288+0000] {logging_mixin.py:190} INFO - [2026-05-18T06:48:14.288+0000] {dag.py:4180} INFO - Setting next_dagrun for example_branch_python_operator_decorator to 2026-05-17 00:00:00+00:00, run_after=2026-05-18 00:00:00+00:00
[2026-05-18T06:48:14.322+0000] {processor.py:208} INFO - Processing /home/noelsdavid/airflow_venv/lib/python3.12/site-packages/airflow/example_dags/example_branch_operator_decorator.py took 0.153 seconds
[2026-05-18T06:49:20.070+0000] {processor.py:186} INFO - Started process (PID=13387) to work on /home/noelsdavid/airflow_venv/lib/python3.12/site-packages/airflow/example_dags/example_branch_operator_decorator.py
[2026-05-18T06:49:20.072+0000] {processor.py:914} INFO - Processing file /home/noelsdavid/airflow_venv/lib/python3.12/site-packages/airflow/example_dags/example_branch_operator_decorator.py for tasks to queue
[2026-05-18T06:49:20.074+0000] {logging_mixin.py:190} INFO - [2026-05-18T06:49:20.074+0000] {dagbag.py:588} INFO - Filling up the DagBag from /home/noelsdavid/airflow_venv/lib/python3.12/site-packages/airflow/example_dags/example_branch_operator_decorator.py
[2026-05-18T06:49:20.104+0000] {processor.py:925} INFO - DAG(s) 'example_branch_python_operator_decorator' retrieved from /home/noelsdavid/airflow_venv/lib/python3.12/site-packages/airflow/example_dags/example_branch_operator_decorator.py
[2026-05-18T06:49:20.136+0000] {logging_mixin.py:190} INFO - [2026-05-18T06:49:20.135+0000] {dag.py:3239} INFO - Sync 1 DAGs
[2026-05-18T06:49:20.162+0000] {logging_mixin.py:190} INFO - [2026-05-18T06:49:20.161+0000] {dag.py:4180} INFO - Setting next_dagrun for example_branch_python_operator_decorator to 2026-05-17 00:00:00+00:00, run_after=2026-05-18 00:00:00+00:00
[2026-05-18T06:49:20.191+0000] {processor.py:208} INFO - Processing /home/noelsdavid/airflow_venv/lib/python3.12/site-packages/airflow/example_dags/example_branch_operator_decorator.py took 0.131 seconds
[2026-05-18T06:50:27.863+0000] {processor.py:186} INFO - Started process (PID=13956) to work on /home/noelsdavid/airflow_venv/lib/python3.12/site-packages/airflow/example_dags/example_branch_operator_decorator.py
[2026-05-18T06:50:27.866+0000] {processor.py:914} INFO - Processing file /home/noelsdavid/airflow_venv/lib/python3.12/site-packages/airflow/example_dags/example_branch_operator_decorator.py for tasks to queue
[2026-05-18T06:50:27.868+0000] {logging_mixin.py:190} INFO - [2026-05-18T06:50:27.867+0000] {dagbag.py:588} INFO - Filling up the DagBag from /home/noelsdavid/airflow_venv/lib/python3.12/site-packages/airflow/example_dags/example_branch_operator_decorator.py
[2026-05-18T06:50:27.897+0000] {processor.py:925} INFO - DAG(s) 'example_branch_python_operator_decorator' retrieved from /home/noelsdavid/airflow_venv/lib/python3.12/site-packages/airflow/example_dags/example_branch_operator_decorator.py
[2026-05-18T06:50:27.927+0000] {logging_mixin.py:190} INFO - [2026-05-18T06:50:27.927+0000] {dag.py:3239} INFO - Sync 1 DAGs
[2026-05-18T06:50:27.954+0000] {logging_mixin.py:190} INFO - [2026-05-18T06:50:27.953+0000] {dag.py:4180} INFO - Setting next_dagrun for example_branch_python_operator_decorator to 2026-05-17 00:00:00+00:00, run_after=2026-05-18 00:00:00+00:00
[2026-05-18T06:50:27.984+0000] {processor.py:208} INFO - Processing /home/noelsdavid/airflow_venv/lib/python3.12/site-packages/airflow/example_dags/example_branch_operator_decorator.py took 0.130 seconds
[2026-05-18T06:51:39.918+0000] {processor.py:186} INFO - Started process (PID=14264) to work on /home/noelsdavid/airflow_venv/lib/python3.12/site-packages/airflow/example_dags/example_branch_operator_decorator.py
[2026-05-18T06:51:39.943+0000] {processor.py:914} INFO - Processing file /home/noelsdavid/airflow_venv/lib/python3.12/site-packages/airflow/example_dags/example_branch_operator_decorator.py for tasks to queue
[2026-05-18T06:51:39.945+0000] {logging_mixin.py:190} INFO - [2026-05-18T06:51:39.944+0000] {dagbag.py:588} INFO - Filling up the DagBag from /home/noelsdavid/airflow_venv/lib/python3.12/site-packages/airflow/example_dags/example_branch_operator_decorator.py
[2026-05-18T06:51:39.980+0000] {processor.py:925} INFO - DAG(s) 'example_branch_python_operator_decorator' retrieved from /home/noelsdavid/airflow_venv/lib/python3.12/site-packages/airflow/example_dags/example_branch_operator_decorator.py
[2026-05-18T06:51:40.022+0000] {logging_mixin.py:190} INFO - [2026-05-18T06:51:40.021+0000] {dag.py:3239} INFO - Sync 1 DAGs
[2026-05-18T06:51:40.060+0000] {logging_mixin.py:190} INFO - [2026-05-18T06:51:40.060+0000] {dag.py:4180} INFO - Setting next_dagrun for example_branch_python_operator_decorator to 2026-05-17 00:00:00+00:00, run_after=2026-05-18 00:00:00+00:00
[2026-05-18T06:51:40.092+0000] {processor.py:208} INFO - Processing /home/noelsdavid/airflow_venv/lib/python3.12/site-packages/airflow/example_dags/example_branch_operator_decorator.py took 0.185 seconds
[2026-05-18T06:52:49.123+0000] {processor.py:186} INFO - Started process (PID=14540) to work on /home/noelsdavid/airflow_venv/lib/python3.12/site-packages/airflow/example_dags/example_branch_operator_decorator.py
[2026-05-18T06:52:49.149+0000] {processor.py:914} INFO - Processing file /home/noelsdavid/airflow_venv/lib/python3.12/site-packages/airflow/example_dags/example_branch_operator_decorator.py for tasks to queue
[2026-05-18T06:52:49.150+0000] {logging_mixin.py:190} INFO - [2026-05-18T06:52:49.150+0000] {dagbag.py:588} INFO - Filling up the DagBag from /home/noelsdavid/airflow_venv/lib/python3.12/site-packages/airflow/example_dags/example_branch_operator_decorator.py
[2026-05-18T06:52:49.185+0000] {processor.py:925} INFO - DAG(s) 'example_branch_python_operator_decorator' retrieved from /home/noelsdavid/airflow_venv/lib/python3.12/site-packages/airflow/example_dags/example_branch_operator_decorator.py
[2026-05-18T06:52:49.220+0000] {logging_mixin.py:190} INFO - [2026-05-18T06:52:49.219+0000] {dag.py:3239} INFO - Sync 1 DAGs
[2026-05-18T06:52:49.249+0000] {logging_mixin.py:190} INFO - [2026-05-18T06:52:49.248+0000] {dag.py:4180} INFO - Setting next_dagrun for example_branch_python_operator_decorator to 2026-05-17 00:00:00+00:00, run_after=2026-05-18 00:00:00+00:00
[2026-05-18T06:52:49.282+0000] {processor.py:208} INFO - Processing /home/noelsdavid/airflow_venv/lib/python3.12/site-packages/airflow/example_dags/example_branch_operator_decorator.py took 0.168 seconds
[2026-05-18T06:54:03.178+0000] {processor.py:186} INFO - Started process (PID=14875) to work on /home/noelsdavid/airflow_venv/lib/python3.12/site-packages/airflow/example_dags/example_branch_operator_decorator.py
[2026-05-18T06:54:03.181+0000] {processor.py:914} INFO - Processing file /home/noelsdavid/airflow_venv/lib/python3.12/site-packages/airflow/example_dags/example_branch_operator_decorator.py for tasks to queue
[2026-05-18T06:54:03.184+0000] {logging_mixin.py:190} INFO - [2026-05-18T06:54:03.183+0000] {dagbag.py:588} INFO - Filling up the DagBag from /home/noelsdavid/airflow_venv/lib/python3.12/site-packages/airflow/example_dags/example_branch_operator_decorator.py
[2026-05-18T06:54:03.220+0000] {processor.py:925} INFO - DAG(s) 'example_branch_python_operator_decorator' retrieved from /home/noelsdavid/airflow_venv/lib/python3.12/site-packages/airflow/example_dags/example_branch_operator_decorator.py
[2026-05-18T06:54:03.258+0000] {logging_mixin.py:190} INFO - [2026-05-18T06:54:03.257+0000] {dag.py:3239} INFO - Sync 1 DAGs
[2026-05-18T06:54:03.294+0000] {logging_mixin.py:190} INFO - [2026-05-18T06:54:03.293+0000] {dag.py:4180} INFO - Setting next_dagrun for example_branch_python_operator_decorator to 2026-05-17 00:00:00+00:00, run_after=2026-05-18 00:00:00+00:00
[2026-05-18T06:54:03.341+0000] {processor.py:208} INFO - Processing /home/noelsdavid/airflow_venv/lib/python3.12/site-packages/airflow/example_dags/example_branch_operator_decorator.py took 0.172 seconds
[2026-05-18T06:55:15.074+0000] {processor.py:186} INFO - Started process (PID=15070) to work on /home/noelsdavid/airflow_venv/lib/python3.12/site-packages/airflow/example_dags/example_branch_operator_decorator.py
[2026-05-18T06:55:15.097+0000] {processor.py:914} INFO - Processing file /home/noelsdavid/airflow_venv/lib/python3.12/site-packages/airflow/example_dags/example_branch_operator_decorator.py for tasks to queue
[2026-05-18T06:55:15.099+0000] {logging_mixin.py:190} INFO - [2026-05-18T06:55:15.099+0000] {dagbag.py:588} INFO - Filling up the DagBag from /home/noelsdavid/airflow_venv/lib/python3.12/site-packages/airflow/example_dags/example_branch_operator_decorator.py
[2026-05-18T06:55:15.159+0000] {processor.py:925} INFO - DAG(s) 'example_branch_python_operator_decorator' retrieved from /home/noelsdavid/airflow_venv/lib/python3.12/site-packages/airflow/example_dags/example_branch_operator_decorator.py
[2026-05-18T06:55:15.222+0000] {logging_mixin.py:190} INFO - [2026-05-18T06:55:15.222+0000] {dag.py:3239} INFO - Sync 1 DAGs
[2026-05-18T06:55:15.269+0000] {logging_mixin.py:190} INFO - [2026-05-18T06:55:15.269+0000] {dag.py:4180} INFO - Setting next_dagrun for example_branch_python_operator_decorator to 2026-05-17 00:00:00+00:00, run_after=2026-05-18 00:00:00+00:00
[2026-05-18T06:55:15.311+0000] {processor.py:208} INFO - Processing /home/noelsdavid/airflow_venv/lib/python3.12/site-packages/airflow/example_dags/example_branch_operator_decorator.py took 0.247 seconds
[2026-05-18T06:56:33.922+0000] {processor.py:186} INFO - Started process (PID=15405) to work on /home/noelsdavid/airflow_venv/lib/python3.12/site-packages/airflow/example_dags/example_branch_operator_decorator.py
[2026-05-18T06:56:33.954+0000] {processor.py:914} INFO - Processing file /home/noelsdavid/airflow_venv/lib/python3.12/site-packages/airflow/example_dags/example_branch_operator_decorator.py for tasks to queue
[2026-05-18T06:56:33.958+0000] {logging_mixin.py:190} INFO - [2026-05-18T06:56:33.957+0000] {dagbag.py:588} INFO - Filling up the DagBag from /home/noelsdavid/airflow_venv/lib/python3.12/site-packages/airflow/example_dags/example_branch_operator_decorator.py
[2026-05-18T06:56:34.012+0000] {processor.py:925} INFO - DAG(s) 'example_branch_python_operator_decorator' retrieved from /home/noelsdavid/airflow_venv/lib/python3.12/site-packages/airflow/example_dags/example_branch_operator_decorator.py
[2026-05-18T06:56:34.070+0000] {logging_mixin.py:190} INFO - [2026-05-18T06:56:34.070+0000] {dag.py:3239} INFO - Sync 1 DAGs
[2026-05-18T06:56:34.115+0000] {logging_mixin.py:190} INFO - [2026-05-18T06:56:34.114+0000] {dag.py:4180} INFO - Setting next_dagrun for example_branch_python_operator_decorator to 2026-05-17 00:00:00+00:00, run_after=2026-05-18 00:00:00+00:00
[2026-05-18T06:56:34.158+0000] {processor.py:208} INFO - Processing /home/noelsdavid/airflow_venv/lib/python3.12/site-packages/airflow/example_dags/example_branch_operator_decorator.py took 0.254 seconds
[2026-05-18T06:57:51.237+0000] {processor.py:186} INFO - Started process (PID=15537) to work on /home/noelsdavid/airflow_venv/lib/python3.12/site-packages/airflow/example_dags/example_branch_operator_decorator.py
[2026-05-18T06:57:51.239+0000] {processor.py:914} INFO - Processing file /home/noelsdavid/airflow_venv/lib/python3.12/site-packages/airflow/example_dags/example_branch_operator_decorator.py for tasks to queue
[2026-05-18T06:57:51.241+0000] {logging_mixin.py:190} INFO - [2026-05-18T06:57:51.241+0000] {dagbag.py:588} INFO - Filling up the DagBag from /home/noelsdavid/airflow_venv/lib/python3.12/site-packages/airflow/example_dags/example_branch_operator_decorator.py
[2026-05-18T06:57:51.277+0000] {processor.py:925} INFO - DAG(s) 'example_branch_python_operator_decorator' retrieved from /home/noelsdavid/airflow_venv/lib/python3.12/site-packages/airflow/example_dags/example_branch_operator_decorator.py
[2026-05-18T06:57:51.311+0000] {logging_mixin.py:190} INFO - [2026-05-18T06:57:51.310+0000] {dag.py:3239} INFO - Sync 1 DAGs
[2026-05-18T06:57:51.347+0000] {logging_mixin.py:190} INFO - [2026-05-18T06:57:51.347+0000] {dag.py:4180} INFO - Setting next_dagrun for example_branch_python_operator_decorator to 2026-05-17 00:00:00+00:00, run_after=2026-05-18 00:00:00+00:00
[2026-05-18T06:57:51.388+0000] {processor.py:208} INFO - Processing /home/noelsdavid/airflow_venv/lib/python3.12/site-packages/airflow/example_dags/example_branch_operator_decorator.py took 0.162 seconds
[2026-05-18T06:59:05.571+0000] {processor.py:186} INFO - Started process (PID=15819) to work on /home/noelsdavid/airflow_venv/lib/python3.12/site-packages/airflow/example_dags/example_branch_operator_decorator.py
[2026-05-18T06:59:05.574+0000] {processor.py:914} INFO - Processing file /home/noelsdavid/airflow_venv/lib/python3.12/site-packages/airflow/example_dags/example_branch_operator_decorator.py for tasks to queue
[2026-05-18T06:59:05.577+0000] {logging_mixin.py:190} INFO - [2026-05-18T06:59:05.576+0000] {dagbag.py:588} INFO - Filling up the DagBag from /home/noelsdavid/airflow_venv/lib/python3.12/site-packages/airflow/example_dags/example_branch_operator_decorator.py
[2026-05-18T06:59:05.614+0000] {processor.py:925} INFO - DAG(s) 'example_branch_python_operator_decorator' retrieved from /home/noelsdavid/airflow_venv/lib/python3.12/site-packages/airflow/example_dags/example_branch_operator_decorator.py
[2026-05-18T06:59:05.649+0000] {logging_mixin.py:190} INFO - [2026-05-18T06:59:05.649+0000] {dag.py:3239} INFO - Sync 1 DAGs
[2026-05-18T06:59:05.680+0000] {logging_mixin.py:190} INFO - [2026-05-18T06:59:05.679+0000] {dag.py:4180} INFO - Setting next_dagrun for example_branch_python_operator_decorator to 2026-05-17 00:00:00+00:00, run_after=2026-05-18 00:00:00+00:00
[2026-05-18T06:59:05.721+0000] {processor.py:208} INFO - Processing /home/noelsdavid/airflow_venv/lib/python3.12/site-packages/airflow/example_dags/example_branch_operator_decorator.py took 0.164 seconds
[2026-05-18T07:00:25.584+0000] {processor.py:186} INFO - Started process (PID=16173) to work on /home/noelsdavid/airflow_venv/lib/python3.12/site-packages/airflow/example_dags/example_branch_operator_decorator.py
[2026-05-18T07:00:25.587+0000] {processor.py:914} INFO - Processing file /home/noelsdavid/airflow_venv/lib/python3.12/site-packages/airflow/example_dags/example_branch_operator_decorator.py for tasks to queue
[2026-05-18T07:00:25.589+0000] {logging_mixin.py:190} INFO - [2026-05-18T07:00:25.589+0000] {dagbag.py:588} INFO - Filling up the DagBag from /home/noelsdavid/airflow_venv/lib/python3.12/site-packages/airflow/example_dags/example_branch_operator_decorator.py
[2026-05-18T07:00:25.623+0000] {processor.py:925} INFO - DAG(s) 'example_branch_python_operator_decorator' retrieved from /home/noelsdavid/airflow_venv/lib/python3.12/site-packages/airflow/example_dags/example_branch_operator_decorator.py
[2026-05-18T07:00:25.663+0000] {logging_mixin.py:190} INFO - [2026-05-18T07:00:25.662+0000] {dag.py:3239} INFO - Sync 1 DAGs
[2026-05-18T07:00:25.691+0000] {logging_mixin.py:190} INFO - [2026-05-18T07:00:25.690+0000] {dag.py:4180} INFO - Setting next_dagrun for example_branch_python_operator_decorator to 2026-05-17 00:00:00+00:00, run_after=2026-05-18 00:00:00+00:00
[2026-05-18T07:00:25.722+0000] {processor.py:208} INFO - Processing /home/noelsdavid/airflow_venv/lib/python3.12/site-packages/airflow/example_dags/example_branch_operator_decorator.py took 0.148 seconds
[2026-05-18T07:01:42.349+0000] {processor.py:186} INFO - Started process (PID=16427) to work on /home/noelsdavid/airflow_venv/lib/python3.12/site-packages/airflow/example_dags/example_branch_operator_decorator.py
[2026-05-18T07:01:42.351+0000] {processor.py:914} INFO - Processing file /home/noelsdavid/airflow_venv/lib/python3.12/site-packages/airflow/example_dags/example_branch_operator_decorator.py for tasks to queue
[2026-05-18T07:01:42.353+0000] {logging_mixin.py:190} INFO - [2026-05-18T07:01:42.353+0000] {dagbag.py:588} INFO - Filling up the DagBag from /home/noelsdavid/airflow_venv/lib/python3.12/site-packages/airflow/example_dags/example_branch_operator_decorator.py
[2026-05-18T07:01:42.387+0000] {processor.py:925} INFO - DAG(s) 'example_branch_python_operator_decorator' retrieved from /home/noelsdavid/airflow_venv/lib/python3.12/site-packages/airflow/example_dags/example_branch_operator_decorator.py
[2026-05-18T07:01:42.421+0000] {logging_mixin.py:190} INFO - [2026-05-18T07:01:42.420+0000] {dag.py:3239} INFO - Sync 1 DAGs
[2026-05-18T07:01:42.450+0000] {logging_mixin.py:190} INFO - [2026-05-18T07:01:42.449+0000] {dag.py:4180} INFO - Setting next_dagrun for example_branch_python_operator_decorator to 2026-05-17 00:00:00+00:00, run_after=2026-05-18 00:00:00+00:00
[2026-05-18T07:01:42.481+0000] {processor.py:208} INFO - Processing /home/noelsdavid/airflow_venv/lib/python3.12/site-packages/airflow/example_dags/example_branch_operator_decorator.py took 0.142 seconds
[2026-05-18T07:02:54.438+0000] {processor.py:186} INFO - Started process (PID=16505) to work on /home/noelsdavid/airflow_venv/lib/python3.12/site-packages/airflow/example_dags/example_branch_operator_decorator.py
[2026-05-18T07:02:54.440+0000] {processor.py:914} INFO - Processing file /home/noelsdavid/airflow_venv/lib/python3.12/site-packages/airflow/example_dags/example_branch_operator_decorator.py for tasks to queue
[2026-05-18T07:02:54.443+0000] {logging_mixin.py:190} INFO - [2026-05-18T07:02:54.442+0000] {dagbag.py:588} INFO - Filling up the DagBag from /home/noelsdavid/airflow_venv/lib/python3.12/site-packages/airflow/example_dags/example_branch_operator_decorator.py
[2026-05-18T07:02:54.474+0000] {processor.py:925} INFO - DAG(s) 'example_branch_python_operator_decorator' retrieved from /home/noelsdavid/airflow_venv/lib/python3.12/site-packages/airflow/example_dags/example_branch_operator_decorator.py
[2026-05-18T07:02:54.506+0000] {logging_mixin.py:190} INFO - [2026-05-18T07:02:54.506+0000] {dag.py:3239} INFO - Sync 1 DAGs
[2026-05-18T07:02:54.536+0000] {logging_mixin.py:190} INFO - [2026-05-18T07:02:54.535+0000] {dag.py:4180} INFO - Setting next_dagrun for example_branch_python_operator_decorator to 2026-05-17 00:00:00+00:00, run_after=2026-05-18 00:00:00+00:00
[2026-05-18T07:02:54.567+0000] {processor.py:208} INFO - Processing /home/noelsdavid/airflow_venv/lib/python3.12/site-packages/airflow/example_dags/example_branch_operator_decorator.py took 0.140 seconds
[2026-05-18T07:04:05.966+0000] {processor.py:186} INFO - Started process (PID=16583) to work on /home/noelsdavid/airflow_venv/lib/python3.12/site-packages/airflow/example_dags/example_branch_operator_decorator.py
[2026-05-18T07:04:05.969+0000] {processor.py:914} INFO - Processing file /home/noelsdavid/airflow_venv/lib/python3.12/site-packages/airflow/example_dags/example_branch_operator_decorator.py for tasks to queue
[2026-05-18T07:04:05.971+0000] {logging_mixin.py:190} INFO - [2026-05-18T07:04:05.970+0000] {dagbag.py:588} INFO - Filling up the DagBag from /home/noelsdavid/airflow_venv/lib/python3.12/site-packages/airflow/example_dags/example_branch_operator_decorator.py
[2026-05-18T07:04:06.002+0000] {processor.py:925} INFO - DAG(s) 'example_branch_python_operator_decorator' retrieved from /home/noelsdavid/airflow_venv/lib/python3.12/site-packages/airflow/example_dags/example_branch_operator_decorator.py
[2026-05-18T07:04:06.034+0000] {logging_mixin.py:190} INFO - [2026-05-18T07:04:06.034+0000] {dag.py:3239} INFO - Sync 1 DAGs
[2026-05-18T07:04:06.061+0000] {logging_mixin.py:190} INFO - [2026-05-18T07:04:06.060+0000] {dag.py:4180} INFO - Setting next_dagrun for example_branch_python_operator_decorator to 2026-05-17 00:00:00+00:00, run_after=2026-05-18 00:00:00+00:00
[2026-05-18T07:04:06.092+0000] {processor.py:208} INFO - Processing /home/noelsdavid/airflow_venv/lib/python3.12/site-packages/airflow/example_dags/example_branch_operator_decorator.py took 0.135 seconds
[2026-05-18T07:05:14.648+0000] {processor.py:186} INFO - Started process (PID=16684) to work on /home/noelsdavid/airflow_venv/lib/python3.12/site-packages/airflow/example_dags/example_branch_operator_decorator.py
[2026-05-18T07:05:14.650+0000] {processor.py:914} INFO - Processing file /home/noelsdavid/airflow_venv/lib/python3.12/site-packages/airflow/example_dags/example_branch_operator_decorator.py for tasks to queue
[2026-05-18T07:05:14.652+0000] {logging_mixin.py:190} INFO - [2026-05-18T07:05:14.651+0000] {dagbag.py:588} INFO - Filling up the DagBag from /home/noelsdavid/airflow_venv/lib/python3.12/site-packages/airflow/example_dags/example_branch_operator_decorator.py
[2026-05-18T07:05:14.683+0000] {processor.py:925} INFO - DAG(s) 'example_branch_python_operator_decorator' retrieved from /home/noelsdavid/airflow_venv/lib/python3.12/site-packages/airflow/example_dags/example_branch_operator_decorator.py
[2026-05-18T07:05:14.716+0000] {logging_mixin.py:190} INFO - [2026-05-18T07:05:14.716+0000] {dag.py:3239} INFO - Sync 1 DAGs
[2026-05-18T07:05:14.744+0000] {logging_mixin.py:190} INFO - [2026-05-18T07:05:14.743+0000] {dag.py:4180} INFO - Setting next_dagrun for example_branch_python_operator_decorator to 2026-05-17 00:00:00+00:00, run_after=2026-05-18 00:00:00+00:00
[2026-05-18T07:05:14.776+0000] {processor.py:208} INFO - Processing /home/noelsdavid/airflow_venv/lib/python3.12/site-packages/airflow/example_dags/example_branch_operator_decorator.py took 0.138 seconds
[2026-05-18T07:06:33.639+0000] {processor.py:186} INFO - Started process (PID=16765) to work on /home/noelsdavid/airflow_venv/lib/python3.12/site-packages/airflow/example_dags/example_branch_operator_decorator.py
[2026-05-18T07:06:33.642+0000] {processor.py:914} INFO - Processing file /home/noelsdavid/airflow_venv/lib/python3.12/site-packages/airflow/example_dags/example_branch_operator_decorator.py for tasks to queue
[2026-05-18T07:06:33.644+0000] {logging_mixin.py:190} INFO - [2026-05-18T07:06:33.643+0000] {dagbag.py:588} INFO - Filling up the DagBag from /home/noelsdavid/airflow_venv/lib/python3.12/site-packages/airflow/example_dags/example_branch_operator_decorator.py
[2026-05-18T07:06:33.687+0000] {processor.py:925} INFO - DAG(s) 'example_branch_python_operator_decorator' retrieved from /home/noelsdavid/airflow_venv/lib/python3.12/site-packages/airflow/example_dags/example_branch_operator_decorator.py
[2026-05-18T07:06:33.719+0000] {logging_mixin.py:190} INFO - [2026-05-18T07:06:33.719+0000] {dag.py:3239} INFO - Sync 1 DAGs
[2026-05-18T07:06:33.749+0000] {logging_mixin.py:190} INFO - [2026-05-18T07:06:33.749+0000] {dag.py:4180} INFO - Setting next_dagrun for example_branch_python_operator_decorator to 2026-05-17 00:00:00+00:00, run_after=2026-05-18 00:00:00+00:00
[2026-05-18T07:06:33.784+0000] {processor.py:208} INFO - Processing /home/noelsdavid/airflow_venv/lib/python3.12/site-packages/airflow/example_dags/example_branch_operator_decorator.py took 0.154 seconds
[2026-05-18T07:07:52.903+0000] {processor.py:186} INFO - Started process (PID=16845) to work on /home/noelsdavid/airflow_venv/lib/python3.12/site-packages/airflow/example_dags/example_branch_operator_decorator.py
[2026-05-18T07:07:52.905+0000] {processor.py:914} INFO - Processing file /home/noelsdavid/airflow_venv/lib/python3.12/site-packages/airflow/example_dags/example_branch_operator_decorator.py for tasks to queue
[2026-05-18T07:07:52.907+0000] {logging_mixin.py:190} INFO - [2026-05-18T07:07:52.907+0000] {dagbag.py:588} INFO - Filling up the DagBag from /home/noelsdavid/airflow_venv/lib/python3.12/site-packages/airflow/example_dags/example_branch_operator_decorator.py
[2026-05-18T07:07:52.938+0000] {processor.py:925} INFO - DAG(s) 'example_branch_python_operator_decorator' retrieved from /home/noelsdavid/airflow_venv/lib/python3.12/site-packages/airflow/example_dags/example_branch_operator_decorator.py
[2026-05-18T07:07:52.971+0000] {logging_mixin.py:190} INFO - [2026-05-18T07:07:52.971+0000] {dag.py:3239} INFO - Sync 1 DAGs
[2026-05-18T07:07:52.998+0000] {logging_mixin.py:190} INFO - [2026-05-18T07:07:52.998+0000] {dag.py:4180} INFO - Setting next_dagrun for example_branch_python_operator_decorator to 2026-05-17 00:00:00+00:00, run_after=2026-05-18 00:00:00+00:00
[2026-05-18T07:07:53.030+0000] {processor.py:208} INFO - Processing /home/noelsdavid/airflow_venv/lib/python3.12/site-packages/airflow/example_dags/example_branch_operator_decorator.py took 0.136 seconds
[2026-05-18T07:09:13.251+0000] {processor.py:186} INFO - Started process (PID=16927) to work on /home/noelsdavid/airflow_venv/lib/python3.12/site-packages/airflow/example_dags/example_branch_operator_decorator.py
[2026-05-18T07:09:13.253+0000] {processor.py:914} INFO - Processing file /home/noelsdavid/airflow_venv/lib/python3.12/site-packages/airflow/example_dags/example_branch_operator_decorator.py for tasks to queue
[2026-05-18T07:09:13.255+0000] {logging_mixin.py:190} INFO - [2026-05-18T07:09:13.255+0000] {dagbag.py:588} INFO - Filling up the DagBag from /home/noelsdavid/airflow_venv/lib/python3.12/site-packages/airflow/example_dags/example_branch_operator_decorator.py
[2026-05-18T07:09:13.455+0000] {processor.py:925} INFO - DAG(s) 'example_branch_python_operator_decorator' retrieved from /home/noelsdavid/airflow_venv/lib/python3.12/site-packages/airflow/example_dags/example_branch_operator_decorator.py
[2026-05-18T07:09:13.481+0000] {logging_mixin.py:190} INFO - [2026-05-18T07:09:13.481+0000] {dag.py:3239} INFO - Sync 1 DAGs
[2026-05-18T07:09:13.506+0000] {logging_mixin.py:190} INFO - [2026-05-18T07:09:13.506+0000] {dag.py:4180} INFO - Setting next_dagrun for example_branch_python_operator_decorator to 2026-05-17 00:00:00+00:00, run_after=2026-05-18 00:00:00+00:00
[2026-05-18T07:09:13.540+0000] {processor.py:208} INFO - Processing /home/noelsdavid/airflow_venv/lib/python3.12/site-packages/airflow/example_dags/example_branch_operator_decorator.py took 0.299 seconds
[2026-05-18T07:10:34.939+0000] {processor.py:186} INFO - Started process (PID=17037) to work on /home/noelsdavid/airflow_venv/lib/python3.12/site-packages/airflow/example_dags/example_branch_operator_decorator.py
[2026-05-18T07:10:34.943+0000] {processor.py:914} INFO - Processing file /home/noelsdavid/airflow_venv/lib/python3.12/site-packages/airflow/example_dags/example_branch_operator_decorator.py for tasks to queue
[2026-05-18T07:10:34.945+0000] {logging_mixin.py:190} INFO - [2026-05-18T07:10:34.944+0000] {dagbag.py:588} INFO - Filling up the DagBag from /home/noelsdavid/airflow_venv/lib/python3.12/site-packages/airflow/example_dags/example_branch_operator_decorator.py
[2026-05-18T07:10:34.975+0000] {processor.py:925} INFO - DAG(s) 'example_branch_python_operator_decorator' retrieved from /home/noelsdavid/airflow_venv/lib/python3.12/site-packages/airflow/example_dags/example_branch_operator_decorator.py
[2026-05-18T07:10:35.010+0000] {logging_mixin.py:190} INFO - [2026-05-18T07:10:35.010+0000] {dag.py:3239} INFO - Sync 1 DAGs
[2026-05-18T07:10:35.041+0000] {logging_mixin.py:190} INFO - [2026-05-18T07:10:35.040+0000] {dag.py:4180} INFO - Setting next_dagrun for example_branch_python_operator_decorator to 2026-05-17 00:00:00+00:00, run_after=2026-05-18 00:00:00+00:00
[2026-05-18T07:10:35.078+0000] {processor.py:208} INFO - Processing /home/noelsdavid/airflow_venv/lib/python3.12/site-packages/airflow/example_dags/example_branch_operator_decorator.py took 0.150 seconds
[2026-05-18T07:11:49.034+0000] {processor.py:186} INFO - Started process (PID=17116) to work on /home/noelsdavid/airflow_venv/lib/python3.12/site-packages/airflow/example_dags/example_branch_operator_decorator.py
[2026-05-18T07:11:49.036+0000] {processor.py:914} INFO - Processing file /home/noelsdavid/airflow_venv/lib/python3.12/site-packages/airflow/example_dags/example_branch_operator_decorator.py for tasks to queue
[2026-05-18T07:11:49.038+0000] {logging_mixin.py:190} INFO - [2026-05-18T07:11:49.038+0000] {dagbag.py:588} INFO - Filling up the DagBag from /home/noelsdavid/airflow_venv/lib/python3.12/site-packages/airflow/example_dags/example_branch_operator_decorator.py
[2026-05-18T07:11:49.070+0000] {processor.py:925} INFO - DAG(s) 'example_branch_python_operator_decorator' retrieved from /home/noelsdavid/airflow_venv/lib/python3.12/site-packages/airflow/example_dags/example_branch_operator_decorator.py
[2026-05-18T07:11:49.102+0000] {logging_mixin.py:190} INFO - [2026-05-18T07:11:49.102+0000] {dag.py:3239} INFO - Sync 1 DAGs
[2026-05-18T07:11:49.130+0000] {logging_mixin.py:190} INFO - [2026-05-18T07:11:49.129+0000] {dag.py:4180} INFO - Setting next_dagrun for example_branch_python_operator_decorator to 2026-05-17 00:00:00+00:00, run_after=2026-05-18 00:00:00+00:00
[2026-05-18T07:11:49.165+0000] {processor.py:208} INFO - Processing /home/noelsdavid/airflow_venv/lib/python3.12/site-packages/airflow/example_dags/example_branch_operator_decorator.py took 0.141 seconds
[2026-05-18T07:13:03.397+0000] {processor.py:186} INFO - Started process (PID=17195) to work on /home/noelsdavid/airflow_venv/lib/python3.12/site-packages/airflow/example_dags/example_branch_operator_decorator.py
[2026-05-18T07:13:03.401+0000] {processor.py:914} INFO - Processing file /home/noelsdavid/airflow_venv/lib/python3.12/site-packages/airflow/example_dags/example_branch_operator_decorator.py for tasks to queue
[2026-05-18T07:13:03.406+0000] {logging_mixin.py:190} INFO - [2026-05-18T07:13:03.403+0000] {dagbag.py:588} INFO - Filling up the DagBag from /home/noelsdavid/airflow_venv/lib/python3.12/site-packages/airflow/example_dags/example_branch_operator_decorator.py
[2026-05-18T07:13:03.455+0000] {processor.py:925} INFO - DAG(s) 'example_branch_python_operator_decorator' retrieved from /home/noelsdavid/airflow_venv/lib/python3.12/site-packages/airflow/example_dags/example_branch_operator_decorator.py
[2026-05-18T07:13:03.501+0000] {logging_mixin.py:190} INFO - [2026-05-18T07:13:03.501+0000] {dag.py:3239} INFO - Sync 1 DAGs
[2026-05-18T07:13:03.531+0000] {logging_mixin.py:190} INFO - [2026-05-18T07:13:03.531+0000] {dag.py:4180} INFO - Setting next_dagrun for example_branch_python_operator_decorator to 2026-05-17 00:00:00+00:00, run_after=2026-05-18 00:00:00+00:00
[2026-05-18T07:13:03.572+0000] {processor.py:208} INFO - Processing /home/noelsdavid/airflow_venv/lib/python3.12/site-packages/airflow/example_dags/example_branch_operator_decorator.py took 0.188 seconds
[2026-05-18T07:14:16.672+0000] {processor.py:186} INFO - Started process (PID=17275) to work on /home/noelsdavid/airflow_venv/lib/python3.12/site-packages/airflow/example_dags/example_branch_operator_decorator.py
[2026-05-18T07:14:16.675+0000] {processor.py:914} INFO - Processing file /home/noelsdavid/airflow_venv/lib/python3.12/site-packages/airflow/example_dags/example_branch_operator_decorator.py for tasks to queue
[2026-05-18T07:14:16.677+0000] {logging_mixin.py:190} INFO - [2026-05-18T07:14:16.676+0000] {dagbag.py:588} INFO - Filling up the DagBag from /home/noelsdavid/airflow_venv/lib/python3.12/site-packages/airflow/example_dags/example_branch_operator_decorator.py
[2026-05-18T07:14:16.708+0000] {processor.py:925} INFO - DAG(s) 'example_branch_python_operator_decorator' retrieved from /home/noelsdavid/airflow_venv/lib/python3.12/site-packages/airflow/example_dags/example_branch_operator_decorator.py
[2026-05-18T07:14:16.740+0000] {logging_mixin.py:190} INFO - [2026-05-18T07:14:16.740+0000] {dag.py:3239} INFO - Sync 1 DAGs
[2026-05-18T07:14:16.768+0000] {logging_mixin.py:190} INFO - [2026-05-18T07:14:16.767+0000] {dag.py:4180} INFO - Setting next_dagrun for example_branch_python_operator_decorator to 2026-05-17 00:00:00+00:00, run_after=2026-05-18 00:00:00+00:00
[2026-05-18T07:14:16.799+0000] {processor.py:208} INFO - Processing /home/noelsdavid/airflow_venv/lib/python3.12/site-packages/airflow/example_dags/example_branch_operator_decorator.py took 0.136 seconds
[2026-05-18T07:15:27.409+0000] {processor.py:186} INFO - Started process (PID=17375) to work on /home/noelsdavid/airflow_venv/lib/python3.12/site-packages/airflow/example_dags/example_branch_operator_decorator.py
[2026-05-18T07:15:27.412+0000] {processor.py:914} INFO - Processing file /home/noelsdavid/airflow_venv/lib/python3.12/site-packages/airflow/example_dags/example_branch_operator_decorator.py for tasks to queue
[2026-05-18T07:15:27.414+0000] {logging_mixin.py:190} INFO - [2026-05-18T07:15:27.414+0000] {dagbag.py:588} INFO - Filling up the DagBag from /home/noelsdavid/airflow_venv/lib/python3.12/site-packages/airflow/example_dags/example_branch_operator_decorator.py
[2026-05-18T07:15:27.452+0000] {processor.py:925} INFO - DAG(s) 'example_branch_python_operator_decorator' retrieved from /home/noelsdavid/airflow_venv/lib/python3.12/site-packages/airflow/example_dags/example_branch_operator_decorator.py
[2026-05-18T07:15:27.497+0000] {logging_mixin.py:190} INFO - [2026-05-18T07:15:27.496+0000] {dag.py:3239} INFO - Sync 1 DAGs
[2026-05-18T07:15:27.546+0000] {logging_mixin.py:190} INFO - [2026-05-18T07:15:27.545+0000] {dag.py:4180} INFO - Setting next_dagrun for example_branch_python_operator_decorator to 2026-05-17 00:00:00+00:00, run_after=2026-05-18 00:00:00+00:00
[2026-05-18T07:15:27.590+0000] {processor.py:208} INFO - Processing /home/noelsdavid/airflow_venv/lib/python3.12/site-packages/airflow/example_dags/example_branch_operator_decorator.py took 0.191 seconds
[2026-05-18T07:16:46.527+0000] {processor.py:186} INFO - Started process (PID=17457) to work on /home/noelsdavid/airflow_venv/lib/python3.12/site-packages/airflow/example_dags/example_branch_operator_decorator.py
[2026-05-18T07:16:46.530+0000] {processor.py:914} INFO - Processing file /home/noelsdavid/airflow_venv/lib/python3.12/site-packages/airflow/example_dags/example_branch_operator_decorator.py for tasks to queue
[2026-05-18T07:16:46.532+0000] {logging_mixin.py:190} INFO - [2026-05-18T07:16:46.532+0000] {dagbag.py:588} INFO - Filling up the DagBag from /home/noelsdavid/airflow_venv/lib/python3.12/site-packages/airflow/example_dags/example_branch_operator_decorator.py
[2026-05-18T07:16:46.568+0000] {processor.py:925} INFO - DAG(s) 'example_branch_python_operator_decorator' retrieved from /home/noelsdavid/airflow_venv/lib/python3.12/site-packages/airflow/example_dags/example_branch_operator_decorator.py
[2026-05-18T07:16:46.604+0000] {logging_mixin.py:190} INFO - [2026-05-18T07:16:46.604+0000] {dag.py:3239} INFO - Sync 1 DAGs
[2026-05-18T07:16:46.634+0000] {logging_mixin.py:190} INFO - [2026-05-18T07:16:46.633+0000] {dag.py:4180} INFO - Setting next_dagrun for example_branch_python_operator_decorator to 2026-05-17 00:00:00+00:00, run_after=2026-05-18 00:00:00+00:00
[2026-05-18T07:16:46.665+0000] {processor.py:208} INFO - Processing /home/noelsdavid/airflow_venv/lib/python3.12/site-packages/airflow/example_dags/example_branch_operator_decorator.py took 0.146 seconds
[2026-05-18T07:18:01.709+0000] {processor.py:186} INFO - Started process (PID=17539) to work on /home/noelsdavid/airflow_venv/lib/python3.12/site-packages/airflow/example_dags/example_branch_operator_decorator.py
[2026-05-18T07:18:01.712+0000] {processor.py:914} INFO - Processing file /home/noelsdavid/airflow_venv/lib/python3.12/site-packages/airflow/example_dags/example_branch_operator_decorator.py for tasks to queue
[2026-05-18T07:18:01.716+0000] {logging_mixin.py:190} INFO - [2026-05-18T07:18:01.715+0000] {dagbag.py:588} INFO - Filling up the DagBag from /home/noelsdavid/airflow_venv/lib/python3.12/site-packages/airflow/example_dags/example_branch_operator_decorator.py
[2026-05-18T07:18:01.769+0000] {processor.py:925} INFO - DAG(s) 'example_branch_python_operator_decorator' retrieved from /home/noelsdavid/airflow_venv/lib/python3.12/site-packages/airflow/example_dags/example_branch_operator_decorator.py
[2026-05-18T07:18:01.803+0000] {logging_mixin.py:190} INFO - [2026-05-18T07:18:01.803+0000] {dag.py:3239} INFO - Sync 1 DAGs
[2026-05-18T07:18:01.833+0000] {logging_mixin.py:190} INFO - [2026-05-18T07:18:01.832+0000] {dag.py:4180} INFO - Setting next_dagrun for example_branch_python_operator_decorator to 2026-05-17 00:00:00+00:00, run_after=2026-05-18 00:00:00+00:00
[2026-05-18T07:18:01.867+0000] {processor.py:208} INFO - Processing /home/noelsdavid/airflow_venv/lib/python3.12/site-packages/airflow/example_dags/example_branch_operator_decorator.py took 0.173 seconds
[2026-05-18T07:19:08.172+0000] {processor.py:186} INFO - Started process (PID=17613) to work on /home/noelsdavid/airflow_venv/lib/python3.12/site-packages/airflow/example_dags/example_branch_operator_decorator.py
[2026-05-18T07:19:08.174+0000] {processor.py:914} INFO - Processing file /home/noelsdavid/airflow_venv/lib/python3.12/site-packages/airflow/example_dags/example_branch_operator_decorator.py for tasks to queue
[2026-05-18T07:19:08.177+0000] {logging_mixin.py:190} INFO - [2026-05-18T07:19:08.176+0000] {dagbag.py:588} INFO - Filling up the DagBag from /home/noelsdavid/airflow_venv/lib/python3.12/site-packages/airflow/example_dags/example_branch_operator_decorator.py
[2026-05-18T07:19:08.207+0000] {processor.py:925} INFO - DAG(s) 'example_branch_python_operator_decorator' retrieved from /home/noelsdavid/airflow_venv/lib/python3.12/site-packages/airflow/example_dags/example_branch_operator_decorator.py
[2026-05-18T07:19:08.238+0000] {logging_mixin.py:190} INFO - [2026-05-18T07:19:08.238+0000] {dag.py:3239} INFO - Sync 1 DAGs
[2026-05-18T07:19:08.267+0000] {logging_mixin.py:190} INFO - [2026-05-18T07:19:08.266+0000] {dag.py:4180} INFO - Setting next_dagrun for example_branch_python_operator_decorator to 2026-05-17 00:00:00+00:00, run_after=2026-05-18 00:00:00+00:00
[2026-05-18T07:19:08.302+0000] {processor.py:208} INFO - Processing /home/noelsdavid/airflow_venv/lib/python3.12/site-packages/airflow/example_dags/example_branch_operator_decorator.py took 0.140 seconds
[2026-05-18T07:20:19.715+0000] {processor.py:186} INFO - Started process (PID=17715) to work on /home/noelsdavid/airflow_venv/lib/python3.12/site-packages/airflow/example_dags/example_branch_operator_decorator.py
[2026-05-18T07:20:19.741+0000] {processor.py:914} INFO - Processing file /home/noelsdavid/airflow_venv/lib/python3.12/site-packages/airflow/example_dags/example_branch_operator_decorator.py for tasks to queue
[2026-05-18T07:20:19.743+0000] {logging_mixin.py:190} INFO - [2026-05-18T07:20:19.742+0000] {dagbag.py:588} INFO - Filling up the DagBag from /home/noelsdavid/airflow_venv/lib/python3.12/site-packages/airflow/example_dags/example_branch_operator_decorator.py
[2026-05-18T07:20:19.776+0000] {processor.py:925} INFO - DAG(s) 'example_branch_python_operator_decorator' retrieved from /home/noelsdavid/airflow_venv/lib/python3.12/site-packages/airflow/example_dags/example_branch_operator_decorator.py
[2026-05-18T07:20:19.808+0000] {logging_mixin.py:190} INFO - [2026-05-18T07:20:19.807+0000] {dag.py:3239} INFO - Sync 1 DAGs
[2026-05-18T07:20:19.836+0000] {logging_mixin.py:190} INFO - [2026-05-18T07:20:19.836+0000] {dag.py:4180} INFO - Setting next_dagrun for example_branch_python_operator_decorator to 2026-05-17 00:00:00+00:00, run_after=2026-05-18 00:00:00+00:00
[2026-05-18T07:20:19.870+0000] {processor.py:208} INFO - Processing /home/noelsdavid/airflow_venv/lib/python3.12/site-packages/airflow/example_dags/example_branch_operator_decorator.py took 0.165 seconds
[2026-05-18T07:21:32.669+0000] {processor.py:186} INFO - Started process (PID=17798) to work on /home/noelsdavid/airflow_venv/lib/python3.12/site-packages/airflow/example_dags/example_branch_operator_decorator.py
[2026-05-18T07:21:32.671+0000] {processor.py:914} INFO - Processing file /home/noelsdavid/airflow_venv/lib/python3.12/site-packages/airflow/example_dags/example_branch_operator_decorator.py for tasks to queue
[2026-05-18T07:21:32.674+0000] {logging_mixin.py:190} INFO - [2026-05-18T07:21:32.673+0000] {dagbag.py:588} INFO - Filling up the DagBag from /home/noelsdavid/airflow_venv/lib/python3.12/site-packages/airflow/example_dags/example_branch_operator_decorator.py
[2026-05-18T07:21:32.705+0000] {processor.py:925} INFO - DAG(s) 'example_branch_python_operator_decorator' retrieved from /home/noelsdavid/airflow_venv/lib/python3.12/site-packages/airflow/example_dags/example_branch_operator_decorator.py
[2026-05-18T07:21:32.741+0000] {logging_mixin.py:190} INFO - [2026-05-18T07:21:32.740+0000] {dag.py:3239} INFO - Sync 1 DAGs
[2026-05-18T07:21:32.772+0000] {logging_mixin.py:190} INFO - [2026-05-18T07:21:32.772+0000] {dag.py:4180} INFO - Setting next_dagrun for example_branch_python_operator_decorator to 2026-05-17 00:00:00+00:00, run_after=2026-05-18 00:00:00+00:00
[2026-05-18T07:21:32.808+0000] {processor.py:208} INFO - Processing /home/noelsdavid/airflow_venv/lib/python3.12/site-packages/airflow/example_dags/example_branch_operator_decorator.py took 0.148 seconds
[2026-05-18T07:22:45.376+0000] {processor.py:186} INFO - Started process (PID=17876) to work on /home/noelsdavid/airflow_venv/lib/python3.12/site-packages/airflow/example_dags/example_branch_operator_decorator.py
[2026-05-18T07:22:45.379+0000] {processor.py:914} INFO - Processing file /home/noelsdavid/airflow_venv/lib/python3.12/site-packages/airflow/example_dags/example_branch_operator_decorator.py for tasks to queue
[2026-05-18T07:22:45.381+0000] {logging_mixin.py:190} INFO - [2026-05-18T07:22:45.380+0000] {dagbag.py:588} INFO - Filling up the DagBag from /home/noelsdavid/airflow_venv/lib/python3.12/site-packages/airflow/example_dags/example_branch_operator_decorator.py
[2026-05-18T07:22:45.411+0000] {processor.py:925} INFO - DAG(s) 'example_branch_python_operator_decorator' retrieved from /home/noelsdavid/airflow_venv/lib/python3.12/site-packages/airflow/example_dags/example_branch_operator_decorator.py
[2026-05-18T07:22:45.442+0000] {logging_mixin.py:190} INFO - [2026-05-18T07:22:45.442+0000] {dag.py:3239} INFO - Sync 1 DAGs
[2026-05-18T07:22:45.470+0000] {logging_mixin.py:190} INFO - [2026-05-18T07:22:45.470+0000] {dag.py:4180} INFO - Setting next_dagrun for example_branch_python_operator_decorator to 2026-05-17 00:00:00+00:00, run_after=2026-05-18 00:00:00+00:00
[2026-05-18T07:22:45.502+0000] {processor.py:208} INFO - Processing /home/noelsdavid/airflow_venv/lib/python3.12/site-packages/airflow/example_dags/example_branch_operator_decorator.py took 0.135 seconds
[2026-05-18T07:23:58.109+0000] {processor.py:186} INFO - Started process (PID=17955) to work on /home/noelsdavid/airflow_venv/lib/python3.12/site-packages/airflow/example_dags/example_branch_operator_decorator.py
[2026-05-18T07:23:58.112+0000] {processor.py:914} INFO - Processing file /home/noelsdavid/airflow_venv/lib/python3.12/site-packages/airflow/example_dags/example_branch_operator_decorator.py for tasks to queue
[2026-05-18T07:23:58.114+0000] {logging_mixin.py:190} INFO - [2026-05-18T07:23:58.114+0000] {dagbag.py:588} INFO - Filling up the DagBag from /home/noelsdavid/airflow_venv/lib/python3.12/site-packages/airflow/example_dags/example_branch_operator_decorator.py
[2026-05-18T07:23:58.147+0000] {processor.py:925} INFO - DAG(s) 'example_branch_python_operator_decorator' retrieved from /home/noelsdavid/airflow_venv/lib/python3.12/site-packages/airflow/example_dags/example_branch_operator_decorator.py
[2026-05-18T07:23:58.183+0000] {logging_mixin.py:190} INFO - [2026-05-18T07:23:58.182+0000] {dag.py:3239} INFO - Sync 1 DAGs
[2026-05-18T07:23:58.212+0000] {logging_mixin.py:190} INFO - [2026-05-18T07:23:58.212+0000] {dag.py:4180} INFO - Setting next_dagrun for example_branch_python_operator_decorator to 2026-05-17 00:00:00+00:00, run_after=2026-05-18 00:00:00+00:00
[2026-05-18T07:23:58.247+0000] {processor.py:208} INFO - Processing /home/noelsdavid/airflow_venv/lib/python3.12/site-packages/airflow/example_dags/example_branch_operator_decorator.py took 0.148 seconds
[2026-05-18T07:25:11.778+0000] {processor.py:186} INFO - Started process (PID=18035) to work on /home/noelsdavid/airflow_venv/lib/python3.12/site-packages/airflow/example_dags/example_branch_operator_decorator.py
[2026-05-18T07:25:11.781+0000] {processor.py:914} INFO - Processing file /home/noelsdavid/airflow_venv/lib/python3.12/site-packages/airflow/example_dags/example_branch_operator_decorator.py for tasks to queue
[2026-05-18T07:25:11.783+0000] {logging_mixin.py:190} INFO - [2026-05-18T07:25:11.783+0000] {dagbag.py:588} INFO - Filling up the DagBag from /home/noelsdavid/airflow_venv/lib/python3.12/site-packages/airflow/example_dags/example_branch_operator_decorator.py
[2026-05-18T07:25:11.816+0000] {processor.py:925} INFO - DAG(s) 'example_branch_python_operator_decorator' retrieved from /home/noelsdavid/airflow_venv/lib/python3.12/site-packages/airflow/example_dags/example_branch_operator_decorator.py
[2026-05-18T07:25:11.850+0000] {logging_mixin.py:190} INFO - [2026-05-18T07:25:11.849+0000] {dag.py:3239} INFO - Sync 1 DAGs
[2026-05-18T07:25:11.878+0000] {logging_mixin.py:190} INFO - [2026-05-18T07:25:11.877+0000] {dag.py:4180} INFO - Setting next_dagrun for example_branch_python_operator_decorator to 2026-05-17 00:00:00+00:00, run_after=2026-05-18 00:00:00+00:00
[2026-05-18T07:25:11.911+0000] {processor.py:208} INFO - Processing /home/noelsdavid/airflow_venv/lib/python3.12/site-packages/airflow/example_dags/example_branch_operator_decorator.py took 0.144 seconds
[2026-05-18T07:26:17.611+0000] {processor.py:186} INFO - Started process (PID=18131) to work on /home/noelsdavid/airflow_venv/lib/python3.12/site-packages/airflow/example_dags/example_branch_operator_decorator.py
[2026-05-18T07:26:17.624+0000] {processor.py:914} INFO - Processing file /home/noelsdavid/airflow_venv/lib/python3.12/site-packages/airflow/example_dags/example_branch_operator_decorator.py for tasks to queue
[2026-05-18T07:26:17.626+0000] {logging_mixin.py:190} INFO - [2026-05-18T07:26:17.626+0000] {dagbag.py:588} INFO - Filling up the DagBag from /home/noelsdavid/airflow_venv/lib/python3.12/site-packages/airflow/example_dags/example_branch_operator_decorator.py
[2026-05-18T07:26:17.658+0000] {processor.py:925} INFO - DAG(s) 'example_branch_python_operator_decorator' retrieved from /home/noelsdavid/airflow_venv/lib/python3.12/site-packages/airflow/example_dags/example_branch_operator_decorator.py
[2026-05-18T07:26:17.693+0000] {logging_mixin.py:190} INFO - [2026-05-18T07:26:17.693+0000] {dag.py:3239} INFO - Sync 1 DAGs
[2026-05-18T07:26:17.721+0000] {logging_mixin.py:190} INFO - [2026-05-18T07:26:17.721+0000] {dag.py:4180} INFO - Setting next_dagrun for example_branch_python_operator_decorator to 2026-05-17 00:00:00+00:00, run_after=2026-05-18 00:00:00+00:00
[2026-05-18T07:26:17.755+0000] {processor.py:208} INFO - Processing /home/noelsdavid/airflow_venv/lib/python3.12/site-packages/airflow/example_dags/example_branch_operator_decorator.py took 0.153 seconds
[2026-05-18T07:27:27.067+0000] {processor.py:186} INFO - Started process (PID=18208) to work on /home/noelsdavid/airflow_venv/lib/python3.12/site-packages/airflow/example_dags/example_branch_operator_decorator.py
[2026-05-18T07:27:27.072+0000] {processor.py:914} INFO - Processing file /home/noelsdavid/airflow_venv/lib/python3.12/site-packages/airflow/example_dags/example_branch_operator_decorator.py for tasks to queue
[2026-05-18T07:27:27.074+0000] {logging_mixin.py:190} INFO - [2026-05-18T07:27:27.073+0000] {dagbag.py:588} INFO - Filling up the DagBag from /home/noelsdavid/airflow_venv/lib/python3.12/site-packages/airflow/example_dags/example_branch_operator_decorator.py
[2026-05-18T07:27:27.108+0000] {processor.py:925} INFO - DAG(s) 'example_branch_python_operator_decorator' retrieved from /home/noelsdavid/airflow_venv/lib/python3.12/site-packages/airflow/example_dags/example_branch_operator_decorator.py
[2026-05-18T07:27:27.149+0000] {logging_mixin.py:190} INFO - [2026-05-18T07:27:27.148+0000] {dag.py:3239} INFO - Sync 1 DAGs
[2026-05-18T07:27:27.190+0000] {logging_mixin.py:190} INFO - [2026-05-18T07:27:27.189+0000] {dag.py:4180} INFO - Setting next_dagrun for example_branch_python_operator_decorator to 2026-05-17 00:00:00+00:00, run_after=2026-05-18 00:00:00+00:00
[2026-05-18T07:27:27.232+0000] {processor.py:208} INFO - Processing /home/noelsdavid/airflow_venv/lib/python3.12/site-packages/airflow/example_dags/example_branch_operator_decorator.py took 0.178 seconds
[2026-05-18T07:28:37.476+0000] {processor.py:186} INFO - Started process (PID=18286) to work on /home/noelsdavid/airflow_venv/lib/python3.12/site-packages/airflow/example_dags/example_branch_operator_decorator.py
[2026-05-18T07:28:37.485+0000] {processor.py:914} INFO - Processing file /home/noelsdavid/airflow_venv/lib/python3.12/site-packages/airflow/example_dags/example_branch_operator_decorator.py for tasks to queue
[2026-05-18T07:28:37.487+0000] {logging_mixin.py:190} INFO - [2026-05-18T07:28:37.486+0000] {dagbag.py:588} INFO - Filling up the DagBag from /home/noelsdavid/airflow_venv/lib/python3.12/site-packages/airflow/example_dags/example_branch_operator_decorator.py
[2026-05-18T07:28:37.519+0000] {processor.py:925} INFO - DAG(s) 'example_branch_python_operator_decorator' retrieved from /home/noelsdavid/airflow_venv/lib/python3.12/site-packages/airflow/example_dags/example_branch_operator_decorator.py
[2026-05-18T07:28:37.552+0000] {logging_mixin.py:190} INFO - [2026-05-18T07:28:37.551+0000] {dag.py:3239} INFO - Sync 1 DAGs
[2026-05-18T07:28:37.580+0000] {logging_mixin.py:190} INFO - [2026-05-18T07:28:37.580+0000] {dag.py:4180} INFO - Setting next_dagrun for example_branch_python_operator_decorator to 2026-05-17 00:00:00+00:00, run_after=2026-05-18 00:00:00+00:00
[2026-05-18T07:28:37.617+0000] {processor.py:208} INFO - Processing /home/noelsdavid/airflow_venv/lib/python3.12/site-packages/airflow/example_dags/example_branch_operator_decorator.py took 0.150 seconds
[2026-05-18T07:29:51.709+0000] {processor.py:186} INFO - Started process (PID=18365) to work on /home/noelsdavid/airflow_venv/lib/python3.12/site-packages/airflow/example_dags/example_branch_operator_decorator.py
[2026-05-18T07:29:51.727+0000] {processor.py:914} INFO - Processing file /home/noelsdavid/airflow_venv/lib/python3.12/site-packages/airflow/example_dags/example_branch_operator_decorator.py for tasks to queue
[2026-05-18T07:29:51.731+0000] {logging_mixin.py:190} INFO - [2026-05-18T07:29:51.730+0000] {dagbag.py:588} INFO - Filling up the DagBag from /home/noelsdavid/airflow_venv/lib/python3.12/site-packages/airflow/example_dags/example_branch_operator_decorator.py
[2026-05-18T07:29:51.799+0000] {processor.py:925} INFO - DAG(s) 'example_branch_python_operator_decorator' retrieved from /home/noelsdavid/airflow_venv/lib/python3.12/site-packages/airflow/example_dags/example_branch_operator_decorator.py
[2026-05-18T07:29:51.840+0000] {logging_mixin.py:190} INFO - [2026-05-18T07:29:51.839+0000] {dag.py:3239} INFO - Sync 1 DAGs
[2026-05-18T07:29:51.874+0000] {logging_mixin.py:190} INFO - [2026-05-18T07:29:51.874+0000] {dag.py:4180} INFO - Setting next_dagrun for example_branch_python_operator_decorator to 2026-05-17 00:00:00+00:00, run_after=2026-05-18 00:00:00+00:00
[2026-05-18T07:29:51.911+0000] {processor.py:208} INFO - Processing /home/noelsdavid/airflow_venv/lib/python3.12/site-packages/airflow/example_dags/example_branch_operator_decorator.py took 0.222 seconds
[2026-05-18T07:31:01.148+0000] {processor.py:186} INFO - Started process (PID=18474) to work on /home/noelsdavid/airflow_venv/lib/python3.12/site-packages/airflow/example_dags/example_branch_operator_decorator.py
[2026-05-18T07:31:01.151+0000] {processor.py:914} INFO - Processing file /home/noelsdavid/airflow_venv/lib/python3.12/site-packages/airflow/example_dags/example_branch_operator_decorator.py for tasks to queue
[2026-05-18T07:31:01.153+0000] {logging_mixin.py:190} INFO - [2026-05-18T07:31:01.152+0000] {dagbag.py:588} INFO - Filling up the DagBag from /home/noelsdavid/airflow_venv/lib/python3.12/site-packages/airflow/example_dags/example_branch_operator_decorator.py
[2026-05-18T07:31:01.195+0000] {processor.py:925} INFO - DAG(s) 'example_branch_python_operator_decorator' retrieved from /home/noelsdavid/airflow_venv/lib/python3.12/site-packages/airflow/example_dags/example_branch_operator_decorator.py
[2026-05-18T07:31:01.232+0000] {logging_mixin.py:190} INFO - [2026-05-18T07:31:01.232+0000] {dag.py:3239} INFO - Sync 1 DAGs
[2026-05-18T07:31:01.264+0000] {logging_mixin.py:190} INFO - [2026-05-18T07:31:01.264+0000] {dag.py:4180} INFO - Setting next_dagrun for example_branch_python_operator_decorator to 2026-05-17 00:00:00+00:00, run_after=2026-05-18 00:00:00+00:00
[2026-05-18T07:31:01.299+0000] {processor.py:208} INFO - Processing /home/noelsdavid/airflow_venv/lib/python3.12/site-packages/airflow/example_dags/example_branch_operator_decorator.py took 0.162 seconds
[2026-05-18T07:32:12.306+0000] {processor.py:186} INFO - Started process (PID=18552) to work on /home/noelsdavid/airflow_venv/lib/python3.12/site-packages/airflow/example_dags/example_branch_operator_decorator.py
[2026-05-18T07:32:12.308+0000] {processor.py:914} INFO - Processing file /home/noelsdavid/airflow_venv/lib/python3.12/site-packages/airflow/example_dags/example_branch_operator_decorator.py for tasks to queue
[2026-05-18T07:32:12.311+0000] {logging_mixin.py:190} INFO - [2026-05-18T07:32:12.310+0000] {dagbag.py:588} INFO - Filling up the DagBag from /home/noelsdavid/airflow_venv/lib/python3.12/site-packages/airflow/example_dags/example_branch_operator_decorator.py
[2026-05-18T07:32:12.344+0000] {processor.py:925} INFO - DAG(s) 'example_branch_python_operator_decorator' retrieved from /home/noelsdavid/airflow_venv/lib/python3.12/site-packages/airflow/example_dags/example_branch_operator_decorator.py
[2026-05-18T07:32:12.379+0000] {logging_mixin.py:190} INFO - [2026-05-18T07:32:12.378+0000] {dag.py:3239} INFO - Sync 1 DAGs
[2026-05-18T07:32:12.408+0000] {logging_mixin.py:190} INFO - [2026-05-18T07:32:12.407+0000] {dag.py:4180} INFO - Setting next_dagrun for example_branch_python_operator_decorator to 2026-05-17 00:00:00+00:00, run_after=2026-05-18 00:00:00+00:00
[2026-05-18T07:32:12.442+0000] {processor.py:208} INFO - Processing /home/noelsdavid/airflow_venv/lib/python3.12/site-packages/airflow/example_dags/example_branch_operator_decorator.py took 0.146 seconds
[2026-05-18T07:33:20.453+0000] {processor.py:186} INFO - Started process (PID=18627) to work on /home/noelsdavid/airflow_venv/lib/python3.12/site-packages/airflow/example_dags/example_branch_operator_decorator.py
[2026-05-18T07:33:20.456+0000] {processor.py:914} INFO - Processing file /home/noelsdavid/airflow_venv/lib/python3.12/site-packages/airflow/example_dags/example_branch_operator_decorator.py for tasks to queue
[2026-05-18T07:33:20.458+0000] {logging_mixin.py:190} INFO - [2026-05-18T07:33:20.457+0000] {dagbag.py:588} INFO - Filling up the DagBag from /home/noelsdavid/airflow_venv/lib/python3.12/site-packages/airflow/example_dags/example_branch_operator_decorator.py
[2026-05-18T07:33:20.489+0000] {processor.py:925} INFO - DAG(s) 'example_branch_python_operator_decorator' retrieved from /home/noelsdavid/airflow_venv/lib/python3.12/site-packages/airflow/example_dags/example_branch_operator_decorator.py
[2026-05-18T07:33:20.521+0000] {logging_mixin.py:190} INFO - [2026-05-18T07:33:20.521+0000] {dag.py:3239} INFO - Sync 1 DAGs
[2026-05-18T07:33:20.549+0000] {logging_mixin.py:190} INFO - [2026-05-18T07:33:20.548+0000] {dag.py:4180} INFO - Setting next_dagrun for example_branch_python_operator_decorator to 2026-05-17 00:00:00+00:00, run_after=2026-05-18 00:00:00+00:00
[2026-05-18T07:33:20.595+0000] {processor.py:208} INFO - Processing /home/noelsdavid/airflow_venv/lib/python3.12/site-packages/airflow/example_dags/example_branch_operator_decorator.py took 0.152 seconds
[2026-05-18T07:34:30.024+0000] {processor.py:186} INFO - Started process (PID=18703) to work on /home/noelsdavid/airflow_venv/lib/python3.12/site-packages/airflow/example_dags/example_branch_operator_decorator.py
[2026-05-18T07:34:30.027+0000] {processor.py:914} INFO - Processing file /home/noelsdavid/airflow_venv/lib/python3.12/site-packages/airflow/example_dags/example_branch_operator_decorator.py for tasks to queue
[2026-05-18T07:34:30.029+0000] {logging_mixin.py:190} INFO - [2026-05-18T07:34:30.028+0000] {dagbag.py:588} INFO - Filling up the DagBag from /home/noelsdavid/airflow_venv/lib/python3.12/site-packages/airflow/example_dags/example_branch_operator_decorator.py
[2026-05-18T07:34:30.060+0000] {processor.py:925} INFO - DAG(s) 'example_branch_python_operator_decorator' retrieved from /home/noelsdavid/airflow_venv/lib/python3.12/site-packages/airflow/example_dags/example_branch_operator_decorator.py
[2026-05-18T07:34:30.092+0000] {logging_mixin.py:190} INFO - [2026-05-18T07:34:30.092+0000] {dag.py:3239} INFO - Sync 1 DAGs
[2026-05-18T07:34:30.121+0000] {logging_mixin.py:190} INFO - [2026-05-18T07:34:30.120+0000] {dag.py:4180} INFO - Setting next_dagrun for example_branch_python_operator_decorator to 2026-05-17 00:00:00+00:00, run_after=2026-05-18 00:00:00+00:00
[2026-05-18T07:34:30.156+0000] {processor.py:208} INFO - Processing /home/noelsdavid/airflow_venv/lib/python3.12/site-packages/airflow/example_dags/example_branch_operator_decorator.py took 0.141 seconds
[2026-05-18T07:35:44.871+0000] {processor.py:186} INFO - Started process (PID=18806) to work on /home/noelsdavid/airflow_venv/lib/python3.12/site-packages/airflow/example_dags/example_branch_operator_decorator.py
[2026-05-18T07:35:44.874+0000] {processor.py:914} INFO - Processing file /home/noelsdavid/airflow_venv/lib/python3.12/site-packages/airflow/example_dags/example_branch_operator_decorator.py for tasks to queue
[2026-05-18T07:35:44.876+0000] {logging_mixin.py:190} INFO - [2026-05-18T07:35:44.876+0000] {dagbag.py:588} INFO - Filling up the DagBag from /home/noelsdavid/airflow_venv/lib/python3.12/site-packages/airflow/example_dags/example_branch_operator_decorator.py
[2026-05-18T07:35:44.910+0000] {processor.py:925} INFO - DAG(s) 'example_branch_python_operator_decorator' retrieved from /home/noelsdavid/airflow_venv/lib/python3.12/site-packages/airflow/example_dags/example_branch_operator_decorator.py
[2026-05-18T07:35:44.948+0000] {logging_mixin.py:190} INFO - [2026-05-18T07:35:44.947+0000] {dag.py:3239} INFO - Sync 1 DAGs
[2026-05-18T07:35:44.977+0000] {logging_mixin.py:190} INFO - [2026-05-18T07:35:44.976+0000] {dag.py:4180} INFO - Setting next_dagrun for example_branch_python_operator_decorator to 2026-05-17 00:00:00+00:00, run_after=2026-05-18 00:00:00+00:00
[2026-05-18T07:35:45.008+0000] {processor.py:208} INFO - Processing /home/noelsdavid/airflow_venv/lib/python3.12/site-packages/airflow/example_dags/example_branch_operator_decorator.py took 0.147 seconds
[2026-05-18T07:36:53.512+0000] {processor.py:186} INFO - Started process (PID=18882) to work on /home/noelsdavid/airflow_venv/lib/python3.12/site-packages/airflow/example_dags/example_branch_operator_decorator.py
[2026-05-18T07:36:53.515+0000] {processor.py:914} INFO - Processing file /home/noelsdavid/airflow_venv/lib/python3.12/site-packages/airflow/example_dags/example_branch_operator_decorator.py for tasks to queue
[2026-05-18T07:36:53.517+0000] {logging_mixin.py:190} INFO - [2026-05-18T07:36:53.517+0000] {dagbag.py:588} INFO - Filling up the DagBag from /home/noelsdavid/airflow_venv/lib/python3.12/site-packages/airflow/example_dags/example_branch_operator_decorator.py
[2026-05-18T07:36:53.552+0000] {processor.py:925} INFO - DAG(s) 'example_branch_python_operator_decorator' retrieved from /home/noelsdavid/airflow_venv/lib/python3.12/site-packages/airflow/example_dags/example_branch_operator_decorator.py
[2026-05-18T07:36:53.588+0000] {logging_mixin.py:190} INFO - [2026-05-18T07:36:53.588+0000] {dag.py:3239} INFO - Sync 1 DAGs
[2026-05-18T07:36:53.618+0000] {logging_mixin.py:190} INFO - [2026-05-18T07:36:53.618+0000] {dag.py:4180} INFO - Setting next_dagrun for example_branch_python_operator_decorator to 2026-05-17 00:00:00+00:00, run_after=2026-05-18 00:00:00+00:00
[2026-05-18T07:36:53.654+0000] {processor.py:208} INFO - Processing /home/noelsdavid/airflow_venv/lib/python3.12/site-packages/airflow/example_dags/example_branch_operator_decorator.py took 0.151 seconds
[2026-05-18T07:38:04.509+0000] {processor.py:186} INFO - Started process (PID=18960) to work on /home/noelsdavid/airflow_venv/lib/python3.12/site-packages/airflow/example_dags/example_branch_operator_decorator.py
[2026-05-18T07:38:04.519+0000] {processor.py:914} INFO - Processing file /home/noelsdavid/airflow_venv/lib/python3.12/site-packages/airflow/example_dags/example_branch_operator_decorator.py for tasks to queue
[2026-05-18T07:38:04.521+0000] {logging_mixin.py:190} INFO - [2026-05-18T07:38:04.521+0000] {dagbag.py:588} INFO - Filling up the DagBag from /home/noelsdavid/airflow_venv/lib/python3.12/site-packages/airflow/example_dags/example_branch_operator_decorator.py
[2026-05-18T07:38:04.555+0000] {processor.py:925} INFO - DAG(s) 'example_branch_python_operator_decorator' retrieved from /home/noelsdavid/airflow_venv/lib/python3.12/site-packages/airflow/example_dags/example_branch_operator_decorator.py
[2026-05-18T07:38:04.592+0000] {logging_mixin.py:190} INFO - [2026-05-18T07:38:04.592+0000] {dag.py:3239} INFO - Sync 1 DAGs
[2026-05-18T07:38:04.621+0000] {logging_mixin.py:190} INFO - [2026-05-18T07:38:04.621+0000] {dag.py:4180} INFO - Setting next_dagrun for example_branch_python_operator_decorator to 2026-05-17 00:00:00+00:00, run_after=2026-05-18 00:00:00+00:00
[2026-05-18T07:38:04.656+0000] {processor.py:208} INFO - Processing /home/noelsdavid/airflow_venv/lib/python3.12/site-packages/airflow/example_dags/example_branch_operator_decorator.py took 0.157 seconds
[2026-05-18T07:39:14.346+0000] {processor.py:186} INFO - Started process (PID=19037) to work on /home/noelsdavid/airflow_venv/lib/python3.12/site-packages/airflow/example_dags/example_branch_operator_decorator.py
[2026-05-18T07:39:14.348+0000] {processor.py:914} INFO - Processing file /home/noelsdavid/airflow_venv/lib/python3.12/site-packages/airflow/example_dags/example_branch_operator_decorator.py for tasks to queue
[2026-05-18T07:39:14.350+0000] {logging_mixin.py:190} INFO - [2026-05-18T07:39:14.349+0000] {dagbag.py:588} INFO - Filling up the DagBag from /home/noelsdavid/airflow_venv/lib/python3.12/site-packages/airflow/example_dags/example_branch_operator_decorator.py
[2026-05-18T07:39:14.381+0000] {processor.py:925} INFO - DAG(s) 'example_branch_python_operator_decorator' retrieved from /home/noelsdavid/airflow_venv/lib/python3.12/site-packages/airflow/example_dags/example_branch_operator_decorator.py
[2026-05-18T07:39:14.413+0000] {logging_mixin.py:190} INFO - [2026-05-18T07:39:14.413+0000] {dag.py:3239} INFO - Sync 1 DAGs
[2026-05-18T07:39:14.440+0000] {logging_mixin.py:190} INFO - [2026-05-18T07:39:14.440+0000] {dag.py:4180} INFO - Setting next_dagrun for example_branch_python_operator_decorator to 2026-05-17 00:00:00+00:00, run_after=2026-05-18 00:00:00+00:00
[2026-05-18T07:39:14.475+0000] {processor.py:208} INFO - Processing /home/noelsdavid/airflow_venv/lib/python3.12/site-packages/airflow/example_dags/example_branch_operator_decorator.py took 0.139 seconds
[2026-05-18T07:40:28.724+0000] {processor.py:186} INFO - Started process (PID=19139) to work on /home/noelsdavid/airflow_venv/lib/python3.12/site-packages/airflow/example_dags/example_branch_operator_decorator.py
[2026-05-18T07:40:28.726+0000] {processor.py:914} INFO - Processing file /home/noelsdavid/airflow_venv/lib/python3.12/site-packages/airflow/example_dags/example_branch_operator_decorator.py for tasks to queue
[2026-05-18T07:40:28.729+0000] {logging_mixin.py:190} INFO - [2026-05-18T07:40:28.728+0000] {dagbag.py:588} INFO - Filling up the DagBag from /home/noelsdavid/airflow_venv/lib/python3.12/site-packages/airflow/example_dags/example_branch_operator_decorator.py
[2026-05-18T07:40:28.761+0000] {processor.py:925} INFO - DAG(s) 'example_branch_python_operator_decorator' retrieved from /home/noelsdavid/airflow_venv/lib/python3.12/site-packages/airflow/example_dags/example_branch_operator_decorator.py
[2026-05-18T07:40:28.797+0000] {logging_mixin.py:190} INFO - [2026-05-18T07:40:28.796+0000] {dag.py:3239} INFO - Sync 1 DAGs
[2026-05-18T07:40:28.825+0000] {logging_mixin.py:190} INFO - [2026-05-18T07:40:28.825+0000] {dag.py:4180} INFO - Setting next_dagrun for example_branch_python_operator_decorator to 2026-05-17 00:00:00+00:00, run_after=2026-05-18 00:00:00+00:00
[2026-05-18T07:40:28.858+0000] {processor.py:208} INFO - Processing /home/noelsdavid/airflow_venv/lib/python3.12/site-packages/airflow/example_dags/example_branch_operator_decorator.py took 0.146 seconds
