[2026-05-18T06:00:59.370+0000] {processor.py:186} INFO - Started process (PID=6933) to work on /home/noelsdavid/airflow_venv/lib/python3.12/site-packages/airflow/example_dags/example_latest_only.py
[2026-05-18T06:00:59.371+0000] {processor.py:914} INFO - Processing file /home/noelsdavid/airflow_venv/lib/python3.12/site-packages/airflow/example_dags/example_latest_only.py for tasks to queue
[2026-05-18T06:00:59.373+0000] {logging_mixin.py:190} INFO - [2026-05-18T06:00:59.373+0000] {dagbag.py:588} INFO - Filling up the DagBag from /home/noelsdavid/airflow_venv/lib/python3.12/site-packages/airflow/example_dags/example_latest_only.py
[2026-05-18T06:00:59.383+0000] {processor.py:925} INFO - DAG(s) 'latest_only' retrieved from /home/noelsdavid/airflow_venv/lib/python3.12/site-packages/airflow/example_dags/example_latest_only.py
[2026-05-18T06:00:59.521+0000] {logging_mixin.py:190} INFO - [2026-05-18T06:00:59.520+0000] {override.py:1911} INFO - Created Permission View: can edit on DAG:latest_only
[2026-05-18T06:00:59.540+0000] {logging_mixin.py:190} INFO - [2026-05-18T06:00:59.539+0000] {override.py:1911} INFO - Created Permission View: can delete on DAG:latest_only
[2026-05-18T06:00:59.555+0000] {logging_mixin.py:190} INFO - [2026-05-18T06:00:59.554+0000] {override.py:1911} INFO - Created Permission View: can read on DAG:latest_only
[2026-05-18T06:00:59.578+0000] {logging_mixin.py:190} INFO - [2026-05-18T06:00:59.578+0000] {override.py:1911} INFO - Created Permission View: can delete on DAG Run:latest_only
[2026-05-18T06:00:59.594+0000] {logging_mixin.py:190} INFO - [2026-05-18T06:00:59.593+0000] {override.py:1911} INFO - Created Permission View: menu access on DAG Run:latest_only
[2026-05-18T06:00:59.609+0000] {logging_mixin.py:190} INFO - [2026-05-18T06:00:59.608+0000] {override.py:1911} INFO - Created Permission View: can create on DAG Run:latest_only
[2026-05-18T06:00:59.622+0000] {logging_mixin.py:190} INFO - [2026-05-18T06:00:59.622+0000] {override.py:1911} INFO - Created Permission View: can read on DAG Run:latest_only
[2026-05-18T06:00:59.623+0000] {logging_mixin.py:190} INFO - [2026-05-18T06:00:59.622+0000] {dag.py:3239} INFO - Sync 1 DAGs
[2026-05-18T06:00:59.636+0000] {logging_mixin.py:190} INFO - [2026-05-18T06:00:59.636+0000] {dag.py:3262} INFO - Creating ORM DAG for latest_only
[2026-05-18T06:00:59.647+0000] {logging_mixin.py:190} INFO - [2026-05-18T06:00:59.647+0000] {dag.py:4180} INFO - Setting next_dagrun for latest_only to 2026-05-18 00:00:00+00:00, run_after=2026-05-18 04:00:00+00:00
[2026-05-18T06:00:59.677+0000] {processor.py:208} INFO - Processing /home/noelsdavid/airflow_venv/lib/python3.12/site-packages/airflow/example_dags/example_latest_only.py took 0.314 seconds
[2026-05-18T06:02:10.103+0000] {processor.py:186} INFO - Started process (PID=6999) to work on /home/noelsdavid/airflow_venv/lib/python3.12/site-packages/airflow/example_dags/example_latest_only.py
[2026-05-18T06:02:10.106+0000] {processor.py:914} INFO - Processing file /home/noelsdavid/airflow_venv/lib/python3.12/site-packages/airflow/example_dags/example_latest_only.py for tasks to queue
[2026-05-18T06:02:10.110+0000] {logging_mixin.py:190} INFO - [2026-05-18T06:02:10.110+0000] {dagbag.py:588} INFO - Filling up the DagBag from /home/noelsdavid/airflow_venv/lib/python3.12/site-packages/airflow/example_dags/example_latest_only.py
[2026-05-18T06:02:10.120+0000] {processor.py:925} INFO - DAG(s) 'latest_only' retrieved from /home/noelsdavid/airflow_venv/lib/python3.12/site-packages/airflow/example_dags/example_latest_only.py
[2026-05-18T06:02:10.142+0000] {logging_mixin.py:190} INFO - [2026-05-18T06:02:10.141+0000] {dag.py:3239} INFO - Sync 1 DAGs
[2026-05-18T06:02:10.169+0000] {logging_mixin.py:190} INFO - [2026-05-18T06:02:10.169+0000] {dag.py:4180} INFO - Setting next_dagrun for latest_only to 2026-05-18 00:00:00+00:00, run_after=2026-05-18 04:00:00+00:00
[2026-05-18T06:02:10.201+0000] {processor.py:208} INFO - Processing /home/noelsdavid/airflow_venv/lib/python3.12/site-packages/airflow/example_dags/example_latest_only.py took 0.106 seconds
[2026-05-18T06:03:09.095+0000] {processor.py:186} INFO - Started process (PID=7058) to work on /home/noelsdavid/airflow_venv/lib/python3.12/site-packages/airflow/example_dags/example_latest_only.py
[2026-05-18T06:03:09.096+0000] {processor.py:914} INFO - Processing file /home/noelsdavid/airflow_venv/lib/python3.12/site-packages/airflow/example_dags/example_latest_only.py for tasks to queue
[2026-05-18T06:03:09.099+0000] {logging_mixin.py:190} INFO - [2026-05-18T06:03:09.098+0000] {dagbag.py:588} INFO - Filling up the DagBag from /home/noelsdavid/airflow_venv/lib/python3.12/site-packages/airflow/example_dags/example_latest_only.py
[2026-05-18T06:03:09.109+0000] {processor.py:925} INFO - DAG(s) 'latest_only' retrieved from /home/noelsdavid/airflow_venv/lib/python3.12/site-packages/airflow/example_dags/example_latest_only.py
[2026-05-18T06:03:09.129+0000] {logging_mixin.py:190} INFO - [2026-05-18T06:03:09.128+0000] {dag.py:3239} INFO - Sync 1 DAGs
[2026-05-18T06:03:09.152+0000] {logging_mixin.py:190} INFO - [2026-05-18T06:03:09.152+0000] {dag.py:4180} INFO - Setting next_dagrun for latest_only to 2026-05-18 00:00:00+00:00, run_after=2026-05-18 04:00:00+00:00
[2026-05-18T06:03:09.185+0000] {processor.py:208} INFO - Processing /home/noelsdavid/airflow_venv/lib/python3.12/site-packages/airflow/example_dags/example_latest_only.py took 0.097 seconds
[2026-05-18T06:04:09.344+0000] {processor.py:186} INFO - Started process (PID=7118) to work on /home/noelsdavid/airflow_venv/lib/python3.12/site-packages/airflow/example_dags/example_latest_only.py
[2026-05-18T06:04:09.346+0000] {processor.py:914} INFO - Processing file /home/noelsdavid/airflow_venv/lib/python3.12/site-packages/airflow/example_dags/example_latest_only.py for tasks to queue
[2026-05-18T06:04:09.349+0000] {logging_mixin.py:190} INFO - [2026-05-18T06:04:09.348+0000] {dagbag.py:588} INFO - Filling up the DagBag from /home/noelsdavid/airflow_venv/lib/python3.12/site-packages/airflow/example_dags/example_latest_only.py
[2026-05-18T06:04:09.359+0000] {processor.py:925} INFO - DAG(s) 'latest_only' retrieved from /home/noelsdavid/airflow_venv/lib/python3.12/site-packages/airflow/example_dags/example_latest_only.py
[2026-05-18T06:04:09.382+0000] {logging_mixin.py:190} INFO - [2026-05-18T06:04:09.382+0000] {dag.py:3239} INFO - Sync 1 DAGs
[2026-05-18T06:04:09.408+0000] {logging_mixin.py:190} INFO - [2026-05-18T06:04:09.408+0000] {dag.py:4180} INFO - Setting next_dagrun for latest_only to 2026-05-18 00:00:00+00:00, run_after=2026-05-18 04:00:00+00:00
[2026-05-18T06:04:09.438+0000] {processor.py:208} INFO - Processing /home/noelsdavid/airflow_venv/lib/python3.12/site-packages/airflow/example_dags/example_latest_only.py took 0.103 seconds
[2026-05-18T06:05:12.924+0000] {processor.py:186} INFO - Started process (PID=7205) to work on /home/noelsdavid/airflow_venv/lib/python3.12/site-packages/airflow/example_dags/example_latest_only.py
[2026-05-18T06:05:12.927+0000] {processor.py:914} INFO - Processing file /home/noelsdavid/airflow_venv/lib/python3.12/site-packages/airflow/example_dags/example_latest_only.py for tasks to queue
[2026-05-18T06:05:12.930+0000] {logging_mixin.py:190} INFO - [2026-05-18T06:05:12.929+0000] {dagbag.py:588} INFO - Filling up the DagBag from /home/noelsdavid/airflow_venv/lib/python3.12/site-packages/airflow/example_dags/example_latest_only.py
[2026-05-18T06:05:12.940+0000] {processor.py:925} INFO - DAG(s) 'latest_only' retrieved from /home/noelsdavid/airflow_venv/lib/python3.12/site-packages/airflow/example_dags/example_latest_only.py
[2026-05-18T06:05:12.961+0000] {logging_mixin.py:190} INFO - [2026-05-18T06:05:12.961+0000] {dag.py:3239} INFO - Sync 1 DAGs
[2026-05-18T06:05:13.150+0000] {logging_mixin.py:190} INFO - [2026-05-18T06:05:13.150+0000] {dag.py:4180} INFO - Setting next_dagrun for latest_only to 2026-05-18 00:00:00+00:00, run_after=2026-05-18 04:00:00+00:00
[2026-05-18T06:05:13.177+0000] {processor.py:208} INFO - Processing /home/noelsdavid/airflow_venv/lib/python3.12/site-packages/airflow/example_dags/example_latest_only.py took 0.261 seconds
[2026-05-18T06:06:25.520+0000] {processor.py:186} INFO - Started process (PID=7271) to work on /home/noelsdavid/airflow_venv/lib/python3.12/site-packages/airflow/example_dags/example_latest_only.py
[2026-05-18T06:06:25.522+0000] {processor.py:914} INFO - Processing file /home/noelsdavid/airflow_venv/lib/python3.12/site-packages/airflow/example_dags/example_latest_only.py for tasks to queue
[2026-05-18T06:06:25.526+0000] {logging_mixin.py:190} INFO - [2026-05-18T06:06:25.525+0000] {dagbag.py:588} INFO - Filling up the DagBag from /home/noelsdavid/airflow_venv/lib/python3.12/site-packages/airflow/example_dags/example_latest_only.py
[2026-05-18T06:06:25.538+0000] {processor.py:925} INFO - DAG(s) 'latest_only' retrieved from /home/noelsdavid/airflow_venv/lib/python3.12/site-packages/airflow/example_dags/example_latest_only.py
[2026-05-18T06:06:25.560+0000] {logging_mixin.py:190} INFO - [2026-05-18T06:06:25.560+0000] {dag.py:3239} INFO - Sync 1 DAGs
[2026-05-18T06:06:25.588+0000] {logging_mixin.py:190} INFO - [2026-05-18T06:06:25.588+0000] {dag.py:4180} INFO - Setting next_dagrun for latest_only to 2026-05-18 00:00:00+00:00, run_after=2026-05-18 04:00:00+00:00
[2026-05-18T06:06:25.618+0000] {processor.py:208} INFO - Processing /home/noelsdavid/airflow_venv/lib/python3.12/site-packages/airflow/example_dags/example_latest_only.py took 0.106 seconds
[2026-05-18T06:07:21.089+0000] {processor.py:186} INFO - Started process (PID=7328) to work on /home/noelsdavid/airflow_venv/lib/python3.12/site-packages/airflow/example_dags/example_latest_only.py
[2026-05-18T06:07:21.092+0000] {processor.py:914} INFO - Processing file /home/noelsdavid/airflow_venv/lib/python3.12/site-packages/airflow/example_dags/example_latest_only.py for tasks to queue
[2026-05-18T06:07:21.096+0000] {logging_mixin.py:190} INFO - [2026-05-18T06:07:21.095+0000] {dagbag.py:588} INFO - Filling up the DagBag from /home/noelsdavid/airflow_venv/lib/python3.12/site-packages/airflow/example_dags/example_latest_only.py
[2026-05-18T06:07:21.107+0000] {processor.py:925} INFO - DAG(s) 'latest_only' retrieved from /home/noelsdavid/airflow_venv/lib/python3.12/site-packages/airflow/example_dags/example_latest_only.py
[2026-05-18T06:07:21.131+0000] {logging_mixin.py:190} INFO - [2026-05-18T06:07:21.130+0000] {dag.py:3239} INFO - Sync 1 DAGs
[2026-05-18T06:07:21.162+0000] {logging_mixin.py:190} INFO - [2026-05-18T06:07:21.161+0000] {dag.py:4180} INFO - Setting next_dagrun for latest_only to 2026-05-18 00:00:00+00:00, run_after=2026-05-18 04:00:00+00:00
[2026-05-18T06:07:21.202+0000] {processor.py:208} INFO - Processing /home/noelsdavid/airflow_venv/lib/python3.12/site-packages/airflow/example_dags/example_latest_only.py took 0.123 seconds
[2026-05-18T06:08:23.665+0000] {processor.py:186} INFO - Started process (PID=7387) to work on /home/noelsdavid/airflow_venv/lib/python3.12/site-packages/airflow/example_dags/example_latest_only.py
[2026-05-18T06:08:23.668+0000] {processor.py:914} INFO - Processing file /home/noelsdavid/airflow_venv/lib/python3.12/site-packages/airflow/example_dags/example_latest_only.py for tasks to queue
[2026-05-18T06:08:23.671+0000] {logging_mixin.py:190} INFO - [2026-05-18T06:08:23.671+0000] {dagbag.py:588} INFO - Filling up the DagBag from /home/noelsdavid/airflow_venv/lib/python3.12/site-packages/airflow/example_dags/example_latest_only.py
[2026-05-18T06:08:23.683+0000] {processor.py:925} INFO - DAG(s) 'latest_only' retrieved from /home/noelsdavid/airflow_venv/lib/python3.12/site-packages/airflow/example_dags/example_latest_only.py
[2026-05-18T06:08:23.704+0000] {logging_mixin.py:190} INFO - [2026-05-18T06:08:23.704+0000] {dag.py:3239} INFO - Sync 1 DAGs
[2026-05-18T06:08:23.731+0000] {logging_mixin.py:190} INFO - [2026-05-18T06:08:23.730+0000] {dag.py:4180} INFO - Setting next_dagrun for latest_only to 2026-05-18 00:00:00+00:00, run_after=2026-05-18 04:00:00+00:00
[2026-05-18T06:08:23.762+0000] {processor.py:208} INFO - Processing /home/noelsdavid/airflow_venv/lib/python3.12/site-packages/airflow/example_dags/example_latest_only.py took 0.105 seconds
[2026-05-18T06:09:28.423+0000] {processor.py:186} INFO - Started process (PID=7449) to work on /home/noelsdavid/airflow_venv/lib/python3.12/site-packages/airflow/example_dags/example_latest_only.py
[2026-05-18T06:09:28.441+0000] {processor.py:914} INFO - Processing file /home/noelsdavid/airflow_venv/lib/python3.12/site-packages/airflow/example_dags/example_latest_only.py for tasks to queue
[2026-05-18T06:09:28.444+0000] {logging_mixin.py:190} INFO - [2026-05-18T06:09:28.444+0000] {dagbag.py:588} INFO - Filling up the DagBag from /home/noelsdavid/airflow_venv/lib/python3.12/site-packages/airflow/example_dags/example_latest_only.py
[2026-05-18T06:09:28.455+0000] {processor.py:925} INFO - DAG(s) 'latest_only' retrieved from /home/noelsdavid/airflow_venv/lib/python3.12/site-packages/airflow/example_dags/example_latest_only.py
[2026-05-18T06:09:28.476+0000] {logging_mixin.py:190} INFO - [2026-05-18T06:09:28.476+0000] {dag.py:3239} INFO - Sync 1 DAGs
[2026-05-18T06:09:28.502+0000] {logging_mixin.py:190} INFO - [2026-05-18T06:09:28.502+0000] {dag.py:4180} INFO - Setting next_dagrun for latest_only to 2026-05-18 00:00:00+00:00, run_after=2026-05-18 04:00:00+00:00
[2026-05-18T06:09:28.532+0000] {processor.py:208} INFO - Processing /home/noelsdavid/airflow_venv/lib/python3.12/site-packages/airflow/example_dags/example_latest_only.py took 0.117 seconds
[2026-05-18T06:10:30.955+0000] {processor.py:186} INFO - Started process (PID=7534) to work on /home/noelsdavid/airflow_venv/lib/python3.12/site-packages/airflow/example_dags/example_latest_only.py
[2026-05-18T06:10:30.957+0000] {processor.py:914} INFO - Processing file /home/noelsdavid/airflow_venv/lib/python3.12/site-packages/airflow/example_dags/example_latest_only.py for tasks to queue
[2026-05-18T06:10:30.960+0000] {logging_mixin.py:190} INFO - [2026-05-18T06:10:30.959+0000] {dagbag.py:588} INFO - Filling up the DagBag from /home/noelsdavid/airflow_venv/lib/python3.12/site-packages/airflow/example_dags/example_latest_only.py
[2026-05-18T06:10:30.971+0000] {processor.py:925} INFO - DAG(s) 'latest_only' retrieved from /home/noelsdavid/airflow_venv/lib/python3.12/site-packages/airflow/example_dags/example_latest_only.py
[2026-05-18T06:10:30.992+0000] {logging_mixin.py:190} INFO - [2026-05-18T06:10:30.992+0000] {dag.py:3239} INFO - Sync 1 DAGs
[2026-05-18T06:10:31.021+0000] {logging_mixin.py:190} INFO - [2026-05-18T06:10:31.021+0000] {dag.py:4180} INFO - Setting next_dagrun for latest_only to 2026-05-18 00:00:00+00:00, run_after=2026-05-18 04:00:00+00:00
[2026-05-18T06:10:31.052+0000] {processor.py:208} INFO - Processing /home/noelsdavid/airflow_venv/lib/python3.12/site-packages/airflow/example_dags/example_latest_only.py took 0.105 seconds
[2026-05-18T06:11:30.081+0000] {processor.py:186} INFO - Started process (PID=7593) to work on /home/noelsdavid/airflow_venv/lib/python3.12/site-packages/airflow/example_dags/example_latest_only.py
[2026-05-18T06:11:30.084+0000] {processor.py:914} INFO - Processing file /home/noelsdavid/airflow_venv/lib/python3.12/site-packages/airflow/example_dags/example_latest_only.py for tasks to queue
[2026-05-18T06:11:30.087+0000] {logging_mixin.py:190} INFO - [2026-05-18T06:11:30.086+0000] {dagbag.py:588} INFO - Filling up the DagBag from /home/noelsdavid/airflow_venv/lib/python3.12/site-packages/airflow/example_dags/example_latest_only.py
[2026-05-18T06:11:30.098+0000] {processor.py:925} INFO - DAG(s) 'latest_only' retrieved from /home/noelsdavid/airflow_venv/lib/python3.12/site-packages/airflow/example_dags/example_latest_only.py
[2026-05-18T06:11:30.121+0000] {logging_mixin.py:190} INFO - [2026-05-18T06:11:30.121+0000] {dag.py:3239} INFO - Sync 1 DAGs
[2026-05-18T06:11:30.148+0000] {logging_mixin.py:190} INFO - [2026-05-18T06:11:30.148+0000] {dag.py:4180} INFO - Setting next_dagrun for latest_only to 2026-05-18 00:00:00+00:00, run_after=2026-05-18 04:00:00+00:00
[2026-05-18T06:11:30.180+0000] {processor.py:208} INFO - Processing /home/noelsdavid/airflow_venv/lib/python3.12/site-packages/airflow/example_dags/example_latest_only.py took 0.107 seconds
[2026-05-18T06:12:28.751+0000] {processor.py:186} INFO - Started process (PID=7650) to work on /home/noelsdavid/airflow_venv/lib/python3.12/site-packages/airflow/example_dags/example_latest_only.py
[2026-05-18T06:12:28.753+0000] {processor.py:914} INFO - Processing file /home/noelsdavid/airflow_venv/lib/python3.12/site-packages/airflow/example_dags/example_latest_only.py for tasks to queue
[2026-05-18T06:12:28.756+0000] {logging_mixin.py:190} INFO - [2026-05-18T06:12:28.756+0000] {dagbag.py:588} INFO - Filling up the DagBag from /home/noelsdavid/airflow_venv/lib/python3.12/site-packages/airflow/example_dags/example_latest_only.py
[2026-05-18T06:12:28.767+0000] {processor.py:925} INFO - DAG(s) 'latest_only' retrieved from /home/noelsdavid/airflow_venv/lib/python3.12/site-packages/airflow/example_dags/example_latest_only.py
[2026-05-18T06:12:28.788+0000] {logging_mixin.py:190} INFO - [2026-05-18T06:12:28.788+0000] {dag.py:3239} INFO - Sync 1 DAGs
[2026-05-18T06:12:28.815+0000] {logging_mixin.py:190} INFO - [2026-05-18T06:12:28.815+0000] {dag.py:4180} INFO - Setting next_dagrun for latest_only to 2026-05-18 00:00:00+00:00, run_after=2026-05-18 04:00:00+00:00
[2026-05-18T06:12:28.847+0000] {processor.py:208} INFO - Processing /home/noelsdavid/airflow_venv/lib/python3.12/site-packages/airflow/example_dags/example_latest_only.py took 0.104 seconds
[2026-05-18T06:13:28.749+0000] {processor.py:186} INFO - Started process (PID=7709) to work on /home/noelsdavid/airflow_venv/lib/python3.12/site-packages/airflow/example_dags/example_latest_only.py
[2026-05-18T06:13:28.751+0000] {processor.py:914} INFO - Processing file /home/noelsdavid/airflow_venv/lib/python3.12/site-packages/airflow/example_dags/example_latest_only.py for tasks to queue
[2026-05-18T06:13:28.755+0000] {logging_mixin.py:190} INFO - [2026-05-18T06:13:28.754+0000] {dagbag.py:588} INFO - Filling up the DagBag from /home/noelsdavid/airflow_venv/lib/python3.12/site-packages/airflow/example_dags/example_latest_only.py
[2026-05-18T06:13:28.765+0000] {processor.py:925} INFO - DAG(s) 'latest_only' retrieved from /home/noelsdavid/airflow_venv/lib/python3.12/site-packages/airflow/example_dags/example_latest_only.py
[2026-05-18T06:13:28.789+0000] {logging_mixin.py:190} INFO - [2026-05-18T06:13:28.789+0000] {dag.py:3239} INFO - Sync 1 DAGs
[2026-05-18T06:13:28.817+0000] {logging_mixin.py:190} INFO - [2026-05-18T06:13:28.817+0000] {dag.py:4180} INFO - Setting next_dagrun for latest_only to 2026-05-18 00:00:00+00:00, run_after=2026-05-18 04:00:00+00:00
[2026-05-18T06:13:28.848+0000] {processor.py:208} INFO - Processing /home/noelsdavid/airflow_venv/lib/python3.12/site-packages/airflow/example_dags/example_latest_only.py took 0.108 seconds
[2026-05-18T06:14:30.833+0000] {processor.py:186} INFO - Started process (PID=7769) to work on /home/noelsdavid/airflow_venv/lib/python3.12/site-packages/airflow/example_dags/example_latest_only.py
[2026-05-18T06:14:30.835+0000] {processor.py:914} INFO - Processing file /home/noelsdavid/airflow_venv/lib/python3.12/site-packages/airflow/example_dags/example_latest_only.py for tasks to queue
[2026-05-18T06:14:30.838+0000] {logging_mixin.py:190} INFO - [2026-05-18T06:14:30.838+0000] {dagbag.py:588} INFO - Filling up the DagBag from /home/noelsdavid/airflow_venv/lib/python3.12/site-packages/airflow/example_dags/example_latest_only.py
[2026-05-18T06:14:30.849+0000] {processor.py:925} INFO - DAG(s) 'latest_only' retrieved from /home/noelsdavid/airflow_venv/lib/python3.12/site-packages/airflow/example_dags/example_latest_only.py
[2026-05-18T06:14:30.871+0000] {logging_mixin.py:190} INFO - [2026-05-18T06:14:30.870+0000] {dag.py:3239} INFO - Sync 1 DAGs
[2026-05-18T06:14:30.897+0000] {logging_mixin.py:190} INFO - [2026-05-18T06:14:30.897+0000] {dag.py:4180} INFO - Setting next_dagrun for latest_only to 2026-05-18 00:00:00+00:00, run_after=2026-05-18 04:00:00+00:00
[2026-05-18T06:14:30.929+0000] {processor.py:208} INFO - Processing /home/noelsdavid/airflow_venv/lib/python3.12/site-packages/airflow/example_dags/example_latest_only.py took 0.106 seconds
[2026-05-18T06:15:33.529+0000] {processor.py:186} INFO - Started process (PID=7888) to work on /home/noelsdavid/airflow_venv/lib/python3.12/site-packages/airflow/example_dags/example_latest_only.py
[2026-05-18T06:15:33.531+0000] {processor.py:914} INFO - Processing file /home/noelsdavid/airflow_venv/lib/python3.12/site-packages/airflow/example_dags/example_latest_only.py for tasks to queue
[2026-05-18T06:15:33.534+0000] {logging_mixin.py:190} INFO - [2026-05-18T06:15:33.534+0000] {dagbag.py:588} INFO - Filling up the DagBag from /home/noelsdavid/airflow_venv/lib/python3.12/site-packages/airflow/example_dags/example_latest_only.py
[2026-05-18T06:15:33.546+0000] {processor.py:925} INFO - DAG(s) 'latest_only' retrieved from /home/noelsdavid/airflow_venv/lib/python3.12/site-packages/airflow/example_dags/example_latest_only.py
[2026-05-18T06:15:33.569+0000] {logging_mixin.py:190} INFO - [2026-05-18T06:15:33.568+0000] {dag.py:3239} INFO - Sync 1 DAGs
[2026-05-18T06:15:33.596+0000] {logging_mixin.py:190} INFO - [2026-05-18T06:15:33.596+0000] {dag.py:4180} INFO - Setting next_dagrun for latest_only to 2026-05-18 00:00:00+00:00, run_after=2026-05-18 04:00:00+00:00
[2026-05-18T06:15:33.626+0000] {processor.py:208} INFO - Processing /home/noelsdavid/airflow_venv/lib/python3.12/site-packages/airflow/example_dags/example_latest_only.py took 0.106 seconds
[2026-05-18T06:16:37.242+0000] {processor.py:186} INFO - Started process (PID=8056) to work on /home/noelsdavid/airflow_venv/lib/python3.12/site-packages/airflow/example_dags/example_latest_only.py
[2026-05-18T06:16:37.245+0000] {processor.py:914} INFO - Processing file /home/noelsdavid/airflow_venv/lib/python3.12/site-packages/airflow/example_dags/example_latest_only.py for tasks to queue
[2026-05-18T06:16:37.248+0000] {logging_mixin.py:190} INFO - [2026-05-18T06:16:37.247+0000] {dagbag.py:588} INFO - Filling up the DagBag from /home/noelsdavid/airflow_venv/lib/python3.12/site-packages/airflow/example_dags/example_latest_only.py
[2026-05-18T06:16:37.259+0000] {processor.py:925} INFO - DAG(s) 'latest_only' retrieved from /home/noelsdavid/airflow_venv/lib/python3.12/site-packages/airflow/example_dags/example_latest_only.py
[2026-05-18T06:16:37.281+0000] {logging_mixin.py:190} INFO - [2026-05-18T06:16:37.281+0000] {dag.py:3239} INFO - Sync 1 DAGs
[2026-05-18T06:16:37.308+0000] {logging_mixin.py:190} INFO - [2026-05-18T06:16:37.307+0000] {dag.py:4180} INFO - Setting next_dagrun for latest_only to 2026-05-18 00:00:00+00:00, run_after=2026-05-18 04:00:00+00:00
[2026-05-18T06:16:37.338+0000] {processor.py:208} INFO - Processing /home/noelsdavid/airflow_venv/lib/python3.12/site-packages/airflow/example_dags/example_latest_only.py took 0.104 seconds
[2026-05-18T06:17:40.608+0000] {processor.py:186} INFO - Started process (PID=8370) to work on /home/noelsdavid/airflow_venv/lib/python3.12/site-packages/airflow/example_dags/example_latest_only.py
[2026-05-18T06:17:40.610+0000] {processor.py:914} INFO - Processing file /home/noelsdavid/airflow_venv/lib/python3.12/site-packages/airflow/example_dags/example_latest_only.py for tasks to queue
[2026-05-18T06:17:40.613+0000] {logging_mixin.py:190} INFO - [2026-05-18T06:17:40.613+0000] {dagbag.py:588} INFO - Filling up the DagBag from /home/noelsdavid/airflow_venv/lib/python3.12/site-packages/airflow/example_dags/example_latest_only.py
[2026-05-18T06:17:40.624+0000] {processor.py:925} INFO - DAG(s) 'latest_only' retrieved from /home/noelsdavid/airflow_venv/lib/python3.12/site-packages/airflow/example_dags/example_latest_only.py
[2026-05-18T06:17:40.646+0000] {logging_mixin.py:190} INFO - [2026-05-18T06:17:40.646+0000] {dag.py:3239} INFO - Sync 1 DAGs
[2026-05-18T06:17:40.673+0000] {logging_mixin.py:190} INFO - [2026-05-18T06:17:40.672+0000] {dag.py:4180} INFO - Setting next_dagrun for latest_only to 2026-05-18 00:00:00+00:00, run_after=2026-05-18 04:00:00+00:00
[2026-05-18T06:17:40.704+0000] {processor.py:208} INFO - Processing /home/noelsdavid/airflow_venv/lib/python3.12/site-packages/airflow/example_dags/example_latest_only.py took 0.104 seconds
[2026-05-18T06:18:39.379+0000] {processor.py:186} INFO - Started process (PID=8483) to work on /home/noelsdavid/airflow_venv/lib/python3.12/site-packages/airflow/example_dags/example_latest_only.py
[2026-05-18T06:18:39.382+0000] {processor.py:914} INFO - Processing file /home/noelsdavid/airflow_venv/lib/python3.12/site-packages/airflow/example_dags/example_latest_only.py for tasks to queue
[2026-05-18T06:18:39.385+0000] {logging_mixin.py:190} INFO - [2026-05-18T06:18:39.384+0000] {dagbag.py:588} INFO - Filling up the DagBag from /home/noelsdavid/airflow_venv/lib/python3.12/site-packages/airflow/example_dags/example_latest_only.py
[2026-05-18T06:18:39.395+0000] {processor.py:925} INFO - DAG(s) 'latest_only' retrieved from /home/noelsdavid/airflow_venv/lib/python3.12/site-packages/airflow/example_dags/example_latest_only.py
[2026-05-18T06:18:39.418+0000] {logging_mixin.py:190} INFO - [2026-05-18T06:18:39.417+0000] {dag.py:3239} INFO - Sync 1 DAGs
[2026-05-18T06:18:39.443+0000] {logging_mixin.py:190} INFO - [2026-05-18T06:18:39.443+0000] {dag.py:4180} INFO - Setting next_dagrun for latest_only to 2026-05-18 00:00:00+00:00, run_after=2026-05-18 04:00:00+00:00
[2026-05-18T06:18:39.472+0000] {processor.py:208} INFO - Processing /home/noelsdavid/airflow_venv/lib/python3.12/site-packages/airflow/example_dags/example_latest_only.py took 0.102 seconds
[2026-05-18T06:19:39.426+0000] {processor.py:186} INFO - Started process (PID=8542) to work on /home/noelsdavid/airflow_venv/lib/python3.12/site-packages/airflow/example_dags/example_latest_only.py
[2026-05-18T06:19:39.428+0000] {processor.py:914} INFO - Processing file /home/noelsdavid/airflow_venv/lib/python3.12/site-packages/airflow/example_dags/example_latest_only.py for tasks to queue
[2026-05-18T06:19:39.432+0000] {logging_mixin.py:190} INFO - [2026-05-18T06:19:39.431+0000] {dagbag.py:588} INFO - Filling up the DagBag from /home/noelsdavid/airflow_venv/lib/python3.12/site-packages/airflow/example_dags/example_latest_only.py
[2026-05-18T06:19:39.442+0000] {processor.py:925} INFO - DAG(s) 'latest_only' retrieved from /home/noelsdavid/airflow_venv/lib/python3.12/site-packages/airflow/example_dags/example_latest_only.py
[2026-05-18T06:19:39.463+0000] {logging_mixin.py:190} INFO - [2026-05-18T06:19:39.463+0000] {dag.py:3239} INFO - Sync 1 DAGs
[2026-05-18T06:19:39.488+0000] {logging_mixin.py:190} INFO - [2026-05-18T06:19:39.488+0000] {dag.py:4180} INFO - Setting next_dagrun for latest_only to 2026-05-18 00:00:00+00:00, run_after=2026-05-18 04:00:00+00:00
[2026-05-18T06:19:39.519+0000] {processor.py:208} INFO - Processing /home/noelsdavid/airflow_venv/lib/python3.12/site-packages/airflow/example_dags/example_latest_only.py took 0.101 seconds
[2026-05-18T06:20:43.993+0000] {processor.py:186} INFO - Started process (PID=8631) to work on /home/noelsdavid/airflow_venv/lib/python3.12/site-packages/airflow/example_dags/example_latest_only.py
[2026-05-18T06:20:43.996+0000] {processor.py:914} INFO - Processing file /home/noelsdavid/airflow_venv/lib/python3.12/site-packages/airflow/example_dags/example_latest_only.py for tasks to queue
[2026-05-18T06:20:43.998+0000] {logging_mixin.py:190} INFO - [2026-05-18T06:20:43.997+0000] {dagbag.py:588} INFO - Filling up the DagBag from /home/noelsdavid/airflow_venv/lib/python3.12/site-packages/airflow/example_dags/example_latest_only.py
[2026-05-18T06:20:44.011+0000] {processor.py:925} INFO - DAG(s) 'latest_only' retrieved from /home/noelsdavid/airflow_venv/lib/python3.12/site-packages/airflow/example_dags/example_latest_only.py
[2026-05-18T06:20:44.034+0000] {logging_mixin.py:190} INFO - [2026-05-18T06:20:44.033+0000] {dag.py:3239} INFO - Sync 1 DAGs
[2026-05-18T06:20:44.061+0000] {logging_mixin.py:190} INFO - [2026-05-18T06:20:44.061+0000] {dag.py:4180} INFO - Setting next_dagrun for latest_only to 2026-05-18 00:00:00+00:00, run_after=2026-05-18 04:00:00+00:00
[2026-05-18T06:20:44.094+0000] {processor.py:208} INFO - Processing /home/noelsdavid/airflow_venv/lib/python3.12/site-packages/airflow/example_dags/example_latest_only.py took 0.110 seconds
[2026-05-18T06:21:46.783+0000] {processor.py:186} INFO - Started process (PID=8691) to work on /home/noelsdavid/airflow_venv/lib/python3.12/site-packages/airflow/example_dags/example_latest_only.py
[2026-05-18T06:21:46.789+0000] {processor.py:914} INFO - Processing file /home/noelsdavid/airflow_venv/lib/python3.12/site-packages/airflow/example_dags/example_latest_only.py for tasks to queue
[2026-05-18T06:21:46.791+0000] {logging_mixin.py:190} INFO - [2026-05-18T06:21:46.790+0000] {dagbag.py:588} INFO - Filling up the DagBag from /home/noelsdavid/airflow_venv/lib/python3.12/site-packages/airflow/example_dags/example_latest_only.py
[2026-05-18T06:21:46.817+0000] {processor.py:925} INFO - DAG(s) 'latest_only' retrieved from /home/noelsdavid/airflow_venv/lib/python3.12/site-packages/airflow/example_dags/example_latest_only.py
[2026-05-18T06:21:46.863+0000] {logging_mixin.py:190} INFO - [2026-05-18T06:21:46.862+0000] {dag.py:3239} INFO - Sync 1 DAGs
[2026-05-18T06:21:46.911+0000] {logging_mixin.py:190} INFO - [2026-05-18T06:21:46.911+0000] {dag.py:4180} INFO - Setting next_dagrun for latest_only to 2026-05-18 00:00:00+00:00, run_after=2026-05-18 04:00:00+00:00
[2026-05-18T06:21:46.960+0000] {processor.py:208} INFO - Processing /home/noelsdavid/airflow_venv/lib/python3.12/site-packages/airflow/example_dags/example_latest_only.py took 0.187 seconds
[2026-05-18T06:22:51.703+0000] {processor.py:186} INFO - Started process (PID=8754) to work on /home/noelsdavid/airflow_venv/lib/python3.12/site-packages/airflow/example_dags/example_latest_only.py
[2026-05-18T06:22:51.728+0000] {processor.py:914} INFO - Processing file /home/noelsdavid/airflow_venv/lib/python3.12/site-packages/airflow/example_dags/example_latest_only.py for tasks to queue
[2026-05-18T06:22:51.730+0000] {logging_mixin.py:190} INFO - [2026-05-18T06:22:51.729+0000] {dagbag.py:588} INFO - Filling up the DagBag from /home/noelsdavid/airflow_venv/lib/python3.12/site-packages/airflow/example_dags/example_latest_only.py
[2026-05-18T06:22:51.748+0000] {processor.py:925} INFO - DAG(s) 'latest_only' retrieved from /home/noelsdavid/airflow_venv/lib/python3.12/site-packages/airflow/example_dags/example_latest_only.py
[2026-05-18T06:22:51.773+0000] {logging_mixin.py:190} INFO - [2026-05-18T06:22:51.772+0000] {dag.py:3239} INFO - Sync 1 DAGs
[2026-05-18T06:22:51.799+0000] {logging_mixin.py:190} INFO - [2026-05-18T06:22:51.799+0000] {dag.py:4180} INFO - Setting next_dagrun for latest_only to 2026-05-18 00:00:00+00:00, run_after=2026-05-18 04:00:00+00:00
[2026-05-18T06:22:51.828+0000] {processor.py:208} INFO - Processing /home/noelsdavid/airflow_venv/lib/python3.12/site-packages/airflow/example_dags/example_latest_only.py took 0.136 seconds
[2026-05-18T06:23:55.287+0000] {processor.py:186} INFO - Started process (PID=8816) to work on /home/noelsdavid/airflow_venv/lib/python3.12/site-packages/airflow/example_dags/example_latest_only.py
[2026-05-18T06:23:55.289+0000] {processor.py:914} INFO - Processing file /home/noelsdavid/airflow_venv/lib/python3.12/site-packages/airflow/example_dags/example_latest_only.py for tasks to queue
[2026-05-18T06:23:55.291+0000] {logging_mixin.py:190} INFO - [2026-05-18T06:23:55.290+0000] {dagbag.py:588} INFO - Filling up the DagBag from /home/noelsdavid/airflow_venv/lib/python3.12/site-packages/airflow/example_dags/example_latest_only.py
[2026-05-18T06:23:55.303+0000] {processor.py:925} INFO - DAG(s) 'latest_only' retrieved from /home/noelsdavid/airflow_venv/lib/python3.12/site-packages/airflow/example_dags/example_latest_only.py
[2026-05-18T06:23:55.326+0000] {logging_mixin.py:190} INFO - [2026-05-18T06:23:55.326+0000] {dag.py:3239} INFO - Sync 1 DAGs
[2026-05-18T06:23:55.354+0000] {logging_mixin.py:190} INFO - [2026-05-18T06:23:55.354+0000] {dag.py:4180} INFO - Setting next_dagrun for latest_only to 2026-05-18 00:00:00+00:00, run_after=2026-05-18 04:00:00+00:00
[2026-05-18T06:23:55.387+0000] {processor.py:208} INFO - Processing /home/noelsdavid/airflow_venv/lib/python3.12/site-packages/airflow/example_dags/example_latest_only.py took 0.108 seconds
[2026-05-18T06:25:02.056+0000] {processor.py:186} INFO - Started process (PID=8880) to work on /home/noelsdavid/airflow_venv/lib/python3.12/site-packages/airflow/example_dags/example_latest_only.py
[2026-05-18T06:25:02.074+0000] {processor.py:914} INFO - Processing file /home/noelsdavid/airflow_venv/lib/python3.12/site-packages/airflow/example_dags/example_latest_only.py for tasks to queue
[2026-05-18T06:25:02.077+0000] {logging_mixin.py:190} INFO - [2026-05-18T06:25:02.076+0000] {dagbag.py:588} INFO - Filling up the DagBag from /home/noelsdavid/airflow_venv/lib/python3.12/site-packages/airflow/example_dags/example_latest_only.py
[2026-05-18T06:25:02.093+0000] {processor.py:925} INFO - DAG(s) 'latest_only' retrieved from /home/noelsdavid/airflow_venv/lib/python3.12/site-packages/airflow/example_dags/example_latest_only.py
[2026-05-18T06:25:02.123+0000] {logging_mixin.py:190} INFO - [2026-05-18T06:25:02.123+0000] {dag.py:3239} INFO - Sync 1 DAGs
[2026-05-18T06:25:02.158+0000] {logging_mixin.py:190} INFO - [2026-05-18T06:25:02.158+0000] {dag.py:4180} INFO - Setting next_dagrun for latest_only to 2026-05-18 00:00:00+00:00, run_after=2026-05-18 04:00:00+00:00
[2026-05-18T06:25:02.206+0000] {processor.py:208} INFO - Processing /home/noelsdavid/airflow_venv/lib/python3.12/site-packages/airflow/example_dags/example_latest_only.py took 0.170 seconds
[2026-05-18T06:26:07.044+0000] {processor.py:186} INFO - Started process (PID=8994) to work on /home/noelsdavid/airflow_venv/lib/python3.12/site-packages/airflow/example_dags/example_latest_only.py
[2026-05-18T06:26:07.076+0000] {processor.py:914} INFO - Processing file /home/noelsdavid/airflow_venv/lib/python3.12/site-packages/airflow/example_dags/example_latest_only.py for tasks to queue
[2026-05-18T06:26:07.078+0000] {logging_mixin.py:190} INFO - [2026-05-18T06:26:07.078+0000] {dagbag.py:588} INFO - Filling up the DagBag from /home/noelsdavid/airflow_venv/lib/python3.12/site-packages/airflow/example_dags/example_latest_only.py
[2026-05-18T06:26:07.089+0000] {processor.py:925} INFO - DAG(s) 'latest_only' retrieved from /home/noelsdavid/airflow_venv/lib/python3.12/site-packages/airflow/example_dags/example_latest_only.py
[2026-05-18T06:26:07.112+0000] {logging_mixin.py:190} INFO - [2026-05-18T06:26:07.111+0000] {dag.py:3239} INFO - Sync 1 DAGs
[2026-05-18T06:26:07.139+0000] {logging_mixin.py:190} INFO - [2026-05-18T06:26:07.138+0000] {dag.py:4180} INFO - Setting next_dagrun for latest_only to 2026-05-18 00:00:00+00:00, run_after=2026-05-18 04:00:00+00:00
[2026-05-18T06:26:07.187+0000] {processor.py:208} INFO - Processing /home/noelsdavid/airflow_venv/lib/python3.12/site-packages/airflow/example_dags/example_latest_only.py took 0.153 seconds
[2026-05-18T06:27:23.267+0000] {processor.py:186} INFO - Started process (PID=9445) to work on /home/noelsdavid/airflow_venv/lib/python3.12/site-packages/airflow/example_dags/example_latest_only.py
[2026-05-18T06:27:23.269+0000] {processor.py:914} INFO - Processing file /home/noelsdavid/airflow_venv/lib/python3.12/site-packages/airflow/example_dags/example_latest_only.py for tasks to queue
[2026-05-18T06:27:23.271+0000] {logging_mixin.py:190} INFO - [2026-05-18T06:27:23.271+0000] {dagbag.py:588} INFO - Filling up the DagBag from /home/noelsdavid/airflow_venv/lib/python3.12/site-packages/airflow/example_dags/example_latest_only.py
[2026-05-18T06:27:23.283+0000] {processor.py:925} INFO - DAG(s) 'latest_only' retrieved from /home/noelsdavid/airflow_venv/lib/python3.12/site-packages/airflow/example_dags/example_latest_only.py
[2026-05-18T06:27:23.307+0000] {logging_mixin.py:190} INFO - [2026-05-18T06:27:23.307+0000] {dag.py:3239} INFO - Sync 1 DAGs
[2026-05-18T06:27:23.336+0000] {logging_mixin.py:190} INFO - [2026-05-18T06:27:23.336+0000] {dag.py:4180} INFO - Setting next_dagrun for latest_only to 2026-05-18 00:00:00+00:00, run_after=2026-05-18 04:00:00+00:00
[2026-05-18T06:27:23.368+0000] {processor.py:208} INFO - Processing /home/noelsdavid/airflow_venv/lib/python3.12/site-packages/airflow/example_dags/example_latest_only.py took 0.111 seconds
[2026-05-18T06:28:37.232+0000] {processor.py:186} INFO - Started process (PID=9727) to work on /home/noelsdavid/airflow_venv/lib/python3.12/site-packages/airflow/example_dags/example_latest_only.py
[2026-05-18T06:28:37.235+0000] {processor.py:914} INFO - Processing file /home/noelsdavid/airflow_venv/lib/python3.12/site-packages/airflow/example_dags/example_latest_only.py for tasks to queue
[2026-05-18T06:28:37.237+0000] {logging_mixin.py:190} INFO - [2026-05-18T06:28:37.236+0000] {dagbag.py:588} INFO - Filling up the DagBag from /home/noelsdavid/airflow_venv/lib/python3.12/site-packages/airflow/example_dags/example_latest_only.py
[2026-05-18T06:28:37.249+0000] {processor.py:925} INFO - DAG(s) 'latest_only' retrieved from /home/noelsdavid/airflow_venv/lib/python3.12/site-packages/airflow/example_dags/example_latest_only.py
[2026-05-18T06:28:37.273+0000] {logging_mixin.py:190} INFO - [2026-05-18T06:28:37.273+0000] {dag.py:3239} INFO - Sync 1 DAGs
[2026-05-18T06:28:37.301+0000] {logging_mixin.py:190} INFO - [2026-05-18T06:28:37.300+0000] {dag.py:4180} INFO - Setting next_dagrun for latest_only to 2026-05-18 00:00:00+00:00, run_after=2026-05-18 04:00:00+00:00
[2026-05-18T06:28:37.333+0000] {processor.py:208} INFO - Processing /home/noelsdavid/airflow_venv/lib/python3.12/site-packages/airflow/example_dags/example_latest_only.py took 0.109 seconds
[2026-05-18T06:29:48.710+0000] {processor.py:186} INFO - Started process (PID=9793) to work on /home/noelsdavid/airflow_venv/lib/python3.12/site-packages/airflow/example_dags/example_latest_only.py
[2026-05-18T06:29:48.727+0000] {processor.py:914} INFO - Processing file /home/noelsdavid/airflow_venv/lib/python3.12/site-packages/airflow/example_dags/example_latest_only.py for tasks to queue
[2026-05-18T06:29:48.729+0000] {logging_mixin.py:190} INFO - [2026-05-18T06:29:48.728+0000] {dagbag.py:588} INFO - Filling up the DagBag from /home/noelsdavid/airflow_venv/lib/python3.12/site-packages/airflow/example_dags/example_latest_only.py
[2026-05-18T06:29:48.740+0000] {processor.py:925} INFO - DAG(s) 'latest_only' retrieved from /home/noelsdavid/airflow_venv/lib/python3.12/site-packages/airflow/example_dags/example_latest_only.py
[2026-05-18T06:29:48.762+0000] {logging_mixin.py:190} INFO - [2026-05-18T06:29:48.762+0000] {dag.py:3239} INFO - Sync 1 DAGs
[2026-05-18T06:29:48.788+0000] {logging_mixin.py:190} INFO - [2026-05-18T06:29:48.788+0000] {dag.py:4180} INFO - Setting next_dagrun for latest_only to 2026-05-18 00:00:00+00:00, run_after=2026-05-18 04:00:00+00:00
[2026-05-18T06:29:48.819+0000] {processor.py:208} INFO - Processing /home/noelsdavid/airflow_venv/lib/python3.12/site-packages/airflow/example_dags/example_latest_only.py took 0.117 seconds
[2026-05-18T06:30:52.889+0000] {processor.py:186} INFO - Started process (PID=9880) to work on /home/noelsdavid/airflow_venv/lib/python3.12/site-packages/airflow/example_dags/example_latest_only.py
[2026-05-18T06:30:52.916+0000] {processor.py:914} INFO - Processing file /home/noelsdavid/airflow_venv/lib/python3.12/site-packages/airflow/example_dags/example_latest_only.py for tasks to queue
[2026-05-18T06:30:52.918+0000] {logging_mixin.py:190} INFO - [2026-05-18T06:30:52.917+0000] {dagbag.py:588} INFO - Filling up the DagBag from /home/noelsdavid/airflow_venv/lib/python3.12/site-packages/airflow/example_dags/example_latest_only.py
[2026-05-18T06:30:52.931+0000] {processor.py:925} INFO - DAG(s) 'latest_only' retrieved from /home/noelsdavid/airflow_venv/lib/python3.12/site-packages/airflow/example_dags/example_latest_only.py
[2026-05-18T06:30:52.955+0000] {logging_mixin.py:190} INFO - [2026-05-18T06:30:52.955+0000] {dag.py:3239} INFO - Sync 1 DAGs
[2026-05-18T06:30:52.985+0000] {logging_mixin.py:190} INFO - [2026-05-18T06:30:52.985+0000] {dag.py:4180} INFO - Setting next_dagrun for latest_only to 2026-05-18 00:00:00+00:00, run_after=2026-05-18 04:00:00+00:00
[2026-05-18T06:30:53.020+0000] {processor.py:208} INFO - Processing /home/noelsdavid/airflow_venv/lib/python3.12/site-packages/airflow/example_dags/example_latest_only.py took 0.140 seconds
[2026-05-18T06:31:57.836+0000] {processor.py:186} INFO - Started process (PID=9943) to work on /home/noelsdavid/airflow_venv/lib/python3.12/site-packages/airflow/example_dags/example_latest_only.py
[2026-05-18T06:31:57.839+0000] {processor.py:914} INFO - Processing file /home/noelsdavid/airflow_venv/lib/python3.12/site-packages/airflow/example_dags/example_latest_only.py for tasks to queue
[2026-05-18T06:31:57.841+0000] {logging_mixin.py:190} INFO - [2026-05-18T06:31:57.840+0000] {dagbag.py:588} INFO - Filling up the DagBag from /home/noelsdavid/airflow_venv/lib/python3.12/site-packages/airflow/example_dags/example_latest_only.py
[2026-05-18T06:31:57.852+0000] {processor.py:925} INFO - DAG(s) 'latest_only' retrieved from /home/noelsdavid/airflow_venv/lib/python3.12/site-packages/airflow/example_dags/example_latest_only.py
[2026-05-18T06:31:57.877+0000] {logging_mixin.py:190} INFO - [2026-05-18T06:31:57.877+0000] {dag.py:3239} INFO - Sync 1 DAGs
[2026-05-18T06:31:57.904+0000] {logging_mixin.py:190} INFO - [2026-05-18T06:31:57.903+0000] {dag.py:4180} INFO - Setting next_dagrun for latest_only to 2026-05-18 00:00:00+00:00, run_after=2026-05-18 04:00:00+00:00
[2026-05-18T06:31:57.934+0000] {processor.py:208} INFO - Processing /home/noelsdavid/airflow_venv/lib/python3.12/site-packages/airflow/example_dags/example_latest_only.py took 0.106 seconds
[2026-05-18T06:32:56.363+0000] {processor.py:186} INFO - Started process (PID=10003) to work on /home/noelsdavid/airflow_venv/lib/python3.12/site-packages/airflow/example_dags/example_latest_only.py
[2026-05-18T06:32:56.365+0000] {processor.py:914} INFO - Processing file /home/noelsdavid/airflow_venv/lib/python3.12/site-packages/airflow/example_dags/example_latest_only.py for tasks to queue
[2026-05-18T06:32:56.367+0000] {logging_mixin.py:190} INFO - [2026-05-18T06:32:56.366+0000] {dagbag.py:588} INFO - Filling up the DagBag from /home/noelsdavid/airflow_venv/lib/python3.12/site-packages/airflow/example_dags/example_latest_only.py
[2026-05-18T06:32:56.378+0000] {processor.py:925} INFO - DAG(s) 'latest_only' retrieved from /home/noelsdavid/airflow_venv/lib/python3.12/site-packages/airflow/example_dags/example_latest_only.py
[2026-05-18T06:32:56.399+0000] {logging_mixin.py:190} INFO - [2026-05-18T06:32:56.399+0000] {dag.py:3239} INFO - Sync 1 DAGs
[2026-05-18T06:32:56.424+0000] {logging_mixin.py:190} INFO - [2026-05-18T06:32:56.424+0000] {dag.py:4180} INFO - Setting next_dagrun for latest_only to 2026-05-18 00:00:00+00:00, run_after=2026-05-18 04:00:00+00:00
[2026-05-18T06:32:56.452+0000] {processor.py:208} INFO - Processing /home/noelsdavid/airflow_venv/lib/python3.12/site-packages/airflow/example_dags/example_latest_only.py took 0.097 seconds
[2026-05-18T06:34:03.988+0000] {processor.py:186} INFO - Started process (PID=10108) to work on /home/noelsdavid/airflow_venv/lib/python3.12/site-packages/airflow/example_dags/example_latest_only.py
[2026-05-18T06:34:03.991+0000] {processor.py:914} INFO - Processing file /home/noelsdavid/airflow_venv/lib/python3.12/site-packages/airflow/example_dags/example_latest_only.py for tasks to queue
[2026-05-18T06:34:03.993+0000] {logging_mixin.py:190} INFO - [2026-05-18T06:34:03.992+0000] {dagbag.py:588} INFO - Filling up the DagBag from /home/noelsdavid/airflow_venv/lib/python3.12/site-packages/airflow/example_dags/example_latest_only.py
[2026-05-18T06:34:04.005+0000] {processor.py:925} INFO - DAG(s) 'latest_only' retrieved from /home/noelsdavid/airflow_venv/lib/python3.12/site-packages/airflow/example_dags/example_latest_only.py
[2026-05-18T06:34:04.028+0000] {logging_mixin.py:190} INFO - [2026-05-18T06:34:04.027+0000] {dag.py:3239} INFO - Sync 1 DAGs
[2026-05-18T06:34:04.057+0000] {logging_mixin.py:190} INFO - [2026-05-18T06:34:04.057+0000] {dag.py:4180} INFO - Setting next_dagrun for latest_only to 2026-05-18 00:00:00+00:00, run_after=2026-05-18 04:00:00+00:00
[2026-05-18T06:34:04.091+0000] {processor.py:208} INFO - Processing /home/noelsdavid/airflow_venv/lib/python3.12/site-packages/airflow/example_dags/example_latest_only.py took 0.112 seconds
[2026-05-18T06:35:06.337+0000] {processor.py:186} INFO - Started process (PID=10262) to work on /home/noelsdavid/airflow_venv/lib/python3.12/site-packages/airflow/example_dags/example_latest_only.py
[2026-05-18T06:35:06.339+0000] {processor.py:914} INFO - Processing file /home/noelsdavid/airflow_venv/lib/python3.12/site-packages/airflow/example_dags/example_latest_only.py for tasks to queue
[2026-05-18T06:35:06.341+0000] {logging_mixin.py:190} INFO - [2026-05-18T06:35:06.340+0000] {dagbag.py:588} INFO - Filling up the DagBag from /home/noelsdavid/airflow_venv/lib/python3.12/site-packages/airflow/example_dags/example_latest_only.py
[2026-05-18T06:35:06.353+0000] {processor.py:925} INFO - DAG(s) 'latest_only' retrieved from /home/noelsdavid/airflow_venv/lib/python3.12/site-packages/airflow/example_dags/example_latest_only.py
[2026-05-18T06:35:06.374+0000] {logging_mixin.py:190} INFO - [2026-05-18T06:35:06.374+0000] {dag.py:3239} INFO - Sync 1 DAGs
[2026-05-18T06:35:06.400+0000] {logging_mixin.py:190} INFO - [2026-05-18T06:35:06.400+0000] {dag.py:4180} INFO - Setting next_dagrun for latest_only to 2026-05-18 00:00:00+00:00, run_after=2026-05-18 04:00:00+00:00
[2026-05-18T06:35:06.433+0000] {processor.py:208} INFO - Processing /home/noelsdavid/airflow_venv/lib/python3.12/site-packages/airflow/example_dags/example_latest_only.py took 0.104 seconds
[2026-05-18T06:36:12.144+0000] {processor.py:186} INFO - Started process (PID=10473) to work on /home/noelsdavid/airflow_venv/lib/python3.12/site-packages/airflow/example_dags/example_latest_only.py
[2026-05-18T06:36:12.146+0000] {processor.py:914} INFO - Processing file /home/noelsdavid/airflow_venv/lib/python3.12/site-packages/airflow/example_dags/example_latest_only.py for tasks to queue
[2026-05-18T06:36:12.148+0000] {logging_mixin.py:190} INFO - [2026-05-18T06:36:12.147+0000] {dagbag.py:588} INFO - Filling up the DagBag from /home/noelsdavid/airflow_venv/lib/python3.12/site-packages/airflow/example_dags/example_latest_only.py
[2026-05-18T06:36:12.159+0000] {processor.py:925} INFO - DAG(s) 'latest_only' retrieved from /home/noelsdavid/airflow_venv/lib/python3.12/site-packages/airflow/example_dags/example_latest_only.py
[2026-05-18T06:36:12.180+0000] {logging_mixin.py:190} INFO - [2026-05-18T06:36:12.179+0000] {dag.py:3239} INFO - Sync 1 DAGs
[2026-05-18T06:36:12.209+0000] {logging_mixin.py:190} INFO - [2026-05-18T06:36:12.209+0000] {dag.py:4180} INFO - Setting next_dagrun for latest_only to 2026-05-18 00:00:00+00:00, run_after=2026-05-18 04:00:00+00:00
[2026-05-18T06:36:12.241+0000] {processor.py:208} INFO - Processing /home/noelsdavid/airflow_venv/lib/python3.12/site-packages/airflow/example_dags/example_latest_only.py took 0.106 seconds
[2026-05-18T06:37:12.515+0000] {processor.py:186} INFO - Started process (PID=10758) to work on /home/noelsdavid/airflow_venv/lib/python3.12/site-packages/airflow/example_dags/example_latest_only.py
[2026-05-18T06:37:12.523+0000] {processor.py:914} INFO - Processing file /home/noelsdavid/airflow_venv/lib/python3.12/site-packages/airflow/example_dags/example_latest_only.py for tasks to queue
[2026-05-18T06:37:12.533+0000] {logging_mixin.py:190} INFO - [2026-05-18T06:37:12.528+0000] {dagbag.py:588} INFO - Filling up the DagBag from /home/noelsdavid/airflow_venv/lib/python3.12/site-packages/airflow/example_dags/example_latest_only.py
[2026-05-18T06:37:12.607+0000] {processor.py:925} INFO - DAG(s) 'latest_only' retrieved from /home/noelsdavid/airflow_venv/lib/python3.12/site-packages/airflow/example_dags/example_latest_only.py
[2026-05-18T06:37:12.731+0000] {logging_mixin.py:190} INFO - [2026-05-18T06:37:12.730+0000] {dag.py:3239} INFO - Sync 1 DAGs
[2026-05-18T06:37:12.870+0000] {logging_mixin.py:190} INFO - [2026-05-18T06:37:12.870+0000] {dag.py:4180} INFO - Setting next_dagrun for latest_only to 2026-05-18 00:00:00+00:00, run_after=2026-05-18 04:00:00+00:00
[2026-05-18T06:37:12.965+0000] {processor.py:208} INFO - Processing /home/noelsdavid/airflow_venv/lib/python3.12/site-packages/airflow/example_dags/example_latest_only.py took 0.506 seconds
[2026-05-18T06:38:21.468+0000] {processor.py:186} INFO - Started process (PID=11028) to work on /home/noelsdavid/airflow_venv/lib/python3.12/site-packages/airflow/example_dags/example_latest_only.py
[2026-05-18T06:38:21.471+0000] {processor.py:914} INFO - Processing file /home/noelsdavid/airflow_venv/lib/python3.12/site-packages/airflow/example_dags/example_latest_only.py for tasks to queue
[2026-05-18T06:38:21.473+0000] {logging_mixin.py:190} INFO - [2026-05-18T06:38:21.473+0000] {dagbag.py:588} INFO - Filling up the DagBag from /home/noelsdavid/airflow_venv/lib/python3.12/site-packages/airflow/example_dags/example_latest_only.py
[2026-05-18T06:38:21.485+0000] {processor.py:925} INFO - DAG(s) 'latest_only' retrieved from /home/noelsdavid/airflow_venv/lib/python3.12/site-packages/airflow/example_dags/example_latest_only.py
[2026-05-18T06:38:21.506+0000] {logging_mixin.py:190} INFO - [2026-05-18T06:38:21.506+0000] {dag.py:3239} INFO - Sync 1 DAGs
[2026-05-18T06:38:21.534+0000] {logging_mixin.py:190} INFO - [2026-05-18T06:38:21.534+0000] {dag.py:4180} INFO - Setting next_dagrun for latest_only to 2026-05-18 00:00:00+00:00, run_after=2026-05-18 04:00:00+00:00
[2026-05-18T06:38:21.564+0000] {processor.py:208} INFO - Processing /home/noelsdavid/airflow_venv/lib/python3.12/site-packages/airflow/example_dags/example_latest_only.py took 0.104 seconds
[2026-05-18T06:39:24.230+0000] {processor.py:186} INFO - Started process (PID=11280) to work on /home/noelsdavid/airflow_venv/lib/python3.12/site-packages/airflow/example_dags/example_latest_only.py
[2026-05-18T06:39:24.249+0000] {processor.py:914} INFO - Processing file /home/noelsdavid/airflow_venv/lib/python3.12/site-packages/airflow/example_dags/example_latest_only.py for tasks to queue
[2026-05-18T06:39:24.251+0000] {logging_mixin.py:190} INFO - [2026-05-18T06:39:24.250+0000] {dagbag.py:588} INFO - Filling up the DagBag from /home/noelsdavid/airflow_venv/lib/python3.12/site-packages/airflow/example_dags/example_latest_only.py
[2026-05-18T06:39:24.262+0000] {processor.py:925} INFO - DAG(s) 'latest_only' retrieved from /home/noelsdavid/airflow_venv/lib/python3.12/site-packages/airflow/example_dags/example_latest_only.py
[2026-05-18T06:39:24.283+0000] {logging_mixin.py:190} INFO - [2026-05-18T06:39:24.283+0000] {dag.py:3239} INFO - Sync 1 DAGs
[2026-05-18T06:39:24.309+0000] {logging_mixin.py:190} INFO - [2026-05-18T06:39:24.309+0000] {dag.py:4180} INFO - Setting next_dagrun for latest_only to 2026-05-18 00:00:00+00:00, run_after=2026-05-18 04:00:00+00:00
[2026-05-18T06:39:24.343+0000] {processor.py:208} INFO - Processing /home/noelsdavid/airflow_venv/lib/python3.12/site-packages/airflow/example_dags/example_latest_only.py took 0.121 seconds
[2026-05-18T06:40:33.437+0000] {processor.py:186} INFO - Started process (PID=11559) to work on /home/noelsdavid/airflow_venv/lib/python3.12/site-packages/airflow/example_dags/example_latest_only.py
[2026-05-18T06:40:33.440+0000] {processor.py:914} INFO - Processing file /home/noelsdavid/airflow_venv/lib/python3.12/site-packages/airflow/example_dags/example_latest_only.py for tasks to queue
[2026-05-18T06:40:33.443+0000] {logging_mixin.py:190} INFO - [2026-05-18T06:40:33.442+0000] {dagbag.py:588} INFO - Filling up the DagBag from /home/noelsdavid/airflow_venv/lib/python3.12/site-packages/airflow/example_dags/example_latest_only.py
[2026-05-18T06:40:33.457+0000] {processor.py:925} INFO - DAG(s) 'latest_only' retrieved from /home/noelsdavid/airflow_venv/lib/python3.12/site-packages/airflow/example_dags/example_latest_only.py
[2026-05-18T06:40:33.484+0000] {logging_mixin.py:190} INFO - [2026-05-18T06:40:33.484+0000] {dag.py:3239} INFO - Sync 1 DAGs
[2026-05-18T06:40:33.513+0000] {logging_mixin.py:190} INFO - [2026-05-18T06:40:33.513+0000] {dag.py:4180} INFO - Setting next_dagrun for latest_only to 2026-05-18 00:00:00+00:00, run_after=2026-05-18 04:00:00+00:00
[2026-05-18T06:40:33.549+0000] {processor.py:208} INFO - Processing /home/noelsdavid/airflow_venv/lib/python3.12/site-packages/airflow/example_dags/example_latest_only.py took 0.122 seconds
[2026-05-18T06:41:46.321+0000] {processor.py:186} INFO - Started process (PID=12222) to work on /home/noelsdavid/airflow_venv/lib/python3.12/site-packages/airflow/example_dags/example_latest_only.py
[2026-05-18T06:41:46.324+0000] {processor.py:914} INFO - Processing file /home/noelsdavid/airflow_venv/lib/python3.12/site-packages/airflow/example_dags/example_latest_only.py for tasks to queue
[2026-05-18T06:41:46.326+0000] {logging_mixin.py:190} INFO - [2026-05-18T06:41:46.326+0000] {dagbag.py:588} INFO - Filling up the DagBag from /home/noelsdavid/airflow_venv/lib/python3.12/site-packages/airflow/example_dags/example_latest_only.py
[2026-05-18T06:41:46.338+0000] {processor.py:925} INFO - DAG(s) 'latest_only' retrieved from /home/noelsdavid/airflow_venv/lib/python3.12/site-packages/airflow/example_dags/example_latest_only.py
[2026-05-18T06:41:46.364+0000] {logging_mixin.py:190} INFO - [2026-05-18T06:41:46.364+0000] {dag.py:3239} INFO - Sync 1 DAGs
[2026-05-18T06:41:46.395+0000] {logging_mixin.py:190} INFO - [2026-05-18T06:41:46.394+0000] {dag.py:4180} INFO - Setting next_dagrun for latest_only to 2026-05-18 00:00:00+00:00, run_after=2026-05-18 04:00:00+00:00
[2026-05-18T06:41:46.435+0000] {processor.py:208} INFO - Processing /home/noelsdavid/airflow_venv/lib/python3.12/site-packages/airflow/example_dags/example_latest_only.py took 0.123 seconds
[2026-05-18T06:43:00.667+0000] {processor.py:186} INFO - Started process (PID=12601) to work on /home/noelsdavid/airflow_venv/lib/python3.12/site-packages/airflow/example_dags/example_latest_only.py
[2026-05-18T06:43:00.686+0000] {processor.py:914} INFO - Processing file /home/noelsdavid/airflow_venv/lib/python3.12/site-packages/airflow/example_dags/example_latest_only.py for tasks to queue
[2026-05-18T06:43:00.689+0000] {logging_mixin.py:190} INFO - [2026-05-18T06:43:00.688+0000] {dagbag.py:588} INFO - Filling up the DagBag from /home/noelsdavid/airflow_venv/lib/python3.12/site-packages/airflow/example_dags/example_latest_only.py
[2026-05-18T06:43:00.703+0000] {processor.py:925} INFO - DAG(s) 'latest_only' retrieved from /home/noelsdavid/airflow_venv/lib/python3.12/site-packages/airflow/example_dags/example_latest_only.py
[2026-05-18T06:43:00.733+0000] {logging_mixin.py:190} INFO - [2026-05-18T06:43:00.732+0000] {dag.py:3239} INFO - Sync 1 DAGs
[2026-05-18T06:43:00.765+0000] {logging_mixin.py:190} INFO - [2026-05-18T06:43:00.765+0000] {dag.py:4180} INFO - Setting next_dagrun for latest_only to 2026-05-18 00:00:00+00:00, run_after=2026-05-18 04:00:00+00:00
[2026-05-18T06:43:00.816+0000] {processor.py:208} INFO - Processing /home/noelsdavid/airflow_venv/lib/python3.12/site-packages/airflow/example_dags/example_latest_only.py took 0.159 seconds
[2026-05-18T06:44:37.283+0000] {processor.py:186} INFO - Started process (PID=13053) to work on /home/noelsdavid/airflow_venv/lib/python3.12/site-packages/airflow/example_dags/example_latest_only.py
[2026-05-18T06:44:37.286+0000] {processor.py:914} INFO - Processing file /home/noelsdavid/airflow_venv/lib/python3.12/site-packages/airflow/example_dags/example_latest_only.py for tasks to queue
[2026-05-18T06:44:37.288+0000] {logging_mixin.py:190} INFO - [2026-05-18T06:44:37.287+0000] {dagbag.py:588} INFO - Filling up the DagBag from /home/noelsdavid/airflow_venv/lib/python3.12/site-packages/airflow/example_dags/example_latest_only.py
[2026-05-18T06:44:37.307+0000] {processor.py:925} INFO - DAG(s) 'latest_only' retrieved from /home/noelsdavid/airflow_venv/lib/python3.12/site-packages/airflow/example_dags/example_latest_only.py
[2026-05-18T06:44:37.333+0000] {logging_mixin.py:190} INFO - [2026-05-18T06:44:37.332+0000] {dag.py:3239} INFO - Sync 1 DAGs
[2026-05-18T06:44:37.364+0000] {logging_mixin.py:190} INFO - [2026-05-18T06:44:37.364+0000] {dag.py:4180} INFO - Setting next_dagrun for latest_only to 2026-05-18 00:00:00+00:00, run_after=2026-05-18 04:00:00+00:00
[2026-05-18T06:44:37.395+0000] {processor.py:208} INFO - Processing /home/noelsdavid/airflow_venv/lib/python3.12/site-packages/airflow/example_dags/example_latest_only.py took 0.121 seconds
[2026-05-18T06:45:50.545+0000] {processor.py:186} INFO - Started process (PID=13155) to work on /home/noelsdavid/airflow_venv/lib/python3.12/site-packages/airflow/example_dags/example_latest_only.py
[2026-05-18T06:45:50.548+0000] {processor.py:914} INFO - Processing file /home/noelsdavid/airflow_venv/lib/python3.12/site-packages/airflow/example_dags/example_latest_only.py for tasks to queue
[2026-05-18T06:45:50.551+0000] {logging_mixin.py:190} INFO - [2026-05-18T06:45:50.550+0000] {dagbag.py:588} INFO - Filling up the DagBag from /home/noelsdavid/airflow_venv/lib/python3.12/site-packages/airflow/example_dags/example_latest_only.py
[2026-05-18T06:45:50.566+0000] {processor.py:925} INFO - DAG(s) 'latest_only' retrieved from /home/noelsdavid/airflow_venv/lib/python3.12/site-packages/airflow/example_dags/example_latest_only.py
[2026-05-18T06:45:50.597+0000] {logging_mixin.py:190} INFO - [2026-05-18T06:45:50.596+0000] {dag.py:3239} INFO - Sync 1 DAGs
[2026-05-18T06:45:50.629+0000] {logging_mixin.py:190} INFO - [2026-05-18T06:45:50.628+0000] {dag.py:4180} INFO - Setting next_dagrun for latest_only to 2026-05-18 00:00:00+00:00, run_after=2026-05-18 04:00:00+00:00
[2026-05-18T06:45:50.664+0000] {processor.py:208} INFO - Processing /home/noelsdavid/airflow_venv/lib/python3.12/site-packages/airflow/example_dags/example_latest_only.py took 0.130 seconds
[2026-05-18T06:47:00.118+0000] {processor.py:186} INFO - Started process (PID=13232) to work on /home/noelsdavid/airflow_venv/lib/python3.12/site-packages/airflow/example_dags/example_latest_only.py
[2026-05-18T06:47:00.120+0000] {processor.py:914} INFO - Processing file /home/noelsdavid/airflow_venv/lib/python3.12/site-packages/airflow/example_dags/example_latest_only.py for tasks to queue
[2026-05-18T06:47:00.123+0000] {logging_mixin.py:190} INFO - [2026-05-18T06:47:00.122+0000] {dagbag.py:588} INFO - Filling up the DagBag from /home/noelsdavid/airflow_venv/lib/python3.12/site-packages/airflow/example_dags/example_latest_only.py
[2026-05-18T06:47:00.136+0000] {processor.py:925} INFO - DAG(s) 'latest_only' retrieved from /home/noelsdavid/airflow_venv/lib/python3.12/site-packages/airflow/example_dags/example_latest_only.py
[2026-05-18T06:47:00.159+0000] {logging_mixin.py:190} INFO - [2026-05-18T06:47:00.159+0000] {dag.py:3239} INFO - Sync 1 DAGs
[2026-05-18T06:47:00.187+0000] {logging_mixin.py:190} INFO - [2026-05-18T06:47:00.187+0000] {dag.py:4180} INFO - Setting next_dagrun for latest_only to 2026-05-18 00:00:00+00:00, run_after=2026-05-18 04:00:00+00:00
[2026-05-18T06:47:00.219+0000] {processor.py:208} INFO - Processing /home/noelsdavid/airflow_venv/lib/python3.12/site-packages/airflow/example_dags/example_latest_only.py took 0.111 seconds
[2026-05-18T06:48:04.695+0000] {processor.py:186} INFO - Started process (PID=13302) to work on /home/noelsdavid/airflow_venv/lib/python3.12/site-packages/airflow/example_dags/example_latest_only.py
[2026-05-18T06:48:04.713+0000] {processor.py:914} INFO - Processing file /home/noelsdavid/airflow_venv/lib/python3.12/site-packages/airflow/example_dags/example_latest_only.py for tasks to queue
[2026-05-18T06:48:04.716+0000] {logging_mixin.py:190} INFO - [2026-05-18T06:48:04.715+0000] {dagbag.py:588} INFO - Filling up the DagBag from /home/noelsdavid/airflow_venv/lib/python3.12/site-packages/airflow/example_dags/example_latest_only.py
[2026-05-18T06:48:04.728+0000] {processor.py:925} INFO - DAG(s) 'latest_only' retrieved from /home/noelsdavid/airflow_venv/lib/python3.12/site-packages/airflow/example_dags/example_latest_only.py
[2026-05-18T06:48:04.753+0000] {logging_mixin.py:190} INFO - [2026-05-18T06:48:04.753+0000] {dag.py:3239} INFO - Sync 1 DAGs
[2026-05-18T06:48:04.789+0000] {logging_mixin.py:190} INFO - [2026-05-18T06:48:04.788+0000] {dag.py:4180} INFO - Setting next_dagrun for latest_only to 2026-05-18 00:00:00+00:00, run_after=2026-05-18 04:00:00+00:00
[2026-05-18T06:48:04.824+0000] {processor.py:208} INFO - Processing /home/noelsdavid/airflow_venv/lib/python3.12/site-packages/airflow/example_dags/example_latest_only.py took 0.138 seconds
[2026-05-18T06:49:11.214+0000] {processor.py:186} INFO - Started process (PID=13378) to work on /home/noelsdavid/airflow_venv/lib/python3.12/site-packages/airflow/example_dags/example_latest_only.py
[2026-05-18T06:49:11.216+0000] {processor.py:914} INFO - Processing file /home/noelsdavid/airflow_venv/lib/python3.12/site-packages/airflow/example_dags/example_latest_only.py for tasks to queue
[2026-05-18T06:49:11.218+0000] {logging_mixin.py:190} INFO - [2026-05-18T06:49:11.217+0000] {dagbag.py:588} INFO - Filling up the DagBag from /home/noelsdavid/airflow_venv/lib/python3.12/site-packages/airflow/example_dags/example_latest_only.py
[2026-05-18T06:49:11.229+0000] {processor.py:925} INFO - DAG(s) 'latest_only' retrieved from /home/noelsdavid/airflow_venv/lib/python3.12/site-packages/airflow/example_dags/example_latest_only.py
[2026-05-18T06:49:11.250+0000] {logging_mixin.py:190} INFO - [2026-05-18T06:49:11.250+0000] {dag.py:3239} INFO - Sync 1 DAGs
[2026-05-18T06:49:11.276+0000] {logging_mixin.py:190} INFO - [2026-05-18T06:49:11.275+0000] {dag.py:4180} INFO - Setting next_dagrun for latest_only to 2026-05-18 00:00:00+00:00, run_after=2026-05-18 04:00:00+00:00
[2026-05-18T06:49:11.305+0000] {processor.py:208} INFO - Processing /home/noelsdavid/airflow_venv/lib/python3.12/site-packages/airflow/example_dags/example_latest_only.py took 0.101 seconds
[2026-05-18T06:50:17.898+0000] {processor.py:186} INFO - Started process (PID=13906) to work on /home/noelsdavid/airflow_venv/lib/python3.12/site-packages/airflow/example_dags/example_latest_only.py
[2026-05-18T06:50:17.900+0000] {processor.py:914} INFO - Processing file /home/noelsdavid/airflow_venv/lib/python3.12/site-packages/airflow/example_dags/example_latest_only.py for tasks to queue
[2026-05-18T06:50:17.902+0000] {logging_mixin.py:190} INFO - [2026-05-18T06:50:17.902+0000] {dagbag.py:588} INFO - Filling up the DagBag from /home/noelsdavid/airflow_venv/lib/python3.12/site-packages/airflow/example_dags/example_latest_only.py
[2026-05-18T06:50:17.915+0000] {processor.py:925} INFO - DAG(s) 'latest_only' retrieved from /home/noelsdavid/airflow_venv/lib/python3.12/site-packages/airflow/example_dags/example_latest_only.py
[2026-05-18T06:50:17.937+0000] {logging_mixin.py:190} INFO - [2026-05-18T06:50:17.937+0000] {dag.py:3239} INFO - Sync 1 DAGs
[2026-05-18T06:50:17.963+0000] {logging_mixin.py:190} INFO - [2026-05-18T06:50:17.963+0000] {dag.py:4180} INFO - Setting next_dagrun for latest_only to 2026-05-18 00:00:00+00:00, run_after=2026-05-18 04:00:00+00:00
[2026-05-18T06:50:17.997+0000] {processor.py:208} INFO - Processing /home/noelsdavid/airflow_venv/lib/python3.12/site-packages/airflow/example_dags/example_latest_only.py took 0.109 seconds
[2026-05-18T06:51:29.637+0000] {processor.py:186} INFO - Started process (PID=14245) to work on /home/noelsdavid/airflow_venv/lib/python3.12/site-packages/airflow/example_dags/example_latest_only.py
[2026-05-18T06:51:29.639+0000] {processor.py:914} INFO - Processing file /home/noelsdavid/airflow_venv/lib/python3.12/site-packages/airflow/example_dags/example_latest_only.py for tasks to queue
[2026-05-18T06:51:29.641+0000] {logging_mixin.py:190} INFO - [2026-05-18T06:51:29.640+0000] {dagbag.py:588} INFO - Filling up the DagBag from /home/noelsdavid/airflow_venv/lib/python3.12/site-packages/airflow/example_dags/example_latest_only.py
[2026-05-18T06:51:29.653+0000] {processor.py:925} INFO - DAG(s) 'latest_only' retrieved from /home/noelsdavid/airflow_venv/lib/python3.12/site-packages/airflow/example_dags/example_latest_only.py
[2026-05-18T06:51:29.675+0000] {logging_mixin.py:190} INFO - [2026-05-18T06:51:29.674+0000] {dag.py:3239} INFO - Sync 1 DAGs
[2026-05-18T06:51:29.701+0000] {logging_mixin.py:190} INFO - [2026-05-18T06:51:29.701+0000] {dag.py:4180} INFO - Setting next_dagrun for latest_only to 2026-05-18 00:00:00+00:00, run_after=2026-05-18 04:00:00+00:00
[2026-05-18T06:51:29.733+0000] {processor.py:208} INFO - Processing /home/noelsdavid/airflow_venv/lib/python3.12/site-packages/airflow/example_dags/example_latest_only.py took 0.105 seconds
[2026-05-18T06:52:38.874+0000] {processor.py:186} INFO - Started process (PID=14474) to work on /home/noelsdavid/airflow_venv/lib/python3.12/site-packages/airflow/example_dags/example_latest_only.py
[2026-05-18T06:52:38.899+0000] {processor.py:914} INFO - Processing file /home/noelsdavid/airflow_venv/lib/python3.12/site-packages/airflow/example_dags/example_latest_only.py for tasks to queue
[2026-05-18T06:52:38.901+0000] {logging_mixin.py:190} INFO - [2026-05-18T06:52:38.900+0000] {dagbag.py:588} INFO - Filling up the DagBag from /home/noelsdavid/airflow_venv/lib/python3.12/site-packages/airflow/example_dags/example_latest_only.py
[2026-05-18T06:52:38.915+0000] {processor.py:925} INFO - DAG(s) 'latest_only' retrieved from /home/noelsdavid/airflow_venv/lib/python3.12/site-packages/airflow/example_dags/example_latest_only.py
[2026-05-18T06:52:38.938+0000] {logging_mixin.py:190} INFO - [2026-05-18T06:52:38.937+0000] {dag.py:3239} INFO - Sync 1 DAGs
[2026-05-18T06:52:38.966+0000] {logging_mixin.py:190} INFO - [2026-05-18T06:52:38.965+0000] {dag.py:4180} INFO - Setting next_dagrun for latest_only to 2026-05-18 00:00:00+00:00, run_after=2026-05-18 04:00:00+00:00
[2026-05-18T06:52:38.997+0000] {processor.py:208} INFO - Processing /home/noelsdavid/airflow_venv/lib/python3.12/site-packages/airflow/example_dags/example_latest_only.py took 0.133 seconds
[2026-05-18T06:53:53.256+0000] {processor.py:186} INFO - Started process (PID=14825) to work on /home/noelsdavid/airflow_venv/lib/python3.12/site-packages/airflow/example_dags/example_latest_only.py
[2026-05-18T06:53:53.258+0000] {processor.py:914} INFO - Processing file /home/noelsdavid/airflow_venv/lib/python3.12/site-packages/airflow/example_dags/example_latest_only.py for tasks to queue
[2026-05-18T06:53:53.260+0000] {logging_mixin.py:190} INFO - [2026-05-18T06:53:53.260+0000] {dagbag.py:588} INFO - Filling up the DagBag from /home/noelsdavid/airflow_venv/lib/python3.12/site-packages/airflow/example_dags/example_latest_only.py
[2026-05-18T06:53:53.273+0000] {processor.py:925} INFO - DAG(s) 'latest_only' retrieved from /home/noelsdavid/airflow_venv/lib/python3.12/site-packages/airflow/example_dags/example_latest_only.py
[2026-05-18T06:53:53.295+0000] {logging_mixin.py:190} INFO - [2026-05-18T06:53:53.295+0000] {dag.py:3239} INFO - Sync 1 DAGs
[2026-05-18T06:53:53.325+0000] {logging_mixin.py:190} INFO - [2026-05-18T06:53:53.325+0000] {dag.py:4180} INFO - Setting next_dagrun for latest_only to 2026-05-18 00:00:00+00:00, run_after=2026-05-18 04:00:00+00:00
[2026-05-18T06:53:53.359+0000] {processor.py:208} INFO - Processing /home/noelsdavid/airflow_venv/lib/python3.12/site-packages/airflow/example_dags/example_latest_only.py took 0.113 seconds
[2026-05-18T06:55:04.148+0000] {processor.py:186} INFO - Started process (PID=15037) to work on /home/noelsdavid/airflow_venv/lib/python3.12/site-packages/airflow/example_dags/example_latest_only.py
[2026-05-18T06:55:04.151+0000] {processor.py:914} INFO - Processing file /home/noelsdavid/airflow_venv/lib/python3.12/site-packages/airflow/example_dags/example_latest_only.py for tasks to queue
[2026-05-18T06:55:04.155+0000] {logging_mixin.py:190} INFO - [2026-05-18T06:55:04.154+0000] {dagbag.py:588} INFO - Filling up the DagBag from /home/noelsdavid/airflow_venv/lib/python3.12/site-packages/airflow/example_dags/example_latest_only.py
[2026-05-18T06:55:04.187+0000] {processor.py:925} INFO - DAG(s) 'latest_only' retrieved from /home/noelsdavid/airflow_venv/lib/python3.12/site-packages/airflow/example_dags/example_latest_only.py
[2026-05-18T06:55:04.233+0000] {logging_mixin.py:190} INFO - [2026-05-18T06:55:04.233+0000] {dag.py:3239} INFO - Sync 1 DAGs
[2026-05-18T06:55:04.281+0000] {logging_mixin.py:190} INFO - [2026-05-18T06:55:04.280+0000] {dag.py:4180} INFO - Setting next_dagrun for latest_only to 2026-05-18 00:00:00+00:00, run_after=2026-05-18 04:00:00+00:00
[2026-05-18T06:55:04.333+0000] {processor.py:208} INFO - Processing /home/noelsdavid/airflow_venv/lib/python3.12/site-packages/airflow/example_dags/example_latest_only.py took 0.217 seconds
[2026-05-18T06:56:23.734+0000] {processor.py:186} INFO - Started process (PID=15382) to work on /home/noelsdavid/airflow_venv/lib/python3.12/site-packages/airflow/example_dags/example_latest_only.py
[2026-05-18T06:56:23.754+0000] {processor.py:914} INFO - Processing file /home/noelsdavid/airflow_venv/lib/python3.12/site-packages/airflow/example_dags/example_latest_only.py for tasks to queue
[2026-05-18T06:56:23.758+0000] {logging_mixin.py:190} INFO - [2026-05-18T06:56:23.757+0000] {dagbag.py:588} INFO - Filling up the DagBag from /home/noelsdavid/airflow_venv/lib/python3.12/site-packages/airflow/example_dags/example_latest_only.py
[2026-05-18T06:56:23.787+0000] {processor.py:925} INFO - DAG(s) 'latest_only' retrieved from /home/noelsdavid/airflow_venv/lib/python3.12/site-packages/airflow/example_dags/example_latest_only.py
[2026-05-18T06:56:23.833+0000] {logging_mixin.py:190} INFO - [2026-05-18T06:56:23.833+0000] {dag.py:3239} INFO - Sync 1 DAGs
[2026-05-18T06:56:23.878+0000] {logging_mixin.py:190} INFO - [2026-05-18T06:56:23.877+0000] {dag.py:4180} INFO - Setting next_dagrun for latest_only to 2026-05-18 00:00:00+00:00, run_after=2026-05-18 04:00:00+00:00
[2026-05-18T06:56:23.918+0000] {processor.py:208} INFO - Processing /home/noelsdavid/airflow_venv/lib/python3.12/site-packages/airflow/example_dags/example_latest_only.py took 0.204 seconds
[2026-05-18T06:57:41.243+0000] {processor.py:186} INFO - Started process (PID=15488) to work on /home/noelsdavid/airflow_venv/lib/python3.12/site-packages/airflow/example_dags/example_latest_only.py
[2026-05-18T06:57:41.246+0000] {processor.py:914} INFO - Processing file /home/noelsdavid/airflow_venv/lib/python3.12/site-packages/airflow/example_dags/example_latest_only.py for tasks to queue
[2026-05-18T06:57:41.248+0000] {logging_mixin.py:190} INFO - [2026-05-18T06:57:41.247+0000] {dagbag.py:588} INFO - Filling up the DagBag from /home/noelsdavid/airflow_venv/lib/python3.12/site-packages/airflow/example_dags/example_latest_only.py
[2026-05-18T06:57:41.260+0000] {processor.py:925} INFO - DAG(s) 'latest_only' retrieved from /home/noelsdavid/airflow_venv/lib/python3.12/site-packages/airflow/example_dags/example_latest_only.py
[2026-05-18T06:57:41.301+0000] {logging_mixin.py:190} INFO - [2026-05-18T06:57:41.300+0000] {dag.py:3239} INFO - Sync 1 DAGs
[2026-05-18T06:57:41.344+0000] {logging_mixin.py:190} INFO - [2026-05-18T06:57:41.344+0000] {dag.py:4180} INFO - Setting next_dagrun for latest_only to 2026-05-18 00:00:00+00:00, run_after=2026-05-18 04:00:00+00:00
[2026-05-18T06:57:41.387+0000] {processor.py:208} INFO - Processing /home/noelsdavid/airflow_venv/lib/python3.12/site-packages/airflow/example_dags/example_latest_only.py took 0.153 seconds
[2026-05-18T06:58:55.111+0000] {processor.py:186} INFO - Started process (PID=15800) to work on /home/noelsdavid/airflow_venv/lib/python3.12/site-packages/airflow/example_dags/example_latest_only.py
[2026-05-18T06:58:55.114+0000] {processor.py:914} INFO - Processing file /home/noelsdavid/airflow_venv/lib/python3.12/site-packages/airflow/example_dags/example_latest_only.py for tasks to queue
[2026-05-18T06:58:55.116+0000] {logging_mixin.py:190} INFO - [2026-05-18T06:58:55.116+0000] {dagbag.py:588} INFO - Filling up the DagBag from /home/noelsdavid/airflow_venv/lib/python3.12/site-packages/airflow/example_dags/example_latest_only.py
[2026-05-18T06:58:55.131+0000] {processor.py:925} INFO - DAG(s) 'latest_only' retrieved from /home/noelsdavid/airflow_venv/lib/python3.12/site-packages/airflow/example_dags/example_latest_only.py
[2026-05-18T06:58:55.162+0000] {logging_mixin.py:190} INFO - [2026-05-18T06:58:55.162+0000] {dag.py:3239} INFO - Sync 1 DAGs
[2026-05-18T06:58:55.202+0000] {logging_mixin.py:190} INFO - [2026-05-18T06:58:55.202+0000] {dag.py:4180} INFO - Setting next_dagrun for latest_only to 2026-05-18 00:00:00+00:00, run_after=2026-05-18 04:00:00+00:00
[2026-05-18T06:58:55.237+0000] {processor.py:208} INFO - Processing /home/noelsdavid/airflow_venv/lib/python3.12/site-packages/airflow/example_dags/example_latest_only.py took 0.136 seconds
[2026-05-18T07:00:16.256+0000] {processor.py:186} INFO - Started process (PID=16060) to work on /home/noelsdavid/airflow_venv/lib/python3.12/site-packages/airflow/example_dags/example_latest_only.py
[2026-05-18T07:00:16.258+0000] {processor.py:914} INFO - Processing file /home/noelsdavid/airflow_venv/lib/python3.12/site-packages/airflow/example_dags/example_latest_only.py for tasks to queue
[2026-05-18T07:00:16.261+0000] {logging_mixin.py:190} INFO - [2026-05-18T07:00:16.260+0000] {dagbag.py:588} INFO - Filling up the DagBag from /home/noelsdavid/airflow_venv/lib/python3.12/site-packages/airflow/example_dags/example_latest_only.py
[2026-05-18T07:00:16.274+0000] {processor.py:925} INFO - DAG(s) 'latest_only' retrieved from /home/noelsdavid/airflow_venv/lib/python3.12/site-packages/airflow/example_dags/example_latest_only.py
[2026-05-18T07:00:16.300+0000] {logging_mixin.py:190} INFO - [2026-05-18T07:00:16.300+0000] {dag.py:3239} INFO - Sync 1 DAGs
[2026-05-18T07:00:16.350+0000] {logging_mixin.py:190} INFO - [2026-05-18T07:00:16.350+0000] {dag.py:4180} INFO - Setting next_dagrun for latest_only to 2026-05-18 00:00:00+00:00, run_after=2026-05-18 04:00:00+00:00
[2026-05-18T07:00:16.394+0000] {processor.py:208} INFO - Processing /home/noelsdavid/airflow_venv/lib/python3.12/site-packages/airflow/example_dags/example_latest_only.py took 0.147 seconds
[2026-05-18T07:01:32.238+0000] {processor.py:186} INFO - Started process (PID=16418) to work on /home/noelsdavid/airflow_venv/lib/python3.12/site-packages/airflow/example_dags/example_latest_only.py
[2026-05-18T07:01:32.241+0000] {processor.py:914} INFO - Processing file /home/noelsdavid/airflow_venv/lib/python3.12/site-packages/airflow/example_dags/example_latest_only.py for tasks to queue
[2026-05-18T07:01:32.243+0000] {logging_mixin.py:190} INFO - [2026-05-18T07:01:32.242+0000] {dagbag.py:588} INFO - Filling up the DagBag from /home/noelsdavid/airflow_venv/lib/python3.12/site-packages/airflow/example_dags/example_latest_only.py
[2026-05-18T07:01:32.254+0000] {processor.py:925} INFO - DAG(s) 'latest_only' retrieved from /home/noelsdavid/airflow_venv/lib/python3.12/site-packages/airflow/example_dags/example_latest_only.py
[2026-05-18T07:01:32.276+0000] {logging_mixin.py:190} INFO - [2026-05-18T07:01:32.276+0000] {dag.py:3239} INFO - Sync 1 DAGs
[2026-05-18T07:01:32.301+0000] {logging_mixin.py:190} INFO - [2026-05-18T07:01:32.301+0000] {dag.py:4180} INFO - Setting next_dagrun for latest_only to 2026-05-18 00:00:00+00:00, run_after=2026-05-18 04:00:00+00:00
[2026-05-18T07:01:32.333+0000] {processor.py:208} INFO - Processing /home/noelsdavid/airflow_venv/lib/python3.12/site-packages/airflow/example_dags/example_latest_only.py took 0.105 seconds
[2026-05-18T07:02:43.964+0000] {processor.py:186} INFO - Started process (PID=16496) to work on /home/noelsdavid/airflow_venv/lib/python3.12/site-packages/airflow/example_dags/example_latest_only.py
[2026-05-18T07:02:43.977+0000] {processor.py:914} INFO - Processing file /home/noelsdavid/airflow_venv/lib/python3.12/site-packages/airflow/example_dags/example_latest_only.py for tasks to queue
[2026-05-18T07:02:43.979+0000] {logging_mixin.py:190} INFO - [2026-05-18T07:02:43.978+0000] {dagbag.py:588} INFO - Filling up the DagBag from /home/noelsdavid/airflow_venv/lib/python3.12/site-packages/airflow/example_dags/example_latest_only.py
[2026-05-18T07:02:43.992+0000] {processor.py:925} INFO - DAG(s) 'latest_only' retrieved from /home/noelsdavid/airflow_venv/lib/python3.12/site-packages/airflow/example_dags/example_latest_only.py
[2026-05-18T07:02:44.014+0000] {logging_mixin.py:190} INFO - [2026-05-18T07:02:44.013+0000] {dag.py:3239} INFO - Sync 1 DAGs
[2026-05-18T07:02:44.041+0000] {logging_mixin.py:190} INFO - [2026-05-18T07:02:44.041+0000] {dag.py:4180} INFO - Setting next_dagrun for latest_only to 2026-05-18 00:00:00+00:00, run_after=2026-05-18 04:00:00+00:00
[2026-05-18T07:02:44.072+0000] {processor.py:208} INFO - Processing /home/noelsdavid/airflow_venv/lib/python3.12/site-packages/airflow/example_dags/example_latest_only.py took 0.118 seconds
[2026-05-18T07:03:56.383+0000] {processor.py:186} INFO - Started process (PID=16574) to work on /home/noelsdavid/airflow_venv/lib/python3.12/site-packages/airflow/example_dags/example_latest_only.py
[2026-05-18T07:03:56.386+0000] {processor.py:914} INFO - Processing file /home/noelsdavid/airflow_venv/lib/python3.12/site-packages/airflow/example_dags/example_latest_only.py for tasks to queue
[2026-05-18T07:03:56.388+0000] {logging_mixin.py:190} INFO - [2026-05-18T07:03:56.387+0000] {dagbag.py:588} INFO - Filling up the DagBag from /home/noelsdavid/airflow_venv/lib/python3.12/site-packages/airflow/example_dags/example_latest_only.py
[2026-05-18T07:03:56.399+0000] {processor.py:925} INFO - DAG(s) 'latest_only' retrieved from /home/noelsdavid/airflow_venv/lib/python3.12/site-packages/airflow/example_dags/example_latest_only.py
[2026-05-18T07:03:56.422+0000] {logging_mixin.py:190} INFO - [2026-05-18T07:03:56.422+0000] {dag.py:3239} INFO - Sync 1 DAGs
[2026-05-18T07:03:56.449+0000] {logging_mixin.py:190} INFO - [2026-05-18T07:03:56.449+0000] {dag.py:4180} INFO - Setting next_dagrun for latest_only to 2026-05-18 00:00:00+00:00, run_after=2026-05-18 04:00:00+00:00
[2026-05-18T07:03:56.481+0000] {processor.py:208} INFO - Processing /home/noelsdavid/airflow_venv/lib/python3.12/site-packages/airflow/example_dags/example_latest_only.py took 0.106 seconds
[2026-05-18T07:05:05.088+0000] {processor.py:186} INFO - Started process (PID=16649) to work on /home/noelsdavid/airflow_venv/lib/python3.12/site-packages/airflow/example_dags/example_latest_only.py
[2026-05-18T07:05:05.122+0000] {processor.py:914} INFO - Processing file /home/noelsdavid/airflow_venv/lib/python3.12/site-packages/airflow/example_dags/example_latest_only.py for tasks to queue
[2026-05-18T07:05:05.124+0000] {logging_mixin.py:190} INFO - [2026-05-18T07:05:05.123+0000] {dagbag.py:588} INFO - Filling up the DagBag from /home/noelsdavid/airflow_venv/lib/python3.12/site-packages/airflow/example_dags/example_latest_only.py
[2026-05-18T07:05:05.137+0000] {processor.py:925} INFO - DAG(s) 'latest_only' retrieved from /home/noelsdavid/airflow_venv/lib/python3.12/site-packages/airflow/example_dags/example_latest_only.py
[2026-05-18T07:05:05.163+0000] {logging_mixin.py:190} INFO - [2026-05-18T07:05:05.162+0000] {dag.py:3239} INFO - Sync 1 DAGs
[2026-05-18T07:05:05.194+0000] {logging_mixin.py:190} INFO - [2026-05-18T07:05:05.194+0000] {dag.py:4180} INFO - Setting next_dagrun for latest_only to 2026-05-18 00:00:00+00:00, run_after=2026-05-18 04:00:00+00:00
[2026-05-18T07:05:05.231+0000] {processor.py:208} INFO - Processing /home/noelsdavid/airflow_venv/lib/python3.12/site-packages/airflow/example_dags/example_latest_only.py took 0.155 seconds
[2026-05-18T07:06:23.760+0000] {processor.py:186} INFO - Started process (PID=16754) to work on /home/noelsdavid/airflow_venv/lib/python3.12/site-packages/airflow/example_dags/example_latest_only.py
[2026-05-18T07:06:23.762+0000] {processor.py:914} INFO - Processing file /home/noelsdavid/airflow_venv/lib/python3.12/site-packages/airflow/example_dags/example_latest_only.py for tasks to queue
[2026-05-18T07:06:23.765+0000] {logging_mixin.py:190} INFO - [2026-05-18T07:06:23.764+0000] {dagbag.py:588} INFO - Filling up the DagBag from /home/noelsdavid/airflow_venv/lib/python3.12/site-packages/airflow/example_dags/example_latest_only.py
[2026-05-18T07:06:23.777+0000] {processor.py:925} INFO - DAG(s) 'latest_only' retrieved from /home/noelsdavid/airflow_venv/lib/python3.12/site-packages/airflow/example_dags/example_latest_only.py
[2026-05-18T07:06:23.801+0000] {logging_mixin.py:190} INFO - [2026-05-18T07:06:23.801+0000] {dag.py:3239} INFO - Sync 1 DAGs
[2026-05-18T07:06:23.988+0000] {logging_mixin.py:190} INFO - [2026-05-18T07:06:23.988+0000] {dag.py:4180} INFO - Setting next_dagrun for latest_only to 2026-05-18 00:00:00+00:00, run_after=2026-05-18 04:00:00+00:00
[2026-05-18T07:06:24.017+0000] {processor.py:208} INFO - Processing /home/noelsdavid/airflow_venv/lib/python3.12/site-packages/airflow/example_dags/example_latest_only.py took 0.266 seconds
[2026-05-18T07:07:41.292+0000] {processor.py:186} INFO - Started process (PID=16834) to work on /home/noelsdavid/airflow_venv/lib/python3.12/site-packages/airflow/example_dags/example_latest_only.py
[2026-05-18T07:07:41.294+0000] {processor.py:914} INFO - Processing file /home/noelsdavid/airflow_venv/lib/python3.12/site-packages/airflow/example_dags/example_latest_only.py for tasks to queue
[2026-05-18T07:07:41.296+0000] {logging_mixin.py:190} INFO - [2026-05-18T07:07:41.296+0000] {dagbag.py:588} INFO - Filling up the DagBag from /home/noelsdavid/airflow_venv/lib/python3.12/site-packages/airflow/example_dags/example_latest_only.py
[2026-05-18T07:07:41.311+0000] {processor.py:925} INFO - DAG(s) 'latest_only' retrieved from /home/noelsdavid/airflow_venv/lib/python3.12/site-packages/airflow/example_dags/example_latest_only.py
[2026-05-18T07:07:41.335+0000] {logging_mixin.py:190} INFO - [2026-05-18T07:07:41.335+0000] {dag.py:3239} INFO - Sync 1 DAGs
[2026-05-18T07:07:41.541+0000] {logging_mixin.py:190} INFO - [2026-05-18T07:07:41.541+0000] {dag.py:4180} INFO - Setting next_dagrun for latest_only to 2026-05-18 00:00:00+00:00, run_after=2026-05-18 04:00:00+00:00
[2026-05-18T07:07:41.579+0000] {processor.py:208} INFO - Processing /home/noelsdavid/airflow_venv/lib/python3.12/site-packages/airflow/example_dags/example_latest_only.py took 0.299 seconds
[2026-05-18T07:09:02.425+0000] {processor.py:186} INFO - Started process (PID=16918) to work on /home/noelsdavid/airflow_venv/lib/python3.12/site-packages/airflow/example_dags/example_latest_only.py
[2026-05-18T07:09:02.429+0000] {processor.py:914} INFO - Processing file /home/noelsdavid/airflow_venv/lib/python3.12/site-packages/airflow/example_dags/example_latest_only.py for tasks to queue
[2026-05-18T07:09:02.431+0000] {logging_mixin.py:190} INFO - [2026-05-18T07:09:02.430+0000] {dagbag.py:588} INFO - Filling up the DagBag from /home/noelsdavid/airflow_venv/lib/python3.12/site-packages/airflow/example_dags/example_latest_only.py
[2026-05-18T07:09:02.445+0000] {processor.py:925} INFO - DAG(s) 'latest_only' retrieved from /home/noelsdavid/airflow_venv/lib/python3.12/site-packages/airflow/example_dags/example_latest_only.py
[2026-05-18T07:09:02.470+0000] {logging_mixin.py:190} INFO - [2026-05-18T07:09:02.470+0000] {dag.py:3239} INFO - Sync 1 DAGs
[2026-05-18T07:09:02.665+0000] {logging_mixin.py:190} INFO - [2026-05-18T07:09:02.665+0000] {dag.py:4180} INFO - Setting next_dagrun for latest_only to 2026-05-18 00:00:00+00:00, run_after=2026-05-18 04:00:00+00:00
[2026-05-18T07:09:02.696+0000] {processor.py:208} INFO - Processing /home/noelsdavid/airflow_venv/lib/python3.12/site-packages/airflow/example_dags/example_latest_only.py took 0.282 seconds
[2026-05-18T07:10:24.420+0000] {processor.py:186} INFO - Started process (PID=17028) to work on /home/noelsdavid/airflow_venv/lib/python3.12/site-packages/airflow/example_dags/example_latest_only.py
[2026-05-18T07:10:24.422+0000] {processor.py:914} INFO - Processing file /home/noelsdavid/airflow_venv/lib/python3.12/site-packages/airflow/example_dags/example_latest_only.py for tasks to queue
[2026-05-18T07:10:24.424+0000] {logging_mixin.py:190} INFO - [2026-05-18T07:10:24.424+0000] {dagbag.py:588} INFO - Filling up the DagBag from /home/noelsdavid/airflow_venv/lib/python3.12/site-packages/airflow/example_dags/example_latest_only.py
[2026-05-18T07:10:24.437+0000] {processor.py:925} INFO - DAG(s) 'latest_only' retrieved from /home/noelsdavid/airflow_venv/lib/python3.12/site-packages/airflow/example_dags/example_latest_only.py
[2026-05-18T07:10:24.461+0000] {logging_mixin.py:190} INFO - [2026-05-18T07:10:24.460+0000] {dag.py:3239} INFO - Sync 1 DAGs
[2026-05-18T07:10:24.489+0000] {logging_mixin.py:190} INFO - [2026-05-18T07:10:24.489+0000] {dag.py:4180} INFO - Setting next_dagrun for latest_only to 2026-05-18 00:00:00+00:00, run_after=2026-05-18 04:00:00+00:00
[2026-05-18T07:10:24.524+0000] {processor.py:208} INFO - Processing /home/noelsdavid/airflow_venv/lib/python3.12/site-packages/airflow/example_dags/example_latest_only.py took 0.113 seconds
[2026-05-18T07:11:37.501+0000] {processor.py:186} INFO - Started process (PID=17105) to work on /home/noelsdavid/airflow_venv/lib/python3.12/site-packages/airflow/example_dags/example_latest_only.py
[2026-05-18T07:11:37.503+0000] {processor.py:914} INFO - Processing file /home/noelsdavid/airflow_venv/lib/python3.12/site-packages/airflow/example_dags/example_latest_only.py for tasks to queue
[2026-05-18T07:11:37.505+0000] {logging_mixin.py:190} INFO - [2026-05-18T07:11:37.504+0000] {dagbag.py:588} INFO - Filling up the DagBag from /home/noelsdavid/airflow_venv/lib/python3.12/site-packages/airflow/example_dags/example_latest_only.py
[2026-05-18T07:11:37.517+0000] {processor.py:925} INFO - DAG(s) 'latest_only' retrieved from /home/noelsdavid/airflow_venv/lib/python3.12/site-packages/airflow/example_dags/example_latest_only.py
[2026-05-18T07:11:37.538+0000] {logging_mixin.py:190} INFO - [2026-05-18T07:11:37.538+0000] {dag.py:3239} INFO - Sync 1 DAGs
[2026-05-18T07:11:37.565+0000] {logging_mixin.py:190} INFO - [2026-05-18T07:11:37.564+0000] {dag.py:4180} INFO - Setting next_dagrun for latest_only to 2026-05-18 00:00:00+00:00, run_after=2026-05-18 04:00:00+00:00
[2026-05-18T07:11:37.598+0000] {processor.py:208} INFO - Processing /home/noelsdavid/airflow_venv/lib/python3.12/site-packages/airflow/example_dags/example_latest_only.py took 0.107 seconds
[2026-05-18T07:12:51.750+0000] {processor.py:186} INFO - Started process (PID=17184) to work on /home/noelsdavid/airflow_venv/lib/python3.12/site-packages/airflow/example_dags/example_latest_only.py
[2026-05-18T07:12:51.765+0000] {processor.py:914} INFO - Processing file /home/noelsdavid/airflow_venv/lib/python3.12/site-packages/airflow/example_dags/example_latest_only.py for tasks to queue
[2026-05-18T07:12:51.768+0000] {logging_mixin.py:190} INFO - [2026-05-18T07:12:51.767+0000] {dagbag.py:588} INFO - Filling up the DagBag from /home/noelsdavid/airflow_venv/lib/python3.12/site-packages/airflow/example_dags/example_latest_only.py
[2026-05-18T07:12:51.781+0000] {processor.py:925} INFO - DAG(s) 'latest_only' retrieved from /home/noelsdavid/airflow_venv/lib/python3.12/site-packages/airflow/example_dags/example_latest_only.py
[2026-05-18T07:12:51.806+0000] {logging_mixin.py:190} INFO - [2026-05-18T07:12:51.805+0000] {dag.py:3239} INFO - Sync 1 DAGs
[2026-05-18T07:12:51.835+0000] {logging_mixin.py:190} INFO - [2026-05-18T07:12:51.835+0000] {dag.py:4180} INFO - Setting next_dagrun for latest_only to 2026-05-18 00:00:00+00:00, run_after=2026-05-18 04:00:00+00:00
[2026-05-18T07:12:51.868+0000] {processor.py:208} INFO - Processing /home/noelsdavid/airflow_venv/lib/python3.12/site-packages/airflow/example_dags/example_latest_only.py took 0.133 seconds
[2026-05-18T07:14:08.027+0000] {processor.py:186} INFO - Started process (PID=17264) to work on /home/noelsdavid/airflow_venv/lib/python3.12/site-packages/airflow/example_dags/example_latest_only.py
[2026-05-18T07:14:08.030+0000] {processor.py:914} INFO - Processing file /home/noelsdavid/airflow_venv/lib/python3.12/site-packages/airflow/example_dags/example_latest_only.py for tasks to queue
[2026-05-18T07:14:08.032+0000] {logging_mixin.py:190} INFO - [2026-05-18T07:14:08.031+0000] {dagbag.py:588} INFO - Filling up the DagBag from /home/noelsdavid/airflow_venv/lib/python3.12/site-packages/airflow/example_dags/example_latest_only.py
[2026-05-18T07:14:08.044+0000] {processor.py:925} INFO - DAG(s) 'latest_only' retrieved from /home/noelsdavid/airflow_venv/lib/python3.12/site-packages/airflow/example_dags/example_latest_only.py
[2026-05-18T07:14:08.066+0000] {logging_mixin.py:190} INFO - [2026-05-18T07:14:08.066+0000] {dag.py:3239} INFO - Sync 1 DAGs
[2026-05-18T07:14:08.094+0000] {logging_mixin.py:190} INFO - [2026-05-18T07:14:08.094+0000] {dag.py:4180} INFO - Setting next_dagrun for latest_only to 2026-05-18 00:00:00+00:00, run_after=2026-05-18 04:00:00+00:00
[2026-05-18T07:14:08.127+0000] {processor.py:208} INFO - Processing /home/noelsdavid/airflow_venv/lib/python3.12/site-packages/airflow/example_dags/example_latest_only.py took 0.110 seconds
[2026-05-18T07:15:17.309+0000] {processor.py:186} INFO - Started process (PID=17366) to work on /home/noelsdavid/airflow_venv/lib/python3.12/site-packages/airflow/example_dags/example_latest_only.py
[2026-05-18T07:15:17.311+0000] {processor.py:914} INFO - Processing file /home/noelsdavid/airflow_venv/lib/python3.12/site-packages/airflow/example_dags/example_latest_only.py for tasks to queue
[2026-05-18T07:15:17.314+0000] {logging_mixin.py:190} INFO - [2026-05-18T07:15:17.313+0000] {dagbag.py:588} INFO - Filling up the DagBag from /home/noelsdavid/airflow_venv/lib/python3.12/site-packages/airflow/example_dags/example_latest_only.py
[2026-05-18T07:15:17.326+0000] {processor.py:925} INFO - DAG(s) 'latest_only' retrieved from /home/noelsdavid/airflow_venv/lib/python3.12/site-packages/airflow/example_dags/example_latest_only.py
[2026-05-18T07:15:17.348+0000] {logging_mixin.py:190} INFO - [2026-05-18T07:15:17.348+0000] {dag.py:3239} INFO - Sync 1 DAGs
[2026-05-18T07:15:17.377+0000] {logging_mixin.py:190} INFO - [2026-05-18T07:15:17.376+0000] {dag.py:4180} INFO - Setting next_dagrun for latest_only to 2026-05-18 00:00:00+00:00, run_after=2026-05-18 04:00:00+00:00
[2026-05-18T07:15:17.408+0000] {processor.py:208} INFO - Processing /home/noelsdavid/airflow_venv/lib/python3.12/site-packages/airflow/example_dags/example_latest_only.py took 0.109 seconds
[2026-05-18T07:16:35.237+0000] {processor.py:186} INFO - Started process (PID=17446) to work on /home/noelsdavid/airflow_venv/lib/python3.12/site-packages/airflow/example_dags/example_latest_only.py
[2026-05-18T07:16:35.241+0000] {processor.py:914} INFO - Processing file /home/noelsdavid/airflow_venv/lib/python3.12/site-packages/airflow/example_dags/example_latest_only.py for tasks to queue
[2026-05-18T07:16:35.244+0000] {logging_mixin.py:190} INFO - [2026-05-18T07:16:35.243+0000] {dagbag.py:588} INFO - Filling up the DagBag from /home/noelsdavid/airflow_venv/lib/python3.12/site-packages/airflow/example_dags/example_latest_only.py
[2026-05-18T07:16:35.262+0000] {processor.py:925} INFO - DAG(s) 'latest_only' retrieved from /home/noelsdavid/airflow_venv/lib/python3.12/site-packages/airflow/example_dags/example_latest_only.py
[2026-05-18T07:16:35.290+0000] {logging_mixin.py:190} INFO - [2026-05-18T07:16:35.290+0000] {dag.py:3239} INFO - Sync 1 DAGs
[2026-05-18T07:16:35.320+0000] {logging_mixin.py:190} INFO - [2026-05-18T07:16:35.320+0000] {dag.py:4180} INFO - Setting next_dagrun for latest_only to 2026-05-18 00:00:00+00:00, run_after=2026-05-18 04:00:00+00:00
[2026-05-18T07:16:35.356+0000] {processor.py:208} INFO - Processing /home/noelsdavid/airflow_venv/lib/python3.12/site-packages/airflow/example_dags/example_latest_only.py took 0.129 seconds
[2026-05-18T07:17:52.556+0000] {processor.py:186} INFO - Started process (PID=17528) to work on /home/noelsdavid/airflow_venv/lib/python3.12/site-packages/airflow/example_dags/example_latest_only.py
[2026-05-18T07:17:52.592+0000] {processor.py:914} INFO - Processing file /home/noelsdavid/airflow_venv/lib/python3.12/site-packages/airflow/example_dags/example_latest_only.py for tasks to queue
[2026-05-18T07:17:52.595+0000] {logging_mixin.py:190} INFO - [2026-05-18T07:17:52.594+0000] {dagbag.py:588} INFO - Filling up the DagBag from /home/noelsdavid/airflow_venv/lib/python3.12/site-packages/airflow/example_dags/example_latest_only.py
[2026-05-18T07:17:52.607+0000] {processor.py:925} INFO - DAG(s) 'latest_only' retrieved from /home/noelsdavid/airflow_venv/lib/python3.12/site-packages/airflow/example_dags/example_latest_only.py
[2026-05-18T07:17:52.629+0000] {logging_mixin.py:190} INFO - [2026-05-18T07:17:52.629+0000] {dag.py:3239} INFO - Sync 1 DAGs
[2026-05-18T07:17:52.656+0000] {logging_mixin.py:190} INFO - [2026-05-18T07:17:52.656+0000] {dag.py:4180} INFO - Setting next_dagrun for latest_only to 2026-05-18 00:00:00+00:00, run_after=2026-05-18 04:00:00+00:00
[2026-05-18T07:17:52.690+0000] {processor.py:208} INFO - Processing /home/noelsdavid/airflow_venv/lib/python3.12/site-packages/airflow/example_dags/example_latest_only.py took 0.143 seconds
[2026-05-18T07:18:58.413+0000] {processor.py:186} INFO - Started process (PID=17604) to work on /home/noelsdavid/airflow_venv/lib/python3.12/site-packages/airflow/example_dags/example_latest_only.py
[2026-05-18T07:18:58.416+0000] {processor.py:914} INFO - Processing file /home/noelsdavid/airflow_venv/lib/python3.12/site-packages/airflow/example_dags/example_latest_only.py for tasks to queue
[2026-05-18T07:18:58.418+0000] {logging_mixin.py:190} INFO - [2026-05-18T07:18:58.417+0000] {dagbag.py:588} INFO - Filling up the DagBag from /home/noelsdavid/airflow_venv/lib/python3.12/site-packages/airflow/example_dags/example_latest_only.py
[2026-05-18T07:18:58.431+0000] {processor.py:925} INFO - DAG(s) 'latest_only' retrieved from /home/noelsdavid/airflow_venv/lib/python3.12/site-packages/airflow/example_dags/example_latest_only.py
[2026-05-18T07:18:58.454+0000] {logging_mixin.py:190} INFO - [2026-05-18T07:18:58.453+0000] {dag.py:3239} INFO - Sync 1 DAGs
[2026-05-18T07:18:58.482+0000] {logging_mixin.py:190} INFO - [2026-05-18T07:18:58.482+0000] {dag.py:4180} INFO - Setting next_dagrun for latest_only to 2026-05-18 00:00:00+00:00, run_after=2026-05-18 04:00:00+00:00
[2026-05-18T07:18:58.515+0000] {processor.py:208} INFO - Processing /home/noelsdavid/airflow_venv/lib/python3.12/site-packages/airflow/example_dags/example_latest_only.py took 0.113 seconds
[2026-05-18T07:20:10.241+0000] {processor.py:186} INFO - Started process (PID=17682) to work on /home/noelsdavid/airflow_venv/lib/python3.12/site-packages/airflow/example_dags/example_latest_only.py
[2026-05-18T07:20:10.257+0000] {processor.py:914} INFO - Processing file /home/noelsdavid/airflow_venv/lib/python3.12/site-packages/airflow/example_dags/example_latest_only.py for tasks to queue
[2026-05-18T07:20:10.259+0000] {logging_mixin.py:190} INFO - [2026-05-18T07:20:10.259+0000] {dagbag.py:588} INFO - Filling up the DagBag from /home/noelsdavid/airflow_venv/lib/python3.12/site-packages/airflow/example_dags/example_latest_only.py
[2026-05-18T07:20:10.272+0000] {processor.py:925} INFO - DAG(s) 'latest_only' retrieved from /home/noelsdavid/airflow_venv/lib/python3.12/site-packages/airflow/example_dags/example_latest_only.py
[2026-05-18T07:20:10.295+0000] {logging_mixin.py:190} INFO - [2026-05-18T07:20:10.295+0000] {dag.py:3239} INFO - Sync 1 DAGs
[2026-05-18T07:20:10.323+0000] {logging_mixin.py:190} INFO - [2026-05-18T07:20:10.323+0000] {dag.py:4180} INFO - Setting next_dagrun for latest_only to 2026-05-18 00:00:00+00:00, run_after=2026-05-18 04:00:00+00:00
[2026-05-18T07:20:10.357+0000] {processor.py:208} INFO - Processing /home/noelsdavid/airflow_venv/lib/python3.12/site-packages/airflow/example_dags/example_latest_only.py took 0.126 seconds
[2026-05-18T07:21:22.772+0000] {processor.py:186} INFO - Started process (PID=17785) to work on /home/noelsdavid/airflow_venv/lib/python3.12/site-packages/airflow/example_dags/example_latest_only.py
[2026-05-18T07:21:22.775+0000] {processor.py:914} INFO - Processing file /home/noelsdavid/airflow_venv/lib/python3.12/site-packages/airflow/example_dags/example_latest_only.py for tasks to queue
[2026-05-18T07:21:22.777+0000] {logging_mixin.py:190} INFO - [2026-05-18T07:21:22.776+0000] {dagbag.py:588} INFO - Filling up the DagBag from /home/noelsdavid/airflow_venv/lib/python3.12/site-packages/airflow/example_dags/example_latest_only.py
[2026-05-18T07:21:22.789+0000] {processor.py:925} INFO - DAG(s) 'latest_only' retrieved from /home/noelsdavid/airflow_venv/lib/python3.12/site-packages/airflow/example_dags/example_latest_only.py
[2026-05-18T07:21:22.811+0000] {logging_mixin.py:190} INFO - [2026-05-18T07:21:22.811+0000] {dag.py:3239} INFO - Sync 1 DAGs
[2026-05-18T07:21:22.837+0000] {logging_mixin.py:190} INFO - [2026-05-18T07:21:22.837+0000] {dag.py:4180} INFO - Setting next_dagrun for latest_only to 2026-05-18 00:00:00+00:00, run_after=2026-05-18 04:00:00+00:00
[2026-05-18T07:21:22.869+0000] {processor.py:208} INFO - Processing /home/noelsdavid/airflow_venv/lib/python3.12/site-packages/airflow/example_dags/example_latest_only.py took 0.108 seconds
[2026-05-18T07:22:35.125+0000] {processor.py:186} INFO - Started process (PID=17867) to work on /home/noelsdavid/airflow_venv/lib/python3.12/site-packages/airflow/example_dags/example_latest_only.py
[2026-05-18T07:22:35.127+0000] {processor.py:914} INFO - Processing file /home/noelsdavid/airflow_venv/lib/python3.12/site-packages/airflow/example_dags/example_latest_only.py for tasks to queue
[2026-05-18T07:22:35.129+0000] {logging_mixin.py:190} INFO - [2026-05-18T07:22:35.129+0000] {dagbag.py:588} INFO - Filling up the DagBag from /home/noelsdavid/airflow_venv/lib/python3.12/site-packages/airflow/example_dags/example_latest_only.py
[2026-05-18T07:22:35.142+0000] {processor.py:925} INFO - DAG(s) 'latest_only' retrieved from /home/noelsdavid/airflow_venv/lib/python3.12/site-packages/airflow/example_dags/example_latest_only.py
[2026-05-18T07:22:35.166+0000] {logging_mixin.py:190} INFO - [2026-05-18T07:22:35.166+0000] {dag.py:3239} INFO - Sync 1 DAGs
[2026-05-18T07:22:35.194+0000] {logging_mixin.py:190} INFO - [2026-05-18T07:22:35.193+0000] {dag.py:4180} INFO - Setting next_dagrun for latest_only to 2026-05-18 00:00:00+00:00, run_after=2026-05-18 04:00:00+00:00
[2026-05-18T07:22:35.227+0000] {processor.py:208} INFO - Processing /home/noelsdavid/airflow_venv/lib/python3.12/site-packages/airflow/example_dags/example_latest_only.py took 0.112 seconds
[2026-05-18T07:23:47.810+0000] {processor.py:186} INFO - Started process (PID=17946) to work on /home/noelsdavid/airflow_venv/lib/python3.12/site-packages/airflow/example_dags/example_latest_only.py
[2026-05-18T07:23:47.812+0000] {processor.py:914} INFO - Processing file /home/noelsdavid/airflow_venv/lib/python3.12/site-packages/airflow/example_dags/example_latest_only.py for tasks to queue
[2026-05-18T07:23:47.815+0000] {logging_mixin.py:190} INFO - [2026-05-18T07:23:47.814+0000] {dagbag.py:588} INFO - Filling up the DagBag from /home/noelsdavid/airflow_venv/lib/python3.12/site-packages/airflow/example_dags/example_latest_only.py
[2026-05-18T07:23:47.828+0000] {processor.py:925} INFO - DAG(s) 'latest_only' retrieved from /home/noelsdavid/airflow_venv/lib/python3.12/site-packages/airflow/example_dags/example_latest_only.py
[2026-05-18T07:23:47.854+0000] {logging_mixin.py:190} INFO - [2026-05-18T07:23:47.853+0000] {dag.py:3239} INFO - Sync 1 DAGs
[2026-05-18T07:23:47.883+0000] {logging_mixin.py:190} INFO - [2026-05-18T07:23:47.883+0000] {dag.py:4180} INFO - Setting next_dagrun for latest_only to 2026-05-18 00:00:00+00:00, run_after=2026-05-18 04:00:00+00:00
[2026-05-18T07:23:47.919+0000] {processor.py:208} INFO - Processing /home/noelsdavid/airflow_venv/lib/python3.12/site-packages/airflow/example_dags/example_latest_only.py took 0.119 seconds
[2026-05-18T07:25:01.380+0000] {processor.py:186} INFO - Started process (PID=18026) to work on /home/noelsdavid/airflow_venv/lib/python3.12/site-packages/airflow/example_dags/example_latest_only.py
[2026-05-18T07:25:01.383+0000] {processor.py:914} INFO - Processing file /home/noelsdavid/airflow_venv/lib/python3.12/site-packages/airflow/example_dags/example_latest_only.py for tasks to queue
[2026-05-18T07:25:01.386+0000] {logging_mixin.py:190} INFO - [2026-05-18T07:25:01.385+0000] {dagbag.py:588} INFO - Filling up the DagBag from /home/noelsdavid/airflow_venv/lib/python3.12/site-packages/airflow/example_dags/example_latest_only.py
[2026-05-18T07:25:01.398+0000] {processor.py:925} INFO - DAG(s) 'latest_only' retrieved from /home/noelsdavid/airflow_venv/lib/python3.12/site-packages/airflow/example_dags/example_latest_only.py
[2026-05-18T07:25:01.423+0000] {logging_mixin.py:190} INFO - [2026-05-18T07:25:01.423+0000] {dag.py:3239} INFO - Sync 1 DAGs
[2026-05-18T07:25:01.454+0000] {logging_mixin.py:190} INFO - [2026-05-18T07:25:01.453+0000] {dag.py:4180} INFO - Setting next_dagrun for latest_only to 2026-05-18 00:00:00+00:00, run_after=2026-05-18 04:00:00+00:00
[2026-05-18T07:25:01.493+0000] {processor.py:208} INFO - Processing /home/noelsdavid/airflow_venv/lib/python3.12/site-packages/airflow/example_dags/example_latest_only.py took 0.123 seconds
[2026-05-18T07:26:06.742+0000] {processor.py:186} INFO - Started process (PID=18122) to work on /home/noelsdavid/airflow_venv/lib/python3.12/site-packages/airflow/example_dags/example_latest_only.py
[2026-05-18T07:26:06.744+0000] {processor.py:914} INFO - Processing file /home/noelsdavid/airflow_venv/lib/python3.12/site-packages/airflow/example_dags/example_latest_only.py for tasks to queue
[2026-05-18T07:26:06.747+0000] {logging_mixin.py:190} INFO - [2026-05-18T07:26:06.746+0000] {dagbag.py:588} INFO - Filling up the DagBag from /home/noelsdavid/airflow_venv/lib/python3.12/site-packages/airflow/example_dags/example_latest_only.py
[2026-05-18T07:26:06.761+0000] {processor.py:925} INFO - DAG(s) 'latest_only' retrieved from /home/noelsdavid/airflow_venv/lib/python3.12/site-packages/airflow/example_dags/example_latest_only.py
[2026-05-18T07:26:06.788+0000] {logging_mixin.py:190} INFO - [2026-05-18T07:26:06.787+0000] {dag.py:3239} INFO - Sync 1 DAGs
[2026-05-18T07:26:06.817+0000] {logging_mixin.py:190} INFO - [2026-05-18T07:26:06.817+0000] {dag.py:4180} INFO - Setting next_dagrun for latest_only to 2026-05-18 00:00:00+00:00, run_after=2026-05-18 04:00:00+00:00
[2026-05-18T07:26:06.850+0000] {processor.py:208} INFO - Processing /home/noelsdavid/airflow_venv/lib/python3.12/site-packages/airflow/example_dags/example_latest_only.py took 0.120 seconds
[2026-05-18T07:27:16.673+0000] {processor.py:186} INFO - Started process (PID=18199) to work on /home/noelsdavid/airflow_venv/lib/python3.12/site-packages/airflow/example_dags/example_latest_only.py
[2026-05-18T07:27:16.676+0000] {processor.py:914} INFO - Processing file /home/noelsdavid/airflow_venv/lib/python3.12/site-packages/airflow/example_dags/example_latest_only.py for tasks to queue
[2026-05-18T07:27:16.678+0000] {logging_mixin.py:190} INFO - [2026-05-18T07:27:16.677+0000] {dagbag.py:588} INFO - Filling up the DagBag from /home/noelsdavid/airflow_venv/lib/python3.12/site-packages/airflow/example_dags/example_latest_only.py
[2026-05-18T07:27:16.690+0000] {processor.py:925} INFO - DAG(s) 'latest_only' retrieved from /home/noelsdavid/airflow_venv/lib/python3.12/site-packages/airflow/example_dags/example_latest_only.py
[2026-05-18T07:27:16.713+0000] {logging_mixin.py:190} INFO - [2026-05-18T07:27:16.713+0000] {dag.py:3239} INFO - Sync 1 DAGs
[2026-05-18T07:27:16.745+0000] {logging_mixin.py:190} INFO - [2026-05-18T07:27:16.745+0000] {dag.py:4180} INFO - Setting next_dagrun for latest_only to 2026-05-18 00:00:00+00:00, run_after=2026-05-18 04:00:00+00:00
[2026-05-18T07:27:16.778+0000] {processor.py:208} INFO - Processing /home/noelsdavid/airflow_venv/lib/python3.12/site-packages/airflow/example_dags/example_latest_only.py took 0.114 seconds
[2026-05-18T07:28:28.158+0000] {processor.py:186} INFO - Started process (PID=18277) to work on /home/noelsdavid/airflow_venv/lib/python3.12/site-packages/airflow/example_dags/example_latest_only.py
[2026-05-18T07:28:28.160+0000] {processor.py:914} INFO - Processing file /home/noelsdavid/airflow_venv/lib/python3.12/site-packages/airflow/example_dags/example_latest_only.py for tasks to queue
[2026-05-18T07:28:28.162+0000] {logging_mixin.py:190} INFO - [2026-05-18T07:28:28.162+0000] {dagbag.py:588} INFO - Filling up the DagBag from /home/noelsdavid/airflow_venv/lib/python3.12/site-packages/airflow/example_dags/example_latest_only.py
[2026-05-18T07:28:28.175+0000] {processor.py:925} INFO - DAG(s) 'latest_only' retrieved from /home/noelsdavid/airflow_venv/lib/python3.12/site-packages/airflow/example_dags/example_latest_only.py
[2026-05-18T07:28:28.198+0000] {logging_mixin.py:190} INFO - [2026-05-18T07:28:28.198+0000] {dag.py:3239} INFO - Sync 1 DAGs
[2026-05-18T07:28:28.225+0000] {logging_mixin.py:190} INFO - [2026-05-18T07:28:28.225+0000] {dag.py:4180} INFO - Setting next_dagrun for latest_only to 2026-05-18 00:00:00+00:00, run_after=2026-05-18 04:00:00+00:00
[2026-05-18T07:28:28.259+0000] {processor.py:208} INFO - Processing /home/noelsdavid/airflow_venv/lib/python3.12/site-packages/airflow/example_dags/example_latest_only.py took 0.111 seconds
[2026-05-18T07:29:40.891+0000] {processor.py:186} INFO - Started process (PID=18356) to work on /home/noelsdavid/airflow_venv/lib/python3.12/site-packages/airflow/example_dags/example_latest_only.py
[2026-05-18T07:29:40.893+0000] {processor.py:914} INFO - Processing file /home/noelsdavid/airflow_venv/lib/python3.12/site-packages/airflow/example_dags/example_latest_only.py for tasks to queue
[2026-05-18T07:29:40.895+0000] {logging_mixin.py:190} INFO - [2026-05-18T07:29:40.894+0000] {dagbag.py:588} INFO - Filling up the DagBag from /home/noelsdavid/airflow_venv/lib/python3.12/site-packages/airflow/example_dags/example_latest_only.py
[2026-05-18T07:29:40.907+0000] {processor.py:925} INFO - DAG(s) 'latest_only' retrieved from /home/noelsdavid/airflow_venv/lib/python3.12/site-packages/airflow/example_dags/example_latest_only.py
[2026-05-18T07:29:40.929+0000] {logging_mixin.py:190} INFO - [2026-05-18T07:29:40.928+0000] {dag.py:3239} INFO - Sync 1 DAGs
[2026-05-18T07:29:40.956+0000] {logging_mixin.py:190} INFO - [2026-05-18T07:29:40.955+0000] {dag.py:4180} INFO - Setting next_dagrun for latest_only to 2026-05-18 00:00:00+00:00, run_after=2026-05-18 04:00:00+00:00
[2026-05-18T07:29:40.987+0000] {processor.py:208} INFO - Processing /home/noelsdavid/airflow_venv/lib/python3.12/site-packages/airflow/example_dags/example_latest_only.py took 0.106 seconds
[2026-05-18T07:30:50.862+0000] {processor.py:186} INFO - Started process (PID=18463) to work on /home/noelsdavid/airflow_venv/lib/python3.12/site-packages/airflow/example_dags/example_latest_only.py
[2026-05-18T07:30:50.864+0000] {processor.py:914} INFO - Processing file /home/noelsdavid/airflow_venv/lib/python3.12/site-packages/airflow/example_dags/example_latest_only.py for tasks to queue
[2026-05-18T07:30:50.867+0000] {logging_mixin.py:190} INFO - [2026-05-18T07:30:50.866+0000] {dagbag.py:588} INFO - Filling up the DagBag from /home/noelsdavid/airflow_venv/lib/python3.12/site-packages/airflow/example_dags/example_latest_only.py
[2026-05-18T07:30:50.878+0000] {processor.py:925} INFO - DAG(s) 'latest_only' retrieved from /home/noelsdavid/airflow_venv/lib/python3.12/site-packages/airflow/example_dags/example_latest_only.py
[2026-05-18T07:30:50.901+0000] {logging_mixin.py:190} INFO - [2026-05-18T07:30:50.900+0000] {dag.py:3239} INFO - Sync 1 DAGs
[2026-05-18T07:30:50.930+0000] {logging_mixin.py:190} INFO - [2026-05-18T07:30:50.930+0000] {dag.py:4180} INFO - Setting next_dagrun for latest_only to 2026-05-18 00:00:00+00:00, run_after=2026-05-18 04:00:00+00:00
[2026-05-18T07:30:50.962+0000] {processor.py:208} INFO - Processing /home/noelsdavid/airflow_venv/lib/python3.12/site-packages/airflow/example_dags/example_latest_only.py took 0.110 seconds
[2026-05-18T07:32:03.061+0000] {processor.py:186} INFO - Started process (PID=18541) to work on /home/noelsdavid/airflow_venv/lib/python3.12/site-packages/airflow/example_dags/example_latest_only.py
[2026-05-18T07:32:03.064+0000] {processor.py:914} INFO - Processing file /home/noelsdavid/airflow_venv/lib/python3.12/site-packages/airflow/example_dags/example_latest_only.py for tasks to queue
[2026-05-18T07:32:03.066+0000] {logging_mixin.py:190} INFO - [2026-05-18T07:32:03.065+0000] {dagbag.py:588} INFO - Filling up the DagBag from /home/noelsdavid/airflow_venv/lib/python3.12/site-packages/airflow/example_dags/example_latest_only.py
[2026-05-18T07:32:03.078+0000] {processor.py:925} INFO - DAG(s) 'latest_only' retrieved from /home/noelsdavid/airflow_venv/lib/python3.12/site-packages/airflow/example_dags/example_latest_only.py
[2026-05-18T07:32:03.100+0000] {logging_mixin.py:190} INFO - [2026-05-18T07:32:03.100+0000] {dag.py:3239} INFO - Sync 1 DAGs
[2026-05-18T07:32:03.129+0000] {logging_mixin.py:190} INFO - [2026-05-18T07:32:03.128+0000] {dag.py:4180} INFO - Setting next_dagrun for latest_only to 2026-05-18 00:00:00+00:00, run_after=2026-05-18 04:00:00+00:00
[2026-05-18T07:32:03.165+0000] {processor.py:208} INFO - Processing /home/noelsdavid/airflow_venv/lib/python3.12/site-packages/airflow/example_dags/example_latest_only.py took 0.113 seconds
[2026-05-18T07:33:11.065+0000] {processor.py:186} INFO - Started process (PID=18618) to work on /home/noelsdavid/airflow_venv/lib/python3.12/site-packages/airflow/example_dags/example_latest_only.py
[2026-05-18T07:33:11.067+0000] {processor.py:914} INFO - Processing file /home/noelsdavid/airflow_venv/lib/python3.12/site-packages/airflow/example_dags/example_latest_only.py for tasks to queue
[2026-05-18T07:33:11.070+0000] {logging_mixin.py:190} INFO - [2026-05-18T07:33:11.069+0000] {dagbag.py:588} INFO - Filling up the DagBag from /home/noelsdavid/airflow_venv/lib/python3.12/site-packages/airflow/example_dags/example_latest_only.py
[2026-05-18T07:33:11.083+0000] {processor.py:925} INFO - DAG(s) 'latest_only' retrieved from /home/noelsdavid/airflow_venv/lib/python3.12/site-packages/airflow/example_dags/example_latest_only.py
[2026-05-18T07:33:11.107+0000] {logging_mixin.py:190} INFO - [2026-05-18T07:33:11.106+0000] {dag.py:3239} INFO - Sync 1 DAGs
[2026-05-18T07:33:11.134+0000] {logging_mixin.py:190} INFO - [2026-05-18T07:33:11.134+0000] {dag.py:4180} INFO - Setting next_dagrun for latest_only to 2026-05-18 00:00:00+00:00, run_after=2026-05-18 04:00:00+00:00
[2026-05-18T07:33:11.166+0000] {processor.py:208} INFO - Processing /home/noelsdavid/airflow_venv/lib/python3.12/site-packages/airflow/example_dags/example_latest_only.py took 0.112 seconds
[2026-05-18T07:34:19.392+0000] {processor.py:186} INFO - Started process (PID=18694) to work on /home/noelsdavid/airflow_venv/lib/python3.12/site-packages/airflow/example_dags/example_latest_only.py
[2026-05-18T07:34:19.395+0000] {processor.py:914} INFO - Processing file /home/noelsdavid/airflow_venv/lib/python3.12/site-packages/airflow/example_dags/example_latest_only.py for tasks to queue
[2026-05-18T07:34:19.397+0000] {logging_mixin.py:190} INFO - [2026-05-18T07:34:19.396+0000] {dagbag.py:588} INFO - Filling up the DagBag from /home/noelsdavid/airflow_venv/lib/python3.12/site-packages/airflow/example_dags/example_latest_only.py
[2026-05-18T07:34:19.410+0000] {processor.py:925} INFO - DAG(s) 'latest_only' retrieved from /home/noelsdavid/airflow_venv/lib/python3.12/site-packages/airflow/example_dags/example_latest_only.py
[2026-05-18T07:34:19.434+0000] {logging_mixin.py:190} INFO - [2026-05-18T07:34:19.433+0000] {dag.py:3239} INFO - Sync 1 DAGs
[2026-05-18T07:34:19.462+0000] {logging_mixin.py:190} INFO - [2026-05-18T07:34:19.462+0000] {dag.py:4180} INFO - Setting next_dagrun for latest_only to 2026-05-18 00:00:00+00:00, run_after=2026-05-18 04:00:00+00:00
[2026-05-18T07:34:19.497+0000] {processor.py:208} INFO - Processing /home/noelsdavid/airflow_venv/lib/python3.12/site-packages/airflow/example_dags/example_latest_only.py took 0.115 seconds
[2026-05-18T07:35:35.493+0000] {processor.py:186} INFO - Started process (PID=18797) to work on /home/noelsdavid/airflow_venv/lib/python3.12/site-packages/airflow/example_dags/example_latest_only.py
[2026-05-18T07:35:35.495+0000] {processor.py:914} INFO - Processing file /home/noelsdavid/airflow_venv/lib/python3.12/site-packages/airflow/example_dags/example_latest_only.py for tasks to queue
[2026-05-18T07:35:35.497+0000] {logging_mixin.py:190} INFO - [2026-05-18T07:35:35.496+0000] {dagbag.py:588} INFO - Filling up the DagBag from /home/noelsdavid/airflow_venv/lib/python3.12/site-packages/airflow/example_dags/example_latest_only.py
[2026-05-18T07:35:35.509+0000] {processor.py:925} INFO - DAG(s) 'latest_only' retrieved from /home/noelsdavid/airflow_venv/lib/python3.12/site-packages/airflow/example_dags/example_latest_only.py
[2026-05-18T07:35:35.530+0000] {logging_mixin.py:190} INFO - [2026-05-18T07:35:35.530+0000] {dag.py:3239} INFO - Sync 1 DAGs
[2026-05-18T07:35:35.557+0000] {logging_mixin.py:190} INFO - [2026-05-18T07:35:35.557+0000] {dag.py:4180} INFO - Setting next_dagrun for latest_only to 2026-05-18 00:00:00+00:00, run_after=2026-05-18 04:00:00+00:00
[2026-05-18T07:35:35.589+0000] {processor.py:208} INFO - Processing /home/noelsdavid/airflow_venv/lib/python3.12/site-packages/airflow/example_dags/example_latest_only.py took 0.106 seconds
[2026-05-18T07:36:44.408+0000] {processor.py:186} INFO - Started process (PID=18873) to work on /home/noelsdavid/airflow_venv/lib/python3.12/site-packages/airflow/example_dags/example_latest_only.py
[2026-05-18T07:36:44.411+0000] {processor.py:914} INFO - Processing file /home/noelsdavid/airflow_venv/lib/python3.12/site-packages/airflow/example_dags/example_latest_only.py for tasks to queue
[2026-05-18T07:36:44.413+0000] {logging_mixin.py:190} INFO - [2026-05-18T07:36:44.412+0000] {dagbag.py:588} INFO - Filling up the DagBag from /home/noelsdavid/airflow_venv/lib/python3.12/site-packages/airflow/example_dags/example_latest_only.py
[2026-05-18T07:36:44.425+0000] {processor.py:925} INFO - DAG(s) 'latest_only' retrieved from /home/noelsdavid/airflow_venv/lib/python3.12/site-packages/airflow/example_dags/example_latest_only.py
[2026-05-18T07:36:44.448+0000] {logging_mixin.py:190} INFO - [2026-05-18T07:36:44.448+0000] {dag.py:3239} INFO - Sync 1 DAGs
[2026-05-18T07:36:44.476+0000] {logging_mixin.py:190} INFO - [2026-05-18T07:36:44.475+0000] {dag.py:4180} INFO - Setting next_dagrun for latest_only to 2026-05-18 00:00:00+00:00, run_after=2026-05-18 04:00:00+00:00
[2026-05-18T07:36:44.506+0000] {processor.py:208} INFO - Processing /home/noelsdavid/airflow_venv/lib/python3.12/site-packages/airflow/example_dags/example_latest_only.py took 0.109 seconds
[2026-05-18T07:37:54.233+0000] {processor.py:186} INFO - Started process (PID=18951) to work on /home/noelsdavid/airflow_venv/lib/python3.12/site-packages/airflow/example_dags/example_latest_only.py
[2026-05-18T07:37:54.244+0000] {processor.py:914} INFO - Processing file /home/noelsdavid/airflow_venv/lib/python3.12/site-packages/airflow/example_dags/example_latest_only.py for tasks to queue
[2026-05-18T07:37:54.247+0000] {logging_mixin.py:190} INFO - [2026-05-18T07:37:54.246+0000] {dagbag.py:588} INFO - Filling up the DagBag from /home/noelsdavid/airflow_venv/lib/python3.12/site-packages/airflow/example_dags/example_latest_only.py
[2026-05-18T07:37:54.260+0000] {processor.py:925} INFO - DAG(s) 'latest_only' retrieved from /home/noelsdavid/airflow_venv/lib/python3.12/site-packages/airflow/example_dags/example_latest_only.py
[2026-05-18T07:37:54.283+0000] {logging_mixin.py:190} INFO - [2026-05-18T07:37:54.282+0000] {dag.py:3239} INFO - Sync 1 DAGs
[2026-05-18T07:37:54.313+0000] {logging_mixin.py:190} INFO - [2026-05-18T07:37:54.313+0000] {dag.py:4180} INFO - Setting next_dagrun for latest_only to 2026-05-18 00:00:00+00:00, run_after=2026-05-18 04:00:00+00:00
[2026-05-18T07:37:54.346+0000] {processor.py:208} INFO - Processing /home/noelsdavid/airflow_venv/lib/python3.12/site-packages/airflow/example_dags/example_latest_only.py took 0.125 seconds
[2026-05-18T07:39:03.877+0000] {processor.py:186} INFO - Started process (PID=19028) to work on /home/noelsdavid/airflow_venv/lib/python3.12/site-packages/airflow/example_dags/example_latest_only.py
[2026-05-18T07:39:03.879+0000] {processor.py:914} INFO - Processing file /home/noelsdavid/airflow_venv/lib/python3.12/site-packages/airflow/example_dags/example_latest_only.py for tasks to queue
[2026-05-18T07:39:03.881+0000] {logging_mixin.py:190} INFO - [2026-05-18T07:39:03.881+0000] {dagbag.py:588} INFO - Filling up the DagBag from /home/noelsdavid/airflow_venv/lib/python3.12/site-packages/airflow/example_dags/example_latest_only.py
[2026-05-18T07:39:03.894+0000] {processor.py:925} INFO - DAG(s) 'latest_only' retrieved from /home/noelsdavid/airflow_venv/lib/python3.12/site-packages/airflow/example_dags/example_latest_only.py
[2026-05-18T07:39:03.916+0000] {logging_mixin.py:190} INFO - [2026-05-18T07:39:03.916+0000] {dag.py:3239} INFO - Sync 1 DAGs
[2026-05-18T07:39:03.943+0000] {logging_mixin.py:190} INFO - [2026-05-18T07:39:03.942+0000] {dag.py:4180} INFO - Setting next_dagrun for latest_only to 2026-05-18 00:00:00+00:00, run_after=2026-05-18 04:00:00+00:00
[2026-05-18T07:39:03.975+0000] {processor.py:208} INFO - Processing /home/noelsdavid/airflow_venv/lib/python3.12/site-packages/airflow/example_dags/example_latest_only.py took 0.108 seconds
[2026-05-18T07:40:17.438+0000] {processor.py:186} INFO - Started process (PID=19130) to work on /home/noelsdavid/airflow_venv/lib/python3.12/site-packages/airflow/example_dags/example_latest_only.py
[2026-05-18T07:40:17.441+0000] {processor.py:914} INFO - Processing file /home/noelsdavid/airflow_venv/lib/python3.12/site-packages/airflow/example_dags/example_latest_only.py for tasks to queue
[2026-05-18T07:40:17.443+0000] {logging_mixin.py:190} INFO - [2026-05-18T07:40:17.443+0000] {dagbag.py:588} INFO - Filling up the DagBag from /home/noelsdavid/airflow_venv/lib/python3.12/site-packages/airflow/example_dags/example_latest_only.py
[2026-05-18T07:40:17.456+0000] {processor.py:925} INFO - DAG(s) 'latest_only' retrieved from /home/noelsdavid/airflow_venv/lib/python3.12/site-packages/airflow/example_dags/example_latest_only.py
[2026-05-18T07:40:17.481+0000] {logging_mixin.py:190} INFO - [2026-05-18T07:40:17.480+0000] {dag.py:3239} INFO - Sync 1 DAGs
[2026-05-18T07:40:17.510+0000] {logging_mixin.py:190} INFO - [2026-05-18T07:40:17.509+0000] {dag.py:4180} INFO - Setting next_dagrun for latest_only to 2026-05-18 00:00:00+00:00, run_after=2026-05-18 04:00:00+00:00
[2026-05-18T07:40:17.546+0000] {processor.py:208} INFO - Processing /home/noelsdavid/airflow_venv/lib/python3.12/site-packages/airflow/example_dags/example_latest_only.py took 0.119 seconds
