[2026-05-18T06:00:16.425+0000] {processor.py:186} INFO - Started process (PID=6871) to work on /home/noelsdavid/airflow_venv/lib/python3.12/site-packages/airflow/example_dags/tutorial_dag.py
[2026-05-18T06:00:16.426+0000] {processor.py:914} INFO - Processing file /home/noelsdavid/airflow_venv/lib/python3.12/site-packages/airflow/example_dags/tutorial_dag.py for tasks to queue
[2026-05-18T06:00:16.429+0000] {logging_mixin.py:190} INFO - [2026-05-18T06:00:16.428+0000] {dagbag.py:588} INFO - Filling up the DagBag from /home/noelsdavid/airflow_venv/lib/python3.12/site-packages/airflow/example_dags/tutorial_dag.py
[2026-05-18T06:00:16.439+0000] {processor.py:925} INFO - DAG(s) 'tutorial_dag' retrieved from /home/noelsdavid/airflow_venv/lib/python3.12/site-packages/airflow/example_dags/tutorial_dag.py
[2026-05-18T06:00:16.587+0000] {logging_mixin.py:190} INFO - [2026-05-18T06:00:16.586+0000] {override.py:1911} INFO - Created Permission View: can edit on DAG:tutorial_dag
[2026-05-18T06:00:16.605+0000] {logging_mixin.py:190} INFO - [2026-05-18T06:00:16.604+0000] {override.py:1911} INFO - Created Permission View: can delete on DAG:tutorial_dag
[2026-05-18T06:00:16.619+0000] {logging_mixin.py:190} INFO - [2026-05-18T06:00:16.619+0000] {override.py:1911} INFO - Created Permission View: can read on DAG:tutorial_dag
[2026-05-18T06:00:16.642+0000] {logging_mixin.py:190} INFO - [2026-05-18T06:00:16.641+0000] {override.py:1911} INFO - Created Permission View: can delete on DAG Run:tutorial_dag
[2026-05-18T06:00:16.655+0000] {logging_mixin.py:190} INFO - [2026-05-18T06:00:16.655+0000] {override.py:1911} INFO - Created Permission View: menu access on DAG Run:tutorial_dag
[2026-05-18T06:00:16.669+0000] {logging_mixin.py:190} INFO - [2026-05-18T06:00:16.669+0000] {override.py:1911} INFO - Created Permission View: can create on DAG Run:tutorial_dag
[2026-05-18T06:00:16.683+0000] {logging_mixin.py:190} INFO - [2026-05-18T06:00:16.682+0000] {override.py:1911} INFO - Created Permission View: can read on DAG Run:tutorial_dag
[2026-05-18T06:00:16.683+0000] {logging_mixin.py:190} INFO - [2026-05-18T06:00:16.683+0000] {dag.py:3239} INFO - Sync 1 DAGs
[2026-05-18T06:00:16.698+0000] {logging_mixin.py:190} INFO - [2026-05-18T06:00:16.698+0000] {dag.py:3262} INFO - Creating ORM DAG for tutorial_dag
[2026-05-18T06:00:16.699+0000] {logging_mixin.py:190} INFO - [2026-05-18T06:00:16.699+0000] {dag.py:4180} INFO - Setting next_dagrun for tutorial_dag to None, run_after=None
[2026-05-18T06:00:16.727+0000] {processor.py:208} INFO - Processing /home/noelsdavid/airflow_venv/lib/python3.12/site-packages/airflow/example_dags/tutorial_dag.py took 0.309 seconds
[2026-05-18T06:01:26.466+0000] {processor.py:186} INFO - Started process (PID=6957) to work on /home/noelsdavid/airflow_venv/lib/python3.12/site-packages/airflow/example_dags/tutorial_dag.py
[2026-05-18T06:01:26.507+0000] {processor.py:914} INFO - Processing file /home/noelsdavid/airflow_venv/lib/python3.12/site-packages/airflow/example_dags/tutorial_dag.py for tasks to queue
[2026-05-18T06:01:26.510+0000] {logging_mixin.py:190} INFO - [2026-05-18T06:01:26.509+0000] {dagbag.py:588} INFO - Filling up the DagBag from /home/noelsdavid/airflow_venv/lib/python3.12/site-packages/airflow/example_dags/tutorial_dag.py
[2026-05-18T06:01:26.520+0000] {processor.py:925} INFO - DAG(s) 'tutorial_dag' retrieved from /home/noelsdavid/airflow_venv/lib/python3.12/site-packages/airflow/example_dags/tutorial_dag.py
[2026-05-18T06:01:26.541+0000] {logging_mixin.py:190} INFO - [2026-05-18T06:01:26.540+0000] {dag.py:3239} INFO - Sync 1 DAGs
[2026-05-18T06:01:26.556+0000] {logging_mixin.py:190} INFO - [2026-05-18T06:01:26.556+0000] {dag.py:4180} INFO - Setting next_dagrun for tutorial_dag to None, run_after=None
[2026-05-18T06:01:26.589+0000] {processor.py:208} INFO - Processing /home/noelsdavid/airflow_venv/lib/python3.12/site-packages/airflow/example_dags/tutorial_dag.py took 0.131 seconds
[2026-05-18T06:02:26.351+0000] {processor.py:186} INFO - Started process (PID=7017) to work on /home/noelsdavid/airflow_venv/lib/python3.12/site-packages/airflow/example_dags/tutorial_dag.py
[2026-05-18T06:02:26.369+0000] {processor.py:914} INFO - Processing file /home/noelsdavid/airflow_venv/lib/python3.12/site-packages/airflow/example_dags/tutorial_dag.py for tasks to queue
[2026-05-18T06:02:26.372+0000] {logging_mixin.py:190} INFO - [2026-05-18T06:02:26.371+0000] {dagbag.py:588} INFO - Filling up the DagBag from /home/noelsdavid/airflow_venv/lib/python3.12/site-packages/airflow/example_dags/tutorial_dag.py
[2026-05-18T06:02:26.384+0000] {processor.py:925} INFO - DAG(s) 'tutorial_dag' retrieved from /home/noelsdavid/airflow_venv/lib/python3.12/site-packages/airflow/example_dags/tutorial_dag.py
[2026-05-18T06:02:26.403+0000] {logging_mixin.py:190} INFO - [2026-05-18T06:02:26.403+0000] {dag.py:3239} INFO - Sync 1 DAGs
[2026-05-18T06:02:26.419+0000] {logging_mixin.py:190} INFO - [2026-05-18T06:02:26.419+0000] {dag.py:4180} INFO - Setting next_dagrun for tutorial_dag to None, run_after=None
[2026-05-18T06:02:26.448+0000] {processor.py:208} INFO - Processing /home/noelsdavid/airflow_venv/lib/python3.12/site-packages/airflow/example_dags/tutorial_dag.py took 0.105 seconds
[2026-05-18T06:03:26.165+0000] {processor.py:186} INFO - Started process (PID=7074) to work on /home/noelsdavid/airflow_venv/lib/python3.12/site-packages/airflow/example_dags/tutorial_dag.py
[2026-05-18T06:03:26.168+0000] {processor.py:914} INFO - Processing file /home/noelsdavid/airflow_venv/lib/python3.12/site-packages/airflow/example_dags/tutorial_dag.py for tasks to queue
[2026-05-18T06:03:26.170+0000] {logging_mixin.py:190} INFO - [2026-05-18T06:03:26.170+0000] {dagbag.py:588} INFO - Filling up the DagBag from /home/noelsdavid/airflow_venv/lib/python3.12/site-packages/airflow/example_dags/tutorial_dag.py
[2026-05-18T06:03:26.181+0000] {processor.py:925} INFO - DAG(s) 'tutorial_dag' retrieved from /home/noelsdavid/airflow_venv/lib/python3.12/site-packages/airflow/example_dags/tutorial_dag.py
[2026-05-18T06:03:26.201+0000] {logging_mixin.py:190} INFO - [2026-05-18T06:03:26.200+0000] {dag.py:3239} INFO - Sync 1 DAGs
[2026-05-18T06:03:26.215+0000] {logging_mixin.py:190} INFO - [2026-05-18T06:03:26.215+0000] {dag.py:4180} INFO - Setting next_dagrun for tutorial_dag to None, run_after=None
[2026-05-18T06:03:26.243+0000] {processor.py:208} INFO - Processing /home/noelsdavid/airflow_venv/lib/python3.12/site-packages/airflow/example_dags/tutorial_dag.py took 0.085 seconds
[2026-05-18T06:04:26.276+0000] {processor.py:186} INFO - Started process (PID=7134) to work on /home/noelsdavid/airflow_venv/lib/python3.12/site-packages/airflow/example_dags/tutorial_dag.py
[2026-05-18T06:04:26.288+0000] {processor.py:914} INFO - Processing file /home/noelsdavid/airflow_venv/lib/python3.12/site-packages/airflow/example_dags/tutorial_dag.py for tasks to queue
[2026-05-18T06:04:26.291+0000] {logging_mixin.py:190} INFO - [2026-05-18T06:04:26.291+0000] {dagbag.py:588} INFO - Filling up the DagBag from /home/noelsdavid/airflow_venv/lib/python3.12/site-packages/airflow/example_dags/tutorial_dag.py
[2026-05-18T06:04:26.303+0000] {processor.py:925} INFO - DAG(s) 'tutorial_dag' retrieved from /home/noelsdavid/airflow_venv/lib/python3.12/site-packages/airflow/example_dags/tutorial_dag.py
[2026-05-18T06:04:26.324+0000] {logging_mixin.py:190} INFO - [2026-05-18T06:04:26.324+0000] {dag.py:3239} INFO - Sync 1 DAGs
[2026-05-18T06:04:26.339+0000] {logging_mixin.py:190} INFO - [2026-05-18T06:04:26.339+0000] {dag.py:4180} INFO - Setting next_dagrun for tutorial_dag to None, run_after=None
[2026-05-18T06:04:26.370+0000] {processor.py:208} INFO - Processing /home/noelsdavid/airflow_venv/lib/python3.12/site-packages/airflow/example_dags/tutorial_dag.py took 0.101 seconds
[2026-05-18T06:05:03.818+0000] {processor.py:186} INFO - Started process (PID=7171) to work on /home/noelsdavid/airflow_venv/lib/python3.12/site-packages/airflow/example_dags/tutorial_dag.py
[2026-05-18T06:05:03.825+0000] {processor.py:914} INFO - Processing file /home/noelsdavid/airflow_venv/lib/python3.12/site-packages/airflow/example_dags/tutorial_dag.py for tasks to queue
[2026-05-18T06:05:03.828+0000] {logging_mixin.py:190} INFO - [2026-05-18T06:05:03.827+0000] {dagbag.py:588} INFO - Filling up the DagBag from /home/noelsdavid/airflow_venv/lib/python3.12/site-packages/airflow/example_dags/tutorial_dag.py
[2026-05-18T06:05:03.840+0000] {processor.py:925} INFO - DAG(s) 'tutorial_dag' retrieved from /home/noelsdavid/airflow_venv/lib/python3.12/site-packages/airflow/example_dags/tutorial_dag.py
[2026-05-18T06:05:03.861+0000] {logging_mixin.py:190} INFO - [2026-05-18T06:05:03.861+0000] {dag.py:3239} INFO - Sync 1 DAGs
[2026-05-18T06:05:03.878+0000] {logging_mixin.py:190} INFO - [2026-05-18T06:05:03.878+0000] {dag.py:4180} INFO - Setting next_dagrun for tutorial_dag to None, run_after=None
[2026-05-18T06:05:03.910+0000] {processor.py:208} INFO - Processing /home/noelsdavid/airflow_venv/lib/python3.12/site-packages/airflow/example_dags/tutorial_dag.py took 0.100 seconds
[2026-05-18T06:06:15.357+0000] {processor.py:186} INFO - Started process (PID=7262) to work on /home/noelsdavid/airflow_venv/lib/python3.12/site-packages/airflow/example_dags/tutorial_dag.py
[2026-05-18T06:06:15.369+0000] {processor.py:914} INFO - Processing file /home/noelsdavid/airflow_venv/lib/python3.12/site-packages/airflow/example_dags/tutorial_dag.py for tasks to queue
[2026-05-18T06:06:15.374+0000] {logging_mixin.py:190} INFO - [2026-05-18T06:06:15.373+0000] {dagbag.py:588} INFO - Filling up the DagBag from /home/noelsdavid/airflow_venv/lib/python3.12/site-packages/airflow/example_dags/tutorial_dag.py
[2026-05-18T06:06:15.387+0000] {processor.py:925} INFO - DAG(s) 'tutorial_dag' retrieved from /home/noelsdavid/airflow_venv/lib/python3.12/site-packages/airflow/example_dags/tutorial_dag.py
[2026-05-18T06:06:15.412+0000] {logging_mixin.py:190} INFO - [2026-05-18T06:06:15.412+0000] {dag.py:3239} INFO - Sync 1 DAGs
[2026-05-18T06:06:15.430+0000] {logging_mixin.py:190} INFO - [2026-05-18T06:06:15.430+0000] {dag.py:4180} INFO - Setting next_dagrun for tutorial_dag to None, run_after=None
[2026-05-18T06:06:15.469+0000] {processor.py:208} INFO - Processing /home/noelsdavid/airflow_venv/lib/python3.12/site-packages/airflow/example_dags/tutorial_dag.py took 0.120 seconds
[2026-05-18T06:07:12.625+0000] {processor.py:186} INFO - Started process (PID=7319) to work on /home/noelsdavid/airflow_venv/lib/python3.12/site-packages/airflow/example_dags/tutorial_dag.py
[2026-05-18T06:07:12.627+0000] {processor.py:914} INFO - Processing file /home/noelsdavid/airflow_venv/lib/python3.12/site-packages/airflow/example_dags/tutorial_dag.py for tasks to queue
[2026-05-18T06:07:12.632+0000] {logging_mixin.py:190} INFO - [2026-05-18T06:07:12.631+0000] {dagbag.py:588} INFO - Filling up the DagBag from /home/noelsdavid/airflow_venv/lib/python3.12/site-packages/airflow/example_dags/tutorial_dag.py
[2026-05-18T06:07:12.646+0000] {processor.py:925} INFO - DAG(s) 'tutorial_dag' retrieved from /home/noelsdavid/airflow_venv/lib/python3.12/site-packages/airflow/example_dags/tutorial_dag.py
[2026-05-18T06:07:12.671+0000] {logging_mixin.py:190} INFO - [2026-05-18T06:07:12.670+0000] {dag.py:3239} INFO - Sync 1 DAGs
[2026-05-18T06:07:12.697+0000] {logging_mixin.py:190} INFO - [2026-05-18T06:07:12.697+0000] {dag.py:4180} INFO - Setting next_dagrun for tutorial_dag to None, run_after=None
[2026-05-18T06:07:12.750+0000] {processor.py:208} INFO - Processing /home/noelsdavid/airflow_venv/lib/python3.12/site-packages/airflow/example_dags/tutorial_dag.py took 0.134 seconds
[2026-05-18T06:08:10.992+0000] {processor.py:186} INFO - Started process (PID=7376) to work on /home/noelsdavid/airflow_venv/lib/python3.12/site-packages/airflow/example_dags/tutorial_dag.py
[2026-05-18T06:08:11.028+0000] {processor.py:914} INFO - Processing file /home/noelsdavid/airflow_venv/lib/python3.12/site-packages/airflow/example_dags/tutorial_dag.py for tasks to queue
[2026-05-18T06:08:11.031+0000] {logging_mixin.py:190} INFO - [2026-05-18T06:08:11.031+0000] {dagbag.py:588} INFO - Filling up the DagBag from /home/noelsdavid/airflow_venv/lib/python3.12/site-packages/airflow/example_dags/tutorial_dag.py
[2026-05-18T06:08:11.043+0000] {processor.py:925} INFO - DAG(s) 'tutorial_dag' retrieved from /home/noelsdavid/airflow_venv/lib/python3.12/site-packages/airflow/example_dags/tutorial_dag.py
[2026-05-18T06:08:11.066+0000] {logging_mixin.py:190} INFO - [2026-05-18T06:08:11.065+0000] {dag.py:3239} INFO - Sync 1 DAGs
[2026-05-18T06:08:11.082+0000] {logging_mixin.py:190} INFO - [2026-05-18T06:08:11.082+0000] {dag.py:4180} INFO - Setting next_dagrun for tutorial_dag to None, run_after=None
[2026-05-18T06:08:11.113+0000] {processor.py:208} INFO - Processing /home/noelsdavid/airflow_venv/lib/python3.12/site-packages/airflow/example_dags/tutorial_dag.py took 0.130 seconds
[2026-05-18T06:09:16.615+0000] {processor.py:186} INFO - Started process (PID=7438) to work on /home/noelsdavid/airflow_venv/lib/python3.12/site-packages/airflow/example_dags/tutorial_dag.py
[2026-05-18T06:09:16.618+0000] {processor.py:914} INFO - Processing file /home/noelsdavid/airflow_venv/lib/python3.12/site-packages/airflow/example_dags/tutorial_dag.py for tasks to queue
[2026-05-18T06:09:16.621+0000] {logging_mixin.py:190} INFO - [2026-05-18T06:09:16.621+0000] {dagbag.py:588} INFO - Filling up the DagBag from /home/noelsdavid/airflow_venv/lib/python3.12/site-packages/airflow/example_dags/tutorial_dag.py
[2026-05-18T06:09:16.634+0000] {processor.py:925} INFO - DAG(s) 'tutorial_dag' retrieved from /home/noelsdavid/airflow_venv/lib/python3.12/site-packages/airflow/example_dags/tutorial_dag.py
[2026-05-18T06:09:16.657+0000] {logging_mixin.py:190} INFO - [2026-05-18T06:09:16.657+0000] {dag.py:3239} INFO - Sync 1 DAGs
[2026-05-18T06:09:16.677+0000] {logging_mixin.py:190} INFO - [2026-05-18T06:09:16.676+0000] {dag.py:4180} INFO - Setting next_dagrun for tutorial_dag to None, run_after=None
[2026-05-18T06:09:16.707+0000] {processor.py:208} INFO - Processing /home/noelsdavid/airflow_venv/lib/python3.12/site-packages/airflow/example_dags/tutorial_dag.py took 0.100 seconds
[2026-05-18T06:10:19.159+0000] {processor.py:186} INFO - Started process (PID=7523) to work on /home/noelsdavid/airflow_venv/lib/python3.12/site-packages/airflow/example_dags/tutorial_dag.py
[2026-05-18T06:10:19.162+0000] {processor.py:914} INFO - Processing file /home/noelsdavid/airflow_venv/lib/python3.12/site-packages/airflow/example_dags/tutorial_dag.py for tasks to queue
[2026-05-18T06:10:19.165+0000] {logging_mixin.py:190} INFO - [2026-05-18T06:10:19.165+0000] {dagbag.py:588} INFO - Filling up the DagBag from /home/noelsdavid/airflow_venv/lib/python3.12/site-packages/airflow/example_dags/tutorial_dag.py
[2026-05-18T06:10:19.177+0000] {processor.py:925} INFO - DAG(s) 'tutorial_dag' retrieved from /home/noelsdavid/airflow_venv/lib/python3.12/site-packages/airflow/example_dags/tutorial_dag.py
[2026-05-18T06:10:19.198+0000] {logging_mixin.py:190} INFO - [2026-05-18T06:10:19.198+0000] {dag.py:3239} INFO - Sync 1 DAGs
[2026-05-18T06:10:19.216+0000] {logging_mixin.py:190} INFO - [2026-05-18T06:10:19.216+0000] {dag.py:4180} INFO - Setting next_dagrun for tutorial_dag to None, run_after=None
[2026-05-18T06:10:19.246+0000] {processor.py:208} INFO - Processing /home/noelsdavid/airflow_venv/lib/python3.12/site-packages/airflow/example_dags/tutorial_dag.py took 0.094 seconds
[2026-05-18T06:11:18.391+0000] {processor.py:186} INFO - Started process (PID=7580) to work on /home/noelsdavid/airflow_venv/lib/python3.12/site-packages/airflow/example_dags/tutorial_dag.py
[2026-05-18T06:11:18.394+0000] {processor.py:914} INFO - Processing file /home/noelsdavid/airflow_venv/lib/python3.12/site-packages/airflow/example_dags/tutorial_dag.py for tasks to queue
[2026-05-18T06:11:18.397+0000] {logging_mixin.py:190} INFO - [2026-05-18T06:11:18.397+0000] {dagbag.py:588} INFO - Filling up the DagBag from /home/noelsdavid/airflow_venv/lib/python3.12/site-packages/airflow/example_dags/tutorial_dag.py
[2026-05-18T06:11:18.412+0000] {processor.py:925} INFO - DAG(s) 'tutorial_dag' retrieved from /home/noelsdavid/airflow_venv/lib/python3.12/site-packages/airflow/example_dags/tutorial_dag.py
[2026-05-18T06:11:18.436+0000] {logging_mixin.py:190} INFO - [2026-05-18T06:11:18.436+0000] {dag.py:3239} INFO - Sync 1 DAGs
[2026-05-18T06:11:18.454+0000] {logging_mixin.py:190} INFO - [2026-05-18T06:11:18.454+0000] {dag.py:4180} INFO - Setting next_dagrun for tutorial_dag to None, run_after=None
[2026-05-18T06:11:18.486+0000] {processor.py:208} INFO - Processing /home/noelsdavid/airflow_venv/lib/python3.12/site-packages/airflow/example_dags/tutorial_dag.py took 0.103 seconds
[2026-05-18T06:12:17.081+0000] {processor.py:186} INFO - Started process (PID=7639) to work on /home/noelsdavid/airflow_venv/lib/python3.12/site-packages/airflow/example_dags/tutorial_dag.py
[2026-05-18T06:12:17.096+0000] {processor.py:914} INFO - Processing file /home/noelsdavid/airflow_venv/lib/python3.12/site-packages/airflow/example_dags/tutorial_dag.py for tasks to queue
[2026-05-18T06:12:17.100+0000] {logging_mixin.py:190} INFO - [2026-05-18T06:12:17.099+0000] {dagbag.py:588} INFO - Filling up the DagBag from /home/noelsdavid/airflow_venv/lib/python3.12/site-packages/airflow/example_dags/tutorial_dag.py
[2026-05-18T06:12:17.112+0000] {processor.py:925} INFO - DAG(s) 'tutorial_dag' retrieved from /home/noelsdavid/airflow_venv/lib/python3.12/site-packages/airflow/example_dags/tutorial_dag.py
[2026-05-18T06:12:17.134+0000] {logging_mixin.py:190} INFO - [2026-05-18T06:12:17.133+0000] {dag.py:3239} INFO - Sync 1 DAGs
[2026-05-18T06:12:17.150+0000] {logging_mixin.py:190} INFO - [2026-05-18T06:12:17.150+0000] {dag.py:4180} INFO - Setting next_dagrun for tutorial_dag to None, run_after=None
[2026-05-18T06:12:17.181+0000] {processor.py:208} INFO - Processing /home/noelsdavid/airflow_venv/lib/python3.12/site-packages/airflow/example_dags/tutorial_dag.py took 0.107 seconds
[2026-05-18T06:13:16.709+0000] {processor.py:186} INFO - Started process (PID=7697) to work on /home/noelsdavid/airflow_venv/lib/python3.12/site-packages/airflow/example_dags/tutorial_dag.py
[2026-05-18T06:13:16.711+0000] {processor.py:914} INFO - Processing file /home/noelsdavid/airflow_venv/lib/python3.12/site-packages/airflow/example_dags/tutorial_dag.py for tasks to queue
[2026-05-18T06:13:16.715+0000] {logging_mixin.py:190} INFO - [2026-05-18T06:13:16.714+0000] {dagbag.py:588} INFO - Filling up the DagBag from /home/noelsdavid/airflow_venv/lib/python3.12/site-packages/airflow/example_dags/tutorial_dag.py
[2026-05-18T06:13:16.727+0000] {processor.py:925} INFO - DAG(s) 'tutorial_dag' retrieved from /home/noelsdavid/airflow_venv/lib/python3.12/site-packages/airflow/example_dags/tutorial_dag.py
[2026-05-18T06:13:16.749+0000] {logging_mixin.py:190} INFO - [2026-05-18T06:13:16.749+0000] {dag.py:3239} INFO - Sync 1 DAGs
[2026-05-18T06:13:16.766+0000] {logging_mixin.py:190} INFO - [2026-05-18T06:13:16.765+0000] {dag.py:4180} INFO - Setting next_dagrun for tutorial_dag to None, run_after=None
[2026-05-18T06:13:16.794+0000] {processor.py:208} INFO - Processing /home/noelsdavid/airflow_venv/lib/python3.12/site-packages/airflow/example_dags/tutorial_dag.py took 0.094 seconds
[2026-05-18T06:14:18.803+0000] {processor.py:186} INFO - Started process (PID=7757) to work on /home/noelsdavid/airflow_venv/lib/python3.12/site-packages/airflow/example_dags/tutorial_dag.py
[2026-05-18T06:14:18.806+0000] {processor.py:914} INFO - Processing file /home/noelsdavid/airflow_venv/lib/python3.12/site-packages/airflow/example_dags/tutorial_dag.py for tasks to queue
[2026-05-18T06:14:18.809+0000] {logging_mixin.py:190} INFO - [2026-05-18T06:14:18.809+0000] {dagbag.py:588} INFO - Filling up the DagBag from /home/noelsdavid/airflow_venv/lib/python3.12/site-packages/airflow/example_dags/tutorial_dag.py
[2026-05-18T06:14:18.821+0000] {processor.py:925} INFO - DAG(s) 'tutorial_dag' retrieved from /home/noelsdavid/airflow_venv/lib/python3.12/site-packages/airflow/example_dags/tutorial_dag.py
[2026-05-18T06:14:18.842+0000] {logging_mixin.py:190} INFO - [2026-05-18T06:14:18.842+0000] {dag.py:3239} INFO - Sync 1 DAGs
[2026-05-18T06:14:18.859+0000] {logging_mixin.py:190} INFO - [2026-05-18T06:14:18.859+0000] {dag.py:4180} INFO - Setting next_dagrun for tutorial_dag to None, run_after=None
[2026-05-18T06:14:18.891+0000] {processor.py:208} INFO - Processing /home/noelsdavid/airflow_venv/lib/python3.12/site-packages/airflow/example_dags/tutorial_dag.py took 0.096 seconds
[2026-05-18T06:15:21.207+0000] {processor.py:186} INFO - Started process (PID=7846) to work on /home/noelsdavid/airflow_venv/lib/python3.12/site-packages/airflow/example_dags/tutorial_dag.py
[2026-05-18T06:15:21.210+0000] {processor.py:914} INFO - Processing file /home/noelsdavid/airflow_venv/lib/python3.12/site-packages/airflow/example_dags/tutorial_dag.py for tasks to queue
[2026-05-18T06:15:21.213+0000] {logging_mixin.py:190} INFO - [2026-05-18T06:15:21.212+0000] {dagbag.py:588} INFO - Filling up the DagBag from /home/noelsdavid/airflow_venv/lib/python3.12/site-packages/airflow/example_dags/tutorial_dag.py
[2026-05-18T06:15:21.225+0000] {processor.py:925} INFO - DAG(s) 'tutorial_dag' retrieved from /home/noelsdavid/airflow_venv/lib/python3.12/site-packages/airflow/example_dags/tutorial_dag.py
[2026-05-18T06:15:21.248+0000] {logging_mixin.py:190} INFO - [2026-05-18T06:15:21.247+0000] {dag.py:3239} INFO - Sync 1 DAGs
[2026-05-18T06:15:21.266+0000] {logging_mixin.py:190} INFO - [2026-05-18T06:15:21.266+0000] {dag.py:4180} INFO - Setting next_dagrun for tutorial_dag to None, run_after=None
[2026-05-18T06:15:21.297+0000] {processor.py:208} INFO - Processing /home/noelsdavid/airflow_venv/lib/python3.12/site-packages/airflow/example_dags/tutorial_dag.py took 0.098 seconds
[2026-05-18T06:16:24.306+0000] {processor.py:186} INFO - Started process (PID=8044) to work on /home/noelsdavid/airflow_venv/lib/python3.12/site-packages/airflow/example_dags/tutorial_dag.py
[2026-05-18T06:16:24.324+0000] {processor.py:914} INFO - Processing file /home/noelsdavid/airflow_venv/lib/python3.12/site-packages/airflow/example_dags/tutorial_dag.py for tasks to queue
[2026-05-18T06:16:24.327+0000] {logging_mixin.py:190} INFO - [2026-05-18T06:16:24.327+0000] {dagbag.py:588} INFO - Filling up the DagBag from /home/noelsdavid/airflow_venv/lib/python3.12/site-packages/airflow/example_dags/tutorial_dag.py
[2026-05-18T06:16:24.340+0000] {processor.py:925} INFO - DAG(s) 'tutorial_dag' retrieved from /home/noelsdavid/airflow_venv/lib/python3.12/site-packages/airflow/example_dags/tutorial_dag.py
[2026-05-18T06:16:24.361+0000] {logging_mixin.py:190} INFO - [2026-05-18T06:16:24.361+0000] {dag.py:3239} INFO - Sync 1 DAGs
[2026-05-18T06:16:24.378+0000] {logging_mixin.py:190} INFO - [2026-05-18T06:16:24.378+0000] {dag.py:4180} INFO - Setting next_dagrun for tutorial_dag to None, run_after=None
[2026-05-18T06:16:24.408+0000] {processor.py:208} INFO - Processing /home/noelsdavid/airflow_venv/lib/python3.12/site-packages/airflow/example_dags/tutorial_dag.py took 0.110 seconds
[2026-05-18T06:17:28.211+0000] {processor.py:186} INFO - Started process (PID=8304) to work on /home/noelsdavid/airflow_venv/lib/python3.12/site-packages/airflow/example_dags/tutorial_dag.py
[2026-05-18T06:17:28.213+0000] {processor.py:914} INFO - Processing file /home/noelsdavid/airflow_venv/lib/python3.12/site-packages/airflow/example_dags/tutorial_dag.py for tasks to queue
[2026-05-18T06:17:28.217+0000] {logging_mixin.py:190} INFO - [2026-05-18T06:17:28.216+0000] {dagbag.py:588} INFO - Filling up the DagBag from /home/noelsdavid/airflow_venv/lib/python3.12/site-packages/airflow/example_dags/tutorial_dag.py
[2026-05-18T06:17:28.228+0000] {processor.py:925} INFO - DAG(s) 'tutorial_dag' retrieved from /home/noelsdavid/airflow_venv/lib/python3.12/site-packages/airflow/example_dags/tutorial_dag.py
[2026-05-18T06:17:28.249+0000] {logging_mixin.py:190} INFO - [2026-05-18T06:17:28.248+0000] {dag.py:3239} INFO - Sync 1 DAGs
[2026-05-18T06:17:28.265+0000] {logging_mixin.py:190} INFO - [2026-05-18T06:17:28.264+0000] {dag.py:4180} INFO - Setting next_dagrun for tutorial_dag to None, run_after=None
[2026-05-18T06:17:28.294+0000] {processor.py:208} INFO - Processing /home/noelsdavid/airflow_venv/lib/python3.12/site-packages/airflow/example_dags/tutorial_dag.py took 0.091 seconds
[2026-05-18T06:18:26.561+0000] {processor.py:186} INFO - Started process (PID=8471) to work on /home/noelsdavid/airflow_venv/lib/python3.12/site-packages/airflow/example_dags/tutorial_dag.py
[2026-05-18T06:18:26.563+0000] {processor.py:914} INFO - Processing file /home/noelsdavid/airflow_venv/lib/python3.12/site-packages/airflow/example_dags/tutorial_dag.py for tasks to queue
[2026-05-18T06:18:26.566+0000] {logging_mixin.py:190} INFO - [2026-05-18T06:18:26.565+0000] {dagbag.py:588} INFO - Filling up the DagBag from /home/noelsdavid/airflow_venv/lib/python3.12/site-packages/airflow/example_dags/tutorial_dag.py
[2026-05-18T06:18:26.578+0000] {processor.py:925} INFO - DAG(s) 'tutorial_dag' retrieved from /home/noelsdavid/airflow_venv/lib/python3.12/site-packages/airflow/example_dags/tutorial_dag.py
[2026-05-18T06:18:26.599+0000] {logging_mixin.py:190} INFO - [2026-05-18T06:18:26.599+0000] {dag.py:3239} INFO - Sync 1 DAGs
[2026-05-18T06:18:26.616+0000] {logging_mixin.py:190} INFO - [2026-05-18T06:18:26.616+0000] {dag.py:4180} INFO - Setting next_dagrun for tutorial_dag to None, run_after=None
[2026-05-18T06:18:26.647+0000] {processor.py:208} INFO - Processing /home/noelsdavid/airflow_venv/lib/python3.12/site-packages/airflow/example_dags/tutorial_dag.py took 0.094 seconds
[2026-05-18T06:19:25.637+0000] {processor.py:186} INFO - Started process (PID=8530) to work on /home/noelsdavid/airflow_venv/lib/python3.12/site-packages/airflow/example_dags/tutorial_dag.py
[2026-05-18T06:19:25.640+0000] {processor.py:914} INFO - Processing file /home/noelsdavid/airflow_venv/lib/python3.12/site-packages/airflow/example_dags/tutorial_dag.py for tasks to queue
[2026-05-18T06:19:25.645+0000] {logging_mixin.py:190} INFO - [2026-05-18T06:19:25.644+0000] {dagbag.py:588} INFO - Filling up the DagBag from /home/noelsdavid/airflow_venv/lib/python3.12/site-packages/airflow/example_dags/tutorial_dag.py
[2026-05-18T06:19:25.661+0000] {processor.py:925} INFO - DAG(s) 'tutorial_dag' retrieved from /home/noelsdavid/airflow_venv/lib/python3.12/site-packages/airflow/example_dags/tutorial_dag.py
[2026-05-18T06:19:25.692+0000] {logging_mixin.py:190} INFO - [2026-05-18T06:19:25.691+0000] {dag.py:3239} INFO - Sync 1 DAGs
[2026-05-18T06:19:25.716+0000] {logging_mixin.py:190} INFO - [2026-05-18T06:19:25.715+0000] {dag.py:4180} INFO - Setting next_dagrun for tutorial_dag to None, run_after=None
[2026-05-18T06:19:25.767+0000] {processor.py:208} INFO - Processing /home/noelsdavid/airflow_venv/lib/python3.12/site-packages/airflow/example_dags/tutorial_dag.py took 0.145 seconds
[2026-05-18T06:20:30.173+0000] {processor.py:186} INFO - Started process (PID=8617) to work on /home/noelsdavid/airflow_venv/lib/python3.12/site-packages/airflow/example_dags/tutorial_dag.py
[2026-05-18T06:20:30.207+0000] {processor.py:914} INFO - Processing file /home/noelsdavid/airflow_venv/lib/python3.12/site-packages/airflow/example_dags/tutorial_dag.py for tasks to queue
[2026-05-18T06:20:30.209+0000] {logging_mixin.py:190} INFO - [2026-05-18T06:20:30.208+0000] {dagbag.py:588} INFO - Filling up the DagBag from /home/noelsdavid/airflow_venv/lib/python3.12/site-packages/airflow/example_dags/tutorial_dag.py
[2026-05-18T06:20:30.221+0000] {processor.py:925} INFO - DAG(s) 'tutorial_dag' retrieved from /home/noelsdavid/airflow_venv/lib/python3.12/site-packages/airflow/example_dags/tutorial_dag.py
[2026-05-18T06:20:30.243+0000] {logging_mixin.py:190} INFO - [2026-05-18T06:20:30.243+0000] {dag.py:3239} INFO - Sync 1 DAGs
[2026-05-18T06:20:30.261+0000] {logging_mixin.py:190} INFO - [2026-05-18T06:20:30.261+0000] {dag.py:4180} INFO - Setting next_dagrun for tutorial_dag to None, run_after=None
[2026-05-18T06:20:30.293+0000] {processor.py:208} INFO - Processing /home/noelsdavid/airflow_venv/lib/python3.12/site-packages/airflow/example_dags/tutorial_dag.py took 0.129 seconds
[2026-05-18T06:21:33.835+0000] {processor.py:186} INFO - Started process (PID=8679) to work on /home/noelsdavid/airflow_venv/lib/python3.12/site-packages/airflow/example_dags/tutorial_dag.py
[2026-05-18T06:21:33.837+0000] {processor.py:914} INFO - Processing file /home/noelsdavid/airflow_venv/lib/python3.12/site-packages/airflow/example_dags/tutorial_dag.py for tasks to queue
[2026-05-18T06:21:33.839+0000] {logging_mixin.py:190} INFO - [2026-05-18T06:21:33.839+0000] {dagbag.py:588} INFO - Filling up the DagBag from /home/noelsdavid/airflow_venv/lib/python3.12/site-packages/airflow/example_dags/tutorial_dag.py
[2026-05-18T06:21:33.852+0000] {processor.py:925} INFO - DAG(s) 'tutorial_dag' retrieved from /home/noelsdavid/airflow_venv/lib/python3.12/site-packages/airflow/example_dags/tutorial_dag.py
[2026-05-18T06:21:33.874+0000] {logging_mixin.py:190} INFO - [2026-05-18T06:21:33.874+0000] {dag.py:3239} INFO - Sync 1 DAGs
[2026-05-18T06:21:33.892+0000] {logging_mixin.py:190} INFO - [2026-05-18T06:21:33.892+0000] {dag.py:4180} INFO - Setting next_dagrun for tutorial_dag to None, run_after=None
[2026-05-18T06:21:33.922+0000] {processor.py:208} INFO - Processing /home/noelsdavid/airflow_venv/lib/python3.12/site-packages/airflow/example_dags/tutorial_dag.py took 0.095 seconds
[2026-05-18T06:22:39.368+0000] {processor.py:186} INFO - Started process (PID=8742) to work on /home/noelsdavid/airflow_venv/lib/python3.12/site-packages/airflow/example_dags/tutorial_dag.py
[2026-05-18T06:22:39.370+0000] {processor.py:914} INFO - Processing file /home/noelsdavid/airflow_venv/lib/python3.12/site-packages/airflow/example_dags/tutorial_dag.py for tasks to queue
[2026-05-18T06:22:39.373+0000] {logging_mixin.py:190} INFO - [2026-05-18T06:22:39.372+0000] {dagbag.py:588} INFO - Filling up the DagBag from /home/noelsdavid/airflow_venv/lib/python3.12/site-packages/airflow/example_dags/tutorial_dag.py
[2026-05-18T06:22:39.385+0000] {processor.py:925} INFO - DAG(s) 'tutorial_dag' retrieved from /home/noelsdavid/airflow_venv/lib/python3.12/site-packages/airflow/example_dags/tutorial_dag.py
[2026-05-18T06:22:39.406+0000] {logging_mixin.py:190} INFO - [2026-05-18T06:22:39.406+0000] {dag.py:3239} INFO - Sync 1 DAGs
[2026-05-18T06:22:39.423+0000] {logging_mixin.py:190} INFO - [2026-05-18T06:22:39.423+0000] {dag.py:4180} INFO - Setting next_dagrun for tutorial_dag to None, run_after=None
[2026-05-18T06:22:39.454+0000] {processor.py:208} INFO - Processing /home/noelsdavid/airflow_venv/lib/python3.12/site-packages/airflow/example_dags/tutorial_dag.py took 0.093 seconds
[2026-05-18T06:23:42.347+0000] {processor.py:186} INFO - Started process (PID=8804) to work on /home/noelsdavid/airflow_venv/lib/python3.12/site-packages/airflow/example_dags/tutorial_dag.py
[2026-05-18T06:23:42.350+0000] {processor.py:914} INFO - Processing file /home/noelsdavid/airflow_venv/lib/python3.12/site-packages/airflow/example_dags/tutorial_dag.py for tasks to queue
[2026-05-18T06:23:42.352+0000] {logging_mixin.py:190} INFO - [2026-05-18T06:23:42.351+0000] {dagbag.py:588} INFO - Filling up the DagBag from /home/noelsdavid/airflow_venv/lib/python3.12/site-packages/airflow/example_dags/tutorial_dag.py
[2026-05-18T06:23:42.365+0000] {processor.py:925} INFO - DAG(s) 'tutorial_dag' retrieved from /home/noelsdavid/airflow_venv/lib/python3.12/site-packages/airflow/example_dags/tutorial_dag.py
[2026-05-18T06:23:42.388+0000] {logging_mixin.py:190} INFO - [2026-05-18T06:23:42.388+0000] {dag.py:3239} INFO - Sync 1 DAGs
[2026-05-18T06:23:42.406+0000] {logging_mixin.py:190} INFO - [2026-05-18T06:23:42.406+0000] {dag.py:4180} INFO - Setting next_dagrun for tutorial_dag to None, run_after=None
[2026-05-18T06:23:42.439+0000] {processor.py:208} INFO - Processing /home/noelsdavid/airflow_venv/lib/python3.12/site-packages/airflow/example_dags/tutorial_dag.py took 0.100 seconds
[2026-05-18T06:24:49.608+0000] {processor.py:186} INFO - Started process (PID=8868) to work on /home/noelsdavid/airflow_venv/lib/python3.12/site-packages/airflow/example_dags/tutorial_dag.py
[2026-05-18T06:24:49.611+0000] {processor.py:914} INFO - Processing file /home/noelsdavid/airflow_venv/lib/python3.12/site-packages/airflow/example_dags/tutorial_dag.py for tasks to queue
[2026-05-18T06:24:49.613+0000] {logging_mixin.py:190} INFO - [2026-05-18T06:24:49.612+0000] {dagbag.py:588} INFO - Filling up the DagBag from /home/noelsdavid/airflow_venv/lib/python3.12/site-packages/airflow/example_dags/tutorial_dag.py
[2026-05-18T06:24:49.627+0000] {processor.py:925} INFO - DAG(s) 'tutorial_dag' retrieved from /home/noelsdavid/airflow_venv/lib/python3.12/site-packages/airflow/example_dags/tutorial_dag.py
[2026-05-18T06:24:49.652+0000] {logging_mixin.py:190} INFO - [2026-05-18T06:24:49.652+0000] {dag.py:3239} INFO - Sync 1 DAGs
[2026-05-18T06:24:49.669+0000] {logging_mixin.py:190} INFO - [2026-05-18T06:24:49.669+0000] {dag.py:4180} INFO - Setting next_dagrun for tutorial_dag to None, run_after=None
[2026-05-18T06:24:49.716+0000] {processor.py:208} INFO - Processing /home/noelsdavid/airflow_venv/lib/python3.12/site-packages/airflow/example_dags/tutorial_dag.py took 0.116 seconds
[2026-05-18T06:25:55.152+0000] {processor.py:186} INFO - Started process (PID=8953) to work on /home/noelsdavid/airflow_venv/lib/python3.12/site-packages/airflow/example_dags/tutorial_dag.py
[2026-05-18T06:25:55.154+0000] {processor.py:914} INFO - Processing file /home/noelsdavid/airflow_venv/lib/python3.12/site-packages/airflow/example_dags/tutorial_dag.py for tasks to queue
[2026-05-18T06:25:55.156+0000] {logging_mixin.py:190} INFO - [2026-05-18T06:25:55.156+0000] {dagbag.py:588} INFO - Filling up the DagBag from /home/noelsdavid/airflow_venv/lib/python3.12/site-packages/airflow/example_dags/tutorial_dag.py
[2026-05-18T06:25:55.168+0000] {processor.py:925} INFO - DAG(s) 'tutorial_dag' retrieved from /home/noelsdavid/airflow_venv/lib/python3.12/site-packages/airflow/example_dags/tutorial_dag.py
[2026-05-18T06:25:55.202+0000] {logging_mixin.py:190} INFO - [2026-05-18T06:25:55.202+0000] {dag.py:3239} INFO - Sync 1 DAGs
[2026-05-18T06:25:55.233+0000] {logging_mixin.py:190} INFO - [2026-05-18T06:25:55.232+0000] {dag.py:4180} INFO - Setting next_dagrun for tutorial_dag to None, run_after=None
[2026-05-18T06:25:55.277+0000] {processor.py:208} INFO - Processing /home/noelsdavid/airflow_venv/lib/python3.12/site-packages/airflow/example_dags/tutorial_dag.py took 0.132 seconds
[2026-05-18T06:26:58.763+0000] {processor.py:186} INFO - Started process (PID=9177) to work on /home/noelsdavid/airflow_venv/lib/python3.12/site-packages/airflow/example_dags/tutorial_dag.py
[2026-05-18T06:26:58.765+0000] {processor.py:914} INFO - Processing file /home/noelsdavid/airflow_venv/lib/python3.12/site-packages/airflow/example_dags/tutorial_dag.py for tasks to queue
[2026-05-18T06:26:58.767+0000] {logging_mixin.py:190} INFO - [2026-05-18T06:26:58.767+0000] {dagbag.py:588} INFO - Filling up the DagBag from /home/noelsdavid/airflow_venv/lib/python3.12/site-packages/airflow/example_dags/tutorial_dag.py
[2026-05-18T06:26:58.778+0000] {processor.py:925} INFO - DAG(s) 'tutorial_dag' retrieved from /home/noelsdavid/airflow_venv/lib/python3.12/site-packages/airflow/example_dags/tutorial_dag.py
[2026-05-18T06:26:58.801+0000] {logging_mixin.py:190} INFO - [2026-05-18T06:26:58.800+0000] {dag.py:3239} INFO - Sync 1 DAGs
[2026-05-18T06:26:58.818+0000] {logging_mixin.py:190} INFO - [2026-05-18T06:26:58.818+0000] {dag.py:4180} INFO - Setting next_dagrun for tutorial_dag to None, run_after=None
[2026-05-18T06:26:58.849+0000] {processor.py:208} INFO - Processing /home/noelsdavid/airflow_venv/lib/python3.12/site-packages/airflow/example_dags/tutorial_dag.py took 0.094 seconds
[2026-05-18T06:27:47.314+0000] {processor.py:186} INFO - Started process (PID=9598) to work on /home/noelsdavid/airflow_venv/lib/python3.12/site-packages/airflow/example_dags/tutorial_dag.py
[2026-05-18T06:27:47.316+0000] {processor.py:914} INFO - Processing file /home/noelsdavid/airflow_venv/lib/python3.12/site-packages/airflow/example_dags/tutorial_dag.py for tasks to queue
[2026-05-18T06:27:47.318+0000] {logging_mixin.py:190} INFO - [2026-05-18T06:27:47.318+0000] {dagbag.py:588} INFO - Filling up the DagBag from /home/noelsdavid/airflow_venv/lib/python3.12/site-packages/airflow/example_dags/tutorial_dag.py
[2026-05-18T06:27:47.330+0000] {processor.py:925} INFO - DAG(s) 'tutorial_dag' retrieved from /home/noelsdavid/airflow_venv/lib/python3.12/site-packages/airflow/example_dags/tutorial_dag.py
[2026-05-18T06:27:47.352+0000] {logging_mixin.py:190} INFO - [2026-05-18T06:27:47.351+0000] {dag.py:3239} INFO - Sync 1 DAGs
[2026-05-18T06:27:47.368+0000] {logging_mixin.py:190} INFO - [2026-05-18T06:27:47.368+0000] {dag.py:4180} INFO - Setting next_dagrun for tutorial_dag to None, run_after=None
[2026-05-18T06:27:47.398+0000] {processor.py:208} INFO - Processing /home/noelsdavid/airflow_venv/lib/python3.12/site-packages/airflow/example_dags/tutorial_dag.py took 0.092 seconds
[2026-05-18T06:28:27.881+0000] {processor.py:186} INFO - Started process (PID=9719) to work on /home/noelsdavid/airflow_venv/lib/python3.12/site-packages/airflow/example_dags/tutorial_dag.py
[2026-05-18T06:28:27.883+0000] {processor.py:914} INFO - Processing file /home/noelsdavid/airflow_venv/lib/python3.12/site-packages/airflow/example_dags/tutorial_dag.py for tasks to queue
[2026-05-18T06:28:27.885+0000] {logging_mixin.py:190} INFO - [2026-05-18T06:28:27.885+0000] {dagbag.py:588} INFO - Filling up the DagBag from /home/noelsdavid/airflow_venv/lib/python3.12/site-packages/airflow/example_dags/tutorial_dag.py
[2026-05-18T06:28:27.898+0000] {processor.py:925} INFO - DAG(s) 'tutorial_dag' retrieved from /home/noelsdavid/airflow_venv/lib/python3.12/site-packages/airflow/example_dags/tutorial_dag.py
[2026-05-18T06:28:27.922+0000] {logging_mixin.py:190} INFO - [2026-05-18T06:28:27.921+0000] {dag.py:3239} INFO - Sync 1 DAGs
[2026-05-18T06:28:27.941+0000] {logging_mixin.py:190} INFO - [2026-05-18T06:28:27.941+0000] {dag.py:4180} INFO - Setting next_dagrun for tutorial_dag to None, run_after=None
[2026-05-18T06:28:27.976+0000] {processor.py:208} INFO - Processing /home/noelsdavid/airflow_venv/lib/python3.12/site-packages/airflow/example_dags/tutorial_dag.py took 0.104 seconds
[2026-05-18T06:29:36.153+0000] {processor.py:186} INFO - Started process (PID=9782) to work on /home/noelsdavid/airflow_venv/lib/python3.12/site-packages/airflow/example_dags/tutorial_dag.py
[2026-05-18T06:29:36.155+0000] {processor.py:914} INFO - Processing file /home/noelsdavid/airflow_venv/lib/python3.12/site-packages/airflow/example_dags/tutorial_dag.py for tasks to queue
[2026-05-18T06:29:36.157+0000] {logging_mixin.py:190} INFO - [2026-05-18T06:29:36.157+0000] {dagbag.py:588} INFO - Filling up the DagBag from /home/noelsdavid/airflow_venv/lib/python3.12/site-packages/airflow/example_dags/tutorial_dag.py
[2026-05-18T06:29:36.169+0000] {processor.py:925} INFO - DAG(s) 'tutorial_dag' retrieved from /home/noelsdavid/airflow_venv/lib/python3.12/site-packages/airflow/example_dags/tutorial_dag.py
[2026-05-18T06:29:36.189+0000] {logging_mixin.py:190} INFO - [2026-05-18T06:29:36.189+0000] {dag.py:3239} INFO - Sync 1 DAGs
[2026-05-18T06:29:36.207+0000] {logging_mixin.py:190} INFO - [2026-05-18T06:29:36.207+0000] {dag.py:4180} INFO - Setting next_dagrun for tutorial_dag to None, run_after=None
[2026-05-18T06:29:36.238+0000] {processor.py:208} INFO - Processing /home/noelsdavid/airflow_venv/lib/python3.12/site-packages/airflow/example_dags/tutorial_dag.py took 0.093 seconds
[2026-05-18T06:30:40.985+0000] {processor.py:186} INFO - Started process (PID=9869) to work on /home/noelsdavid/airflow_venv/lib/python3.12/site-packages/airflow/example_dags/tutorial_dag.py
[2026-05-18T06:30:40.988+0000] {processor.py:914} INFO - Processing file /home/noelsdavid/airflow_venv/lib/python3.12/site-packages/airflow/example_dags/tutorial_dag.py for tasks to queue
[2026-05-18T06:30:40.990+0000] {logging_mixin.py:190} INFO - [2026-05-18T06:30:40.989+0000] {dagbag.py:588} INFO - Filling up the DagBag from /home/noelsdavid/airflow_venv/lib/python3.12/site-packages/airflow/example_dags/tutorial_dag.py
[2026-05-18T06:30:41.002+0000] {processor.py:925} INFO - DAG(s) 'tutorial_dag' retrieved from /home/noelsdavid/airflow_venv/lib/python3.12/site-packages/airflow/example_dags/tutorial_dag.py
[2026-05-18T06:30:41.023+0000] {logging_mixin.py:190} INFO - [2026-05-18T06:30:41.023+0000] {dag.py:3239} INFO - Sync 1 DAGs
[2026-05-18T06:30:41.041+0000] {logging_mixin.py:190} INFO - [2026-05-18T06:30:41.041+0000] {dag.py:4180} INFO - Setting next_dagrun for tutorial_dag to None, run_after=None
[2026-05-18T06:30:41.077+0000] {processor.py:208} INFO - Processing /home/noelsdavid/airflow_venv/lib/python3.12/site-packages/airflow/example_dags/tutorial_dag.py took 0.100 seconds
[2026-05-18T06:31:46.272+0000] {processor.py:186} INFO - Started process (PID=9932) to work on /home/noelsdavid/airflow_venv/lib/python3.12/site-packages/airflow/example_dags/tutorial_dag.py
[2026-05-18T06:31:46.274+0000] {processor.py:914} INFO - Processing file /home/noelsdavid/airflow_venv/lib/python3.12/site-packages/airflow/example_dags/tutorial_dag.py for tasks to queue
[2026-05-18T06:31:46.276+0000] {logging_mixin.py:190} INFO - [2026-05-18T06:31:46.276+0000] {dagbag.py:588} INFO - Filling up the DagBag from /home/noelsdavid/airflow_venv/lib/python3.12/site-packages/airflow/example_dags/tutorial_dag.py
[2026-05-18T06:31:46.289+0000] {processor.py:925} INFO - DAG(s) 'tutorial_dag' retrieved from /home/noelsdavid/airflow_venv/lib/python3.12/site-packages/airflow/example_dags/tutorial_dag.py
[2026-05-18T06:31:46.310+0000] {logging_mixin.py:190} INFO - [2026-05-18T06:31:46.310+0000] {dag.py:3239} INFO - Sync 1 DAGs
[2026-05-18T06:31:46.328+0000] {logging_mixin.py:190} INFO - [2026-05-18T06:31:46.328+0000] {dag.py:4180} INFO - Setting next_dagrun for tutorial_dag to None, run_after=None
[2026-05-18T06:31:46.359+0000] {processor.py:208} INFO - Processing /home/noelsdavid/airflow_venv/lib/python3.12/site-packages/airflow/example_dags/tutorial_dag.py took 0.095 seconds
[2026-05-18T06:32:45.057+0000] {processor.py:186} INFO - Started process (PID=9992) to work on /home/noelsdavid/airflow_venv/lib/python3.12/site-packages/airflow/example_dags/tutorial_dag.py
[2026-05-18T06:32:45.059+0000] {processor.py:914} INFO - Processing file /home/noelsdavid/airflow_venv/lib/python3.12/site-packages/airflow/example_dags/tutorial_dag.py for tasks to queue
[2026-05-18T06:32:45.061+0000] {logging_mixin.py:190} INFO - [2026-05-18T06:32:45.061+0000] {dagbag.py:588} INFO - Filling up the DagBag from /home/noelsdavid/airflow_venv/lib/python3.12/site-packages/airflow/example_dags/tutorial_dag.py
[2026-05-18T06:32:45.073+0000] {processor.py:925} INFO - DAG(s) 'tutorial_dag' retrieved from /home/noelsdavid/airflow_venv/lib/python3.12/site-packages/airflow/example_dags/tutorial_dag.py
[2026-05-18T06:32:45.094+0000] {logging_mixin.py:190} INFO - [2026-05-18T06:32:45.094+0000] {dag.py:3239} INFO - Sync 1 DAGs
[2026-05-18T06:32:45.112+0000] {logging_mixin.py:190} INFO - [2026-05-18T06:32:45.112+0000] {dag.py:4180} INFO - Setting next_dagrun for tutorial_dag to None, run_after=None
[2026-05-18T06:32:45.144+0000] {processor.py:208} INFO - Processing /home/noelsdavid/airflow_venv/lib/python3.12/site-packages/airflow/example_dags/tutorial_dag.py took 0.096 seconds
[2026-05-18T06:33:50.485+0000] {processor.py:186} INFO - Started process (PID=10062) to work on /home/noelsdavid/airflow_venv/lib/python3.12/site-packages/airflow/example_dags/tutorial_dag.py
[2026-05-18T06:33:50.487+0000] {processor.py:914} INFO - Processing file /home/noelsdavid/airflow_venv/lib/python3.12/site-packages/airflow/example_dags/tutorial_dag.py for tasks to queue
[2026-05-18T06:33:50.489+0000] {logging_mixin.py:190} INFO - [2026-05-18T06:33:50.489+0000] {dagbag.py:588} INFO - Filling up the DagBag from /home/noelsdavid/airflow_venv/lib/python3.12/site-packages/airflow/example_dags/tutorial_dag.py
[2026-05-18T06:33:50.502+0000] {processor.py:925} INFO - DAG(s) 'tutorial_dag' retrieved from /home/noelsdavid/airflow_venv/lib/python3.12/site-packages/airflow/example_dags/tutorial_dag.py
[2026-05-18T06:33:50.524+0000] {logging_mixin.py:190} INFO - [2026-05-18T06:33:50.524+0000] {dag.py:3239} INFO - Sync 1 DAGs
[2026-05-18T06:33:50.542+0000] {logging_mixin.py:190} INFO - [2026-05-18T06:33:50.542+0000] {dag.py:4180} INFO - Setting next_dagrun for tutorial_dag to None, run_after=None
[2026-05-18T06:33:50.578+0000] {processor.py:208} INFO - Processing /home/noelsdavid/airflow_venv/lib/python3.12/site-packages/airflow/example_dags/tutorial_dag.py took 0.102 seconds
[2026-05-18T06:34:54.647+0000] {processor.py:186} INFO - Started process (PID=10249) to work on /home/noelsdavid/airflow_venv/lib/python3.12/site-packages/airflow/example_dags/tutorial_dag.py
[2026-05-18T06:34:54.651+0000] {processor.py:914} INFO - Processing file /home/noelsdavid/airflow_venv/lib/python3.12/site-packages/airflow/example_dags/tutorial_dag.py for tasks to queue
[2026-05-18T06:34:54.653+0000] {logging_mixin.py:190} INFO - [2026-05-18T06:34:54.652+0000] {dagbag.py:588} INFO - Filling up the DagBag from /home/noelsdavid/airflow_venv/lib/python3.12/site-packages/airflow/example_dags/tutorial_dag.py
[2026-05-18T06:34:54.665+0000] {processor.py:925} INFO - DAG(s) 'tutorial_dag' retrieved from /home/noelsdavid/airflow_venv/lib/python3.12/site-packages/airflow/example_dags/tutorial_dag.py
[2026-05-18T06:34:54.687+0000] {logging_mixin.py:190} INFO - [2026-05-18T06:34:54.686+0000] {dag.py:3239} INFO - Sync 1 DAGs
[2026-05-18T06:34:54.705+0000] {logging_mixin.py:190} INFO - [2026-05-18T06:34:54.704+0000] {dag.py:4180} INFO - Setting next_dagrun for tutorial_dag to None, run_after=None
[2026-05-18T06:34:54.736+0000] {processor.py:208} INFO - Processing /home/noelsdavid/airflow_venv/lib/python3.12/site-packages/airflow/example_dags/tutorial_dag.py took 0.097 seconds
[2026-05-18T06:36:00.421+0000] {processor.py:186} INFO - Started process (PID=10429) to work on /home/noelsdavid/airflow_venv/lib/python3.12/site-packages/airflow/example_dags/tutorial_dag.py
[2026-05-18T06:36:00.433+0000] {processor.py:914} INFO - Processing file /home/noelsdavid/airflow_venv/lib/python3.12/site-packages/airflow/example_dags/tutorial_dag.py for tasks to queue
[2026-05-18T06:36:00.435+0000] {logging_mixin.py:190} INFO - [2026-05-18T06:36:00.434+0000] {dagbag.py:588} INFO - Filling up the DagBag from /home/noelsdavid/airflow_venv/lib/python3.12/site-packages/airflow/example_dags/tutorial_dag.py
[2026-05-18T06:36:00.447+0000] {processor.py:925} INFO - DAG(s) 'tutorial_dag' retrieved from /home/noelsdavid/airflow_venv/lib/python3.12/site-packages/airflow/example_dags/tutorial_dag.py
[2026-05-18T06:36:00.468+0000] {logging_mixin.py:190} INFO - [2026-05-18T06:36:00.468+0000] {dag.py:3239} INFO - Sync 1 DAGs
[2026-05-18T06:36:00.485+0000] {logging_mixin.py:190} INFO - [2026-05-18T06:36:00.485+0000] {dag.py:4180} INFO - Setting next_dagrun for tutorial_dag to None, run_after=None
[2026-05-18T06:36:00.516+0000] {processor.py:208} INFO - Processing /home/noelsdavid/airflow_venv/lib/python3.12/site-packages/airflow/example_dags/tutorial_dag.py took 0.103 seconds
[2026-05-18T06:37:00.138+0000] {processor.py:186} INFO - Started process (PID=10692) to work on /home/noelsdavid/airflow_venv/lib/python3.12/site-packages/airflow/example_dags/tutorial_dag.py
[2026-05-18T06:37:00.140+0000] {processor.py:914} INFO - Processing file /home/noelsdavid/airflow_venv/lib/python3.12/site-packages/airflow/example_dags/tutorial_dag.py for tasks to queue
[2026-05-18T06:37:00.142+0000] {logging_mixin.py:190} INFO - [2026-05-18T06:37:00.141+0000] {dagbag.py:588} INFO - Filling up the DagBag from /home/noelsdavid/airflow_venv/lib/python3.12/site-packages/airflow/example_dags/tutorial_dag.py
[2026-05-18T06:37:00.154+0000] {processor.py:925} INFO - DAG(s) 'tutorial_dag' retrieved from /home/noelsdavid/airflow_venv/lib/python3.12/site-packages/airflow/example_dags/tutorial_dag.py
[2026-05-18T06:37:00.176+0000] {logging_mixin.py:190} INFO - [2026-05-18T06:37:00.175+0000] {dag.py:3239} INFO - Sync 1 DAGs
[2026-05-18T06:37:00.193+0000] {logging_mixin.py:190} INFO - [2026-05-18T06:37:00.193+0000] {dag.py:4180} INFO - Setting next_dagrun for tutorial_dag to None, run_after=None
[2026-05-18T06:37:00.223+0000] {processor.py:208} INFO - Processing /home/noelsdavid/airflow_venv/lib/python3.12/site-packages/airflow/example_dags/tutorial_dag.py took 0.093 seconds
[2026-05-18T06:38:08.827+0000] {processor.py:186} INFO - Started process (PID=10962) to work on /home/noelsdavid/airflow_venv/lib/python3.12/site-packages/airflow/example_dags/tutorial_dag.py
[2026-05-18T06:38:08.829+0000] {processor.py:914} INFO - Processing file /home/noelsdavid/airflow_venv/lib/python3.12/site-packages/airflow/example_dags/tutorial_dag.py for tasks to queue
[2026-05-18T06:38:08.831+0000] {logging_mixin.py:190} INFO - [2026-05-18T06:38:08.830+0000] {dagbag.py:588} INFO - Filling up the DagBag from /home/noelsdavid/airflow_venv/lib/python3.12/site-packages/airflow/example_dags/tutorial_dag.py
[2026-05-18T06:38:08.843+0000] {processor.py:925} INFO - DAG(s) 'tutorial_dag' retrieved from /home/noelsdavid/airflow_venv/lib/python3.12/site-packages/airflow/example_dags/tutorial_dag.py
[2026-05-18T06:38:08.864+0000] {logging_mixin.py:190} INFO - [2026-05-18T06:38:08.864+0000] {dag.py:3239} INFO - Sync 1 DAGs
[2026-05-18T06:38:08.881+0000] {logging_mixin.py:190} INFO - [2026-05-18T06:38:08.881+0000] {dag.py:4180} INFO - Setting next_dagrun for tutorial_dag to None, run_after=None
[2026-05-18T06:38:08.909+0000] {processor.py:208} INFO - Processing /home/noelsdavid/airflow_venv/lib/python3.12/site-packages/airflow/example_dags/tutorial_dag.py took 0.090 seconds
[2026-05-18T06:39:11.587+0000] {processor.py:186} INFO - Started process (PID=11266) to work on /home/noelsdavid/airflow_venv/lib/python3.12/site-packages/airflow/example_dags/tutorial_dag.py
[2026-05-18T06:39:11.589+0000] {processor.py:914} INFO - Processing file /home/noelsdavid/airflow_venv/lib/python3.12/site-packages/airflow/example_dags/tutorial_dag.py for tasks to queue
[2026-05-18T06:39:11.591+0000] {logging_mixin.py:190} INFO - [2026-05-18T06:39:11.591+0000] {dagbag.py:588} INFO - Filling up the DagBag from /home/noelsdavid/airflow_venv/lib/python3.12/site-packages/airflow/example_dags/tutorial_dag.py
[2026-05-18T06:39:11.603+0000] {processor.py:925} INFO - DAG(s) 'tutorial_dag' retrieved from /home/noelsdavid/airflow_venv/lib/python3.12/site-packages/airflow/example_dags/tutorial_dag.py
[2026-05-18T06:39:11.628+0000] {logging_mixin.py:190} INFO - [2026-05-18T06:39:11.628+0000] {dag.py:3239} INFO - Sync 1 DAGs
[2026-05-18T06:39:11.656+0000] {logging_mixin.py:190} INFO - [2026-05-18T06:39:11.656+0000] {dag.py:4180} INFO - Setting next_dagrun for tutorial_dag to None, run_after=None
[2026-05-18T06:39:11.702+0000] {processor.py:208} INFO - Processing /home/noelsdavid/airflow_venv/lib/python3.12/site-packages/airflow/example_dags/tutorial_dag.py took 0.123 seconds
[2026-05-18T06:40:19.598+0000] {processor.py:186} INFO - Started process (PID=11545) to work on /home/noelsdavid/airflow_venv/lib/python3.12/site-packages/airflow/example_dags/tutorial_dag.py
[2026-05-18T06:40:19.602+0000] {processor.py:914} INFO - Processing file /home/noelsdavid/airflow_venv/lib/python3.12/site-packages/airflow/example_dags/tutorial_dag.py for tasks to queue
[2026-05-18T06:40:19.604+0000] {logging_mixin.py:190} INFO - [2026-05-18T06:40:19.604+0000] {dagbag.py:588} INFO - Filling up the DagBag from /home/noelsdavid/airflow_venv/lib/python3.12/site-packages/airflow/example_dags/tutorial_dag.py
[2026-05-18T06:40:19.626+0000] {processor.py:925} INFO - DAG(s) 'tutorial_dag' retrieved from /home/noelsdavid/airflow_venv/lib/python3.12/site-packages/airflow/example_dags/tutorial_dag.py
[2026-05-18T06:40:19.652+0000] {logging_mixin.py:190} INFO - [2026-05-18T06:40:19.652+0000] {dag.py:3239} INFO - Sync 1 DAGs
[2026-05-18T06:40:19.673+0000] {logging_mixin.py:190} INFO - [2026-05-18T06:40:19.672+0000] {dag.py:4180} INFO - Setting next_dagrun for tutorial_dag to None, run_after=None
[2026-05-18T06:40:19.708+0000] {processor.py:208} INFO - Processing /home/noelsdavid/airflow_venv/lib/python3.12/site-packages/airflow/example_dags/tutorial_dag.py took 0.119 seconds
[2026-05-18T06:41:32.443+0000] {processor.py:186} INFO - Started process (PID=12180) to work on /home/noelsdavid/airflow_venv/lib/python3.12/site-packages/airflow/example_dags/tutorial_dag.py
[2026-05-18T06:41:32.465+0000] {processor.py:914} INFO - Processing file /home/noelsdavid/airflow_venv/lib/python3.12/site-packages/airflow/example_dags/tutorial_dag.py for tasks to queue
[2026-05-18T06:41:32.467+0000] {logging_mixin.py:190} INFO - [2026-05-18T06:41:32.467+0000] {dagbag.py:588} INFO - Filling up the DagBag from /home/noelsdavid/airflow_venv/lib/python3.12/site-packages/airflow/example_dags/tutorial_dag.py
[2026-05-18T06:41:32.481+0000] {processor.py:925} INFO - DAG(s) 'tutorial_dag' retrieved from /home/noelsdavid/airflow_venv/lib/python3.12/site-packages/airflow/example_dags/tutorial_dag.py
[2026-05-18T06:41:32.506+0000] {logging_mixin.py:190} INFO - [2026-05-18T06:41:32.505+0000] {dag.py:3239} INFO - Sync 1 DAGs
[2026-05-18T06:41:32.528+0000] {logging_mixin.py:190} INFO - [2026-05-18T06:41:32.528+0000] {dag.py:4180} INFO - Setting next_dagrun for tutorial_dag to None, run_after=None
[2026-05-18T06:41:32.579+0000] {processor.py:208} INFO - Processing /home/noelsdavid/airflow_venv/lib/python3.12/site-packages/airflow/example_dags/tutorial_dag.py took 0.145 seconds
[2026-05-18T06:42:44.885+0000] {processor.py:186} INFO - Started process (PID=12551) to work on /home/noelsdavid/airflow_venv/lib/python3.12/site-packages/airflow/example_dags/tutorial_dag.py
[2026-05-18T06:42:44.907+0000] {processor.py:914} INFO - Processing file /home/noelsdavid/airflow_venv/lib/python3.12/site-packages/airflow/example_dags/tutorial_dag.py for tasks to queue
[2026-05-18T06:42:44.909+0000] {logging_mixin.py:190} INFO - [2026-05-18T06:42:44.908+0000] {dagbag.py:588} INFO - Filling up the DagBag from /home/noelsdavid/airflow_venv/lib/python3.12/site-packages/airflow/example_dags/tutorial_dag.py
[2026-05-18T06:42:44.923+0000] {processor.py:925} INFO - DAG(s) 'tutorial_dag' retrieved from /home/noelsdavid/airflow_venv/lib/python3.12/site-packages/airflow/example_dags/tutorial_dag.py
[2026-05-18T06:42:44.944+0000] {logging_mixin.py:190} INFO - [2026-05-18T06:42:44.944+0000] {dag.py:3239} INFO - Sync 1 DAGs
[2026-05-18T06:42:44.961+0000] {logging_mixin.py:190} INFO - [2026-05-18T06:42:44.961+0000] {dag.py:4180} INFO - Setting next_dagrun for tutorial_dag to None, run_after=None
[2026-05-18T06:42:44.995+0000] {processor.py:208} INFO - Processing /home/noelsdavid/airflow_venv/lib/python3.12/site-packages/airflow/example_dags/tutorial_dag.py took 0.119 seconds
[2026-05-18T06:44:19.224+0000] {processor.py:186} INFO - Started process (PID=13036) to work on /home/noelsdavid/airflow_venv/lib/python3.12/site-packages/airflow/example_dags/tutorial_dag.py
[2026-05-18T06:44:19.236+0000] {processor.py:914} INFO - Processing file /home/noelsdavid/airflow_venv/lib/python3.12/site-packages/airflow/example_dags/tutorial_dag.py for tasks to queue
[2026-05-18T06:44:19.239+0000] {logging_mixin.py:190} INFO - [2026-05-18T06:44:19.238+0000] {dagbag.py:588} INFO - Filling up the DagBag from /home/noelsdavid/airflow_venv/lib/python3.12/site-packages/airflow/example_dags/tutorial_dag.py
[2026-05-18T06:44:19.250+0000] {processor.py:925} INFO - DAG(s) 'tutorial_dag' retrieved from /home/noelsdavid/airflow_venv/lib/python3.12/site-packages/airflow/example_dags/tutorial_dag.py
[2026-05-18T06:44:19.272+0000] {logging_mixin.py:190} INFO - [2026-05-18T06:44:19.272+0000] {dag.py:3239} INFO - Sync 1 DAGs
[2026-05-18T06:44:19.290+0000] {logging_mixin.py:190} INFO - [2026-05-18T06:44:19.290+0000] {dag.py:4180} INFO - Setting next_dagrun for tutorial_dag to None, run_after=None
[2026-05-18T06:44:19.322+0000] {processor.py:208} INFO - Processing /home/noelsdavid/airflow_venv/lib/python3.12/site-packages/airflow/example_dags/tutorial_dag.py took 0.108 seconds
[2026-05-18T06:45:02.639+0000] {processor.py:186} INFO - Started process (PID=13080) to work on /home/noelsdavid/airflow_venv/lib/python3.12/site-packages/airflow/example_dags/tutorial_dag.py
[2026-05-18T06:45:02.643+0000] {processor.py:914} INFO - Processing file /home/noelsdavid/airflow_venv/lib/python3.12/site-packages/airflow/example_dags/tutorial_dag.py for tasks to queue
[2026-05-18T06:45:02.647+0000] {logging_mixin.py:190} INFO - [2026-05-18T06:45:02.646+0000] {dagbag.py:588} INFO - Filling up the DagBag from /home/noelsdavid/airflow_venv/lib/python3.12/site-packages/airflow/example_dags/tutorial_dag.py
[2026-05-18T06:45:02.659+0000] {processor.py:925} INFO - DAG(s) 'tutorial_dag' retrieved from /home/noelsdavid/airflow_venv/lib/python3.12/site-packages/airflow/example_dags/tutorial_dag.py
[2026-05-18T06:45:02.697+0000] {logging_mixin.py:190} INFO - [2026-05-18T06:45:02.697+0000] {dag.py:3239} INFO - Sync 1 DAGs
[2026-05-18T06:45:02.720+0000] {logging_mixin.py:190} INFO - [2026-05-18T06:45:02.719+0000] {dag.py:4180} INFO - Setting next_dagrun for tutorial_dag to None, run_after=None
[2026-05-18T06:45:02.759+0000] {processor.py:208} INFO - Processing /home/noelsdavid/airflow_venv/lib/python3.12/site-packages/airflow/example_dags/tutorial_dag.py took 0.132 seconds
[2026-05-18T06:46:13.930+0000] {processor.py:186} INFO - Started process (PID=13182) to work on /home/noelsdavid/airflow_venv/lib/python3.12/site-packages/airflow/example_dags/tutorial_dag.py
[2026-05-18T06:46:13.952+0000] {processor.py:914} INFO - Processing file /home/noelsdavid/airflow_venv/lib/python3.12/site-packages/airflow/example_dags/tutorial_dag.py for tasks to queue
[2026-05-18T06:46:13.955+0000] {logging_mixin.py:190} INFO - [2026-05-18T06:46:13.954+0000] {dagbag.py:588} INFO - Filling up the DagBag from /home/noelsdavid/airflow_venv/lib/python3.12/site-packages/airflow/example_dags/tutorial_dag.py
[2026-05-18T06:46:13.968+0000] {processor.py:925} INFO - DAG(s) 'tutorial_dag' retrieved from /home/noelsdavid/airflow_venv/lib/python3.12/site-packages/airflow/example_dags/tutorial_dag.py
[2026-05-18T06:46:13.992+0000] {logging_mixin.py:190} INFO - [2026-05-18T06:46:13.992+0000] {dag.py:3239} INFO - Sync 1 DAGs
[2026-05-18T06:46:14.012+0000] {logging_mixin.py:190} INFO - [2026-05-18T06:46:14.012+0000] {dag.py:4180} INFO - Setting next_dagrun for tutorial_dag to None, run_after=None
[2026-05-18T06:46:14.047+0000] {processor.py:208} INFO - Processing /home/noelsdavid/airflow_venv/lib/python3.12/site-packages/airflow/example_dags/tutorial_dag.py took 0.128 seconds
[2026-05-18T06:47:21.255+0000] {processor.py:186} INFO - Started process (PID=13258) to work on /home/noelsdavid/airflow_venv/lib/python3.12/site-packages/airflow/example_dags/tutorial_dag.py
[2026-05-18T06:47:21.274+0000] {processor.py:914} INFO - Processing file /home/noelsdavid/airflow_venv/lib/python3.12/site-packages/airflow/example_dags/tutorial_dag.py for tasks to queue
[2026-05-18T06:47:21.277+0000] {logging_mixin.py:190} INFO - [2026-05-18T06:47:21.276+0000] {dagbag.py:588} INFO - Filling up the DagBag from /home/noelsdavid/airflow_venv/lib/python3.12/site-packages/airflow/example_dags/tutorial_dag.py
[2026-05-18T06:47:21.287+0000] {processor.py:925} INFO - DAG(s) 'tutorial_dag' retrieved from /home/noelsdavid/airflow_venv/lib/python3.12/site-packages/airflow/example_dags/tutorial_dag.py
[2026-05-18T06:47:21.308+0000] {logging_mixin.py:190} INFO - [2026-05-18T06:47:21.308+0000] {dag.py:3239} INFO - Sync 1 DAGs
[2026-05-18T06:47:21.324+0000] {logging_mixin.py:190} INFO - [2026-05-18T06:47:21.324+0000] {dag.py:4180} INFO - Setting next_dagrun for tutorial_dag to None, run_after=None
[2026-05-18T06:47:21.358+0000] {processor.py:208} INFO - Processing /home/noelsdavid/airflow_venv/lib/python3.12/site-packages/airflow/example_dags/tutorial_dag.py took 0.112 seconds
[2026-05-18T06:48:26.455+0000] {processor.py:186} INFO - Started process (PID=13330) to work on /home/noelsdavid/airflow_venv/lib/python3.12/site-packages/airflow/example_dags/tutorial_dag.py
[2026-05-18T06:48:26.458+0000] {processor.py:914} INFO - Processing file /home/noelsdavid/airflow_venv/lib/python3.12/site-packages/airflow/example_dags/tutorial_dag.py for tasks to queue
[2026-05-18T06:48:26.460+0000] {logging_mixin.py:190} INFO - [2026-05-18T06:48:26.460+0000] {dagbag.py:588} INFO - Filling up the DagBag from /home/noelsdavid/airflow_venv/lib/python3.12/site-packages/airflow/example_dags/tutorial_dag.py
[2026-05-18T06:48:26.472+0000] {processor.py:925} INFO - DAG(s) 'tutorial_dag' retrieved from /home/noelsdavid/airflow_venv/lib/python3.12/site-packages/airflow/example_dags/tutorial_dag.py
[2026-05-18T06:48:26.494+0000] {logging_mixin.py:190} INFO - [2026-05-18T06:48:26.493+0000] {dag.py:3239} INFO - Sync 1 DAGs
[2026-05-18T06:48:26.511+0000] {logging_mixin.py:190} INFO - [2026-05-18T06:48:26.510+0000] {dag.py:4180} INFO - Setting next_dagrun for tutorial_dag to None, run_after=None
[2026-05-18T06:48:26.543+0000] {processor.py:208} INFO - Processing /home/noelsdavid/airflow_venv/lib/python3.12/site-packages/airflow/example_dags/tutorial_dag.py took 0.098 seconds
[2026-05-18T06:49:30.508+0000] {processor.py:186} INFO - Started process (PID=13400) to work on /home/noelsdavid/airflow_venv/lib/python3.12/site-packages/airflow/example_dags/tutorial_dag.py
[2026-05-18T06:49:30.511+0000] {processor.py:914} INFO - Processing file /home/noelsdavid/airflow_venv/lib/python3.12/site-packages/airflow/example_dags/tutorial_dag.py for tasks to queue
[2026-05-18T06:49:30.514+0000] {logging_mixin.py:190} INFO - [2026-05-18T06:49:30.513+0000] {dagbag.py:588} INFO - Filling up the DagBag from /home/noelsdavid/airflow_venv/lib/python3.12/site-packages/airflow/example_dags/tutorial_dag.py
[2026-05-18T06:49:30.525+0000] {processor.py:925} INFO - DAG(s) 'tutorial_dag' retrieved from /home/noelsdavid/airflow_venv/lib/python3.12/site-packages/airflow/example_dags/tutorial_dag.py
[2026-05-18T06:49:30.548+0000] {logging_mixin.py:190} INFO - [2026-05-18T06:49:30.547+0000] {dag.py:3239} INFO - Sync 1 DAGs
[2026-05-18T06:49:30.566+0000] {logging_mixin.py:190} INFO - [2026-05-18T06:49:30.566+0000] {dag.py:4180} INFO - Setting next_dagrun for tutorial_dag to None, run_after=None
[2026-05-18T06:49:30.598+0000] {processor.py:208} INFO - Processing /home/noelsdavid/airflow_venv/lib/python3.12/site-packages/airflow/example_dags/tutorial_dag.py took 0.099 seconds
[2026-05-18T06:50:38.114+0000] {processor.py:186} INFO - Started process (PID=13980) to work on /home/noelsdavid/airflow_venv/lib/python3.12/site-packages/airflow/example_dags/tutorial_dag.py
[2026-05-18T06:50:38.116+0000] {processor.py:914} INFO - Processing file /home/noelsdavid/airflow_venv/lib/python3.12/site-packages/airflow/example_dags/tutorial_dag.py for tasks to queue
[2026-05-18T06:50:38.119+0000] {logging_mixin.py:190} INFO - [2026-05-18T06:50:38.118+0000] {dagbag.py:588} INFO - Filling up the DagBag from /home/noelsdavid/airflow_venv/lib/python3.12/site-packages/airflow/example_dags/tutorial_dag.py
[2026-05-18T06:50:38.130+0000] {processor.py:925} INFO - DAG(s) 'tutorial_dag' retrieved from /home/noelsdavid/airflow_venv/lib/python3.12/site-packages/airflow/example_dags/tutorial_dag.py
[2026-05-18T06:50:38.152+0000] {logging_mixin.py:190} INFO - [2026-05-18T06:50:38.152+0000] {dag.py:3239} INFO - Sync 1 DAGs
[2026-05-18T06:50:38.169+0000] {logging_mixin.py:190} INFO - [2026-05-18T06:50:38.169+0000] {dag.py:4180} INFO - Setting next_dagrun for tutorial_dag to None, run_after=None
[2026-05-18T06:50:38.199+0000] {processor.py:208} INFO - Processing /home/noelsdavid/airflow_venv/lib/python3.12/site-packages/airflow/example_dags/tutorial_dag.py took 0.094 seconds
[2026-05-18T06:51:54.209+0000] {processor.py:186} INFO - Started process (PID=14326) to work on /home/noelsdavid/airflow_venv/lib/python3.12/site-packages/airflow/example_dags/tutorial_dag.py
[2026-05-18T06:51:54.234+0000] {processor.py:914} INFO - Processing file /home/noelsdavid/airflow_venv/lib/python3.12/site-packages/airflow/example_dags/tutorial_dag.py for tasks to queue
[2026-05-18T06:51:54.237+0000] {logging_mixin.py:190} INFO - [2026-05-18T06:51:54.236+0000] {dagbag.py:588} INFO - Filling up the DagBag from /home/noelsdavid/airflow_venv/lib/python3.12/site-packages/airflow/example_dags/tutorial_dag.py
[2026-05-18T06:51:54.248+0000] {processor.py:925} INFO - DAG(s) 'tutorial_dag' retrieved from /home/noelsdavid/airflow_venv/lib/python3.12/site-packages/airflow/example_dags/tutorial_dag.py
[2026-05-18T06:51:54.270+0000] {logging_mixin.py:190} INFO - [2026-05-18T06:51:54.270+0000] {dag.py:3239} INFO - Sync 1 DAGs
[2026-05-18T06:51:54.288+0000] {logging_mixin.py:190} INFO - [2026-05-18T06:51:54.288+0000] {dag.py:4180} INFO - Setting next_dagrun for tutorial_dag to None, run_after=None
[2026-05-18T06:51:54.322+0000] {processor.py:208} INFO - Processing /home/noelsdavid/airflow_venv/lib/python3.12/site-packages/airflow/example_dags/tutorial_dag.py took 0.123 seconds
[2026-05-18T06:53:01.894+0000] {processor.py:186} INFO - Started process (PID=14572) to work on /home/noelsdavid/airflow_venv/lib/python3.12/site-packages/airflow/example_dags/tutorial_dag.py
[2026-05-18T06:53:01.896+0000] {processor.py:914} INFO - Processing file /home/noelsdavid/airflow_venv/lib/python3.12/site-packages/airflow/example_dags/tutorial_dag.py for tasks to queue
[2026-05-18T06:53:01.899+0000] {logging_mixin.py:190} INFO - [2026-05-18T06:53:01.898+0000] {dagbag.py:588} INFO - Filling up the DagBag from /home/noelsdavid/airflow_venv/lib/python3.12/site-packages/airflow/example_dags/tutorial_dag.py
[2026-05-18T06:53:01.912+0000] {processor.py:925} INFO - DAG(s) 'tutorial_dag' retrieved from /home/noelsdavid/airflow_venv/lib/python3.12/site-packages/airflow/example_dags/tutorial_dag.py
[2026-05-18T06:53:01.936+0000] {logging_mixin.py:190} INFO - [2026-05-18T06:53:01.936+0000] {dag.py:3239} INFO - Sync 1 DAGs
[2026-05-18T06:53:01.954+0000] {logging_mixin.py:190} INFO - [2026-05-18T06:53:01.953+0000] {dag.py:4180} INFO - Setting next_dagrun for tutorial_dag to None, run_after=None
[2026-05-18T06:53:01.986+0000] {processor.py:208} INFO - Processing /home/noelsdavid/airflow_venv/lib/python3.12/site-packages/airflow/example_dags/tutorial_dag.py took 0.101 seconds
[2026-05-18T06:54:16.181+0000] {processor.py:186} INFO - Started process (PID=14943) to work on /home/noelsdavid/airflow_venv/lib/python3.12/site-packages/airflow/example_dags/tutorial_dag.py
[2026-05-18T06:54:16.194+0000] {processor.py:914} INFO - Processing file /home/noelsdavid/airflow_venv/lib/python3.12/site-packages/airflow/example_dags/tutorial_dag.py for tasks to queue
[2026-05-18T06:54:16.196+0000] {logging_mixin.py:190} INFO - [2026-05-18T06:54:16.196+0000] {dagbag.py:588} INFO - Filling up the DagBag from /home/noelsdavid/airflow_venv/lib/python3.12/site-packages/airflow/example_dags/tutorial_dag.py
[2026-05-18T06:54:16.208+0000] {processor.py:925} INFO - DAG(s) 'tutorial_dag' retrieved from /home/noelsdavid/airflow_venv/lib/python3.12/site-packages/airflow/example_dags/tutorial_dag.py
[2026-05-18T06:54:16.231+0000] {logging_mixin.py:190} INFO - [2026-05-18T06:54:16.231+0000] {dag.py:3239} INFO - Sync 1 DAGs
[2026-05-18T06:54:16.248+0000] {logging_mixin.py:190} INFO - [2026-05-18T06:54:16.247+0000] {dag.py:4180} INFO - Setting next_dagrun for tutorial_dag to None, run_after=None
[2026-05-18T06:54:16.280+0000] {processor.py:208} INFO - Processing /home/noelsdavid/airflow_venv/lib/python3.12/site-packages/airflow/example_dags/tutorial_dag.py took 0.108 seconds
[2026-05-18T06:55:29.465+0000] {processor.py:186} INFO - Started process (PID=15098) to work on /home/noelsdavid/airflow_venv/lib/python3.12/site-packages/airflow/example_dags/tutorial_dag.py
[2026-05-18T06:55:29.467+0000] {processor.py:914} INFO - Processing file /home/noelsdavid/airflow_venv/lib/python3.12/site-packages/airflow/example_dags/tutorial_dag.py for tasks to queue
[2026-05-18T06:55:29.470+0000] {logging_mixin.py:190} INFO - [2026-05-18T06:55:29.469+0000] {dagbag.py:588} INFO - Filling up the DagBag from /home/noelsdavid/airflow_venv/lib/python3.12/site-packages/airflow/example_dags/tutorial_dag.py
[2026-05-18T06:55:29.481+0000] {processor.py:925} INFO - DAG(s) 'tutorial_dag' retrieved from /home/noelsdavid/airflow_venv/lib/python3.12/site-packages/airflow/example_dags/tutorial_dag.py
[2026-05-18T06:55:29.507+0000] {logging_mixin.py:190} INFO - [2026-05-18T06:55:29.506+0000] {dag.py:3239} INFO - Sync 1 DAGs
[2026-05-18T06:55:29.539+0000] {logging_mixin.py:190} INFO - [2026-05-18T06:55:29.538+0000] {dag.py:4180} INFO - Setting next_dagrun for tutorial_dag to None, run_after=None
[2026-05-18T06:55:29.584+0000] {processor.py:208} INFO - Processing /home/noelsdavid/airflow_venv/lib/python3.12/site-packages/airflow/example_dags/tutorial_dag.py took 0.130 seconds
[2026-05-18T06:56:46.016+0000] {processor.py:186} INFO - Started process (PID=15422) to work on /home/noelsdavid/airflow_venv/lib/python3.12/site-packages/airflow/example_dags/tutorial_dag.py
[2026-05-18T06:56:46.041+0000] {processor.py:914} INFO - Processing file /home/noelsdavid/airflow_venv/lib/python3.12/site-packages/airflow/example_dags/tutorial_dag.py for tasks to queue
[2026-05-18T06:56:46.042+0000] {logging_mixin.py:190} INFO - [2026-05-18T06:56:46.042+0000] {dagbag.py:588} INFO - Filling up the DagBag from /home/noelsdavid/airflow_venv/lib/python3.12/site-packages/airflow/example_dags/tutorial_dag.py
[2026-05-18T06:56:46.054+0000] {processor.py:925} INFO - DAG(s) 'tutorial_dag' retrieved from /home/noelsdavid/airflow_venv/lib/python3.12/site-packages/airflow/example_dags/tutorial_dag.py
[2026-05-18T06:56:46.076+0000] {logging_mixin.py:190} INFO - [2026-05-18T06:56:46.075+0000] {dag.py:3239} INFO - Sync 1 DAGs
[2026-05-18T06:56:46.095+0000] {logging_mixin.py:190} INFO - [2026-05-18T06:56:46.094+0000] {dag.py:4180} INFO - Setting next_dagrun for tutorial_dag to None, run_after=None
[2026-05-18T06:56:46.126+0000] {processor.py:208} INFO - Processing /home/noelsdavid/airflow_venv/lib/python3.12/site-packages/airflow/example_dags/tutorial_dag.py took 0.120 seconds
[2026-05-18T06:57:25.581+0000] {processor.py:186} INFO - Started process (PID=15463) to work on /home/noelsdavid/airflow_venv/lib/python3.12/site-packages/airflow/example_dags/tutorial_dag.py
[2026-05-18T06:57:25.584+0000] {processor.py:914} INFO - Processing file /home/noelsdavid/airflow_venv/lib/python3.12/site-packages/airflow/example_dags/tutorial_dag.py for tasks to queue
[2026-05-18T06:57:25.586+0000] {logging_mixin.py:190} INFO - [2026-05-18T06:57:25.586+0000] {dagbag.py:588} INFO - Filling up the DagBag from /home/noelsdavid/airflow_venv/lib/python3.12/site-packages/airflow/example_dags/tutorial_dag.py
[2026-05-18T06:57:25.598+0000] {processor.py:925} INFO - DAG(s) 'tutorial_dag' retrieved from /home/noelsdavid/airflow_venv/lib/python3.12/site-packages/airflow/example_dags/tutorial_dag.py
[2026-05-18T06:57:25.619+0000] {logging_mixin.py:190} INFO - [2026-05-18T06:57:25.619+0000] {dag.py:3239} INFO - Sync 1 DAGs
[2026-05-18T06:57:25.637+0000] {logging_mixin.py:190} INFO - [2026-05-18T06:57:25.636+0000] {dag.py:4180} INFO - Setting next_dagrun for tutorial_dag to None, run_after=None
[2026-05-18T06:57:25.670+0000] {processor.py:208} INFO - Processing /home/noelsdavid/airflow_venv/lib/python3.12/site-packages/airflow/example_dags/tutorial_dag.py took 0.098 seconds
[2026-05-18T06:58:04.965+0000] {processor.py:186} INFO - Started process (PID=15640) to work on /home/noelsdavid/airflow_venv/lib/python3.12/site-packages/airflow/example_dags/tutorial_dag.py
[2026-05-18T06:58:04.967+0000] {processor.py:914} INFO - Processing file /home/noelsdavid/airflow_venv/lib/python3.12/site-packages/airflow/example_dags/tutorial_dag.py for tasks to queue
[2026-05-18T06:58:04.970+0000] {logging_mixin.py:190} INFO - [2026-05-18T06:58:04.969+0000] {dagbag.py:588} INFO - Filling up the DagBag from /home/noelsdavid/airflow_venv/lib/python3.12/site-packages/airflow/example_dags/tutorial_dag.py
[2026-05-18T06:58:04.982+0000] {processor.py:925} INFO - DAG(s) 'tutorial_dag' retrieved from /home/noelsdavid/airflow_venv/lib/python3.12/site-packages/airflow/example_dags/tutorial_dag.py
[2026-05-18T06:58:05.004+0000] {logging_mixin.py:190} INFO - [2026-05-18T06:58:05.004+0000] {dag.py:3239} INFO - Sync 1 DAGs
[2026-05-18T06:58:05.025+0000] {logging_mixin.py:190} INFO - [2026-05-18T06:58:05.025+0000] {dag.py:4180} INFO - Setting next_dagrun for tutorial_dag to None, run_after=None
[2026-05-18T06:58:05.056+0000] {processor.py:208} INFO - Processing /home/noelsdavid/airflow_venv/lib/python3.12/site-packages/airflow/example_dags/tutorial_dag.py took 0.100 seconds
[2026-05-18T06:59:19.469+0000] {processor.py:186} INFO - Started process (PID=15847) to work on /home/noelsdavid/airflow_venv/lib/python3.12/site-packages/airflow/example_dags/tutorial_dag.py
[2026-05-18T06:59:19.473+0000] {processor.py:914} INFO - Processing file /home/noelsdavid/airflow_venv/lib/python3.12/site-packages/airflow/example_dags/tutorial_dag.py for tasks to queue
[2026-05-18T06:59:19.476+0000] {logging_mixin.py:190} INFO - [2026-05-18T06:59:19.475+0000] {dagbag.py:588} INFO - Filling up the DagBag from /home/noelsdavid/airflow_venv/lib/python3.12/site-packages/airflow/example_dags/tutorial_dag.py
[2026-05-18T06:59:19.487+0000] {processor.py:925} INFO - DAG(s) 'tutorial_dag' retrieved from /home/noelsdavid/airflow_venv/lib/python3.12/site-packages/airflow/example_dags/tutorial_dag.py
[2026-05-18T06:59:19.513+0000] {logging_mixin.py:190} INFO - [2026-05-18T06:59:19.512+0000] {dag.py:3239} INFO - Sync 1 DAGs
[2026-05-18T06:59:19.534+0000] {logging_mixin.py:190} INFO - [2026-05-18T06:59:19.534+0000] {dag.py:4180} INFO - Setting next_dagrun for tutorial_dag to None, run_after=None
[2026-05-18T06:59:19.574+0000] {processor.py:208} INFO - Processing /home/noelsdavid/airflow_venv/lib/python3.12/site-packages/airflow/example_dags/tutorial_dag.py took 0.116 seconds
[2026-05-18T07:00:40.832+0000] {processor.py:186} INFO - Started process (PID=16206) to work on /home/noelsdavid/airflow_venv/lib/python3.12/site-packages/airflow/example_dags/tutorial_dag.py
[2026-05-18T07:00:40.860+0000] {processor.py:914} INFO - Processing file /home/noelsdavid/airflow_venv/lib/python3.12/site-packages/airflow/example_dags/tutorial_dag.py for tasks to queue
[2026-05-18T07:00:40.864+0000] {logging_mixin.py:190} INFO - [2026-05-18T07:00:40.863+0000] {dagbag.py:588} INFO - Filling up the DagBag from /home/noelsdavid/airflow_venv/lib/python3.12/site-packages/airflow/example_dags/tutorial_dag.py
[2026-05-18T07:00:40.877+0000] {processor.py:925} INFO - DAG(s) 'tutorial_dag' retrieved from /home/noelsdavid/airflow_venv/lib/python3.12/site-packages/airflow/example_dags/tutorial_dag.py
[2026-05-18T07:00:40.904+0000] {logging_mixin.py:190} INFO - [2026-05-18T07:00:40.903+0000] {dag.py:3239} INFO - Sync 1 DAGs
[2026-05-18T07:00:40.925+0000] {logging_mixin.py:190} INFO - [2026-05-18T07:00:40.924+0000] {dag.py:4180} INFO - Setting next_dagrun for tutorial_dag to None, run_after=None
[2026-05-18T07:00:40.961+0000] {processor.py:208} INFO - Processing /home/noelsdavid/airflow_venv/lib/python3.12/site-packages/airflow/example_dags/tutorial_dag.py took 0.139 seconds
[2026-05-18T07:01:54.902+0000] {processor.py:186} INFO - Started process (PID=16443) to work on /home/noelsdavid/airflow_venv/lib/python3.12/site-packages/airflow/example_dags/tutorial_dag.py
[2026-05-18T07:01:54.905+0000] {processor.py:914} INFO - Processing file /home/noelsdavid/airflow_venv/lib/python3.12/site-packages/airflow/example_dags/tutorial_dag.py for tasks to queue
[2026-05-18T07:01:54.907+0000] {logging_mixin.py:190} INFO - [2026-05-18T07:01:54.906+0000] {dagbag.py:588} INFO - Filling up the DagBag from /home/noelsdavid/airflow_venv/lib/python3.12/site-packages/airflow/example_dags/tutorial_dag.py
[2026-05-18T07:01:54.919+0000] {processor.py:925} INFO - DAG(s) 'tutorial_dag' retrieved from /home/noelsdavid/airflow_venv/lib/python3.12/site-packages/airflow/example_dags/tutorial_dag.py
[2026-05-18T07:01:54.940+0000] {logging_mixin.py:190} INFO - [2026-05-18T07:01:54.940+0000] {dag.py:3239} INFO - Sync 1 DAGs
[2026-05-18T07:01:54.958+0000] {logging_mixin.py:190} INFO - [2026-05-18T07:01:54.958+0000] {dag.py:4180} INFO - Setting next_dagrun for tutorial_dag to None, run_after=None
[2026-05-18T07:01:54.990+0000] {processor.py:208} INFO - Processing /home/noelsdavid/airflow_venv/lib/python3.12/site-packages/airflow/example_dags/tutorial_dag.py took 0.099 seconds
[2026-05-18T07:03:06.920+0000] {processor.py:186} INFO - Started process (PID=16521) to work on /home/noelsdavid/airflow_venv/lib/python3.12/site-packages/airflow/example_dags/tutorial_dag.py
[2026-05-18T07:03:06.922+0000] {processor.py:914} INFO - Processing file /home/noelsdavid/airflow_venv/lib/python3.12/site-packages/airflow/example_dags/tutorial_dag.py for tasks to queue
[2026-05-18T07:03:06.924+0000] {logging_mixin.py:190} INFO - [2026-05-18T07:03:06.924+0000] {dagbag.py:588} INFO - Filling up the DagBag from /home/noelsdavid/airflow_venv/lib/python3.12/site-packages/airflow/example_dags/tutorial_dag.py
[2026-05-18T07:03:06.936+0000] {processor.py:925} INFO - DAG(s) 'tutorial_dag' retrieved from /home/noelsdavid/airflow_venv/lib/python3.12/site-packages/airflow/example_dags/tutorial_dag.py
[2026-05-18T07:03:06.957+0000] {logging_mixin.py:190} INFO - [2026-05-18T07:03:06.956+0000] {dag.py:3239} INFO - Sync 1 DAGs
[2026-05-18T07:03:06.973+0000] {logging_mixin.py:190} INFO - [2026-05-18T07:03:06.973+0000] {dag.py:4180} INFO - Setting next_dagrun for tutorial_dag to None, run_after=None
[2026-05-18T07:03:07.004+0000] {processor.py:208} INFO - Processing /home/noelsdavid/airflow_venv/lib/python3.12/site-packages/airflow/example_dags/tutorial_dag.py took 0.093 seconds
[2026-05-18T07:04:15.592+0000] {processor.py:186} INFO - Started process (PID=16598) to work on /home/noelsdavid/airflow_venv/lib/python3.12/site-packages/airflow/example_dags/tutorial_dag.py
[2026-05-18T07:04:15.594+0000] {processor.py:914} INFO - Processing file /home/noelsdavid/airflow_venv/lib/python3.12/site-packages/airflow/example_dags/tutorial_dag.py for tasks to queue
[2026-05-18T07:04:15.597+0000] {logging_mixin.py:190} INFO - [2026-05-18T07:04:15.596+0000] {dagbag.py:588} INFO - Filling up the DagBag from /home/noelsdavid/airflow_venv/lib/python3.12/site-packages/airflow/example_dags/tutorial_dag.py
[2026-05-18T07:04:15.609+0000] {processor.py:925} INFO - DAG(s) 'tutorial_dag' retrieved from /home/noelsdavid/airflow_venv/lib/python3.12/site-packages/airflow/example_dags/tutorial_dag.py
[2026-05-18T07:04:15.631+0000] {logging_mixin.py:190} INFO - [2026-05-18T07:04:15.631+0000] {dag.py:3239} INFO - Sync 1 DAGs
[2026-05-18T07:04:15.649+0000] {logging_mixin.py:190} INFO - [2026-05-18T07:04:15.648+0000] {dag.py:4180} INFO - Setting next_dagrun for tutorial_dag to None, run_after=None
[2026-05-18T07:04:15.681+0000] {processor.py:208} INFO - Processing /home/noelsdavid/airflow_venv/lib/python3.12/site-packages/airflow/example_dags/tutorial_dag.py took 0.098 seconds
[2026-05-18T07:05:27.781+0000] {processor.py:186} INFO - Started process (PID=16701) to work on /home/noelsdavid/airflow_venv/lib/python3.12/site-packages/airflow/example_dags/tutorial_dag.py
[2026-05-18T07:05:27.783+0000] {processor.py:914} INFO - Processing file /home/noelsdavid/airflow_venv/lib/python3.12/site-packages/airflow/example_dags/tutorial_dag.py for tasks to queue
[2026-05-18T07:05:27.786+0000] {logging_mixin.py:190} INFO - [2026-05-18T07:05:27.784+0000] {dagbag.py:588} INFO - Filling up the DagBag from /home/noelsdavid/airflow_venv/lib/python3.12/site-packages/airflow/example_dags/tutorial_dag.py
[2026-05-18T07:05:27.797+0000] {processor.py:925} INFO - DAG(s) 'tutorial_dag' retrieved from /home/noelsdavid/airflow_venv/lib/python3.12/site-packages/airflow/example_dags/tutorial_dag.py
[2026-05-18T07:05:27.818+0000] {logging_mixin.py:190} INFO - [2026-05-18T07:05:27.818+0000] {dag.py:3239} INFO - Sync 1 DAGs
[2026-05-18T07:05:27.837+0000] {logging_mixin.py:190} INFO - [2026-05-18T07:05:27.836+0000] {dag.py:4180} INFO - Setting next_dagrun for tutorial_dag to None, run_after=None
[2026-05-18T07:05:27.869+0000] {processor.py:208} INFO - Processing /home/noelsdavid/airflow_venv/lib/python3.12/site-packages/airflow/example_dags/tutorial_dag.py took 0.099 seconds
[2026-05-18T07:06:08.258+0000] {processor.py:186} INFO - Started process (PID=16741) to work on /home/noelsdavid/airflow_venv/lib/python3.12/site-packages/airflow/example_dags/tutorial_dag.py
[2026-05-18T07:06:08.265+0000] {processor.py:914} INFO - Processing file /home/noelsdavid/airflow_venv/lib/python3.12/site-packages/airflow/example_dags/tutorial_dag.py for tasks to queue
[2026-05-18T07:06:08.270+0000] {logging_mixin.py:190} INFO - [2026-05-18T07:06:08.270+0000] {dagbag.py:588} INFO - Filling up the DagBag from /home/noelsdavid/airflow_venv/lib/python3.12/site-packages/airflow/example_dags/tutorial_dag.py
[2026-05-18T07:06:08.300+0000] {processor.py:925} INFO - DAG(s) 'tutorial_dag' retrieved from /home/noelsdavid/airflow_venv/lib/python3.12/site-packages/airflow/example_dags/tutorial_dag.py
[2026-05-18T07:06:08.367+0000] {logging_mixin.py:190} INFO - [2026-05-18T07:06:08.366+0000] {dag.py:3239} INFO - Sync 1 DAGs
[2026-05-18T07:06:08.824+0000] {logging_mixin.py:190} INFO - [2026-05-18T07:06:08.823+0000] {dag.py:4180} INFO - Setting next_dagrun for tutorial_dag to None, run_after=None
[2026-05-18T07:06:08.887+0000] {processor.py:208} INFO - Processing /home/noelsdavid/airflow_venv/lib/python3.12/site-packages/airflow/example_dags/tutorial_dag.py took 0.664 seconds
[2026-05-18T07:07:25.467+0000] {processor.py:186} INFO - Started process (PID=16821) to work on /home/noelsdavid/airflow_venv/lib/python3.12/site-packages/airflow/example_dags/tutorial_dag.py
[2026-05-18T07:07:25.531+0000] {processor.py:914} INFO - Processing file /home/noelsdavid/airflow_venv/lib/python3.12/site-packages/airflow/example_dags/tutorial_dag.py for tasks to queue
[2026-05-18T07:07:25.534+0000] {logging_mixin.py:190} INFO - [2026-05-18T07:07:25.533+0000] {dagbag.py:588} INFO - Filling up the DagBag from /home/noelsdavid/airflow_venv/lib/python3.12/site-packages/airflow/example_dags/tutorial_dag.py
[2026-05-18T07:07:25.545+0000] {processor.py:925} INFO - DAG(s) 'tutorial_dag' retrieved from /home/noelsdavid/airflow_venv/lib/python3.12/site-packages/airflow/example_dags/tutorial_dag.py
[2026-05-18T07:07:25.568+0000] {logging_mixin.py:190} INFO - [2026-05-18T07:07:25.568+0000] {dag.py:3239} INFO - Sync 1 DAGs
[2026-05-18T07:07:25.758+0000] {logging_mixin.py:190} INFO - [2026-05-18T07:07:25.758+0000] {dag.py:4180} INFO - Setting next_dagrun for tutorial_dag to None, run_after=None
[2026-05-18T07:07:25.789+0000] {processor.py:208} INFO - Processing /home/noelsdavid/airflow_venv/lib/python3.12/site-packages/airflow/example_dags/tutorial_dag.py took 0.331 seconds
[2026-05-18T07:08:05.085+0000] {processor.py:186} INFO - Started process (PID=16863) to work on /home/noelsdavid/airflow_venv/lib/python3.12/site-packages/airflow/example_dags/tutorial_dag.py
[2026-05-18T07:08:05.088+0000] {processor.py:914} INFO - Processing file /home/noelsdavid/airflow_venv/lib/python3.12/site-packages/airflow/example_dags/tutorial_dag.py for tasks to queue
[2026-05-18T07:08:05.091+0000] {logging_mixin.py:190} INFO - [2026-05-18T07:08:05.091+0000] {dagbag.py:588} INFO - Filling up the DagBag from /home/noelsdavid/airflow_venv/lib/python3.12/site-packages/airflow/example_dags/tutorial_dag.py
[2026-05-18T07:08:05.104+0000] {processor.py:925} INFO - DAG(s) 'tutorial_dag' retrieved from /home/noelsdavid/airflow_venv/lib/python3.12/site-packages/airflow/example_dags/tutorial_dag.py
[2026-05-18T07:08:05.130+0000] {logging_mixin.py:190} INFO - [2026-05-18T07:08:05.130+0000] {dag.py:3239} INFO - Sync 1 DAGs
[2026-05-18T07:08:05.151+0000] {logging_mixin.py:190} INFO - [2026-05-18T07:08:05.150+0000] {dag.py:4180} INFO - Setting next_dagrun for tutorial_dag to None, run_after=None
[2026-05-18T07:08:05.184+0000] {processor.py:208} INFO - Processing /home/noelsdavid/airflow_venv/lib/python3.12/site-packages/airflow/example_dags/tutorial_dag.py took 0.109 seconds
[2026-05-18T07:08:46.640+0000] {processor.py:186} INFO - Started process (PID=16904) to work on /home/noelsdavid/airflow_venv/lib/python3.12/site-packages/airflow/example_dags/tutorial_dag.py
[2026-05-18T07:08:46.643+0000] {processor.py:914} INFO - Processing file /home/noelsdavid/airflow_venv/lib/python3.12/site-packages/airflow/example_dags/tutorial_dag.py for tasks to queue
[2026-05-18T07:08:46.646+0000] {logging_mixin.py:190} INFO - [2026-05-18T07:08:46.645+0000] {dagbag.py:588} INFO - Filling up the DagBag from /home/noelsdavid/airflow_venv/lib/python3.12/site-packages/airflow/example_dags/tutorial_dag.py
[2026-05-18T07:08:46.657+0000] {processor.py:925} INFO - DAG(s) 'tutorial_dag' retrieved from /home/noelsdavid/airflow_venv/lib/python3.12/site-packages/airflow/example_dags/tutorial_dag.py
[2026-05-18T07:08:46.679+0000] {logging_mixin.py:190} INFO - [2026-05-18T07:08:46.679+0000] {dag.py:3239} INFO - Sync 1 DAGs
[2026-05-18T07:08:46.861+0000] {logging_mixin.py:190} INFO - [2026-05-18T07:08:46.861+0000] {dag.py:4180} INFO - Setting next_dagrun for tutorial_dag to None, run_after=None
[2026-05-18T07:08:46.891+0000] {processor.py:208} INFO - Processing /home/noelsdavid/airflow_venv/lib/python3.12/site-packages/airflow/example_dags/tutorial_dag.py took 0.260 seconds
[2026-05-18T07:09:27.549+0000] {processor.py:186} INFO - Started process (PID=16945) to work on /home/noelsdavid/airflow_venv/lib/python3.12/site-packages/airflow/example_dags/tutorial_dag.py
[2026-05-18T07:09:27.551+0000] {processor.py:914} INFO - Processing file /home/noelsdavid/airflow_venv/lib/python3.12/site-packages/airflow/example_dags/tutorial_dag.py for tasks to queue
[2026-05-18T07:09:27.554+0000] {logging_mixin.py:190} INFO - [2026-05-18T07:09:27.553+0000] {dagbag.py:588} INFO - Filling up the DagBag from /home/noelsdavid/airflow_venv/lib/python3.12/site-packages/airflow/example_dags/tutorial_dag.py
[2026-05-18T07:09:27.566+0000] {processor.py:925} INFO - DAG(s) 'tutorial_dag' retrieved from /home/noelsdavid/airflow_venv/lib/python3.12/site-packages/airflow/example_dags/tutorial_dag.py
[2026-05-18T07:09:27.594+0000] {logging_mixin.py:190} INFO - [2026-05-18T07:09:27.593+0000] {dag.py:3239} INFO - Sync 1 DAGs
[2026-05-18T07:09:27.615+0000] {logging_mixin.py:190} INFO - [2026-05-18T07:09:27.614+0000] {dag.py:4180} INFO - Setting next_dagrun for tutorial_dag to None, run_after=None
[2026-05-18T07:09:27.656+0000] {processor.py:208} INFO - Processing /home/noelsdavid/airflow_venv/lib/python3.12/site-packages/airflow/example_dags/tutorial_dag.py took 0.119 seconds
[2026-05-18T07:10:10.446+0000] {processor.py:186} INFO - Started process (PID=16987) to work on /home/noelsdavid/airflow_venv/lib/python3.12/site-packages/airflow/example_dags/tutorial_dag.py
[2026-05-18T07:10:10.450+0000] {processor.py:914} INFO - Processing file /home/noelsdavid/airflow_venv/lib/python3.12/site-packages/airflow/example_dags/tutorial_dag.py for tasks to queue
[2026-05-18T07:10:10.452+0000] {logging_mixin.py:190} INFO - [2026-05-18T07:10:10.451+0000] {dagbag.py:588} INFO - Filling up the DagBag from /home/noelsdavid/airflow_venv/lib/python3.12/site-packages/airflow/example_dags/tutorial_dag.py
[2026-05-18T07:10:10.469+0000] {processor.py:925} INFO - DAG(s) 'tutorial_dag' retrieved from /home/noelsdavid/airflow_venv/lib/python3.12/site-packages/airflow/example_dags/tutorial_dag.py
[2026-05-18T07:10:10.495+0000] {logging_mixin.py:190} INFO - [2026-05-18T07:10:10.495+0000] {dag.py:3239} INFO - Sync 1 DAGs
[2026-05-18T07:10:10.516+0000] {logging_mixin.py:190} INFO - [2026-05-18T07:10:10.515+0000] {dag.py:4180} INFO - Setting next_dagrun for tutorial_dag to None, run_after=None
[2026-05-18T07:10:10.559+0000] {processor.py:208} INFO - Processing /home/noelsdavid/airflow_venv/lib/python3.12/site-packages/airflow/example_dags/tutorial_dag.py took 0.126 seconds
[2026-05-18T07:11:23.394+0000] {processor.py:186} INFO - Started process (PID=17092) to work on /home/noelsdavid/airflow_venv/lib/python3.12/site-packages/airflow/example_dags/tutorial_dag.py
[2026-05-18T07:11:23.416+0000] {processor.py:914} INFO - Processing file /home/noelsdavid/airflow_venv/lib/python3.12/site-packages/airflow/example_dags/tutorial_dag.py for tasks to queue
[2026-05-18T07:11:23.418+0000] {logging_mixin.py:190} INFO - [2026-05-18T07:11:23.418+0000] {dagbag.py:588} INFO - Filling up the DagBag from /home/noelsdavid/airflow_venv/lib/python3.12/site-packages/airflow/example_dags/tutorial_dag.py
[2026-05-18T07:11:23.430+0000] {processor.py:925} INFO - DAG(s) 'tutorial_dag' retrieved from /home/noelsdavid/airflow_venv/lib/python3.12/site-packages/airflow/example_dags/tutorial_dag.py
[2026-05-18T07:11:23.453+0000] {logging_mixin.py:190} INFO - [2026-05-18T07:11:23.452+0000] {dag.py:3239} INFO - Sync 1 DAGs
[2026-05-18T07:11:23.470+0000] {logging_mixin.py:190} INFO - [2026-05-18T07:11:23.470+0000] {dag.py:4180} INFO - Setting next_dagrun for tutorial_dag to None, run_after=None
[2026-05-18T07:11:23.502+0000] {processor.py:208} INFO - Processing /home/noelsdavid/airflow_venv/lib/python3.12/site-packages/airflow/example_dags/tutorial_dag.py took 0.118 seconds
[2026-05-18T07:12:37.425+0000] {processor.py:186} INFO - Started process (PID=17171) to work on /home/noelsdavid/airflow_venv/lib/python3.12/site-packages/airflow/example_dags/tutorial_dag.py
[2026-05-18T07:12:37.437+0000] {processor.py:914} INFO - Processing file /home/noelsdavid/airflow_venv/lib/python3.12/site-packages/airflow/example_dags/tutorial_dag.py for tasks to queue
[2026-05-18T07:12:37.440+0000] {logging_mixin.py:190} INFO - [2026-05-18T07:12:37.439+0000] {dagbag.py:588} INFO - Filling up the DagBag from /home/noelsdavid/airflow_venv/lib/python3.12/site-packages/airflow/example_dags/tutorial_dag.py
[2026-05-18T07:12:37.453+0000] {processor.py:925} INFO - DAG(s) 'tutorial_dag' retrieved from /home/noelsdavid/airflow_venv/lib/python3.12/site-packages/airflow/example_dags/tutorial_dag.py
[2026-05-18T07:12:37.477+0000] {logging_mixin.py:190} INFO - [2026-05-18T07:12:37.476+0000] {dag.py:3239} INFO - Sync 1 DAGs
[2026-05-18T07:12:37.497+0000] {logging_mixin.py:190} INFO - [2026-05-18T07:12:37.497+0000] {dag.py:4180} INFO - Setting next_dagrun for tutorial_dag to None, run_after=None
[2026-05-18T07:12:37.533+0000] {processor.py:208} INFO - Processing /home/noelsdavid/airflow_venv/lib/python3.12/site-packages/airflow/example_dags/tutorial_dag.py took 0.118 seconds
[2026-05-18T07:13:17.451+0000] {processor.py:186} INFO - Started process (PID=17213) to work on /home/noelsdavid/airflow_venv/lib/python3.12/site-packages/airflow/example_dags/tutorial_dag.py
[2026-05-18T07:13:17.454+0000] {processor.py:914} INFO - Processing file /home/noelsdavid/airflow_venv/lib/python3.12/site-packages/airflow/example_dags/tutorial_dag.py for tasks to queue
[2026-05-18T07:13:17.457+0000] {logging_mixin.py:190} INFO - [2026-05-18T07:13:17.456+0000] {dagbag.py:588} INFO - Filling up the DagBag from /home/noelsdavid/airflow_venv/lib/python3.12/site-packages/airflow/example_dags/tutorial_dag.py
[2026-05-18T07:13:17.468+0000] {processor.py:925} INFO - DAG(s) 'tutorial_dag' retrieved from /home/noelsdavid/airflow_venv/lib/python3.12/site-packages/airflow/example_dags/tutorial_dag.py
[2026-05-18T07:13:17.490+0000] {logging_mixin.py:190} INFO - [2026-05-18T07:13:17.490+0000] {dag.py:3239} INFO - Sync 1 DAGs
[2026-05-18T07:13:17.509+0000] {logging_mixin.py:190} INFO - [2026-05-18T07:13:17.508+0000] {dag.py:4180} INFO - Setting next_dagrun for tutorial_dag to None, run_after=None
[2026-05-18T07:13:17.542+0000] {processor.py:208} INFO - Processing /home/noelsdavid/airflow_venv/lib/python3.12/site-packages/airflow/example_dags/tutorial_dag.py took 0.100 seconds
[2026-05-18T07:14:27.134+0000] {processor.py:186} INFO - Started process (PID=17290) to work on /home/noelsdavid/airflow_venv/lib/python3.12/site-packages/airflow/example_dags/tutorial_dag.py
[2026-05-18T07:14:27.137+0000] {processor.py:914} INFO - Processing file /home/noelsdavid/airflow_venv/lib/python3.12/site-packages/airflow/example_dags/tutorial_dag.py for tasks to queue
[2026-05-18T07:14:27.140+0000] {logging_mixin.py:190} INFO - [2026-05-18T07:14:27.139+0000] {dagbag.py:588} INFO - Filling up the DagBag from /home/noelsdavid/airflow_venv/lib/python3.12/site-packages/airflow/example_dags/tutorial_dag.py
[2026-05-18T07:14:27.152+0000] {processor.py:925} INFO - DAG(s) 'tutorial_dag' retrieved from /home/noelsdavid/airflow_venv/lib/python3.12/site-packages/airflow/example_dags/tutorial_dag.py
[2026-05-18T07:14:27.174+0000] {logging_mixin.py:190} INFO - [2026-05-18T07:14:27.174+0000] {dag.py:3239} INFO - Sync 1 DAGs
[2026-05-18T07:14:27.193+0000] {logging_mixin.py:190} INFO - [2026-05-18T07:14:27.192+0000] {dag.py:4180} INFO - Setting next_dagrun for tutorial_dag to None, run_after=None
[2026-05-18T07:14:27.228+0000] {processor.py:208} INFO - Processing /home/noelsdavid/airflow_venv/lib/python3.12/site-packages/airflow/example_dags/tutorial_dag.py took 0.104 seconds
[2026-05-18T07:15:38.735+0000] {processor.py:186} INFO - Started process (PID=17392) to work on /home/noelsdavid/airflow_venv/lib/python3.12/site-packages/airflow/example_dags/tutorial_dag.py
[2026-05-18T07:15:38.738+0000] {processor.py:914} INFO - Processing file /home/noelsdavid/airflow_venv/lib/python3.12/site-packages/airflow/example_dags/tutorial_dag.py for tasks to queue
[2026-05-18T07:15:38.740+0000] {logging_mixin.py:190} INFO - [2026-05-18T07:15:38.740+0000] {dagbag.py:588} INFO - Filling up the DagBag from /home/noelsdavid/airflow_venv/lib/python3.12/site-packages/airflow/example_dags/tutorial_dag.py
[2026-05-18T07:15:38.754+0000] {processor.py:925} INFO - DAG(s) 'tutorial_dag' retrieved from /home/noelsdavid/airflow_venv/lib/python3.12/site-packages/airflow/example_dags/tutorial_dag.py
[2026-05-18T07:15:38.778+0000] {logging_mixin.py:190} INFO - [2026-05-18T07:15:38.778+0000] {dag.py:3239} INFO - Sync 1 DAGs
[2026-05-18T07:15:38.797+0000] {logging_mixin.py:190} INFO - [2026-05-18T07:15:38.796+0000] {dag.py:4180} INFO - Setting next_dagrun for tutorial_dag to None, run_after=None
[2026-05-18T07:15:38.833+0000] {processor.py:208} INFO - Processing /home/noelsdavid/airflow_venv/lib/python3.12/site-packages/airflow/example_dags/tutorial_dag.py took 0.107 seconds
[2026-05-18T07:16:19.966+0000] {processor.py:186} INFO - Started process (PID=17433) to work on /home/noelsdavid/airflow_venv/lib/python3.12/site-packages/airflow/example_dags/tutorial_dag.py
[2026-05-18T07:16:19.969+0000] {processor.py:914} INFO - Processing file /home/noelsdavid/airflow_venv/lib/python3.12/site-packages/airflow/example_dags/tutorial_dag.py for tasks to queue
[2026-05-18T07:16:19.972+0000] {logging_mixin.py:190} INFO - [2026-05-18T07:16:19.971+0000] {dagbag.py:588} INFO - Filling up the DagBag from /home/noelsdavid/airflow_venv/lib/python3.12/site-packages/airflow/example_dags/tutorial_dag.py
[2026-05-18T07:16:19.983+0000] {processor.py:925} INFO - DAG(s) 'tutorial_dag' retrieved from /home/noelsdavid/airflow_venv/lib/python3.12/site-packages/airflow/example_dags/tutorial_dag.py
[2026-05-18T07:16:20.007+0000] {logging_mixin.py:190} INFO - [2026-05-18T07:16:20.007+0000] {dag.py:3239} INFO - Sync 1 DAGs
[2026-05-18T07:16:20.026+0000] {logging_mixin.py:190} INFO - [2026-05-18T07:16:20.025+0000] {dag.py:4180} INFO - Setting next_dagrun for tutorial_dag to None, run_after=None
[2026-05-18T07:16:20.057+0000] {processor.py:208} INFO - Processing /home/noelsdavid/airflow_venv/lib/python3.12/site-packages/airflow/example_dags/tutorial_dag.py took 0.100 seconds
[2026-05-18T07:17:00.717+0000] {processor.py:186} INFO - Started process (PID=17475) to work on /home/noelsdavid/airflow_venv/lib/python3.12/site-packages/airflow/example_dags/tutorial_dag.py
[2026-05-18T07:17:00.720+0000] {processor.py:914} INFO - Processing file /home/noelsdavid/airflow_venv/lib/python3.12/site-packages/airflow/example_dags/tutorial_dag.py for tasks to queue
[2026-05-18T07:17:00.723+0000] {logging_mixin.py:190} INFO - [2026-05-18T07:17:00.722+0000] {dagbag.py:588} INFO - Filling up the DagBag from /home/noelsdavid/airflow_venv/lib/python3.12/site-packages/airflow/example_dags/tutorial_dag.py
[2026-05-18T07:17:00.734+0000] {processor.py:925} INFO - DAG(s) 'tutorial_dag' retrieved from /home/noelsdavid/airflow_venv/lib/python3.12/site-packages/airflow/example_dags/tutorial_dag.py
[2026-05-18T07:17:00.756+0000] {logging_mixin.py:190} INFO - [2026-05-18T07:17:00.755+0000] {dag.py:3239} INFO - Sync 1 DAGs
[2026-05-18T07:17:00.774+0000] {logging_mixin.py:190} INFO - [2026-05-18T07:17:00.773+0000] {dag.py:4180} INFO - Setting next_dagrun for tutorial_dag to None, run_after=None
[2026-05-18T07:17:00.808+0000] {processor.py:208} INFO - Processing /home/noelsdavid/airflow_venv/lib/python3.12/site-packages/airflow/example_dags/tutorial_dag.py took 0.101 seconds
[2026-05-18T07:18:11.878+0000] {processor.py:186} INFO - Started process (PID=17554) to work on /home/noelsdavid/airflow_venv/lib/python3.12/site-packages/airflow/example_dags/tutorial_dag.py
[2026-05-18T07:18:11.886+0000] {processor.py:914} INFO - Processing file /home/noelsdavid/airflow_venv/lib/python3.12/site-packages/airflow/example_dags/tutorial_dag.py for tasks to queue
[2026-05-18T07:18:11.888+0000] {logging_mixin.py:190} INFO - [2026-05-18T07:18:11.887+0000] {dagbag.py:588} INFO - Filling up the DagBag from /home/noelsdavid/airflow_venv/lib/python3.12/site-packages/airflow/example_dags/tutorial_dag.py
[2026-05-18T07:18:11.900+0000] {processor.py:925} INFO - DAG(s) 'tutorial_dag' retrieved from /home/noelsdavid/airflow_venv/lib/python3.12/site-packages/airflow/example_dags/tutorial_dag.py
[2026-05-18T07:18:11.921+0000] {logging_mixin.py:190} INFO - [2026-05-18T07:18:11.921+0000] {dag.py:3239} INFO - Sync 1 DAGs
[2026-05-18T07:18:11.939+0000] {logging_mixin.py:190} INFO - [2026-05-18T07:18:11.938+0000] {dag.py:4180} INFO - Setting next_dagrun for tutorial_dag to None, run_after=None
[2026-05-18T07:18:11.971+0000] {processor.py:208} INFO - Processing /home/noelsdavid/airflow_venv/lib/python3.12/site-packages/airflow/example_dags/tutorial_dag.py took 0.102 seconds
[2026-05-18T07:19:18.837+0000] {processor.py:186} INFO - Started process (PID=17630) to work on /home/noelsdavid/airflow_venv/lib/python3.12/site-packages/airflow/example_dags/tutorial_dag.py
[2026-05-18T07:19:18.848+0000] {processor.py:914} INFO - Processing file /home/noelsdavid/airflow_venv/lib/python3.12/site-packages/airflow/example_dags/tutorial_dag.py for tasks to queue
[2026-05-18T07:19:18.850+0000] {logging_mixin.py:190} INFO - [2026-05-18T07:19:18.850+0000] {dagbag.py:588} INFO - Filling up the DagBag from /home/noelsdavid/airflow_venv/lib/python3.12/site-packages/airflow/example_dags/tutorial_dag.py
[2026-05-18T07:19:18.862+0000] {processor.py:925} INFO - DAG(s) 'tutorial_dag' retrieved from /home/noelsdavid/airflow_venv/lib/python3.12/site-packages/airflow/example_dags/tutorial_dag.py
[2026-05-18T07:19:18.884+0000] {logging_mixin.py:190} INFO - [2026-05-18T07:19:18.884+0000] {dag.py:3239} INFO - Sync 1 DAGs
[2026-05-18T07:19:18.902+0000] {logging_mixin.py:190} INFO - [2026-05-18T07:19:18.901+0000] {dag.py:4180} INFO - Setting next_dagrun for tutorial_dag to None, run_after=None
[2026-05-18T07:19:18.933+0000] {processor.py:208} INFO - Processing /home/noelsdavid/airflow_venv/lib/python3.12/site-packages/airflow/example_dags/tutorial_dag.py took 0.106 seconds
[2026-05-18T07:20:29.965+0000] {processor.py:186} INFO - Started process (PID=17730) to work on /home/noelsdavid/airflow_venv/lib/python3.12/site-packages/airflow/example_dags/tutorial_dag.py
[2026-05-18T07:20:29.986+0000] {processor.py:914} INFO - Processing file /home/noelsdavid/airflow_venv/lib/python3.12/site-packages/airflow/example_dags/tutorial_dag.py for tasks to queue
[2026-05-18T07:20:29.988+0000] {logging_mixin.py:190} INFO - [2026-05-18T07:20:29.987+0000] {dagbag.py:588} INFO - Filling up the DagBag from /home/noelsdavid/airflow_venv/lib/python3.12/site-packages/airflow/example_dags/tutorial_dag.py
[2026-05-18T07:20:30.000+0000] {processor.py:925} INFO - DAG(s) 'tutorial_dag' retrieved from /home/noelsdavid/airflow_venv/lib/python3.12/site-packages/airflow/example_dags/tutorial_dag.py
[2026-05-18T07:20:30.022+0000] {logging_mixin.py:190} INFO - [2026-05-18T07:20:30.022+0000] {dag.py:3239} INFO - Sync 1 DAGs
[2026-05-18T07:20:30.040+0000] {logging_mixin.py:190} INFO - [2026-05-18T07:20:30.040+0000] {dag.py:4180} INFO - Setting next_dagrun for tutorial_dag to None, run_after=None
[2026-05-18T07:20:30.073+0000] {processor.py:208} INFO - Processing /home/noelsdavid/airflow_venv/lib/python3.12/site-packages/airflow/example_dags/tutorial_dag.py took 0.117 seconds
[2026-05-18T07:21:10.738+0000] {processor.py:186} INFO - Started process (PID=17773) to work on /home/noelsdavid/airflow_venv/lib/python3.12/site-packages/airflow/example_dags/tutorial_dag.py
[2026-05-18T07:21:10.741+0000] {processor.py:914} INFO - Processing file /home/noelsdavid/airflow_venv/lib/python3.12/site-packages/airflow/example_dags/tutorial_dag.py for tasks to queue
[2026-05-18T07:21:10.743+0000] {logging_mixin.py:190} INFO - [2026-05-18T07:21:10.743+0000] {dagbag.py:588} INFO - Filling up the DagBag from /home/noelsdavid/airflow_venv/lib/python3.12/site-packages/airflow/example_dags/tutorial_dag.py
[2026-05-18T07:21:10.755+0000] {processor.py:925} INFO - DAG(s) 'tutorial_dag' retrieved from /home/noelsdavid/airflow_venv/lib/python3.12/site-packages/airflow/example_dags/tutorial_dag.py
[2026-05-18T07:21:10.779+0000] {logging_mixin.py:190} INFO - [2026-05-18T07:21:10.779+0000] {dag.py:3239} INFO - Sync 1 DAGs
[2026-05-18T07:21:10.799+0000] {logging_mixin.py:190} INFO - [2026-05-18T07:21:10.798+0000] {dag.py:4180} INFO - Setting next_dagrun for tutorial_dag to None, run_after=None
[2026-05-18T07:21:10.833+0000] {processor.py:208} INFO - Processing /home/noelsdavid/airflow_venv/lib/python3.12/site-packages/airflow/example_dags/tutorial_dag.py took 0.104 seconds
[2026-05-18T07:22:21.230+0000] {processor.py:186} INFO - Started process (PID=17855) to work on /home/noelsdavid/airflow_venv/lib/python3.12/site-packages/airflow/example_dags/tutorial_dag.py
[2026-05-18T07:22:21.232+0000] {processor.py:914} INFO - Processing file /home/noelsdavid/airflow_venv/lib/python3.12/site-packages/airflow/example_dags/tutorial_dag.py for tasks to queue
[2026-05-18T07:22:21.235+0000] {logging_mixin.py:190} INFO - [2026-05-18T07:22:21.235+0000] {dagbag.py:588} INFO - Filling up the DagBag from /home/noelsdavid/airflow_venv/lib/python3.12/site-packages/airflow/example_dags/tutorial_dag.py
[2026-05-18T07:22:21.247+0000] {processor.py:925} INFO - DAG(s) 'tutorial_dag' retrieved from /home/noelsdavid/airflow_venv/lib/python3.12/site-packages/airflow/example_dags/tutorial_dag.py
[2026-05-18T07:22:21.270+0000] {logging_mixin.py:190} INFO - [2026-05-18T07:22:21.269+0000] {dag.py:3239} INFO - Sync 1 DAGs
[2026-05-18T07:22:21.289+0000] {logging_mixin.py:190} INFO - [2026-05-18T07:22:21.288+0000] {dag.py:4180} INFO - Setting next_dagrun for tutorial_dag to None, run_after=None
[2026-05-18T07:22:21.322+0000] {processor.py:208} INFO - Processing /home/noelsdavid/airflow_venv/lib/python3.12/site-packages/airflow/example_dags/tutorial_dag.py took 0.101 seconds
[2026-05-18T07:23:33.811+0000] {processor.py:186} INFO - Started process (PID=17934) to work on /home/noelsdavid/airflow_venv/lib/python3.12/site-packages/airflow/example_dags/tutorial_dag.py
[2026-05-18T07:23:33.813+0000] {processor.py:914} INFO - Processing file /home/noelsdavid/airflow_venv/lib/python3.12/site-packages/airflow/example_dags/tutorial_dag.py for tasks to queue
[2026-05-18T07:23:33.816+0000] {logging_mixin.py:190} INFO - [2026-05-18T07:23:33.815+0000] {dagbag.py:588} INFO - Filling up the DagBag from /home/noelsdavid/airflow_venv/lib/python3.12/site-packages/airflow/example_dags/tutorial_dag.py
[2026-05-18T07:23:33.827+0000] {processor.py:925} INFO - DAG(s) 'tutorial_dag' retrieved from /home/noelsdavid/airflow_venv/lib/python3.12/site-packages/airflow/example_dags/tutorial_dag.py
[2026-05-18T07:23:33.850+0000] {logging_mixin.py:190} INFO - [2026-05-18T07:23:33.849+0000] {dag.py:3239} INFO - Sync 1 DAGs
[2026-05-18T07:23:33.868+0000] {logging_mixin.py:190} INFO - [2026-05-18T07:23:33.867+0000] {dag.py:4180} INFO - Setting next_dagrun for tutorial_dag to None, run_after=None
[2026-05-18T07:23:33.900+0000] {processor.py:208} INFO - Processing /home/noelsdavid/airflow_venv/lib/python3.12/site-packages/airflow/example_dags/tutorial_dag.py took 0.098 seconds
[2026-05-18T07:24:48.785+0000] {processor.py:186} INFO - Started process (PID=18014) to work on /home/noelsdavid/airflow_venv/lib/python3.12/site-packages/airflow/example_dags/tutorial_dag.py
[2026-05-18T07:24:48.831+0000] {processor.py:914} INFO - Processing file /home/noelsdavid/airflow_venv/lib/python3.12/site-packages/airflow/example_dags/tutorial_dag.py for tasks to queue
[2026-05-18T07:24:48.834+0000] {logging_mixin.py:190} INFO - [2026-05-18T07:24:48.833+0000] {dagbag.py:588} INFO - Filling up the DagBag from /home/noelsdavid/airflow_venv/lib/python3.12/site-packages/airflow/example_dags/tutorial_dag.py
[2026-05-18T07:24:48.846+0000] {processor.py:925} INFO - DAG(s) 'tutorial_dag' retrieved from /home/noelsdavid/airflow_venv/lib/python3.12/site-packages/airflow/example_dags/tutorial_dag.py
[2026-05-18T07:24:48.869+0000] {logging_mixin.py:190} INFO - [2026-05-18T07:24:48.869+0000] {dag.py:3239} INFO - Sync 1 DAGs
[2026-05-18T07:24:48.890+0000] {logging_mixin.py:190} INFO - [2026-05-18T07:24:48.889+0000] {dag.py:4180} INFO - Setting next_dagrun for tutorial_dag to None, run_after=None
[2026-05-18T07:24:48.920+0000] {processor.py:208} INFO - Processing /home/noelsdavid/airflow_venv/lib/python3.12/site-packages/airflow/example_dags/tutorial_dag.py took 0.144 seconds
[2026-05-18T07:25:53.201+0000] {processor.py:186} INFO - Started process (PID=18110) to work on /home/noelsdavid/airflow_venv/lib/python3.12/site-packages/airflow/example_dags/tutorial_dag.py
[2026-05-18T07:25:53.204+0000] {processor.py:914} INFO - Processing file /home/noelsdavid/airflow_venv/lib/python3.12/site-packages/airflow/example_dags/tutorial_dag.py for tasks to queue
[2026-05-18T07:25:53.206+0000] {logging_mixin.py:190} INFO - [2026-05-18T07:25:53.205+0000] {dagbag.py:588} INFO - Filling up the DagBag from /home/noelsdavid/airflow_venv/lib/python3.12/site-packages/airflow/example_dags/tutorial_dag.py
[2026-05-18T07:25:53.219+0000] {processor.py:925} INFO - DAG(s) 'tutorial_dag' retrieved from /home/noelsdavid/airflow_venv/lib/python3.12/site-packages/airflow/example_dags/tutorial_dag.py
[2026-05-18T07:25:53.243+0000] {logging_mixin.py:190} INFO - [2026-05-18T07:25:53.243+0000] {dag.py:3239} INFO - Sync 1 DAGs
[2026-05-18T07:25:53.267+0000] {logging_mixin.py:190} INFO - [2026-05-18T07:25:53.267+0000] {dag.py:4180} INFO - Setting next_dagrun for tutorial_dag to None, run_after=None
[2026-05-18T07:25:53.313+0000] {processor.py:208} INFO - Processing /home/noelsdavid/airflow_venv/lib/python3.12/site-packages/airflow/example_dags/tutorial_dag.py took 0.123 seconds
[2026-05-18T07:27:03.643+0000] {processor.py:186} INFO - Started process (PID=18187) to work on /home/noelsdavid/airflow_venv/lib/python3.12/site-packages/airflow/example_dags/tutorial_dag.py
[2026-05-18T07:27:03.646+0000] {processor.py:914} INFO - Processing file /home/noelsdavid/airflow_venv/lib/python3.12/site-packages/airflow/example_dags/tutorial_dag.py for tasks to queue
[2026-05-18T07:27:03.649+0000] {logging_mixin.py:190} INFO - [2026-05-18T07:27:03.648+0000] {dagbag.py:588} INFO - Filling up the DagBag from /home/noelsdavid/airflow_venv/lib/python3.12/site-packages/airflow/example_dags/tutorial_dag.py
[2026-05-18T07:27:03.660+0000] {processor.py:925} INFO - DAG(s) 'tutorial_dag' retrieved from /home/noelsdavid/airflow_venv/lib/python3.12/site-packages/airflow/example_dags/tutorial_dag.py
[2026-05-18T07:27:03.686+0000] {logging_mixin.py:190} INFO - [2026-05-18T07:27:03.685+0000] {dag.py:3239} INFO - Sync 1 DAGs
[2026-05-18T07:27:03.710+0000] {logging_mixin.py:190} INFO - [2026-05-18T07:27:03.710+0000] {dag.py:4180} INFO - Setting next_dagrun for tutorial_dag to None, run_after=None
[2026-05-18T07:27:03.745+0000] {processor.py:208} INFO - Processing /home/noelsdavid/airflow_venv/lib/python3.12/site-packages/airflow/example_dags/tutorial_dag.py took 0.113 seconds
[2026-05-18T07:28:15.231+0000] {processor.py:186} INFO - Started process (PID=18263) to work on /home/noelsdavid/airflow_venv/lib/python3.12/site-packages/airflow/example_dags/tutorial_dag.py
[2026-05-18T07:28:15.234+0000] {processor.py:914} INFO - Processing file /home/noelsdavid/airflow_venv/lib/python3.12/site-packages/airflow/example_dags/tutorial_dag.py for tasks to queue
[2026-05-18T07:28:15.236+0000] {logging_mixin.py:190} INFO - [2026-05-18T07:28:15.235+0000] {dagbag.py:588} INFO - Filling up the DagBag from /home/noelsdavid/airflow_venv/lib/python3.12/site-packages/airflow/example_dags/tutorial_dag.py
[2026-05-18T07:28:15.247+0000] {processor.py:925} INFO - DAG(s) 'tutorial_dag' retrieved from /home/noelsdavid/airflow_venv/lib/python3.12/site-packages/airflow/example_dags/tutorial_dag.py
[2026-05-18T07:28:15.270+0000] {logging_mixin.py:190} INFO - [2026-05-18T07:28:15.270+0000] {dag.py:3239} INFO - Sync 1 DAGs
[2026-05-18T07:28:15.290+0000] {logging_mixin.py:190} INFO - [2026-05-18T07:28:15.290+0000] {dag.py:4180} INFO - Setting next_dagrun for tutorial_dag to None, run_after=None
[2026-05-18T07:28:15.325+0000] {processor.py:208} INFO - Processing /home/noelsdavid/airflow_venv/lib/python3.12/site-packages/airflow/example_dags/tutorial_dag.py took 0.104 seconds
[2026-05-18T07:29:29.527+0000] {processor.py:186} INFO - Started process (PID=18342) to work on /home/noelsdavid/airflow_venv/lib/python3.12/site-packages/airflow/example_dags/tutorial_dag.py
[2026-05-18T07:29:29.530+0000] {processor.py:914} INFO - Processing file /home/noelsdavid/airflow_venv/lib/python3.12/site-packages/airflow/example_dags/tutorial_dag.py for tasks to queue
[2026-05-18T07:29:29.533+0000] {logging_mixin.py:190} INFO - [2026-05-18T07:29:29.532+0000] {dagbag.py:588} INFO - Filling up the DagBag from /home/noelsdavid/airflow_venv/lib/python3.12/site-packages/airflow/example_dags/tutorial_dag.py
[2026-05-18T07:29:29.544+0000] {processor.py:925} INFO - DAG(s) 'tutorial_dag' retrieved from /home/noelsdavid/airflow_venv/lib/python3.12/site-packages/airflow/example_dags/tutorial_dag.py
[2026-05-18T07:29:29.566+0000] {logging_mixin.py:190} INFO - [2026-05-18T07:29:29.566+0000] {dag.py:3239} INFO - Sync 1 DAGs
[2026-05-18T07:29:29.586+0000] {logging_mixin.py:190} INFO - [2026-05-18T07:29:29.585+0000] {dag.py:4180} INFO - Setting next_dagrun for tutorial_dag to None, run_after=None
[2026-05-18T07:29:29.620+0000] {processor.py:208} INFO - Processing /home/noelsdavid/airflow_venv/lib/python3.12/site-packages/airflow/example_dags/tutorial_dag.py took 0.102 seconds
[2026-05-18T07:30:37.821+0000] {processor.py:186} INFO - Started process (PID=18451) to work on /home/noelsdavid/airflow_venv/lib/python3.12/site-packages/airflow/example_dags/tutorial_dag.py
[2026-05-18T07:30:37.824+0000] {processor.py:914} INFO - Processing file /home/noelsdavid/airflow_venv/lib/python3.12/site-packages/airflow/example_dags/tutorial_dag.py for tasks to queue
[2026-05-18T07:30:37.828+0000] {logging_mixin.py:190} INFO - [2026-05-18T07:30:37.827+0000] {dagbag.py:588} INFO - Filling up the DagBag from /home/noelsdavid/airflow_venv/lib/python3.12/site-packages/airflow/example_dags/tutorial_dag.py
[2026-05-18T07:30:37.840+0000] {processor.py:925} INFO - DAG(s) 'tutorial_dag' retrieved from /home/noelsdavid/airflow_venv/lib/python3.12/site-packages/airflow/example_dags/tutorial_dag.py
[2026-05-18T07:30:37.864+0000] {logging_mixin.py:190} INFO - [2026-05-18T07:30:37.863+0000] {dag.py:3239} INFO - Sync 1 DAGs
[2026-05-18T07:30:37.882+0000] {logging_mixin.py:190} INFO - [2026-05-18T07:30:37.882+0000] {dag.py:4180} INFO - Setting next_dagrun for tutorial_dag to None, run_after=None
[2026-05-18T07:30:37.914+0000] {processor.py:208} INFO - Processing /home/noelsdavid/airflow_venv/lib/python3.12/site-packages/airflow/example_dags/tutorial_dag.py took 0.103 seconds
[2026-05-18T07:31:49.122+0000] {processor.py:186} INFO - Started process (PID=18529) to work on /home/noelsdavid/airflow_venv/lib/python3.12/site-packages/airflow/example_dags/tutorial_dag.py
[2026-05-18T07:31:49.125+0000] {processor.py:914} INFO - Processing file /home/noelsdavid/airflow_venv/lib/python3.12/site-packages/airflow/example_dags/tutorial_dag.py for tasks to queue
[2026-05-18T07:31:49.128+0000] {logging_mixin.py:190} INFO - [2026-05-18T07:31:49.127+0000] {dagbag.py:588} INFO - Filling up the DagBag from /home/noelsdavid/airflow_venv/lib/python3.12/site-packages/airflow/example_dags/tutorial_dag.py
[2026-05-18T07:31:49.139+0000] {processor.py:925} INFO - DAG(s) 'tutorial_dag' retrieved from /home/noelsdavid/airflow_venv/lib/python3.12/site-packages/airflow/example_dags/tutorial_dag.py
[2026-05-18T07:31:49.161+0000] {logging_mixin.py:190} INFO - [2026-05-18T07:31:49.161+0000] {dag.py:3239} INFO - Sync 1 DAGs
[2026-05-18T07:31:49.180+0000] {logging_mixin.py:190} INFO - [2026-05-18T07:31:49.180+0000] {dag.py:4180} INFO - Setting next_dagrun for tutorial_dag to None, run_after=None
[2026-05-18T07:31:49.212+0000] {processor.py:208} INFO - Processing /home/noelsdavid/airflow_venv/lib/python3.12/site-packages/airflow/example_dags/tutorial_dag.py took 0.099 seconds
[2026-05-18T07:32:57.853+0000] {processor.py:186} INFO - Started process (PID=18606) to work on /home/noelsdavid/airflow_venv/lib/python3.12/site-packages/airflow/example_dags/tutorial_dag.py
[2026-05-18T07:32:57.855+0000] {processor.py:914} INFO - Processing file /home/noelsdavid/airflow_venv/lib/python3.12/site-packages/airflow/example_dags/tutorial_dag.py for tasks to queue
[2026-05-18T07:32:57.858+0000] {logging_mixin.py:190} INFO - [2026-05-18T07:32:57.858+0000] {dagbag.py:588} INFO - Filling up the DagBag from /home/noelsdavid/airflow_venv/lib/python3.12/site-packages/airflow/example_dags/tutorial_dag.py
[2026-05-18T07:32:57.870+0000] {processor.py:925} INFO - DAG(s) 'tutorial_dag' retrieved from /home/noelsdavid/airflow_venv/lib/python3.12/site-packages/airflow/example_dags/tutorial_dag.py
[2026-05-18T07:32:57.892+0000] {logging_mixin.py:190} INFO - [2026-05-18T07:32:57.892+0000] {dag.py:3239} INFO - Sync 1 DAGs
[2026-05-18T07:32:57.910+0000] {logging_mixin.py:190} INFO - [2026-05-18T07:32:57.910+0000] {dag.py:4180} INFO - Setting next_dagrun for tutorial_dag to None, run_after=None
[2026-05-18T07:32:57.945+0000] {processor.py:208} INFO - Processing /home/noelsdavid/airflow_venv/lib/python3.12/site-packages/airflow/example_dags/tutorial_dag.py took 0.101 seconds
[2026-05-18T07:34:07.106+0000] {processor.py:186} INFO - Started process (PID=18682) to work on /home/noelsdavid/airflow_venv/lib/python3.12/site-packages/airflow/example_dags/tutorial_dag.py
[2026-05-18T07:34:07.108+0000] {processor.py:914} INFO - Processing file /home/noelsdavid/airflow_venv/lib/python3.12/site-packages/airflow/example_dags/tutorial_dag.py for tasks to queue
[2026-05-18T07:34:07.112+0000] {logging_mixin.py:190} INFO - [2026-05-18T07:34:07.111+0000] {dagbag.py:588} INFO - Filling up the DagBag from /home/noelsdavid/airflow_venv/lib/python3.12/site-packages/airflow/example_dags/tutorial_dag.py
[2026-05-18T07:34:07.123+0000] {processor.py:925} INFO - DAG(s) 'tutorial_dag' retrieved from /home/noelsdavid/airflow_venv/lib/python3.12/site-packages/airflow/example_dags/tutorial_dag.py
[2026-05-18T07:34:07.145+0000] {logging_mixin.py:190} INFO - [2026-05-18T07:34:07.145+0000] {dag.py:3239} INFO - Sync 1 DAGs
[2026-05-18T07:34:07.162+0000] {logging_mixin.py:190} INFO - [2026-05-18T07:34:07.162+0000] {dag.py:4180} INFO - Setting next_dagrun for tutorial_dag to None, run_after=None
[2026-05-18T07:34:07.195+0000] {processor.py:208} INFO - Processing /home/noelsdavid/airflow_venv/lib/python3.12/site-packages/airflow/example_dags/tutorial_dag.py took 0.098 seconds
[2026-05-18T07:35:22.832+0000] {processor.py:186} INFO - Started process (PID=18785) to work on /home/noelsdavid/airflow_venv/lib/python3.12/site-packages/airflow/example_dags/tutorial_dag.py
[2026-05-18T07:35:22.835+0000] {processor.py:914} INFO - Processing file /home/noelsdavid/airflow_venv/lib/python3.12/site-packages/airflow/example_dags/tutorial_dag.py for tasks to queue
[2026-05-18T07:35:22.838+0000] {logging_mixin.py:190} INFO - [2026-05-18T07:35:22.837+0000] {dagbag.py:588} INFO - Filling up the DagBag from /home/noelsdavid/airflow_venv/lib/python3.12/site-packages/airflow/example_dags/tutorial_dag.py
[2026-05-18T07:35:22.852+0000] {processor.py:925} INFO - DAG(s) 'tutorial_dag' retrieved from /home/noelsdavid/airflow_venv/lib/python3.12/site-packages/airflow/example_dags/tutorial_dag.py
[2026-05-18T07:35:22.874+0000] {logging_mixin.py:190} INFO - [2026-05-18T07:35:22.873+0000] {dag.py:3239} INFO - Sync 1 DAGs
[2026-05-18T07:35:22.891+0000] {logging_mixin.py:190} INFO - [2026-05-18T07:35:22.891+0000] {dag.py:4180} INFO - Setting next_dagrun for tutorial_dag to None, run_after=None
[2026-05-18T07:35:22.925+0000] {processor.py:208} INFO - Processing /home/noelsdavid/airflow_venv/lib/python3.12/site-packages/airflow/example_dags/tutorial_dag.py took 0.102 seconds
[2026-05-18T07:36:30.502+0000] {processor.py:186} INFO - Started process (PID=18861) to work on /home/noelsdavid/airflow_venv/lib/python3.12/site-packages/airflow/example_dags/tutorial_dag.py
[2026-05-18T07:36:30.504+0000] {processor.py:914} INFO - Processing file /home/noelsdavid/airflow_venv/lib/python3.12/site-packages/airflow/example_dags/tutorial_dag.py for tasks to queue
[2026-05-18T07:36:30.507+0000] {logging_mixin.py:190} INFO - [2026-05-18T07:36:30.507+0000] {dagbag.py:588} INFO - Filling up the DagBag from /home/noelsdavid/airflow_venv/lib/python3.12/site-packages/airflow/example_dags/tutorial_dag.py
[2026-05-18T07:36:30.519+0000] {processor.py:925} INFO - DAG(s) 'tutorial_dag' retrieved from /home/noelsdavid/airflow_venv/lib/python3.12/site-packages/airflow/example_dags/tutorial_dag.py
[2026-05-18T07:36:30.541+0000] {logging_mixin.py:190} INFO - [2026-05-18T07:36:30.541+0000] {dag.py:3239} INFO - Sync 1 DAGs
[2026-05-18T07:36:30.559+0000] {logging_mixin.py:190} INFO - [2026-05-18T07:36:30.558+0000] {dag.py:4180} INFO - Setting next_dagrun for tutorial_dag to None, run_after=None
[2026-05-18T07:36:30.591+0000] {processor.py:208} INFO - Processing /home/noelsdavid/airflow_venv/lib/python3.12/site-packages/airflow/example_dags/tutorial_dag.py took 0.100 seconds
[2026-05-18T07:37:42.249+0000] {processor.py:186} INFO - Started process (PID=18939) to work on /home/noelsdavid/airflow_venv/lib/python3.12/site-packages/airflow/example_dags/tutorial_dag.py
[2026-05-18T07:37:42.251+0000] {processor.py:914} INFO - Processing file /home/noelsdavid/airflow_venv/lib/python3.12/site-packages/airflow/example_dags/tutorial_dag.py for tasks to queue
[2026-05-18T07:37:42.254+0000] {logging_mixin.py:190} INFO - [2026-05-18T07:37:42.253+0000] {dagbag.py:588} INFO - Filling up the DagBag from /home/noelsdavid/airflow_venv/lib/python3.12/site-packages/airflow/example_dags/tutorial_dag.py
[2026-05-18T07:37:42.266+0000] {processor.py:925} INFO - DAG(s) 'tutorial_dag' retrieved from /home/noelsdavid/airflow_venv/lib/python3.12/site-packages/airflow/example_dags/tutorial_dag.py
[2026-05-18T07:37:42.288+0000] {logging_mixin.py:190} INFO - [2026-05-18T07:37:42.288+0000] {dag.py:3239} INFO - Sync 1 DAGs
[2026-05-18T07:37:42.308+0000] {logging_mixin.py:190} INFO - [2026-05-18T07:37:42.307+0000] {dag.py:4180} INFO - Setting next_dagrun for tutorial_dag to None, run_after=None
[2026-05-18T07:37:42.345+0000] {processor.py:208} INFO - Processing /home/noelsdavid/airflow_venv/lib/python3.12/site-packages/airflow/example_dags/tutorial_dag.py took 0.106 seconds
[2026-05-18T07:38:50.269+0000] {processor.py:186} INFO - Started process (PID=19016) to work on /home/noelsdavid/airflow_venv/lib/python3.12/site-packages/airflow/example_dags/tutorial_dag.py
[2026-05-18T07:38:50.272+0000] {processor.py:914} INFO - Processing file /home/noelsdavid/airflow_venv/lib/python3.12/site-packages/airflow/example_dags/tutorial_dag.py for tasks to queue
[2026-05-18T07:38:50.275+0000] {logging_mixin.py:190} INFO - [2026-05-18T07:38:50.274+0000] {dagbag.py:588} INFO - Filling up the DagBag from /home/noelsdavid/airflow_venv/lib/python3.12/site-packages/airflow/example_dags/tutorial_dag.py
[2026-05-18T07:38:50.286+0000] {processor.py:925} INFO - DAG(s) 'tutorial_dag' retrieved from /home/noelsdavid/airflow_venv/lib/python3.12/site-packages/airflow/example_dags/tutorial_dag.py
[2026-05-18T07:38:50.309+0000] {logging_mixin.py:190} INFO - [2026-05-18T07:38:50.309+0000] {dag.py:3239} INFO - Sync 1 DAGs
[2026-05-18T07:38:50.326+0000] {logging_mixin.py:190} INFO - [2026-05-18T07:38:50.326+0000] {dag.py:4180} INFO - Setting next_dagrun for tutorial_dag to None, run_after=None
[2026-05-18T07:38:50.358+0000] {processor.py:208} INFO - Processing /home/noelsdavid/airflow_venv/lib/python3.12/site-packages/airflow/example_dags/tutorial_dag.py took 0.100 seconds
[2026-05-18T07:40:02.891+0000] {processor.py:186} INFO - Started process (PID=19094) to work on /home/noelsdavid/airflow_venv/lib/python3.12/site-packages/airflow/example_dags/tutorial_dag.py
[2026-05-18T07:40:02.896+0000] {processor.py:914} INFO - Processing file /home/noelsdavid/airflow_venv/lib/python3.12/site-packages/airflow/example_dags/tutorial_dag.py for tasks to queue
[2026-05-18T07:40:02.901+0000] {logging_mixin.py:190} INFO - [2026-05-18T07:40:02.900+0000] {dagbag.py:588} INFO - Filling up the DagBag from /home/noelsdavid/airflow_venv/lib/python3.12/site-packages/airflow/example_dags/tutorial_dag.py
[2026-05-18T07:40:02.921+0000] {processor.py:925} INFO - DAG(s) 'tutorial_dag' retrieved from /home/noelsdavid/airflow_venv/lib/python3.12/site-packages/airflow/example_dags/tutorial_dag.py
[2026-05-18T07:40:02.983+0000] {logging_mixin.py:190} INFO - [2026-05-18T07:40:02.982+0000] {dag.py:3239} INFO - Sync 1 DAGs
[2026-05-18T07:40:03.022+0000] {logging_mixin.py:190} INFO - [2026-05-18T07:40:03.021+0000] {dag.py:4180} INFO - Setting next_dagrun for tutorial_dag to None, run_after=None
[2026-05-18T07:40:03.095+0000] {processor.py:208} INFO - Processing /home/noelsdavid/airflow_venv/lib/python3.12/site-packages/airflow/example_dags/tutorial_dag.py took 0.219 seconds
                                                                                                                                                                                                                                                                                                                                                                                                                                                                                                                                                                                                                                                                                                                                                                                                                                                                                                                                                                                                                                                                                                                                                                                                                                                                                                                                          