[2026-05-18T06:00:18.494+0000] {processor.py:186} INFO - Started process (PID=6873) to work on /home/noelsdavid/airflow_venv/lib/python3.12/site-packages/airflow/example_dags/tutorial.py
[2026-05-18T06:00:18.495+0000] {processor.py:914} INFO - Processing file /home/noelsdavid/airflow_venv/lib/python3.12/site-packages/airflow/example_dags/tutorial.py for tasks to queue
[2026-05-18T06:00:18.498+0000] {logging_mixin.py:190} INFO - [2026-05-18T06:00:18.497+0000] {dagbag.py:588} INFO - Filling up the DagBag from /home/noelsdavid/airflow_venv/lib/python3.12/site-packages/airflow/example_dags/tutorial.py
[2026-05-18T06:00:18.510+0000] {processor.py:925} INFO - DAG(s) 'tutorial' retrieved from /home/noelsdavid/airflow_venv/lib/python3.12/site-packages/airflow/example_dags/tutorial.py
[2026-05-18T06:00:18.652+0000] {logging_mixin.py:190} INFO - [2026-05-18T06:00:18.652+0000] {override.py:1911} INFO - Created Permission View: can edit on DAG:tutorial
[2026-05-18T06:00:18.671+0000] {logging_mixin.py:190} INFO - [2026-05-18T06:00:18.671+0000] {override.py:1911} INFO - Created Permission View: can delete on DAG:tutorial
[2026-05-18T06:00:18.687+0000] {logging_mixin.py:190} INFO - [2026-05-18T06:00:18.686+0000] {override.py:1911} INFO - Created Permission View: can read on DAG:tutorial
[2026-05-18T06:00:18.711+0000] {logging_mixin.py:190} INFO - [2026-05-18T06:00:18.711+0000] {override.py:1911} INFO - Created Permission View: can delete on DAG Run:tutorial
[2026-05-18T06:00:18.725+0000] {logging_mixin.py:190} INFO - [2026-05-18T06:00:18.724+0000] {override.py:1911} INFO - Created Permission View: menu access on DAG Run:tutorial
[2026-05-18T06:00:18.738+0000] {logging_mixin.py:190} INFO - [2026-05-18T06:00:18.737+0000] {override.py:1911} INFO - Created Permission View: can create on DAG Run:tutorial
[2026-05-18T06:00:18.752+0000] {logging_mixin.py:190} INFO - [2026-05-18T06:00:18.751+0000] {override.py:1911} INFO - Created Permission View: can read on DAG Run:tutorial
[2026-05-18T06:00:18.752+0000] {logging_mixin.py:190} INFO - [2026-05-18T06:00:18.752+0000] {dag.py:3239} INFO - Sync 1 DAGs
[2026-05-18T06:00:18.766+0000] {logging_mixin.py:190} INFO - [2026-05-18T06:00:18.766+0000] {dag.py:3262} INFO - Creating ORM DAG for tutorial
[2026-05-18T06:00:18.776+0000] {logging_mixin.py:190} INFO - [2026-05-18T06:00:18.776+0000] {dag.py:4180} INFO - Setting next_dagrun for tutorial to 2026-05-17 00:00:00+00:00, run_after=2026-05-18 00:00:00+00:00
[2026-05-18T06:00:18.804+0000] {processor.py:208} INFO - Processing /home/noelsdavid/airflow_venv/lib/python3.12/site-packages/airflow/example_dags/tutorial.py took 0.317 seconds
[2026-05-18T06:01:28.859+0000] {processor.py:186} INFO - Started process (PID=6959) to work on /home/noelsdavid/airflow_venv/lib/python3.12/site-packages/airflow/example_dags/tutorial.py
[2026-05-18T06:01:28.862+0000] {processor.py:914} INFO - Processing file /home/noelsdavid/airflow_venv/lib/python3.12/site-packages/airflow/example_dags/tutorial.py for tasks to queue
[2026-05-18T06:01:28.864+0000] {logging_mixin.py:190} INFO - [2026-05-18T06:01:28.864+0000] {dagbag.py:588} INFO - Filling up the DagBag from /home/noelsdavid/airflow_venv/lib/python3.12/site-packages/airflow/example_dags/tutorial.py
[2026-05-18T06:01:28.875+0000] {processor.py:925} INFO - DAG(s) 'tutorial' retrieved from /home/noelsdavid/airflow_venv/lib/python3.12/site-packages/airflow/example_dags/tutorial.py
[2026-05-18T06:01:28.895+0000] {logging_mixin.py:190} INFO - [2026-05-18T06:01:28.895+0000] {dag.py:3239} INFO - Sync 1 DAGs
[2026-05-18T06:01:28.921+0000] {logging_mixin.py:190} INFO - [2026-05-18T06:01:28.921+0000] {dag.py:4180} INFO - Setting next_dagrun for tutorial to 2026-05-17 00:00:00+00:00, run_after=2026-05-18 00:00:00+00:00
[2026-05-18T06:01:28.949+0000] {processor.py:208} INFO - Processing /home/noelsdavid/airflow_venv/lib/python3.12/site-packages/airflow/example_dags/tutorial.py took 0.097 seconds
[2026-05-18T06:02:28.856+0000] {processor.py:186} INFO - Started process (PID=7019) to work on /home/noelsdavid/airflow_venv/lib/python3.12/site-packages/airflow/example_dags/tutorial.py
[2026-05-18T06:02:28.859+0000] {processor.py:914} INFO - Processing file /home/noelsdavid/airflow_venv/lib/python3.12/site-packages/airflow/example_dags/tutorial.py for tasks to queue
[2026-05-18T06:02:28.861+0000] {logging_mixin.py:190} INFO - [2026-05-18T06:02:28.861+0000] {dagbag.py:588} INFO - Filling up the DagBag from /home/noelsdavid/airflow_venv/lib/python3.12/site-packages/airflow/example_dags/tutorial.py
[2026-05-18T06:02:28.872+0000] {processor.py:925} INFO - DAG(s) 'tutorial' retrieved from /home/noelsdavid/airflow_venv/lib/python3.12/site-packages/airflow/example_dags/tutorial.py
[2026-05-18T06:02:28.892+0000] {logging_mixin.py:190} INFO - [2026-05-18T06:02:28.892+0000] {dag.py:3239} INFO - Sync 1 DAGs
[2026-05-18T06:02:28.915+0000] {logging_mixin.py:190} INFO - [2026-05-18T06:02:28.915+0000] {dag.py:4180} INFO - Setting next_dagrun for tutorial to 2026-05-17 00:00:00+00:00, run_after=2026-05-18 00:00:00+00:00
[2026-05-18T06:02:28.946+0000] {processor.py:208} INFO - Processing /home/noelsdavid/airflow_venv/lib/python3.12/site-packages/airflow/example_dags/tutorial.py took 0.097 seconds
[2026-05-18T06:03:27.997+0000] {processor.py:186} INFO - Started process (PID=7076) to work on /home/noelsdavid/airflow_venv/lib/python3.12/site-packages/airflow/example_dags/tutorial.py
[2026-05-18T06:03:28.023+0000] {processor.py:914} INFO - Processing file /home/noelsdavid/airflow_venv/lib/python3.12/site-packages/airflow/example_dags/tutorial.py for tasks to queue
[2026-05-18T06:03:28.026+0000] {logging_mixin.py:190} INFO - [2026-05-18T06:03:28.025+0000] {dagbag.py:588} INFO - Filling up the DagBag from /home/noelsdavid/airflow_venv/lib/python3.12/site-packages/airflow/example_dags/tutorial.py
[2026-05-18T06:03:28.036+0000] {processor.py:925} INFO - DAG(s) 'tutorial' retrieved from /home/noelsdavid/airflow_venv/lib/python3.12/site-packages/airflow/example_dags/tutorial.py
[2026-05-18T06:03:28.056+0000] {logging_mixin.py:190} INFO - [2026-05-18T06:03:28.056+0000] {dag.py:3239} INFO - Sync 1 DAGs
[2026-05-18T06:03:28.081+0000] {logging_mixin.py:190} INFO - [2026-05-18T06:03:28.081+0000] {dag.py:4180} INFO - Setting next_dagrun for tutorial to 2026-05-17 00:00:00+00:00, run_after=2026-05-18 00:00:00+00:00
[2026-05-18T06:03:28.109+0000] {processor.py:208} INFO - Processing /home/noelsdavid/airflow_venv/lib/python3.12/site-packages/airflow/example_dags/tutorial.py took 0.120 seconds
[2026-05-18T06:04:28.557+0000] {processor.py:186} INFO - Started process (PID=7136) to work on /home/noelsdavid/airflow_venv/lib/python3.12/site-packages/airflow/example_dags/tutorial.py
[2026-05-18T06:04:28.560+0000] {processor.py:914} INFO - Processing file /home/noelsdavid/airflow_venv/lib/python3.12/site-packages/airflow/example_dags/tutorial.py for tasks to queue
[2026-05-18T06:04:28.563+0000] {logging_mixin.py:190} INFO - [2026-05-18T06:04:28.562+0000] {dagbag.py:588} INFO - Filling up the DagBag from /home/noelsdavid/airflow_venv/lib/python3.12/site-packages/airflow/example_dags/tutorial.py
[2026-05-18T06:04:28.574+0000] {processor.py:925} INFO - DAG(s) 'tutorial' retrieved from /home/noelsdavid/airflow_venv/lib/python3.12/site-packages/airflow/example_dags/tutorial.py
[2026-05-18T06:04:28.595+0000] {logging_mixin.py:190} INFO - [2026-05-18T06:04:28.595+0000] {dag.py:3239} INFO - Sync 1 DAGs
[2026-05-18T06:04:28.620+0000] {logging_mixin.py:190} INFO - [2026-05-18T06:04:28.620+0000] {dag.py:4180} INFO - Setting next_dagrun for tutorial to 2026-05-17 00:00:00+00:00, run_after=2026-05-18 00:00:00+00:00
[2026-05-18T06:04:28.650+0000] {processor.py:208} INFO - Processing /home/noelsdavid/airflow_venv/lib/python3.12/site-packages/airflow/example_dags/tutorial.py took 0.100 seconds
[2026-05-18T06:05:38.804+0000] {processor.py:186} INFO - Started process (PID=7227) to work on /home/noelsdavid/airflow_venv/lib/python3.12/site-packages/airflow/example_dags/tutorial.py
[2026-05-18T06:05:38.834+0000] {processor.py:914} INFO - Processing file /home/noelsdavid/airflow_venv/lib/python3.12/site-packages/airflow/example_dags/tutorial.py for tasks to queue
[2026-05-18T06:05:38.837+0000] {logging_mixin.py:190} INFO - [2026-05-18T06:05:38.837+0000] {dagbag.py:588} INFO - Filling up the DagBag from /home/noelsdavid/airflow_venv/lib/python3.12/site-packages/airflow/example_dags/tutorial.py
[2026-05-18T06:05:39.019+0000] {processor.py:925} INFO - DAG(s) 'tutorial' retrieved from /home/noelsdavid/airflow_venv/lib/python3.12/site-packages/airflow/example_dags/tutorial.py
[2026-05-18T06:05:39.035+0000] {logging_mixin.py:190} INFO - [2026-05-18T06:05:39.034+0000] {dag.py:3239} INFO - Sync 1 DAGs
[2026-05-18T06:05:39.059+0000] {logging_mixin.py:190} INFO - [2026-05-18T06:05:39.059+0000] {dag.py:4180} INFO - Setting next_dagrun for tutorial to 2026-05-17 00:00:00+00:00, run_after=2026-05-18 00:00:00+00:00
[2026-05-18T06:05:39.087+0000] {processor.py:208} INFO - Processing /home/noelsdavid/airflow_venv/lib/python3.12/site-packages/airflow/example_dags/tutorial.py took 0.291 seconds
[2026-05-18T06:06:42.454+0000] {processor.py:186} INFO - Started process (PID=7288) to work on /home/noelsdavid/airflow_venv/lib/python3.12/site-packages/airflow/example_dags/tutorial.py
[2026-05-18T06:06:42.483+0000] {processor.py:914} INFO - Processing file /home/noelsdavid/airflow_venv/lib/python3.12/site-packages/airflow/example_dags/tutorial.py for tasks to queue
[2026-05-18T06:06:42.486+0000] {logging_mixin.py:190} INFO - [2026-05-18T06:06:42.486+0000] {dagbag.py:588} INFO - Filling up the DagBag from /home/noelsdavid/airflow_venv/lib/python3.12/site-packages/airflow/example_dags/tutorial.py
[2026-05-18T06:06:42.498+0000] {processor.py:925} INFO - DAG(s) 'tutorial' retrieved from /home/noelsdavid/airflow_venv/lib/python3.12/site-packages/airflow/example_dags/tutorial.py
[2026-05-18T06:06:42.522+0000] {logging_mixin.py:190} INFO - [2026-05-18T06:06:42.521+0000] {dag.py:3239} INFO - Sync 1 DAGs
[2026-05-18T06:06:42.551+0000] {logging_mixin.py:190} INFO - [2026-05-18T06:06:42.551+0000] {dag.py:4180} INFO - Setting next_dagrun for tutorial to 2026-05-17 00:00:00+00:00, run_after=2026-05-18 00:00:00+00:00
[2026-05-18T06:06:42.584+0000] {processor.py:208} INFO - Processing /home/noelsdavid/airflow_venv/lib/python3.12/site-packages/airflow/example_dags/tutorial.py took 0.139 seconds
[2026-05-18T06:07:38.592+0000] {processor.py:186} INFO - Started process (PID=7346) to work on /home/noelsdavid/airflow_venv/lib/python3.12/site-packages/airflow/example_dags/tutorial.py
[2026-05-18T06:07:38.595+0000] {processor.py:914} INFO - Processing file /home/noelsdavid/airflow_venv/lib/python3.12/site-packages/airflow/example_dags/tutorial.py for tasks to queue
[2026-05-18T06:07:38.598+0000] {logging_mixin.py:190} INFO - [2026-05-18T06:07:38.597+0000] {dagbag.py:588} INFO - Filling up the DagBag from /home/noelsdavid/airflow_venv/lib/python3.12/site-packages/airflow/example_dags/tutorial.py
[2026-05-18T06:07:38.610+0000] {processor.py:925} INFO - DAG(s) 'tutorial' retrieved from /home/noelsdavid/airflow_venv/lib/python3.12/site-packages/airflow/example_dags/tutorial.py
[2026-05-18T06:07:38.632+0000] {logging_mixin.py:190} INFO - [2026-05-18T06:07:38.631+0000] {dag.py:3239} INFO - Sync 1 DAGs
[2026-05-18T06:07:38.661+0000] {logging_mixin.py:190} INFO - [2026-05-18T06:07:38.661+0000] {dag.py:4180} INFO - Setting next_dagrun for tutorial to 2026-05-17 00:00:00+00:00, run_after=2026-05-18 00:00:00+00:00
[2026-05-18T06:07:38.693+0000] {processor.py:208} INFO - Processing /home/noelsdavid/airflow_venv/lib/python3.12/site-packages/airflow/example_dags/tutorial.py took 0.108 seconds
[2026-05-18T06:08:46.387+0000] {processor.py:186} INFO - Started process (PID=7409) to work on /home/noelsdavid/airflow_venv/lib/python3.12/site-packages/airflow/example_dags/tutorial.py
[2026-05-18T06:08:46.390+0000] {processor.py:914} INFO - Processing file /home/noelsdavid/airflow_venv/lib/python3.12/site-packages/airflow/example_dags/tutorial.py for tasks to queue
[2026-05-18T06:08:46.393+0000] {logging_mixin.py:190} INFO - [2026-05-18T06:08:46.392+0000] {dagbag.py:588} INFO - Filling up the DagBag from /home/noelsdavid/airflow_venv/lib/python3.12/site-packages/airflow/example_dags/tutorial.py
[2026-05-18T06:08:46.405+0000] {processor.py:925} INFO - DAG(s) 'tutorial' retrieved from /home/noelsdavid/airflow_venv/lib/python3.12/site-packages/airflow/example_dags/tutorial.py
[2026-05-18T06:08:46.428+0000] {logging_mixin.py:190} INFO - [2026-05-18T06:08:46.427+0000] {dag.py:3239} INFO - Sync 1 DAGs
[2026-05-18T06:08:46.456+0000] {logging_mixin.py:190} INFO - [2026-05-18T06:08:46.456+0000] {dag.py:4180} INFO - Setting next_dagrun for tutorial to 2026-05-17 00:00:00+00:00, run_after=2026-05-18 00:00:00+00:00
[2026-05-18T06:08:46.489+0000] {processor.py:208} INFO - Processing /home/noelsdavid/airflow_venv/lib/python3.12/site-packages/airflow/example_dags/tutorial.py took 0.111 seconds
[2026-05-18T06:09:48.661+0000] {processor.py:186} INFO - Started process (PID=7468) to work on /home/noelsdavid/airflow_venv/lib/python3.12/site-packages/airflow/example_dags/tutorial.py
[2026-05-18T06:09:48.663+0000] {processor.py:914} INFO - Processing file /home/noelsdavid/airflow_venv/lib/python3.12/site-packages/airflow/example_dags/tutorial.py for tasks to queue
[2026-05-18T06:09:48.667+0000] {logging_mixin.py:190} INFO - [2026-05-18T06:09:48.666+0000] {dagbag.py:588} INFO - Filling up the DagBag from /home/noelsdavid/airflow_venv/lib/python3.12/site-packages/airflow/example_dags/tutorial.py
[2026-05-18T06:09:48.680+0000] {processor.py:925} INFO - DAG(s) 'tutorial' retrieved from /home/noelsdavid/airflow_venv/lib/python3.12/site-packages/airflow/example_dags/tutorial.py
[2026-05-18T06:09:48.702+0000] {logging_mixin.py:190} INFO - [2026-05-18T06:09:48.702+0000] {dag.py:3239} INFO - Sync 1 DAGs
[2026-05-18T06:09:48.733+0000] {logging_mixin.py:190} INFO - [2026-05-18T06:09:48.732+0000] {dag.py:4180} INFO - Setting next_dagrun for tutorial to 2026-05-17 00:00:00+00:00, run_after=2026-05-18 00:00:00+00:00
[2026-05-18T06:09:48.765+0000] {processor.py:208} INFO - Processing /home/noelsdavid/airflow_venv/lib/python3.12/site-packages/airflow/example_dags/tutorial.py took 0.112 seconds
[2026-05-18T06:10:48.203+0000] {processor.py:186} INFO - Started process (PID=7551) to work on /home/noelsdavid/airflow_venv/lib/python3.12/site-packages/airflow/example_dags/tutorial.py
[2026-05-18T06:10:48.206+0000] {processor.py:914} INFO - Processing file /home/noelsdavid/airflow_venv/lib/python3.12/site-packages/airflow/example_dags/tutorial.py for tasks to queue
[2026-05-18T06:10:48.209+0000] {logging_mixin.py:190} INFO - [2026-05-18T06:10:48.209+0000] {dagbag.py:588} INFO - Filling up the DagBag from /home/noelsdavid/airflow_venv/lib/python3.12/site-packages/airflow/example_dags/tutorial.py
[2026-05-18T06:10:48.221+0000] {processor.py:925} INFO - DAG(s) 'tutorial' retrieved from /home/noelsdavid/airflow_venv/lib/python3.12/site-packages/airflow/example_dags/tutorial.py
[2026-05-18T06:10:48.243+0000] {logging_mixin.py:190} INFO - [2026-05-18T06:10:48.242+0000] {dag.py:3239} INFO - Sync 1 DAGs
[2026-05-18T06:10:48.269+0000] {logging_mixin.py:190} INFO - [2026-05-18T06:10:48.269+0000] {dag.py:4180} INFO - Setting next_dagrun for tutorial to 2026-05-17 00:00:00+00:00, run_after=2026-05-18 00:00:00+00:00
[2026-05-18T06:10:48.299+0000] {processor.py:208} INFO - Processing /home/noelsdavid/airflow_venv/lib/python3.12/site-packages/airflow/example_dags/tutorial.py took 0.104 seconds
[2026-05-18T06:11:48.491+0000] {processor.py:186} INFO - Started process (PID=7611) to work on /home/noelsdavid/airflow_venv/lib/python3.12/site-packages/airflow/example_dags/tutorial.py
[2026-05-18T06:11:48.494+0000] {processor.py:914} INFO - Processing file /home/noelsdavid/airflow_venv/lib/python3.12/site-packages/airflow/example_dags/tutorial.py for tasks to queue
[2026-05-18T06:11:48.497+0000] {logging_mixin.py:190} INFO - [2026-05-18T06:11:48.497+0000] {dagbag.py:588} INFO - Filling up the DagBag from /home/noelsdavid/airflow_venv/lib/python3.12/site-packages/airflow/example_dags/tutorial.py
[2026-05-18T06:11:48.509+0000] {processor.py:925} INFO - DAG(s) 'tutorial' retrieved from /home/noelsdavid/airflow_venv/lib/python3.12/site-packages/airflow/example_dags/tutorial.py
[2026-05-18T06:11:48.531+0000] {logging_mixin.py:190} INFO - [2026-05-18T06:11:48.531+0000] {dag.py:3239} INFO - Sync 1 DAGs
[2026-05-18T06:11:48.558+0000] {logging_mixin.py:190} INFO - [2026-05-18T06:11:48.558+0000] {dag.py:4180} INFO - Setting next_dagrun for tutorial to 2026-05-17 00:00:00+00:00, run_after=2026-05-18 00:00:00+00:00
[2026-05-18T06:11:48.588+0000] {processor.py:208} INFO - Processing /home/noelsdavid/airflow_venv/lib/python3.12/site-packages/airflow/example_dags/tutorial.py took 0.106 seconds
[2026-05-18T06:12:46.204+0000] {processor.py:186} INFO - Started process (PID=7669) to work on /home/noelsdavid/airflow_venv/lib/python3.12/site-packages/airflow/example_dags/tutorial.py
[2026-05-18T06:12:46.206+0000] {processor.py:914} INFO - Processing file /home/noelsdavid/airflow_venv/lib/python3.12/site-packages/airflow/example_dags/tutorial.py for tasks to queue
[2026-05-18T06:12:46.210+0000] {logging_mixin.py:190} INFO - [2026-05-18T06:12:46.209+0000] {dagbag.py:588} INFO - Filling up the DagBag from /home/noelsdavid/airflow_venv/lib/python3.12/site-packages/airflow/example_dags/tutorial.py
[2026-05-18T06:12:46.222+0000] {processor.py:925} INFO - DAG(s) 'tutorial' retrieved from /home/noelsdavid/airflow_venv/lib/python3.12/site-packages/airflow/example_dags/tutorial.py
[2026-05-18T06:12:46.246+0000] {logging_mixin.py:190} INFO - [2026-05-18T06:12:46.246+0000] {dag.py:3239} INFO - Sync 1 DAGs
[2026-05-18T06:12:46.275+0000] {logging_mixin.py:190} INFO - [2026-05-18T06:12:46.274+0000] {dag.py:4180} INFO - Setting next_dagrun for tutorial to 2026-05-17 00:00:00+00:00, run_after=2026-05-18 00:00:00+00:00
[2026-05-18T06:12:46.310+0000] {processor.py:208} INFO - Processing /home/noelsdavid/airflow_venv/lib/python3.12/site-packages/airflow/example_dags/tutorial.py took 0.115 seconds
[2026-05-18T06:13:50.986+0000] {processor.py:186} INFO - Started process (PID=7729) to work on /home/noelsdavid/airflow_venv/lib/python3.12/site-packages/airflow/example_dags/tutorial.py
[2026-05-18T06:13:50.988+0000] {processor.py:914} INFO - Processing file /home/noelsdavid/airflow_venv/lib/python3.12/site-packages/airflow/example_dags/tutorial.py for tasks to queue
[2026-05-18T06:13:50.992+0000] {logging_mixin.py:190} INFO - [2026-05-18T06:13:50.991+0000] {dagbag.py:588} INFO - Filling up the DagBag from /home/noelsdavid/airflow_venv/lib/python3.12/site-packages/airflow/example_dags/tutorial.py
[2026-05-18T06:13:51.005+0000] {processor.py:925} INFO - DAG(s) 'tutorial' retrieved from /home/noelsdavid/airflow_venv/lib/python3.12/site-packages/airflow/example_dags/tutorial.py
[2026-05-18T06:13:51.027+0000] {logging_mixin.py:190} INFO - [2026-05-18T06:13:51.027+0000] {dag.py:3239} INFO - Sync 1 DAGs
[2026-05-18T06:13:51.057+0000] {logging_mixin.py:190} INFO - [2026-05-18T06:13:51.057+0000] {dag.py:4180} INFO - Setting next_dagrun for tutorial to 2026-05-17 00:00:00+00:00, run_after=2026-05-18 00:00:00+00:00
[2026-05-18T06:13:51.090+0000] {processor.py:208} INFO - Processing /home/noelsdavid/airflow_venv/lib/python3.12/site-packages/airflow/example_dags/tutorial.py took 0.113 seconds
[2026-05-18T06:14:50.665+0000] {processor.py:186} INFO - Started process (PID=7788) to work on /home/noelsdavid/airflow_venv/lib/python3.12/site-packages/airflow/example_dags/tutorial.py
[2026-05-18T06:14:50.667+0000] {processor.py:914} INFO - Processing file /home/noelsdavid/airflow_venv/lib/python3.12/site-packages/airflow/example_dags/tutorial.py for tasks to queue
[2026-05-18T06:14:50.671+0000] {logging_mixin.py:190} INFO - [2026-05-18T06:14:50.670+0000] {dagbag.py:588} INFO - Filling up the DagBag from /home/noelsdavid/airflow_venv/lib/python3.12/site-packages/airflow/example_dags/tutorial.py
[2026-05-18T06:14:50.683+0000] {processor.py:925} INFO - DAG(s) 'tutorial' retrieved from /home/noelsdavid/airflow_venv/lib/python3.12/site-packages/airflow/example_dags/tutorial.py
[2026-05-18T06:14:50.706+0000] {logging_mixin.py:190} INFO - [2026-05-18T06:14:50.706+0000] {dag.py:3239} INFO - Sync 1 DAGs
[2026-05-18T06:14:50.736+0000] {logging_mixin.py:190} INFO - [2026-05-18T06:14:50.735+0000] {dag.py:4180} INFO - Setting next_dagrun for tutorial to 2026-05-17 00:00:00+00:00, run_after=2026-05-18 00:00:00+00:00
[2026-05-18T06:14:50.769+0000] {processor.py:208} INFO - Processing /home/noelsdavid/airflow_venv/lib/python3.12/site-packages/airflow/example_dags/tutorial.py took 0.113 seconds
[2026-05-18T06:15:55.559+0000] {processor.py:186} INFO - Started process (PID=8017) to work on /home/noelsdavid/airflow_venv/lib/python3.12/site-packages/airflow/example_dags/tutorial.py
[2026-05-18T06:15:55.562+0000] {processor.py:914} INFO - Processing file /home/noelsdavid/airflow_venv/lib/python3.12/site-packages/airflow/example_dags/tutorial.py for tasks to queue
[2026-05-18T06:15:55.566+0000] {logging_mixin.py:190} INFO - [2026-05-18T06:15:55.565+0000] {dagbag.py:588} INFO - Filling up the DagBag from /home/noelsdavid/airflow_venv/lib/python3.12/site-packages/airflow/example_dags/tutorial.py
[2026-05-18T06:15:55.579+0000] {processor.py:925} INFO - DAG(s) 'tutorial' retrieved from /home/noelsdavid/airflow_venv/lib/python3.12/site-packages/airflow/example_dags/tutorial.py
[2026-05-18T06:15:55.601+0000] {logging_mixin.py:190} INFO - [2026-05-18T06:15:55.601+0000] {dag.py:3239} INFO - Sync 1 DAGs
[2026-05-18T06:15:55.631+0000] {logging_mixin.py:190} INFO - [2026-05-18T06:15:55.631+0000] {dag.py:4180} INFO - Setting next_dagrun for tutorial to 2026-05-17 00:00:00+00:00, run_after=2026-05-18 00:00:00+00:00
[2026-05-18T06:15:55.664+0000] {processor.py:208} INFO - Processing /home/noelsdavid/airflow_venv/lib/python3.12/site-packages/airflow/example_dags/tutorial.py took 0.113 seconds
[2026-05-18T06:16:58.135+0000] {processor.py:186} INFO - Started process (PID=8179) to work on /home/noelsdavid/airflow_venv/lib/python3.12/site-packages/airflow/example_dags/tutorial.py
[2026-05-18T06:16:58.137+0000] {processor.py:914} INFO - Processing file /home/noelsdavid/airflow_venv/lib/python3.12/site-packages/airflow/example_dags/tutorial.py for tasks to queue
[2026-05-18T06:16:58.140+0000] {logging_mixin.py:190} INFO - [2026-05-18T06:16:58.140+0000] {dagbag.py:588} INFO - Filling up the DagBag from /home/noelsdavid/airflow_venv/lib/python3.12/site-packages/airflow/example_dags/tutorial.py
[2026-05-18T06:16:58.152+0000] {processor.py:925} INFO - DAG(s) 'tutorial' retrieved from /home/noelsdavid/airflow_venv/lib/python3.12/site-packages/airflow/example_dags/tutorial.py
[2026-05-18T06:16:58.174+0000] {logging_mixin.py:190} INFO - [2026-05-18T06:16:58.174+0000] {dag.py:3239} INFO - Sync 1 DAGs
[2026-05-18T06:16:58.200+0000] {logging_mixin.py:190} INFO - [2026-05-18T06:16:58.200+0000] {dag.py:4180} INFO - Setting next_dagrun for tutorial to 2026-05-17 00:00:00+00:00, run_after=2026-05-18 00:00:00+00:00
[2026-05-18T06:16:58.229+0000] {processor.py:208} INFO - Processing /home/noelsdavid/airflow_venv/lib/python3.12/site-packages/airflow/example_dags/tutorial.py took 0.102 seconds
[2026-05-18T06:18:01.723+0000] {processor.py:186} INFO - Started process (PID=8391) to work on /home/noelsdavid/airflow_venv/lib/python3.12/site-packages/airflow/example_dags/tutorial.py
[2026-05-18T06:18:01.726+0000] {processor.py:914} INFO - Processing file /home/noelsdavid/airflow_venv/lib/python3.12/site-packages/airflow/example_dags/tutorial.py for tasks to queue
[2026-05-18T06:18:01.732+0000] {logging_mixin.py:190} INFO - [2026-05-18T06:18:01.731+0000] {dagbag.py:588} INFO - Filling up the DagBag from /home/noelsdavid/airflow_venv/lib/python3.12/site-packages/airflow/example_dags/tutorial.py
[2026-05-18T06:18:01.752+0000] {processor.py:925} INFO - DAG(s) 'tutorial' retrieved from /home/noelsdavid/airflow_venv/lib/python3.12/site-packages/airflow/example_dags/tutorial.py
[2026-05-18T06:18:01.793+0000] {logging_mixin.py:190} INFO - [2026-05-18T06:18:01.792+0000] {dag.py:3239} INFO - Sync 1 DAGs
[2026-05-18T06:18:01.822+0000] {logging_mixin.py:190} INFO - [2026-05-18T06:18:01.822+0000] {dag.py:4180} INFO - Setting next_dagrun for tutorial to 2026-05-17 00:00:00+00:00, run_after=2026-05-18 00:00:00+00:00
[2026-05-18T06:18:01.862+0000] {processor.py:208} INFO - Processing /home/noelsdavid/airflow_venv/lib/python3.12/site-packages/airflow/example_dags/tutorial.py took 0.151 seconds
[2026-05-18T06:18:59.052+0000] {processor.py:186} INFO - Started process (PID=8502) to work on /home/noelsdavid/airflow_venv/lib/python3.12/site-packages/airflow/example_dags/tutorial.py
[2026-05-18T06:18:59.054+0000] {processor.py:914} INFO - Processing file /home/noelsdavid/airflow_venv/lib/python3.12/site-packages/airflow/example_dags/tutorial.py for tasks to queue
[2026-05-18T06:18:59.057+0000] {logging_mixin.py:190} INFO - [2026-05-18T06:18:59.056+0000] {dagbag.py:588} INFO - Filling up the DagBag from /home/noelsdavid/airflow_venv/lib/python3.12/site-packages/airflow/example_dags/tutorial.py
[2026-05-18T06:18:59.069+0000] {processor.py:925} INFO - DAG(s) 'tutorial' retrieved from /home/noelsdavid/airflow_venv/lib/python3.12/site-packages/airflow/example_dags/tutorial.py
[2026-05-18T06:18:59.090+0000] {logging_mixin.py:190} INFO - [2026-05-18T06:18:59.090+0000] {dag.py:3239} INFO - Sync 1 DAGs
[2026-05-18T06:18:59.117+0000] {logging_mixin.py:190} INFO - [2026-05-18T06:18:59.116+0000] {dag.py:4180} INFO - Setting next_dagrun for tutorial to 2026-05-17 00:00:00+00:00, run_after=2026-05-18 00:00:00+00:00
[2026-05-18T06:18:59.146+0000] {processor.py:208} INFO - Processing /home/noelsdavid/airflow_venv/lib/python3.12/site-packages/airflow/example_dags/tutorial.py took 0.102 seconds
[2026-05-18T06:20:02.359+0000] {processor.py:186} INFO - Started process (PID=8563) to work on /home/noelsdavid/airflow_venv/lib/python3.12/site-packages/airflow/example_dags/tutorial.py
[2026-05-18T06:20:02.362+0000] {processor.py:914} INFO - Processing file /home/noelsdavid/airflow_venv/lib/python3.12/site-packages/airflow/example_dags/tutorial.py for tasks to queue
[2026-05-18T06:20:02.365+0000] {logging_mixin.py:190} INFO - [2026-05-18T06:20:02.364+0000] {dagbag.py:588} INFO - Filling up the DagBag from /home/noelsdavid/airflow_venv/lib/python3.12/site-packages/airflow/example_dags/tutorial.py
[2026-05-18T06:20:02.377+0000] {processor.py:925} INFO - DAG(s) 'tutorial' retrieved from /home/noelsdavid/airflow_venv/lib/python3.12/site-packages/airflow/example_dags/tutorial.py
[2026-05-18T06:20:02.398+0000] {logging_mixin.py:190} INFO - [2026-05-18T06:20:02.397+0000] {dag.py:3239} INFO - Sync 1 DAGs
[2026-05-18T06:20:02.425+0000] {logging_mixin.py:190} INFO - [2026-05-18T06:20:02.424+0000] {dag.py:4180} INFO - Setting next_dagrun for tutorial to 2026-05-17 00:00:00+00:00, run_after=2026-05-18 00:00:00+00:00
[2026-05-18T06:20:02.453+0000] {processor.py:208} INFO - Processing /home/noelsdavid/airflow_venv/lib/python3.12/site-packages/airflow/example_dags/tutorial.py took 0.102 seconds
[2026-05-18T06:21:03.962+0000] {processor.py:186} INFO - Started process (PID=8650) to work on /home/noelsdavid/airflow_venv/lib/python3.12/site-packages/airflow/example_dags/tutorial.py
[2026-05-18T06:21:03.964+0000] {processor.py:914} INFO - Processing file /home/noelsdavid/airflow_venv/lib/python3.12/site-packages/airflow/example_dags/tutorial.py for tasks to queue
[2026-05-18T06:21:03.966+0000] {logging_mixin.py:190} INFO - [2026-05-18T06:21:03.965+0000] {dagbag.py:588} INFO - Filling up the DagBag from /home/noelsdavid/airflow_venv/lib/python3.12/site-packages/airflow/example_dags/tutorial.py
[2026-05-18T06:21:03.979+0000] {processor.py:925} INFO - DAG(s) 'tutorial' retrieved from /home/noelsdavid/airflow_venv/lib/python3.12/site-packages/airflow/example_dags/tutorial.py
[2026-05-18T06:21:04.000+0000] {logging_mixin.py:190} INFO - [2026-05-18T06:21:04.000+0000] {dag.py:3239} INFO - Sync 1 DAGs
[2026-05-18T06:21:04.027+0000] {logging_mixin.py:190} INFO - [2026-05-18T06:21:04.027+0000] {dag.py:4180} INFO - Setting next_dagrun for tutorial to 2026-05-17 00:00:00+00:00, run_after=2026-05-18 00:00:00+00:00
[2026-05-18T06:21:04.060+0000] {processor.py:208} INFO - Processing /home/noelsdavid/airflow_venv/lib/python3.12/site-packages/airflow/example_dags/tutorial.py took 0.107 seconds
[2026-05-18T06:22:10.229+0000] {processor.py:186} INFO - Started process (PID=8714) to work on /home/noelsdavid/airflow_venv/lib/python3.12/site-packages/airflow/example_dags/tutorial.py
[2026-05-18T06:22:10.231+0000] {processor.py:914} INFO - Processing file /home/noelsdavid/airflow_venv/lib/python3.12/site-packages/airflow/example_dags/tutorial.py for tasks to queue
[2026-05-18T06:22:10.233+0000] {logging_mixin.py:190} INFO - [2026-05-18T06:22:10.233+0000] {dagbag.py:588} INFO - Filling up the DagBag from /home/noelsdavid/airflow_venv/lib/python3.12/site-packages/airflow/example_dags/tutorial.py
[2026-05-18T06:22:10.246+0000] {processor.py:925} INFO - DAG(s) 'tutorial' retrieved from /home/noelsdavid/airflow_venv/lib/python3.12/site-packages/airflow/example_dags/tutorial.py
[2026-05-18T06:22:10.268+0000] {logging_mixin.py:190} INFO - [2026-05-18T06:22:10.268+0000] {dag.py:3239} INFO - Sync 1 DAGs
[2026-05-18T06:22:10.295+0000] {logging_mixin.py:190} INFO - [2026-05-18T06:22:10.294+0000] {dag.py:4180} INFO - Setting next_dagrun for tutorial to 2026-05-17 00:00:00+00:00, run_after=2026-05-18 00:00:00+00:00
[2026-05-18T06:22:10.324+0000] {processor.py:208} INFO - Processing /home/noelsdavid/airflow_venv/lib/python3.12/site-packages/airflow/example_dags/tutorial.py took 0.103 seconds
[2026-05-18T06:23:11.211+0000] {processor.py:186} INFO - Started process (PID=8773) to work on /home/noelsdavid/airflow_venv/lib/python3.12/site-packages/airflow/example_dags/tutorial.py
[2026-05-18T06:23:11.214+0000] {processor.py:914} INFO - Processing file /home/noelsdavid/airflow_venv/lib/python3.12/site-packages/airflow/example_dags/tutorial.py for tasks to queue
[2026-05-18T06:23:11.216+0000] {logging_mixin.py:190} INFO - [2026-05-18T06:23:11.216+0000] {dagbag.py:588} INFO - Filling up the DagBag from /home/noelsdavid/airflow_venv/lib/python3.12/site-packages/airflow/example_dags/tutorial.py
[2026-05-18T06:23:11.229+0000] {processor.py:925} INFO - DAG(s) 'tutorial' retrieved from /home/noelsdavid/airflow_venv/lib/python3.12/site-packages/airflow/example_dags/tutorial.py
[2026-05-18T06:23:11.251+0000] {logging_mixin.py:190} INFO - [2026-05-18T06:23:11.250+0000] {dag.py:3239} INFO - Sync 1 DAGs
[2026-05-18T06:23:11.276+0000] {logging_mixin.py:190} INFO - [2026-05-18T06:23:11.276+0000] {dag.py:4180} INFO - Setting next_dagrun for tutorial to 2026-05-17 00:00:00+00:00, run_after=2026-05-18 00:00:00+00:00
[2026-05-18T06:23:11.307+0000] {processor.py:208} INFO - Processing /home/noelsdavid/airflow_venv/lib/python3.12/site-packages/airflow/example_dags/tutorial.py took 0.103 seconds
[2026-05-18T06:24:17.231+0000] {processor.py:186} INFO - Started process (PID=8836) to work on /home/noelsdavid/airflow_venv/lib/python3.12/site-packages/airflow/example_dags/tutorial.py
[2026-05-18T06:24:17.234+0000] {processor.py:914} INFO - Processing file /home/noelsdavid/airflow_venv/lib/python3.12/site-packages/airflow/example_dags/tutorial.py for tasks to queue
[2026-05-18T06:24:17.236+0000] {logging_mixin.py:190} INFO - [2026-05-18T06:24:17.236+0000] {dagbag.py:588} INFO - Filling up the DagBag from /home/noelsdavid/airflow_venv/lib/python3.12/site-packages/airflow/example_dags/tutorial.py
[2026-05-18T06:24:17.249+0000] {processor.py:925} INFO - DAG(s) 'tutorial' retrieved from /home/noelsdavid/airflow_venv/lib/python3.12/site-packages/airflow/example_dags/tutorial.py
[2026-05-18T06:24:17.270+0000] {logging_mixin.py:190} INFO - [2026-05-18T06:24:17.269+0000] {dag.py:3239} INFO - Sync 1 DAGs
[2026-05-18T06:24:17.296+0000] {logging_mixin.py:190} INFO - [2026-05-18T06:24:17.296+0000] {dag.py:4180} INFO - Setting next_dagrun for tutorial to 2026-05-17 00:00:00+00:00, run_after=2026-05-18 00:00:00+00:00
[2026-05-18T06:24:17.327+0000] {processor.py:208} INFO - Processing /home/noelsdavid/airflow_venv/lib/python3.12/site-packages/airflow/example_dags/tutorial.py took 0.104 seconds
[2026-05-18T06:25:21.260+0000] {processor.py:186} INFO - Started process (PID=8923) to work on /home/noelsdavid/airflow_venv/lib/python3.12/site-packages/airflow/example_dags/tutorial.py
[2026-05-18T06:25:21.264+0000] {processor.py:914} INFO - Processing file /home/noelsdavid/airflow_venv/lib/python3.12/site-packages/airflow/example_dags/tutorial.py for tasks to queue
[2026-05-18T06:25:21.266+0000] {logging_mixin.py:190} INFO - [2026-05-18T06:25:21.265+0000] {dagbag.py:588} INFO - Filling up the DagBag from /home/noelsdavid/airflow_venv/lib/python3.12/site-packages/airflow/example_dags/tutorial.py
[2026-05-18T06:25:21.280+0000] {processor.py:925} INFO - DAG(s) 'tutorial' retrieved from /home/noelsdavid/airflow_venv/lib/python3.12/site-packages/airflow/example_dags/tutorial.py
[2026-05-18T06:25:21.303+0000] {logging_mixin.py:190} INFO - [2026-05-18T06:25:21.302+0000] {dag.py:3239} INFO - Sync 1 DAGs
[2026-05-18T06:25:21.328+0000] {logging_mixin.py:190} INFO - [2026-05-18T06:25:21.328+0000] {dag.py:4180} INFO - Setting next_dagrun for tutorial to 2026-05-17 00:00:00+00:00, run_after=2026-05-18 00:00:00+00:00
[2026-05-18T06:25:21.362+0000] {processor.py:208} INFO - Processing /home/noelsdavid/airflow_venv/lib/python3.12/site-packages/airflow/example_dags/tutorial.py took 0.111 seconds
[2026-05-18T06:26:25.720+0000] {processor.py:186} INFO - Started process (PID=9039) to work on /home/noelsdavid/airflow_venv/lib/python3.12/site-packages/airflow/example_dags/tutorial.py
[2026-05-18T06:26:25.722+0000] {processor.py:914} INFO - Processing file /home/noelsdavid/airflow_venv/lib/python3.12/site-packages/airflow/example_dags/tutorial.py for tasks to queue
[2026-05-18T06:26:25.724+0000] {logging_mixin.py:190} INFO - [2026-05-18T06:26:25.724+0000] {dagbag.py:588} INFO - Filling up the DagBag from /home/noelsdavid/airflow_venv/lib/python3.12/site-packages/airflow/example_dags/tutorial.py
[2026-05-18T06:26:25.738+0000] {processor.py:925} INFO - DAG(s) 'tutorial' retrieved from /home/noelsdavid/airflow_venv/lib/python3.12/site-packages/airflow/example_dags/tutorial.py
[2026-05-18T06:26:25.761+0000] {logging_mixin.py:190} INFO - [2026-05-18T06:26:25.760+0000] {dag.py:3239} INFO - Sync 1 DAGs
[2026-05-18T06:26:25.789+0000] {logging_mixin.py:190} INFO - [2026-05-18T06:26:25.788+0000] {dag.py:4180} INFO - Setting next_dagrun for tutorial to 2026-05-17 00:00:00+00:00, run_after=2026-05-18 00:00:00+00:00
[2026-05-18T06:26:25.819+0000] {processor.py:208} INFO - Processing /home/noelsdavid/airflow_venv/lib/python3.12/site-packages/airflow/example_dags/tutorial.py took 0.107 seconds
[2026-05-18T06:27:49.709+0000] {processor.py:186} INFO - Started process (PID=9600) to work on /home/noelsdavid/airflow_venv/lib/python3.12/site-packages/airflow/example_dags/tutorial.py
[2026-05-18T06:27:49.712+0000] {processor.py:914} INFO - Processing file /home/noelsdavid/airflow_venv/lib/python3.12/site-packages/airflow/example_dags/tutorial.py for tasks to queue
[2026-05-18T06:27:49.715+0000] {logging_mixin.py:190} INFO - [2026-05-18T06:27:49.714+0000] {dagbag.py:588} INFO - Filling up the DagBag from /home/noelsdavid/airflow_venv/lib/python3.12/site-packages/airflow/example_dags/tutorial.py
[2026-05-18T06:27:49.735+0000] {processor.py:925} INFO - DAG(s) 'tutorial' retrieved from /home/noelsdavid/airflow_venv/lib/python3.12/site-packages/airflow/example_dags/tutorial.py
[2026-05-18T06:27:49.762+0000] {logging_mixin.py:190} INFO - [2026-05-18T06:27:49.762+0000] {dag.py:3239} INFO - Sync 1 DAGs
[2026-05-18T06:27:49.802+0000] {logging_mixin.py:190} INFO - [2026-05-18T06:27:49.801+0000] {dag.py:4180} INFO - Setting next_dagrun for tutorial to 2026-05-17 00:00:00+00:00, run_after=2026-05-18 00:00:00+00:00
[2026-05-18T06:27:49.838+0000] {processor.py:208} INFO - Processing /home/noelsdavid/airflow_venv/lib/python3.12/site-packages/airflow/example_dags/tutorial.py took 0.137 seconds
[2026-05-18T06:28:30.400+0000] {processor.py:186} INFO - Started process (PID=9721) to work on /home/noelsdavid/airflow_venv/lib/python3.12/site-packages/airflow/example_dags/tutorial.py
[2026-05-18T06:28:30.403+0000] {processor.py:914} INFO - Processing file /home/noelsdavid/airflow_venv/lib/python3.12/site-packages/airflow/example_dags/tutorial.py for tasks to queue
[2026-05-18T06:28:30.405+0000] {logging_mixin.py:190} INFO - [2026-05-18T06:28:30.405+0000] {dagbag.py:588} INFO - Filling up the DagBag from /home/noelsdavid/airflow_venv/lib/python3.12/site-packages/airflow/example_dags/tutorial.py
[2026-05-18T06:28:30.421+0000] {processor.py:925} INFO - DAG(s) 'tutorial' retrieved from /home/noelsdavid/airflow_venv/lib/python3.12/site-packages/airflow/example_dags/tutorial.py
[2026-05-18T06:28:30.447+0000] {logging_mixin.py:190} INFO - [2026-05-18T06:28:30.447+0000] {dag.py:3239} INFO - Sync 1 DAGs
[2026-05-18T06:28:30.482+0000] {logging_mixin.py:190} INFO - [2026-05-18T06:28:30.482+0000] {dag.py:4180} INFO - Setting next_dagrun for tutorial to 2026-05-17 00:00:00+00:00, run_after=2026-05-18 00:00:00+00:00
[2026-05-18T06:28:30.525+0000] {processor.py:208} INFO - Processing /home/noelsdavid/airflow_venv/lib/python3.12/site-packages/airflow/example_dags/tutorial.py took 0.135 seconds
[2026-05-18T06:29:38.460+0000] {processor.py:186} INFO - Started process (PID=9784) to work on /home/noelsdavid/airflow_venv/lib/python3.12/site-packages/airflow/example_dags/tutorial.py
[2026-05-18T06:29:38.463+0000] {processor.py:914} INFO - Processing file /home/noelsdavid/airflow_venv/lib/python3.12/site-packages/airflow/example_dags/tutorial.py for tasks to queue
[2026-05-18T06:29:38.465+0000] {logging_mixin.py:190} INFO - [2026-05-18T06:29:38.464+0000] {dagbag.py:588} INFO - Filling up the DagBag from /home/noelsdavid/airflow_venv/lib/python3.12/site-packages/airflow/example_dags/tutorial.py
[2026-05-18T06:29:38.477+0000] {processor.py:925} INFO - DAG(s) 'tutorial' retrieved from /home/noelsdavid/airflow_venv/lib/python3.12/site-packages/airflow/example_dags/tutorial.py
[2026-05-18T06:29:38.499+0000] {logging_mixin.py:190} INFO - [2026-05-18T06:29:38.499+0000] {dag.py:3239} INFO - Sync 1 DAGs
[2026-05-18T06:29:38.524+0000] {logging_mixin.py:190} INFO - [2026-05-18T06:29:38.524+0000] {dag.py:4180} INFO - Setting next_dagrun for tutorial to 2026-05-17 00:00:00+00:00, run_after=2026-05-18 00:00:00+00:00
[2026-05-18T06:29:38.555+0000] {processor.py:208} INFO - Processing /home/noelsdavid/airflow_venv/lib/python3.12/site-packages/airflow/example_dags/tutorial.py took 0.103 seconds
[2026-05-18T06:30:42.614+0000] {processor.py:186} INFO - Started process (PID=9871) to work on /home/noelsdavid/airflow_venv/lib/python3.12/site-packages/airflow/example_dags/tutorial.py
[2026-05-18T06:30:42.628+0000] {processor.py:914} INFO - Processing file /home/noelsdavid/airflow_venv/lib/python3.12/site-packages/airflow/example_dags/tutorial.py for tasks to queue
[2026-05-18T06:30:42.631+0000] {logging_mixin.py:190} INFO - [2026-05-18T06:30:42.630+0000] {dagbag.py:588} INFO - Filling up the DagBag from /home/noelsdavid/airflow_venv/lib/python3.12/site-packages/airflow/example_dags/tutorial.py
[2026-05-18T06:30:42.646+0000] {processor.py:925} INFO - DAG(s) 'tutorial' retrieved from /home/noelsdavid/airflow_venv/lib/python3.12/site-packages/airflow/example_dags/tutorial.py
[2026-05-18T06:30:42.669+0000] {logging_mixin.py:190} INFO - [2026-05-18T06:30:42.668+0000] {dag.py:3239} INFO - Sync 1 DAGs
[2026-05-18T06:30:42.695+0000] {logging_mixin.py:190} INFO - [2026-05-18T06:30:42.695+0000] {dag.py:4180} INFO - Setting next_dagrun for tutorial to 2026-05-17 00:00:00+00:00, run_after=2026-05-18 00:00:00+00:00
[2026-05-18T06:30:42.729+0000] {processor.py:208} INFO - Processing /home/noelsdavid/airflow_venv/lib/python3.12/site-packages/airflow/example_dags/tutorial.py took 0.124 seconds
[2026-05-18T06:31:48.571+0000] {processor.py:186} INFO - Started process (PID=9934) to work on /home/noelsdavid/airflow_venv/lib/python3.12/site-packages/airflow/example_dags/tutorial.py
[2026-05-18T06:31:48.573+0000] {processor.py:914} INFO - Processing file /home/noelsdavid/airflow_venv/lib/python3.12/site-packages/airflow/example_dags/tutorial.py for tasks to queue
[2026-05-18T06:31:48.575+0000] {logging_mixin.py:190} INFO - [2026-05-18T06:31:48.574+0000] {dagbag.py:588} INFO - Filling up the DagBag from /home/noelsdavid/airflow_venv/lib/python3.12/site-packages/airflow/example_dags/tutorial.py
[2026-05-18T06:31:48.588+0000] {processor.py:925} INFO - DAG(s) 'tutorial' retrieved from /home/noelsdavid/airflow_venv/lib/python3.12/site-packages/airflow/example_dags/tutorial.py
[2026-05-18T06:31:48.610+0000] {logging_mixin.py:190} INFO - [2026-05-18T06:31:48.609+0000] {dag.py:3239} INFO - Sync 1 DAGs
[2026-05-18T06:31:48.637+0000] {logging_mixin.py:190} INFO - [2026-05-18T06:31:48.637+0000] {dag.py:4180} INFO - Setting next_dagrun for tutorial to 2026-05-17 00:00:00+00:00, run_after=2026-05-18 00:00:00+00:00
[2026-05-18T06:31:48.666+0000] {processor.py:208} INFO - Processing /home/noelsdavid/airflow_venv/lib/python3.12/site-packages/airflow/example_dags/tutorial.py took 0.103 seconds
[2026-05-18T06:32:47.453+0000] {processor.py:186} INFO - Started process (PID=9994) to work on /home/noelsdavid/airflow_venv/lib/python3.12/site-packages/airflow/example_dags/tutorial.py
[2026-05-18T06:32:47.456+0000] {processor.py:914} INFO - Processing file /home/noelsdavid/airflow_venv/lib/python3.12/site-packages/airflow/example_dags/tutorial.py for tasks to queue
[2026-05-18T06:32:47.458+0000] {logging_mixin.py:190} INFO - [2026-05-18T06:32:47.457+0000] {dagbag.py:588} INFO - Filling up the DagBag from /home/noelsdavid/airflow_venv/lib/python3.12/site-packages/airflow/example_dags/tutorial.py
[2026-05-18T06:32:47.471+0000] {processor.py:925} INFO - DAG(s) 'tutorial' retrieved from /home/noelsdavid/airflow_venv/lib/python3.12/site-packages/airflow/example_dags/tutorial.py
[2026-05-18T06:32:47.492+0000] {logging_mixin.py:190} INFO - [2026-05-18T06:32:47.492+0000] {dag.py:3239} INFO - Sync 1 DAGs
[2026-05-18T06:32:47.519+0000] {logging_mixin.py:190} INFO - [2026-05-18T06:32:47.518+0000] {dag.py:4180} INFO - Setting next_dagrun for tutorial to 2026-05-17 00:00:00+00:00, run_after=2026-05-18 00:00:00+00:00
[2026-05-18T06:32:47.548+0000] {processor.py:208} INFO - Processing /home/noelsdavid/airflow_venv/lib/python3.12/site-packages/airflow/example_dags/tutorial.py took 0.102 seconds
[2026-05-18T06:33:53.007+0000] {processor.py:186} INFO - Started process (PID=10065) to work on /home/noelsdavid/airflow_venv/lib/python3.12/site-packages/airflow/example_dags/tutorial.py
[2026-05-18T06:33:53.009+0000] {processor.py:914} INFO - Processing file /home/noelsdavid/airflow_venv/lib/python3.12/site-packages/airflow/example_dags/tutorial.py for tasks to queue
[2026-05-18T06:33:53.011+0000] {logging_mixin.py:190} INFO - [2026-05-18T06:33:53.010+0000] {dagbag.py:588} INFO - Filling up the DagBag from /home/noelsdavid/airflow_venv/lib/python3.12/site-packages/airflow/example_dags/tutorial.py
[2026-05-18T06:33:53.024+0000] {processor.py:925} INFO - DAG(s) 'tutorial' retrieved from /home/noelsdavid/airflow_venv/lib/python3.12/site-packages/airflow/example_dags/tutorial.py
[2026-05-18T06:33:53.045+0000] {logging_mixin.py:190} INFO - [2026-05-18T06:33:53.045+0000] {dag.py:3239} INFO - Sync 1 DAGs
[2026-05-18T06:33:53.073+0000] {logging_mixin.py:190} INFO - [2026-05-18T06:33:53.073+0000] {dag.py:4180} INFO - Setting next_dagrun for tutorial to 2026-05-17 00:00:00+00:00, run_after=2026-05-18 00:00:00+00:00
[2026-05-18T06:33:53.105+0000] {processor.py:208} INFO - Processing /home/noelsdavid/airflow_venv/lib/python3.12/site-packages/airflow/example_dags/tutorial.py took 0.107 seconds
[2026-05-18T06:34:55.886+0000] {processor.py:186} INFO - Started process (PID=10251) to work on /home/noelsdavid/airflow_venv/lib/python3.12/site-packages/airflow/example_dags/tutorial.py
[2026-05-18T06:34:55.889+0000] {processor.py:914} INFO - Processing file /home/noelsdavid/airflow_venv/lib/python3.12/site-packages/airflow/example_dags/tutorial.py for tasks to queue
[2026-05-18T06:34:55.891+0000] {logging_mixin.py:190} INFO - [2026-05-18T06:34:55.890+0000] {dagbag.py:588} INFO - Filling up the DagBag from /home/noelsdavid/airflow_venv/lib/python3.12/site-packages/airflow/example_dags/tutorial.py
[2026-05-18T06:34:55.905+0000] {processor.py:925} INFO - DAG(s) 'tutorial' retrieved from /home/noelsdavid/airflow_venv/lib/python3.12/site-packages/airflow/example_dags/tutorial.py
[2026-05-18T06:34:55.926+0000] {logging_mixin.py:190} INFO - [2026-05-18T06:34:55.926+0000] {dag.py:3239} INFO - Sync 1 DAGs
[2026-05-18T06:34:55.953+0000] {logging_mixin.py:190} INFO - [2026-05-18T06:34:55.953+0000] {dag.py:4180} INFO - Setting next_dagrun for tutorial to 2026-05-17 00:00:00+00:00, run_after=2026-05-18 00:00:00+00:00
[2026-05-18T06:34:55.986+0000] {processor.py:208} INFO - Processing /home/noelsdavid/airflow_venv/lib/python3.12/site-packages/airflow/example_dags/tutorial.py took 0.108 seconds
[2026-05-18T06:36:02.455+0000] {processor.py:186} INFO - Started process (PID=10463) to work on /home/noelsdavid/airflow_venv/lib/python3.12/site-packages/airflow/example_dags/tutorial.py
[2026-05-18T06:36:02.457+0000] {processor.py:914} INFO - Processing file /home/noelsdavid/airflow_venv/lib/python3.12/site-packages/airflow/example_dags/tutorial.py for tasks to queue
[2026-05-18T06:36:02.459+0000] {logging_mixin.py:190} INFO - [2026-05-18T06:36:02.459+0000] {dagbag.py:588} INFO - Filling up the DagBag from /home/noelsdavid/airflow_venv/lib/python3.12/site-packages/airflow/example_dags/tutorial.py
[2026-05-18T06:36:02.472+0000] {processor.py:925} INFO - DAG(s) 'tutorial' retrieved from /home/noelsdavid/airflow_venv/lib/python3.12/site-packages/airflow/example_dags/tutorial.py
[2026-05-18T06:36:02.494+0000] {logging_mixin.py:190} INFO - [2026-05-18T06:36:02.494+0000] {dag.py:3239} INFO - Sync 1 DAGs
[2026-05-18T06:36:02.522+0000] {logging_mixin.py:190} INFO - [2026-05-18T06:36:02.521+0000] {dag.py:4180} INFO - Setting next_dagrun for tutorial to 2026-05-17 00:00:00+00:00, run_after=2026-05-18 00:00:00+00:00
[2026-05-18T06:36:02.553+0000] {processor.py:208} INFO - Processing /home/noelsdavid/airflow_venv/lib/python3.12/site-packages/airflow/example_dags/tutorial.py took 0.107 seconds
[2026-05-18T06:37:02.438+0000] {processor.py:186} INFO - Started process (PID=10706) to work on /home/noelsdavid/airflow_venv/lib/python3.12/site-packages/airflow/example_dags/tutorial.py
[2026-05-18T06:37:02.440+0000] {processor.py:914} INFO - Processing file /home/noelsdavid/airflow_venv/lib/python3.12/site-packages/airflow/example_dags/tutorial.py for tasks to queue
[2026-05-18T06:37:02.442+0000] {logging_mixin.py:190} INFO - [2026-05-18T06:37:02.442+0000] {dagbag.py:588} INFO - Filling up the DagBag from /home/noelsdavid/airflow_venv/lib/python3.12/site-packages/airflow/example_dags/tutorial.py
[2026-05-18T06:37:02.455+0000] {processor.py:925} INFO - DAG(s) 'tutorial' retrieved from /home/noelsdavid/airflow_venv/lib/python3.12/site-packages/airflow/example_dags/tutorial.py
[2026-05-18T06:37:02.477+0000] {logging_mixin.py:190} INFO - [2026-05-18T06:37:02.477+0000] {dag.py:3239} INFO - Sync 1 DAGs
[2026-05-18T06:37:02.506+0000] {logging_mixin.py:190} INFO - [2026-05-18T06:37:02.505+0000] {dag.py:4180} INFO - Setting next_dagrun for tutorial to 2026-05-17 00:00:00+00:00, run_after=2026-05-18 00:00:00+00:00
[2026-05-18T06:37:02.541+0000] {processor.py:208} INFO - Processing /home/noelsdavid/airflow_venv/lib/python3.12/site-packages/airflow/example_dags/tutorial.py took 0.110 seconds
[2026-05-18T06:38:10.247+0000] {processor.py:186} INFO - Started process (PID=10964) to work on /home/noelsdavid/airflow_venv/lib/python3.12/site-packages/airflow/example_dags/tutorial.py
[2026-05-18T06:38:10.249+0000] {processor.py:914} INFO - Processing file /home/noelsdavid/airflow_venv/lib/python3.12/site-packages/airflow/example_dags/tutorial.py for tasks to queue
[2026-05-18T06:38:10.251+0000] {logging_mixin.py:190} INFO - [2026-05-18T06:38:10.250+0000] {dagbag.py:588} INFO - Filling up the DagBag from /home/noelsdavid/airflow_venv/lib/python3.12/site-packages/airflow/example_dags/tutorial.py
[2026-05-18T06:38:10.264+0000] {processor.py:925} INFO - DAG(s) 'tutorial' retrieved from /home/noelsdavid/airflow_venv/lib/python3.12/site-packages/airflow/example_dags/tutorial.py
[2026-05-18T06:38:10.284+0000] {logging_mixin.py:190} INFO - [2026-05-18T06:38:10.284+0000] {dag.py:3239} INFO - Sync 1 DAGs
[2026-05-18T06:38:10.309+0000] {logging_mixin.py:190} INFO - [2026-05-18T06:38:10.309+0000] {dag.py:4180} INFO - Setting next_dagrun for tutorial to 2026-05-17 00:00:00+00:00, run_after=2026-05-18 00:00:00+00:00
[2026-05-18T06:38:10.339+0000] {processor.py:208} INFO - Processing /home/noelsdavid/airflow_venv/lib/python3.12/site-packages/airflow/example_dags/tutorial.py took 0.099 seconds
[2026-05-18T06:39:14.078+0000] {processor.py:186} INFO - Started process (PID=11270) to work on /home/noelsdavid/airflow_venv/lib/python3.12/site-packages/airflow/example_dags/tutorial.py
[2026-05-18T06:39:14.080+0000] {processor.py:914} INFO - Processing file /home/noelsdavid/airflow_venv/lib/python3.12/site-packages/airflow/example_dags/tutorial.py for tasks to queue
[2026-05-18T06:39:14.083+0000] {logging_mixin.py:190} INFO - [2026-05-18T06:39:14.082+0000] {dagbag.py:588} INFO - Filling up the DagBag from /home/noelsdavid/airflow_venv/lib/python3.12/site-packages/airflow/example_dags/tutorial.py
[2026-05-18T06:39:14.096+0000] {processor.py:925} INFO - DAG(s) 'tutorial' retrieved from /home/noelsdavid/airflow_venv/lib/python3.12/site-packages/airflow/example_dags/tutorial.py
[2026-05-18T06:39:14.117+0000] {logging_mixin.py:190} INFO - [2026-05-18T06:39:14.116+0000] {dag.py:3239} INFO - Sync 1 DAGs
[2026-05-18T06:39:14.144+0000] {logging_mixin.py:190} INFO - [2026-05-18T06:39:14.144+0000] {dag.py:4180} INFO - Setting next_dagrun for tutorial to 2026-05-17 00:00:00+00:00, run_after=2026-05-18 00:00:00+00:00
[2026-05-18T06:39:14.174+0000] {processor.py:208} INFO - Processing /home/noelsdavid/airflow_venv/lib/python3.12/site-packages/airflow/example_dags/tutorial.py took 0.104 seconds
[2026-05-18T06:40:21.900+0000] {processor.py:186} INFO - Started process (PID=11547) to work on /home/noelsdavid/airflow_venv/lib/python3.12/site-packages/airflow/example_dags/tutorial.py
[2026-05-18T06:40:21.903+0000] {processor.py:914} INFO - Processing file /home/noelsdavid/airflow_venv/lib/python3.12/site-packages/airflow/example_dags/tutorial.py for tasks to queue
[2026-05-18T06:40:21.905+0000] {logging_mixin.py:190} INFO - [2026-05-18T06:40:21.904+0000] {dagbag.py:588} INFO - Filling up the DagBag from /home/noelsdavid/airflow_venv/lib/python3.12/site-packages/airflow/example_dags/tutorial.py
[2026-05-18T06:40:21.918+0000] {processor.py:925} INFO - DAG(s) 'tutorial' retrieved from /home/noelsdavid/airflow_venv/lib/python3.12/site-packages/airflow/example_dags/tutorial.py
[2026-05-18T06:40:21.941+0000] {logging_mixin.py:190} INFO - [2026-05-18T06:40:21.940+0000] {dag.py:3239} INFO - Sync 1 DAGs
[2026-05-18T06:40:21.969+0000] {logging_mixin.py:190} INFO - [2026-05-18T06:40:21.968+0000] {dag.py:4180} INFO - Setting next_dagrun for tutorial to 2026-05-17 00:00:00+00:00, run_after=2026-05-18 00:00:00+00:00
[2026-05-18T06:40:22.009+0000] {processor.py:208} INFO - Processing /home/noelsdavid/airflow_venv/lib/python3.12/site-packages/airflow/example_dags/tutorial.py took 0.118 seconds
[2026-05-18T06:41:34.737+0000] {processor.py:186} INFO - Started process (PID=12188) to work on /home/noelsdavid/airflow_venv/lib/python3.12/site-packages/airflow/example_dags/tutorial.py
[2026-05-18T06:41:34.742+0000] {processor.py:914} INFO - Processing file /home/noelsdavid/airflow_venv/lib/python3.12/site-packages/airflow/example_dags/tutorial.py for tasks to queue
[2026-05-18T06:41:34.744+0000] {logging_mixin.py:190} INFO - [2026-05-18T06:41:34.743+0000] {dagbag.py:588} INFO - Filling up the DagBag from /home/noelsdavid/airflow_venv/lib/python3.12/site-packages/airflow/example_dags/tutorial.py
[2026-05-18T06:41:34.765+0000] {processor.py:925} INFO - DAG(s) 'tutorial' retrieved from /home/noelsdavid/airflow_venv/lib/python3.12/site-packages/airflow/example_dags/tutorial.py
[2026-05-18T06:41:34.797+0000] {logging_mixin.py:190} INFO - [2026-05-18T06:41:34.796+0000] {dag.py:3239} INFO - Sync 1 DAGs
[2026-05-18T06:41:34.833+0000] {logging_mixin.py:190} INFO - [2026-05-18T06:41:34.833+0000] {dag.py:4180} INFO - Setting next_dagrun for tutorial to 2026-05-17 00:00:00+00:00, run_after=2026-05-18 00:00:00+00:00
[2026-05-18T06:41:34.877+0000] {processor.py:208} INFO - Processing /home/noelsdavid/airflow_venv/lib/python3.12/site-packages/airflow/example_dags/tutorial.py took 0.150 seconds
[2026-05-18T06:42:47.386+0000] {processor.py:186} INFO - Started process (PID=12568) to work on /home/noelsdavid/airflow_venv/lib/python3.12/site-packages/airflow/example_dags/tutorial.py
[2026-05-18T06:42:47.388+0000] {processor.py:914} INFO - Processing file /home/noelsdavid/airflow_venv/lib/python3.12/site-packages/airflow/example_dags/tutorial.py for tasks to queue
[2026-05-18T06:42:47.391+0000] {logging_mixin.py:190} INFO - [2026-05-18T06:42:47.391+0000] {dagbag.py:588} INFO - Filling up the DagBag from /home/noelsdavid/airflow_venv/lib/python3.12/site-packages/airflow/example_dags/tutorial.py
[2026-05-18T06:42:47.405+0000] {processor.py:925} INFO - DAG(s) 'tutorial' retrieved from /home/noelsdavid/airflow_venv/lib/python3.12/site-packages/airflow/example_dags/tutorial.py
[2026-05-18T06:42:47.427+0000] {logging_mixin.py:190} INFO - [2026-05-18T06:42:47.427+0000] {dag.py:3239} INFO - Sync 1 DAGs
[2026-05-18T06:42:47.456+0000] {logging_mixin.py:190} INFO - [2026-05-18T06:42:47.456+0000] {dag.py:4180} INFO - Setting next_dagrun for tutorial to 2026-05-17 00:00:00+00:00, run_after=2026-05-18 00:00:00+00:00
[2026-05-18T06:42:47.494+0000] {processor.py:208} INFO - Processing /home/noelsdavid/airflow_venv/lib/python3.12/site-packages/airflow/example_dags/tutorial.py took 0.118 seconds
[2026-05-18T06:44:21.755+0000] {processor.py:186} INFO - Started process (PID=13038) to work on /home/noelsdavid/airflow_venv/lib/python3.12/site-packages/airflow/example_dags/tutorial.py
[2026-05-18T06:44:21.757+0000] {processor.py:914} INFO - Processing file /home/noelsdavid/airflow_venv/lib/python3.12/site-packages/airflow/example_dags/tutorial.py for tasks to queue
[2026-05-18T06:44:21.761+0000] {logging_mixin.py:190} INFO - [2026-05-18T06:44:21.760+0000] {dagbag.py:588} INFO - Filling up the DagBag from /home/noelsdavid/airflow_venv/lib/python3.12/site-packages/airflow/example_dags/tutorial.py
[2026-05-18T06:44:21.776+0000] {processor.py:925} INFO - DAG(s) 'tutorial' retrieved from /home/noelsdavid/airflow_venv/lib/python3.12/site-packages/airflow/example_dags/tutorial.py
[2026-05-18T06:44:21.797+0000] {logging_mixin.py:190} INFO - [2026-05-18T06:44:21.797+0000] {dag.py:3239} INFO - Sync 1 DAGs
[2026-05-18T06:44:21.822+0000] {logging_mixin.py:190} INFO - [2026-05-18T06:44:21.822+0000] {dag.py:4180} INFO - Setting next_dagrun for tutorial to 2026-05-17 00:00:00+00:00, run_after=2026-05-18 00:00:00+00:00
[2026-05-18T06:44:21.853+0000] {processor.py:208} INFO - Processing /home/noelsdavid/airflow_venv/lib/python3.12/site-packages/airflow/example_dags/tutorial.py took 0.114 seconds
[2026-05-18T06:45:05.159+0000] {processor.py:186} INFO - Started process (PID=13082) to work on /home/noelsdavid/airflow_venv/lib/python3.12/site-packages/airflow/example_dags/tutorial.py
[2026-05-18T06:45:05.161+0000] {processor.py:914} INFO - Processing file /home/noelsdavid/airflow_venv/lib/python3.12/site-packages/airflow/example_dags/tutorial.py for tasks to queue
[2026-05-18T06:45:05.164+0000] {logging_mixin.py:190} INFO - [2026-05-18T06:45:05.164+0000] {dagbag.py:588} INFO - Filling up the DagBag from /home/noelsdavid/airflow_venv/lib/python3.12/site-packages/airflow/example_dags/tutorial.py
[2026-05-18T06:45:05.179+0000] {processor.py:925} INFO - DAG(s) 'tutorial' retrieved from /home/noelsdavid/airflow_venv/lib/python3.12/site-packages/airflow/example_dags/tutorial.py
[2026-05-18T06:45:05.202+0000] {logging_mixin.py:190} INFO - [2026-05-18T06:45:05.201+0000] {dag.py:3239} INFO - Sync 1 DAGs
[2026-05-18T06:45:05.232+0000] {logging_mixin.py:190} INFO - [2026-05-18T06:45:05.231+0000] {dag.py:4180} INFO - Setting next_dagrun for tutorial to 2026-05-17 00:00:00+00:00, run_after=2026-05-18 00:00:00+00:00
[2026-05-18T06:45:05.263+0000] {processor.py:208} INFO - Processing /home/noelsdavid/airflow_venv/lib/python3.12/site-packages/airflow/example_dags/tutorial.py took 0.114 seconds
[2026-05-18T06:46:16.461+0000] {processor.py:186} INFO - Started process (PID=13184) to work on /home/noelsdavid/airflow_venv/lib/python3.12/site-packages/airflow/example_dags/tutorial.py
[2026-05-18T06:46:16.464+0000] {processor.py:914} INFO - Processing file /home/noelsdavid/airflow_venv/lib/python3.12/site-packages/airflow/example_dags/tutorial.py for tasks to queue
[2026-05-18T06:46:16.468+0000] {logging_mixin.py:190} INFO - [2026-05-18T06:46:16.467+0000] {dagbag.py:588} INFO - Filling up the DagBag from /home/noelsdavid/airflow_venv/lib/python3.12/site-packages/airflow/example_dags/tutorial.py
[2026-05-18T06:46:16.485+0000] {processor.py:925} INFO - DAG(s) 'tutorial' retrieved from /home/noelsdavid/airflow_venv/lib/python3.12/site-packages/airflow/example_dags/tutorial.py
[2026-05-18T06:46:16.522+0000] {logging_mixin.py:190} INFO - [2026-05-18T06:46:16.521+0000] {dag.py:3239} INFO - Sync 1 DAGs
[2026-05-18T06:46:16.565+0000] {logging_mixin.py:190} INFO - [2026-05-18T06:46:16.564+0000] {dag.py:4180} INFO - Setting next_dagrun for tutorial to 2026-05-17 00:00:00+00:00, run_after=2026-05-18 00:00:00+00:00
[2026-05-18T06:46:16.617+0000] {processor.py:208} INFO - Processing /home/noelsdavid/airflow_venv/lib/python3.12/site-packages/airflow/example_dags/tutorial.py took 0.170 seconds
[2026-05-18T06:47:23.755+0000] {processor.py:186} INFO - Started process (PID=13260) to work on /home/noelsdavid/airflow_venv/lib/python3.12/site-packages/airflow/example_dags/tutorial.py
[2026-05-18T06:47:23.757+0000] {processor.py:914} INFO - Processing file /home/noelsdavid/airflow_venv/lib/python3.12/site-packages/airflow/example_dags/tutorial.py for tasks to queue
[2026-05-18T06:47:23.760+0000] {logging_mixin.py:190} INFO - [2026-05-18T06:47:23.760+0000] {dagbag.py:588} INFO - Filling up the DagBag from /home/noelsdavid/airflow_venv/lib/python3.12/site-packages/airflow/example_dags/tutorial.py
[2026-05-18T06:47:23.774+0000] {processor.py:925} INFO - DAG(s) 'tutorial' retrieved from /home/noelsdavid/airflow_venv/lib/python3.12/site-packages/airflow/example_dags/tutorial.py
[2026-05-18T06:47:23.798+0000] {logging_mixin.py:190} INFO - [2026-05-18T06:47:23.798+0000] {dag.py:3239} INFO - Sync 1 DAGs
[2026-05-18T06:47:23.826+0000] {logging_mixin.py:190} INFO - [2026-05-18T06:47:23.826+0000] {dag.py:4180} INFO - Setting next_dagrun for tutorial to 2026-05-17 00:00:00+00:00, run_after=2026-05-18 00:00:00+00:00
[2026-05-18T06:47:23.860+0000] {processor.py:208} INFO - Processing /home/noelsdavid/airflow_venv/lib/python3.12/site-packages/airflow/example_dags/tutorial.py took 0.115 seconds
[2026-05-18T06:48:27.955+0000] {processor.py:186} INFO - Started process (PID=13332) to work on /home/noelsdavid/airflow_venv/lib/python3.12/site-packages/airflow/example_dags/tutorial.py
[2026-05-18T06:48:27.958+0000] {processor.py:914} INFO - Processing file /home/noelsdavid/airflow_venv/lib/python3.12/site-packages/airflow/example_dags/tutorial.py for tasks to queue
[2026-05-18T06:48:27.961+0000] {logging_mixin.py:190} INFO - [2026-05-18T06:48:27.960+0000] {dagbag.py:588} INFO - Filling up the DagBag from /home/noelsdavid/airflow_venv/lib/python3.12/site-packages/airflow/example_dags/tutorial.py
[2026-05-18T06:48:27.974+0000] {processor.py:925} INFO - DAG(s) 'tutorial' retrieved from /home/noelsdavid/airflow_venv/lib/python3.12/site-packages/airflow/example_dags/tutorial.py
[2026-05-18T06:48:27.994+0000] {logging_mixin.py:190} INFO - [2026-05-18T06:48:27.994+0000] {dag.py:3239} INFO - Sync 1 DAGs
[2026-05-18T06:48:28.020+0000] {logging_mixin.py:190} INFO - [2026-05-18T06:48:28.020+0000] {dag.py:4180} INFO - Setting next_dagrun for tutorial to 2026-05-17 00:00:00+00:00, run_after=2026-05-18 00:00:00+00:00
[2026-05-18T06:48:28.052+0000] {processor.py:208} INFO - Processing /home/noelsdavid/airflow_venv/lib/python3.12/site-packages/airflow/example_dags/tutorial.py took 0.108 seconds
[2026-05-18T06:49:32.172+0000] {processor.py:186} INFO - Started process (PID=13404) to work on /home/noelsdavid/airflow_venv/lib/python3.12/site-packages/airflow/example_dags/tutorial.py
[2026-05-18T06:49:32.175+0000] {processor.py:914} INFO - Processing file /home/noelsdavid/airflow_venv/lib/python3.12/site-packages/airflow/example_dags/tutorial.py for tasks to queue
[2026-05-18T06:49:32.178+0000] {logging_mixin.py:190} INFO - [2026-05-18T06:49:32.177+0000] {dagbag.py:588} INFO - Filling up the DagBag from /home/noelsdavid/airflow_venv/lib/python3.12/site-packages/airflow/example_dags/tutorial.py
[2026-05-18T06:49:32.192+0000] {processor.py:925} INFO - DAG(s) 'tutorial' retrieved from /home/noelsdavid/airflow_venv/lib/python3.12/site-packages/airflow/example_dags/tutorial.py
[2026-05-18T06:49:32.213+0000] {logging_mixin.py:190} INFO - [2026-05-18T06:49:32.213+0000] {dag.py:3239} INFO - Sync 1 DAGs
[2026-05-18T06:49:32.240+0000] {logging_mixin.py:190} INFO - [2026-05-18T06:49:32.240+0000] {dag.py:4180} INFO - Setting next_dagrun for tutorial to 2026-05-17 00:00:00+00:00, run_after=2026-05-18 00:00:00+00:00
[2026-05-18T06:49:32.273+0000] {processor.py:208} INFO - Processing /home/noelsdavid/airflow_venv/lib/python3.12/site-packages/airflow/example_dags/tutorial.py took 0.110 seconds
[2026-05-18T06:50:40.537+0000] {processor.py:186} INFO - Started process (PID=13982) to work on /home/noelsdavid/airflow_venv/lib/python3.12/site-packages/airflow/example_dags/tutorial.py
[2026-05-18T06:50:40.539+0000] {processor.py:914} INFO - Processing file /home/noelsdavid/airflow_venv/lib/python3.12/site-packages/airflow/example_dags/tutorial.py for tasks to queue
[2026-05-18T06:50:40.542+0000] {logging_mixin.py:190} INFO - [2026-05-18T06:50:40.541+0000] {dagbag.py:588} INFO - Filling up the DagBag from /home/noelsdavid/airflow_venv/lib/python3.12/site-packages/airflow/example_dags/tutorial.py
[2026-05-18T06:50:40.555+0000] {processor.py:925} INFO - DAG(s) 'tutorial' retrieved from /home/noelsdavid/airflow_venv/lib/python3.12/site-packages/airflow/example_dags/tutorial.py
[2026-05-18T06:50:40.577+0000] {logging_mixin.py:190} INFO - [2026-05-18T06:50:40.577+0000] {dag.py:3239} INFO - Sync 1 DAGs
[2026-05-18T06:50:40.602+0000] {logging_mixin.py:190} INFO - [2026-05-18T06:50:40.602+0000] {dag.py:4180} INFO - Setting next_dagrun for tutorial to 2026-05-17 00:00:00+00:00, run_after=2026-05-18 00:00:00+00:00
[2026-05-18T06:50:40.637+0000] {processor.py:208} INFO - Processing /home/noelsdavid/airflow_venv/lib/python3.12/site-packages/airflow/example_dags/tutorial.py took 0.110 seconds
[2026-05-18T06:51:56.703+0000] {processor.py:186} INFO - Started process (PID=14330) to work on /home/noelsdavid/airflow_venv/lib/python3.12/site-packages/airflow/example_dags/tutorial.py
[2026-05-18T06:51:56.705+0000] {processor.py:914} INFO - Processing file /home/noelsdavid/airflow_venv/lib/python3.12/site-packages/airflow/example_dags/tutorial.py for tasks to queue
[2026-05-18T06:51:56.708+0000] {logging_mixin.py:190} INFO - [2026-05-18T06:51:56.707+0000] {dagbag.py:588} INFO - Filling up the DagBag from /home/noelsdavid/airflow_venv/lib/python3.12/site-packages/airflow/example_dags/tutorial.py
[2026-05-18T06:51:56.721+0000] {processor.py:925} INFO - DAG(s) 'tutorial' retrieved from /home/noelsdavid/airflow_venv/lib/python3.12/site-packages/airflow/example_dags/tutorial.py
[2026-05-18T06:51:56.742+0000] {logging_mixin.py:190} INFO - [2026-05-18T06:51:56.742+0000] {dag.py:3239} INFO - Sync 1 DAGs
[2026-05-18T06:51:56.769+0000] {logging_mixin.py:190} INFO - [2026-05-18T06:51:56.769+0000] {dag.py:4180} INFO - Setting next_dagrun for tutorial to 2026-05-17 00:00:00+00:00, run_after=2026-05-18 00:00:00+00:00
[2026-05-18T06:51:56.801+0000] {processor.py:208} INFO - Processing /home/noelsdavid/airflow_venv/lib/python3.12/site-packages/airflow/example_dags/tutorial.py took 0.107 seconds
[2026-05-18T06:53:04.417+0000] {processor.py:186} INFO - Started process (PID=14578) to work on /home/noelsdavid/airflow_venv/lib/python3.12/site-packages/airflow/example_dags/tutorial.py
[2026-05-18T06:53:04.419+0000] {processor.py:914} INFO - Processing file /home/noelsdavid/airflow_venv/lib/python3.12/site-packages/airflow/example_dags/tutorial.py for tasks to queue
[2026-05-18T06:53:04.423+0000] {logging_mixin.py:190} INFO - [2026-05-18T06:53:04.422+0000] {dagbag.py:588} INFO - Filling up the DagBag from /home/noelsdavid/airflow_venv/lib/python3.12/site-packages/airflow/example_dags/tutorial.py
[2026-05-18T06:53:04.437+0000] {processor.py:925} INFO - DAG(s) 'tutorial' retrieved from /home/noelsdavid/airflow_venv/lib/python3.12/site-packages/airflow/example_dags/tutorial.py
[2026-05-18T06:53:04.459+0000] {logging_mixin.py:190} INFO - [2026-05-18T06:53:04.459+0000] {dag.py:3239} INFO - Sync 1 DAGs
[2026-05-18T06:53:04.487+0000] {logging_mixin.py:190} INFO - [2026-05-18T06:53:04.487+0000] {dag.py:4180} INFO - Setting next_dagrun for tutorial to 2026-05-17 00:00:00+00:00, run_after=2026-05-18 00:00:00+00:00
[2026-05-18T06:53:04.521+0000] {processor.py:208} INFO - Processing /home/noelsdavid/airflow_venv/lib/python3.12/site-packages/airflow/example_dags/tutorial.py took 0.114 seconds
[2026-05-18T06:54:18.425+0000] {processor.py:186} INFO - Started process (PID=14945) to work on /home/noelsdavid/airflow_venv/lib/python3.12/site-packages/airflow/example_dags/tutorial.py
[2026-05-18T06:54:18.427+0000] {processor.py:914} INFO - Processing file /home/noelsdavid/airflow_venv/lib/python3.12/site-packages/airflow/example_dags/tutorial.py for tasks to queue
[2026-05-18T06:54:18.430+0000] {logging_mixin.py:190} INFO - [2026-05-18T06:54:18.430+0000] {dagbag.py:588} INFO - Filling up the DagBag from /home/noelsdavid/airflow_venv/lib/python3.12/site-packages/airflow/example_dags/tutorial.py
[2026-05-18T06:54:18.442+0000] {processor.py:925} INFO - DAG(s) 'tutorial' retrieved from /home/noelsdavid/airflow_venv/lib/python3.12/site-packages/airflow/example_dags/tutorial.py
[2026-05-18T06:54:18.465+0000] {logging_mixin.py:190} INFO - [2026-05-18T06:54:18.464+0000] {dag.py:3239} INFO - Sync 1 DAGs
[2026-05-18T06:54:18.491+0000] {logging_mixin.py:190} INFO - [2026-05-18T06:54:18.491+0000] {dag.py:4180} INFO - Setting next_dagrun for tutorial to 2026-05-17 00:00:00+00:00, run_after=2026-05-18 00:00:00+00:00
[2026-05-18T06:54:18.520+0000] {processor.py:208} INFO - Processing /home/noelsdavid/airflow_venv/lib/python3.12/site-packages/airflow/example_dags/tutorial.py took 0.104 seconds
[2026-05-18T06:55:31.974+0000] {processor.py:186} INFO - Started process (PID=15122) to work on /home/noelsdavid/airflow_venv/lib/python3.12/site-packages/airflow/example_dags/tutorial.py
[2026-05-18T06:55:31.986+0000] {processor.py:914} INFO - Processing file /home/noelsdavid/airflow_venv/lib/python3.12/site-packages/airflow/example_dags/tutorial.py for tasks to queue
[2026-05-18T06:55:31.989+0000] {logging_mixin.py:190} INFO - [2026-05-18T06:55:31.988+0000] {dagbag.py:588} INFO - Filling up the DagBag from /home/noelsdavid/airflow_venv/lib/python3.12/site-packages/airflow/example_dags/tutorial.py
[2026-05-18T06:55:32.003+0000] {processor.py:925} INFO - DAG(s) 'tutorial' retrieved from /home/noelsdavid/airflow_venv/lib/python3.12/site-packages/airflow/example_dags/tutorial.py
[2026-05-18T06:55:32.027+0000] {logging_mixin.py:190} INFO - [2026-05-18T06:55:32.027+0000] {dag.py:3239} INFO - Sync 1 DAGs
[2026-05-18T06:55:32.066+0000] {logging_mixin.py:190} INFO - [2026-05-18T06:55:32.066+0000] {dag.py:4180} INFO - Setting next_dagrun for tutorial to 2026-05-17 00:00:00+00:00, run_after=2026-05-18 00:00:00+00:00
[2026-05-18T06:55:32.106+0000] {processor.py:208} INFO - Processing /home/noelsdavid/airflow_venv/lib/python3.12/site-packages/airflow/example_dags/tutorial.py took 0.141 seconds
[2026-05-18T06:56:48.275+0000] {processor.py:186} INFO - Started process (PID=15424) to work on /home/noelsdavid/airflow_venv/lib/python3.12/site-packages/airflow/example_dags/tutorial.py
[2026-05-18T06:56:48.277+0000] {processor.py:914} INFO - Processing file /home/noelsdavid/airflow_venv/lib/python3.12/site-packages/airflow/example_dags/tutorial.py for tasks to queue
[2026-05-18T06:56:48.280+0000] {logging_mixin.py:190} INFO - [2026-05-18T06:56:48.280+0000] {dagbag.py:588} INFO - Filling up the DagBag from /home/noelsdavid/airflow_venv/lib/python3.12/site-packages/airflow/example_dags/tutorial.py
[2026-05-18T06:56:48.296+0000] {processor.py:925} INFO - DAG(s) 'tutorial' retrieved from /home/noelsdavid/airflow_venv/lib/python3.12/site-packages/airflow/example_dags/tutorial.py
[2026-05-18T06:56:48.321+0000] {logging_mixin.py:190} INFO - [2026-05-18T06:56:48.320+0000] {dag.py:3239} INFO - Sync 1 DAGs
[2026-05-18T06:56:48.367+0000] {logging_mixin.py:190} INFO - [2026-05-18T06:56:48.366+0000] {dag.py:4180} INFO - Setting next_dagrun for tutorial to 2026-05-17 00:00:00+00:00, run_after=2026-05-18 00:00:00+00:00
[2026-05-18T06:56:48.401+0000] {processor.py:208} INFO - Processing /home/noelsdavid/airflow_venv/lib/python3.12/site-packages/airflow/example_dags/tutorial.py took 0.139 seconds
[2026-05-18T06:58:06.670+0000] {processor.py:186} INFO - Started process (PID=15648) to work on /home/noelsdavid/airflow_venv/lib/python3.12/site-packages/airflow/example_dags/tutorial.py
[2026-05-18T06:58:06.672+0000] {processor.py:914} INFO - Processing file /home/noelsdavid/airflow_venv/lib/python3.12/site-packages/airflow/example_dags/tutorial.py for tasks to queue
[2026-05-18T06:58:06.675+0000] {logging_mixin.py:190} INFO - [2026-05-18T06:58:06.674+0000] {dagbag.py:588} INFO - Filling up the DagBag from /home/noelsdavid/airflow_venv/lib/python3.12/site-packages/airflow/example_dags/tutorial.py
[2026-05-18T06:58:06.691+0000] {processor.py:925} INFO - DAG(s) 'tutorial' retrieved from /home/noelsdavid/airflow_venv/lib/python3.12/site-packages/airflow/example_dags/tutorial.py
[2026-05-18T06:58:06.716+0000] {logging_mixin.py:190} INFO - [2026-05-18T06:58:06.715+0000] {dag.py:3239} INFO - Sync 1 DAGs
[2026-05-18T06:58:06.746+0000] {logging_mixin.py:190} INFO - [2026-05-18T06:58:06.746+0000] {dag.py:4180} INFO - Setting next_dagrun for tutorial to 2026-05-17 00:00:00+00:00, run_after=2026-05-18 00:00:00+00:00
[2026-05-18T06:58:06.788+0000] {processor.py:208} INFO - Processing /home/noelsdavid/airflow_venv/lib/python3.12/site-packages/airflow/example_dags/tutorial.py took 0.129 seconds
[2026-05-18T06:59:21.910+0000] {processor.py:186} INFO - Started process (PID=15849) to work on /home/noelsdavid/airflow_venv/lib/python3.12/site-packages/airflow/example_dags/tutorial.py
[2026-05-18T06:59:21.914+0000] {processor.py:914} INFO - Processing file /home/noelsdavid/airflow_venv/lib/python3.12/site-packages/airflow/example_dags/tutorial.py for tasks to queue
[2026-05-18T06:59:21.920+0000] {logging_mixin.py:190} INFO - [2026-05-18T06:59:21.919+0000] {dagbag.py:588} INFO - Filling up the DagBag from /home/noelsdavid/airflow_venv/lib/python3.12/site-packages/airflow/example_dags/tutorial.py
[2026-05-18T06:59:21.950+0000] {processor.py:925} INFO - DAG(s) 'tutorial' retrieved from /home/noelsdavid/airflow_venv/lib/python3.12/site-packages/airflow/example_dags/tutorial.py
[2026-05-18T06:59:21.997+0000] {logging_mixin.py:190} INFO - [2026-05-18T06:59:21.996+0000] {dag.py:3239} INFO - Sync 1 DAGs
[2026-05-18T06:59:22.043+0000] {logging_mixin.py:190} INFO - [2026-05-18T06:59:22.043+0000] {dag.py:4180} INFO - Setting next_dagrun for tutorial to 2026-05-17 00:00:00+00:00, run_after=2026-05-18 00:00:00+00:00
[2026-05-18T06:59:22.088+0000] {processor.py:208} INFO - Processing /home/noelsdavid/airflow_venv/lib/python3.12/site-packages/airflow/example_dags/tutorial.py took 0.200 seconds
[2026-05-18T07:00:42.404+0000] {processor.py:186} INFO - Started process (PID=16213) to work on /home/noelsdavid/airflow_venv/lib/python3.12/site-packages/airflow/example_dags/tutorial.py
[2026-05-18T07:00:42.407+0000] {processor.py:914} INFO - Processing file /home/noelsdavid/airflow_venv/lib/python3.12/site-packages/airflow/example_dags/tutorial.py for tasks to queue
[2026-05-18T07:00:42.410+0000] {logging_mixin.py:190} INFO - [2026-05-18T07:00:42.409+0000] {dagbag.py:588} INFO - Filling up the DagBag from /home/noelsdavid/airflow_venv/lib/python3.12/site-packages/airflow/example_dags/tutorial.py
[2026-05-18T07:00:42.425+0000] {processor.py:925} INFO - DAG(s) 'tutorial' retrieved from /home/noelsdavid/airflow_venv/lib/python3.12/site-packages/airflow/example_dags/tutorial.py
[2026-05-18T07:00:42.447+0000] {logging_mixin.py:190} INFO - [2026-05-18T07:00:42.447+0000] {dag.py:3239} INFO - Sync 1 DAGs
[2026-05-18T07:00:42.474+0000] {logging_mixin.py:190} INFO - [2026-05-18T07:00:42.474+0000] {dag.py:4180} INFO - Setting next_dagrun for tutorial to 2026-05-17 00:00:00+00:00, run_after=2026-05-18 00:00:00+00:00
[2026-05-18T07:00:42.507+0000] {processor.py:208} INFO - Processing /home/noelsdavid/airflow_venv/lib/python3.12/site-packages/airflow/example_dags/tutorial.py took 0.112 seconds
[2026-05-18T07:01:56.347+0000] {processor.py:186} INFO - Started process (PID=16445) to work on /home/noelsdavid/airflow_venv/lib/python3.12/site-packages/airflow/example_dags/tutorial.py
[2026-05-18T07:01:56.349+0000] {processor.py:914} INFO - Processing file /home/noelsdavid/airflow_venv/lib/python3.12/site-packages/airflow/example_dags/tutorial.py for tasks to queue
[2026-05-18T07:01:56.352+0000] {logging_mixin.py:190} INFO - [2026-05-18T07:01:56.351+0000] {dagbag.py:588} INFO - Filling up the DagBag from /home/noelsdavid/airflow_venv/lib/python3.12/site-packages/airflow/example_dags/tutorial.py
[2026-05-18T07:01:56.365+0000] {processor.py:925} INFO - DAG(s) 'tutorial' retrieved from /home/noelsdavid/airflow_venv/lib/python3.12/site-packages/airflow/example_dags/tutorial.py
[2026-05-18T07:01:56.387+0000] {logging_mixin.py:190} INFO - [2026-05-18T07:01:56.386+0000] {dag.py:3239} INFO - Sync 1 DAGs
[2026-05-18T07:01:56.413+0000] {logging_mixin.py:190} INFO - [2026-05-18T07:01:56.413+0000] {dag.py:4180} INFO - Setting next_dagrun for tutorial to 2026-05-17 00:00:00+00:00, run_after=2026-05-18 00:00:00+00:00
[2026-05-18T07:01:56.456+0000] {processor.py:208} INFO - Processing /home/noelsdavid/airflow_venv/lib/python3.12/site-packages/airflow/example_dags/tutorial.py took 0.119 seconds
[2026-05-18T07:03:08.619+0000] {processor.py:186} INFO - Started process (PID=16523) to work on /home/noelsdavid/airflow_venv/lib/python3.12/site-packages/airflow/example_dags/tutorial.py
[2026-05-18T07:03:08.622+0000] {processor.py:914} INFO - Processing file /home/noelsdavid/airflow_venv/lib/python3.12/site-packages/airflow/example_dags/tutorial.py for tasks to queue
[2026-05-18T07:03:08.624+0000] {logging_mixin.py:190} INFO - [2026-05-18T07:03:08.624+0000] {dagbag.py:588} INFO - Filling up the DagBag from /home/noelsdavid/airflow_venv/lib/python3.12/site-packages/airflow/example_dags/tutorial.py
[2026-05-18T07:03:08.637+0000] {processor.py:925} INFO - DAG(s) 'tutorial' retrieved from /home/noelsdavid/airflow_venv/lib/python3.12/site-packages/airflow/example_dags/tutorial.py
[2026-05-18T07:03:08.658+0000] {logging_mixin.py:190} INFO - [2026-05-18T07:03:08.658+0000] {dag.py:3239} INFO - Sync 1 DAGs
[2026-05-18T07:03:08.684+0000] {logging_mixin.py:190} INFO - [2026-05-18T07:03:08.684+0000] {dag.py:4180} INFO - Setting next_dagrun for tutorial to 2026-05-17 00:00:00+00:00, run_after=2026-05-18 00:00:00+00:00
[2026-05-18T07:03:08.717+0000] {processor.py:208} INFO - Processing /home/noelsdavid/airflow_venv/lib/python3.12/site-packages/airflow/example_dags/tutorial.py took 0.107 seconds
[2026-05-18T07:04:16.392+0000] {processor.py:186} INFO - Started process (PID=16600) to work on /home/noelsdavid/airflow_venv/lib/python3.12/site-packages/airflow/example_dags/tutorial.py
[2026-05-18T07:04:16.394+0000] {processor.py:914} INFO - Processing file /home/noelsdavid/airflow_venv/lib/python3.12/site-packages/airflow/example_dags/tutorial.py for tasks to queue
[2026-05-18T07:04:16.397+0000] {logging_mixin.py:190} INFO - [2026-05-18T07:04:16.396+0000] {dagbag.py:588} INFO - Filling up the DagBag from /home/noelsdavid/airflow_venv/lib/python3.12/site-packages/airflow/example_dags/tutorial.py
[2026-05-18T07:04:16.410+0000] {processor.py:925} INFO - DAG(s) 'tutorial' retrieved from /home/noelsdavid/airflow_venv/lib/python3.12/site-packages/airflow/example_dags/tutorial.py
[2026-05-18T07:04:16.432+0000] {logging_mixin.py:190} INFO - [2026-05-18T07:04:16.432+0000] {dag.py:3239} INFO - Sync 1 DAGs
[2026-05-18T07:04:16.459+0000] {logging_mixin.py:190} INFO - [2026-05-18T07:04:16.459+0000] {dag.py:4180} INFO - Setting next_dagrun for tutorial to 2026-05-17 00:00:00+00:00, run_after=2026-05-18 00:00:00+00:00
[2026-05-18T07:04:16.492+0000] {processor.py:208} INFO - Processing /home/noelsdavid/airflow_venv/lib/python3.12/site-packages/airflow/example_dags/tutorial.py took 0.109 seconds
[2026-05-18T07:05:29.854+0000] {processor.py:186} INFO - Started process (PID=16703) to work on /home/noelsdavid/airflow_venv/lib/python3.12/site-packages/airflow/example_dags/tutorial.py
[2026-05-18T07:05:29.856+0000] {processor.py:914} INFO - Processing file /home/noelsdavid/airflow_venv/lib/python3.12/site-packages/airflow/example_dags/tutorial.py for tasks to queue
[2026-05-18T07:05:29.859+0000] {logging_mixin.py:190} INFO - [2026-05-18T07:05:29.858+0000] {dagbag.py:588} INFO - Filling up the DagBag from /home/noelsdavid/airflow_venv/lib/python3.12/site-packages/airflow/example_dags/tutorial.py
[2026-05-18T07:05:29.873+0000] {processor.py:925} INFO - DAG(s) 'tutorial' retrieved from /home/noelsdavid/airflow_venv/lib/python3.12/site-packages/airflow/example_dags/tutorial.py
[2026-05-18T07:05:29.898+0000] {logging_mixin.py:190} INFO - [2026-05-18T07:05:29.898+0000] {dag.py:3239} INFO - Sync 1 DAGs
[2026-05-18T07:05:29.928+0000] {logging_mixin.py:190} INFO - [2026-05-18T07:05:29.927+0000] {dag.py:4180} INFO - Setting next_dagrun for tutorial to 2026-05-17 00:00:00+00:00, run_after=2026-05-18 00:00:00+00:00
[2026-05-18T07:05:29.963+0000] {processor.py:208} INFO - Processing /home/noelsdavid/airflow_venv/lib/python3.12/site-packages/airflow/example_dags/tutorial.py took 0.118 seconds
[2026-05-18T07:06:49.874+0000] {processor.py:186} INFO - Started process (PID=16784) to work on /home/noelsdavid/airflow_venv/lib/python3.12/site-packages/airflow/example_dags/tutorial.py
[2026-05-18T07:06:49.877+0000] {processor.py:914} INFO - Processing file /home/noelsdavid/airflow_venv/lib/python3.12/site-packages/airflow/example_dags/tutorial.py for tasks to queue
[2026-05-18T07:06:49.880+0000] {logging_mixin.py:190} INFO - [2026-05-18T07:06:49.879+0000] {dagbag.py:588} INFO - Filling up the DagBag from /home/noelsdavid/airflow_venv/lib/python3.12/site-packages/airflow/example_dags/tutorial.py
[2026-05-18T07:06:49.892+0000] {processor.py:925} INFO - DAG(s) 'tutorial' retrieved from /home/noelsdavid/airflow_venv/lib/python3.12/site-packages/airflow/example_dags/tutorial.py
[2026-05-18T07:06:49.915+0000] {logging_mixin.py:190} INFO - [2026-05-18T07:06:49.914+0000] {dag.py:3239} INFO - Sync 1 DAGs
[2026-05-18T07:06:49.941+0000] {logging_mixin.py:190} INFO - [2026-05-18T07:06:49.940+0000] {dag.py:4180} INFO - Setting next_dagrun for tutorial to 2026-05-17 00:00:00+00:00, run_after=2026-05-18 00:00:00+00:00
[2026-05-18T07:06:49.973+0000] {processor.py:208} INFO - Processing /home/noelsdavid/airflow_venv/lib/python3.12/site-packages/airflow/example_dags/tutorial.py took 0.108 seconds
[2026-05-18T07:08:07.582+0000] {processor.py:186} INFO - Started process (PID=16865) to work on /home/noelsdavid/airflow_venv/lib/python3.12/site-packages/airflow/example_dags/tutorial.py
[2026-05-18T07:08:07.585+0000] {processor.py:914} INFO - Processing file /home/noelsdavid/airflow_venv/lib/python3.12/site-packages/airflow/example_dags/tutorial.py for tasks to queue
[2026-05-18T07:08:07.588+0000] {logging_mixin.py:190} INFO - [2026-05-18T07:08:07.587+0000] {dagbag.py:588} INFO - Filling up the DagBag from /home/noelsdavid/airflow_venv/lib/python3.12/site-packages/airflow/example_dags/tutorial.py
[2026-05-18T07:08:07.601+0000] {processor.py:925} INFO - DAG(s) 'tutorial' retrieved from /home/noelsdavid/airflow_venv/lib/python3.12/site-packages/airflow/example_dags/tutorial.py
[2026-05-18T07:08:07.623+0000] {logging_mixin.py:190} INFO - [2026-05-18T07:08:07.622+0000] {dag.py:3239} INFO - Sync 1 DAGs
[2026-05-18T07:08:07.650+0000] {logging_mixin.py:190} INFO - [2026-05-18T07:08:07.650+0000] {dag.py:4180} INFO - Setting next_dagrun for tutorial to 2026-05-17 00:00:00+00:00, run_after=2026-05-18 00:00:00+00:00
[2026-05-18T07:08:07.682+0000] {processor.py:208} INFO - Processing /home/noelsdavid/airflow_venv/lib/python3.12/site-packages/airflow/example_dags/tutorial.py took 0.110 seconds
[2026-05-18T07:09:30.060+0000] {processor.py:186} INFO - Started process (PID=16947) to work on /home/noelsdavid/airflow_venv/lib/python3.12/site-packages/airflow/example_dags/tutorial.py
[2026-05-18T07:09:30.064+0000] {processor.py:914} INFO - Processing file /home/noelsdavid/airflow_venv/lib/python3.12/site-packages/airflow/example_dags/tutorial.py for tasks to queue
[2026-05-18T07:09:30.066+0000] {logging_mixin.py:190} INFO - [2026-05-18T07:09:30.065+0000] {dagbag.py:588} INFO - Filling up the DagBag from /home/noelsdavid/airflow_venv/lib/python3.12/site-packages/airflow/example_dags/tutorial.py
[2026-05-18T07:09:30.079+0000] {processor.py:925} INFO - DAG(s) 'tutorial' retrieved from /home/noelsdavid/airflow_venv/lib/python3.12/site-packages/airflow/example_dags/tutorial.py
[2026-05-18T07:09:30.101+0000] {logging_mixin.py:190} INFO - [2026-05-18T07:09:30.100+0000] {dag.py:3239} INFO - Sync 1 DAGs
[2026-05-18T07:09:30.128+0000] {logging_mixin.py:190} INFO - [2026-05-18T07:09:30.128+0000] {dag.py:4180} INFO - Setting next_dagrun for tutorial to 2026-05-17 00:00:00+00:00, run_after=2026-05-18 00:00:00+00:00
[2026-05-18T07:09:30.163+0000] {processor.py:208} INFO - Processing /home/noelsdavid/airflow_venv/lib/python3.12/site-packages/airflow/example_dags/tutorial.py took 0.113 seconds
[2026-05-18T07:10:12.791+0000] {processor.py:186} INFO - Started process (PID=16991) to work on /home/noelsdavid/airflow_venv/lib/python3.12/site-packages/airflow/example_dags/tutorial.py
[2026-05-18T07:10:12.800+0000] {processor.py:914} INFO - Processing file /home/noelsdavid/airflow_venv/lib/python3.12/site-packages/airflow/example_dags/tutorial.py for tasks to queue
[2026-05-18T07:10:12.802+0000] {logging_mixin.py:190} INFO - [2026-05-18T07:10:12.802+0000] {dagbag.py:588} INFO - Filling up the DagBag from /home/noelsdavid/airflow_venv/lib/python3.12/site-packages/airflow/example_dags/tutorial.py
[2026-05-18T07:10:12.817+0000] {processor.py:925} INFO - DAG(s) 'tutorial' retrieved from /home/noelsdavid/airflow_venv/lib/python3.12/site-packages/airflow/example_dags/tutorial.py
[2026-05-18T07:10:12.841+0000] {logging_mixin.py:190} INFO - [2026-05-18T07:10:12.841+0000] {dag.py:3239} INFO - Sync 1 DAGs
[2026-05-18T07:10:12.874+0000] {logging_mixin.py:190} INFO - [2026-05-18T07:10:12.874+0000] {dag.py:4180} INFO - Setting next_dagrun for tutorial to 2026-05-17 00:00:00+00:00, run_after=2026-05-18 00:00:00+00:00
[2026-05-18T07:10:12.910+0000] {processor.py:208} INFO - Processing /home/noelsdavid/airflow_venv/lib/python3.12/site-packages/airflow/example_dags/tutorial.py took 0.130 seconds
[2026-05-18T07:11:25.146+0000] {processor.py:186} INFO - Started process (PID=17094) to work on /home/noelsdavid/airflow_venv/lib/python3.12/site-packages/airflow/example_dags/tutorial.py
[2026-05-18T07:11:25.149+0000] {processor.py:914} INFO - Processing file /home/noelsdavid/airflow_venv/lib/python3.12/site-packages/airflow/example_dags/tutorial.py for tasks to queue
[2026-05-18T07:11:25.152+0000] {logging_mixin.py:190} INFO - [2026-05-18T07:11:25.151+0000] {dagbag.py:588} INFO - Filling up the DagBag from /home/noelsdavid/airflow_venv/lib/python3.12/site-packages/airflow/example_dags/tutorial.py
[2026-05-18T07:11:25.166+0000] {processor.py:925} INFO - DAG(s) 'tutorial' retrieved from /home/noelsdavid/airflow_venv/lib/python3.12/site-packages/airflow/example_dags/tutorial.py
[2026-05-18T07:11:25.188+0000] {logging_mixin.py:190} INFO - [2026-05-18T07:11:25.188+0000] {dag.py:3239} INFO - Sync 1 DAGs
[2026-05-18T07:11:25.217+0000] {logging_mixin.py:190} INFO - [2026-05-18T07:11:25.217+0000] {dag.py:4180} INFO - Setting next_dagrun for tutorial to 2026-05-17 00:00:00+00:00, run_after=2026-05-18 00:00:00+00:00
[2026-05-18T07:11:25.252+0000] {processor.py:208} INFO - Processing /home/noelsdavid/airflow_venv/lib/python3.12/site-packages/airflow/example_dags/tutorial.py took 0.116 seconds
[2026-05-18T07:12:38.931+0000] {processor.py:186} INFO - Started process (PID=17173) to work on /home/noelsdavid/airflow_venv/lib/python3.12/site-packages/airflow/example_dags/tutorial.py
[2026-05-18T07:12:38.933+0000] {processor.py:914} INFO - Processing file /home/noelsdavid/airflow_venv/lib/python3.12/site-packages/airflow/example_dags/tutorial.py for tasks to queue
[2026-05-18T07:12:38.936+0000] {logging_mixin.py:190} INFO - [2026-05-18T07:12:38.935+0000] {dagbag.py:588} INFO - Filling up the DagBag from /home/noelsdavid/airflow_venv/lib/python3.12/site-packages/airflow/example_dags/tutorial.py
[2026-05-18T07:12:38.949+0000] {processor.py:925} INFO - DAG(s) 'tutorial' retrieved from /home/noelsdavid/airflow_venv/lib/python3.12/site-packages/airflow/example_dags/tutorial.py
[2026-05-18T07:12:38.971+0000] {logging_mixin.py:190} INFO - [2026-05-18T07:12:38.970+0000] {dag.py:3239} INFO - Sync 1 DAGs
[2026-05-18T07:12:38.997+0000] {logging_mixin.py:190} INFO - [2026-05-18T07:12:38.997+0000] {dag.py:4180} INFO - Setting next_dagrun for tutorial to 2026-05-17 00:00:00+00:00, run_after=2026-05-18 00:00:00+00:00
[2026-05-18T07:12:39.030+0000] {processor.py:208} INFO - Processing /home/noelsdavid/airflow_venv/lib/python3.12/site-packages/airflow/example_dags/tutorial.py took 0.109 seconds
[2026-05-18T07:13:54.218+0000] {processor.py:186} INFO - Started process (PID=17253) to work on /home/noelsdavid/airflow_venv/lib/python3.12/site-packages/airflow/example_dags/tutorial.py
[2026-05-18T07:13:54.238+0000] {processor.py:914} INFO - Processing file /home/noelsdavid/airflow_venv/lib/python3.12/site-packages/airflow/example_dags/tutorial.py for tasks to queue
[2026-05-18T07:13:54.241+0000] {logging_mixin.py:190} INFO - [2026-05-18T07:13:54.241+0000] {dagbag.py:588} INFO - Filling up the DagBag from /home/noelsdavid/airflow_venv/lib/python3.12/site-packages/airflow/example_dags/tutorial.py
[2026-05-18T07:13:54.254+0000] {processor.py:925} INFO - DAG(s) 'tutorial' retrieved from /home/noelsdavid/airflow_venv/lib/python3.12/site-packages/airflow/example_dags/tutorial.py
[2026-05-18T07:13:54.278+0000] {logging_mixin.py:190} INFO - [2026-05-18T07:13:54.277+0000] {dag.py:3239} INFO - Sync 1 DAGs
[2026-05-18T07:13:54.307+0000] {logging_mixin.py:190} INFO - [2026-05-18T07:13:54.307+0000] {dag.py:4180} INFO - Setting next_dagrun for tutorial to 2026-05-17 00:00:00+00:00, run_after=2026-05-18 00:00:00+00:00
[2026-05-18T07:13:54.343+0000] {processor.py:208} INFO - Processing /home/noelsdavid/airflow_venv/lib/python3.12/site-packages/airflow/example_dags/tutorial.py took 0.135 seconds
[2026-05-18T07:15:05.493+0000] {processor.py:186} INFO - Started process (PID=17331) to work on /home/noelsdavid/airflow_venv/lib/python3.12/site-packages/airflow/example_dags/tutorial.py
[2026-05-18T07:15:05.499+0000] {processor.py:914} INFO - Processing file /home/noelsdavid/airflow_venv/lib/python3.12/site-packages/airflow/example_dags/tutorial.py for tasks to queue
[2026-05-18T07:15:05.506+0000] {logging_mixin.py:190} INFO - [2026-05-18T07:15:05.504+0000] {dagbag.py:588} INFO - Filling up the DagBag from /home/noelsdavid/airflow_venv/lib/python3.12/site-packages/airflow/example_dags/tutorial.py
[2026-05-18T07:15:05.524+0000] {processor.py:925} INFO - DAG(s) 'tutorial' retrieved from /home/noelsdavid/airflow_venv/lib/python3.12/site-packages/airflow/example_dags/tutorial.py
[2026-05-18T07:15:05.556+0000] {logging_mixin.py:190} INFO - [2026-05-18T07:15:05.555+0000] {dag.py:3239} INFO - Sync 1 DAGs
[2026-05-18T07:15:05.609+0000] {logging_mixin.py:190} INFO - [2026-05-18T07:15:05.609+0000] {dag.py:4180} INFO - Setting next_dagrun for tutorial to 2026-05-17 00:00:00+00:00, run_after=2026-05-18 00:00:00+00:00
[2026-05-18T07:15:05.656+0000] {processor.py:208} INFO - Processing /home/noelsdavid/airflow_venv/lib/python3.12/site-packages/airflow/example_dags/tutorial.py took 0.180 seconds
[2026-05-18T07:16:22.465+0000] {processor.py:186} INFO - Started process (PID=17435) to work on /home/noelsdavid/airflow_venv/lib/python3.12/site-packages/airflow/example_dags/tutorial.py
[2026-05-18T07:16:22.467+0000] {processor.py:914} INFO - Processing file /home/noelsdavid/airflow_venv/lib/python3.12/site-packages/airflow/example_dags/tutorial.py for tasks to queue
[2026-05-18T07:16:22.470+0000] {logging_mixin.py:190} INFO - [2026-05-18T07:16:22.470+0000] {dagbag.py:588} INFO - Filling up the DagBag from /home/noelsdavid/airflow_venv/lib/python3.12/site-packages/airflow/example_dags/tutorial.py
[2026-05-18T07:16:22.486+0000] {processor.py:925} INFO - DAG(s) 'tutorial' retrieved from /home/noelsdavid/airflow_venv/lib/python3.12/site-packages/airflow/example_dags/tutorial.py
[2026-05-18T07:16:22.508+0000] {logging_mixin.py:190} INFO - [2026-05-18T07:16:22.508+0000] {dag.py:3239} INFO - Sync 1 DAGs
[2026-05-18T07:16:22.534+0000] {logging_mixin.py:190} INFO - [2026-05-18T07:16:22.534+0000] {dag.py:4180} INFO - Setting next_dagrun for tutorial to 2026-05-17 00:00:00+00:00, run_after=2026-05-18 00:00:00+00:00
[2026-05-18T07:16:22.567+0000] {processor.py:208} INFO - Processing /home/noelsdavid/airflow_venv/lib/python3.12/site-packages/airflow/example_dags/tutorial.py took 0.111 seconds
[2026-05-18T07:17:39.875+0000] {processor.py:186} INFO - Started process (PID=17517) to work on /home/noelsdavid/airflow_venv/lib/python3.12/site-packages/airflow/example_dags/tutorial.py
[2026-05-18T07:17:39.892+0000] {processor.py:914} INFO - Processing file /home/noelsdavid/airflow_venv/lib/python3.12/site-packages/airflow/example_dags/tutorial.py for tasks to queue
[2026-05-18T07:17:39.895+0000] {logging_mixin.py:190} INFO - [2026-05-18T07:17:39.894+0000] {dagbag.py:588} INFO - Filling up the DagBag from /home/noelsdavid/airflow_venv/lib/python3.12/site-packages/airflow/example_dags/tutorial.py
[2026-05-18T07:17:39.909+0000] {processor.py:925} INFO - DAG(s) 'tutorial' retrieved from /home/noelsdavid/airflow_venv/lib/python3.12/site-packages/airflow/example_dags/tutorial.py
[2026-05-18T07:17:39.934+0000] {logging_mixin.py:190} INFO - [2026-05-18T07:17:39.934+0000] {dag.py:3239} INFO - Sync 1 DAGs
[2026-05-18T07:17:39.963+0000] {logging_mixin.py:190} INFO - [2026-05-18T07:17:39.962+0000] {dag.py:4180} INFO - Setting next_dagrun for tutorial to 2026-05-17 00:00:00+00:00, run_after=2026-05-18 00:00:00+00:00
[2026-05-18T07:17:39.996+0000] {processor.py:208} INFO - Processing /home/noelsdavid/airflow_venv/lib/python3.12/site-packages/airflow/example_dags/tutorial.py took 0.133 seconds
[2026-05-18T07:18:46.907+0000] {processor.py:186} INFO - Started process (PID=17593) to work on /home/noelsdavid/airflow_venv/lib/python3.12/site-packages/airflow/example_dags/tutorial.py
[2026-05-18T07:18:46.910+0000] {processor.py:914} INFO - Processing file /home/noelsdavid/airflow_venv/lib/python3.12/site-packages/airflow/example_dags/tutorial.py for tasks to queue
[2026-05-18T07:18:46.913+0000] {logging_mixin.py:190} INFO - [2026-05-18T07:18:46.912+0000] {dagbag.py:588} INFO - Filling up the DagBag from /home/noelsdavid/airflow_venv/lib/python3.12/site-packages/airflow/example_dags/tutorial.py
[2026-05-18T07:18:46.925+0000] {processor.py:925} INFO - DAG(s) 'tutorial' retrieved from /home/noelsdavid/airflow_venv/lib/python3.12/site-packages/airflow/example_dags/tutorial.py
[2026-05-18T07:18:46.947+0000] {logging_mixin.py:190} INFO - [2026-05-18T07:18:46.947+0000] {dag.py:3239} INFO - Sync 1 DAGs
[2026-05-18T07:18:46.975+0000] {logging_mixin.py:190} INFO - [2026-05-18T07:18:46.975+0000] {dag.py:4180} INFO - Setting next_dagrun for tutorial to 2026-05-17 00:00:00+00:00, run_after=2026-05-18 00:00:00+00:00
[2026-05-18T07:18:47.007+0000] {processor.py:208} INFO - Processing /home/noelsdavid/airflow_venv/lib/python3.12/site-packages/airflow/example_dags/tutorial.py took 0.109 seconds
[2026-05-18T07:19:58.314+0000] {processor.py:186} INFO - Started process (PID=17671) to work on /home/noelsdavid/airflow_venv/lib/python3.12/site-packages/airflow/example_dags/tutorial.py
[2026-05-18T07:19:58.316+0000] {processor.py:914} INFO - Processing file /home/noelsdavid/airflow_venv/lib/python3.12/site-packages/airflow/example_dags/tutorial.py for tasks to queue
[2026-05-18T07:19:58.319+0000] {logging_mixin.py:190} INFO - [2026-05-18T07:19:58.318+0000] {dagbag.py:588} INFO - Filling up the DagBag from /home/noelsdavid/airflow_venv/lib/python3.12/site-packages/airflow/example_dags/tutorial.py
[2026-05-18T07:19:58.332+0000] {processor.py:925} INFO - DAG(s) 'tutorial' retrieved from /home/noelsdavid/airflow_venv/lib/python3.12/site-packages/airflow/example_dags/tutorial.py
[2026-05-18T07:19:58.354+0000] {logging_mixin.py:190} INFO - [2026-05-18T07:19:58.353+0000] {dag.py:3239} INFO - Sync 1 DAGs
[2026-05-18T07:19:58.380+0000] {logging_mixin.py:190} INFO - [2026-05-18T07:19:58.380+0000] {dag.py:4180} INFO - Setting next_dagrun for tutorial to 2026-05-17 00:00:00+00:00, run_after=2026-05-18 00:00:00+00:00
[2026-05-18T07:19:58.412+0000] {processor.py:208} INFO - Processing /home/noelsdavid/airflow_venv/lib/python3.12/site-packages/airflow/example_dags/tutorial.py took 0.107 seconds
[2026-05-18T07:21:11.034+0000] {processor.py:186} INFO - Started process (PID=17774) to work on /home/noelsdavid/airflow_venv/lib/python3.12/site-packages/airflow/example_dags/tutorial.py
[2026-05-18T07:21:11.037+0000] {processor.py:914} INFO - Processing file /home/noelsdavid/airflow_venv/lib/python3.12/site-packages/airflow/example_dags/tutorial.py for tasks to queue
[2026-05-18T07:21:11.039+0000] {logging_mixin.py:190} INFO - [2026-05-18T07:21:11.039+0000] {dagbag.py:588} INFO - Filling up the DagBag from /home/noelsdavid/airflow_venv/lib/python3.12/site-packages/airflow/example_dags/tutorial.py
[2026-05-18T07:21:11.054+0000] {processor.py:925} INFO - DAG(s) 'tutorial' retrieved from /home/noelsdavid/airflow_venv/lib/python3.12/site-packages/airflow/example_dags/tutorial.py
[2026-05-18T07:21:11.079+0000] {logging_mixin.py:190} INFO - [2026-05-18T07:21:11.079+0000] {dag.py:3239} INFO - Sync 1 DAGs
[2026-05-18T07:21:11.109+0000] {logging_mixin.py:190} INFO - [2026-05-18T07:21:11.108+0000] {dag.py:4180} INFO - Setting next_dagrun for tutorial to 2026-05-17 00:00:00+00:00, run_after=2026-05-18 00:00:00+00:00
[2026-05-18T07:21:11.145+0000] {processor.py:208} INFO - Processing /home/noelsdavid/airflow_venv/lib/python3.12/site-packages/airflow/example_dags/tutorial.py took 0.120 seconds
[2026-05-18T07:22:22.478+0000] {processor.py:186} INFO - Started process (PID=17856) to work on /home/noelsdavid/airflow_venv/lib/python3.12/site-packages/airflow/example_dags/tutorial.py
[2026-05-18T07:22:22.501+0000] {processor.py:914} INFO - Processing file /home/noelsdavid/airflow_venv/lib/python3.12/site-packages/airflow/example_dags/tutorial.py for tasks to queue
[2026-05-18T07:22:22.504+0000] {logging_mixin.py:190} INFO - [2026-05-18T07:22:22.504+0000] {dagbag.py:588} INFO - Filling up the DagBag from /home/noelsdavid/airflow_venv/lib/python3.12/site-packages/airflow/example_dags/tutorial.py
[2026-05-18T07:22:22.517+0000] {processor.py:925} INFO - DAG(s) 'tutorial' retrieved from /home/noelsdavid/airflow_venv/lib/python3.12/site-packages/airflow/example_dags/tutorial.py
[2026-05-18T07:22:22.539+0000] {logging_mixin.py:190} INFO - [2026-05-18T07:22:22.539+0000] {dag.py:3239} INFO - Sync 1 DAGs
[2026-05-18T07:22:22.566+0000] {logging_mixin.py:190} INFO - [2026-05-18T07:22:22.566+0000] {dag.py:4180} INFO - Setting next_dagrun for tutorial to 2026-05-17 00:00:00+00:00, run_after=2026-05-18 00:00:00+00:00
[2026-05-18T07:22:22.598+0000] {processor.py:208} INFO - Processing /home/noelsdavid/airflow_venv/lib/python3.12/site-packages/airflow/example_dags/tutorial.py took 0.129 seconds
[2026-05-18T07:23:35.062+0000] {processor.py:186} INFO - Started process (PID=17935) to work on /home/noelsdavid/airflow_venv/lib/python3.12/site-packages/airflow/example_dags/tutorial.py
[2026-05-18T07:23:35.065+0000] {processor.py:914} INFO - Processing file /home/noelsdavid/airflow_venv/lib/python3.12/site-packages/airflow/example_dags/tutorial.py for tasks to queue
[2026-05-18T07:23:35.067+0000] {logging_mixin.py:190} INFO - [2026-05-18T07:23:35.067+0000] {dagbag.py:588} INFO - Filling up the DagBag from /home/noelsdavid/airflow_venv/lib/python3.12/site-packages/airflow/example_dags/tutorial.py
[2026-05-18T07:23:35.080+0000] {processor.py:925} INFO - DAG(s) 'tutorial' retrieved from /home/noelsdavid/airflow_venv/lib/python3.12/site-packages/airflow/example_dags/tutorial.py
[2026-05-18T07:23:35.102+0000] {logging_mixin.py:190} INFO - [2026-05-18T07:23:35.102+0000] {dag.py:3239} INFO - Sync 1 DAGs
[2026-05-18T07:23:35.128+0000] {logging_mixin.py:190} INFO - [2026-05-18T07:23:35.128+0000] {dag.py:4180} INFO - Setting next_dagrun for tutorial to 2026-05-17 00:00:00+00:00, run_after=2026-05-18 00:00:00+00:00
[2026-05-18T07:23:35.162+0000] {processor.py:208} INFO - Processing /home/noelsdavid/airflow_venv/lib/python3.12/site-packages/airflow/example_dags/tutorial.py took 0.110 seconds
[2026-05-18T07:24:49.414+0000] {processor.py:186} INFO - Started process (PID=18015) to work on /home/noelsdavid/airflow_venv/lib/python3.12/site-packages/airflow/example_dags/tutorial.py
[2026-05-18T07:24:49.418+0000] {processor.py:914} INFO - Processing file /home/noelsdavid/airflow_venv/lib/python3.12/site-packages/airflow/example_dags/tutorial.py for tasks to queue
[2026-05-18T07:24:49.421+0000] {logging_mixin.py:190} INFO - [2026-05-18T07:24:49.420+0000] {dagbag.py:588} INFO - Filling up the DagBag from /home/noelsdavid/airflow_venv/lib/python3.12/site-packages/airflow/example_dags/tutorial.py
[2026-05-18T07:24:49.435+0000] {processor.py:925} INFO - DAG(s) 'tutorial' retrieved from /home/noelsdavid/airflow_venv/lib/python3.12/site-packages/airflow/example_dags/tutorial.py
[2026-05-18T07:24:49.457+0000] {logging_mixin.py:190} INFO - [2026-05-18T07:24:49.457+0000] {dag.py:3239} INFO - Sync 1 DAGs
[2026-05-18T07:24:49.484+0000] {logging_mixin.py:190} INFO - [2026-05-18T07:24:49.483+0000] {dag.py:4180} INFO - Setting next_dagrun for tutorial to 2026-05-17 00:00:00+00:00, run_after=2026-05-18 00:00:00+00:00
[2026-05-18T07:24:49.518+0000] {processor.py:208} INFO - Processing /home/noelsdavid/airflow_venv/lib/python3.12/site-packages/airflow/example_dags/tutorial.py took 0.116 seconds
[2026-05-18T07:25:54.467+0000] {processor.py:186} INFO - Started process (PID=18111) to work on /home/noelsdavid/airflow_venv/lib/python3.12/site-packages/airflow/example_dags/tutorial.py
[2026-05-18T07:25:54.469+0000] {processor.py:914} INFO - Processing file /home/noelsdavid/airflow_venv/lib/python3.12/site-packages/airflow/example_dags/tutorial.py for tasks to queue
[2026-05-18T07:25:54.471+0000] {logging_mixin.py:190} INFO - [2026-05-18T07:25:54.471+0000] {dagbag.py:588} INFO - Filling up the DagBag from /home/noelsdavid/airflow_venv/lib/python3.12/site-packages/airflow/example_dags/tutorial.py
[2026-05-18T07:25:54.485+0000] {processor.py:925} INFO - DAG(s) 'tutorial' retrieved from /home/noelsdavid/airflow_venv/lib/python3.12/site-packages/airflow/example_dags/tutorial.py
[2026-05-18T07:25:54.510+0000] {logging_mixin.py:190} INFO - [2026-05-18T07:25:54.509+0000] {dag.py:3239} INFO - Sync 1 DAGs
[2026-05-18T07:25:54.538+0000] {logging_mixin.py:190} INFO - [2026-05-18T07:25:54.538+0000] {dag.py:4180} INFO - Setting next_dagrun for tutorial to 2026-05-17 00:00:00+00:00, run_after=2026-05-18 00:00:00+00:00
[2026-05-18T07:25:54.573+0000] {processor.py:208} INFO - Processing /home/noelsdavid/airflow_venv/lib/python3.12/site-packages/airflow/example_dags/tutorial.py took 0.117 seconds
[2026-05-18T07:27:04.890+0000] {processor.py:186} INFO - Started process (PID=18188) to work on /home/noelsdavid/airflow_venv/lib/python3.12/site-packages/airflow/example_dags/tutorial.py
[2026-05-18T07:27:04.893+0000] {processor.py:914} INFO - Processing file /home/noelsdavid/airflow_venv/lib/python3.12/site-packages/airflow/example_dags/tutorial.py for tasks to queue
[2026-05-18T07:27:04.896+0000] {logging_mixin.py:190} INFO - [2026-05-18T07:27:04.895+0000] {dagbag.py:588} INFO - Filling up the DagBag from /home/noelsdavid/airflow_venv/lib/python3.12/site-packages/airflow/example_dags/tutorial.py
[2026-05-18T07:27:04.909+0000] {processor.py:925} INFO - DAG(s) 'tutorial' retrieved from /home/noelsdavid/airflow_venv/lib/python3.12/site-packages/airflow/example_dags/tutorial.py
[2026-05-18T07:27:04.932+0000] {logging_mixin.py:190} INFO - [2026-05-18T07:27:04.931+0000] {dag.py:3239} INFO - Sync 1 DAGs
[2026-05-18T07:27:04.962+0000] {logging_mixin.py:190} INFO - [2026-05-18T07:27:04.961+0000] {dag.py:4180} INFO - Setting next_dagrun for tutorial to 2026-05-17 00:00:00+00:00, run_after=2026-05-18 00:00:00+00:00
[2026-05-18T07:27:04.997+0000] {processor.py:208} INFO - Processing /home/noelsdavid/airflow_venv/lib/python3.12/site-packages/airflow/example_dags/tutorial.py took 0.116 seconds
[2026-05-18T07:28:16.485+0000] {processor.py:186} INFO - Started process (PID=18264) to work on /home/noelsdavid/airflow_venv/lib/python3.12/site-packages/airflow/example_dags/tutorial.py
[2026-05-18T07:28:16.501+0000] {processor.py:914} INFO - Processing file /home/noelsdavid/airflow_venv/lib/python3.12/site-packages/airflow/example_dags/tutorial.py for tasks to queue
[2026-05-18T07:28:16.504+0000] {logging_mixin.py:190} INFO - [2026-05-18T07:28:16.503+0000] {dagbag.py:588} INFO - Filling up the DagBag from /home/noelsdavid/airflow_venv/lib/python3.12/site-packages/airflow/example_dags/tutorial.py
[2026-05-18T07:28:16.518+0000] {processor.py:925} INFO - DAG(s) 'tutorial' retrieved from /home/noelsdavid/airflow_venv/lib/python3.12/site-packages/airflow/example_dags/tutorial.py
[2026-05-18T07:28:16.540+0000] {logging_mixin.py:190} INFO - [2026-05-18T07:28:16.540+0000] {dag.py:3239} INFO - Sync 1 DAGs
[2026-05-18T07:28:16.571+0000] {logging_mixin.py:190} INFO - [2026-05-18T07:28:16.571+0000] {dag.py:4180} INFO - Setting next_dagrun for tutorial to 2026-05-17 00:00:00+00:00, run_after=2026-05-18 00:00:00+00:00
[2026-05-18T07:28:16.607+0000] {processor.py:208} INFO - Processing /home/noelsdavid/airflow_venv/lib/python3.12/site-packages/airflow/example_dags/tutorial.py took 0.134 seconds
[2026-05-18T07:29:29.961+0000] {processor.py:186} INFO - Started process (PID=18343) to work on /home/noelsdavid/airflow_venv/lib/python3.12/site-packages/airflow/example_dags/tutorial.py
[2026-05-18T07:29:29.980+0000] {processor.py:914} INFO - Processing file /home/noelsdavid/airflow_venv/lib/python3.12/site-packages/airflow/example_dags/tutorial.py for tasks to queue
[2026-05-18T07:29:29.983+0000] {logging_mixin.py:190} INFO - [2026-05-18T07:29:29.983+0000] {dagbag.py:588} INFO - Filling up the DagBag from /home/noelsdavid/airflow_venv/lib/python3.12/site-packages/airflow/example_dags/tutorial.py
[2026-05-18T07:29:29.999+0000] {processor.py:925} INFO - DAG(s) 'tutorial' retrieved from /home/noelsdavid/airflow_venv/lib/python3.12/site-packages/airflow/example_dags/tutorial.py
[2026-05-18T07:29:30.021+0000] {logging_mixin.py:190} INFO - [2026-05-18T07:29:30.021+0000] {dag.py:3239} INFO - Sync 1 DAGs
[2026-05-18T07:29:30.048+0000] {logging_mixin.py:190} INFO - [2026-05-18T07:29:30.048+0000] {dag.py:4180} INFO - Setting next_dagrun for tutorial to 2026-05-17 00:00:00+00:00, run_after=2026-05-18 00:00:00+00:00
[2026-05-18T07:29:30.080+0000] {processor.py:208} INFO - Processing /home/noelsdavid/airflow_venv/lib/python3.12/site-packages/airflow/example_dags/tutorial.py took 0.131 seconds
[2026-05-18T07:30:39.071+0000] {processor.py:186} INFO - Started process (PID=18452) to work on /home/noelsdavid/airflow_venv/lib/python3.12/site-packages/airflow/example_dags/tutorial.py
[2026-05-18T07:30:39.074+0000] {processor.py:914} INFO - Processing file /home/noelsdavid/airflow_venv/lib/python3.12/site-packages/airflow/example_dags/tutorial.py for tasks to queue
[2026-05-18T07:30:39.077+0000] {logging_mixin.py:190} INFO - [2026-05-18T07:30:39.076+0000] {dagbag.py:588} INFO - Filling up the DagBag from /home/noelsdavid/airflow_venv/lib/python3.12/site-packages/airflow/example_dags/tutorial.py
[2026-05-18T07:30:39.091+0000] {processor.py:925} INFO - DAG(s) 'tutorial' retrieved from /home/noelsdavid/airflow_venv/lib/python3.12/site-packages/airflow/example_dags/tutorial.py
[2026-05-18T07:30:39.113+0000] {logging_mixin.py:190} INFO - [2026-05-18T07:30:39.112+0000] {dag.py:3239} INFO - Sync 1 DAGs
[2026-05-18T07:30:39.146+0000] {logging_mixin.py:190} INFO - [2026-05-18T07:30:39.145+0000] {dag.py:4180} INFO - Setting next_dagrun for tutorial to 2026-05-17 00:00:00+00:00, run_after=2026-05-18 00:00:00+00:00
[2026-05-18T07:30:39.188+0000] {processor.py:208} INFO - Processing /home/noelsdavid/airflow_venv/lib/python3.12/site-packages/airflow/example_dags/tutorial.py took 0.126 seconds
[2026-05-18T07:31:50.374+0000] {processor.py:186} INFO - Started process (PID=18530) to work on /home/noelsdavid/airflow_venv/lib/python3.12/site-packages/airflow/example_dags/tutorial.py
[2026-05-18T07:31:50.377+0000] {processor.py:914} INFO - Processing file /home/noelsdavid/airflow_venv/lib/python3.12/site-packages/airflow/example_dags/tutorial.py for tasks to queue
[2026-05-18T07:31:50.380+0000] {logging_mixin.py:190} INFO - [2026-05-18T07:31:50.379+0000] {dagbag.py:588} INFO - Filling up the DagBag from /home/noelsdavid/airflow_venv/lib/python3.12/site-packages/airflow/example_dags/tutorial.py
[2026-05-18T07:31:50.394+0000] {processor.py:925} INFO - DAG(s) 'tutorial' retrieved from /home/noelsdavid/airflow_venv/lib/python3.12/site-packages/airflow/example_dags/tutorial.py
[2026-05-18T07:31:50.417+0000] {logging_mixin.py:190} INFO - [2026-05-18T07:31:50.416+0000] {dag.py:3239} INFO - Sync 1 DAGs
[2026-05-18T07:31:50.448+0000] {logging_mixin.py:190} INFO - [2026-05-18T07:31:50.447+0000] {dag.py:4180} INFO - Setting next_dagrun for tutorial to 2026-05-17 00:00:00+00:00, run_after=2026-05-18 00:00:00+00:00
[2026-05-18T07:31:50.485+0000] {processor.py:208} INFO - Processing /home/noelsdavid/airflow_venv/lib/python3.12/site-packages/airflow/example_dags/tutorial.py took 0.121 seconds
[2026-05-18T07:32:59.104+0000] {processor.py:186} INFO - Started process (PID=18607) to work on /home/noelsdavid/airflow_venv/lib/python3.12/site-packages/airflow/example_dags/tutorial.py
[2026-05-18T07:32:59.107+0000] {processor.py:914} INFO - Processing file /home/noelsdavid/airflow_venv/lib/python3.12/site-packages/airflow/example_dags/tutorial.py for tasks to queue
[2026-05-18T07:32:59.110+0000] {logging_mixin.py:190} INFO - [2026-05-18T07:32:59.109+0000] {dagbag.py:588} INFO - Filling up the DagBag from /home/noelsdavid/airflow_venv/lib/python3.12/site-packages/airflow/example_dags/tutorial.py
[2026-05-18T07:32:59.122+0000] {processor.py:925} INFO - DAG(s) 'tutorial' retrieved from /home/noelsdavid/airflow_venv/lib/python3.12/site-packages/airflow/example_dags/tutorial.py
[2026-05-18T07:32:59.145+0000] {logging_mixin.py:190} INFO - [2026-05-18T07:32:59.145+0000] {dag.py:3239} INFO - Sync 1 DAGs
[2026-05-18T07:32:59.174+0000] {logging_mixin.py:190} INFO - [2026-05-18T07:32:59.173+0000] {dag.py:4180} INFO - Setting next_dagrun for tutorial to 2026-05-17 00:00:00+00:00, run_after=2026-05-18 00:00:00+00:00
[2026-05-18T07:32:59.206+0000] {processor.py:208} INFO - Processing /home/noelsdavid/airflow_venv/lib/python3.12/site-packages/airflow/example_dags/tutorial.py took 0.111 seconds
[2026-05-18T07:34:07.616+0000] {processor.py:186} INFO - Started process (PID=18683) to work on /home/noelsdavid/airflow_venv/lib/python3.12/site-packages/airflow/example_dags/tutorial.py
[2026-05-18T07:34:07.619+0000] {processor.py:914} INFO - Processing file /home/noelsdavid/airflow_venv/lib/python3.12/site-packages/airflow/example_dags/tutorial.py for tasks to queue
[2026-05-18T07:34:07.622+0000] {logging_mixin.py:190} INFO - [2026-05-18T07:34:07.621+0000] {dagbag.py:588} INFO - Filling up the DagBag from /home/noelsdavid/airflow_venv/lib/python3.12/site-packages/airflow/example_dags/tutorial.py
[2026-05-18T07:34:07.634+0000] {processor.py:925} INFO - DAG(s) 'tutorial' retrieved from /home/noelsdavid/airflow_venv/lib/python3.12/site-packages/airflow/example_dags/tutorial.py
[2026-05-18T07:34:07.656+0000] {logging_mixin.py:190} INFO - [2026-05-18T07:34:07.656+0000] {dag.py:3239} INFO - Sync 1 DAGs
[2026-05-18T07:34:07.683+0000] {logging_mixin.py:190} INFO - [2026-05-18T07:34:07.682+0000] {dag.py:4180} INFO - Setting next_dagrun for tutorial to 2026-05-17 00:00:00+00:00, run_after=2026-05-18 00:00:00+00:00
[2026-05-18T07:34:07.717+0000] {processor.py:208} INFO - Processing /home/noelsdavid/airflow_venv/lib/python3.12/site-packages/airflow/example_dags/tutorial.py took 0.110 seconds
[2026-05-18T07:35:24.080+0000] {processor.py:186} INFO - Started process (PID=18786) to work on /home/noelsdavid/airflow_venv/lib/python3.12/site-packages/airflow/example_dags/tutorial.py
[2026-05-18T07:35:24.083+0000] {processor.py:914} INFO - Processing file /home/noelsdavid/airflow_venv/lib/python3.12/site-packages/airflow/example_dags/tutorial.py for tasks to queue
[2026-05-18T07:35:24.085+0000] {logging_mixin.py:190} INFO - [2026-05-18T07:35:24.084+0000] {dagbag.py:588} INFO - Filling up the DagBag from /home/noelsdavid/airflow_venv/lib/python3.12/site-packages/airflow/example_dags/tutorial.py
[2026-05-18T07:35:24.098+0000] {processor.py:925} INFO - DAG(s) 'tutorial' retrieved from /home/noelsdavid/airflow_venv/lib/python3.12/site-packages/airflow/example_dags/tutorial.py
[2026-05-18T07:35:24.120+0000] {logging_mixin.py:190} INFO - [2026-05-18T07:35:24.120+0000] {dag.py:3239} INFO - Sync 1 DAGs
[2026-05-18T07:35:24.147+0000] {logging_mixin.py:190} INFO - [2026-05-18T07:35:24.147+0000] {dag.py:4180} INFO - Setting next_dagrun for tutorial to 2026-05-17 00:00:00+00:00, run_after=2026-05-18 00:00:00+00:00
[2026-05-18T07:35:24.179+0000] {processor.py:208} INFO - Processing /home/noelsdavid/airflow_venv/lib/python3.12/site-packages/airflow/example_dags/tutorial.py took 0.110 seconds
[2026-05-18T07:36:31.359+0000] {processor.py:186} INFO - Started process (PID=18862) to work on /home/noelsdavid/airflow_venv/lib/python3.12/site-packages/airflow/example_dags/tutorial.py
[2026-05-18T07:36:31.361+0000] {processor.py:914} INFO - Processing file /home/noelsdavid/airflow_venv/lib/python3.12/site-packages/airflow/example_dags/tutorial.py for tasks to queue
[2026-05-18T07:36:31.364+0000] {logging_mixin.py:190} INFO - [2026-05-18T07:36:31.364+0000] {dagbag.py:588} INFO - Filling up the DagBag from /home/noelsdavid/airflow_venv/lib/python3.12/site-packages/airflow/example_dags/tutorial.py
[2026-05-18T07:36:31.378+0000] {processor.py:925} INFO - DAG(s) 'tutorial' retrieved from /home/noelsdavid/airflow_venv/lib/python3.12/site-packages/airflow/example_dags/tutorial.py
[2026-05-18T07:36:31.400+0000] {logging_mixin.py:190} INFO - [2026-05-18T07:36:31.399+0000] {dag.py:3239} INFO - Sync 1 DAGs
[2026-05-18T07:36:31.429+0000] {logging_mixin.py:190} INFO - [2026-05-18T07:36:31.429+0000] {dag.py:4180} INFO - Setting next_dagrun for tutorial to 2026-05-17 00:00:00+00:00, run_after=2026-05-18 00:00:00+00:00
[2026-05-18T07:36:31.466+0000] {processor.py:208} INFO - Processing /home/noelsdavid/airflow_venv/lib/python3.12/site-packages/airflow/example_dags/tutorial.py took 0.118 seconds
[2026-05-18T07:37:42.696+0000] {processor.py:186} INFO - Started process (PID=18940) to work on /home/noelsdavid/airflow_venv/lib/python3.12/site-packages/airflow/example_dags/tutorial.py
[2026-05-18T07:37:42.698+0000] {processor.py:914} INFO - Processing file /home/noelsdavid/airflow_venv/lib/python3.12/site-packages/airflow/example_dags/tutorial.py for tasks to queue
[2026-05-18T07:37:42.701+0000] {logging_mixin.py:190} INFO - [2026-05-18T07:37:42.700+0000] {dagbag.py:588} INFO - Filling up the DagBag from /home/noelsdavid/airflow_venv/lib/python3.12/site-packages/airflow/example_dags/tutorial.py
[2026-05-18T07:37:42.715+0000] {processor.py:925} INFO - DAG(s) 'tutorial' retrieved from /home/noelsdavid/airflow_venv/lib/python3.12/site-packages/airflow/example_dags/tutorial.py
[2026-05-18T07:37:42.740+0000] {logging_mixin.py:190} INFO - [2026-05-18T07:37:42.739+0000] {dag.py:3239} INFO - Sync 1 DAGs
[2026-05-18T07:37:42.769+0000] {logging_mixin.py:190} INFO - [2026-05-18T07:37:42.769+0000] {dag.py:4180} INFO - Setting next_dagrun for tutorial to 2026-05-17 00:00:00+00:00, run_after=2026-05-18 00:00:00+00:00
[2026-05-18T07:37:42.805+0000] {processor.py:208} INFO - Processing /home/noelsdavid/airflow_venv/lib/python3.12/site-packages/airflow/example_dags/tutorial.py took 0.118 seconds
[2026-05-18T07:38:51.520+0000] {processor.py:186} INFO - Started process (PID=19017) to work on /home/noelsdavid/airflow_venv/lib/python3.12/site-packages/airflow/example_dags/tutorial.py
[2026-05-18T07:38:51.522+0000] {processor.py:914} INFO - Processing file /home/noelsdavid/airflow_venv/lib/python3.12/site-packages/airflow/example_dags/tutorial.py for tasks to queue
[2026-05-18T07:38:51.526+0000] {logging_mixin.py:190} INFO - [2026-05-18T07:38:51.525+0000] {dagbag.py:588} INFO - Filling up the DagBag from /home/noelsdavid/airflow_venv/lib/python3.12/site-packages/airflow/example_dags/tutorial.py
[2026-05-18T07:38:51.541+0000] {processor.py:925} INFO - DAG(s) 'tutorial' retrieved from /home/noelsdavid/airflow_venv/lib/python3.12/site-packages/airflow/example_dags/tutorial.py
[2026-05-18T07:38:51.563+0000] {logging_mixin.py:190} INFO - [2026-05-18T07:38:51.562+0000] {dag.py:3239} INFO - Sync 1 DAGs
[2026-05-18T07:38:51.590+0000] {logging_mixin.py:190} INFO - [2026-05-18T07:38:51.590+0000] {dag.py:4180} INFO - Setting next_dagrun for tutorial to 2026-05-17 00:00:00+00:00, run_after=2026-05-18 00:00:00+00:00
[2026-05-18T07:38:51.626+0000] {processor.py:208} INFO - Processing /home/noelsdavid/airflow_venv/lib/python3.12/site-packages/airflow/example_dags/tutorial.py took 0.116 seconds
[2026-05-18T07:40:04.314+0000] {processor.py:186} INFO - Started process (PID=19095) to work on /home/noelsdavid/airflow_venv/lib/python3.12/site-packages/airflow/example_dags/tutorial.py
[2026-05-18T07:40:04.327+0000] {processor.py:914} INFO - Processing file /home/noelsdavid/airflow_venv/lib/python3.12/site-packages/airflow/example_dags/tutorial.py for tasks to queue
[2026-05-18T07:40:04.336+0000] {logging_mixin.py:190} INFO - [2026-05-18T07:40:04.335+0000] {dagbag.py:588} INFO - Filling up the DagBag from /home/noelsdavid/airflow_venv/lib/python3.12/site-packages/airflow/example_dags/tutorial.py
[2026-05-18T07:40:04.368+0000] {processor.py:925} INFO - DAG(s) 'tutorial' retrieved from /home/noelsdavid/airflow_venv/lib/python3.12/site-packages/airflow/example_dags/tutorial.py
[2026-05-18T07:40:04.434+0000] {logging_mixin.py:190} INFO - [2026-05-18T07:40:04.430+0000] {dag.py:3239} INFO - Sync 1 DAGs
[2026-05-18T07:40:04.507+0000] {logging_mixin.py:190} INFO - [2026-05-18T07:40:04.505+0000] {dag.py:4180} INFO - Setting next_dagrun for tutorial to 2026-05-17 00:00:00+00:00, run_after=2026-05-18 00:00:00+00:00
[2026-05-18T07:40:04.621+0000] {processor.py:208} INFO - Processing /home/noelsdavid/airflow_venv/lib/python3.12/site-packages/airflow/example_dags/tutorial.py took 0.334 seconds
