[2026-05-18T06:00:14.979+0000] {processor.py:186} INFO - Started process (PID=6870) to work on /home/noelsdavid/airflow_venv/lib/python3.12/site-packages/airflow/example_dags/tutorial_taskflow_api_virtualenv.py
[2026-05-18T06:00:14.980+0000] {processor.py:914} INFO - Processing file /home/noelsdavid/airflow_venv/lib/python3.12/site-packages/airflow/example_dags/tutorial_taskflow_api_virtualenv.py for tasks to queue
[2026-05-18T06:00:14.983+0000] {logging_mixin.py:190} INFO - [2026-05-18T06:00:14.983+0000] {dagbag.py:588} INFO - Filling up the DagBag from /home/noelsdavid/airflow_venv/lib/python3.12/site-packages/airflow/example_dags/tutorial_taskflow_api_virtualenv.py
[2026-05-18T06:00:15.000+0000] {processor.py:925} INFO - DAG(s) 'tutorial_taskflow_api_virtualenv' retrieved from /home/noelsdavid/airflow_venv/lib/python3.12/site-packages/airflow/example_dags/tutorial_taskflow_api_virtualenv.py
[2026-05-18T06:00:15.141+0000] {logging_mixin.py:190} INFO - [2026-05-18T06:00:15.139+0000] {override.py:1911} INFO - Created Permission View: can edit on DAG:tutorial_taskflow_api_virtualenv
[2026-05-18T06:00:15.158+0000] {logging_mixin.py:190} INFO - [2026-05-18T06:00:15.157+0000] {override.py:1911} INFO - Created Permission View: can delete on DAG:tutorial_taskflow_api_virtualenv
[2026-05-18T06:00:15.171+0000] {logging_mixin.py:190} INFO - [2026-05-18T06:00:15.171+0000] {override.py:1911} INFO - Created Permission View: can read on DAG:tutorial_taskflow_api_virtualenv
[2026-05-18T06:00:15.196+0000] {logging_mixin.py:190} INFO - [2026-05-18T06:00:15.196+0000] {override.py:1911} INFO - Created Permission View: can delete on DAG Run:tutorial_taskflow_api_virtualenv
[2026-05-18T06:00:15.209+0000] {logging_mixin.py:190} INFO - [2026-05-18T06:00:15.209+0000] {override.py:1911} INFO - Created Permission View: menu access on DAG Run:tutorial_taskflow_api_virtualenv
[2026-05-18T06:00:15.224+0000] {logging_mixin.py:190} INFO - [2026-05-18T06:00:15.224+0000] {override.py:1911} INFO - Created Permission View: can create on DAG Run:tutorial_taskflow_api_virtualenv
[2026-05-18T06:00:15.238+0000] {logging_mixin.py:190} INFO - [2026-05-18T06:00:15.237+0000] {override.py:1911} INFO - Created Permission View: can read on DAG Run:tutorial_taskflow_api_virtualenv
[2026-05-18T06:00:15.238+0000] {logging_mixin.py:190} INFO - [2026-05-18T06:00:15.238+0000] {dag.py:3239} INFO - Sync 1 DAGs
[2026-05-18T06:00:15.253+0000] {logging_mixin.py:190} INFO - [2026-05-18T06:00:15.253+0000] {dag.py:3262} INFO - Creating ORM DAG for tutorial_taskflow_api_virtualenv
[2026-05-18T06:00:15.254+0000] {logging_mixin.py:190} INFO - [2026-05-18T06:00:15.254+0000] {dag.py:4180} INFO - Setting next_dagrun for tutorial_taskflow_api_virtualenv to None, run_after=None
[2026-05-18T06:00:15.282+0000] {processor.py:208} INFO - Processing /home/noelsdavid/airflow_venv/lib/python3.12/site-packages/airflow/example_dags/tutorial_taskflow_api_virtualenv.py took 0.311 seconds
[2026-05-18T06:01:25.317+0000] {processor.py:186} INFO - Started process (PID=6956) to work on /home/noelsdavid/airflow_venv/lib/python3.12/site-packages/airflow/example_dags/tutorial_taskflow_api_virtualenv.py
[2026-05-18T06:01:25.319+0000] {processor.py:914} INFO - Processing file /home/noelsdavid/airflow_venv/lib/python3.12/site-packages/airflow/example_dags/tutorial_taskflow_api_virtualenv.py for tasks to queue
[2026-05-18T06:01:25.322+0000] {logging_mixin.py:190} INFO - [2026-05-18T06:01:25.322+0000] {dagbag.py:588} INFO - Filling up the DagBag from /home/noelsdavid/airflow_venv/lib/python3.12/site-packages/airflow/example_dags/tutorial_taskflow_api_virtualenv.py
[2026-05-18T06:01:25.340+0000] {processor.py:925} INFO - DAG(s) 'tutorial_taskflow_api_virtualenv' retrieved from /home/noelsdavid/airflow_venv/lib/python3.12/site-packages/airflow/example_dags/tutorial_taskflow_api_virtualenv.py
[2026-05-18T06:01:25.360+0000] {logging_mixin.py:190} INFO - [2026-05-18T06:01:25.359+0000] {dag.py:3239} INFO - Sync 1 DAGs
[2026-05-18T06:01:25.374+0000] {logging_mixin.py:190} INFO - [2026-05-18T06:01:25.374+0000] {dag.py:4180} INFO - Setting next_dagrun for tutorial_taskflow_api_virtualenv to None, run_after=None
[2026-05-18T06:01:25.404+0000] {processor.py:208} INFO - Processing /home/noelsdavid/airflow_venv/lib/python3.12/site-packages/airflow/example_dags/tutorial_taskflow_api_virtualenv.py took 0.094 seconds
[2026-05-18T06:02:02.640+0000] {processor.py:186} INFO - Started process (PID=6991) to work on /home/noelsdavid/airflow_venv/lib/python3.12/site-packages/airflow/example_dags/tutorial_taskflow_api_virtualenv.py
[2026-05-18T06:02:02.642+0000] {processor.py:914} INFO - Processing file /home/noelsdavid/airflow_venv/lib/python3.12/site-packages/airflow/example_dags/tutorial_taskflow_api_virtualenv.py for tasks to queue
[2026-05-18T06:02:02.646+0000] {logging_mixin.py:190} INFO - [2026-05-18T06:02:02.645+0000] {dagbag.py:588} INFO - Filling up the DagBag from /home/noelsdavid/airflow_venv/lib/python3.12/site-packages/airflow/example_dags/tutorial_taskflow_api_virtualenv.py
[2026-05-18T06:02:02.663+0000] {processor.py:925} INFO - DAG(s) 'tutorial_taskflow_api_virtualenv' retrieved from /home/noelsdavid/airflow_venv/lib/python3.12/site-packages/airflow/example_dags/tutorial_taskflow_api_virtualenv.py
[2026-05-18T06:02:02.683+0000] {logging_mixin.py:190} INFO - [2026-05-18T06:02:02.683+0000] {dag.py:3239} INFO - Sync 1 DAGs
[2026-05-18T06:02:02.698+0000] {logging_mixin.py:190} INFO - [2026-05-18T06:02:02.698+0000] {dag.py:4180} INFO - Setting next_dagrun for tutorial_taskflow_api_virtualenv to None, run_after=None
[2026-05-18T06:02:02.729+0000] {processor.py:208} INFO - Processing /home/noelsdavid/airflow_venv/lib/python3.12/site-packages/airflow/example_dags/tutorial_taskflow_api_virtualenv.py took 0.097 seconds
[2026-05-18T06:03:00.310+0000] {processor.py:186} INFO - Started process (PID=7050) to work on /home/noelsdavid/airflow_venv/lib/python3.12/site-packages/airflow/example_dags/tutorial_taskflow_api_virtualenv.py
[2026-05-18T06:03:00.326+0000] {processor.py:914} INFO - Processing file /home/noelsdavid/airflow_venv/lib/python3.12/site-packages/airflow/example_dags/tutorial_taskflow_api_virtualenv.py for tasks to queue
[2026-05-18T06:03:00.328+0000] {logging_mixin.py:190} INFO - [2026-05-18T06:03:00.328+0000] {dagbag.py:588} INFO - Filling up the DagBag from /home/noelsdavid/airflow_venv/lib/python3.12/site-packages/airflow/example_dags/tutorial_taskflow_api_virtualenv.py
[2026-05-18T06:03:00.348+0000] {processor.py:925} INFO - DAG(s) 'tutorial_taskflow_api_virtualenv' retrieved from /home/noelsdavid/airflow_venv/lib/python3.12/site-packages/airflow/example_dags/tutorial_taskflow_api_virtualenv.py
[2026-05-18T06:03:00.370+0000] {logging_mixin.py:190} INFO - [2026-05-18T06:03:00.370+0000] {dag.py:3239} INFO - Sync 1 DAGs
[2026-05-18T06:03:00.389+0000] {logging_mixin.py:190} INFO - [2026-05-18T06:03:00.389+0000] {dag.py:4180} INFO - Setting next_dagrun for tutorial_taskflow_api_virtualenv to None, run_after=None
[2026-05-18T06:03:00.428+0000] {processor.py:208} INFO - Processing /home/noelsdavid/airflow_venv/lib/python3.12/site-packages/airflow/example_dags/tutorial_taskflow_api_virtualenv.py took 0.125 seconds
[2026-05-18T06:04:01.493+0000] {processor.py:186} INFO - Started process (PID=7110) to work on /home/noelsdavid/airflow_venv/lib/python3.12/site-packages/airflow/example_dags/tutorial_taskflow_api_virtualenv.py
[2026-05-18T06:04:01.496+0000] {processor.py:914} INFO - Processing file /home/noelsdavid/airflow_venv/lib/python3.12/site-packages/airflow/example_dags/tutorial_taskflow_api_virtualenv.py for tasks to queue
[2026-05-18T06:04:01.499+0000] {logging_mixin.py:190} INFO - [2026-05-18T06:04:01.498+0000] {dagbag.py:588} INFO - Filling up the DagBag from /home/noelsdavid/airflow_venv/lib/python3.12/site-packages/airflow/example_dags/tutorial_taskflow_api_virtualenv.py
[2026-05-18T06:04:01.517+0000] {processor.py:925} INFO - DAG(s) 'tutorial_taskflow_api_virtualenv' retrieved from /home/noelsdavid/airflow_venv/lib/python3.12/site-packages/airflow/example_dags/tutorial_taskflow_api_virtualenv.py
[2026-05-18T06:04:01.542+0000] {logging_mixin.py:190} INFO - [2026-05-18T06:04:01.541+0000] {dag.py:3239} INFO - Sync 1 DAGs
[2026-05-18T06:04:01.561+0000] {logging_mixin.py:190} INFO - [2026-05-18T06:04:01.560+0000] {dag.py:4180} INFO - Setting next_dagrun for tutorial_taskflow_api_virtualenv to None, run_after=None
[2026-05-18T06:04:01.595+0000] {processor.py:208} INFO - Processing /home/noelsdavid/airflow_venv/lib/python3.12/site-packages/airflow/example_dags/tutorial_taskflow_api_virtualenv.py took 0.110 seconds
[2026-05-18T06:05:02.554+0000] {processor.py:186} INFO - Started process (PID=7170) to work on /home/noelsdavid/airflow_venv/lib/python3.12/site-packages/airflow/example_dags/tutorial_taskflow_api_virtualenv.py
[2026-05-18T06:05:02.556+0000] {processor.py:914} INFO - Processing file /home/noelsdavid/airflow_venv/lib/python3.12/site-packages/airflow/example_dags/tutorial_taskflow_api_virtualenv.py for tasks to queue
[2026-05-18T06:05:02.559+0000] {logging_mixin.py:190} INFO - [2026-05-18T06:05:02.559+0000] {dagbag.py:588} INFO - Filling up the DagBag from /home/noelsdavid/airflow_venv/lib/python3.12/site-packages/airflow/example_dags/tutorial_taskflow_api_virtualenv.py
[2026-05-18T06:05:02.577+0000] {processor.py:925} INFO - DAG(s) 'tutorial_taskflow_api_virtualenv' retrieved from /home/noelsdavid/airflow_venv/lib/python3.12/site-packages/airflow/example_dags/tutorial_taskflow_api_virtualenv.py
[2026-05-18T06:05:02.600+0000] {logging_mixin.py:190} INFO - [2026-05-18T06:05:02.600+0000] {dag.py:3239} INFO - Sync 1 DAGs
[2026-05-18T06:05:02.620+0000] {logging_mixin.py:190} INFO - [2026-05-18T06:05:02.620+0000] {dag.py:4180} INFO - Setting next_dagrun for tutorial_taskflow_api_virtualenv to None, run_after=None
[2026-05-18T06:05:02.652+0000] {processor.py:208} INFO - Processing /home/noelsdavid/airflow_venv/lib/python3.12/site-packages/airflow/example_dags/tutorial_taskflow_api_virtualenv.py took 0.106 seconds
[2026-05-18T06:06:14.107+0000] {processor.py:186} INFO - Started process (PID=7261) to work on /home/noelsdavid/airflow_venv/lib/python3.12/site-packages/airflow/example_dags/tutorial_taskflow_api_virtualenv.py
[2026-05-18T06:06:14.121+0000] {processor.py:914} INFO - Processing file /home/noelsdavid/airflow_venv/lib/python3.12/site-packages/airflow/example_dags/tutorial_taskflow_api_virtualenv.py for tasks to queue
[2026-05-18T06:06:14.125+0000] {logging_mixin.py:190} INFO - [2026-05-18T06:06:14.125+0000] {dagbag.py:588} INFO - Filling up the DagBag from /home/noelsdavid/airflow_venv/lib/python3.12/site-packages/airflow/example_dags/tutorial_taskflow_api_virtualenv.py
[2026-05-18T06:06:14.145+0000] {processor.py:925} INFO - DAG(s) 'tutorial_taskflow_api_virtualenv' retrieved from /home/noelsdavid/airflow_venv/lib/python3.12/site-packages/airflow/example_dags/tutorial_taskflow_api_virtualenv.py
[2026-05-18T06:06:14.166+0000] {logging_mixin.py:190} INFO - [2026-05-18T06:06:14.166+0000] {dag.py:3239} INFO - Sync 1 DAGs
[2026-05-18T06:06:14.183+0000] {logging_mixin.py:190} INFO - [2026-05-18T06:06:14.182+0000] {dag.py:4180} INFO - Setting next_dagrun for tutorial_taskflow_api_virtualenv to None, run_after=None
[2026-05-18T06:06:14.216+0000] {processor.py:208} INFO - Processing /home/noelsdavid/airflow_venv/lib/python3.12/site-packages/airflow/example_dags/tutorial_taskflow_api_virtualenv.py took 0.117 seconds
[2026-05-18T06:07:11.374+0000] {processor.py:186} INFO - Started process (PID=7318) to work on /home/noelsdavid/airflow_venv/lib/python3.12/site-packages/airflow/example_dags/tutorial_taskflow_api_virtualenv.py
[2026-05-18T06:07:11.377+0000] {processor.py:914} INFO - Processing file /home/noelsdavid/airflow_venv/lib/python3.12/site-packages/airflow/example_dags/tutorial_taskflow_api_virtualenv.py for tasks to queue
[2026-05-18T06:07:11.380+0000] {logging_mixin.py:190} INFO - [2026-05-18T06:07:11.379+0000] {dagbag.py:588} INFO - Filling up the DagBag from /home/noelsdavid/airflow_venv/lib/python3.12/site-packages/airflow/example_dags/tutorial_taskflow_api_virtualenv.py
[2026-05-18T06:07:11.398+0000] {processor.py:925} INFO - DAG(s) 'tutorial_taskflow_api_virtualenv' retrieved from /home/noelsdavid/airflow_venv/lib/python3.12/site-packages/airflow/example_dags/tutorial_taskflow_api_virtualenv.py
[2026-05-18T06:07:11.420+0000] {logging_mixin.py:190} INFO - [2026-05-18T06:07:11.419+0000] {dag.py:3239} INFO - Sync 1 DAGs
[2026-05-18T06:07:11.437+0000] {logging_mixin.py:190} INFO - [2026-05-18T06:07:11.436+0000] {dag.py:4180} INFO - Setting next_dagrun for tutorial_taskflow_api_virtualenv to None, run_after=None
[2026-05-18T06:07:11.468+0000] {processor.py:208} INFO - Processing /home/noelsdavid/airflow_venv/lib/python3.12/site-packages/airflow/example_dags/tutorial_taskflow_api_virtualenv.py took 0.102 seconds
[2026-05-18T06:08:10.201+0000] {processor.py:186} INFO - Started process (PID=7375) to work on /home/noelsdavid/airflow_venv/lib/python3.12/site-packages/airflow/example_dags/tutorial_taskflow_api_virtualenv.py
[2026-05-18T06:08:10.204+0000] {processor.py:914} INFO - Processing file /home/noelsdavid/airflow_venv/lib/python3.12/site-packages/airflow/example_dags/tutorial_taskflow_api_virtualenv.py for tasks to queue
[2026-05-18T06:08:10.207+0000] {logging_mixin.py:190} INFO - [2026-05-18T06:08:10.206+0000] {dagbag.py:588} INFO - Filling up the DagBag from /home/noelsdavid/airflow_venv/lib/python3.12/site-packages/airflow/example_dags/tutorial_taskflow_api_virtualenv.py
[2026-05-18T06:08:10.225+0000] {processor.py:925} INFO - DAG(s) 'tutorial_taskflow_api_virtualenv' retrieved from /home/noelsdavid/airflow_venv/lib/python3.12/site-packages/airflow/example_dags/tutorial_taskflow_api_virtualenv.py
[2026-05-18T06:08:10.247+0000] {logging_mixin.py:190} INFO - [2026-05-18T06:08:10.247+0000] {dag.py:3239} INFO - Sync 1 DAGs
[2026-05-18T06:08:10.263+0000] {logging_mixin.py:190} INFO - [2026-05-18T06:08:10.263+0000] {dag.py:4180} INFO - Setting next_dagrun for tutorial_taskflow_api_virtualenv to None, run_after=None
[2026-05-18T06:08:10.295+0000] {processor.py:208} INFO - Processing /home/noelsdavid/airflow_venv/lib/python3.12/site-packages/airflow/example_dags/tutorial_taskflow_api_virtualenv.py took 0.102 seconds
[2026-05-18T06:09:15.369+0000] {processor.py:186} INFO - Started process (PID=7437) to work on /home/noelsdavid/airflow_venv/lib/python3.12/site-packages/airflow/example_dags/tutorial_taskflow_api_virtualenv.py
[2026-05-18T06:09:15.383+0000] {processor.py:914} INFO - Processing file /home/noelsdavid/airflow_venv/lib/python3.12/site-packages/airflow/example_dags/tutorial_taskflow_api_virtualenv.py for tasks to queue
[2026-05-18T06:09:15.387+0000] {logging_mixin.py:190} INFO - [2026-05-18T06:09:15.386+0000] {dagbag.py:588} INFO - Filling up the DagBag from /home/noelsdavid/airflow_venv/lib/python3.12/site-packages/airflow/example_dags/tutorial_taskflow_api_virtualenv.py
[2026-05-18T06:09:15.408+0000] {processor.py:925} INFO - DAG(s) 'tutorial_taskflow_api_virtualenv' retrieved from /home/noelsdavid/airflow_venv/lib/python3.12/site-packages/airflow/example_dags/tutorial_taskflow_api_virtualenv.py
[2026-05-18T06:09:15.431+0000] {logging_mixin.py:190} INFO - [2026-05-18T06:09:15.431+0000] {dag.py:3239} INFO - Sync 1 DAGs
[2026-05-18T06:09:15.450+0000] {logging_mixin.py:190} INFO - [2026-05-18T06:09:15.449+0000] {dag.py:4180} INFO - Setting next_dagrun for tutorial_taskflow_api_virtualenv to None, run_after=None
[2026-05-18T06:09:15.483+0000] {processor.py:208} INFO - Processing /home/noelsdavid/airflow_venv/lib/python3.12/site-packages/airflow/example_dags/tutorial_taskflow_api_virtualenv.py took 0.123 seconds
[2026-05-18T06:10:17.907+0000] {processor.py:186} INFO - Started process (PID=7522) to work on /home/noelsdavid/airflow_venv/lib/python3.12/site-packages/airflow/example_dags/tutorial_taskflow_api_virtualenv.py
[2026-05-18T06:10:17.950+0000] {processor.py:914} INFO - Processing file /home/noelsdavid/airflow_venv/lib/python3.12/site-packages/airflow/example_dags/tutorial_taskflow_api_virtualenv.py for tasks to queue
[2026-05-18T06:10:17.953+0000] {logging_mixin.py:190} INFO - [2026-05-18T06:10:17.953+0000] {dagbag.py:588} INFO - Filling up the DagBag from /home/noelsdavid/airflow_venv/lib/python3.12/site-packages/airflow/example_dags/tutorial_taskflow_api_virtualenv.py
[2026-05-18T06:10:17.973+0000] {processor.py:925} INFO - DAG(s) 'tutorial_taskflow_api_virtualenv' retrieved from /home/noelsdavid/airflow_venv/lib/python3.12/site-packages/airflow/example_dags/tutorial_taskflow_api_virtualenv.py
[2026-05-18T06:10:17.994+0000] {logging_mixin.py:190} INFO - [2026-05-18T06:10:17.994+0000] {dag.py:3239} INFO - Sync 1 DAGs
[2026-05-18T06:10:18.014+0000] {logging_mixin.py:190} INFO - [2026-05-18T06:10:18.014+0000] {dag.py:4180} INFO - Setting next_dagrun for tutorial_taskflow_api_virtualenv to None, run_after=None
[2026-05-18T06:10:18.045+0000] {processor.py:208} INFO - Processing /home/noelsdavid/airflow_venv/lib/python3.12/site-packages/airflow/example_dags/tutorial_taskflow_api_virtualenv.py took 0.146 seconds
[2026-05-18T06:11:17.830+0000] {processor.py:186} INFO - Started process (PID=7579) to work on /home/noelsdavid/airflow_venv/lib/python3.12/site-packages/airflow/example_dags/tutorial_taskflow_api_virtualenv.py
[2026-05-18T06:11:17.832+0000] {processor.py:914} INFO - Processing file /home/noelsdavid/airflow_venv/lib/python3.12/site-packages/airflow/example_dags/tutorial_taskflow_api_virtualenv.py for tasks to queue
[2026-05-18T06:11:17.835+0000] {logging_mixin.py:190} INFO - [2026-05-18T06:11:17.834+0000] {dagbag.py:588} INFO - Filling up the DagBag from /home/noelsdavid/airflow_venv/lib/python3.12/site-packages/airflow/example_dags/tutorial_taskflow_api_virtualenv.py
[2026-05-18T06:11:17.853+0000] {processor.py:925} INFO - DAG(s) 'tutorial_taskflow_api_virtualenv' retrieved from /home/noelsdavid/airflow_venv/lib/python3.12/site-packages/airflow/example_dags/tutorial_taskflow_api_virtualenv.py
[2026-05-18T06:11:17.874+0000] {logging_mixin.py:190} INFO - [2026-05-18T06:11:17.874+0000] {dag.py:3239} INFO - Sync 1 DAGs
[2026-05-18T06:11:17.891+0000] {logging_mixin.py:190} INFO - [2026-05-18T06:11:17.891+0000] {dag.py:4180} INFO - Setting next_dagrun for tutorial_taskflow_api_virtualenv to None, run_after=None
[2026-05-18T06:11:17.923+0000] {processor.py:208} INFO - Processing /home/noelsdavid/airflow_venv/lib/python3.12/site-packages/airflow/example_dags/tutorial_taskflow_api_virtualenv.py took 0.102 seconds
[2026-05-18T06:12:15.819+0000] {processor.py:186} INFO - Started process (PID=7638) to work on /home/noelsdavid/airflow_venv/lib/python3.12/site-packages/airflow/example_dags/tutorial_taskflow_api_virtualenv.py
[2026-05-18T06:12:15.821+0000] {processor.py:914} INFO - Processing file /home/noelsdavid/airflow_venv/lib/python3.12/site-packages/airflow/example_dags/tutorial_taskflow_api_virtualenv.py for tasks to queue
[2026-05-18T06:12:15.824+0000] {logging_mixin.py:190} INFO - [2026-05-18T06:12:15.824+0000] {dagbag.py:588} INFO - Filling up the DagBag from /home/noelsdavid/airflow_venv/lib/python3.12/site-packages/airflow/example_dags/tutorial_taskflow_api_virtualenv.py
[2026-05-18T06:12:15.842+0000] {processor.py:925} INFO - DAG(s) 'tutorial_taskflow_api_virtualenv' retrieved from /home/noelsdavid/airflow_venv/lib/python3.12/site-packages/airflow/example_dags/tutorial_taskflow_api_virtualenv.py
[2026-05-18T06:12:15.864+0000] {logging_mixin.py:190} INFO - [2026-05-18T06:12:15.863+0000] {dag.py:3239} INFO - Sync 1 DAGs
[2026-05-18T06:12:15.880+0000] {logging_mixin.py:190} INFO - [2026-05-18T06:12:15.880+0000] {dag.py:4180} INFO - Setting next_dagrun for tutorial_taskflow_api_virtualenv to None, run_after=None
[2026-05-18T06:12:15.910+0000] {processor.py:208} INFO - Processing /home/noelsdavid/airflow_venv/lib/python3.12/site-packages/airflow/example_dags/tutorial_taskflow_api_virtualenv.py took 0.099 seconds
[2026-05-18T06:13:15.470+0000] {processor.py:186} INFO - Started process (PID=7696) to work on /home/noelsdavid/airflow_venv/lib/python3.12/site-packages/airflow/example_dags/tutorial_taskflow_api_virtualenv.py
[2026-05-18T06:13:15.472+0000] {processor.py:914} INFO - Processing file /home/noelsdavid/airflow_venv/lib/python3.12/site-packages/airflow/example_dags/tutorial_taskflow_api_virtualenv.py for tasks to queue
[2026-05-18T06:13:15.476+0000] {logging_mixin.py:190} INFO - [2026-05-18T06:13:15.475+0000] {dagbag.py:588} INFO - Filling up the DagBag from /home/noelsdavid/airflow_venv/lib/python3.12/site-packages/airflow/example_dags/tutorial_taskflow_api_virtualenv.py
[2026-05-18T06:13:15.494+0000] {processor.py:925} INFO - DAG(s) 'tutorial_taskflow_api_virtualenv' retrieved from /home/noelsdavid/airflow_venv/lib/python3.12/site-packages/airflow/example_dags/tutorial_taskflow_api_virtualenv.py
[2026-05-18T06:13:15.516+0000] {logging_mixin.py:190} INFO - [2026-05-18T06:13:15.516+0000] {dag.py:3239} INFO - Sync 1 DAGs
[2026-05-18T06:13:15.533+0000] {logging_mixin.py:190} INFO - [2026-05-18T06:13:15.533+0000] {dag.py:4180} INFO - Setting next_dagrun for tutorial_taskflow_api_virtualenv to None, run_after=None
[2026-05-18T06:13:15.566+0000] {processor.py:208} INFO - Processing /home/noelsdavid/airflow_venv/lib/python3.12/site-packages/airflow/example_dags/tutorial_taskflow_api_virtualenv.py took 0.104 seconds
[2026-05-18T06:14:17.554+0000] {processor.py:186} INFO - Started process (PID=7756) to work on /home/noelsdavid/airflow_venv/lib/python3.12/site-packages/airflow/example_dags/tutorial_taskflow_api_virtualenv.py
[2026-05-18T06:14:17.557+0000] {processor.py:914} INFO - Processing file /home/noelsdavid/airflow_venv/lib/python3.12/site-packages/airflow/example_dags/tutorial_taskflow_api_virtualenv.py for tasks to queue
[2026-05-18T06:14:17.560+0000] {logging_mixin.py:190} INFO - [2026-05-18T06:14:17.559+0000] {dagbag.py:588} INFO - Filling up the DagBag from /home/noelsdavid/airflow_venv/lib/python3.12/site-packages/airflow/example_dags/tutorial_taskflow_api_virtualenv.py
[2026-05-18T06:14:17.580+0000] {processor.py:925} INFO - DAG(s) 'tutorial_taskflow_api_virtualenv' retrieved from /home/noelsdavid/airflow_venv/lib/python3.12/site-packages/airflow/example_dags/tutorial_taskflow_api_virtualenv.py
[2026-05-18T06:14:17.605+0000] {logging_mixin.py:190} INFO - [2026-05-18T06:14:17.604+0000] {dag.py:3239} INFO - Sync 1 DAGs
[2026-05-18T06:14:17.623+0000] {logging_mixin.py:190} INFO - [2026-05-18T06:14:17.623+0000] {dag.py:4180} INFO - Setting next_dagrun for tutorial_taskflow_api_virtualenv to None, run_after=None
[2026-05-18T06:14:17.655+0000] {processor.py:208} INFO - Processing /home/noelsdavid/airflow_venv/lib/python3.12/site-packages/airflow/example_dags/tutorial_taskflow_api_virtualenv.py took 0.109 seconds
[2026-05-18T06:15:19.960+0000] {processor.py:186} INFO - Started process (PID=7845) to work on /home/noelsdavid/airflow_venv/lib/python3.12/site-packages/airflow/example_dags/tutorial_taskflow_api_virtualenv.py
[2026-05-18T06:15:19.962+0000] {processor.py:914} INFO - Processing file /home/noelsdavid/airflow_venv/lib/python3.12/site-packages/airflow/example_dags/tutorial_taskflow_api_virtualenv.py for tasks to queue
[2026-05-18T06:15:19.966+0000] {logging_mixin.py:190} INFO - [2026-05-18T06:15:19.965+0000] {dagbag.py:588} INFO - Filling up the DagBag from /home/noelsdavid/airflow_venv/lib/python3.12/site-packages/airflow/example_dags/tutorial_taskflow_api_virtualenv.py
[2026-05-18T06:15:19.985+0000] {processor.py:925} INFO - DAG(s) 'tutorial_taskflow_api_virtualenv' retrieved from /home/noelsdavid/airflow_venv/lib/python3.12/site-packages/airflow/example_dags/tutorial_taskflow_api_virtualenv.py
[2026-05-18T06:15:20.007+0000] {logging_mixin.py:190} INFO - [2026-05-18T06:15:20.007+0000] {dag.py:3239} INFO - Sync 1 DAGs
[2026-05-18T06:15:20.025+0000] {logging_mixin.py:190} INFO - [2026-05-18T06:15:20.025+0000] {dag.py:4180} INFO - Setting next_dagrun for tutorial_taskflow_api_virtualenv to None, run_after=None
[2026-05-18T06:15:20.058+0000] {processor.py:208} INFO - Processing /home/noelsdavid/airflow_venv/lib/python3.12/site-packages/airflow/example_dags/tutorial_taskflow_api_virtualenv.py took 0.106 seconds
[2026-05-18T06:16:23.056+0000] {processor.py:186} INFO - Started process (PID=8043) to work on /home/noelsdavid/airflow_venv/lib/python3.12/site-packages/airflow/example_dags/tutorial_taskflow_api_virtualenv.py
[2026-05-18T06:16:23.058+0000] {processor.py:914} INFO - Processing file /home/noelsdavid/airflow_venv/lib/python3.12/site-packages/airflow/example_dags/tutorial_taskflow_api_virtualenv.py for tasks to queue
[2026-05-18T06:16:23.062+0000] {logging_mixin.py:190} INFO - [2026-05-18T06:16:23.061+0000] {dagbag.py:588} INFO - Filling up the DagBag from /home/noelsdavid/airflow_venv/lib/python3.12/site-packages/airflow/example_dags/tutorial_taskflow_api_virtualenv.py
[2026-05-18T06:16:23.080+0000] {processor.py:925} INFO - DAG(s) 'tutorial_taskflow_api_virtualenv' retrieved from /home/noelsdavid/airflow_venv/lib/python3.12/site-packages/airflow/example_dags/tutorial_taskflow_api_virtualenv.py
[2026-05-18T06:16:23.101+0000] {logging_mixin.py:190} INFO - [2026-05-18T06:16:23.101+0000] {dag.py:3239} INFO - Sync 1 DAGs
[2026-05-18T06:16:23.117+0000] {logging_mixin.py:190} INFO - [2026-05-18T06:16:23.117+0000] {dag.py:4180} INFO - Setting next_dagrun for tutorial_taskflow_api_virtualenv to None, run_after=None
[2026-05-18T06:16:23.150+0000] {processor.py:208} INFO - Processing /home/noelsdavid/airflow_venv/lib/python3.12/site-packages/airflow/example_dags/tutorial_taskflow_api_virtualenv.py took 0.102 seconds
[2026-05-18T06:17:27.651+0000] {processor.py:186} INFO - Started process (PID=8303) to work on /home/noelsdavid/airflow_venv/lib/python3.12/site-packages/airflow/example_dags/tutorial_taskflow_api_virtualenv.py
[2026-05-18T06:17:27.654+0000] {processor.py:914} INFO - Processing file /home/noelsdavid/airflow_venv/lib/python3.12/site-packages/airflow/example_dags/tutorial_taskflow_api_virtualenv.py for tasks to queue
[2026-05-18T06:17:27.657+0000] {logging_mixin.py:190} INFO - [2026-05-18T06:17:27.656+0000] {dagbag.py:588} INFO - Filling up the DagBag from /home/noelsdavid/airflow_venv/lib/python3.12/site-packages/airflow/example_dags/tutorial_taskflow_api_virtualenv.py
[2026-05-18T06:17:27.675+0000] {processor.py:925} INFO - DAG(s) 'tutorial_taskflow_api_virtualenv' retrieved from /home/noelsdavid/airflow_venv/lib/python3.12/site-packages/airflow/example_dags/tutorial_taskflow_api_virtualenv.py
[2026-05-18T06:17:27.697+0000] {logging_mixin.py:190} INFO - [2026-05-18T06:17:27.697+0000] {dag.py:3239} INFO - Sync 1 DAGs
[2026-05-18T06:17:27.714+0000] {logging_mixin.py:190} INFO - [2026-05-18T06:17:27.713+0000] {dag.py:4180} INFO - Setting next_dagrun for tutorial_taskflow_api_virtualenv to None, run_after=None
[2026-05-18T06:17:27.744+0000] {processor.py:208} INFO - Processing /home/noelsdavid/airflow_venv/lib/python3.12/site-packages/airflow/example_dags/tutorial_taskflow_api_virtualenv.py took 0.101 seconds
[2026-05-18T06:18:25.298+0000] {processor.py:186} INFO - Started process (PID=8470) to work on /home/noelsdavid/airflow_venv/lib/python3.12/site-packages/airflow/example_dags/tutorial_taskflow_api_virtualenv.py
[2026-05-18T06:18:25.300+0000] {processor.py:914} INFO - Processing file /home/noelsdavid/airflow_venv/lib/python3.12/site-packages/airflow/example_dags/tutorial_taskflow_api_virtualenv.py for tasks to queue
[2026-05-18T06:18:25.303+0000] {logging_mixin.py:190} INFO - [2026-05-18T06:18:25.303+0000] {dagbag.py:588} INFO - Filling up the DagBag from /home/noelsdavid/airflow_venv/lib/python3.12/site-packages/airflow/example_dags/tutorial_taskflow_api_virtualenv.py
[2026-05-18T06:18:25.321+0000] {processor.py:925} INFO - DAG(s) 'tutorial_taskflow_api_virtualenv' retrieved from /home/noelsdavid/airflow_venv/lib/python3.12/site-packages/airflow/example_dags/tutorial_taskflow_api_virtualenv.py
[2026-05-18T06:18:25.342+0000] {logging_mixin.py:190} INFO - [2026-05-18T06:18:25.341+0000] {dag.py:3239} INFO - Sync 1 DAGs
[2026-05-18T06:18:25.358+0000] {logging_mixin.py:190} INFO - [2026-05-18T06:18:25.357+0000] {dag.py:4180} INFO - Setting next_dagrun for tutorial_taskflow_api_virtualenv to None, run_after=None
[2026-05-18T06:18:25.387+0000] {processor.py:208} INFO - Processing /home/noelsdavid/airflow_venv/lib/python3.12/site-packages/airflow/example_dags/tutorial_taskflow_api_virtualenv.py took 0.097 seconds
[2026-05-18T06:19:24.359+0000] {processor.py:186} INFO - Started process (PID=8529) to work on /home/noelsdavid/airflow_venv/lib/python3.12/site-packages/airflow/example_dags/tutorial_taskflow_api_virtualenv.py
[2026-05-18T06:19:24.362+0000] {processor.py:914} INFO - Processing file /home/noelsdavid/airflow_venv/lib/python3.12/site-packages/airflow/example_dags/tutorial_taskflow_api_virtualenv.py for tasks to queue
[2026-05-18T06:19:24.365+0000] {logging_mixin.py:190} INFO - [2026-05-18T06:19:24.364+0000] {dagbag.py:588} INFO - Filling up the DagBag from /home/noelsdavid/airflow_venv/lib/python3.12/site-packages/airflow/example_dags/tutorial_taskflow_api_virtualenv.py
[2026-05-18T06:19:24.390+0000] {processor.py:925} INFO - DAG(s) 'tutorial_taskflow_api_virtualenv' retrieved from /home/noelsdavid/airflow_venv/lib/python3.12/site-packages/airflow/example_dags/tutorial_taskflow_api_virtualenv.py
[2026-05-18T06:19:24.418+0000] {logging_mixin.py:190} INFO - [2026-05-18T06:19:24.418+0000] {dag.py:3239} INFO - Sync 1 DAGs
[2026-05-18T06:19:24.437+0000] {logging_mixin.py:190} INFO - [2026-05-18T06:19:24.437+0000] {dag.py:4180} INFO - Setting next_dagrun for tutorial_taskflow_api_virtualenv to None, run_after=None
[2026-05-18T06:19:24.472+0000] {processor.py:208} INFO - Processing /home/noelsdavid/airflow_venv/lib/python3.12/site-packages/airflow/example_dags/tutorial_taskflow_api_virtualenv.py took 0.122 seconds
[2026-05-18T06:20:01.116+0000] {processor.py:186} INFO - Started process (PID=8562) to work on /home/noelsdavid/airflow_venv/lib/python3.12/site-packages/airflow/example_dags/tutorial_taskflow_api_virtualenv.py
[2026-05-18T06:20:01.119+0000] {processor.py:914} INFO - Processing file /home/noelsdavid/airflow_venv/lib/python3.12/site-packages/airflow/example_dags/tutorial_taskflow_api_virtualenv.py for tasks to queue
[2026-05-18T06:20:01.122+0000] {logging_mixin.py:190} INFO - [2026-05-18T06:20:01.122+0000] {dagbag.py:588} INFO - Filling up the DagBag from /home/noelsdavid/airflow_venv/lib/python3.12/site-packages/airflow/example_dags/tutorial_taskflow_api_virtualenv.py
[2026-05-18T06:20:01.140+0000] {processor.py:925} INFO - DAG(s) 'tutorial_taskflow_api_virtualenv' retrieved from /home/noelsdavid/airflow_venv/lib/python3.12/site-packages/airflow/example_dags/tutorial_taskflow_api_virtualenv.py
[2026-05-18T06:20:01.162+0000] {logging_mixin.py:190} INFO - [2026-05-18T06:20:01.161+0000] {dag.py:3239} INFO - Sync 1 DAGs
[2026-05-18T06:20:01.181+0000] {logging_mixin.py:190} INFO - [2026-05-18T06:20:01.181+0000] {dag.py:4180} INFO - Setting next_dagrun for tutorial_taskflow_api_virtualenv to None, run_after=None
[2026-05-18T06:20:01.213+0000] {processor.py:208} INFO - Processing /home/noelsdavid/airflow_venv/lib/python3.12/site-packages/airflow/example_dags/tutorial_taskflow_api_virtualenv.py took 0.106 seconds
[2026-05-18T06:21:02.715+0000] {processor.py:186} INFO - Started process (PID=8649) to work on /home/noelsdavid/airflow_venv/lib/python3.12/site-packages/airflow/example_dags/tutorial_taskflow_api_virtualenv.py
[2026-05-18T06:21:02.718+0000] {processor.py:914} INFO - Processing file /home/noelsdavid/airflow_venv/lib/python3.12/site-packages/airflow/example_dags/tutorial_taskflow_api_virtualenv.py for tasks to queue
[2026-05-18T06:21:02.720+0000] {logging_mixin.py:190} INFO - [2026-05-18T06:21:02.719+0000] {dagbag.py:588} INFO - Filling up the DagBag from /home/noelsdavid/airflow_venv/lib/python3.12/site-packages/airflow/example_dags/tutorial_taskflow_api_virtualenv.py
[2026-05-18T06:21:02.738+0000] {processor.py:925} INFO - DAG(s) 'tutorial_taskflow_api_virtualenv' retrieved from /home/noelsdavid/airflow_venv/lib/python3.12/site-packages/airflow/example_dags/tutorial_taskflow_api_virtualenv.py
[2026-05-18T06:21:02.760+0000] {logging_mixin.py:190} INFO - [2026-05-18T06:21:02.760+0000] {dag.py:3239} INFO - Sync 1 DAGs
[2026-05-18T06:21:02.777+0000] {logging_mixin.py:190} INFO - [2026-05-18T06:21:02.777+0000] {dag.py:4180} INFO - Setting next_dagrun for tutorial_taskflow_api_virtualenv to None, run_after=None
[2026-05-18T06:21:02.808+0000] {processor.py:208} INFO - Processing /home/noelsdavid/airflow_venv/lib/python3.12/site-packages/airflow/example_dags/tutorial_taskflow_api_virtualenv.py took 0.100 seconds
[2026-05-18T06:22:08.966+0000] {processor.py:186} INFO - Started process (PID=8713) to work on /home/noelsdavid/airflow_venv/lib/python3.12/site-packages/airflow/example_dags/tutorial_taskflow_api_virtualenv.py
[2026-05-18T06:22:08.968+0000] {processor.py:914} INFO - Processing file /home/noelsdavid/airflow_venv/lib/python3.12/site-packages/airflow/example_dags/tutorial_taskflow_api_virtualenv.py for tasks to queue
[2026-05-18T06:22:08.970+0000] {logging_mixin.py:190} INFO - [2026-05-18T06:22:08.969+0000] {dagbag.py:588} INFO - Filling up the DagBag from /home/noelsdavid/airflow_venv/lib/python3.12/site-packages/airflow/example_dags/tutorial_taskflow_api_virtualenv.py
[2026-05-18T06:22:08.990+0000] {processor.py:925} INFO - DAG(s) 'tutorial_taskflow_api_virtualenv' retrieved from /home/noelsdavid/airflow_venv/lib/python3.12/site-packages/airflow/example_dags/tutorial_taskflow_api_virtualenv.py
[2026-05-18T06:22:09.015+0000] {logging_mixin.py:190} INFO - [2026-05-18T06:22:09.015+0000] {dag.py:3239} INFO - Sync 1 DAGs
[2026-05-18T06:22:09.032+0000] {logging_mixin.py:190} INFO - [2026-05-18T06:22:09.031+0000] {dag.py:4180} INFO - Setting next_dagrun for tutorial_taskflow_api_virtualenv to None, run_after=None
[2026-05-18T06:22:09.062+0000] {processor.py:208} INFO - Processing /home/noelsdavid/airflow_venv/lib/python3.12/site-packages/airflow/example_dags/tutorial_taskflow_api_virtualenv.py took 0.104 seconds
[2026-05-18T06:23:09.966+0000] {processor.py:186} INFO - Started process (PID=8772) to work on /home/noelsdavid/airflow_venv/lib/python3.12/site-packages/airflow/example_dags/tutorial_taskflow_api_virtualenv.py
[2026-05-18T06:23:09.968+0000] {processor.py:914} INFO - Processing file /home/noelsdavid/airflow_venv/lib/python3.12/site-packages/airflow/example_dags/tutorial_taskflow_api_virtualenv.py for tasks to queue
[2026-05-18T06:23:09.970+0000] {logging_mixin.py:190} INFO - [2026-05-18T06:23:09.970+0000] {dagbag.py:588} INFO - Filling up the DagBag from /home/noelsdavid/airflow_venv/lib/python3.12/site-packages/airflow/example_dags/tutorial_taskflow_api_virtualenv.py
[2026-05-18T06:23:09.988+0000] {processor.py:925} INFO - DAG(s) 'tutorial_taskflow_api_virtualenv' retrieved from /home/noelsdavid/airflow_venv/lib/python3.12/site-packages/airflow/example_dags/tutorial_taskflow_api_virtualenv.py
[2026-05-18T06:23:10.011+0000] {logging_mixin.py:190} INFO - [2026-05-18T06:23:10.010+0000] {dag.py:3239} INFO - Sync 1 DAGs
[2026-05-18T06:23:10.027+0000] {logging_mixin.py:190} INFO - [2026-05-18T06:23:10.027+0000] {dag.py:4180} INFO - Setting next_dagrun for tutorial_taskflow_api_virtualenv to None, run_after=None
[2026-05-18T06:23:10.058+0000] {processor.py:208} INFO - Processing /home/noelsdavid/airflow_venv/lib/python3.12/site-packages/airflow/example_dags/tutorial_taskflow_api_virtualenv.py took 0.100 seconds
[2026-05-18T06:24:15.985+0000] {processor.py:186} INFO - Started process (PID=8835) to work on /home/noelsdavid/airflow_venv/lib/python3.12/site-packages/airflow/example_dags/tutorial_taskflow_api_virtualenv.py
[2026-05-18T06:24:15.987+0000] {processor.py:914} INFO - Processing file /home/noelsdavid/airflow_venv/lib/python3.12/site-packages/airflow/example_dags/tutorial_taskflow_api_virtualenv.py for tasks to queue
[2026-05-18T06:24:15.989+0000] {logging_mixin.py:190} INFO - [2026-05-18T06:24:15.988+0000] {dagbag.py:588} INFO - Filling up the DagBag from /home/noelsdavid/airflow_venv/lib/python3.12/site-packages/airflow/example_dags/tutorial_taskflow_api_virtualenv.py
[2026-05-18T06:24:16.008+0000] {processor.py:925} INFO - DAG(s) 'tutorial_taskflow_api_virtualenv' retrieved from /home/noelsdavid/airflow_venv/lib/python3.12/site-packages/airflow/example_dags/tutorial_taskflow_api_virtualenv.py
[2026-05-18T06:24:16.029+0000] {logging_mixin.py:190} INFO - [2026-05-18T06:24:16.028+0000] {dag.py:3239} INFO - Sync 1 DAGs
[2026-05-18T06:24:16.046+0000] {logging_mixin.py:190} INFO - [2026-05-18T06:24:16.046+0000] {dag.py:4180} INFO - Setting next_dagrun for tutorial_taskflow_api_virtualenv to None, run_after=None
[2026-05-18T06:24:16.075+0000] {processor.py:208} INFO - Processing /home/noelsdavid/airflow_venv/lib/python3.12/site-packages/airflow/example_dags/tutorial_taskflow_api_virtualenv.py took 0.098 seconds
[2026-05-18T06:25:20.825+0000] {processor.py:186} INFO - Started process (PID=8922) to work on /home/noelsdavid/airflow_venv/lib/python3.12/site-packages/airflow/example_dags/tutorial_taskflow_api_virtualenv.py
[2026-05-18T06:25:20.827+0000] {processor.py:914} INFO - Processing file /home/noelsdavid/airflow_venv/lib/python3.12/site-packages/airflow/example_dags/tutorial_taskflow_api_virtualenv.py for tasks to queue
[2026-05-18T06:25:20.830+0000] {logging_mixin.py:190} INFO - [2026-05-18T06:25:20.829+0000] {dagbag.py:588} INFO - Filling up the DagBag from /home/noelsdavid/airflow_venv/lib/python3.12/site-packages/airflow/example_dags/tutorial_taskflow_api_virtualenv.py
[2026-05-18T06:25:20.847+0000] {processor.py:925} INFO - DAG(s) 'tutorial_taskflow_api_virtualenv' retrieved from /home/noelsdavid/airflow_venv/lib/python3.12/site-packages/airflow/example_dags/tutorial_taskflow_api_virtualenv.py
[2026-05-18T06:25:20.869+0000] {logging_mixin.py:190} INFO - [2026-05-18T06:25:20.869+0000] {dag.py:3239} INFO - Sync 1 DAGs
[2026-05-18T06:25:20.887+0000] {logging_mixin.py:190} INFO - [2026-05-18T06:25:20.886+0000] {dag.py:4180} INFO - Setting next_dagrun for tutorial_taskflow_api_virtualenv to None, run_after=None
[2026-05-18T06:25:20.921+0000] {processor.py:208} INFO - Processing /home/noelsdavid/airflow_venv/lib/python3.12/site-packages/airflow/example_dags/tutorial_taskflow_api_virtualenv.py took 0.104 seconds
[2026-05-18T06:26:24.465+0000] {processor.py:186} INFO - Started process (PID=9038) to work on /home/noelsdavid/airflow_venv/lib/python3.12/site-packages/airflow/example_dags/tutorial_taskflow_api_virtualenv.py
[2026-05-18T06:26:24.467+0000] {processor.py:914} INFO - Processing file /home/noelsdavid/airflow_venv/lib/python3.12/site-packages/airflow/example_dags/tutorial_taskflow_api_virtualenv.py for tasks to queue
[2026-05-18T06:26:24.469+0000] {logging_mixin.py:190} INFO - [2026-05-18T06:26:24.468+0000] {dagbag.py:588} INFO - Filling up the DagBag from /home/noelsdavid/airflow_venv/lib/python3.12/site-packages/airflow/example_dags/tutorial_taskflow_api_virtualenv.py
[2026-05-18T06:26:24.488+0000] {processor.py:925} INFO - DAG(s) 'tutorial_taskflow_api_virtualenv' retrieved from /home/noelsdavid/airflow_venv/lib/python3.12/site-packages/airflow/example_dags/tutorial_taskflow_api_virtualenv.py
[2026-05-18T06:26:24.510+0000] {logging_mixin.py:190} INFO - [2026-05-18T06:26:24.509+0000] {dag.py:3239} INFO - Sync 1 DAGs
[2026-05-18T06:26:24.529+0000] {logging_mixin.py:190} INFO - [2026-05-18T06:26:24.528+0000] {dag.py:4180} INFO - Setting next_dagrun for tutorial_taskflow_api_virtualenv to None, run_after=None
[2026-05-18T06:26:24.563+0000] {processor.py:208} INFO - Processing /home/noelsdavid/airflow_venv/lib/python3.12/site-packages/airflow/example_dags/tutorial_taskflow_api_virtualenv.py took 0.107 seconds
[2026-05-18T06:27:46.051+0000] {processor.py:186} INFO - Started process (PID=9597) to work on /home/noelsdavid/airflow_venv/lib/python3.12/site-packages/airflow/example_dags/tutorial_taskflow_api_virtualenv.py
[2026-05-18T06:27:46.053+0000] {processor.py:914} INFO - Processing file /home/noelsdavid/airflow_venv/lib/python3.12/site-packages/airflow/example_dags/tutorial_taskflow_api_virtualenv.py for tasks to queue
[2026-05-18T06:27:46.055+0000] {logging_mixin.py:190} INFO - [2026-05-18T06:27:46.054+0000] {dagbag.py:588} INFO - Filling up the DagBag from /home/noelsdavid/airflow_venv/lib/python3.12/site-packages/airflow/example_dags/tutorial_taskflow_api_virtualenv.py
[2026-05-18T06:27:46.073+0000] {processor.py:925} INFO - DAG(s) 'tutorial_taskflow_api_virtualenv' retrieved from /home/noelsdavid/airflow_venv/lib/python3.12/site-packages/airflow/example_dags/tutorial_taskflow_api_virtualenv.py
[2026-05-18T06:27:46.095+0000] {logging_mixin.py:190} INFO - [2026-05-18T06:27:46.094+0000] {dag.py:3239} INFO - Sync 1 DAGs
[2026-05-18T06:27:46.112+0000] {logging_mixin.py:190} INFO - [2026-05-18T06:27:46.112+0000] {dag.py:4180} INFO - Setting next_dagrun for tutorial_taskflow_api_virtualenv to None, run_after=None
[2026-05-18T06:27:46.142+0000] {processor.py:208} INFO - Processing /home/noelsdavid/airflow_venv/lib/python3.12/site-packages/airflow/example_dags/tutorial_taskflow_api_virtualenv.py took 0.099 seconds
[2026-05-18T06:28:26.977+0000] {processor.py:186} INFO - Started process (PID=9718) to work on /home/noelsdavid/airflow_venv/lib/python3.12/site-packages/airflow/example_dags/tutorial_taskflow_api_virtualenv.py
[2026-05-18T06:28:26.980+0000] {processor.py:914} INFO - Processing file /home/noelsdavid/airflow_venv/lib/python3.12/site-packages/airflow/example_dags/tutorial_taskflow_api_virtualenv.py for tasks to queue
[2026-05-18T06:28:26.982+0000] {logging_mixin.py:190} INFO - [2026-05-18T06:28:26.981+0000] {dagbag.py:588} INFO - Filling up the DagBag from /home/noelsdavid/airflow_venv/lib/python3.12/site-packages/airflow/example_dags/tutorial_taskflow_api_virtualenv.py
[2026-05-18T06:28:27.001+0000] {processor.py:925} INFO - DAG(s) 'tutorial_taskflow_api_virtualenv' retrieved from /home/noelsdavid/airflow_venv/lib/python3.12/site-packages/airflow/example_dags/tutorial_taskflow_api_virtualenv.py
[2026-05-18T06:28:27.026+0000] {logging_mixin.py:190} INFO - [2026-05-18T06:28:27.026+0000] {dag.py:3239} INFO - Sync 1 DAGs
[2026-05-18T06:28:27.048+0000] {logging_mixin.py:190} INFO - [2026-05-18T06:28:27.048+0000] {dag.py:4180} INFO - Setting next_dagrun for tutorial_taskflow_api_virtualenv to None, run_after=None
[2026-05-18T06:28:27.094+0000] {processor.py:208} INFO - Processing /home/noelsdavid/airflow_venv/lib/python3.12/site-packages/airflow/example_dags/tutorial_taskflow_api_virtualenv.py took 0.124 seconds
[2026-05-18T06:29:34.915+0000] {processor.py:186} INFO - Started process (PID=9781) to work on /home/noelsdavid/airflow_venv/lib/python3.12/site-packages/airflow/example_dags/tutorial_taskflow_api_virtualenv.py
[2026-05-18T06:29:34.917+0000] {processor.py:914} INFO - Processing file /home/noelsdavid/airflow_venv/lib/python3.12/site-packages/airflow/example_dags/tutorial_taskflow_api_virtualenv.py for tasks to queue
[2026-05-18T06:29:34.919+0000] {logging_mixin.py:190} INFO - [2026-05-18T06:29:34.919+0000] {dagbag.py:588} INFO - Filling up the DagBag from /home/noelsdavid/airflow_venv/lib/python3.12/site-packages/airflow/example_dags/tutorial_taskflow_api_virtualenv.py
[2026-05-18T06:29:34.937+0000] {processor.py:925} INFO - DAG(s) 'tutorial_taskflow_api_virtualenv' retrieved from /home/noelsdavid/airflow_venv/lib/python3.12/site-packages/airflow/example_dags/tutorial_taskflow_api_virtualenv.py
[2026-05-18T06:29:34.958+0000] {logging_mixin.py:190} INFO - [2026-05-18T06:29:34.958+0000] {dag.py:3239} INFO - Sync 1 DAGs
[2026-05-18T06:29:34.974+0000] {logging_mixin.py:190} INFO - [2026-05-18T06:29:34.974+0000] {dag.py:4180} INFO - Setting next_dagrun for tutorial_taskflow_api_virtualenv to None, run_after=None
[2026-05-18T06:29:35.004+0000] {processor.py:208} INFO - Processing /home/noelsdavid/airflow_venv/lib/python3.12/site-packages/airflow/example_dags/tutorial_taskflow_api_virtualenv.py took 0.097 seconds
[2026-05-18T06:30:39.735+0000] {processor.py:186} INFO - Started process (PID=9868) to work on /home/noelsdavid/airflow_venv/lib/python3.12/site-packages/airflow/example_dags/tutorial_taskflow_api_virtualenv.py
[2026-05-18T06:30:39.738+0000] {processor.py:914} INFO - Processing file /home/noelsdavid/airflow_venv/lib/python3.12/site-packages/airflow/example_dags/tutorial_taskflow_api_virtualenv.py for tasks to queue
[2026-05-18T06:30:39.739+0000] {logging_mixin.py:190} INFO - [2026-05-18T06:30:39.739+0000] {dagbag.py:588} INFO - Filling up the DagBag from /home/noelsdavid/airflow_venv/lib/python3.12/site-packages/airflow/example_dags/tutorial_taskflow_api_virtualenv.py
[2026-05-18T06:30:39.758+0000] {processor.py:925} INFO - DAG(s) 'tutorial_taskflow_api_virtualenv' retrieved from /home/noelsdavid/airflow_venv/lib/python3.12/site-packages/airflow/example_dags/tutorial_taskflow_api_virtualenv.py
[2026-05-18T06:30:39.779+0000] {logging_mixin.py:190} INFO - [2026-05-18T06:30:39.779+0000] {dag.py:3239} INFO - Sync 1 DAGs
[2026-05-18T06:30:39.796+0000] {logging_mixin.py:190} INFO - [2026-05-18T06:30:39.796+0000] {dag.py:4180} INFO - Setting next_dagrun for tutorial_taskflow_api_virtualenv to None, run_after=None
[2026-05-18T06:30:39.827+0000] {processor.py:208} INFO - Processing /home/noelsdavid/airflow_venv/lib/python3.12/site-packages/airflow/example_dags/tutorial_taskflow_api_virtualenv.py took 0.100 seconds
[2026-05-18T06:31:45.009+0000] {processor.py:186} INFO - Started process (PID=9931) to work on /home/noelsdavid/airflow_venv/lib/python3.12/site-packages/airflow/example_dags/tutorial_taskflow_api_virtualenv.py
[2026-05-18T06:31:45.011+0000] {processor.py:914} INFO - Processing file /home/noelsdavid/airflow_venv/lib/python3.12/site-packages/airflow/example_dags/tutorial_taskflow_api_virtualenv.py for tasks to queue
[2026-05-18T06:31:45.013+0000] {logging_mixin.py:190} INFO - [2026-05-18T06:31:45.013+0000] {dagbag.py:588} INFO - Filling up the DagBag from /home/noelsdavid/airflow_venv/lib/python3.12/site-packages/airflow/example_dags/tutorial_taskflow_api_virtualenv.py
[2026-05-18T06:31:45.033+0000] {processor.py:925} INFO - DAG(s) 'tutorial_taskflow_api_virtualenv' retrieved from /home/noelsdavid/airflow_venv/lib/python3.12/site-packages/airflow/example_dags/tutorial_taskflow_api_virtualenv.py
[2026-05-18T06:31:45.055+0000] {logging_mixin.py:190} INFO - [2026-05-18T06:31:45.055+0000] {dag.py:3239} INFO - Sync 1 DAGs
[2026-05-18T06:31:45.073+0000] {logging_mixin.py:190} INFO - [2026-05-18T06:31:45.073+0000] {dag.py:4180} INFO - Setting next_dagrun for tutorial_taskflow_api_virtualenv to None, run_after=None
[2026-05-18T06:31:45.104+0000] {processor.py:208} INFO - Processing /home/noelsdavid/airflow_venv/lib/python3.12/site-packages/airflow/example_dags/tutorial_taskflow_api_virtualenv.py took 0.103 seconds
[2026-05-18T06:32:43.809+0000] {processor.py:186} INFO - Started process (PID=9991) to work on /home/noelsdavid/airflow_venv/lib/python3.12/site-packages/airflow/example_dags/tutorial_taskflow_api_virtualenv.py
[2026-05-18T06:32:43.811+0000] {processor.py:914} INFO - Processing file /home/noelsdavid/airflow_venv/lib/python3.12/site-packages/airflow/example_dags/tutorial_taskflow_api_virtualenv.py for tasks to queue
[2026-05-18T06:32:43.813+0000] {logging_mixin.py:190} INFO - [2026-05-18T06:32:43.812+0000] {dagbag.py:588} INFO - Filling up the DagBag from /home/noelsdavid/airflow_venv/lib/python3.12/site-packages/airflow/example_dags/tutorial_taskflow_api_virtualenv.py
[2026-05-18T06:32:43.831+0000] {processor.py:925} INFO - DAG(s) 'tutorial_taskflow_api_virtualenv' retrieved from /home/noelsdavid/airflow_venv/lib/python3.12/site-packages/airflow/example_dags/tutorial_taskflow_api_virtualenv.py
[2026-05-18T06:32:43.852+0000] {logging_mixin.py:190} INFO - [2026-05-18T06:32:43.852+0000] {dag.py:3239} INFO - Sync 1 DAGs
[2026-05-18T06:32:43.871+0000] {logging_mixin.py:190} INFO - [2026-05-18T06:32:43.871+0000] {dag.py:4180} INFO - Setting next_dagrun for tutorial_taskflow_api_virtualenv to None, run_after=None
[2026-05-18T06:32:43.902+0000] {processor.py:208} INFO - Processing /home/noelsdavid/airflow_venv/lib/python3.12/site-packages/airflow/example_dags/tutorial_taskflow_api_virtualenv.py took 0.100 seconds
[2026-05-18T06:33:50.023+0000] {processor.py:186} INFO - Started process (PID=10060) to work on /home/noelsdavid/airflow_venv/lib/python3.12/site-packages/airflow/example_dags/tutorial_taskflow_api_virtualenv.py
[2026-05-18T06:33:50.025+0000] {processor.py:914} INFO - Processing file /home/noelsdavid/airflow_venv/lib/python3.12/site-packages/airflow/example_dags/tutorial_taskflow_api_virtualenv.py for tasks to queue
[2026-05-18T06:33:50.027+0000] {logging_mixin.py:190} INFO - [2026-05-18T06:33:50.027+0000] {dagbag.py:588} INFO - Filling up the DagBag from /home/noelsdavid/airflow_venv/lib/python3.12/site-packages/airflow/example_dags/tutorial_taskflow_api_virtualenv.py
[2026-05-18T06:33:50.046+0000] {processor.py:925} INFO - DAG(s) 'tutorial_taskflow_api_virtualenv' retrieved from /home/noelsdavid/airflow_venv/lib/python3.12/site-packages/airflow/example_dags/tutorial_taskflow_api_virtualenv.py
[2026-05-18T06:33:50.069+0000] {logging_mixin.py:190} INFO - [2026-05-18T06:33:50.069+0000] {dag.py:3239} INFO - Sync 1 DAGs
[2026-05-18T06:33:50.087+0000] {logging_mixin.py:190} INFO - [2026-05-18T06:33:50.087+0000] {dag.py:4180} INFO - Setting next_dagrun for tutorial_taskflow_api_virtualenv to None, run_after=None
[2026-05-18T06:33:50.119+0000] {processor.py:208} INFO - Processing /home/noelsdavid/airflow_venv/lib/python3.12/site-packages/airflow/example_dags/tutorial_taskflow_api_virtualenv.py took 0.105 seconds
[2026-05-18T06:34:53.384+0000] {processor.py:186} INFO - Started process (PID=10248) to work on /home/noelsdavid/airflow_venv/lib/python3.12/site-packages/airflow/example_dags/tutorial_taskflow_api_virtualenv.py
[2026-05-18T06:34:53.386+0000] {processor.py:914} INFO - Processing file /home/noelsdavid/airflow_venv/lib/python3.12/site-packages/airflow/example_dags/tutorial_taskflow_api_virtualenv.py for tasks to queue
[2026-05-18T06:34:53.388+0000] {logging_mixin.py:190} INFO - [2026-05-18T06:34:53.387+0000] {dagbag.py:588} INFO - Filling up the DagBag from /home/noelsdavid/airflow_venv/lib/python3.12/site-packages/airflow/example_dags/tutorial_taskflow_api_virtualenv.py
[2026-05-18T06:34:53.407+0000] {processor.py:925} INFO - DAG(s) 'tutorial_taskflow_api_virtualenv' retrieved from /home/noelsdavid/airflow_venv/lib/python3.12/site-packages/airflow/example_dags/tutorial_taskflow_api_virtualenv.py
[2026-05-18T06:34:53.430+0000] {logging_mixin.py:190} INFO - [2026-05-18T06:34:53.429+0000] {dag.py:3239} INFO - Sync 1 DAGs
[2026-05-18T06:34:53.449+0000] {logging_mixin.py:190} INFO - [2026-05-18T06:34:53.449+0000] {dag.py:4180} INFO - Setting next_dagrun for tutorial_taskflow_api_virtualenv to None, run_after=None
[2026-05-18T06:34:53.480+0000] {processor.py:208} INFO - Processing /home/noelsdavid/airflow_venv/lib/python3.12/site-packages/airflow/example_dags/tutorial_taskflow_api_virtualenv.py took 0.104 seconds
[2026-05-18T06:35:59.170+0000] {processor.py:186} INFO - Started process (PID=10428) to work on /home/noelsdavid/airflow_venv/lib/python3.12/site-packages/airflow/example_dags/tutorial_taskflow_api_virtualenv.py
[2026-05-18T06:35:59.172+0000] {processor.py:914} INFO - Processing file /home/noelsdavid/airflow_venv/lib/python3.12/site-packages/airflow/example_dags/tutorial_taskflow_api_virtualenv.py for tasks to queue
[2026-05-18T06:35:59.174+0000] {logging_mixin.py:190} INFO - [2026-05-18T06:35:59.173+0000] {dagbag.py:588} INFO - Filling up the DagBag from /home/noelsdavid/airflow_venv/lib/python3.12/site-packages/airflow/example_dags/tutorial_taskflow_api_virtualenv.py
[2026-05-18T06:35:59.193+0000] {processor.py:925} INFO - DAG(s) 'tutorial_taskflow_api_virtualenv' retrieved from /home/noelsdavid/airflow_venv/lib/python3.12/site-packages/airflow/example_dags/tutorial_taskflow_api_virtualenv.py
[2026-05-18T06:35:59.217+0000] {logging_mixin.py:190} INFO - [2026-05-18T06:35:59.216+0000] {dag.py:3239} INFO - Sync 1 DAGs
[2026-05-18T06:35:59.241+0000] {logging_mixin.py:190} INFO - [2026-05-18T06:35:59.240+0000] {dag.py:4180} INFO - Setting next_dagrun for tutorial_taskflow_api_virtualenv to None, run_after=None
[2026-05-18T06:35:59.274+0000] {processor.py:208} INFO - Processing /home/noelsdavid/airflow_venv/lib/python3.12/site-packages/airflow/example_dags/tutorial_taskflow_api_virtualenv.py took 0.112 seconds
[2026-05-18T06:36:58.880+0000] {processor.py:186} INFO - Started process (PID=10691) to work on /home/noelsdavid/airflow_venv/lib/python3.12/site-packages/airflow/example_dags/tutorial_taskflow_api_virtualenv.py
[2026-05-18T06:36:58.882+0000] {processor.py:914} INFO - Processing file /home/noelsdavid/airflow_venv/lib/python3.12/site-packages/airflow/example_dags/tutorial_taskflow_api_virtualenv.py for tasks to queue
[2026-05-18T06:36:58.884+0000] {logging_mixin.py:190} INFO - [2026-05-18T06:36:58.884+0000] {dagbag.py:588} INFO - Filling up the DagBag from /home/noelsdavid/airflow_venv/lib/python3.12/site-packages/airflow/example_dags/tutorial_taskflow_api_virtualenv.py
[2026-05-18T06:36:58.905+0000] {processor.py:925} INFO - DAG(s) 'tutorial_taskflow_api_virtualenv' retrieved from /home/noelsdavid/airflow_venv/lib/python3.12/site-packages/airflow/example_dags/tutorial_taskflow_api_virtualenv.py
[2026-05-18T06:36:58.927+0000] {logging_mixin.py:190} INFO - [2026-05-18T06:36:58.927+0000] {dag.py:3239} INFO - Sync 1 DAGs
[2026-05-18T06:36:58.944+0000] {logging_mixin.py:190} INFO - [2026-05-18T06:36:58.943+0000] {dag.py:4180} INFO - Setting next_dagrun for tutorial_taskflow_api_virtualenv to None, run_after=None
[2026-05-18T06:36:58.972+0000] {processor.py:208} INFO - Processing /home/noelsdavid/airflow_venv/lib/python3.12/site-packages/airflow/example_dags/tutorial_taskflow_api_virtualenv.py took 0.100 seconds
[2026-05-18T06:38:07.581+0000] {processor.py:186} INFO - Started process (PID=10961) to work on /home/noelsdavid/airflow_venv/lib/python3.12/site-packages/airflow/example_dags/tutorial_taskflow_api_virtualenv.py
[2026-05-18T06:38:07.609+0000] {processor.py:914} INFO - Processing file /home/noelsdavid/airflow_venv/lib/python3.12/site-packages/airflow/example_dags/tutorial_taskflow_api_virtualenv.py for tasks to queue
[2026-05-18T06:38:07.611+0000] {logging_mixin.py:190} INFO - [2026-05-18T06:38:07.611+0000] {dagbag.py:588} INFO - Filling up the DagBag from /home/noelsdavid/airflow_venv/lib/python3.12/site-packages/airflow/example_dags/tutorial_taskflow_api_virtualenv.py
[2026-05-18T06:38:07.629+0000] {processor.py:925} INFO - DAG(s) 'tutorial_taskflow_api_virtualenv' retrieved from /home/noelsdavid/airflow_venv/lib/python3.12/site-packages/airflow/example_dags/tutorial_taskflow_api_virtualenv.py
[2026-05-18T06:38:07.650+0000] {logging_mixin.py:190} INFO - [2026-05-18T06:38:07.650+0000] {dag.py:3239} INFO - Sync 1 DAGs
[2026-05-18T06:38:07.667+0000] {logging_mixin.py:190} INFO - [2026-05-18T06:38:07.667+0000] {dag.py:4180} INFO - Setting next_dagrun for tutorial_taskflow_api_virtualenv to None, run_after=None
[2026-05-18T06:38:07.698+0000] {processor.py:208} INFO - Processing /home/noelsdavid/airflow_venv/lib/python3.12/site-packages/airflow/example_dags/tutorial_taskflow_api_virtualenv.py took 0.124 seconds
[2026-05-18T06:39:10.336+0000] {processor.py:186} INFO - Started process (PID=11265) to work on /home/noelsdavid/airflow_venv/lib/python3.12/site-packages/airflow/example_dags/tutorial_taskflow_api_virtualenv.py
[2026-05-18T06:39:10.356+0000] {processor.py:914} INFO - Processing file /home/noelsdavid/airflow_venv/lib/python3.12/site-packages/airflow/example_dags/tutorial_taskflow_api_virtualenv.py for tasks to queue
[2026-05-18T06:39:10.358+0000] {logging_mixin.py:190} INFO - [2026-05-18T06:39:10.357+0000] {dagbag.py:588} INFO - Filling up the DagBag from /home/noelsdavid/airflow_venv/lib/python3.12/site-packages/airflow/example_dags/tutorial_taskflow_api_virtualenv.py
[2026-05-18T06:39:10.377+0000] {processor.py:925} INFO - DAG(s) 'tutorial_taskflow_api_virtualenv' retrieved from /home/noelsdavid/airflow_venv/lib/python3.12/site-packages/airflow/example_dags/tutorial_taskflow_api_virtualenv.py
[2026-05-18T06:39:10.400+0000] {logging_mixin.py:190} INFO - [2026-05-18T06:39:10.399+0000] {dag.py:3239} INFO - Sync 1 DAGs
[2026-05-18T06:39:10.417+0000] {logging_mixin.py:190} INFO - [2026-05-18T06:39:10.417+0000] {dag.py:4180} INFO - Setting next_dagrun for tutorial_taskflow_api_virtualenv to None, run_after=None
[2026-05-18T06:39:10.448+0000] {processor.py:208} INFO - Processing /home/noelsdavid/airflow_venv/lib/python3.12/site-packages/airflow/example_dags/tutorial_taskflow_api_virtualenv.py took 0.120 seconds
[2026-05-18T06:40:18.332+0000] {processor.py:186} INFO - Started process (PID=11517) to work on /home/noelsdavid/airflow_venv/lib/python3.12/site-packages/airflow/example_dags/tutorial_taskflow_api_virtualenv.py
[2026-05-18T06:40:18.335+0000] {processor.py:914} INFO - Processing file /home/noelsdavid/airflow_venv/lib/python3.12/site-packages/airflow/example_dags/tutorial_taskflow_api_virtualenv.py for tasks to queue
[2026-05-18T06:40:18.337+0000] {logging_mixin.py:190} INFO - [2026-05-18T06:40:18.337+0000] {dagbag.py:588} INFO - Filling up the DagBag from /home/noelsdavid/airflow_venv/lib/python3.12/site-packages/airflow/example_dags/tutorial_taskflow_api_virtualenv.py
[2026-05-18T06:40:18.356+0000] {processor.py:925} INFO - DAG(s) 'tutorial_taskflow_api_virtualenv' retrieved from /home/noelsdavid/airflow_venv/lib/python3.12/site-packages/airflow/example_dags/tutorial_taskflow_api_virtualenv.py
[2026-05-18T06:40:18.380+0000] {logging_mixin.py:190} INFO - [2026-05-18T06:40:18.380+0000] {dag.py:3239} INFO - Sync 1 DAGs
[2026-05-18T06:40:18.400+0000] {logging_mixin.py:190} INFO - [2026-05-18T06:40:18.400+0000] {dag.py:4180} INFO - Setting next_dagrun for tutorial_taskflow_api_virtualenv to None, run_after=None
[2026-05-18T06:40:18.434+0000] {processor.py:208} INFO - Processing /home/noelsdavid/airflow_venv/lib/python3.12/site-packages/airflow/example_dags/tutorial_taskflow_api_virtualenv.py took 0.110 seconds
[2026-05-18T06:40:56.567+0000] {processor.py:186} INFO - Started process (PID=11612) to work on /home/noelsdavid/airflow_venv/lib/python3.12/site-packages/airflow/example_dags/tutorial_taskflow_api_virtualenv.py
[2026-05-18T06:40:56.571+0000] {processor.py:914} INFO - Processing file /home/noelsdavid/airflow_venv/lib/python3.12/site-packages/airflow/example_dags/tutorial_taskflow_api_virtualenv.py for tasks to queue
[2026-05-18T06:40:56.574+0000] {logging_mixin.py:190} INFO - [2026-05-18T06:40:56.573+0000] {dagbag.py:588} INFO - Filling up the DagBag from /home/noelsdavid/airflow_venv/lib/python3.12/site-packages/airflow/example_dags/tutorial_taskflow_api_virtualenv.py
[2026-05-18T06:40:56.599+0000] {processor.py:925} INFO - DAG(s) 'tutorial_taskflow_api_virtualenv' retrieved from /home/noelsdavid/airflow_venv/lib/python3.12/site-packages/airflow/example_dags/tutorial_taskflow_api_virtualenv.py
[2026-05-18T06:40:56.634+0000] {logging_mixin.py:190} INFO - [2026-05-18T06:40:56.633+0000] {dag.py:3239} INFO - Sync 1 DAGs
[2026-05-18T06:40:56.661+0000] {logging_mixin.py:190} INFO - [2026-05-18T06:40:56.661+0000] {dag.py:4180} INFO - Setting next_dagrun for tutorial_taskflow_api_virtualenv to None, run_after=None
[2026-05-18T06:40:56.716+0000] {processor.py:208} INFO - Processing /home/noelsdavid/airflow_venv/lib/python3.12/site-packages/airflow/example_dags/tutorial_taskflow_api_virtualenv.py took 0.158 seconds
[2026-05-18T06:42:09.353+0000] {processor.py:186} INFO - Started process (PID=12351) to work on /home/noelsdavid/airflow_venv/lib/python3.12/site-packages/airflow/example_dags/tutorial_taskflow_api_virtualenv.py
[2026-05-18T06:42:09.356+0000] {processor.py:914} INFO - Processing file /home/noelsdavid/airflow_venv/lib/python3.12/site-packages/airflow/example_dags/tutorial_taskflow_api_virtualenv.py for tasks to queue
[2026-05-18T06:42:09.359+0000] {logging_mixin.py:190} INFO - [2026-05-18T06:42:09.358+0000] {dagbag.py:588} INFO - Filling up the DagBag from /home/noelsdavid/airflow_venv/lib/python3.12/site-packages/airflow/example_dags/tutorial_taskflow_api_virtualenv.py
[2026-05-18T06:42:09.379+0000] {processor.py:925} INFO - DAG(s) 'tutorial_taskflow_api_virtualenv' retrieved from /home/noelsdavid/airflow_venv/lib/python3.12/site-packages/airflow/example_dags/tutorial_taskflow_api_virtualenv.py
[2026-05-18T06:42:09.407+0000] {logging_mixin.py:190} INFO - [2026-05-18T06:42:09.407+0000] {dag.py:3239} INFO - Sync 1 DAGs
[2026-05-18T06:42:09.425+0000] {logging_mixin.py:190} INFO - [2026-05-18T06:42:09.425+0000] {dag.py:4180} INFO - Setting next_dagrun for tutorial_taskflow_api_virtualenv to None, run_after=None
[2026-05-18T06:42:09.461+0000] {processor.py:208} INFO - Processing /home/noelsdavid/airflow_venv/lib/python3.12/site-packages/airflow/example_dags/tutorial_taskflow_api_virtualenv.py took 0.118 seconds
[2026-05-18T06:43:21.476+0000] {processor.py:186} INFO - Started process (PID=12723) to work on /home/noelsdavid/airflow_venv/lib/python3.12/site-packages/airflow/example_dags/tutorial_taskflow_api_virtualenv.py
[2026-05-18T06:43:21.479+0000] {processor.py:914} INFO - Processing file /home/noelsdavid/airflow_venv/lib/python3.12/site-packages/airflow/example_dags/tutorial_taskflow_api_virtualenv.py for tasks to queue
[2026-05-18T06:43:21.481+0000] {logging_mixin.py:190} INFO - [2026-05-18T06:43:21.480+0000] {dagbag.py:588} INFO - Filling up the DagBag from /home/noelsdavid/airflow_venv/lib/python3.12/site-packages/airflow/example_dags/tutorial_taskflow_api_virtualenv.py
[2026-05-18T06:43:21.499+0000] {processor.py:925} INFO - DAG(s) 'tutorial_taskflow_api_virtualenv' retrieved from /home/noelsdavid/airflow_venv/lib/python3.12/site-packages/airflow/example_dags/tutorial_taskflow_api_virtualenv.py
[2026-05-18T06:43:21.522+0000] {logging_mixin.py:190} INFO - [2026-05-18T06:43:21.522+0000] {dag.py:3239} INFO - Sync 1 DAGs
[2026-05-18T06:43:21.539+0000] {logging_mixin.py:190} INFO - [2026-05-18T06:43:21.539+0000] {dag.py:4180} INFO - Setting next_dagrun for tutorial_taskflow_api_virtualenv to None, run_after=None
[2026-05-18T06:43:21.573+0000] {processor.py:208} INFO - Processing /home/noelsdavid/airflow_venv/lib/python3.12/site-packages/airflow/example_dags/tutorial_taskflow_api_virtualenv.py took 0.107 seconds
[2026-05-18T06:44:18.744+0000] {processor.py:186} INFO - Started process (PID=13035) to work on /home/noelsdavid/airflow_venv/lib/python3.12/site-packages/airflow/example_dags/tutorial_taskflow_api_virtualenv.py
[2026-05-18T06:44:18.746+0000] {processor.py:914} INFO - Processing file /home/noelsdavid/airflow_venv/lib/python3.12/site-packages/airflow/example_dags/tutorial_taskflow_api_virtualenv.py for tasks to queue
[2026-05-18T06:44:18.749+0000] {logging_mixin.py:190} INFO - [2026-05-18T06:44:18.748+0000] {dagbag.py:588} INFO - Filling up the DagBag from /home/noelsdavid/airflow_venv/lib/python3.12/site-packages/airflow/example_dags/tutorial_taskflow_api_virtualenv.py
[2026-05-18T06:44:18.767+0000] {processor.py:925} INFO - DAG(s) 'tutorial_taskflow_api_virtualenv' retrieved from /home/noelsdavid/airflow_venv/lib/python3.12/site-packages/airflow/example_dags/tutorial_taskflow_api_virtualenv.py
[2026-05-18T06:44:18.789+0000] {logging_mixin.py:190} INFO - [2026-05-18T06:44:18.789+0000] {dag.py:3239} INFO - Sync 1 DAGs
[2026-05-18T06:44:18.806+0000] {logging_mixin.py:190} INFO - [2026-05-18T06:44:18.805+0000] {dag.py:4180} INFO - Setting next_dagrun for tutorial_taskflow_api_virtualenv to None, run_after=None
[2026-05-18T06:44:18.837+0000] {processor.py:208} INFO - Processing /home/noelsdavid/airflow_venv/lib/python3.12/site-packages/airflow/example_dags/tutorial_taskflow_api_virtualenv.py took 0.104 seconds
[2026-05-18T06:45:01.384+0000] {processor.py:186} INFO - Started process (PID=13079) to work on /home/noelsdavid/airflow_venv/lib/python3.12/site-packages/airflow/example_dags/tutorial_taskflow_api_virtualenv.py
[2026-05-18T06:45:01.388+0000] {processor.py:914} INFO - Processing file /home/noelsdavid/airflow_venv/lib/python3.12/site-packages/airflow/example_dags/tutorial_taskflow_api_virtualenv.py for tasks to queue
[2026-05-18T06:45:01.391+0000] {logging_mixin.py:190} INFO - [2026-05-18T06:45:01.390+0000] {dagbag.py:588} INFO - Filling up the DagBag from /home/noelsdavid/airflow_venv/lib/python3.12/site-packages/airflow/example_dags/tutorial_taskflow_api_virtualenv.py
[2026-05-18T06:45:01.415+0000] {processor.py:925} INFO - DAG(s) 'tutorial_taskflow_api_virtualenv' retrieved from /home/noelsdavid/airflow_venv/lib/python3.12/site-packages/airflow/example_dags/tutorial_taskflow_api_virtualenv.py
[2026-05-18T06:45:01.442+0000] {logging_mixin.py:190} INFO - [2026-05-18T06:45:01.441+0000] {dag.py:3239} INFO - Sync 1 DAGs
[2026-05-18T06:45:01.467+0000] {logging_mixin.py:190} INFO - [2026-05-18T06:45:01.466+0000] {dag.py:4180} INFO - Setting next_dagrun for tutorial_taskflow_api_virtualenv to None, run_after=None
[2026-05-18T06:45:01.513+0000] {processor.py:208} INFO - Processing /home/noelsdavid/airflow_venv/lib/python3.12/site-packages/airflow/example_dags/tutorial_taskflow_api_virtualenv.py took 0.139 seconds
[2026-05-18T06:46:12.814+0000] {processor.py:186} INFO - Started process (PID=13181) to work on /home/noelsdavid/airflow_venv/lib/python3.12/site-packages/airflow/example_dags/tutorial_taskflow_api_virtualenv.py
[2026-05-18T06:46:12.816+0000] {processor.py:914} INFO - Processing file /home/noelsdavid/airflow_venv/lib/python3.12/site-packages/airflow/example_dags/tutorial_taskflow_api_virtualenv.py for tasks to queue
[2026-05-18T06:46:12.819+0000] {logging_mixin.py:190} INFO - [2026-05-18T06:46:12.818+0000] {dagbag.py:588} INFO - Filling up the DagBag from /home/noelsdavid/airflow_venv/lib/python3.12/site-packages/airflow/example_dags/tutorial_taskflow_api_virtualenv.py
[2026-05-18T06:46:12.839+0000] {processor.py:925} INFO - DAG(s) 'tutorial_taskflow_api_virtualenv' retrieved from /home/noelsdavid/airflow_venv/lib/python3.12/site-packages/airflow/example_dags/tutorial_taskflow_api_virtualenv.py
[2026-05-18T06:46:12.863+0000] {logging_mixin.py:190} INFO - [2026-05-18T06:46:12.863+0000] {dag.py:3239} INFO - Sync 1 DAGs
[2026-05-18T06:46:12.882+0000] {logging_mixin.py:190} INFO - [2026-05-18T06:46:12.881+0000] {dag.py:4180} INFO - Setting next_dagrun for tutorial_taskflow_api_virtualenv to None, run_after=None
[2026-05-18T06:46:12.916+0000] {processor.py:208} INFO - Processing /home/noelsdavid/airflow_venv/lib/python3.12/site-packages/airflow/example_dags/tutorial_taskflow_api_virtualenv.py took 0.112 seconds
[2026-05-18T06:47:20.922+0000] {processor.py:186} INFO - Started process (PID=13257) to work on /home/noelsdavid/airflow_venv/lib/python3.12/site-packages/airflow/example_dags/tutorial_taskflow_api_virtualenv.py
[2026-05-18T06:47:20.924+0000] {processor.py:914} INFO - Processing file /home/noelsdavid/airflow_venv/lib/python3.12/site-packages/airflow/example_dags/tutorial_taskflow_api_virtualenv.py for tasks to queue
[2026-05-18T06:47:20.926+0000] {logging_mixin.py:190} INFO - [2026-05-18T06:47:20.925+0000] {dagbag.py:588} INFO - Filling up the DagBag from /home/noelsdavid/airflow_venv/lib/python3.12/site-packages/airflow/example_dags/tutorial_taskflow_api_virtualenv.py
[2026-05-18T06:47:20.944+0000] {processor.py:925} INFO - DAG(s) 'tutorial_taskflow_api_virtualenv' retrieved from /home/noelsdavid/airflow_venv/lib/python3.12/site-packages/airflow/example_dags/tutorial_taskflow_api_virtualenv.py
[2026-05-18T06:47:20.965+0000] {logging_mixin.py:190} INFO - [2026-05-18T06:47:20.965+0000] {dag.py:3239} INFO - Sync 1 DAGs
[2026-05-18T06:47:20.982+0000] {logging_mixin.py:190} INFO - [2026-05-18T06:47:20.982+0000] {dag.py:4180} INFO - Setting next_dagrun for tutorial_taskflow_api_virtualenv to None, run_after=None
[2026-05-18T06:47:21.014+0000] {processor.py:208} INFO - Processing /home/noelsdavid/airflow_venv/lib/python3.12/site-packages/airflow/example_dags/tutorial_taskflow_api_virtualenv.py took 0.102 seconds
[2026-05-18T06:48:25.203+0000] {processor.py:186} INFO - Started process (PID=13329) to work on /home/noelsdavid/airflow_venv/lib/python3.12/site-packages/airflow/example_dags/tutorial_taskflow_api_virtualenv.py
[2026-05-18T06:48:25.205+0000] {processor.py:914} INFO - Processing file /home/noelsdavid/airflow_venv/lib/python3.12/site-packages/airflow/example_dags/tutorial_taskflow_api_virtualenv.py for tasks to queue
[2026-05-18T06:48:25.208+0000] {logging_mixin.py:190} INFO - [2026-05-18T06:48:25.206+0000] {dagbag.py:588} INFO - Filling up the DagBag from /home/noelsdavid/airflow_venv/lib/python3.12/site-packages/airflow/example_dags/tutorial_taskflow_api_virtualenv.py
[2026-05-18T06:48:25.226+0000] {processor.py:925} INFO - DAG(s) 'tutorial_taskflow_api_virtualenv' retrieved from /home/noelsdavid/airflow_venv/lib/python3.12/site-packages/airflow/example_dags/tutorial_taskflow_api_virtualenv.py
[2026-05-18T06:48:25.248+0000] {logging_mixin.py:190} INFO - [2026-05-18T06:48:25.247+0000] {dag.py:3239} INFO - Sync 1 DAGs
[2026-05-18T06:48:25.264+0000] {logging_mixin.py:190} INFO - [2026-05-18T06:48:25.264+0000] {dag.py:4180} INFO - Setting next_dagrun for tutorial_taskflow_api_virtualenv to None, run_after=None
[2026-05-18T06:48:25.293+0000] {processor.py:208} INFO - Processing /home/noelsdavid/airflow_venv/lib/python3.12/site-packages/airflow/example_dags/tutorial_taskflow_api_virtualenv.py took 0.100 seconds
[2026-05-18T06:49:29.261+0000] {processor.py:186} INFO - Started process (PID=13399) to work on /home/noelsdavid/airflow_venv/lib/python3.12/site-packages/airflow/example_dags/tutorial_taskflow_api_virtualenv.py
[2026-05-18T06:49:29.263+0000] {processor.py:914} INFO - Processing file /home/noelsdavid/airflow_venv/lib/python3.12/site-packages/airflow/example_dags/tutorial_taskflow_api_virtualenv.py for tasks to queue
[2026-05-18T06:49:29.266+0000] {logging_mixin.py:190} INFO - [2026-05-18T06:49:29.265+0000] {dagbag.py:588} INFO - Filling up the DagBag from /home/noelsdavid/airflow_venv/lib/python3.12/site-packages/airflow/example_dags/tutorial_taskflow_api_virtualenv.py
[2026-05-18T06:49:29.283+0000] {processor.py:925} INFO - DAG(s) 'tutorial_taskflow_api_virtualenv' retrieved from /home/noelsdavid/airflow_venv/lib/python3.12/site-packages/airflow/example_dags/tutorial_taskflow_api_virtualenv.py
[2026-05-18T06:49:29.304+0000] {logging_mixin.py:190} INFO - [2026-05-18T06:49:29.304+0000] {dag.py:3239} INFO - Sync 1 DAGs
[2026-05-18T06:49:29.324+0000] {logging_mixin.py:190} INFO - [2026-05-18T06:49:29.324+0000] {dag.py:4180} INFO - Setting next_dagrun for tutorial_taskflow_api_virtualenv to None, run_after=None
[2026-05-18T06:49:29.356+0000] {processor.py:208} INFO - Processing /home/noelsdavid/airflow_venv/lib/python3.12/site-packages/airflow/example_dags/tutorial_taskflow_api_virtualenv.py took 0.104 seconds
[2026-05-18T06:50:36.867+0000] {processor.py:186} INFO - Started process (PID=13977) to work on /home/noelsdavid/airflow_venv/lib/python3.12/site-packages/airflow/example_dags/tutorial_taskflow_api_virtualenv.py
[2026-05-18T06:50:36.869+0000] {processor.py:914} INFO - Processing file /home/noelsdavid/airflow_venv/lib/python3.12/site-packages/airflow/example_dags/tutorial_taskflow_api_virtualenv.py for tasks to queue
[2026-05-18T06:50:36.873+0000] {logging_mixin.py:190} INFO - [2026-05-18T06:50:36.871+0000] {dagbag.py:588} INFO - Filling up the DagBag from /home/noelsdavid/airflow_venv/lib/python3.12/site-packages/airflow/example_dags/tutorial_taskflow_api_virtualenv.py
[2026-05-18T06:50:36.891+0000] {processor.py:925} INFO - DAG(s) 'tutorial_taskflow_api_virtualenv' retrieved from /home/noelsdavid/airflow_venv/lib/python3.12/site-packages/airflow/example_dags/tutorial_taskflow_api_virtualenv.py
[2026-05-18T06:50:36.912+0000] {logging_mixin.py:190} INFO - [2026-05-18T06:50:36.912+0000] {dag.py:3239} INFO - Sync 1 DAGs
[2026-05-18T06:50:36.929+0000] {logging_mixin.py:190} INFO - [2026-05-18T06:50:36.929+0000] {dag.py:4180} INFO - Setting next_dagrun for tutorial_taskflow_api_virtualenv to None, run_after=None
[2026-05-18T06:50:36.960+0000] {processor.py:208} INFO - Processing /home/noelsdavid/airflow_venv/lib/python3.12/site-packages/airflow/example_dags/tutorial_taskflow_api_virtualenv.py took 0.104 seconds
[2026-05-18T06:51:52.941+0000] {processor.py:186} INFO - Started process (PID=14324) to work on /home/noelsdavid/airflow_venv/lib/python3.12/site-packages/airflow/example_dags/tutorial_taskflow_api_virtualenv.py
[2026-05-18T06:51:52.969+0000] {processor.py:914} INFO - Processing file /home/noelsdavid/airflow_venv/lib/python3.12/site-packages/airflow/example_dags/tutorial_taskflow_api_virtualenv.py for tasks to queue
[2026-05-18T06:51:52.971+0000] {logging_mixin.py:190} INFO - [2026-05-18T06:51:52.970+0000] {dagbag.py:588} INFO - Filling up the DagBag from /home/noelsdavid/airflow_venv/lib/python3.12/site-packages/airflow/example_dags/tutorial_taskflow_api_virtualenv.py
[2026-05-18T06:51:52.992+0000] {processor.py:925} INFO - DAG(s) 'tutorial_taskflow_api_virtualenv' retrieved from /home/noelsdavid/airflow_venv/lib/python3.12/site-packages/airflow/example_dags/tutorial_taskflow_api_virtualenv.py
[2026-05-18T06:51:53.013+0000] {logging_mixin.py:190} INFO - [2026-05-18T06:51:53.013+0000] {dag.py:3239} INFO - Sync 1 DAGs
[2026-05-18T06:51:53.030+0000] {logging_mixin.py:190} INFO - [2026-05-18T06:51:53.030+0000] {dag.py:4180} INFO - Setting next_dagrun for tutorial_taskflow_api_virtualenv to None, run_after=None
[2026-05-18T06:51:53.066+0000] {processor.py:208} INFO - Processing /home/noelsdavid/airflow_venv/lib/python3.12/site-packages/airflow/example_dags/tutorial_taskflow_api_virtualenv.py took 0.135 seconds
[2026-05-18T06:53:00.864+0000] {processor.py:186} INFO - Started process (PID=14571) to work on /home/noelsdavid/airflow_venv/lib/python3.12/site-packages/airflow/example_dags/tutorial_taskflow_api_virtualenv.py
[2026-05-18T06:53:00.866+0000] {processor.py:914} INFO - Processing file /home/noelsdavid/airflow_venv/lib/python3.12/site-packages/airflow/example_dags/tutorial_taskflow_api_virtualenv.py for tasks to queue
[2026-05-18T06:53:00.869+0000] {logging_mixin.py:190} INFO - [2026-05-18T06:53:00.868+0000] {dagbag.py:588} INFO - Filling up the DagBag from /home/noelsdavid/airflow_venv/lib/python3.12/site-packages/airflow/example_dags/tutorial_taskflow_api_virtualenv.py
[2026-05-18T06:53:00.888+0000] {processor.py:925} INFO - DAG(s) 'tutorial_taskflow_api_virtualenv' retrieved from /home/noelsdavid/airflow_venv/lib/python3.12/site-packages/airflow/example_dags/tutorial_taskflow_api_virtualenv.py
[2026-05-18T06:53:00.914+0000] {logging_mixin.py:190} INFO - [2026-05-18T06:53:00.913+0000] {dag.py:3239} INFO - Sync 1 DAGs
[2026-05-18T06:53:00.931+0000] {logging_mixin.py:190} INFO - [2026-05-18T06:53:00.931+0000] {dag.py:4180} INFO - Setting next_dagrun for tutorial_taskflow_api_virtualenv to None, run_after=None
[2026-05-18T06:53:00.966+0000] {processor.py:208} INFO - Processing /home/noelsdavid/airflow_venv/lib/python3.12/site-packages/airflow/example_dags/tutorial_taskflow_api_virtualenv.py took 0.112 seconds
[2026-05-18T06:54:14.931+0000] {processor.py:186} INFO - Started process (PID=14942) to work on /home/noelsdavid/airflow_venv/lib/python3.12/site-packages/airflow/example_dags/tutorial_taskflow_api_virtualenv.py
[2026-05-18T06:54:14.953+0000] {processor.py:914} INFO - Processing file /home/noelsdavid/airflow_venv/lib/python3.12/site-packages/airflow/example_dags/tutorial_taskflow_api_virtualenv.py for tasks to queue
[2026-05-18T06:54:14.956+0000] {logging_mixin.py:190} INFO - [2026-05-18T06:54:14.954+0000] {dagbag.py:588} INFO - Filling up the DagBag from /home/noelsdavid/airflow_venv/lib/python3.12/site-packages/airflow/example_dags/tutorial_taskflow_api_virtualenv.py
[2026-05-18T06:54:14.975+0000] {processor.py:925} INFO - DAG(s) 'tutorial_taskflow_api_virtualenv' retrieved from /home/noelsdavid/airflow_venv/lib/python3.12/site-packages/airflow/example_dags/tutorial_taskflow_api_virtualenv.py
[2026-05-18T06:54:14.998+0000] {logging_mixin.py:190} INFO - [2026-05-18T06:54:14.998+0000] {dag.py:3239} INFO - Sync 1 DAGs
[2026-05-18T06:54:15.017+0000] {logging_mixin.py:190} INFO - [2026-05-18T06:54:15.017+0000] {dag.py:4180} INFO - Setting next_dagrun for tutorial_taskflow_api_virtualenv to None, run_after=None
[2026-05-18T06:54:15.049+0000] {processor.py:208} INFO - Processing /home/noelsdavid/airflow_venv/lib/python3.12/site-packages/airflow/example_dags/tutorial_taskflow_api_virtualenv.py took 0.129 seconds
[2026-05-18T06:55:28.200+0000] {processor.py:186} INFO - Started process (PID=15092) to work on /home/noelsdavid/airflow_venv/lib/python3.12/site-packages/airflow/example_dags/tutorial_taskflow_api_virtualenv.py
[2026-05-18T06:55:28.202+0000] {processor.py:914} INFO - Processing file /home/noelsdavid/airflow_venv/lib/python3.12/site-packages/airflow/example_dags/tutorial_taskflow_api_virtualenv.py for tasks to queue
[2026-05-18T06:55:28.205+0000] {logging_mixin.py:190} INFO - [2026-05-18T06:55:28.204+0000] {dagbag.py:588} INFO - Filling up the DagBag from /home/noelsdavid/airflow_venv/lib/python3.12/site-packages/airflow/example_dags/tutorial_taskflow_api_virtualenv.py
[2026-05-18T06:55:28.223+0000] {processor.py:925} INFO - DAG(s) 'tutorial_taskflow_api_virtualenv' retrieved from /home/noelsdavid/airflow_venv/lib/python3.12/site-packages/airflow/example_dags/tutorial_taskflow_api_virtualenv.py
[2026-05-18T06:55:28.248+0000] {logging_mixin.py:190} INFO - [2026-05-18T06:55:28.248+0000] {dag.py:3239} INFO - Sync 1 DAGs
[2026-05-18T06:55:28.270+0000] {logging_mixin.py:190} INFO - [2026-05-18T06:55:28.269+0000] {dag.py:4180} INFO - Setting next_dagrun for tutorial_taskflow_api_virtualenv to None, run_after=None
[2026-05-18T06:55:28.310+0000] {processor.py:208} INFO - Processing /home/noelsdavid/airflow_venv/lib/python3.12/site-packages/airflow/example_dags/tutorial_taskflow_api_virtualenv.py took 0.121 seconds
[2026-05-18T06:56:08.929+0000] {processor.py:186} INFO - Started process (PID=15317) to work on /home/noelsdavid/airflow_venv/lib/python3.12/site-packages/airflow/example_dags/tutorial_taskflow_api_virtualenv.py
[2026-05-18T06:56:08.931+0000] {processor.py:914} INFO - Processing file /home/noelsdavid/airflow_venv/lib/python3.12/site-packages/airflow/example_dags/tutorial_taskflow_api_virtualenv.py for tasks to queue
[2026-05-18T06:56:08.935+0000] {logging_mixin.py:190} INFO - [2026-05-18T06:56:08.933+0000] {dagbag.py:588} INFO - Filling up the DagBag from /home/noelsdavid/airflow_venv/lib/python3.12/site-packages/airflow/example_dags/tutorial_taskflow_api_virtualenv.py
[2026-05-18T06:56:08.953+0000] {processor.py:925} INFO - DAG(s) 'tutorial_taskflow_api_virtualenv' retrieved from /home/noelsdavid/airflow_venv/lib/python3.12/site-packages/airflow/example_dags/tutorial_taskflow_api_virtualenv.py
[2026-05-18T06:56:09.001+0000] {logging_mixin.py:190} INFO - [2026-05-18T06:56:09.000+0000] {dag.py:3239} INFO - Sync 1 DAGs
[2026-05-18T06:56:09.036+0000] {logging_mixin.py:190} INFO - [2026-05-18T06:56:09.036+0000] {dag.py:4180} INFO - Setting next_dagrun for tutorial_taskflow_api_virtualenv to None, run_after=None
[2026-05-18T06:56:09.079+0000] {processor.py:208} INFO - Processing /home/noelsdavid/airflow_venv/lib/python3.12/site-packages/airflow/example_dags/tutorial_taskflow_api_virtualenv.py took 0.160 seconds
[2026-05-18T06:57:24.414+0000] {processor.py:186} INFO - Started process (PID=15462) to work on /home/noelsdavid/airflow_venv/lib/python3.12/site-packages/airflow/example_dags/tutorial_taskflow_api_virtualenv.py
[2026-05-18T06:57:24.416+0000] {processor.py:914} INFO - Processing file /home/noelsdavid/airflow_venv/lib/python3.12/site-packages/airflow/example_dags/tutorial_taskflow_api_virtualenv.py for tasks to queue
[2026-05-18T06:57:24.419+0000] {logging_mixin.py:190} INFO - [2026-05-18T06:57:24.418+0000] {dagbag.py:588} INFO - Filling up the DagBag from /home/noelsdavid/airflow_venv/lib/python3.12/site-packages/airflow/example_dags/tutorial_taskflow_api_virtualenv.py
[2026-05-18T06:57:24.437+0000] {processor.py:925} INFO - DAG(s) 'tutorial_taskflow_api_virtualenv' retrieved from /home/noelsdavid/airflow_venv/lib/python3.12/site-packages/airflow/example_dags/tutorial_taskflow_api_virtualenv.py
[2026-05-18T06:57:24.460+0000] {logging_mixin.py:190} INFO - [2026-05-18T06:57:24.459+0000] {dag.py:3239} INFO - Sync 1 DAGs
[2026-05-18T06:57:24.477+0000] {logging_mixin.py:190} INFO - [2026-05-18T06:57:24.476+0000] {dag.py:4180} INFO - Setting next_dagrun for tutorial_taskflow_api_virtualenv to None, run_after=None
[2026-05-18T06:57:24.510+0000] {processor.py:208} INFO - Processing /home/noelsdavid/airflow_venv/lib/python3.12/site-packages/airflow/example_dags/tutorial_taskflow_api_virtualenv.py took 0.106 seconds
[2026-05-18T06:58:04.539+0000] {processor.py:186} INFO - Started process (PID=15639) to work on /home/noelsdavid/airflow_venv/lib/python3.12/site-packages/airflow/example_dags/tutorial_taskflow_api_virtualenv.py
[2026-05-18T06:58:04.542+0000] {processor.py:914} INFO - Processing file /home/noelsdavid/airflow_venv/lib/python3.12/site-packages/airflow/example_dags/tutorial_taskflow_api_virtualenv.py for tasks to queue
[2026-05-18T06:58:04.545+0000] {logging_mixin.py:190} INFO - [2026-05-18T06:58:04.544+0000] {dagbag.py:588} INFO - Filling up the DagBag from /home/noelsdavid/airflow_venv/lib/python3.12/site-packages/airflow/example_dags/tutorial_taskflow_api_virtualenv.py
[2026-05-18T06:58:04.566+0000] {processor.py:925} INFO - DAG(s) 'tutorial_taskflow_api_virtualenv' retrieved from /home/noelsdavid/airflow_venv/lib/python3.12/site-packages/airflow/example_dags/tutorial_taskflow_api_virtualenv.py
[2026-05-18T06:58:04.589+0000] {logging_mixin.py:190} INFO - [2026-05-18T06:58:04.589+0000] {dag.py:3239} INFO - Sync 1 DAGs
[2026-05-18T06:58:04.606+0000] {logging_mixin.py:190} INFO - [2026-05-18T06:58:04.606+0000] {dag.py:4180} INFO - Setting next_dagrun for tutorial_taskflow_api_virtualenv to None, run_after=None
[2026-05-18T06:58:04.637+0000] {processor.py:208} INFO - Processing /home/noelsdavid/airflow_venv/lib/python3.12/site-packages/airflow/example_dags/tutorial_taskflow_api_virtualenv.py took 0.108 seconds
[2026-05-18T06:59:18.182+0000] {processor.py:186} INFO - Started process (PID=15846) to work on /home/noelsdavid/airflow_venv/lib/python3.12/site-packages/airflow/example_dags/tutorial_taskflow_api_virtualenv.py
[2026-05-18T06:59:18.184+0000] {processor.py:914} INFO - Processing file /home/noelsdavid/airflow_venv/lib/python3.12/site-packages/airflow/example_dags/tutorial_taskflow_api_virtualenv.py for tasks to queue
[2026-05-18T06:59:18.187+0000] {logging_mixin.py:190} INFO - [2026-05-18T06:59:18.186+0000] {dagbag.py:588} INFO - Filling up the DagBag from /home/noelsdavid/airflow_venv/lib/python3.12/site-packages/airflow/example_dags/tutorial_taskflow_api_virtualenv.py
[2026-05-18T06:59:18.207+0000] {processor.py:925} INFO - DAG(s) 'tutorial_taskflow_api_virtualenv' retrieved from /home/noelsdavid/airflow_venv/lib/python3.12/site-packages/airflow/example_dags/tutorial_taskflow_api_virtualenv.py
[2026-05-18T06:59:18.230+0000] {logging_mixin.py:190} INFO - [2026-05-18T06:59:18.230+0000] {dag.py:3239} INFO - Sync 1 DAGs
[2026-05-18T06:59:18.248+0000] {logging_mixin.py:190} INFO - [2026-05-18T06:59:18.248+0000] {dag.py:4180} INFO - Setting next_dagrun for tutorial_taskflow_api_virtualenv to None, run_after=None
[2026-05-18T06:59:18.281+0000] {processor.py:208} INFO - Processing /home/noelsdavid/airflow_venv/lib/python3.12/site-packages/airflow/example_dags/tutorial_taskflow_api_virtualenv.py took 0.109 seconds
[2026-05-18T06:59:59.125+0000] {processor.py:186} INFO - Started process (PID=15892) to work on /home/noelsdavid/airflow_venv/lib/python3.12/site-packages/airflow/example_dags/tutorial_taskflow_api_virtualenv.py
[2026-05-18T06:59:59.127+0000] {processor.py:914} INFO - Processing file /home/noelsdavid/airflow_venv/lib/python3.12/site-packages/airflow/example_dags/tutorial_taskflow_api_virtualenv.py for tasks to queue
[2026-05-18T06:59:59.131+0000] {logging_mixin.py:190} INFO - [2026-05-18T06:59:59.129+0000] {dagbag.py:588} INFO - Filling up the DagBag from /home/noelsdavid/airflow_venv/lib/python3.12/site-packages/airflow/example_dags/tutorial_taskflow_api_virtualenv.py
[2026-05-18T06:59:59.164+0000] {processor.py:925} INFO - DAG(s) 'tutorial_taskflow_api_virtualenv' retrieved from /home/noelsdavid/airflow_venv/lib/python3.12/site-packages/airflow/example_dags/tutorial_taskflow_api_virtualenv.py
[2026-05-18T06:59:59.210+0000] {logging_mixin.py:190} INFO - [2026-05-18T06:59:59.209+0000] {dag.py:3239} INFO - Sync 1 DAGs
[2026-05-18T06:59:59.241+0000] {logging_mixin.py:190} INFO - [2026-05-18T06:59:59.241+0000] {dag.py:4180} INFO - Setting next_dagrun for tutorial_taskflow_api_virtualenv to None, run_after=None
[2026-05-18T06:59:59.282+0000] {processor.py:208} INFO - Processing /home/noelsdavid/airflow_venv/lib/python3.12/site-packages/airflow/example_dags/tutorial_taskflow_api_virtualenv.py took 0.167 seconds
[2026-05-18T07:00:39.580+0000] {processor.py:186} INFO - Started process (PID=16205) to work on /home/noelsdavid/airflow_venv/lib/python3.12/site-packages/airflow/example_dags/tutorial_taskflow_api_virtualenv.py
[2026-05-18T07:00:39.583+0000] {processor.py:914} INFO - Processing file /home/noelsdavid/airflow_venv/lib/python3.12/site-packages/airflow/example_dags/tutorial_taskflow_api_virtualenv.py for tasks to queue
[2026-05-18T07:00:39.585+0000] {logging_mixin.py:190} INFO - [2026-05-18T07:00:39.584+0000] {dagbag.py:588} INFO - Filling up the DagBag from /home/noelsdavid/airflow_venv/lib/python3.12/site-packages/airflow/example_dags/tutorial_taskflow_api_virtualenv.py
[2026-05-18T07:00:39.604+0000] {processor.py:925} INFO - DAG(s) 'tutorial_taskflow_api_virtualenv' retrieved from /home/noelsdavid/airflow_venv/lib/python3.12/site-packages/airflow/example_dags/tutorial_taskflow_api_virtualenv.py
[2026-05-18T07:00:39.624+0000] {logging_mixin.py:190} INFO - [2026-05-18T07:00:39.624+0000] {dag.py:3239} INFO - Sync 1 DAGs
[2026-05-18T07:00:39.642+0000] {logging_mixin.py:190} INFO - [2026-05-18T07:00:39.642+0000] {dag.py:4180} INFO - Setting next_dagrun for tutorial_taskflow_api_virtualenv to None, run_after=None
[2026-05-18T07:00:39.672+0000] {processor.py:208} INFO - Processing /home/noelsdavid/airflow_venv/lib/python3.12/site-packages/airflow/example_dags/tutorial_taskflow_api_virtualenv.py took 0.100 seconds
[2026-05-18T07:01:18.658+0000] {processor.py:186} INFO - Started process (PID=16405) to work on /home/noelsdavid/airflow_venv/lib/python3.12/site-packages/airflow/example_dags/tutorial_taskflow_api_virtualenv.py
[2026-05-18T07:01:18.660+0000] {processor.py:914} INFO - Processing file /home/noelsdavid/airflow_venv/lib/python3.12/site-packages/airflow/example_dags/tutorial_taskflow_api_virtualenv.py for tasks to queue
[2026-05-18T07:01:18.663+0000] {logging_mixin.py:190} INFO - [2026-05-18T07:01:18.662+0000] {dagbag.py:588} INFO - Filling up the DagBag from /home/noelsdavid/airflow_venv/lib/python3.12/site-packages/airflow/example_dags/tutorial_taskflow_api_virtualenv.py
[2026-05-18T07:01:18.683+0000] {processor.py:925} INFO - DAG(s) 'tutorial_taskflow_api_virtualenv' retrieved from /home/noelsdavid/airflow_venv/lib/python3.12/site-packages/airflow/example_dags/tutorial_taskflow_api_virtualenv.py
[2026-05-18T07:01:18.707+0000] {logging_mixin.py:190} INFO - [2026-05-18T07:01:18.706+0000] {dag.py:3239} INFO - Sync 1 DAGs
[2026-05-18T07:01:18.723+0000] {logging_mixin.py:190} INFO - [2026-05-18T07:01:18.722+0000] {dag.py:4180} INFO - Setting next_dagrun for tutorial_taskflow_api_virtualenv to None, run_after=None
[2026-05-18T07:01:18.752+0000] {processor.py:208} INFO - Processing /home/noelsdavid/airflow_venv/lib/python3.12/site-packages/airflow/example_dags/tutorial_taskflow_api_virtualenv.py took 0.104 seconds
[2026-05-18T07:02:30.665+0000] {processor.py:186} INFO - Started process (PID=16481) to work on /home/noelsdavid/airflow_venv/lib/python3.12/site-packages/airflow/example_dags/tutorial_taskflow_api_virtualenv.py
[2026-05-18T07:02:30.667+0000] {processor.py:914} INFO - Processing file /home/noelsdavid/airflow_venv/lib/python3.12/site-packages/airflow/example_dags/tutorial_taskflow_api_virtualenv.py for tasks to queue
[2026-05-18T07:02:30.669+0000] {logging_mixin.py:190} INFO - [2026-05-18T07:02:30.668+0000] {dagbag.py:588} INFO - Filling up the DagBag from /home/noelsdavid/airflow_venv/lib/python3.12/site-packages/airflow/example_dags/tutorial_taskflow_api_virtualenv.py
[2026-05-18T07:02:30.688+0000] {processor.py:925} INFO - DAG(s) 'tutorial_taskflow_api_virtualenv' retrieved from /home/noelsdavid/airflow_venv/lib/python3.12/site-packages/airflow/example_dags/tutorial_taskflow_api_virtualenv.py
[2026-05-18T07:02:30.711+0000] {logging_mixin.py:190} INFO - [2026-05-18T07:02:30.711+0000] {dag.py:3239} INFO - Sync 1 DAGs
[2026-05-18T07:02:30.728+0000] {logging_mixin.py:190} INFO - [2026-05-18T07:02:30.728+0000] {dag.py:4180} INFO - Setting next_dagrun for tutorial_taskflow_api_virtualenv to None, run_after=None
[2026-05-18T07:02:30.760+0000] {processor.py:208} INFO - Processing /home/noelsdavid/airflow_venv/lib/python3.12/site-packages/airflow/example_dags/tutorial_taskflow_api_virtualenv.py took 0.105 seconds
[2026-05-18T07:03:42.795+0000] {processor.py:186} INFO - Started process (PID=16559) to work on /home/noelsdavid/airflow_venv/lib/python3.12/site-packages/airflow/example_dags/tutorial_taskflow_api_virtualenv.py
[2026-05-18T07:03:42.797+0000] {processor.py:914} INFO - Processing file /home/noelsdavid/airflow_venv/lib/python3.12/site-packages/airflow/example_dags/tutorial_taskflow_api_virtualenv.py for tasks to queue
[2026-05-18T07:03:42.799+0000] {logging_mixin.py:190} INFO - [2026-05-18T07:03:42.799+0000] {dagbag.py:588} INFO - Filling up the DagBag from /home/noelsdavid/airflow_venv/lib/python3.12/site-packages/airflow/example_dags/tutorial_taskflow_api_virtualenv.py
[2026-05-18T07:03:42.819+0000] {processor.py:925} INFO - DAG(s) 'tutorial_taskflow_api_virtualenv' retrieved from /home/noelsdavid/airflow_venv/lib/python3.12/site-packages/airflow/example_dags/tutorial_taskflow_api_virtualenv.py
[2026-05-18T07:03:42.840+0000] {logging_mixin.py:190} INFO - [2026-05-18T07:03:42.840+0000] {dag.py:3239} INFO - Sync 1 DAGs
[2026-05-18T07:03:42.857+0000] {logging_mixin.py:190} INFO - [2026-05-18T07:03:42.856+0000] {dag.py:4180} INFO - Setting next_dagrun for tutorial_taskflow_api_virtualenv to None, run_after=None
[2026-05-18T07:03:42.887+0000] {processor.py:208} INFO - Processing /home/noelsdavid/airflow_venv/lib/python3.12/site-packages/airflow/example_dags/tutorial_taskflow_api_virtualenv.py took 0.102 seconds
[2026-05-18T07:04:50.446+0000] {processor.py:186} INFO - Started process (PID=16636) to work on /home/noelsdavid/airflow_venv/lib/python3.12/site-packages/airflow/example_dags/tutorial_taskflow_api_virtualenv.py
[2026-05-18T07:04:50.449+0000] {processor.py:914} INFO - Processing file /home/noelsdavid/airflow_venv/lib/python3.12/site-packages/airflow/example_dags/tutorial_taskflow_api_virtualenv.py for tasks to queue
[2026-05-18T07:04:50.451+0000] {logging_mixin.py:190} INFO - [2026-05-18T07:04:50.450+0000] {dagbag.py:588} INFO - Filling up the DagBag from /home/noelsdavid/airflow_venv/lib/python3.12/site-packages/airflow/example_dags/tutorial_taskflow_api_virtualenv.py
[2026-05-18T07:04:50.471+0000] {processor.py:925} INFO - DAG(s) 'tutorial_taskflow_api_virtualenv' retrieved from /home/noelsdavid/airflow_venv/lib/python3.12/site-packages/airflow/example_dags/tutorial_taskflow_api_virtualenv.py
[2026-05-18T07:04:50.493+0000] {logging_mixin.py:190} INFO - [2026-05-18T07:04:50.493+0000] {dag.py:3239} INFO - Sync 1 DAGs
[2026-05-18T07:04:50.673+0000] {logging_mixin.py:190} INFO - [2026-05-18T07:04:50.672+0000] {dag.py:4180} INFO - Setting next_dagrun for tutorial_taskflow_api_virtualenv to None, run_after=None
[2026-05-18T07:04:50.701+0000] {processor.py:208} INFO - Processing /home/noelsdavid/airflow_venv/lib/python3.12/site-packages/airflow/example_dags/tutorial_taskflow_api_virtualenv.py took 0.265 seconds
[2026-05-18T07:06:06.828+0000] {processor.py:186} INFO - Started process (PID=16740) to work on /home/noelsdavid/airflow_venv/lib/python3.12/site-packages/airflow/example_dags/tutorial_taskflow_api_virtualenv.py
[2026-05-18T07:06:06.846+0000] {processor.py:914} INFO - Processing file /home/noelsdavid/airflow_venv/lib/python3.12/site-packages/airflow/example_dags/tutorial_taskflow_api_virtualenv.py for tasks to queue
[2026-05-18T07:06:06.849+0000] {logging_mixin.py:190} INFO - [2026-05-18T07:06:06.847+0000] {dagbag.py:588} INFO - Filling up the DagBag from /home/noelsdavid/airflow_venv/lib/python3.12/site-packages/airflow/example_dags/tutorial_taskflow_api_virtualenv.py
[2026-05-18T07:06:06.867+0000] {processor.py:925} INFO - DAG(s) 'tutorial_taskflow_api_virtualenv' retrieved from /home/noelsdavid/airflow_venv/lib/python3.12/site-packages/airflow/example_dags/tutorial_taskflow_api_virtualenv.py
[2026-05-18T07:06:06.889+0000] {logging_mixin.py:190} INFO - [2026-05-18T07:06:06.888+0000] {dag.py:3239} INFO - Sync 1 DAGs
[2026-05-18T07:06:07.070+0000] {logging_mixin.py:190} INFO - [2026-05-18T07:06:07.070+0000] {dag.py:4180} INFO - Setting next_dagrun for tutorial_taskflow_api_virtualenv to None, run_after=None
[2026-05-18T07:06:07.100+0000] {processor.py:208} INFO - Processing /home/noelsdavid/airflow_venv/lib/python3.12/site-packages/airflow/example_dags/tutorial_taskflow_api_virtualenv.py took 0.282 seconds
[2026-05-18T07:06:47.646+0000] {processor.py:186} INFO - Started process (PID=16782) to work on /home/noelsdavid/airflow_venv/lib/python3.12/site-packages/airflow/example_dags/tutorial_taskflow_api_virtualenv.py
[2026-05-18T07:06:47.649+0000] {processor.py:914} INFO - Processing file /home/noelsdavid/airflow_venv/lib/python3.12/site-packages/airflow/example_dags/tutorial_taskflow_api_virtualenv.py for tasks to queue
[2026-05-18T07:06:47.652+0000] {logging_mixin.py:190} INFO - [2026-05-18T07:06:47.651+0000] {dagbag.py:588} INFO - Filling up the DagBag from /home/noelsdavid/airflow_venv/lib/python3.12/site-packages/airflow/example_dags/tutorial_taskflow_api_virtualenv.py
[2026-05-18T07:06:47.670+0000] {processor.py:925} INFO - DAG(s) 'tutorial_taskflow_api_virtualenv' retrieved from /home/noelsdavid/airflow_venv/lib/python3.12/site-packages/airflow/example_dags/tutorial_taskflow_api_virtualenv.py
[2026-05-18T07:06:47.692+0000] {logging_mixin.py:190} INFO - [2026-05-18T07:06:47.691+0000] {dag.py:3239} INFO - Sync 1 DAGs
[2026-05-18T07:06:47.709+0000] {logging_mixin.py:190} INFO - [2026-05-18T07:06:47.709+0000] {dag.py:4180} INFO - Setting next_dagrun for tutorial_taskflow_api_virtualenv to None, run_after=None
[2026-05-18T07:06:47.739+0000] {processor.py:208} INFO - Processing /home/noelsdavid/airflow_venv/lib/python3.12/site-packages/airflow/example_dags/tutorial_taskflow_api_virtualenv.py took 0.102 seconds
[2026-05-18T07:08:03.817+0000] {processor.py:186} INFO - Started process (PID=16862) to work on /home/noelsdavid/airflow_venv/lib/python3.12/site-packages/airflow/example_dags/tutorial_taskflow_api_virtualenv.py
[2026-05-18T07:08:03.831+0000] {processor.py:914} INFO - Processing file /home/noelsdavid/airflow_venv/lib/python3.12/site-packages/airflow/example_dags/tutorial_taskflow_api_virtualenv.py for tasks to queue
[2026-05-18T07:08:03.834+0000] {logging_mixin.py:190} INFO - [2026-05-18T07:08:03.832+0000] {dagbag.py:588} INFO - Filling up the DagBag from /home/noelsdavid/airflow_venv/lib/python3.12/site-packages/airflow/example_dags/tutorial_taskflow_api_virtualenv.py
[2026-05-18T07:08:03.853+0000] {processor.py:925} INFO - DAG(s) 'tutorial_taskflow_api_virtualenv' retrieved from /home/noelsdavid/airflow_venv/lib/python3.12/site-packages/airflow/example_dags/tutorial_taskflow_api_virtualenv.py
[2026-05-18T07:08:03.875+0000] {logging_mixin.py:190} INFO - [2026-05-18T07:08:03.875+0000] {dag.py:3239} INFO - Sync 1 DAGs
[2026-05-18T07:08:03.895+0000] {logging_mixin.py:190} INFO - [2026-05-18T07:08:03.895+0000] {dag.py:4180} INFO - Setting next_dagrun for tutorial_taskflow_api_virtualenv to None, run_after=None
[2026-05-18T07:08:03.930+0000] {processor.py:208} INFO - Processing /home/noelsdavid/airflow_venv/lib/python3.12/site-packages/airflow/example_dags/tutorial_taskflow_api_virtualenv.py took 0.123 seconds
[2026-05-18T07:08:45.275+0000] {processor.py:186} INFO - Started process (PID=16903) to work on /home/noelsdavid/airflow_venv/lib/python3.12/site-packages/airflow/example_dags/tutorial_taskflow_api_virtualenv.py
[2026-05-18T07:08:45.278+0000] {processor.py:914} INFO - Processing file /home/noelsdavid/airflow_venv/lib/python3.12/site-packages/airflow/example_dags/tutorial_taskflow_api_virtualenv.py for tasks to queue
[2026-05-18T07:08:45.281+0000] {logging_mixin.py:190} INFO - [2026-05-18T07:08:45.279+0000] {dagbag.py:588} INFO - Filling up the DagBag from /home/noelsdavid/airflow_venv/lib/python3.12/site-packages/airflow/example_dags/tutorial_taskflow_api_virtualenv.py
[2026-05-18T07:08:45.299+0000] {processor.py:925} INFO - DAG(s) 'tutorial_taskflow_api_virtualenv' retrieved from /home/noelsdavid/airflow_venv/lib/python3.12/site-packages/airflow/example_dags/tutorial_taskflow_api_virtualenv.py
[2026-05-18T07:08:45.320+0000] {logging_mixin.py:190} INFO - [2026-05-18T07:08:45.320+0000] {dag.py:3239} INFO - Sync 1 DAGs
[2026-05-18T07:08:45.503+0000] {logging_mixin.py:190} INFO - [2026-05-18T07:08:45.503+0000] {dag.py:4180} INFO - Setting next_dagrun for tutorial_taskflow_api_virtualenv to None, run_after=None
[2026-05-18T07:08:45.534+0000] {processor.py:208} INFO - Processing /home/noelsdavid/airflow_venv/lib/python3.12/site-packages/airflow/example_dags/tutorial_taskflow_api_virtualenv.py took 0.268 seconds
[2026-05-18T07:09:26.300+0000] {processor.py:186} INFO - Started process (PID=16944) to work on /home/noelsdavid/airflow_venv/lib/python3.12/site-packages/airflow/example_dags/tutorial_taskflow_api_virtualenv.py
[2026-05-18T07:09:26.303+0000] {processor.py:914} INFO - Processing file /home/noelsdavid/airflow_venv/lib/python3.12/site-packages/airflow/example_dags/tutorial_taskflow_api_virtualenv.py for tasks to queue
[2026-05-18T07:09:26.305+0000] {logging_mixin.py:190} INFO - [2026-05-18T07:09:26.305+0000] {dagbag.py:588} INFO - Filling up the DagBag from /home/noelsdavid/airflow_venv/lib/python3.12/site-packages/airflow/example_dags/tutorial_taskflow_api_virtualenv.py
[2026-05-18T07:09:26.323+0000] {processor.py:925} INFO - DAG(s) 'tutorial_taskflow_api_virtualenv' retrieved from /home/noelsdavid/airflow_venv/lib/python3.12/site-packages/airflow/example_dags/tutorial_taskflow_api_virtualenv.py
[2026-05-18T07:09:26.347+0000] {logging_mixin.py:190} INFO - [2026-05-18T07:09:26.347+0000] {dag.py:3239} INFO - Sync 1 DAGs
[2026-05-18T07:09:26.365+0000] {logging_mixin.py:190} INFO - [2026-05-18T07:09:26.365+0000] {dag.py:4180} INFO - Setting next_dagrun for tutorial_taskflow_api_virtualenv to None, run_after=None
[2026-05-18T07:09:26.400+0000] {processor.py:208} INFO - Processing /home/noelsdavid/airflow_venv/lib/python3.12/site-packages/airflow/example_dags/tutorial_taskflow_api_virtualenv.py took 0.109 seconds
[2026-05-18T07:10:09.171+0000] {processor.py:186} INFO - Started process (PID=16986) to work on /home/noelsdavid/airflow_venv/lib/python3.12/site-packages/airflow/example_dags/tutorial_taskflow_api_virtualenv.py
[2026-05-18T07:10:09.174+0000] {processor.py:914} INFO - Processing file /home/noelsdavid/airflow_venv/lib/python3.12/site-packages/airflow/example_dags/tutorial_taskflow_api_virtualenv.py for tasks to queue
[2026-05-18T07:10:09.176+0000] {logging_mixin.py:190} INFO - [2026-05-18T07:10:09.175+0000] {dagbag.py:588} INFO - Filling up the DagBag from /home/noelsdavid/airflow_venv/lib/python3.12/site-packages/airflow/example_dags/tutorial_taskflow_api_virtualenv.py
[2026-05-18T07:10:09.197+0000] {processor.py:925} INFO - DAG(s) 'tutorial_taskflow_api_virtualenv' retrieved from /home/noelsdavid/airflow_venv/lib/python3.12/site-packages/airflow/example_dags/tutorial_taskflow_api_virtualenv.py
[2026-05-18T07:10:09.225+0000] {logging_mixin.py:190} INFO - [2026-05-18T07:10:09.225+0000] {dag.py:3239} INFO - Sync 1 DAGs
[2026-05-18T07:10:09.244+0000] {logging_mixin.py:190} INFO - [2026-05-18T07:10:09.243+0000] {dag.py:4180} INFO - Setting next_dagrun for tutorial_taskflow_api_virtualenv to None, run_after=None
[2026-05-18T07:10:09.283+0000] {processor.py:208} INFO - Processing /home/noelsdavid/airflow_venv/lib/python3.12/site-packages/airflow/example_dags/tutorial_taskflow_api_virtualenv.py took 0.122 seconds
[2026-05-18T07:10:48.675+0000] {processor.py:186} INFO - Started process (PID=17054) to work on /home/noelsdavid/airflow_venv/lib/python3.12/site-packages/airflow/example_dags/tutorial_taskflow_api_virtualenv.py
[2026-05-18T07:10:48.678+0000] {processor.py:914} INFO - Processing file /home/noelsdavid/airflow_venv/lib/python3.12/site-packages/airflow/example_dags/tutorial_taskflow_api_virtualenv.py for tasks to queue
[2026-05-18T07:10:48.681+0000] {logging_mixin.py:190} INFO - [2026-05-18T07:10:48.680+0000] {dagbag.py:588} INFO - Filling up the DagBag from /home/noelsdavid/airflow_venv/lib/python3.12/site-packages/airflow/example_dags/tutorial_taskflow_api_virtualenv.py
[2026-05-18T07:10:48.701+0000] {processor.py:925} INFO - DAG(s) 'tutorial_taskflow_api_virtualenv' retrieved from /home/noelsdavid/airflow_venv/lib/python3.12/site-packages/airflow/example_dags/tutorial_taskflow_api_virtualenv.py
[2026-05-18T07:10:48.724+0000] {logging_mixin.py:190} INFO - [2026-05-18T07:10:48.724+0000] {dag.py:3239} INFO - Sync 1 DAGs
[2026-05-18T07:10:48.742+0000] {logging_mixin.py:190} INFO - [2026-05-18T07:10:48.741+0000] {dag.py:4180} INFO - Setting next_dagrun for tutorial_taskflow_api_virtualenv to None, run_after=None
[2026-05-18T07:10:48.775+0000] {processor.py:208} INFO - Processing /home/noelsdavid/airflow_venv/lib/python3.12/site-packages/airflow/example_dags/tutorial_taskflow_api_virtualenv.py took 0.111 seconds
[2026-05-18T07:12:01.122+0000] {processor.py:186} INFO - Started process (PID=17133) to work on /home/noelsdavid/airflow_venv/lib/python3.12/site-packages/airflow/example_dags/tutorial_taskflow_api_virtualenv.py
[2026-05-18T07:12:01.134+0000] {processor.py:914} INFO - Processing file /home/noelsdavid/airflow_venv/lib/python3.12/site-packages/airflow/example_dags/tutorial_taskflow_api_virtualenv.py for tasks to queue
[2026-05-18T07:12:01.137+0000] {logging_mixin.py:190} INFO - [2026-05-18T07:12:01.136+0000] {dagbag.py:588} INFO - Filling up the DagBag from /home/noelsdavid/airflow_venv/lib/python3.12/site-packages/airflow/example_dags/tutorial_taskflow_api_virtualenv.py
[2026-05-18T07:12:01.156+0000] {processor.py:925} INFO - DAG(s) 'tutorial_taskflow_api_virtualenv' retrieved from /home/noelsdavid/airflow_venv/lib/python3.12/site-packages/airflow/example_dags/tutorial_taskflow_api_virtualenv.py
[2026-05-18T07:12:01.179+0000] {logging_mixin.py:190} INFO - [2026-05-18T07:12:01.179+0000] {dag.py:3239} INFO - Sync 1 DAGs
[2026-05-18T07:12:01.197+0000] {logging_mixin.py:190} INFO - [2026-05-18T07:12:01.196+0000] {dag.py:4180} INFO - Setting next_dagrun for tutorial_taskflow_api_virtualenv to None, run_after=None
[2026-05-18T07:12:01.234+0000] {processor.py:208} INFO - Processing /home/noelsdavid/airflow_venv/lib/python3.12/site-packages/airflow/example_dags/tutorial_taskflow_api_virtualenv.py took 0.126 seconds
[2026-05-18T07:13:16.187+0000] {processor.py:186} INFO - Started process (PID=17212) to work on /home/noelsdavid/airflow_venv/lib/python3.12/site-packages/airflow/example_dags/tutorial_taskflow_api_virtualenv.py
[2026-05-18T07:13:16.190+0000] {processor.py:914} INFO - Processing file /home/noelsdavid/airflow_venv/lib/python3.12/site-packages/airflow/example_dags/tutorial_taskflow_api_virtualenv.py for tasks to queue
[2026-05-18T07:13:16.193+0000] {logging_mixin.py:190} INFO - [2026-05-18T07:13:16.192+0000] {dagbag.py:588} INFO - Filling up the DagBag from /home/noelsdavid/airflow_venv/lib/python3.12/site-packages/airflow/example_dags/tutorial_taskflow_api_virtualenv.py
[2026-05-18T07:13:16.211+0000] {processor.py:925} INFO - DAG(s) 'tutorial_taskflow_api_virtualenv' retrieved from /home/noelsdavid/airflow_venv/lib/python3.12/site-packages/airflow/example_dags/tutorial_taskflow_api_virtualenv.py
[2026-05-18T07:13:16.234+0000] {logging_mixin.py:190} INFO - [2026-05-18T07:13:16.233+0000] {dag.py:3239} INFO - Sync 1 DAGs
[2026-05-18T07:13:16.252+0000] {logging_mixin.py:190} INFO - [2026-05-18T07:13:16.251+0000] {dag.py:4180} INFO - Setting next_dagrun for tutorial_taskflow_api_virtualenv to None, run_after=None
[2026-05-18T07:13:16.283+0000] {processor.py:208} INFO - Processing /home/noelsdavid/airflow_venv/lib/python3.12/site-packages/airflow/example_dags/tutorial_taskflow_api_virtualenv.py took 0.106 seconds
[2026-05-18T07:14:25.880+0000] {processor.py:186} INFO - Started process (PID=17289) to work on /home/noelsdavid/airflow_venv/lib/python3.12/site-packages/airflow/example_dags/tutorial_taskflow_api_virtualenv.py
[2026-05-18T07:14:25.924+0000] {processor.py:914} INFO - Processing file /home/noelsdavid/airflow_venv/lib/python3.12/site-packages/airflow/example_dags/tutorial_taskflow_api_virtualenv.py for tasks to queue
[2026-05-18T07:14:25.926+0000] {logging_mixin.py:190} INFO - [2026-05-18T07:14:25.926+0000] {dagbag.py:588} INFO - Filling up the DagBag from /home/noelsdavid/airflow_venv/lib/python3.12/site-packages/airflow/example_dags/tutorial_taskflow_api_virtualenv.py
[2026-05-18T07:14:25.945+0000] {processor.py:925} INFO - DAG(s) 'tutorial_taskflow_api_virtualenv' retrieved from /home/noelsdavid/airflow_venv/lib/python3.12/site-packages/airflow/example_dags/tutorial_taskflow_api_virtualenv.py
[2026-05-18T07:14:25.968+0000] {logging_mixin.py:190} INFO - [2026-05-18T07:14:25.967+0000] {dag.py:3239} INFO - Sync 1 DAGs
[2026-05-18T07:14:25.985+0000] {logging_mixin.py:190} INFO - [2026-05-18T07:14:25.985+0000] {dag.py:4180} INFO - Setting next_dagrun for tutorial_taskflow_api_virtualenv to None, run_after=None
[2026-05-18T07:14:26.020+0000] {processor.py:208} INFO - Processing /home/noelsdavid/airflow_venv/lib/python3.12/site-packages/airflow/example_dags/tutorial_taskflow_api_virtualenv.py took 0.149 seconds
[2026-05-18T07:15:04.929+0000] {processor.py:186} INFO - Started process (PID=17330) to work on /home/noelsdavid/airflow_venv/lib/python3.12/site-packages/airflow/example_dags/tutorial_taskflow_api_virtualenv.py
[2026-05-18T07:15:04.932+0000] {processor.py:914} INFO - Processing file /home/noelsdavid/airflow_venv/lib/python3.12/site-packages/airflow/example_dags/tutorial_taskflow_api_virtualenv.py for tasks to queue
[2026-05-18T07:15:04.936+0000] {logging_mixin.py:190} INFO - [2026-05-18T07:15:04.935+0000] {dagbag.py:588} INFO - Filling up the DagBag from /home/noelsdavid/airflow_venv/lib/python3.12/site-packages/airflow/example_dags/tutorial_taskflow_api_virtualenv.py
[2026-05-18T07:15:04.961+0000] {processor.py:925} INFO - DAG(s) 'tutorial_taskflow_api_virtualenv' retrieved from /home/noelsdavid/airflow_venv/lib/python3.12/site-packages/airflow/example_dags/tutorial_taskflow_api_virtualenv.py
[2026-05-18T07:15:04.991+0000] {logging_mixin.py:190} INFO - [2026-05-18T07:15:04.990+0000] {dag.py:3239} INFO - Sync 1 DAGs
[2026-05-18T07:15:05.013+0000] {logging_mixin.py:190} INFO - [2026-05-18T07:15:05.012+0000] {dag.py:4180} INFO - Setting next_dagrun for tutorial_taskflow_api_virtualenv to None, run_after=None
[2026-05-18T07:15:05.048+0000] {processor.py:208} INFO - Processing /home/noelsdavid/airflow_venv/lib/python3.12/site-packages/airflow/example_dags/tutorial_taskflow_api_virtualenv.py took 0.129 seconds
[2026-05-18T07:16:18.724+0000] {processor.py:186} INFO - Started process (PID=17432) to work on /home/noelsdavid/airflow_venv/lib/python3.12/site-packages/airflow/example_dags/tutorial_taskflow_api_virtualenv.py
[2026-05-18T07:16:18.728+0000] {processor.py:914} INFO - Processing file /home/noelsdavid/airflow_venv/lib/python3.12/site-packages/airflow/example_dags/tutorial_taskflow_api_virtualenv.py for tasks to queue
[2026-05-18T07:16:18.731+0000] {logging_mixin.py:190} INFO - [2026-05-18T07:16:18.730+0000] {dagbag.py:588} INFO - Filling up the DagBag from /home/noelsdavid/airflow_venv/lib/python3.12/site-packages/airflow/example_dags/tutorial_taskflow_api_virtualenv.py
[2026-05-18T07:16:18.760+0000] {processor.py:925} INFO - DAG(s) 'tutorial_taskflow_api_virtualenv' retrieved from /home/noelsdavid/airflow_venv/lib/python3.12/site-packages/airflow/example_dags/tutorial_taskflow_api_virtualenv.py
[2026-05-18T07:16:18.800+0000] {logging_mixin.py:190} INFO - [2026-05-18T07:16:18.799+0000] {dag.py:3239} INFO - Sync 1 DAGs
[2026-05-18T07:16:18.823+0000] {logging_mixin.py:190} INFO - [2026-05-18T07:16:18.823+0000] {dag.py:4180} INFO - Setting next_dagrun for tutorial_taskflow_api_virtualenv to None, run_after=None
[2026-05-18T07:16:18.862+0000] {processor.py:208} INFO - Processing /home/noelsdavid/airflow_venv/lib/python3.12/site-packages/airflow/example_dags/tutorial_taskflow_api_virtualenv.py took 0.151 seconds
[2026-05-18T07:16:59.470+0000] {processor.py:186} INFO - Started process (PID=17474) to work on /home/noelsdavid/airflow_venv/lib/python3.12/site-packages/airflow/example_dags/tutorial_taskflow_api_virtualenv.py
[2026-05-18T07:16:59.472+0000] {processor.py:914} INFO - Processing file /home/noelsdavid/airflow_venv/lib/python3.12/site-packages/airflow/example_dags/tutorial_taskflow_api_virtualenv.py for tasks to queue
[2026-05-18T07:16:59.475+0000] {logging_mixin.py:190} INFO - [2026-05-18T07:16:59.475+0000] {dagbag.py:588} INFO - Filling up the DagBag from /home/noelsdavid/airflow_venv/lib/python3.12/site-packages/airflow/example_dags/tutorial_taskflow_api_virtualenv.py
[2026-05-18T07:16:59.494+0000] {processor.py:925} INFO - DAG(s) 'tutorial_taskflow_api_virtualenv' retrieved from /home/noelsdavid/airflow_venv/lib/python3.12/site-packages/airflow/example_dags/tutorial_taskflow_api_virtualenv.py
[2026-05-18T07:16:59.516+0000] {logging_mixin.py:190} INFO - [2026-05-18T07:16:59.516+0000] {dag.py:3239} INFO - Sync 1 DAGs
[2026-05-18T07:16:59.533+0000] {logging_mixin.py:190} INFO - [2026-05-18T07:16:59.533+0000] {dag.py:4180} INFO - Setting next_dagrun for tutorial_taskflow_api_virtualenv to None, run_after=None
[2026-05-18T07:16:59.565+0000] {processor.py:208} INFO - Processing /home/noelsdavid/airflow_venv/lib/python3.12/site-packages/airflow/example_dags/tutorial_taskflow_api_virtualenv.py took 0.106 seconds
[2026-05-18T07:17:38.934+0000] {processor.py:186} INFO - Started process (PID=17516) to work on /home/noelsdavid/airflow_venv/lib/python3.12/site-packages/airflow/example_dags/tutorial_taskflow_api_virtualenv.py
[2026-05-18T07:17:38.936+0000] {processor.py:914} INFO - Processing file /home/noelsdavid/airflow_venv/lib/python3.12/site-packages/airflow/example_dags/tutorial_taskflow_api_virtualenv.py for tasks to queue
[2026-05-18T07:17:38.939+0000] {logging_mixin.py:190} INFO - [2026-05-18T07:17:38.938+0000] {dagbag.py:588} INFO - Filling up the DagBag from /home/noelsdavid/airflow_venv/lib/python3.12/site-packages/airflow/example_dags/tutorial_taskflow_api_virtualenv.py
[2026-05-18T07:17:38.957+0000] {processor.py:925} INFO - DAG(s) 'tutorial_taskflow_api_virtualenv' retrieved from /home/noelsdavid/airflow_venv/lib/python3.12/site-packages/airflow/example_dags/tutorial_taskflow_api_virtualenv.py
[2026-05-18T07:17:38.981+0000] {logging_mixin.py:190} INFO - [2026-05-18T07:17:38.980+0000] {dag.py:3239} INFO - Sync 1 DAGs
[2026-05-18T07:17:38.998+0000] {logging_mixin.py:190} INFO - [2026-05-18T07:17:38.998+0000] {dag.py:4180} INFO - Setting next_dagrun for tutorial_taskflow_api_virtualenv to None, run_after=None
[2026-05-18T07:17:39.033+0000] {processor.py:208} INFO - Processing /home/noelsdavid/airflow_venv/lib/python3.12/site-packages/airflow/example_dags/tutorial_taskflow_api_virtualenv.py took 0.109 seconds
[2026-05-18T07:18:45.662+0000] {processor.py:186} INFO - Started process (PID=17592) to work on /home/noelsdavid/airflow_venv/lib/python3.12/site-packages/airflow/example_dags/tutorial_taskflow_api_virtualenv.py
[2026-05-18T07:18:45.664+0000] {processor.py:914} INFO - Processing file /home/noelsdavid/airflow_venv/lib/python3.12/site-packages/airflow/example_dags/tutorial_taskflow_api_virtualenv.py for tasks to queue
[2026-05-18T07:18:45.668+0000] {logging_mixin.py:190} INFO - [2026-05-18T07:18:45.667+0000] {dagbag.py:588} INFO - Filling up the DagBag from /home/noelsdavid/airflow_venv/lib/python3.12/site-packages/airflow/example_dags/tutorial_taskflow_api_virtualenv.py
[2026-05-18T07:18:45.687+0000] {processor.py:925} INFO - DAG(s) 'tutorial_taskflow_api_virtualenv' retrieved from /home/noelsdavid/airflow_venv/lib/python3.12/site-packages/airflow/example_dags/tutorial_taskflow_api_virtualenv.py
[2026-05-18T07:18:45.709+0000] {logging_mixin.py:190} INFO - [2026-05-18T07:18:45.708+0000] {dag.py:3239} INFO - Sync 1 DAGs
[2026-05-18T07:18:45.727+0000] {logging_mixin.py:190} INFO - [2026-05-18T07:18:45.727+0000] {dag.py:4180} INFO - Setting next_dagrun for tutorial_taskflow_api_virtualenv to None, run_after=None
[2026-05-18T07:18:45.760+0000] {processor.py:208} INFO - Processing /home/noelsdavid/airflow_venv/lib/python3.12/site-packages/airflow/example_dags/tutorial_taskflow_api_virtualenv.py took 0.108 seconds
[2026-05-18T07:19:57.066+0000] {processor.py:186} INFO - Started process (PID=17670) to work on /home/noelsdavid/airflow_venv/lib/python3.12/site-packages/airflow/example_dags/tutorial_taskflow_api_virtualenv.py
[2026-05-18T07:19:57.069+0000] {processor.py:914} INFO - Processing file /home/noelsdavid/airflow_venv/lib/python3.12/site-packages/airflow/example_dags/tutorial_taskflow_api_virtualenv.py for tasks to queue
[2026-05-18T07:19:57.072+0000] {logging_mixin.py:190} INFO - [2026-05-18T07:19:57.071+0000] {dagbag.py:588} INFO - Filling up the DagBag from /home/noelsdavid/airflow_venv/lib/python3.12/site-packages/airflow/example_dags/tutorial_taskflow_api_virtualenv.py
[2026-05-18T07:19:57.093+0000] {processor.py:925} INFO - DAG(s) 'tutorial_taskflow_api_virtualenv' retrieved from /home/noelsdavid/airflow_venv/lib/python3.12/site-packages/airflow/example_dags/tutorial_taskflow_api_virtualenv.py
[2026-05-18T07:19:57.116+0000] {logging_mixin.py:190} INFO - [2026-05-18T07:19:57.115+0000] {dag.py:3239} INFO - Sync 1 DAGs
[2026-05-18T07:19:57.134+0000] {logging_mixin.py:190} INFO - [2026-05-18T07:19:57.134+0000] {dag.py:4180} INFO - Setting next_dagrun for tutorial_taskflow_api_virtualenv to None, run_after=None
[2026-05-18T07:19:57.168+0000] {processor.py:208} INFO - Processing /home/noelsdavid/airflow_venv/lib/python3.12/site-packages/airflow/example_dags/tutorial_taskflow_api_virtualenv.py took 0.112 seconds
[2026-05-18T07:21:09.492+0000] {processor.py:186} INFO - Started process (PID=17772) to work on /home/noelsdavid/airflow_venv/lib/python3.12/site-packages/airflow/example_dags/tutorial_taskflow_api_virtualenv.py
[2026-05-18T07:21:09.494+0000] {processor.py:914} INFO - Processing file /home/noelsdavid/airflow_venv/lib/python3.12/site-packages/airflow/example_dags/tutorial_taskflow_api_virtualenv.py for tasks to queue
[2026-05-18T07:21:09.497+0000] {logging_mixin.py:190} INFO - [2026-05-18T07:21:09.497+0000] {dagbag.py:588} INFO - Filling up the DagBag from /home/noelsdavid/airflow_venv/lib/python3.12/site-packages/airflow/example_dags/tutorial_taskflow_api_virtualenv.py
[2026-05-18T07:21:09.516+0000] {processor.py:925} INFO - DAG(s) 'tutorial_taskflow_api_virtualenv' retrieved from /home/noelsdavid/airflow_venv/lib/python3.12/site-packages/airflow/example_dags/tutorial_taskflow_api_virtualenv.py
[2026-05-18T07:21:09.540+0000] {logging_mixin.py:190} INFO - [2026-05-18T07:21:09.540+0000] {dag.py:3239} INFO - Sync 1 DAGs
[2026-05-18T07:21:09.557+0000] {logging_mixin.py:190} INFO - [2026-05-18T07:21:09.557+0000] {dag.py:4180} INFO - Setting next_dagrun for tutorial_taskflow_api_virtualenv to None, run_after=None
[2026-05-18T07:21:09.591+0000] {processor.py:208} INFO - Processing /home/noelsdavid/airflow_venv/lib/python3.12/site-packages/airflow/example_dags/tutorial_taskflow_api_virtualenv.py took 0.109 seconds
[2026-05-18T07:22:19.969+0000] {processor.py:186} INFO - Started process (PID=17854) to work on /home/noelsdavid/airflow_venv/lib/python3.12/site-packages/airflow/example_dags/tutorial_taskflow_api_virtualenv.py
[2026-05-18T07:22:19.971+0000] {processor.py:914} INFO - Processing file /home/noelsdavid/airflow_venv/lib/python3.12/site-packages/airflow/example_dags/tutorial_taskflow_api_virtualenv.py for tasks to queue
[2026-05-18T07:22:19.974+0000] {logging_mixin.py:190} INFO - [2026-05-18T07:22:19.973+0000] {dagbag.py:588} INFO - Filling up the DagBag from /home/noelsdavid/airflow_venv/lib/python3.12/site-packages/airflow/example_dags/tutorial_taskflow_api_virtualenv.py
[2026-05-18T07:22:19.992+0000] {processor.py:925} INFO - DAG(s) 'tutorial_taskflow_api_virtualenv' retrieved from /home/noelsdavid/airflow_venv/lib/python3.12/site-packages/airflow/example_dags/tutorial_taskflow_api_virtualenv.py
[2026-05-18T07:22:20.014+0000] {logging_mixin.py:190} INFO - [2026-05-18T07:22:20.014+0000] {dag.py:3239} INFO - Sync 1 DAGs
[2026-05-18T07:22:20.031+0000] {logging_mixin.py:190} INFO - [2026-05-18T07:22:20.031+0000] {dag.py:4180} INFO - Setting next_dagrun for tutorial_taskflow_api_virtualenv to None, run_after=None
[2026-05-18T07:22:20.062+0000] {processor.py:208} INFO - Processing /home/noelsdavid/airflow_venv/lib/python3.12/site-packages/airflow/example_dags/tutorial_taskflow_api_virtualenv.py took 0.104 seconds
[2026-05-18T07:23:32.549+0000] {processor.py:186} INFO - Started process (PID=17933) to work on /home/noelsdavid/airflow_venv/lib/python3.12/site-packages/airflow/example_dags/tutorial_taskflow_api_virtualenv.py
[2026-05-18T07:23:32.565+0000] {processor.py:914} INFO - Processing file /home/noelsdavid/airflow_venv/lib/python3.12/site-packages/airflow/example_dags/tutorial_taskflow_api_virtualenv.py for tasks to queue
[2026-05-18T07:23:32.567+0000] {logging_mixin.py:190} INFO - [2026-05-18T07:23:32.566+0000] {dagbag.py:588} INFO - Filling up the DagBag from /home/noelsdavid/airflow_venv/lib/python3.12/site-packages/airflow/example_dags/tutorial_taskflow_api_virtualenv.py
[2026-05-18T07:23:32.586+0000] {processor.py:925} INFO - DAG(s) 'tutorial_taskflow_api_virtualenv' retrieved from /home/noelsdavid/airflow_venv/lib/python3.12/site-packages/airflow/example_dags/tutorial_taskflow_api_virtualenv.py
[2026-05-18T07:23:32.607+0000] {logging_mixin.py:190} INFO - [2026-05-18T07:23:32.607+0000] {dag.py:3239} INFO - Sync 1 DAGs
[2026-05-18T07:23:32.624+0000] {logging_mixin.py:190} INFO - [2026-05-18T07:23:32.624+0000] {dag.py:4180} INFO - Setting next_dagrun for tutorial_taskflow_api_virtualenv to None, run_after=None
[2026-05-18T07:23:32.659+0000] {processor.py:208} INFO - Processing /home/noelsdavid/airflow_venv/lib/python3.12/site-packages/airflow/example_dags/tutorial_taskflow_api_virtualenv.py took 0.121 seconds
[2026-05-18T07:24:11.370+0000] {processor.py:186} INFO - Started process (PID=17972) to work on /home/noelsdavid/airflow_venv/lib/python3.12/site-packages/airflow/example_dags/tutorial_taskflow_api_virtualenv.py
[2026-05-18T07:24:11.372+0000] {processor.py:914} INFO - Processing file /home/noelsdavid/airflow_venv/lib/python3.12/site-packages/airflow/example_dags/tutorial_taskflow_api_virtualenv.py for tasks to queue
[2026-05-18T07:24:11.375+0000] {logging_mixin.py:190} INFO - [2026-05-18T07:24:11.375+0000] {dagbag.py:588} INFO - Filling up the DagBag from /home/noelsdavid/airflow_venv/lib/python3.12/site-packages/airflow/example_dags/tutorial_taskflow_api_virtualenv.py
[2026-05-18T07:24:11.395+0000] {processor.py:925} INFO - DAG(s) 'tutorial_taskflow_api_virtualenv' retrieved from /home/noelsdavid/airflow_venv/lib/python3.12/site-packages/airflow/example_dags/tutorial_taskflow_api_virtualenv.py
[2026-05-18T07:24:11.418+0000] {logging_mixin.py:190} INFO - [2026-05-18T07:24:11.417+0000] {dag.py:3239} INFO - Sync 1 DAGs
[2026-05-18T07:24:11.436+0000] {logging_mixin.py:190} INFO - [2026-05-18T07:24:11.436+0000] {dag.py:4180} INFO - Setting next_dagrun for tutorial_taskflow_api_virtualenv to None, run_after=None
[2026-05-18T07:24:11.468+0000] {processor.py:208} INFO - Processing /home/noelsdavid/airflow_venv/lib/python3.12/site-packages/airflow/example_dags/tutorial_taskflow_api_virtualenv.py took 0.109 seconds
[2026-05-18T07:25:21.616+0000] {processor.py:186} INFO - Started process (PID=18074) to work on /home/noelsdavid/airflow_venv/lib/python3.12/site-packages/airflow/example_dags/tutorial_taskflow_api_virtualenv.py
[2026-05-18T07:25:21.644+0000] {processor.py:914} INFO - Processing file /home/noelsdavid/airflow_venv/lib/python3.12/site-packages/airflow/example_dags/tutorial_taskflow_api_virtualenv.py for tasks to queue
[2026-05-18T07:25:21.647+0000] {logging_mixin.py:190} INFO - [2026-05-18T07:25:21.646+0000] {dagbag.py:588} INFO - Filling up the DagBag from /home/noelsdavid/airflow_venv/lib/python3.12/site-packages/airflow/example_dags/tutorial_taskflow_api_virtualenv.py
[2026-05-18T07:25:21.674+0000] {processor.py:925} INFO - DAG(s) 'tutorial_taskflow_api_virtualenv' retrieved from /home/noelsdavid/airflow_venv/lib/python3.12/site-packages/airflow/example_dags/tutorial_taskflow_api_virtualenv.py
[2026-05-18T07:25:21.716+0000] {logging_mixin.py:190} INFO - [2026-05-18T07:25:21.715+0000] {dag.py:3239} INFO - Sync 1 DAGs
[2026-05-18T07:25:21.745+0000] {logging_mixin.py:190} INFO - [2026-05-18T07:25:21.744+0000] {dag.py:4180} INFO - Setting next_dagrun for tutorial_taskflow_api_virtualenv to None, run_after=None
[2026-05-18T07:25:21.780+0000] {processor.py:208} INFO - Processing /home/noelsdavid/airflow_venv/lib/python3.12/site-packages/airflow/example_dags/tutorial_taskflow_api_virtualenv.py took 0.173 seconds
[2026-05-18T07:26:26.688+0000] {processor.py:186} INFO - Started process (PID=18146) to work on /home/noelsdavid/airflow_venv/lib/python3.12/site-packages/airflow/example_dags/tutorial_taskflow_api_virtualenv.py
[2026-05-18T07:26:26.691+0000] {processor.py:914} INFO - Processing file /home/noelsdavid/airflow_venv/lib/python3.12/site-packages/airflow/example_dags/tutorial_taskflow_api_virtualenv.py for tasks to queue
[2026-05-18T07:26:26.693+0000] {logging_mixin.py:190} INFO - [2026-05-18T07:26:26.692+0000] {dagbag.py:588} INFO - Filling up the DagBag from /home/noelsdavid/airflow_venv/lib/python3.12/site-packages/airflow/example_dags/tutorial_taskflow_api_virtualenv.py
[2026-05-18T07:26:26.712+0000] {processor.py:925} INFO - DAG(s) 'tutorial_taskflow_api_virtualenv' retrieved from /home/noelsdavid/airflow_venv/lib/python3.12/site-packages/airflow/example_dags/tutorial_taskflow_api_virtualenv.py
[2026-05-18T07:26:26.734+0000] {logging_mixin.py:190} INFO - [2026-05-18T07:26:26.734+0000] {dag.py:3239} INFO - Sync 1 DAGs
[2026-05-18T07:26:26.751+0000] {logging_mixin.py:190} INFO - [2026-05-18T07:26:26.751+0000] {dag.py:4180} INFO - Setting next_dagrun for tutorial_taskflow_api_virtualenv to None, run_after=None
[2026-05-18T07:26:26.784+0000] {processor.py:208} INFO - Processing /home/noelsdavid/airflow_venv/lib/python3.12/site-packages/airflow/example_dags/tutorial_taskflow_api_virtualenv.py took 0.105 seconds
[2026-05-18T07:27:38.875+0000] {processor.py:186} INFO - Started process (PID=18224) to work on /home/noelsdavid/airflow_venv/lib/python3.12/site-packages/airflow/example_dags/tutorial_taskflow_api_virtualenv.py
[2026-05-18T07:27:38.877+0000] {processor.py:914} INFO - Processing file /home/noelsdavid/airflow_venv/lib/python3.12/site-packages/airflow/example_dags/tutorial_taskflow_api_virtualenv.py for tasks to queue
[2026-05-18T07:27:38.880+0000] {logging_mixin.py:190} INFO - [2026-05-18T07:27:38.879+0000] {dagbag.py:588} INFO - Filling up the DagBag from /home/noelsdavid/airflow_venv/lib/python3.12/site-packages/airflow/example_dags/tutorial_taskflow_api_virtualenv.py
[2026-05-18T07:27:38.902+0000] {processor.py:925} INFO - DAG(s) 'tutorial_taskflow_api_virtualenv' retrieved from /home/noelsdavid/airflow_venv/lib/python3.12/site-packages/airflow/example_dags/tutorial_taskflow_api_virtualenv.py
[2026-05-18T07:27:38.927+0000] {logging_mixin.py:190} INFO - [2026-05-18T07:27:38.927+0000] {dag.py:3239} INFO - Sync 1 DAGs
[2026-05-18T07:27:38.946+0000] {logging_mixin.py:190} INFO - [2026-05-18T07:27:38.945+0000] {dag.py:4180} INFO - Setting next_dagrun for tutorial_taskflow_api_virtualenv to None, run_after=None
[2026-05-18T07:27:38.982+0000] {processor.py:208} INFO - Processing /home/noelsdavid/airflow_venv/lib/python3.12/site-packages/airflow/example_dags/tutorial_taskflow_api_virtualenv.py took 0.117 seconds
[2026-05-18T07:28:49.312+0000] {processor.py:186} INFO - Started process (PID=18301) to work on /home/noelsdavid/airflow_venv/lib/python3.12/site-packages/airflow/example_dags/tutorial_taskflow_api_virtualenv.py
[2026-05-18T07:28:49.314+0000] {processor.py:914} INFO - Processing file /home/noelsdavid/airflow_venv/lib/python3.12/site-packages/airflow/example_dags/tutorial_taskflow_api_virtualenv.py for tasks to queue
[2026-05-18T07:28:49.317+0000] {logging_mixin.py:190} INFO - [2026-05-18T07:28:49.316+0000] {dagbag.py:588} INFO - Filling up the DagBag from /home/noelsdavid/airflow_venv/lib/python3.12/site-packages/airflow/example_dags/tutorial_taskflow_api_virtualenv.py
[2026-05-18T07:28:49.335+0000] {processor.py:925} INFO - DAG(s) 'tutorial_taskflow_api_virtualenv' retrieved from /home/noelsdavid/airflow_venv/lib/python3.12/site-packages/airflow/example_dags/tutorial_taskflow_api_virtualenv.py
[2026-05-18T07:28:49.357+0000] {logging_mixin.py:190} INFO - [2026-05-18T07:28:49.357+0000] {dag.py:3239} INFO - Sync 1 DAGs
[2026-05-18T07:28:49.376+0000] {logging_mixin.py:190} INFO - [2026-05-18T07:28:49.375+0000] {dag.py:4180} INFO - Setting next_dagrun for tutorial_taskflow_api_virtualenv to None, run_after=None
[2026-05-18T07:28:49.409+0000] {processor.py:208} INFO - Processing /home/noelsdavid/airflow_venv/lib/python3.12/site-packages/airflow/example_dags/tutorial_taskflow_api_virtualenv.py took 0.108 seconds
[2026-05-18T07:29:28.280+0000] {processor.py:186} INFO - Started process (PID=18341) to work on /home/noelsdavid/airflow_venv/lib/python3.12/site-packages/airflow/example_dags/tutorial_taskflow_api_virtualenv.py
[2026-05-18T07:29:28.283+0000] {processor.py:914} INFO - Processing file /home/noelsdavid/airflow_venv/lib/python3.12/site-packages/airflow/example_dags/tutorial_taskflow_api_virtualenv.py for tasks to queue
[2026-05-18T07:29:28.286+0000] {logging_mixin.py:190} INFO - [2026-05-18T07:29:28.285+0000] {dagbag.py:588} INFO - Filling up the DagBag from /home/noelsdavid/airflow_venv/lib/python3.12/site-packages/airflow/example_dags/tutorial_taskflow_api_virtualenv.py
[2026-05-18T07:29:28.307+0000] {processor.py:925} INFO - DAG(s) 'tutorial_taskflow_api_virtualenv' retrieved from /home/noelsdavid/airflow_venv/lib/python3.12/site-packages/airflow/example_dags/tutorial_taskflow_api_virtualenv.py
[2026-05-18T07:29:28.332+0000] {logging_mixin.py:190} INFO - [2026-05-18T07:29:28.331+0000] {dag.py:3239} INFO - Sync 1 DAGs
[2026-05-18T07:29:28.351+0000] {logging_mixin.py:190} INFO - [2026-05-18T07:29:28.351+0000] {dag.py:4180} INFO - Setting next_dagrun for tutorial_taskflow_api_virtualenv to None, run_after=None
[2026-05-18T07:29:28.384+0000] {processor.py:208} INFO - Processing /home/noelsdavid/airflow_venv/lib/python3.12/site-packages/airflow/example_dags/tutorial_taskflow_api_virtualenv.py took 0.112 seconds
[2026-05-18T07:30:36.573+0000] {processor.py:186} INFO - Started process (PID=18450) to work on /home/noelsdavid/airflow_venv/lib/python3.12/site-packages/airflow/example_dags/tutorial_taskflow_api_virtualenv.py
[2026-05-18T07:30:36.576+0000] {processor.py:914} INFO - Processing file /home/noelsdavid/airflow_venv/lib/python3.12/site-packages/airflow/example_dags/tutorial_taskflow_api_virtualenv.py for tasks to queue
[2026-05-18T07:30:36.579+0000] {logging_mixin.py:190} INFO - [2026-05-18T07:30:36.578+0000] {dagbag.py:588} INFO - Filling up the DagBag from /home/noelsdavid/airflow_venv/lib/python3.12/site-packages/airflow/example_dags/tutorial_taskflow_api_virtualenv.py
[2026-05-18T07:30:36.597+0000] {processor.py:925} INFO - DAG(s) 'tutorial_taskflow_api_virtualenv' retrieved from /home/noelsdavid/airflow_venv/lib/python3.12/site-packages/airflow/example_dags/tutorial_taskflow_api_virtualenv.py
[2026-05-18T07:30:36.619+0000] {logging_mixin.py:190} INFO - [2026-05-18T07:30:36.618+0000] {dag.py:3239} INFO - Sync 1 DAGs
[2026-05-18T07:30:36.637+0000] {logging_mixin.py:190} INFO - [2026-05-18T07:30:36.637+0000] {dag.py:4180} INFO - Setting next_dagrun for tutorial_taskflow_api_virtualenv to None, run_after=None
[2026-05-18T07:30:36.675+0000] {processor.py:208} INFO - Processing /home/noelsdavid/airflow_venv/lib/python3.12/site-packages/airflow/example_dags/tutorial_taskflow_api_virtualenv.py took 0.112 seconds
[2026-05-18T07:31:47.858+0000] {processor.py:186} INFO - Started process (PID=18528) to work on /home/noelsdavid/airflow_venv/lib/python3.12/site-packages/airflow/example_dags/tutorial_taskflow_api_virtualenv.py
[2026-05-18T07:31:47.861+0000] {processor.py:914} INFO - Processing file /home/noelsdavid/airflow_venv/lib/python3.12/site-packages/airflow/example_dags/tutorial_taskflow_api_virtualenv.py for tasks to queue
[2026-05-18T07:31:47.863+0000] {logging_mixin.py:190} INFO - [2026-05-18T07:31:47.862+0000] {dagbag.py:588} INFO - Filling up the DagBag from /home/noelsdavid/airflow_venv/lib/python3.12/site-packages/airflow/example_dags/tutorial_taskflow_api_virtualenv.py
[2026-05-18T07:31:47.885+0000] {processor.py:925} INFO - DAG(s) 'tutorial_taskflow_api_virtualenv' retrieved from /home/noelsdavid/airflow_venv/lib/python3.12/site-packages/airflow/example_dags/tutorial_taskflow_api_virtualenv.py
[2026-05-18T07:31:47.908+0000] {logging_mixin.py:190} INFO - [2026-05-18T07:31:47.907+0000] {dag.py:3239} INFO - Sync 1 DAGs
[2026-05-18T07:31:47.927+0000] {logging_mixin.py:190} INFO - [2026-05-18T07:31:47.926+0000] {dag.py:4180} INFO - Setting next_dagrun for tutorial_taskflow_api_virtualenv to None, run_after=None
[2026-05-18T07:31:47.958+0000] {processor.py:208} INFO - Processing /home/noelsdavid/airflow_venv/lib/python3.12/site-packages/airflow/example_dags/tutorial_taskflow_api_virtualenv.py took 0.110 seconds
[2026-05-18T07:32:57.453+0000] {processor.py:186} INFO - Started process (PID=18605) to work on /home/noelsdavid/airflow_venv/lib/python3.12/site-packages/airflow/example_dags/tutorial_taskflow_api_virtualenv.py
[2026-05-18T07:32:57.455+0000] {processor.py:914} INFO - Processing file /home/noelsdavid/airflow_venv/lib/python3.12/site-packages/airflow/example_dags/tutorial_taskflow_api_virtualenv.py for tasks to queue
[2026-05-18T07:32:57.458+0000] {logging_mixin.py:190} INFO - [2026-05-18T07:32:57.458+0000] {dagbag.py:588} INFO - Filling up the DagBag from /home/noelsdavid/airflow_venv/lib/python3.12/site-packages/airflow/example_dags/tutorial_taskflow_api_virtualenv.py
[2026-05-18T07:32:57.477+0000] {processor.py:925} INFO - DAG(s) 'tutorial_taskflow_api_virtualenv' retrieved from /home/noelsdavid/airflow_venv/lib/python3.12/site-packages/airflow/example_dags/tutorial_taskflow_api_virtualenv.py
[2026-05-18T07:32:57.500+0000] {logging_mixin.py:190} INFO - [2026-05-18T07:32:57.500+0000] {dag.py:3239} INFO - Sync 1 DAGs
[2026-05-18T07:32:57.518+0000] {logging_mixin.py:190} INFO - [2026-05-18T07:32:57.517+0000] {dag.py:4180} INFO - Setting next_dagrun for tutorial_taskflow_api_virtualenv to None, run_after=None
[2026-05-18T07:32:57.553+0000] {processor.py:208} INFO - Processing /home/noelsdavid/airflow_venv/lib/python3.12/site-packages/airflow/example_dags/tutorial_taskflow_api_virtualenv.py took 0.111 seconds
[2026-05-18T07:34:05.857+0000] {processor.py:186} INFO - Started process (PID=18681) to work on /home/noelsdavid/airflow_venv/lib/python3.12/site-packages/airflow/example_dags/tutorial_taskflow_api_virtualenv.py
[2026-05-18T07:34:05.879+0000] {processor.py:914} INFO - Processing file /home/noelsdavid/airflow_venv/lib/python3.12/site-packages/airflow/example_dags/tutorial_taskflow_api_virtualenv.py for tasks to queue
[2026-05-18T07:34:05.882+0000] {logging_mixin.py:190} INFO - [2026-05-18T07:34:05.881+0000] {dagbag.py:588} INFO - Filling up the DagBag from /home/noelsdavid/airflow_venv/lib/python3.12/site-packages/airflow/example_dags/tutorial_taskflow_api_virtualenv.py
[2026-05-18T07:34:05.899+0000] {processor.py:925} INFO - DAG(s) 'tutorial_taskflow_api_virtualenv' retrieved from /home/noelsdavid/airflow_venv/lib/python3.12/site-packages/airflow/example_dags/tutorial_taskflow_api_virtualenv.py
[2026-05-18T07:34:05.922+0000] {logging_mixin.py:190} INFO - [2026-05-18T07:34:05.921+0000] {dag.py:3239} INFO - Sync 1 DAGs
[2026-05-18T07:34:05.940+0000] {logging_mixin.py:190} INFO - [2026-05-18T07:34:05.940+0000] {dag.py:4180} INFO - Setting next_dagrun for tutorial_taskflow_api_virtualenv to None, run_after=None
[2026-05-18T07:34:05.976+0000] {processor.py:208} INFO - Processing /home/noelsdavid/airflow_venv/lib/python3.12/site-packages/airflow/example_dags/tutorial_taskflow_api_virtualenv.py took 0.129 seconds
[2026-05-18T07:35:21.518+0000] {processor.py:186} INFO - Started process (PID=18784) to work on /home/noelsdavid/airflow_venv/lib/python3.12/site-packages/airflow/example_dags/tutorial_taskflow_api_virtualenv.py
[2026-05-18T07:35:21.520+0000] {processor.py:914} INFO - Processing file /home/noelsdavid/airflow_venv/lib/python3.12/site-packages/airflow/example_dags/tutorial_taskflow_api_virtualenv.py for tasks to queue
[2026-05-18T07:35:21.523+0000] {logging_mixin.py:190} INFO - [2026-05-18T07:35:21.522+0000] {dagbag.py:588} INFO - Filling up the DagBag from /home/noelsdavid/airflow_venv/lib/python3.12/site-packages/airflow/example_dags/tutorial_taskflow_api_virtualenv.py
[2026-05-18T07:35:21.541+0000] {processor.py:925} INFO - DAG(s) 'tutorial_taskflow_api_virtualenv' retrieved from /home/noelsdavid/airflow_venv/lib/python3.12/site-packages/airflow/example_dags/tutorial_taskflow_api_virtualenv.py
[2026-05-18T07:35:21.564+0000] {logging_mixin.py:190} INFO - [2026-05-18T07:35:21.563+0000] {dag.py:3239} INFO - Sync 1 DAGs
[2026-05-18T07:35:21.581+0000] {logging_mixin.py:190} INFO - [2026-05-18T07:35:21.581+0000] {dag.py:4180} INFO - Setting next_dagrun for tutorial_taskflow_api_virtualenv to None, run_after=None
[2026-05-18T07:35:21.617+0000] {processor.py:208} INFO - Processing /home/noelsdavid/airflow_venv/lib/python3.12/site-packages/airflow/example_dags/tutorial_taskflow_api_virtualenv.py took 0.109 seconds
[2026-05-18T07:36:29.332+0000] {processor.py:186} INFO - Started process (PID=18860) to work on /home/noelsdavid/airflow_venv/lib/python3.12/site-packages/airflow/example_dags/tutorial_taskflow_api_virtualenv.py
[2026-05-18T07:36:29.335+0000] {processor.py:914} INFO - Processing file /home/noelsdavid/airflow_venv/lib/python3.12/site-packages/airflow/example_dags/tutorial_taskflow_api_virtualenv.py for tasks to queue
[2026-05-18T07:36:29.337+0000] {logging_mixin.py:190} INFO - [2026-05-18T07:36:29.337+0000] {dagbag.py:588} INFO - Filling up the DagBag from /home/noelsdavid/airflow_venv/lib/python3.12/site-packages/airflow/example_dags/tutorial_taskflow_api_virtualenv.py
[2026-05-18T07:36:29.356+0000] {processor.py:925} INFO - DAG(s) 'tutorial_taskflow_api_virtualenv' retrieved from /home/noelsdavid/airflow_venv/lib/python3.12/site-packages/airflow/example_dags/tutorial_taskflow_api_virtualenv.py
[2026-05-18T07:36:29.378+0000] {logging_mixin.py:190} INFO - [2026-05-18T07:36:29.378+0000] {dag.py:3239} INFO - Sync 1 DAGs
[2026-05-18T07:36:29.395+0000] {logging_mixin.py:190} INFO - [2026-05-18T07:36:29.394+0000] {dag.py:4180} INFO - Setting next_dagrun for tutorial_taskflow_api_virtualenv to None, run_after=None
[2026-05-18T07:36:29.430+0000] {processor.py:208} INFO - Processing /home/noelsdavid/airflow_venv/lib/python3.12/site-packages/airflow/example_dags/tutorial_taskflow_api_virtualenv.py took 0.108 seconds
[2026-05-18T07:37:41.092+0000] {processor.py:186} INFO - Started process (PID=18938) to work on /home/noelsdavid/airflow_venv/lib/python3.12/site-packages/airflow/example_dags/tutorial_taskflow_api_virtualenv.py
[2026-05-18T07:37:41.094+0000] {processor.py:914} INFO - Processing file /home/noelsdavid/airflow_venv/lib/python3.12/site-packages/airflow/example_dags/tutorial_taskflow_api_virtualenv.py for tasks to queue
[2026-05-18T07:37:41.097+0000] {logging_mixin.py:190} INFO - [2026-05-18T07:37:41.096+0000] {dagbag.py:588} INFO - Filling up the DagBag from /home/noelsdavid/airflow_venv/lib/python3.12/site-packages/airflow/example_dags/tutorial_taskflow_api_virtualenv.py
[2026-05-18T07:37:41.117+0000] {processor.py:925} INFO - DAG(s) 'tutorial_taskflow_api_virtualenv' retrieved from /home/noelsdavid/airflow_venv/lib/python3.12/site-packages/airflow/example_dags/tutorial_taskflow_api_virtualenv.py
[2026-05-18T07:37:41.138+0000] {logging_mixin.py:190} INFO - [2026-05-18T07:37:41.138+0000] {dag.py:3239} INFO - Sync 1 DAGs
[2026-05-18T07:37:41.157+0000] {logging_mixin.py:190} INFO - [2026-05-18T07:37:41.157+0000] {dag.py:4180} INFO - Setting next_dagrun for tutorial_taskflow_api_virtualenv to None, run_after=None
[2026-05-18T07:37:41.190+0000] {processor.py:208} INFO - Processing /home/noelsdavid/airflow_venv/lib/python3.12/site-packages/airflow/example_dags/tutorial_taskflow_api_virtualenv.py took 0.108 seconds
[2026-05-18T07:38:49.931+0000] {processor.py:186} INFO - Started process (PID=19015) to work on /home/noelsdavid/airflow_venv/lib/python3.12/site-packages/airflow/example_dags/tutorial_taskflow_api_virtualenv.py
[2026-05-18T07:38:49.933+0000] {processor.py:914} INFO - Processing file /home/noelsdavid/airflow_venv/lib/python3.12/site-packages/airflow/example_dags/tutorial_taskflow_api_virtualenv.py for tasks to queue
[2026-05-18T07:38:49.936+0000] {logging_mixin.py:190} INFO - [2026-05-18T07:38:49.935+0000] {dagbag.py:588} INFO - Filling up the DagBag from /home/noelsdavid/airflow_venv/lib/python3.12/site-packages/airflow/example_dags/tutorial_taskflow_api_virtualenv.py
[2026-05-18T07:38:49.954+0000] {processor.py:925} INFO - DAG(s) 'tutorial_taskflow_api_virtualenv' retrieved from /home/noelsdavid/airflow_venv/lib/python3.12/site-packages/airflow/example_dags/tutorial_taskflow_api_virtualenv.py
[2026-05-18T07:38:49.975+0000] {logging_mixin.py:190} INFO - [2026-05-18T07:38:49.975+0000] {dag.py:3239} INFO - Sync 1 DAGs
[2026-05-18T07:38:49.993+0000] {logging_mixin.py:190} INFO - [2026-05-18T07:38:49.992+0000] {dag.py:4180} INFO - Setting next_dagrun for tutorial_taskflow_api_virtualenv to None, run_after=None
[2026-05-18T07:38:50.025+0000] {processor.py:208} INFO - Processing /home/noelsdavid/airflow_venv/lib/python3.12/site-packages/airflow/example_dags/tutorial_taskflow_api_virtualenv.py took 0.104 seconds
[2026-05-18T07:40:02.440+0000] {processor.py:186} INFO - Started process (PID=19093) to work on /home/noelsdavid/airflow_venv/lib/python3.12/site-packages/airflow/example_dags/tutorial_taskflow_api_virtualenv.py
[2026-05-18T07:40:02.447+0000] {processor.py:914} INFO - Processing file /home/noelsdavid/airflow_venv/lib/python3.12/site-packages/airflow/example_dags/tutorial_taskflow_api_virtualenv.py for tasks to queue
[2026-05-18T07:40:02.453+0000] {logging_mixin.py:190} INFO - [2026-05-18T07:40:02.451+0000] {dagbag.py:588} INFO - Filling up the DagBag from /home/noelsdavid/airflow_venv/lib/python3.12/site-packages/airflow/example_dags/tutorial_taskflow_api_virtualenv.py
[2026-05-18T07:40:02.491+0000] {processor.py:925} INFO - DAG(s) 'tutorial_taskflow_api_virtualenv' retrieved from /home/noelsdavid/airflow_venv/lib/python3.12/site-packages/airflow/example_dags/tutorial_taskflow_api_virtualenv.py
[2026-05-18T07:40:02.547+0000] {logging_mixin.py:190} INFO - [2026-05-18T07:40:02.546+0000] {dag.py:3239} INFO - Sync 1 DAGs
[2026-05-18T07:40:02.589+0000] {logging_mixin.py:190} INFO - [2026-05-18T07:40:02.589+0000] {dag.py:4180} INFO - Setting next_dagrun for tutorial_taskflow_api_virtualenv to None, run_after=None
[2026-05-18T07:40:02.661+0000] {processor.py:208} INFO - Processing /home/noelsdavid/airflow_venv/lib/python3.12/site-packages/airflow/example_dags/tutorial_taskflow_api_virtualenv.py took 0.246 seconds
                                                                                                                                                                                                                                                                                                                                                                                                                                                                                                                                                                                                                                                                                                                                                                                                                                                                                                                                                                                                                                                                                                                                                                                                                                                                                                                                                                                                                                                                                      